{"type":"FeatureCollection","features":[{"type":"Feature","id":151,"geometry":{"type":"LineString","coordinates":[[-76.0119231026099,39.9376546072794],[-76.0116439915595,39.9366054653026],[-76.0112692269994,39.9350528660407],[-76.0091574548531,39.9313468560247],[-76.0079320333296,39.9291458536633],[-76.0073168778028,39.9280605559136]]},"properties":{"OBJECTID_1":1,"OBJECTID":151,"ID":"140988","TYPE":"AC; OVERHEAD","STATUS":"IN SERVICE","NAICS_CODE":"221121","NAICS_DESC":"ELECTRIC BULK POWER TRANSMISSION AND CONTROL","SOURCE":"IMAGERY, EIA 860","SOURCEDATE":1435622400000,"VAL_METHOD":"IMAGERY","VAL_DATE":1521763200000,"OWNER":"PPL ELECTRIC UTILITIES CORP","VOLTAGE":69,"VOLT_CLASS":"UNDER 100","INFERRED":"Y","SUB_1":"TAP141095","SUB_2":"TAP141120","SHAPE__Len":14810.8221238102,"GlobalID":"65c026ed-d2ed-4cac-822a-cbb83e403e56","Shape__Length":1491.0340030956395}},{"type":"Feature","id":589,"geometry":{"type":"LineString","coordinates":[[-75.4760390002402,40.039114999952],[-75.4757479999871,40.0389089998032],[-75.4753739998933,40.0385800000611],[-75.474987000279,40.0382740002998],[-75.4746120003603,40.0380269998887],[-75.4741949997104,40.0377120002494],[-75.4737960004006,40.0374490002308],[-75.4734490000709,40.0372079997258],[-75.473047000388,40.0368659996562],[-75.4726509996546,40.0365789997122],[-75.4722609996673,40.0362709998376],[-75.471874000053,40.0359840001406],[-75.4715030003322,40.0357060003368],[-75.4710699997889,40.0353669997651],[-75.4704990000515,40.0349440003343],[-75.4701609999427,40.034644999819],[-75.4698710004128,40.0343700002558],[-75.4695349999538,40.0340379997258],[-75.4692269999823,40.0337110000188],[-75.4689430003001,40.0334000000207],[-75.4686140004122,40.0330580001129],[-75.4683449999004,40.032765000117],[-75.4680190003854,40.0324140003053],[-75.4677359996299,40.032107999701],[-75.4674090002901,40.0317549997397],[-75.4670949995724,40.0314160001635],[-75.4667769995551,40.0310719997091],[-75.466564999843,40.0308430000864],[-75.4662259999093,40.0304839997221],[-75.4659330000063,40.0301599998654],[-75.4656040001183,40.0298099998492],[-75.4653110002154,40.0295019996699],[-75.4649959996728,40.0291660003271],[-75.4647089996176,40.0288550002404],[-75.4643799997296,40.0284919998122],[-75.4641589997967,40.0282539997621],[-75.4639489997344,40.0280259997792],[-75.4637560002889,40.0278170000426],[-75.4634569996398,40.0274929998994],[-75.4631770001557,40.0271899997423],[-75.4629050001691,40.0268849999527],[-75.4626390000303,40.0265760001442],[-75.4624030000287,40.0263129998301],[-75.4622549998907,40.0261499999765],[-75.4619260000028,40.0257820000186],[-75.4616420003206,40.0254430003364],[-75.4613460000446,40.0250590002139],[-75.4610680002103,40.0247060002314],[-75.4608949999579,40.0245150002958],[-75.4606389998649,40.0242550002446],[-75.4603209998476,40.0240020000371],[-75.4599919999596,40.023733000166],[-75.4596379999573,40.0234669999104],[-75.4593120004424,40.0232069999927],[-75.4588039995559,40.022908000307],[-75.4583059996135,40.0226629997535],[-75.4577950001507,40.0224239997641],[-75.457272000094,40.0222339998747],[-75.4567399998164,40.0220580001495],[-75.4561930003685,40.021870999987],[-75.4557099995965,40.0217230001647],[-75.455107999897,40.0215689998785],[-75.4546490003127,40.0214480000978],[-75.4541870003554,40.0213209999379],[-75.4537789999263,40.0212150001544],[-75.4533770002434,40.0211099997781],[-75.4527660003232,40.020995000065],[-75.4521650004486,40.0208859996736],[-75.4516030000338,40.0207290001417],[-75.4512420003588,40.0206310001981],[-75.4508559996711,40.0205269998795],[-75.4505219997603,40.0204369997404],[-75.4501500002146,40.0203359999398],[-75.4497350001129,40.0202239997409],[-75.4493479996003,40.0201239998993],[-75.4489800002526,40.0199939998862],[-75.4484899998078,40.0198160000168],[-75.4480460002921,40.0196500003077],[-75.4476560003048,40.0194840001947],[-75.4473030001274,40.0193270001887],[-75.4469220003609,40.0191509998446],[-75.4466319999326,40.0190269997204],[-75.4463289999839,40.0188850003001],[-75.4460610001953,40.0187709998831],[-75.4457690001173,40.018641000044],[-75.4454629997955,40.0185059998433],[-75.4451859997861,40.0183839998347],[-75.444789999951,40.0182079998102],[-75.4444390003217,40.0180539998463],[-75.4440869999692,40.0178980002969],[-75.4436760000654,40.0177159999133],[-75.4433039996215,40.017562000215],[-75.4429089996112,40.0173829998788],[-75.4422950002162,40.017151000132],[-75.4415970002573,40.0168910002256],[-75.4409200002148,40.0167039996621],[-75.4403820000895,40.0165580002933],[-75.4400649998971,40.0165070001291],[-75.4397600002985,40.0164380002106],[-75.4393550002426,40.0163560000672],[-75.438971000103,40.0162900002997],[-75.4385769999177,40.0162099999539],[-75.4382160002427,40.0161380001129],[-75.4379950003098,40.0160930002597],[-75.4376959996607,40.0160330001799],[-75.4373810000164,40.0159690000826],[-75.4370859995653,40.0159089998938],[-75.4367680004463,40.0158449996801],[-75.4360939998785,40.0157060001596],[-75.4355320003621,40.0155759999855],[-75.4349580002517,40.015442999911],[-75.4345499998227,40.0152980002535],[-75.4341270002234,40.015074999994],[-75.4337489999317,40.0147939999159],[-75.4334180003939,40.0145279998997],[-75.4331199995697,40.01425899983],[-75.4327110002141,40.0139130001942],[-75.4323699997322,40.0136000000128],[-75.4319889999657,40.0132519997261],[-75.4316779996211,40.0129679999486],[-75.4313260001669,40.0126449998507],[-75.4309090004154,40.0122560000597],[-75.4305040003595,40.0119479997544],[-75.4301100001742,40.0115880000127],[-75.4296840002018,40.0111830000979],[-75.4293550003138,40.0108699997813],[-75.4289870000678,40.0105429997926],[-75.4287689996096,40.0103190000914],[-75.4285069996688,40.0101719997159],[-75.4279860001602,40.0098440000866],[-75.4274110002249,40.009551999896],[-75.4268100003504,40.0092729999631],[-75.4261940004072,40.0090639998901],[-75.4257049997874,40.0089239998818],[-75.4251590001644,40.0087680001043],[-75.4246160000162,40.008620999829],[-75.4240569999745,40.008470999966],[-75.4234820000392,40.0083130003226],[-75.4229809997238,40.0081700001776],[-75.4223809996742,40.0079919997423],[-75.4219210002649,40.0078940000854],[-75.4213499996293,40.0077730001393],[-75.4208059996562,40.007654999974],[-75.4203310001784,40.0075220002895],[-75.4198680003961,40.0073990001385],[-75.4193760003015,40.0072950002967],[-75.418847000397,40.0071869998169],[-75.4184900000216,40.0071219999045],[-75.4180489999806,40.0070070000137],[-75.4176539999704,40.0068840003109],[-75.4173159998616,40.0067340000715],[-75.4169629996842,40.0064739997013],[-75.4165019995518,40.0060960002973],[-75.4162699997482,40.0058700001745],[-75.4160639998838,40.0056309998579],[-75.4157280003232,40.0052179998779],[-75.4154570001615,40.0048850001039],[-75.41518400035,40.0045489999504],[-75.4148760003785,40.0041689998811],[-75.414563000384,40.0037879999356],[-75.4141929995899,40.0033379998402],[-75.4139099997327,40.0030179997877],[-75.4135220002935,40.0026030001414],[-75.4130639996357,40.0021650000635],[-75.4128305652226,40.0020142517811]]},"properties":{"OBJECTID_1":2,"OBJECTID":589,"ID":"141536","TYPE":"OVERHEAD","STATUS":"IN SERVICE","NAICS_CODE":"221121","NAICS_DESC":"ELECTRIC BULK POWER TRANSMISSION AND CONTROL","SOURCE":"IMAGERY","SOURCEDATE":1480636800000,"VAL_METHOD":"IMAGERY","VAL_DATE":1480636800000,"OWNER":"PECO ENERGY CO","VOLTAGE":-999999,"VOLT_CLASS":"NOT AVAILABLE","INFERRED":"N","SUB_1":"UNKNOWN144370","SUB_2":"TAP144371","SHAPE__Len":11666.9008540533,"GlobalID":"6a4a06c1-9d31-4029-a51e-375fd029e447","Shape__Length":9197.580458682047}},{"type":"Feature","id":4947,"geometry":{"type":"LineString","coordinates":[[-75.5208419998269,39.9651660001448],[-75.5211110003387,39.9655089998366],[-75.5215330001131,39.9657320001785],[-75.5219909998725,39.9659729997363],[-75.5223859998827,39.9661719998649],[-75.5227919997636,39.9663809997051],[-75.5229530003204,39.9667090001688],[-75.5233759999197,39.9669349997573],[-75.5238970003266,39.9672400002869],[-75.5242539998037,39.96747400029],[-75.5246089996309,39.9676900000056],[-75.5250270001057,39.9679520000196],[-75.5254299996135,39.9682090000509],[-75.5257069996229,39.9683779998799],[-75.5259080003627,39.9685110000666],[-75.5262940001521,39.9687549997933],[-75.5267290003452,39.9690369996621],[-75.5271390004241,39.9692910001302],[-75.5276659997804,39.9695840000019],[-75.5280409996992,39.9697849999043],[-75.528454000151,39.9700219997286],[-75.5288809999483,39.970262999997],[-75.52922400008,39.9704499997084],[-75.5297320000681,39.9707059996766],[-75.5301930002005,39.9709679998345],[-75.5306240001958,39.9711950001027],[-75.5310159998329,39.9714310002464],[-75.5314469998281,39.9717060000889],[-75.5318669999527,39.9719749998306],[-75.5321620004038,39.9722719996722],[-75.5325170002311,39.9725989998131],[-75.5328639996624,39.9729039998544],[-75.5331940002736,39.9732509996751],[-75.5335559997735,39.9736339997866],[-75.5337700000337,39.9738809999155],[-75.5340699996094,39.9741779997357],[-75.5344949997568,39.9747250002387],[-75.5348029997284,39.9751210000997],[-75.5350250003846,39.9754629998541],[-75.5349519996913,39.9755250002704],[-75.5345750001228,39.9756840002927],[-75.5348924566593,39.9760341236847]]},"properties":{"OBJECTID_1":3,"OBJECTID":4947,"ID":"147171","TYPE":"OVERHEAD","STATUS":"IN SERVICE","NAICS_CODE":"221121","NAICS_DESC":"ELECTRIC BULK POWER TRANSMISSION AND CONTROL","SOURCE":"IMAGERY","SOURCEDATE":1480636800000,"VAL_METHOD":"IMAGERY/OTHER","VAL_DATE":1480636800000,"OWNER":"PECO ENERGY CO","VOLTAGE":-999999,"VOLT_CLASS":"UNDER 100","INFERRED":"Y","SUB_1":"TAP146514","SUB_2":"UNKNOWN146515","SHAPE__Len":2329.15162177707,"GlobalID":"cb6563f8-dbd5-4755-8ac2-153d44f1a135","Shape__Length":2329.1515360718086}},{"type":"Feature","id":10462,"geometry":{"type":"LineString","coordinates":[[-76.0997317858004,39.7069341778164],[-76.097036643217,39.7089728782425],[-76.0939056551258,39.7113138493433],[-76.0908624324378,39.7135838423321],[-76.0883599057193,39.7154586430725],[-76.0855599468102,39.7176626486881],[-76.0824875288754,39.7201489797455],[-76.0807348627555,39.7215291160198],[-76.0788857337438,39.7229851810668],[-76.0758050513084,39.725433873689],[-76.0739168824127,39.7268572688791],[-76.0720660834328,39.7284373951931],[-76.0688849693487,39.7308591581349],[-76.0670824997311,39.7324761532635],[-76.0651245317379,39.7342582836887],[-76.0596689731859,39.7384494319512],[-76.0574265087421,39.7401819508641],[-76.0537894996513,39.7428716518107],[-76.051203878769,39.7448141751761],[-76.0482105125793,39.7471406690647],[-76.045394204332,39.7493800602097],[-76.0425344176251,39.7516363677661],[-76.0396274693656,39.7538716769129],[-76.0365165577226,39.7562380537201],[-76.0341023812107,39.7580202657738],[-76.0305618511814,39.7609646371136],[-76.0275145860746,39.7635544362485],[-76.0245963190426,39.76600382814],[-76.0216137326363,39.7683788368061],[-76.0186305174092,39.7708944786673],[-76.0149291889441,39.7739290908153],[-76.0124293571714,39.7760152402391],[-76.008545401209,39.7791484863142],[-76.0062173273187,39.7810778357621],[-76.0027840561343,39.7838893702984],[-76.0000267672012,39.7861483452247],[-75.9948340557014,39.790493093203],[-75.9917012709795,39.7930733599722],[-75.9870668624287,39.7968154800228],[-75.9840515773461,39.7993460936596],[-75.9807577246938,39.8020167832552],[-75.9775605307661,39.8046789490499],[-75.9749105006779,39.8068800320109],[-75.9718528151138,39.8093773597911],[-75.9679261891754,39.8110252876624],[-75.9612634754429,39.8138107567431],[-75.957959021772,39.8152368812255],[-75.9550300647881,39.8164977886976],[-75.9518972800663,39.8178162893178],[-75.9477773366787,39.8195381861209],[-75.9449985780104,39.8207577569141],[-75.9417155051415,39.822175043335],[-75.9348812122914,39.8250099396667],[-75.9288756907495,39.8275623969498],[-75.9231828296388,39.8299775498608],[-75.9195898442851,39.8315004048807],[-75.9159909093893,39.8330173122337],[-75.9131446773616,39.83421278921],[-75.9104302380676,39.8353583593286],[-75.9062572042467,39.8371331378533],[-75.9040980998681,39.8380170830945],[-75.9037800630199,39.8376674910999],[-75.9003759574378,39.8336682597222],[-75.8984962327058,39.8314673178566],[-75.8958799047121,39.8283871857368],[-75.8944535956366,39.8266399577174],[-75.8924433510837,39.8241301238444],[-75.8907646199049,39.8220376226805],[-75.8895471188273,39.8195080567355],[-75.8880602992343,39.8162965236939],[-75.8866679231203,39.8133213622707],[-75.8857701809613,39.8114431918154],[-75.8850957051848,39.8086742893178],[-75.8845604152766,39.8064855481949],[-75.8839448582029,39.8039026259116],[-75.8819064406861,39.801647098792],[-75.8807150733967,39.8004319040539],[-75.8789070126648,39.7985524718052],[-75.8763853769836,39.7959475757478],[-75.8739465839379,39.793354125776],[-75.8709129148329,39.790201491078],[-75.8688674114051,39.7880141023357],[-75.8670767402604,39.7848774217853],[-75.8631113008135,39.7833707967086],[-75.8601121359986,39.7822758626943],[-75.8563760220707,39.7809194401352],[-75.8536277809692,39.779931977303],[-75.8506183573937,39.7788376409733],[-75.8477352189809,39.7777741881391],[-75.8455751974224,39.7762043361125],[-75.8429104708962,39.7742414793194],[-75.8402057576617,39.7722572361257],[-75.8387922190363,39.7702429442558],[-75.8364011840244,39.7668407741864],[-75.8352302821538,39.7651454067135],[-75.8327887267886,39.7643679972877],[-75.8295036722362,39.7633920021367],[-75.8270460001964,39.7626910000025],[-75.8263603161401,39.7630725879611]]},"properties":{"OBJECTID_1":4,"OBJECTID":10462,"ID":"141806","TYPE":"AC; OVERHEAD","STATUS":"IN SERVICE","NAICS_CODE":"221121","NAICS_DESC":"ELECTRIC BULK POWER TRANSMISSION AND CONTROL","SOURCE":"IMAGERY, OpenStreetMap, EIA 860","SOURCEDATE":1480636800000,"VAL_METHOD":"IMAGERY/OTHER","VAL_DATE":1552348800000,"OWNER":"PECO ENERGY CO","VOLTAGE":230,"VOLT_CLASS":"220-287","INFERRED":"Y","SUB_1":"TAP139391","SUB_2":"CLAY","SHAPE__Len":48008.9318300509,"GlobalID":"1e40da6e-4e7f-4a4d-81a5-84a8bc53b0da","Shape__Length":43802.26972171907}},{"type":"Feature","id":10463,"geometry":{"type":"LineString","coordinates":[[-76.0318780690239,39.7610825757716],[-76.0295745128526,39.7625483318465],[-76.0279705709128,39.7638678648047],[-76.0248645559864,39.7664368412077],[-76.0220214779437,39.7687417518171],[-76.0191241416578,39.7711665862865],[-76.0153475343719,39.7742506888216],[-76.0128477025992,39.7762873952749],[-76.0093823615592,39.7791975722977],[-76.0070005684149,39.7811190496864],[-76.0032990602867,39.7841532800805],[-76.0005626122682,39.786420873676],[-75.9976127254365,39.788844257688],[-75.9952631809126,39.7908310411346],[-75.9921840256132,39.793402737103],[-75.9898773316266,39.795274331274],[-75.9875169183861,39.7971785888011],[-75.9844919306,39.799618088782],[-75.9812089475627,39.8023628878905],[-75.9780010645814,39.8049674850542],[-75.9753719652394,39.8071767708354],[-75.9721841057058,39.8097529261928],[-75.9681835574026,39.8114459423386],[-75.9647503751515,39.8128964719282],[-75.9613064140152,39.8143468342853],[-75.9553089018523,39.8169097843054],[-75.9521976766973,39.8182361406988],[-75.948099203045,39.8199588563149],[-75.9421983496067,39.8224799946666],[-75.9323170611444,39.8266661867695],[-75.9291526557246,39.8279593792805],[-75.9234658708185,39.8303738476955],[-75.9133485050996,39.8346745507016],[-75.9106663153243,39.8357863832108],[-75.9067347486518,39.8374422311689],[-75.9021476813165,39.8393869832204],[-75.8983828419607,39.8409928762033],[-75.8942607426165,39.8427155723226],[-75.8871957076042,39.8456589920442],[-75.8800343031249,39.8486620457062],[-75.8774594620261,39.8497493743025],[-75.8734305260616,39.8514172881379],[-75.8664825002084,39.8542845391774],[-75.8633596400738,39.8555782978005]]},"properties":{"OBJECTID_1":5,"OBJECTID":10463,"ID":"104260","TYPE":"AC; OVERHEAD","STATUS":"IN SERVICE","NAICS_CODE":"221121","NAICS_DESC":"ELECTRIC BULK POWER TRANSMISSION AND CONTROL","SOURCE":"IMAGERY, OpenStreetMap, EIA 860","SOURCEDATE":1432771200000,"VAL_METHOD":"IMAGERY","VAL_DATE":1552348800000,"OWNER":"PECO ENERGY CO","VOLTAGE":230,"VOLT_CLASS":"220-287","INFERRED":"Y","SUB_1":"TAP141107","SUB_2":"NOTTINGHAM","SHAPE__Len":23507.6928314573,"GlobalID":"d85d2748-adfa-44f2-9cbb-9204b6f485b0","Shape__Length":23507.692836898605}},{"type":"Feature","id":10465,"geometry":{"type":"LineString","coordinates":[[-76.1022250886176,39.7632533529338],[-76.0994666758921,39.7630964782681],[-76.0970814691497,39.7629814350081],[-76.0934219123453,39.7628051419103],[-76.0892165391742,39.7626709710284],[-76.0864147836345,39.7625238868483],[-76.0819472820636,39.7623576737508],[-76.0756469478184,39.7620888472937],[-76.0701768365588,39.7619585420541],[-76.0678058231979,39.7618948740095],[-76.06366117614,39.7618432897299],[-76.0597312264351,39.7616698946993],[-76.0565762533257,39.7615655532167],[-76.0513724027163,39.7614381472872],[-76.0459289714207,39.7612894722107],[-76.0434059631137,39.761270343996],[-76.0402552120862,39.7611436280709],[-76.0344031371678,39.7609477883228],[-76.0332210198309,39.7609179668023],[-76.0325073649315,39.7608690797831],[-76.0318780690239,39.7610825757716]]},"properties":{"OBJECTID_1":6,"OBJECTID":10465,"ID":"145711","TYPE":"AC; OVERHEAD","STATUS":"IN SERVICE","NAICS_CODE":"221121","NAICS_DESC":"ELECTRIC BULK POWER TRANSMISSION AND CONTROL","SOURCE":"IMAGERY, OpenStreetMap, EIA 860","SOURCEDATE":1430784000000,"VAL_METHOD":"IMAGERY","VAL_DATE":1552348800000,"OWNER":"PECO ENERGY CO","VOLTAGE":230,"VOLT_CLASS":"220-287","INFERRED":"Y","SUB_1":"TAP139393","SUB_2":"NOTTINGHAM","SHAPE__Len":28514.9371283238,"GlobalID":"f5a5285b-2a96-4afe-9ff3-f2b915187736","Shape__Length":7846.196014764567}},{"type":"Feature","id":10466,"geometry":{"type":"LineString","coordinates":[[-75.8633596400738,39.8555782978005],[-75.8603914716278,39.8568079711897],[-75.8577199718044,39.8579197880444],[-75.8536215879836,39.8596575752639],[-75.850467243695,39.860950491336],[-75.8477957438715,39.8626799950062],[-75.8450593856846,39.8645245362504],[-75.8421626782194,39.8663527537719],[-75.8391186982516,39.868388793784],[-75.8327212049202,39.8725615778851],[-75.8294596017867,39.8747023688798],[-75.8257044866939,39.8772760796944],[-75.8226146189847,39.8806304917141],[-75.8201470367308,39.8831826282085],[-75.8171429805892,39.8863110603258],[-75.8146109891293,39.8890277892031],[-75.811478114576,39.892369890762],[-75.8087100458595,39.8952344903382],[-75.8061995241349,39.8979507277322],[-75.8040752779826,39.9002060912716],[-75.8011784806859,39.903284266099],[-75.7977881489721,39.9070207277573],[-75.7938675417461,39.9075307869965],[-75.7885943411968,39.9081603279922],[-75.7847212548493,39.9086459857005],[-75.7803974837238,39.9091808391417],[-75.7759182142226,39.9097281596748],[-75.7710258104205,39.9103206790637],[-75.7661066350264,39.9109461290491],[-75.7616059856214,39.911489233019],[-75.7585911496963,39.9127812409005],[-75.7554744448181,39.9141514282157],[-75.7516013575723,39.9158095881597],[-75.7484684839173,39.9171878442058],[-75.7452873698331,39.9185826766756],[-75.7408134003921,39.9210799380129],[-75.7360283443682,39.9237211610904],[-75.7326973050564,39.9256088821588],[-75.7280890338871,39.928172388299],[-75.7256243567848,39.9295647361778],[-75.7230416698003,39.9315304917868],[-75.7205085159205,39.9335027436798],[-75.7169471395867,39.9362635466913],[-75.714243480076,39.9383488307044],[-75.7115773701443,39.9403971348886],[-75.7085786140629,39.9426921482699],[-75.7023827538852,39.9474464696558],[-75.7000599800551,39.9492518861097],[-75.6973348508092,39.9513368431678],[-75.6938050107318,39.9540385302794],[-75.6880050794224,39.9577197076972],[-75.6843634476011,39.959988571263],[-75.6802542839969,39.9623116376973],[-75.6762790592016,39.9648319527236],[-75.6730818652739,39.9668548837504],[-75.6695735847634,39.9688858801577],[-75.6679481730883,39.9686681878429],[-75.6661188438437,39.9684335592259],[-75.6649001156674,39.9686939887557]]},"properties":{"OBJECTID_1":7,"OBJECTID":10466,"ID":"133699","TYPE":"AC; OVERHEAD","STATUS":"IN SERVICE","NAICS_CODE":"221121","NAICS_DESC":"ELECTRIC BULK POWER TRANSMISSION AND CONTROL","SOURCE":"IMAGERY, OpenStreetMap, EIA 860","SOURCEDATE":1430784000000,"VAL_METHOD":"IMAGERY","VAL_DATE":1552348800000,"OWNER":"PECO ENERGY CO","VOLTAGE":230,"VOLT_CLASS":"220-287","INFERRED":"Y","SUB_1":"TAP141107","SUB_2":"BRADFORD","SHAPE__Len":28463.7898334085,"GlobalID":"e6654dbc-0809-4564-8871-12c865ccbc74","Shape__Length":28463.789875556882}},{"type":"Feature","id":10467,"geometry":{"type":"LineString","coordinates":[[-75.6649001156674,39.9686939887557],[-75.6647878657827,39.9681898571479],[-75.6656038396913,39.9679319393106],[-75.6694340763997,39.9686391352983],[-75.6725883308569,39.9668056578615],[-75.6760537617284,39.9646510832443],[-75.6799645773178,39.9622296352088],[-75.6837977775684,39.9597772527977],[-75.6876359203496,39.9573487470529],[-75.6907527150594,39.9553502547897],[-75.6933920551957,39.9537054469574],[-75.6969056357664,39.9510078792351],[-75.6995932154335,39.9489392327941],[-75.7022677704272,39.9468653600368],[-75.705676516706,39.9442344653125],[-75.7081331404118,39.9423754710303],[-75.7111857046804,39.9400475941936],[-75.7137660264009,39.9380280702882],[-75.7165180143755,39.9359221822291],[-75.7199831757524,39.9331952582641],[-75.7225516388128,39.9312044642124],[-75.725235176061,39.9291843349158],[-75.7277671684192,39.9277650573082],[-75.7323376160234,39.9252145802858],[-75.7356850082666,39.9233632667945],[-75.7404540742784,39.9207096302287],[-75.7449762832502,39.9181547572209],[-75.7481948570817,39.9167682520956],[-75.758258504445,39.9123944892928],[-75.7614020680519,39.9110366703337],[-75.7660315358686,39.9104646908587],[-75.7708005120489,39.9099091757493],[-75.7758162554378,39.9092713820705],[-75.7802902248789,39.9087158572838],[-75.7846139061729,39.9081809313049],[-75.7884602227249,39.90771594266],[-75.7937656727929,39.907028790058],[-75.7974018733999,39.9066257427707],[-75.8007707353784,39.9030373528294],[-75.8036246830361,39.8999426257711],[-75.8057274585548,39.8976873927747],[-75.8082809206483,39.8949545350587],[-75.8111348683059,39.8919089309302],[-75.8141174547122,39.8887972277872],[-75.8166708260758,39.8860476799576],[-75.819674972049,39.8829192372009],[-75.8221211743992,39.8802682368376],[-75.8253183683269,39.8769254749939],[-75.8290938078029,39.8742906516741],[-75.8323768806718,39.8721498478286],[-75.8353165276076,39.8702732457959],[-75.8386113684067,39.8680384787392],[-75.8418182641395,39.8659747732505],[-75.8446935018693,39.8640971741803],[-75.8471182335859,39.8624830652559],[-75.8501274289893,39.8605476757753],[-75.8532980148183,39.8592210812978],[-75.8574204770819,39.8575198109472],[-75.8662166869192,39.8538511501875],[-75.8694138808469,39.8525662380333],[-75.8732118680366,39.8510177883126],[-75.8769669157558,39.849419852659],[-75.8798422433172,39.8482172746567],[-75.8831038455525,39.8468004572353],[-75.8868589840015,39.8452848447266],[-75.8904533437775,39.8437605779325],[-75.8938755450227,39.842352290235],[-75.8981280797462,39.840574059181],[-75.9018686645892,39.8389750540994],[-75.903976748253,39.8380813290936],[-75.9037054893765,39.8377672398069],[-75.9002618139045,39.8337655812361],[-75.8983820397652,39.8315645797132],[-75.8957646328949,39.8284831777555],[-75.8943369556852,39.826734273669],[-75.8923263122803,39.8242239430512],[-75.8906368938446,39.8221181199576],[-75.8894114723211,39.8195720971879],[-75.8879243086733,39.8163598240126],[-75.8865323242248,39.8133854981916],[-75.8856281285688,39.8114938259902],[-75.8849499831743,39.8087098570908],[-75.884414604333,39.8065207527299],[-75.8838078408676,39.8039747297852],[-75.8817971965644,39.8017499336667],[-75.8806074660055,39.8005364088516],[-75.8787990755918,39.7986566336817],[-75.8762768470225,39.7960511252205],[-75.8738379003649,39.7934575121184],[-75.8708040866312,39.7903047261604],[-75.8687458531775,39.7881037249249],[-75.8669731546267,39.7849985280464],[-75.8630589407106,39.7835113652319],[-75.8600608206363,39.7824168131399],[-75.8563250669329,39.7810605196934],[-75.8535767890004,39.7800730436977],[-75.8505667707402,39.7789784921441],[-75.847663828967,39.777907733788],[-75.8454866217387,39.7763253927405],[-75.842821625718,39.7743623371073],[-75.8400971432591,39.7723635899135],[-75.8386694660494,39.7703291508173],[-75.8362781076439,39.7669265216876],[-75.8351359662355,39.7652727961166],[-75.83274460783,39.7645113687627],[-75.8294609519545,39.76353578996],[-75.8271380002579,39.763211999873],[-75.8263603161401,39.7630725879611]]},"properties":{"OBJECTID_1":8,"OBJECTID":10467,"ID":"108349","TYPE":"AC; OVERHEAD","STATUS":"IN SERVICE","NAICS_CODE":"221121","NAICS_DESC":"ELECTRIC BULK POWER TRANSMISSION AND CONTROL","SOURCE":"IMAGERY, OpenStreetMap, EIA 860","SOURCEDATE":1430784000000,"VAL_METHOD":"IMAGERY/OTHER","VAL_DATE":1552348800000,"OWNER":"PECO ENERGY CO","VOLTAGE":230,"VOLT_CLASS":"220-287","INFERRED":"Y","SUB_1":"BRADFORD","SUB_2":"CLAY","SHAPE__Len":48306.3206552816,"GlobalID":"beea5495-a092-4405-9874-07101c15ff29","Shape__Length":48306.32061924009}},{"type":"Feature","id":10468,"geometry":{"type":"LineString","coordinates":[[-75.6649001156674,39.9686939887557],[-75.6638460001736,39.9691159998709],[-75.6653367193533,39.9695574311079],[-75.6650369066273,39.9719702049031],[-75.663004847386,39.9733931229275],[-75.6571037837419,39.9775238672711],[-75.6529968335866,39.9803268722872],[-75.6503365968402,39.9821733337316],[-75.6400716019875,39.9880696377502],[-75.6331759236608,39.9919957488166],[-75.6274604591409,39.9971544200796],[-75.6189372293522,40.004892426769],[-75.6137357269389,40.0096513491951],[-75.6108137489665,40.0122782742066],[-75.6078061112418,40.0150003776823],[-75.6034612153341,40.0189026939171],[-75.5981883291951,40.0235949907959],[-75.5947143158194,40.0266597372865],[-75.5917161948468,40.0291867240317],[-75.5873712998374,40.0330366922528],[-75.5847634097192,40.0354732602421],[-75.5853611055902,40.036342569202]]},"properties":{"OBJECTID_1":9,"OBJECTID":10468,"ID":"144331","TYPE":"AC; OVERHEAD","STATUS":"IN SERVICE","NAICS_CODE":"221121","NAICS_DESC":"ELECTRIC BULK POWER TRANSMISSION AND CONTROL","SOURCE":"IMAGERY, EIA 860","SOURCEDATE":1433462400000,"VAL_METHOD":"IMAGERY","VAL_DATE":1552348800000,"OWNER":"PECO ENERGY CO","VOLTAGE":230,"VOLT_CLASS":"220-287","INFERRED":"Y","SUB_1":"UNKNOWN123421","SUB_2":"BRADFORD","SHAPE__Len":13703.3546510222,"GlobalID":"46374422-7a4c-4fca-b01e-79559383ca4d","Shape__Length":13703.354638718587}},{"type":"Feature","id":10469,"geometry":{"type":"LineString","coordinates":[[-75.5853611055902,40.036342569202],[-75.5862862652299,40.0365249820864],[-75.5865099349559,40.0363060719856],[-75.587590210289,40.0337076999084],[-75.5895080550301,40.0321800858639],[-75.5907882064122,40.0310284273363],[-75.5935626567605,40.0286013766937],[-75.595937358604,40.0263075758631],[-75.6007771831141,40.0220531000447],[-75.6039799367151,40.0191977471532],[-75.6083105556981,40.0152906717279],[-75.6112943997458,40.012559050715],[-75.6166910180354,40.0076478433338],[-75.6193893271802,40.0051874807119],[-75.6248906414211,40.000242961025],[-75.6279315922698,39.9974447143222],[-75.6335851907144,39.9923669447079],[-75.6365024103107,39.99065849227],[-75.6435694099385,39.9866134081446],[-75.6506887570928,39.9825397709164],[-75.6574940145963,39.9778569908282],[-75.6606349039186,39.9756774047854],[-75.6666311458637,39.971518106781],[-75.6658030932078,39.9692100297522],[-75.6649001156674,39.9686939887557]]},"properties":{"OBJECTID_1":10,"OBJECTID":10469,"ID":"140547","TYPE":"AC; OVERHEAD","STATUS":"IN SERVICE","NAICS_CODE":"221121","NAICS_DESC":"ELECTRIC BULK POWER TRANSMISSION AND CONTROL","SOURCE":"IMAGERY, EIA 860","SOURCEDATE":1433462400000,"VAL_METHOD":"IMAGERY","VAL_DATE":1552348800000,"OWNER":"PECO ENERGY CO","VOLTAGE":230,"VOLT_CLASS":"220-287","INFERRED":"Y","SUB_1":"UNKNOWN123421","SUB_2":"BRADFORD","SHAPE__Len":13681.6835839183,"GlobalID":"38c0093b-602e-4531-97ce-68235db70d40","Shape__Length":13681.683691423603}},{"type":"Feature","id":10470,"geometry":{"type":"LineString","coordinates":[[-75.472773531656,40.0551405240083],[-75.4751191379657,40.0544945372541],[-75.4804767801517,40.0537396858757],[-75.4852951636727,40.0530532438103],[-75.4897748823315,40.0524413329493],[-75.493821600447,40.051895109678],[-75.5033629789822,40.0505607333149],[-75.5069941490237,40.0500819281704],[-75.5114691066115,40.0494861497328],[-75.5167536555778,40.0487185301478],[-75.5197936146864,40.0481006582045],[-75.5233732214305,40.0472885897526],[-75.5268305665662,40.0465973377266],[-75.5299646098278,40.0459323490008],[-75.5336306354006,40.0451411613157],[-75.5373353765655,40.0443718326893],[-75.5409102222386,40.0438656827917],[-75.5452102778407,40.0432876617922],[-75.550521387295,40.042541077178],[-75.5545122427762,40.0420063716942],[-75.5584282685943,40.04147248867],[-75.562612442423,40.0409138422527],[-75.5675370059122,40.0402075327703],[-75.5708307687329,40.0397557522063],[-75.5748755231312,40.0391889762228],[-75.5795161300574,40.0385873948613],[-75.5825598019031,40.0381541732139],[-75.5831445153215,40.0380760430922],[-75.5858532027028,40.0372495282135],[-75.5853611055902,40.036342569202]]},"properties":{"OBJECTID_1":11,"OBJECTID":10470,"ID":"120136","TYPE":"AC; OVERHEAD","STATUS":"IN SERVICE","NAICS_CODE":"221121","NAICS_DESC":"ELECTRIC BULK POWER TRANSMISSION AND CONTROL","SOURCE":"IMAGERY, EIA 860","SOURCEDATE":1430784000000,"VAL_METHOD":"IMAGERY","VAL_DATE":1552348800000,"OWNER":"PECO ENERGY CO","VOLTAGE":230,"VOLT_CLASS":"220-287","INFERRED":"Y","SUB_1":"UNKNOWN123421","SUB_2":"TAP141075","SHAPE__Len":13013.108786174,"GlobalID":"410533fc-71b4-46a6-b0ae-77137fc902be","Shape__Length":13013.108789413718}},{"type":"Feature","id":10471,"geometry":{"type":"LineString","coordinates":[[-75.5853611055902,40.036342569202],[-75.5839734285634,40.0362299288183],[-75.5822649757252,40.0377289888349],[-75.5798759969569,40.0380668731135],[-75.5748315398183,40.0387616751853],[-75.5674361754114,40.039765807778],[-75.5580277861659,40.0410649942825],[-75.5503849583561,40.0421309923288],[-75.5409670505618,40.0433921060583],[-75.5372075031814,40.0439013108269],[-75.5332909096281,40.04474363985],[-75.5266617309035,40.0461427628055],[-75.5197232227007,40.047589476119],[-75.5166632356529,40.0482271711509],[-75.5144931682345,40.048574572878],[-75.5114189042618,40.048993357694],[-75.5069264816282,40.0496596072763],[-75.5034477098764,40.0501354990897],[-75.4988172790657,40.0507398817651],[-75.4897134609223,40.0520152729296],[-75.4803431431768,40.0533001822207],[-75.475441454388,40.0539378781471],[-75.4730619932702,40.0545850906661]]},"properties":{"OBJECTID_1":12,"OBJECTID":10471,"ID":"114925","TYPE":"AC; OVERHEAD","STATUS":"IN SERVICE","NAICS_CODE":"221121","NAICS_DESC":"ELECTRIC BULK POWER TRANSMISSION AND CONTROL","SOURCE":"IMAGERY, EIA 860","SOURCEDATE":1433462400000,"VAL_METHOD":"IMAGERY","VAL_DATE":1552348800000,"OWNER":"PECO ENERGY CO","VOLTAGE":230,"VOLT_CLASS":"220-287","INFERRED":"Y","SUB_1":"UNKNOWN123421","SUB_2":"TAP141077","SHAPE__Len":12856.6216949571,"GlobalID":"b8e4f136-47e9-478e-a073-c37623b1a313","Shape__Length":12856.621622386347}},{"type":"Feature","id":10472,"geometry":{"type":"LineString","coordinates":[[-75.4730619932702,40.0545850906661],[-75.4728349889978,40.0548434527546]]},"properties":{"OBJECTID_1":13,"OBJECTID":10472,"ID":"117835","TYPE":"AC; OVERHEAD","STATUS":"IN SERVICE","NAICS_CODE":"221121","NAICS_DESC":"ELECTRIC BULK POWER TRANSMISSION AND CONTROL","SOURCE":"IMAGERY, EIA 860","SOURCEDATE":1433462400000,"VAL_METHOD":"IMAGERY","VAL_DATE":1552348800000,"OWNER":"PECO ENERGY CO","VOLTAGE":230,"VOLT_CLASS":"220-287","INFERRED":"Y","SUB_1":"UNKNOWN123441","SUB_2":"TAP141077","SHAPE__Len":45.2815742455188,"GlobalID":"83357fde-053d-4e8a-bb07-126e2a6f9764","Shape__Length":45.2816018434261}},{"type":"Feature","id":10473,"geometry":{"type":"LineString","coordinates":[[-75.4730619932702,40.0545850906661],[-75.4715248608346,40.0549800821489],[-75.4634584881482,40.0571406316824],[-75.4591849759662,40.0583018092064],[-75.4539882328274,40.0596676199577],[-75.4464310647699,40.0617282332849],[-75.4422241779376,40.0628608557452],[-75.4388025129867,40.065045201871],[-75.4347526714289,40.0678196531195],[-75.4305695782735,40.0674341812059],[-75.4243829797265,40.0700753817603],[-75.4173492932227,40.0730544670951],[-75.4101395261434,40.0760240352277],[-75.4053234971068,40.0775992382284],[-75.3995033348389,40.0792029951444],[-75.3984278187802,40.0794171457506],[-75.3979662033017,40.0786509596704],[-75.3968687908079,40.0794439509584]]},"properties":{"OBJECTID_1":14,"OBJECTID":10473,"ID":"113185","TYPE":"AC; OVERHEAD","STATUS":"IN SERVICE","NAICS_CODE":"221121","NAICS_DESC":"ELECTRIC BULK POWER TRANSMISSION AND CONTROL","SOURCE":"IMAGERY, EIA 860","SOURCEDATE":1433462400000,"VAL_METHOD":"IMAGERY","VAL_DATE":1552348800000,"OWNER":"PECO ENERGY CO","VOLTAGE":230,"VOLT_CLASS":"220-287","INFERRED":"Y","SUB_1":"UNKNOWN123442","SUB_2":"TAP141077","SHAPE__Len":9489.0514285348,"GlobalID":"8ce26fbc-cc5d-4468-a8fe-ed0dc34b59ad","Shape__Length":9489.051566296894}},{"type":"Feature","id":10474,"geometry":{"type":"LineString","coordinates":[[-75.3968687908079,40.0794439509584],[-75.3973030391112,40.0798287727222],[-75.3991788876128,40.0799925707842],[-75.4015992175845,40.0793489408214],[-75.4039770590399,40.0786950618008],[-75.4056590645779,40.0782325392701],[-75.4079593814242,40.077451074788],[-75.4104911015928,40.0766362642741],[-75.4121478653696,40.0759010417378],[-75.413734739319,40.0751016783107],[-75.4176152816834,40.0734249711841],[-75.4210313052143,40.0720128812013],[-75.4246448682762,40.0704693932154],[-75.427777652998,40.0691294932237],[-75.430656304326,40.0679147542755],[-75.4349213256319,40.0682581412426],[-75.4392360237731,40.065372256164],[-75.4425575454344,40.0632374282606],[-75.4466907829899,40.0621014431969],[-75.4505015262566,40.0611094782335],[-75.454252351894,40.0601044341311],[-75.4592906429965,40.0587117321461],[-75.4634061846391,40.057601454765],[-75.4677793631053,40.0564124327383],[-75.4716914363361,40.0554385373411],[-75.472773531656,40.0551405240083]]},"properties":{"OBJECTID_1":15,"OBJECTID":10474,"ID":"150707","TYPE":"AC; OVERHEAD","STATUS":"IN SERVICE","NAICS_CODE":"221121","NAICS_DESC":"ELECTRIC BULK POWER TRANSMISSION AND CONTROL","SOURCE":"IMAGERY, OpenStreetMap, EIA 860","SOURCEDATE":1433462400000,"VAL_METHOD":"IMAGERY","VAL_DATE":1552348800000,"OWNER":"PECO ENERGY CO","VOLTAGE":230,"VOLT_CLASS":"220-287","INFERRED":"Y","SUB_1":"UNKNOWN123442","SUB_2":"TAP141075","SHAPE__Len":9376.80884912201,"GlobalID":"b6232b11-b8fc-4599-ab5e-a5657d9ec38f","Shape__Length":9376.80875547568}},{"type":"Feature","id":10475,"geometry":{"type":"LineString","coordinates":[[-75.387178170663,40.0828254211724],[-75.3877042573311,40.0826173447888],[-75.3891719248423,40.0820066616949],[-75.3905319741825,40.0812115633433],[-75.3915666537267,40.0810675668076],[-75.3937982485555,40.0802072282264],[-75.3951040396525,40.0800291380879],[-75.395960264374,40.0795339557005],[-75.3968687908079,40.0794439509584]]},"properties":{"OBJECTID_1":16,"OBJECTID":10475,"ID":"133394","TYPE":"AC; OVERHEAD","STATUS":"IN SERVICE","NAICS_CODE":"221121","NAICS_DESC":"ELECTRIC BULK POWER TRANSMISSION AND CONTROL","SOURCE":"IMAGERY, OpenStreetMap, EIA 860","SOURCEDATE":1430784000000,"VAL_METHOD":"IMAGERY","VAL_DATE":1552348800000,"OWNER":"PECO ENERGY CO","VOLTAGE":230,"VOLT_CLASS":"220-287","INFERRED":"Y","SUB_1":"UNKNOWN123427","SUB_2":"UNKNOWN123442","SHAPE__Len":6691.05061899024,"GlobalID":"2f9f79e1-74ae-4088-aebb-06e20a6125ac","Shape__Length":1206.7906624004986}},{"type":"Feature","id":10804,"geometry":{"type":"LineString","coordinates":[[-75.7133484678972,39.7751358937275],[-75.713148104063,39.7748896163373],[-75.7129885336241,39.7747781670555],[-75.7129711458335,39.7747212741657]]},"properties":{"OBJECTID_1":17,"OBJECTID":10804,"ID":"110653","TYPE":"AC; OVERHEAD","STATUS":"IN SERVICE","NAICS_CODE":"221121","NAICS_DESC":"ELECTRIC BULK POWER TRANSMISSION AND CONTROL","SOURCE":"IMAGERY, OpenStreetMap, EIA 861, http://www.pjmsettlement.com/pub/account/trans-fac/dpl.xls","SOURCEDATE":1436140800000,"VAL_METHOD":"IMAGERY","VAL_DATE":1552435200000,"OWNER":"DELMARVA POWER","VOLTAGE":138,"VOLT_CLASS":"100-161","INFERRED":"N","SUB_1":"UNKNOWN129044","SUB_2":"TAP139394","SHAPE__Len":5265.99187492397,"GlobalID":"3d187e44-f07f-45d0-90da-0286a781fef3","Shape__Length":74.53734872812919}},{"type":"Feature","id":10832,"geometry":{"type":"LineString","coordinates":[[-75.6958019539303,39.7875225838468],[-75.6962897508077,39.7874820599026],[-75.69719031188,39.7873422767555],[-75.6982296626637,39.7870445549625],[-75.6989291807754,39.7868201410461],[-75.6996217818595,39.7865948290137],[-75.7003189643515,39.7863704826601],[-75.7009769802971,39.7861567661918],[-75.7016671559299,39.7859384930671],[-75.7023620028022,39.7857149729383],[-75.70305002158,39.7854799929959],[-75.7036179374009,39.7853557377079],[-75.7044028852962,39.7852209888072],[-75.7048969587024,39.7851295931982],[-75.7052443372228,39.7847365288438],[-75.7056091430597,39.7842806439736],[-75.7058930106895,39.7839187780302],[-75.7062947372845,39.7834228487776],[-75.7066572084,39.782981176036],[-75.7070092572615,39.7825535833131],[-75.707323217555,39.7821632662927],[-75.7077076075634,39.7816851352808],[-75.7081208325941,39.7812371692089],[-75.7085560663492,39.7807838838076],[-75.7089496182752,39.7803767817487],[-75.709293673029,39.7800573517954],[-75.7097668156892,39.7796200757904],[-75.7101778847632,39.7792385802373],[-75.7105575128023,39.77888372889],[-75.7109604072072,39.7785218352555],[-75.7114475635858,39.7780489941868],[-75.7119427149704,39.7775796722178],[-75.7123109344053,39.7772425553209],[-75.7127830889187,39.7768114749724],[-75.7132297312779,39.7763918532172],[-75.7135252770064,39.7761035418416],[-75.713977758415,39.7756901287228],[-75.7137942326025,39.7755508739452],[-75.7134190063083,39.7753006703051],[-75.7133484678972,39.7751358937275]]},"properties":{"OBJECTID_1":18,"OBJECTID":10832,"ID":"127362","TYPE":"AC; OVERHEAD","STATUS":"IN SERVICE","NAICS_CODE":"221121","NAICS_DESC":"ELECTRIC BULK POWER TRANSMISSION AND CONTROL","SOURCE":"IMAGERY, OpenStreetMap, EIA 861, http://www.pjmsettlement.com/pub/account/trans-fac/dpl.xls","SOURCEDATE":1552435200000,"VAL_METHOD":"IMAGERY","VAL_DATE":1552435200000,"OWNER":"DELMARVA POWER","VOLTAGE":138,"VOLT_CLASS":"100-161","INFERRED":"Y","SUB_1":"UNKNOWN129044","SUB_2":"UNKNOWN157018","SHAPE__Len":3791.30954964385,"GlobalID":"dd0a90d4-cf42-495a-be06-2ceec5156f28","Shape__Length":2887.380916927642}},{"type":"Feature","id":15814,"geometry":{"type":"LineString","coordinates":[[-76.0160723122111,39.9259089925825],[-76.0145234334049,39.9262512887668],[-76.0045028881073,39.9286954687485],[-75.9945241548946,39.9296653769905],[-75.988921024701,39.9317256127254],[-75.9847066890384,39.933158132114],[-75.9787653287673,39.9344546437636],[-75.9763644706777,39.9351261712279],[-75.9715471965761,39.9356852129968],[-75.9660657476793,39.9369529090118],[-75.9593977392765,39.9384994591045],[-75.9511075531337,39.9402629208509],[-75.9517935318375,39.9420098282117],[-75.9527725661398,39.9441221708739],[-75.9529917128483,39.9456858121624],[-75.953366530409,39.9479882579899],[-75.9534948781036,39.9488255177869],[-75.9538115153766,39.9495055682333],[-75.9538608769031,39.9498066888106],[-75.9539286907239,39.9499637343405]]},"properties":{"OBJECTID_1":19,"OBJECTID":15814,"ID":"150663","TYPE":"AC; OVERHEAD","STATUS":"IN SERVICE","NAICS_CODE":"221121","NAICS_DESC":"ELECTRIC BULK POWER TRANSMISSION AND CONTROL","SOURCE":"IMAGERY, EIA 861, EIA 860","SOURCEDATE":1435622400000,"VAL_METHOD":"IMAGERY","VAL_DATE":1553731200000,"OWNER":"NOT AVAILABLE","VOLTAGE":69,"VOLT_CLASS":"UNDER 100","INFERRED":"Y","SUB_1":"UNKNOWN128183","SUB_2":"TAP141118","SHAPE__Len":26786.0804106851,"GlobalID":"672dbea9-8b35-477b-ae10-32af9cabfe1b","Shape__Length":9010.664710956695}},{"type":"Feature","id":17994,"geometry":{"type":"LineString","coordinates":[[-76.0318780690239,39.7610825757716],[-76.0322945217014,39.760692489863],[-76.0345848663498,39.7583377953153],[-76.0369025197828,39.7565397802664],[-76.0400346756839,39.7541850811677],[-76.0429421629325,39.7519992328901],[-76.0458340185968,39.7497059859434],[-76.0485967881515,39.7474706797598],[-76.0516491736553,39.7451484801136],[-76.0542454835912,39.7431890432741],[-76.0578128741458,39.740561661024],[-76.0601195681324,39.7388209307508],[-76.0627212688583,39.736779041053],[-76.0655375771055,39.7345802749046],[-76.0675492643527,39.7327855782281],[-76.0693570340305,39.731189177718],[-76.0723557002804,39.7288747889811],[-76.0741689496814,39.7274057677056],[-76.0762235763993,39.7257308953441],[-76.0793155776072,39.7233257411649],[-76.0815856562628,39.7215289799031],[-76.0829236609459,39.7204699313278],[-76.0858380652221,39.7180894697014],[-76.088785886827,39.7157887370608],[-76.091285269442,39.7139168482843],[-76.0943283115686,39.7116460363067],[-76.0974530123512,39.709304867775],[-76.1006063873577,39.7069299904781]]},"properties":{"OBJECTID_1":20,"OBJECTID":17994,"ID":"100378","TYPE":"AC; OVERHEAD","STATUS":"IN SERVICE","NAICS_CODE":"221121","NAICS_DESC":"ELECTRIC BULK POWER TRANSMISSION AND CONTROL","SOURCE":"IMAGERY, OpenStreetMap, EIA 860","SOURCEDATE":1432771200000,"VAL_METHOD":"IMAGERY","VAL_DATE":1552348800000,"OWNER":"PECO ENERGY CO","VOLTAGE":230,"VOLT_CLASS":"220-287","INFERRED":"Y","SUB_1":"TAP139390","SUB_2":"NOTTINGHAM","SHAPE__Len":15123.9369792003,"GlobalID":"31db1f53-0f3d-4979-be1c-e3fd84f607ac","Shape__Length":10960.382911499619}},{"type":"Feature","id":19679,"geometry":{"type":"LineString","coordinates":[[-75.5208523618937,40.1723526588009],[-75.520712742139,40.1721497078439],[-75.5202011578729,40.1720366832477],[-75.5209149960286,40.1712693067456],[-75.5207900736102,40.1667483309237],[-75.5214206307526,40.1617455137005],[-75.5217359097729,40.1591756967302],[-75.523306354434,40.1567962356678],[-75.5246566983759,40.154726104688],[-75.5261141179063,40.1525251033111],[-75.5292193153658,40.1506155863248],[-75.5298379752205,40.1507167129913]]},"properties":{"OBJECTID_1":21,"OBJECTID":19679,"ID":"102773","TYPE":"AC; OVERHEAD","STATUS":"IN SERVICE","NAICS_CODE":"221121","NAICS_DESC":"ELECTRIC BULK POWER TRANSMISSION AND CONTROL","SOURCE":"IMAGERY, http://www.pjm.com/pub/account/trans-fac/pe.xls","SOURCEDATE":1433376000000,"VAL_METHOD":"IMAGERY","VAL_DATE":1433894400000,"OWNER":"PECO ENERGY CO","VOLTAGE":230,"VOLT_CLASS":"220-287","INFERRED":"N","SUB_1":"UPPER PROVIDENCE","SUB_2":"CROMBY","SHAPE__Len":3595.1322671023,"GlobalID":"824c401d-7915-4a0f-90ae-0252b067692b","Shape__Length":3595.132279251361}},{"type":"Feature","id":20036,"geometry":{"type":"LineString","coordinates":[[-75.5143604592193,40.1776994095449],[-75.5157277714385,40.1763554048522],[-75.5201476200786,40.1720902206598],[-75.5204569495568,40.1724114476774],[-75.5208523618937,40.1723526588009]]},"properties":{"OBJECTID_1":22,"OBJECTID":20036,"ID":"103264","TYPE":"AC; OVERHEAD","STATUS":"IN SERVICE","NAICS_CODE":"221121","NAICS_DESC":"ELECTRIC BULK POWER TRANSMISSION AND CONTROL","SOURCE":"IMAGERY, http://www.pjm.com/pub/account/trans-fac/pe.xls","SOURCEDATE":1433376000000,"VAL_METHOD":"IMAGERY","VAL_DATE":1433894400000,"OWNER":"PECO ENERGY CO","VOLTAGE":230,"VOLT_CLASS":"220-287","INFERRED":"N","SUB_1":"PERKIOMEN","SUB_2":"UPPER PROVIDENCE","SHAPE__Len":10586.4775301105,"GlobalID":"643af17a-c278-4bd4-b442-9d601a2f02b3","Shape__Length":1143.554871759391}},{"type":"Feature","id":20174,"geometry":{"type":"LineString","coordinates":[[-75.8633596400738,39.8555782978005],[-75.8633144081026,39.855778563656]]},"properties":{"OBJECTID_1":23,"OBJECTID":20174,"ID":"103469","TYPE":"AC; OVERHEAD","STATUS":"IN SERVICE","NAICS_CODE":"221121","NAICS_DESC":"ELECTRIC BULK POWER TRANSMISSION AND CONTROL","SOURCE":"IMAGERY, EIA 860","SOURCEDATE":1432771200000,"VAL_METHOD":"IMAGERY","VAL_DATE":1552348800000,"OWNER":"PECO ENERGY CO","VOLTAGE":230,"VOLT_CLASS":"220-287","INFERRED":"Y","SUB_1":"UNKNOWN123416","SUB_2":"TAP141107","SHAPE__Len":29.4740996894112,"GlobalID":"a6e87ede-4ce4-46aa-9e74-65cdc2779e19","Shape__Length":29.474078509428583}},{"type":"Feature","id":20196,"geometry":{"type":"LineString","coordinates":[[-76.0073168778028,39.9280605559136],[-76.0045112729822,39.928744890152],[-75.9945353829374,39.9297145207731],[-75.988937701026,39.9317727539589],[-75.9847201071738,39.9332063799868],[-75.978777403023,39.9345031862216],[-75.9763741473299,39.9351753841029],[-75.9715557386561,39.93573455703],[-75.9660770296209,39.9370016198274],[-75.9594085900269,39.9385482700682],[-75.9511756553137,39.9402995527564],[-75.9518395246817,39.9419901600462],[-75.9528210518089,39.9441078800934],[-75.95304115163,39.945678323965],[-75.9534159179867,39.9479804532548],[-75.9535432191439,39.9488108850337],[-75.9538573078965,39.9494854621701],[-75.9539929373347,39.9498138280968],[-75.9539286907239,39.9499637343405]]},"properties":{"OBJECTID_1":24,"OBJECTID":20196,"ID":"103493","TYPE":"AC; OVERHEAD","STATUS":"IN SERVICE","NAICS_CODE":"221121","NAICS_DESC":"ELECTRIC BULK POWER TRANSMISSION AND CONTROL","SOURCE":"IMAGERY, EIA 860","SOURCEDATE":1435622400000,"VAL_METHOD":"IMAGERY","VAL_DATE":1521763200000,"OWNER":"NOT AVAILABLE","VOLTAGE":69,"VOLT_CLASS":"UNDER 100","INFERRED":"Y","SUB_1":"UNKNOWN128183","SUB_2":"TAP141120","SHAPE__Len":7977.73867594226,"GlobalID":"e5396345-4898-40b8-ac04-45bb0f2795f8","Shape__Length":7977.73873029222}},{"type":"Feature","id":20677,"geometry":{"type":"LineString","coordinates":[[-75.4167724598259,39.985240509402],[-75.4169140001787,39.9851899999999],[-75.4174919995887,39.9849450003396],[-75.4180480001557,39.984665000242],[-75.4185750004104,39.9844179998572],[-75.4189250002148,39.9842460001206],[-75.4192519995546,39.9840969998228],[-75.4196020002573,39.9839090001659],[-75.4201729999946,39.9836360001093],[-75.4207040004473,39.9833660000241],[-75.4210979997343,39.9831910000109],[-75.421580999608,39.982947000196],[-75.4221270001293,39.9826889996923],[-75.4226009342052,39.982411078732],[-75.4230482718605,39.9821826509531],[-75.4235336819141,39.9819637413428],[-75.4240000566669,39.9817448303429],[-75.4245330558711,39.9814783312333],[-75.4250470188761,39.9811832780988],[-75.4253896623766,39.98104051024],[-75.425817964731,39.9808501528603],[-75.4263414462847,39.9805836530145],[-75.4267792671879,39.9803647430997],[-75.4273503378921,39.98010776124],[-75.4278167117466,39.9798793333326],[-75.4283877833491,39.9795937980629],[-75.4299487085632,39.978975138234],[-75.4326041878319,39.9778901029159],[-75.4347647375998,39.9770334981911],[-75.4351060003897,39.9769099998047],[-75.4361859999401,39.9764750001488],[-75.436815000302,39.9762330002145],[-75.4378580377716,39.9757771420602],[-75.4383529645774,39.9755772667188],[-75.4388764470295,39.9754154639835],[-75.4393713747336,39.975282214263],[-75.4398948562873,39.9751584820979],[-75.440418337841,39.9750728217135],[-75.4408942302443,39.9750061968959],[-75.4415414430503,39.9749490898577],[-75.4432736913621,39.9748919827718],[-75.4444443857218,39.9748253577779],[-75.4456150800816,39.9747872863236],[-75.447889845248,39.9746730718336],[-75.4485656119036,39.9746350009829],[-75.449089092559,39.9746254830948],[-75.449346075409,39.9745969287342],[-75.4496220926615,39.9745778943229],[-75.4502489999488,39.9745400003396],[-75.4508118232204,39.9744636801714],[-75.4514019301238,39.9743780189162],[-75.4519679999068,39.9743199999007],[-75.4525155167843,39.9741971802012],[-75.4531246589886,39.9741020020278],[-75.4537623550424,39.9739877870809],[-75.4542953542466,39.9738830913129],[-75.4555299996714,39.9737239996722],[-75.4567449998393,39.9735050003177],[-75.4573280001705,39.9733959998242],[-75.4579216527243,39.973283466881],[-75.4585212772781,39.9731787707224],[-75.4609292913473,39.9727695033208],[-75.4625282889597,39.9724268608654],[-75.4628423777123,39.9723602362221],[-75.4639845191207,39.9720461471532],[-75.4657380000126,39.9715600001876],[-75.4663110002981,39.9713830003182],[-75.4675289999407,39.9710980002653],[-75.468720999644,39.9708959997861],[-75.4693650000745,39.9707810001634],[-75.4699519997054,39.9706850000488],[-75.4705219996178,39.9705759998771],[-75.4711309998882,39.9704760002868],[-75.4726659997232,39.970049999732],[-75.4738039998982,39.9696690001526],[-75.4743200002822,39.9694830000094],[-75.4749250003547,39.9692779999611],[-75.476041999715,39.9688839999655],[-75.4771720003923,39.9684919997607],[-75.4777349997337,39.9683179998663],[-75.4794579998897,39.9677399997915],[-75.4822397436597,39.9667637443289],[-75.4834840001598,39.9663580000669],[-75.4850449999341,39.9658560000199],[-75.4861560003448,39.9654900000734],[-75.486652999564,39.9653320001343],[-75.4878729997547,39.9650030002441],[-75.4886159999195,39.9649019996797],[-75.4894250002065,39.9648469999709],[-75.4900219998831,39.9648239998166],[-75.4919380003829,39.9647640001262],[-75.4935979998913,39.9647170000451],[-75.4958919997846,39.9647470002617],[-75.4964309997349,39.9647649998346],[-75.4970080002183,39.9647929999258],[-75.5010520000317,39.964977000338],[-75.5016329998148,39.9649960002439],[-75.5027126265643,39.9650219781106],[-75.5037595896717,39.9650886030214],[-75.5048446242792,39.9651457100362],[-75.5065197639935,39.9652789602402],[-75.5089944043106,39.9654407628742],[-75.51268200023,39.9657270003301],[-75.5132449995714,39.9657379997207],[-75.5137740003742,39.9657779998683],[-75.5143309998678,39.9658119997688],[-75.5149450001612,39.9658519998731],[-75.5153660001106,39.9658800002076],[-75.5157860002352,39.9659030000065],[-75.5162580002383,39.9659369998449],[-75.5167980000135,39.9659769998761],[-75.5203301559477,39.9662117092159],[-75.5204130003798,39.9657140001717],[-75.5204629997102,39.9652240000791],[-75.5208419998269,39.9651660001448]]},"properties":{"OBJECTID_1":25,"OBJECTID":20677,"ID":"104150","TYPE":"OVERHEAD","STATUS":"IN SERVICE","NAICS_CODE":"221121","NAICS_DESC":"ELECTRIC BULK POWER TRANSMISSION AND CONTROL","SOURCE":"IMAGERY","SOURCEDATE":1480636800000,"VAL_METHOD":"IMAGERY/OTHER","VAL_DATE":1480636800000,"OWNER":"PECO ENERGY CO","VOLTAGE":-999999,"VOLT_CLASS":"UNDER 100","INFERRED":"Y","SUB_1":"UNKNOWN144370","SUB_2":"TAP146514","SHAPE__Len":14920.8603045332,"GlobalID":"52a421fe-9a2b-4ad7-bfb4-b485b27f3d94","Shape__Length":12366.524662110709}},{"type":"Feature","id":23116,"geometry":{"type":"LineString","coordinates":[[-75.6192881032173,40.2351976206629],[-75.6185695048889,40.2349263617961]]},"properties":{"OBJECTID_1":26,"OBJECTID":23116,"ID":"108712","TYPE":"OVERHEAD","STATUS":"NOT AVAILABLE","NAICS_CODE":"221121","NAICS_DESC":"ELECTRIC BULK POWER TRANSMISSION AND CONTROL","SOURCE":"IMAGERY","SOURCEDATE":1434585600000,"VAL_METHOD":"IMAGERY","VAL_DATE":1434585600000,"OWNER":"PECO ENERGY CO","VOLTAGE":-999999,"VOLT_CLASS":"NOT AVAILABLE","INFERRED":"N","SUB_1":"MOSER GENERATING STATION","SUB_2":"NOT AVAILABLE","SHAPE__Len":89.2392383411848,"GlobalID":"c73c0850-64b7-4f2a-80fd-02876712bcc5","Shape__Length":89.23926250401779}},{"type":"Feature","id":24495,"geometry":{"type":"LineString","coordinates":[[-75.8635078207732,40.1500266379138],[-75.8636922296297,40.1502348411521],[-75.8636922296297,40.150573914102],[-75.8640372509708,40.1518885663081],[-75.8663512770066,40.1530188097021],[-75.8682429493319,40.1544940761327],[-75.8705034366752,40.1555172439822],[-75.8723508660745,40.1563301246445]]},"properties":{"OBJECTID_1":27,"OBJECTID":24495,"ID":"109188","TYPE":"AC; OVERHEAD","STATUS":"IN SERVICE","NAICS_CODE":"221121","NAICS_DESC":"ELECTRIC BULK POWER TRANSMISSION AND CONTROL","SOURCE":"IMAGERY, EIA 860","SOURCEDATE":1470009600000,"VAL_METHOD":"IMAGERY","VAL_DATE":1521763200000,"OWNER":"PPL ELECTRIC UTILITIES CORP","VOLTAGE":69,"VOLT_CLASS":"UNDER 100","INFERRED":"Y","SUB_1":"UNKNOWN125042","SUB_2":"TAP141135","SHAPE__Len":3536.26100734311,"GlobalID":"6a87b74e-b753-4831-a179-7d591d5d9bc4","Shape__Length":1417.585834580259}},{"type":"Feature","id":24540,"geometry":{"type":"LineString","coordinates":[[-75.9539286907239,39.9499637343405],[-75.9536752786772,39.9501207781325],[-75.9534896813496,39.9506490188922],[-75.9522725872089,39.9512450729259],[-75.9516586857302,39.9512272281814]]},"properties":{"OBJECTID_1":28,"OBJECTID":24540,"ID":"109245","TYPE":"OVERHEAD","STATUS":"IN SERVICE","NAICS_CODE":"221121","NAICS_DESC":"ELECTRIC BULK POWER TRANSMISSION AND CONTROL","SOURCE":"IMAGERY","SOURCEDATE":1435622400000,"VAL_METHOD":"IMAGERY","VAL_DATE":1435622400000,"OWNER":"PECO ENERGY CO","VOLTAGE":-999999,"VOLT_CLASS":"NOT AVAILABLE","INFERRED":"N","SUB_1":"UNKNOWN128183","SUB_2":"UNKNOWN128184","SHAPE__Len":344.877193426309,"GlobalID":"ccade551-06aa-4dfb-b0b1-a8024a8c0535","Shape__Length":344.8771930079971}},{"type":"Feature","id":26500,"geometry":{"type":"LineString","coordinates":[[-75.5298379752205,40.1507167129913],[-75.529746684828,40.1504801911602],[-75.5250945291605,40.1503818237136],[-75.5208590875802,40.1505483872695],[-75.5167677986536,40.1490328478588],[-75.513769133302,40.1475690419451],[-75.5112156721069,40.1457155841155],[-75.5066773832915,40.1443787448911],[-75.5044564784146,40.1436898517815],[-75.5016616399027,40.1433331792988],[-75.5000737769081,40.1423571623272],[-75.4981532686622,40.141176074312],[-75.4965117780419,40.1401467350509],[-75.4949399948909,40.1389984357911],[-75.4925098732826,40.1371653470833],[-75.4910722993335,40.1360908952597],[-75.4890015918737,40.1345528416962],[-75.486963134831,40.1330148927436],[-75.4850801770623,40.1316490951944],[-75.4834654553391,40.1304883566577],[-75.4816849037161,40.1290345919407],[-75.4799517849368,40.1277443370812],[-75.4777309698914,40.1267435742326],[-75.4756174127926,40.1258329840056],[-75.4736189083221,40.1249637041136],[-75.4715804512794,40.1240530879841],[-75.468877627202,40.1228547522499],[-75.4663991753331,40.1217390622637],[-75.4635253713144,40.120442757175],[-75.4596845335873,40.1187945762322],[-75.4581836293089,40.1175470622382],[-75.4573466689587,40.1156029281755],[-75.4561884710629,40.1131496676785],[-75.4547718278598,40.1101132316568],[-75.4518754788225,40.1091942428284],[-75.4493537290552,40.1096373871673],[-75.4467685573305,40.1100398559116],[-75.445475002186,40.1102577294284]]},"properties":{"OBJECTID_1":29,"OBJECTID":26500,"ID":"111796","TYPE":"AC; OVERHEAD","STATUS":"IN SERVICE","NAICS_CODE":"221121","NAICS_DESC":"ELECTRIC BULK POWER TRANSMISSION AND CONTROL","SOURCE":"IMAGERY, OpenStreetMap, http://www.pjm.com/pub/account/trans-fac/pe.xls","SOURCEDATE":1430784000000,"VAL_METHOD":"IMAGERY","VAL_DATE":1455235200000,"OWNER":"PECO ENERGY CO","VOLTAGE":230,"VOLT_CLASS":"220-287","INFERRED":"N","SUB_1":"BETZWOOD","SUB_2":"CROMBY","SHAPE__Len":14891.5738185985,"GlobalID":"2c8429a0-a8bb-4e9e-ac51-69b4090597ae","Shape__Length":11839.701146532017}},{"type":"Feature","id":27019,"geometry":{"type":"LineString","coordinates":[[-75.472773531656,40.0551405240083],[-75.4728349889978,40.0548434527546]]},"properties":{"OBJECTID_1":30,"OBJECTID":27019,"ID":"112483","TYPE":"AC; OVERHEAD","STATUS":"IN SERVICE","NAICS_CODE":"221121","NAICS_DESC":"ELECTRIC BULK POWER TRANSMISSION AND CONTROL","SOURCE":"IMAGERY, EIA 860","SOURCEDATE":1433462400000,"VAL_METHOD":"IMAGERY","VAL_DATE":1552348800000,"OWNER":"PECO ENERGY CO","VOLTAGE":230,"VOLT_CLASS":"220-287","INFERRED":"Y","SUB_1":"UNKNOWN123441","SUB_2":"TAP141075","SHAPE__Len":43.7426705239657,"GlobalID":"8208e53f-688d-45ae-a15b-a5caf088b4dd","Shape__Length":43.7427129122391}},{"type":"Feature","id":27229,"geometry":{"type":"LineString","coordinates":[[-76.0160777721714,39.9259589926028],[-76.0145347530758,39.9262999941099],[-76.0073168778028,39.9280605559136]]},"properties":{"OBJECTID_1":31,"OBJECTID":27229,"ID":"112789","TYPE":"AC; OVERHEAD","STATUS":"IN SERVICE","NAICS_CODE":"221121","NAICS_DESC":"ELECTRIC BULK POWER TRANSMISSION AND CONTROL","SOURCE":"IMAGERY, EIA 860","SOURCEDATE":1435622400000,"VAL_METHOD":"IMAGERY","VAL_DATE":1553731200000,"OWNER":"PPL ELECTRIC UTILITIES CORP","VOLTAGE":69,"VOLT_CLASS":"UNDER 100","INFERRED":"Y","SUB_1":"TAP141119","SUB_2":"TAP141120","SHAPE__Len":18679.8605646376,"GlobalID":"e645ab1c-6b5e-4d14-bcbf-3502b7f5ef77","Shape__Length":1021.913864398104}},{"type":"Feature","id":27913,"geometry":{"type":"LineString","coordinates":[[-75.5853611055902,40.036342569202],[-75.5864548251098,40.0367104289652],[-75.5868519999413,40.0364510001744],[-75.5872450003017,40.0366740000359],[-75.5867049996282,40.0369959998445],[-75.5861880003176,40.0373049999059],[-75.5856080003595,40.0376980000177],[-75.5851480000519,40.0379659998276],[-75.5846679996529,40.0382470000729],[-75.5842390002058,40.038494999692],[-75.5837680000276,40.0387779998222],[-75.5833069998952,40.0390370002293],[-75.5828330002422,40.0393280001158],[-75.5823600004142,40.0396300000083],[-75.58177399971,40.0399560002357],[-75.5816769996256,40.0404219999134],[-75.5816769996256,40.0408429998105],[-75.5816719996027,40.0413069996883],[-75.5816859998464,40.0418400002784],[-75.5823360001248,40.0418359997669],[-75.5827570000743,40.0418359997669],[-75.5832640002375,40.0418309999869],[-75.5836540002248,40.0418280001187],[-75.5843179998485,40.0418519997483],[-75.5854109998177,40.0415290002146],[-75.5860169997151,40.0413569999195],[-75.5866469999019,40.0411770001536],[-75.5872820001116,40.0409860002606],[-75.5879469995603,40.0407840001482],[-75.5886370000216,40.040564999871],[-75.5893170004371,40.0403490001994],[-75.5900179998708,40.0401090002966],[-75.5906380000119,40.0398969998059],[-75.5911610000686,40.0397150003381],[-75.5919900004471,40.0394270000139],[-75.5924790001686,40.0392100001815],[-75.5930089998981,40.039009000307],[-75.593526000107,40.0388189998434],[-75.5942719997465,40.0385219998207],[-75.5949320000706,40.0382790003406],[-75.5953689999136,40.0381090001216],[-75.5960250000397,40.0378539996862],[-75.5967070001051,40.037595000288],[-75.5973099996295,40.0373639998274],[-75.5978150001428,40.037176000331],[-75.5983929995529,40.0369520000202],[-75.5988260000962,40.0367870000821],[-75.5992959995512,40.0366049998791],[-75.5997709999273,40.0364280000546],[-75.6002449995803,40.0362440001931],[-75.6007130002837,40.0360739997154],[-75.6011950003326,40.0358890002311],[-75.6016730001834,40.0357069996949],[-75.6021379996156,40.0355310003393],[-75.6026070001439,40.0353490002232],[-75.603071999576,40.035175000051],[-75.6035419999293,40.0349969998978],[-75.6040030000618,40.0348230002032],[-75.6044869997604,40.034641000261],[-75.6049269999765,40.0344789997376],[-75.6054290001168,40.0342940000533],[-75.6059139996404,40.0341150002827],[-75.606373000123,40.0339400003294],[-75.6068250000346,40.03376800015],[-75.6072690004486,40.0335989997671],[-75.6077649998429,40.033410000129],[-75.6082450002419,40.0332269997729],[-75.6087080000242,40.0330500001227],[-75.6091850000501,40.0328500000624],[-75.6094190004019,40.0325869998641],[-75.6100529998884,40.0323630002999],[-75.610508000173,40.032194999972],[-75.6109690003055,40.0320220001067],[-75.611093000154,40.0322180001437],[-75.6114489998062,40.032681000156],[-75.6117090000972,40.0330520002923],[-75.6119300000301,40.033410000129],[-75.6121740004276,40.0337729998334],[-75.6125350001026,40.034309999741],[-75.6129049999985,40.0348450001179],[-75.6132699998715,40.0353870000911],[-75.6136719995544,40.0359830000987],[-75.6140449998233,40.0364779997369],[-75.6143689996884,40.0369429997712],[-75.6148180001253,40.0372340003407],[-75.6152769997096,40.0375180002214],[-75.6157410002151,40.0378129997726],[-75.6160359997678,40.0379749999416],[-75.6167060001377,40.0383610002705],[-75.6170300000028,40.0385459999262],[-75.6173649997385,40.0387339997722],[-75.617902000039,40.0390060003147],[-75.6181070000784,40.0392479999611],[-75.6183110002929,40.0395089999387],[-75.6184989997155,40.0397659996598],[-75.6187909997936,40.0400840000719],[-75.618991999635,40.0405500002503],[-75.6194849995545,40.0409159996834],[-75.6199540000829,40.0412770000822],[-75.6204579998731,40.0416559998902],[-75.6209549999905,40.0420370002483],[-75.6214269999936,40.0424159999581],[-75.6217600000795,40.042638000312],[-75.62229700038,40.0430170001194],[-75.6228599997214,40.0434889997863],[-75.6233629996866,40.0438739999215],[-75.6238580001543,40.0442609997865],[-75.6244167459728,40.0445840647752],[-75.6248730003056,40.0446310002776],[-75.6255600003938,40.0446919998777],[-75.6262990003606,40.0446810001342],[-75.6272500000396,40.0446919998777],[-75.6276130002627,40.0453029996584],[-75.6277379999362,40.0455429998459],[-75.6281670002816,40.0460739998541],[-75.6283620002752,40.0463549996936],[-75.6286490003304,40.0467680003339],[-75.6289430000583,40.0471249998036],[-75.6292169996947,40.0474160002419],[-75.6295909997885,40.047816000294],[-75.6298800003918,40.0480530002921],[-75.6303280001055,40.0483899999642],[-75.6307709997962,40.0487410000634],[-75.6310930000115,40.0489840000783],[-75.6314989998924,40.0492499998429],[-75.6318810003821,40.049503999761],[-75.6326722858917,40.0500258926892],[-75.6331303332618,40.0502519411706],[-75.6336181220544,40.050400658189],[-75.6341594486412,40.0504672830274],[-75.6347162433189,40.0504101758306],[-75.6352468628859,40.0503019100865],[-75.6356882527957,40.0501186916953],[-75.6381807390443,40.0522530676588],[-75.63910634874,40.0530811210703],[-75.6394918221166,40.0534023482191],[-75.6401949523541,40.0540376640779],[-75.6405185587571,40.0543148712824],[-75.6410265740166,40.0548157481146],[-75.6414358410701,40.055087005842],[-75.6417998986104,40.0553154351701],[-75.6423233801641,40.0555438630449],[-75.6432406615788,40.0559031612188],[-75.6439806748453,40.0560602063023],[-75.6453536239929,40.056124450695],[-75.6472869359266,40.0561601431441],[-75.647827073144,40.0561375381578],[-75.6507454821098,40.0560518782828],[-75.6519375923059,40.0560863798747],[-75.6532153631525,40.0562148713006],[-75.6550380295926,40.0565360981179],[-75.6566727199663,40.056834720041],[-75.6607927558803,40.0575711639245],[-75.6621633262891,40.0578781139221],[-75.6626404080617,40.058045866016],[-75.6626582539932,40.0583908882424],[-75.6631698382593,40.0586585770647],[-75.6636754729833,40.0585158103279],[-75.6653351481999,40.0596496227059],[-75.6658205582536,40.0593926408765],[-75.6683915653428,40.0613461783079],[-75.6692065313416,40.0620635860981],[-75.6710625100074,40.0636126147411],[-75.6736596922074,40.0657576991837],[-75.6755989527849,40.0673590758251],[-75.676791062981,40.0684155572644],[-75.6793251888379,40.0702501219083],[-75.6798177369048,40.0705427951329],[-75.6800913754185,40.0707521877326],[-75.6819473549826,40.0721227567657],[-75.6831834853226,40.0731637718024],[-75.6835088757797,40.073614679276],[-75.6835064961425,40.0740596391077],[-75.6834255947664,40.0750221312036],[-75.6834220257597,40.075502782028],[-75.6834636662664,40.0760928882515],[-75.6837194579503,40.0769304580214],[-75.6840264086896,40.0777430441378],[-75.6843571540042,40.0786270142403],[-75.6847045549824,40.0795454859493],[-75.685068613421,40.0804865628043],[-75.6854291010563,40.081337220264],[-75.6855992320897,40.0817833688825],[-75.6857967276032,40.0822009639855],[-75.6859168898489,40.0827482398903],[-75.6862952252122,40.0830409137023],[-75.6867223381972,40.0834359051633],[-75.6871542095583,40.083815429307],[-75.6875718048928,40.0842056601581],[-75.687964417181,40.0845625789576],[-75.6883736842346,40.0849123597237],[-75.6888686119387,40.0852561922645],[-75.6893254681427,40.0855203129677],[-75.6898108781964,40.0858843698703],[-75.6912100006581,40.0864268870085],[-75.6919048044113,40.0880056602154],[-75.6920689868008,40.0884339631088],[-75.6924401832526,40.0892834299174],[-75.6931742460786,40.0911287022933],[-75.6938226500507,40.0924980819053],[-75.6949850161294,40.0952404108808],[-75.6950290362733,40.0956104169828],[-75.695328848101,40.0961505552379],[-75.6952074955876,40.097919684005],[-75.6951634763421,40.0987108552757],[-75.6922224621705,40.0985823643019],[-75.6918584037319,40.0979827399851]]},"properties":{"OBJECTID_1":32,"OBJECTID":27913,"ID":"113705","TYPE":"OVERHEAD","STATUS":"NOT AVAILABLE","NAICS_CODE":"221121","NAICS_DESC":"ELECTRIC BULK POWER TRANSMISSION AND CONTROL","SOURCE":"IMAGERY","SOURCEDATE":1480636800000,"VAL_METHOD":"UNVERIFIED","VAL_DATE":1480636800000,"OWNER":"PECO ENERGY CO","VOLTAGE":-999999,"VOLT_CLASS":"NOT AVAILABLE","INFERRED":"N","SUB_1":"UNKNOWN123421","SUB_2":"UNKNOWN146516","SHAPE__Len":20177.847016904,"GlobalID":"eee72579-1197-469f-8e16-9c2fbaeebcf2","Shape__Length":20177.847236890324}},{"type":"Feature","id":27980,"geometry":{"type":"LineString","coordinates":[[-75.5735687717352,40.2274057018996],[-75.5743308745744,40.2268803809515],[-75.5774024840254,40.22459787717],[-75.5803514734401,40.2225755278677],[-75.5825150675986,40.2215385162975],[-75.5827275443161,40.2206881197773]]},"properties":{"OBJECTID_1":33,"OBJECTID":27980,"ID":"113802","TYPE":"AC; OVERHEAD","STATUS":"IN SERVICE","NAICS_CODE":"221121","NAICS_DESC":"ELECTRIC BULK POWER TRANSMISSION AND CONTROL","SOURCE":"IMAGERY, OpenStreetMap, http://www.pjm.com/pub/account/trans-fac/pe.xls","SOURCEDATE":1430784000000,"VAL_METHOD":"IMAGERY","VAL_DATE":1433894400000,"OWNER":"PECO ENERGY CO","VOLTAGE":500,"VOLT_CLASS":"500","INFERRED":"N","SUB_1":"WHITPAIN","SUB_2":"LIMERICK (500KV SUB)","SHAPE__Len":33507.9904441815,"GlobalID":"4d02e1d6-3fc2-4121-811e-1d72f0d3652d","Shape__Length":1443.2798916556349}},{"type":"Feature","id":29250,"geometry":{"type":"LineString","coordinates":[[-75.3876230038153,40.0834529799498],[-75.388081819245,40.0832872678083],[-75.3898757548674,40.0825714320578],[-75.3919871551112,40.0820000627135],[-75.3936119379656,40.081524434686],[-75.3951285636598,40.0810806948427],[-75.3962156392396,40.079724431723],[-75.3968687908079,40.0794439509584]]},"properties":{"OBJECTID_1":34,"OBJECTID":29250,"ID":"115551","TYPE":"AC; OVERHEAD","STATUS":"IN SERVICE","NAICS_CODE":"221121","NAICS_DESC":"ELECTRIC BULK POWER TRANSMISSION AND CONTROL","SOURCE":"IMAGERY, OpenStreetMap, EIA 860","SOURCEDATE":1433376000000,"VAL_METHOD":"IMAGERY","VAL_DATE":1552348800000,"OWNER":"PECO ENERGY CO","VOLTAGE":230,"VOLT_CLASS":"220-287","INFERRED":"Y","SUB_1":"UNKNOWN123442","SUB_2":"PLYMOUTH MEETING","SHAPE__Len":11828.0091463407,"GlobalID":"07e44e76-fb07-43bf-8cb5-1e61d18de750","Shape__Length":1220.2730376426064}},{"type":"Feature","id":29328,"geometry":{"type":"LineString","coordinates":[[-75.529296646837,40.1528939202832],[-75.5286779878806,40.1530366868304],[-75.5261260160922,40.1532448897672],[-75.5245020327385,40.1546725673124],[-75.5215574495602,40.1591637989457],[-75.5208852528095,40.1646900967596],[-75.5206175629397,40.1667245373203],[-75.5207365358159,40.1711979231143],[-75.5183154350897,40.173589281939],[-75.5142451173334,40.1775835485578]]},"properties":{"OBJECTID_1":35,"OBJECTID":29328,"ID":"115670","TYPE":"AC; OVERHEAD","STATUS":"IN SERVICE","NAICS_CODE":"221121","NAICS_DESC":"ELECTRIC BULK POWER TRANSMISSION AND CONTROL","SOURCE":"IMAGERY, http://www.pjm.com/pub/account/trans-fac/pe.xls","SOURCEDATE":1433376000000,"VAL_METHOD":"IMAGERY","VAL_DATE":1433894400000,"OWNER":"PECO ENERGY CO","VOLTAGE":138,"VOLT_CLASS":"100-161","INFERRED":"N","SUB_1":"CROMBY GENERATING STATION","SUB_2":"PERKIOMEN","SHAPE__Len":13709.5060280106,"GlobalID":"c6c19d97-6d07-47d3-9bb7-183cbe8063b9","Shape__Length":4300.974986484236}},{"type":"Feature","id":29778,"geometry":{"type":"LineString","coordinates":[[-75.9475800325064,40.1236894502834],[-75.9455092531814,40.1191850770697],[-75.938115078144,40.1172398673358],[-75.9332431307776,40.1159787528589],[-75.9284366202897,40.1167580266735],[-75.9275978597157,40.1143250282],[-75.9270505835867,40.1137301620344],[-75.9264200273427,40.1131412463368],[-75.9202512738288,40.1089295997746],[-75.9164441372979,40.1044324190767],[-75.9150343060196,40.1026656687132],[-75.9147725647936,40.1024098771156]]},"properties":{"OBJECTID_1":36,"OBJECTID":29778,"ID":"116293","TYPE":"AC; OVERHEAD","STATUS":"IN SERVICE","NAICS_CODE":"221121","NAICS_DESC":"ELECTRIC BULK POWER TRANSMISSION AND CONTROL","SOURCE":"IMAGERY, EIA 860","SOURCEDATE":1435622400000,"VAL_METHOD":"IMAGERY","VAL_DATE":1521763200000,"OWNER":"PPL ELECTRIC UTILITIES CORP","VOLTAGE":69,"VOLT_CLASS":"UNDER 100","INFERRED":"Y","SUB_1":"UNKNOWN128187","SUB_2":"TAP140258","SHAPE__Len":6876.89700307202,"GlobalID":"2ddf4372-09cb-4c4d-b11e-7067540553c9","Shape__Length":5316.779408497466}},{"type":"Feature","id":30484,"geometry":{"type":"LineString","coordinates":[[-76.0162063004273,39.9277792536813],[-76.0122140309978,39.9286241502586],[-76.0082057482001,39.9288479618003],[-75.9946531350031,39.9300260509334],[-75.9861816634461,39.9331917452707],[-75.9766115496016,39.9355347326931],[-75.9716848301557,39.9360809492409],[-75.9649299483768,39.9376275472787],[-75.9563560859453,39.9396270002164],[-75.9474759384262,39.9414472876585],[-75.9428788189429,39.9429035181476],[-75.9300225914323,39.9462514190422],[-75.922375046569,39.9470311950936],[-75.9124764457746,39.9523832898481],[-75.9055950443727,39.9570946230286],[-75.901801470606,39.9596309347831],[-75.9032572803554,39.9655079911886],[-75.904000636253,39.968508739142],[-75.9059376869749,39.9761612438951],[-75.9064839390245,39.9802398933103],[-75.9069352526232,39.9833482669099],[-75.9073547658609,39.9862373492043],[-75.9055673879401,39.9892296836835],[-75.9041532600198,39.9915968377907],[-75.8995880217459,39.9927801772706],[-75.8955272773356,39.993832666664],[-75.8911041273868,40.0033513451566],[-75.8897763877525,40.0063922958485],[-75.8867354360055,40.0135092641955],[-75.8838372526083,40.0167643672214],[-75.8784593767688,40.0226902297242],[-75.8760151507122,40.0254327782464],[-75.8734773202031,40.0282801833232],[-75.8712252437858,40.0296469546992],[-75.8676837256097,40.0317961786918],[-75.8647689620073,40.0342084901811],[-75.8627262828828,40.0358988858017],[-75.8601478494211,40.0380326450722],[-75.8538822790791,40.0389132549565],[-75.8505089264224,40.0400700532836],[-75.8478963551833,40.0409659726919],[-75.8453935589702,40.0418242623185],[-75.8430244320714,40.0443459757751],[-75.8378803427847,40.0497294200876],[-75.8342768165994,40.0547906858985],[-75.8324123416677,40.0573817659368],[-75.8292241533507,40.0595532277331],[-75.8274603112903,40.0607830360101],[-75.822408005571,40.064305676263],[-75.8194297319764,40.066382171728],[-75.8110543002047,40.0745567159031],[-75.8090270613232,40.0765167287125],[-75.8078836856296,40.0793987742999],[-75.8068141002484,40.0822233390069],[-75.8014960045961,40.0865706137933],[-75.7984550537475,40.0890690478148],[-75.7931155431571,40.0910392420474],[-75.7875446597873,40.0939260536889],[-75.7842562868582,40.0956600488951],[-75.7797402762619,40.0980410331985],[-75.7757162729467,40.1001627451894],[-75.771263952904,40.1016783499862],[-75.7671735640893,40.1030706536759],[-75.7643977698614,40.1040155608876],[-75.7610391486771,40.1051587483141],[-75.752198332096,40.1132467521122],[-75.7503280747088,40.1171086167731],[-75.7485220639324,40.1209562048103],[-75.7370151437078,40.126012190665],[-75.7252305048215,40.1344252357131],[-75.7126478026369,40.1418662290033],[-75.7077897135804,40.1447531277611],[-75.7068370502216,40.1482172458473],[-75.6941657157594,40.1536640112823],[-75.6856599276602,40.1632805962574],[-75.6788734835737,40.173097555753],[-75.6765560098037,40.1838260596619],[-75.6645654770544,40.1920025462804],[-75.6646317870954,40.1960091641079],[-75.6546777207221,40.199712575828],[-75.6467470340677,40.202800239243],[-75.6435020497669,40.2059171937498],[-75.6408847183551,40.2084310453277],[-75.6375556517437,40.2101741922342],[-75.6352886632927,40.2113610772771],[-75.6329725369957,40.2131983361513],[-75.6286614752348,40.2166605061969],[-75.6189464218125,40.2197242447657],[-75.6138279147483,40.2221285081634],[-75.6100887636165,40.2215068847893],[-75.6071095009767,40.222124889325],[-75.6031346184395,40.2228637607438],[-75.5955251010588,40.2194301989696],[-75.5890803132244,40.2199809892499],[-75.5863685688762,40.220207480727],[-75.5838895366957,40.2192660159111],[-75.5828524128355,40.2196983817702],[-75.5827275443161,40.2206881197773]]},"properties":{"OBJECTID_1":37,"OBJECTID":30484,"ID":"117214","TYPE":"AC; OVERHEAD","STATUS":"IN SERVICE","NAICS_CODE":"221121","NAICS_DESC":"ELECTRIC BULK POWER TRANSMISSION AND CONTROL","SOURCE":"IMAGERY, OpenStreetMap, http://www.pjm.com/markets-and-operations/transmission-service/transmission-facilities.aspx","SOURCEDATE":1430784000000,"VAL_METHOD":"IMAGERY","VAL_DATE":1443744000000,"OWNER":"PECO ENERGY CO","VOLTAGE":500,"VOLT_CLASS":"500","INFERRED":"N","SUB_1":"LIMERICK (500KV SUB)","SUB_2":"PEACH BOTTOM","SHAPE__Len":119376.862738374,"GlobalID":"b4119158-3a44-4225-8170-6b2ffc545f5c","Shape__Length":71182.31488582618}},{"type":"Feature","id":33999,"geometry":{"type":"LineString","coordinates":[[-75.6696672601828,39.9691869842506],[-75.6692342758092,39.9692766547123],[-75.6684252593525,39.9691291288129],[-75.6676569554428,39.9691766910864]]},"properties":{"OBJECTID_1":38,"OBJECTID":33999,"ID":"121449","TYPE":"AC; OVERHEAD","STATUS":"IN SERVICE","NAICS_CODE":"221121","NAICS_DESC":"ELECTRIC BULK POWER TRANSMISSION AND CONTROL","SOURCE":"IMAGERY, EIA 860","SOURCEDATE":1433462400000,"VAL_METHOD":"IMAGERY","VAL_DATE":1491177600000,"OWNER":"PECO ENERGY CO","VOLTAGE":230,"VOLT_CLASS":"220-287","INFERRED":"Y","SUB_1":"UNKNOWN123419","SUB_2":"TAP141076","SHAPE__Len":228.307736707069,"GlobalID":"20c89410-6b36-4f4b-94d8-630171dfe7d2","Shape__Length":228.30768742229094}},{"type":"Feature","id":40570,"geometry":{"type":"LineString","coordinates":[[-75.573396458694,40.2269967214954],[-75.5740364068243,40.2265324452109],[-75.5775588807164,40.2240102806631],[-75.5793733877588,40.2214410378958],[-75.5816103248686,40.220225648137],[-75.5827275443161,40.2206881197773]]},"properties":{"OBJECTID_1":39,"OBJECTID":40570,"ID":"129442","TYPE":"AC; OVERHEAD","STATUS":"IN SERVICE","NAICS_CODE":"221121","NAICS_DESC":"ELECTRIC BULK POWER TRANSMISSION AND CONTROL","SOURCE":"IMAGERY, OpenStreetMap, http://www.pjm.com/pub/account/trans-fac/pe.xls","SOURCEDATE":1430784000000,"VAL_METHOD":"IMAGERY","VAL_DATE":1433894400000,"OWNER":"PECO ENERGY CO","VOLTAGE":500,"VOLT_CLASS":"500","INFERRED":"N","SUB_1":"WHITPAIN","SUB_2":"LIMERICK (500KV SUB)","SHAPE__Len":33595.5753534773,"GlobalID":"0e2acf53-724f-4240-a7fe-3e23a2c0523e","Shape__Length":1508.5047661586284}},{"type":"Feature","id":44394,"geometry":{"type":"LineString","coordinates":[[-75.5348924566593,39.9760341236847],[-75.5350930001566,39.9764189998875],[-75.5354599996794,39.976275999725],[-75.5354820003191,39.976131999721],[-75.5356980002291,39.9764300003112],[-75.5359740004137,39.9768279996825],[-75.5361529996155,39.9771509998795],[-75.5364770003789,39.9775319997434],[-75.5368020000689,39.9781039997876],[-75.5372470003078,39.9786539997363],[-75.537710999915,39.9792029998912],[-75.5380480001989,39.9796200002925],[-75.5384649999504,39.9800370002141],[-75.5388099997319,39.9804709997443],[-75.5391329997721,39.9808959998895],[-75.5394430002918,39.9813329999337],[-75.5397489997153,39.9817609999803],[-75.5400919998469,39.9822000002823],[-75.5403980001687,39.9826220002799],[-75.5407349995543,39.9830559999107],[-75.5410529995716,39.9834900002263],[-75.5413899998555,39.9839179998391],[-75.5416970000021,39.9843679998824],[-75.5419199995849,39.9847519997413],[-75.5421740000281,39.9851080001777],[-75.5424150000525,39.9854780000728],[-75.5427489999634,39.9859149997193],[-75.5430279996226,39.9863679999286],[-75.5431220002323,39.9868479998172],[-75.5430750003766,39.9873309999746],[-75.543016999752,39.9877320000442],[-75.54298400014,39.9881739999976],[-75.5429370002844,39.988638000204],[-75.5429559996526,39.9889440002828],[-75.5430080004295,39.9892679996818],[-75.5430720000036,39.9896209998863],[-75.5431819996084,39.9900519997118],[-75.5432569999515,39.9907400002187],[-75.5433559996857,39.9912870002853],[-75.5434169997851,39.9918610001141],[-75.5436269998473,39.9922810003235],[-75.5437020001904,39.9927089999184],[-75.543793000427,39.993157999883],[-75.5439890002456,39.9939679998964],[-75.5441430002314,39.9946050001744],[-75.54423000027,39.9950200002568],[-75.5444000001493,39.995565999822],[-75.5447569996264,39.9959140001182],[-75.5449030001146,39.9962820001081],[-75.5450660003212,39.9966500001795],[-75.5452250003299,39.9970259997302],[-75.5454269999962,39.9974879998394],[-75.5455679995632,39.9978020001791],[-75.5457190000743,39.9981580000452],[-75.545941999657,39.9987119998723],[-75.5461519997193,39.9991810002139],[-75.546354000284,39.9996240002869],[-75.546574000392,40.0001130002147],[-75.5468110002185,40.000448000304],[-75.5470320001514,40.0008920002828],[-75.5472649997799,40.0013519999745],[-75.54748099969,40.0018129998624],[-75.547700999798,40.0022790000055],[-75.5478990001647,40.0027259999878],[-75.5477819981922,40.0031932916887],[-75.5471800002894,40.0034870001422],[-75.5465090000947,40.0039069997279],[-75.5461960001002,40.0041469997073],[-75.5460460003124,40.0044459997114],[-75.5458019999149,40.0048780000603],[-75.5456579999749,40.005349000317],[-75.5456510003022,40.0058290003034],[-75.5457120004016,40.0063799997683],[-75.545761999732,40.0067479997775],[-75.5457769998006,40.0072359998264],[-75.5458220000064,40.0076259997855],[-75.5459090000451,40.0079909999782],[-75.5461140000845,40.0084470002876],[-75.5463440002382,40.0089200001919],[-75.5466349995931,40.0093180001847],[-75.5468539998762,40.0096220003241],[-75.5471450001293,40.010091999767],[-75.5473910001766,40.0105069999885],[-75.5475400001395,40.0108249998947],[-75.5476639999881,40.0112569997827],[-75.5476639999881,40.011633999795],[-75.5476160003075,40.0120420002764],[-75.5475200000481,40.0123060002596],[-75.5473889996285,40.0126420000748],[-75.5472790000236,40.01300899966],[-75.547304000138,40.0135870000181],[-75.5473679997121,40.0139390000568],[-75.5474229999637,40.0142410002223],[-75.5475109998272,40.0145699997177],[-75.5476260003532,40.0150019999821],[-75.5477209998895,40.015246000178],[-75.5478599998067,40.0156019999026],[-75.5479870000283,40.015994000203],[-75.5480969996331,40.0163969998072],[-75.5481710001513,40.0169349999195],[-75.5481710001513,40.0172589999818],[-75.5482039997633,40.0178429999033],[-75.5482070001363,40.0183740002754],[-75.5482110003343,40.0189889996817],[-75.5481760001742,40.0192849998586],[-75.5480420002799,40.0198029998304],[-75.547884999921,40.0203400003366],[-75.5477870000118,40.020770000006],[-75.5477789996158,40.02120899998],[-75.5477710001182,40.0216319999751],[-75.547708000369,40.0220349999916],[-75.5477479996537,40.0225159998246],[-75.5478139997759,40.0229700003104],[-75.5478680002026,40.0233470002831],[-75.5479040001876,40.0237580001937],[-75.547993999701,40.0241959999891],[-75.5483340003579,40.0248130003001],[-75.5486249997127,40.0250639998478],[-75.5489519999509,40.0253370000779],[-75.5493600003799,40.0256479996942],[-75.5500800000801,40.0261639998273],[-75.5504509998009,40.0264289997039],[-75.5507110000919,40.0267089998437],[-75.5511219999956,40.0267770002054],[-75.5514619997542,40.0270360001024],[-75.5518989995973,40.027372999787],[-75.5523410003614,40.0277030001041],[-75.5528030003188,40.0280670000737],[-75.5533830002769,40.0285760001172],[-75.5537859997847,40.0289300001677],[-75.5540219997863,40.029137000337],[-75.5544100001238,40.0295439999014],[-75.5546019997444,40.0298409998169],[-75.5547850000425,40.0300959999494],[-75.5553049997262,40.0307790001235],[-75.5555499999486,40.0311180001143],[-75.5558450003997,40.0314509998346],[-75.5562695352198,40.0319681136856],[-75.556668999857,40.0326280001683],[-75.5569469996913,40.0330410000466],[-75.557189000439,40.033398999941],[-75.5573409998766,40.0336269998473],[-75.5575009997102,40.0338379998114],[-75.5576840000083,40.0340720000449],[-75.5581080003308,40.034697000242],[-75.5583860001652,40.0350829998676],[-75.5585879998316,40.0353210001622],[-75.558796000244,40.0355779998482],[-75.5591860002314,40.0358430002927],[-75.5593529997376,40.036176000328],[-75.5595720000207,40.0366190003352],[-75.5598270002889,40.0370759998901],[-75.5601760002683,40.0374229996979],[-75.5605829999741,40.0373560003423],[-75.561241999575,40.0372610002809],[-75.5616430003313,40.0371899999821],[-75.5621610003651,40.0370989997913],[-75.5626659999802,40.0370340001702],[-75.5632009997325,40.0369489999373],[-75.563693999652,40.0368519999386],[-75.5641520003097,40.036768000197],[-75.5646610001227,40.0366610003107],[-75.5651540000422,40.0365700001018],[-75.5656849995966,40.0364670000438],[-75.5661990003308,40.036367999975],[-75.5667680004183,40.03625599996],[-75.567319999889,40.0361489999582],[-75.5677330003409,40.0360710002817],[-75.5682780001389,40.0359660000738],[-75.5688110002414,40.0358639998348],[-75.5692809996963,40.0357739999828],[-75.5697800003619,40.0356779997346],[-75.570132999641,40.0356110000402],[-75.5704580002294,40.0355489998331],[-75.5710289999667,40.0354560001047],[-75.5714459997182,40.0353699999175],[-75.5717999997205,40.0352930000898],[-75.5723379998459,40.0351859999525],[-75.5727749996889,40.0351010001674],[-75.5731949998135,40.0350189997565],[-75.5737160002203,40.0349270000503],[-75.5740540003291,40.0348680000837],[-75.5746550002037,40.0347599999078],[-75.5750800003511,40.0346589999897],[-75.5755289998897,40.0345549997339],[-75.5760140003116,40.0344689997861],[-75.5764369999109,40.0343829997299],[-75.5769330002034,40.0342940000533],[-75.5772579998934,40.0342279997546],[-75.5778999997759,40.0341659996658],[-75.5783020003571,40.0344569997048],[-75.5787419996748,40.0348230002032],[-75.579136999685,40.0350790003353],[-75.5797769999176,40.0355779998482],[-75.5801900003695,40.0359830000987],[-75.5805290003032,40.0363760002638],[-75.5808590000161,40.036821999748],[-75.5812880003615,40.0371009998422],[-75.58244200043,40.0373959998218],[-75.5827779999907,40.037405000011],[-75.583316000116,40.0373180001961],[-75.5838009996396,40.0372349996764],[-75.5843069999779,40.03713099991],[-75.5847410003461,40.036959000213],[-75.5853611055902,40.036342569202]]},"properties":{"OBJECTID_1":40,"OBJECTID":44394,"ID":"134073","TYPE":"OVERHEAD","STATUS":"IN SERVICE","NAICS_CODE":"221121","NAICS_DESC":"ELECTRIC BULK POWER TRANSMISSION AND CONTROL","SOURCE":"IMAGERY","SOURCEDATE":1480636800000,"VAL_METHOD":"IMAGERY/OTHER","VAL_DATE":1480636800000,"OWNER":"PECO ENERGY CO","VOLTAGE":-999999,"VOLT_CLASS":"NOT AVAILABLE","INFERRED":"N","SUB_1":"UNKNOWN123421","SUB_2":"UNKNOWN146515","SHAPE__Len":13101.0833699585,"GlobalID":"1dfa4739-a05a-4af3-ad43-006958e32bf2","Shape__Length":13101.08327562241}},{"type":"Feature","id":44837,"geometry":{"type":"LineString","coordinates":[[-75.4900324356117,39.9430493932864],[-75.490238999618,39.9430739999786],[-75.4908629999571,39.9431600000508],[-75.4914379998924,39.9432220001479],[-75.4919669997969,39.9432880002784],[-75.4928520002519,39.9433929997913],[-75.4931929998354,39.9433150001882],[-75.4938039997557,39.9433790001869],[-75.4944280000947,39.9434539996573],[-75.4949489996033,39.9435500001266],[-75.495556000224,39.9436829997076],[-75.4961589997483,39.9438289999081],[-75.4967839999123,39.9440070001839],[-75.4973980002056,39.9441679998371],[-75.4980330004153,39.944338999871],[-75.4986679997267,39.9445000001203],[-75.4992999995634,39.944652999972],[-75.4999029999861,39.9448100001709],[-75.5004920001651,39.9449849999679],[-75.5010200002447,39.9451350001263],[-75.5015519996239,39.9452849999559],[-75.5020660003581,39.9454310001813],[-75.5026770002784,39.9456310001634],[-75.5032329999471,39.9458920000081],[-75.5036439998508,39.9461099996825],[-75.5040899999147,39.9464339996842],[-75.504407999932,39.9466489997779],[-75.5048570003689,39.9469270000378],[-75.5053140003034,39.9472160001606],[-75.5056509996889,39.947410999935],[-75.5061150001945,39.9476950002896],[-75.5065930000453,39.9479610002945],[-75.5070499999798,39.9481989999658],[-75.5075400004246,39.9484660000236],[-75.5080609999332,39.9487590003012],[-75.5085370001342,39.9490559997648],[-75.5094869999882,39.9496789996559],[-75.5099720004101,39.9500429996821],[-75.5104190002989,39.9503190000832],[-75.5111139998847,39.9508740000337],[-75.5117420004218,39.9514590001505],[-75.5121020002719,39.9518190000663],[-75.5124510002513,39.9522089996732],[-75.5128181983018,39.9525821559948],[-75.5129130002087,39.953089000169],[-75.5131390001645,39.9534379997788],[-75.5133679995951,39.9537909998377],[-75.5136460003277,39.9542030003352],[-75.5139629996218,39.95463899973],[-75.514217000065,39.9549739997078],[-75.5146070000524,39.9554820002166],[-75.5149970000397,39.9559920000683],[-75.5153529996918,39.9564679998496],[-75.5157240003109,39.9569659999891],[-75.5162330001239,39.9575909997613],[-75.5165710002328,39.9580060002002],[-75.5169029995955,39.9584509997227],[-75.517214999765,39.9588580000279],[-75.5175639997445,39.9592900002004],[-75.5180577713168,39.9596134626699],[-75.5186979997215,39.9604789999724],[-75.5196781838673,39.9617478402002],[-75.519956580757,39.9621690053017],[-75.5200839995935,39.9625650001025],[-75.5201920004469,39.9629439998708],[-75.5203189997702,39.9633840002874],[-75.5204550002126,39.9638489998721],[-75.5205790000612,39.9642939999263],[-75.5206960002371,39.9647570001015],[-75.5208419998269,39.9651660001448]]},"properties":{"OBJECTID_1":41,"OBJECTID":44837,"ID":"134605","TYPE":"OVERHEAD","STATUS":"IN SERVICE","NAICS_CODE":"221121","NAICS_DESC":"ELECTRIC BULK POWER TRANSMISSION AND CONTROL","SOURCE":"IMAGERY","SOURCEDATE":1480636800000,"VAL_METHOD":"IMAGERY/OTHER","VAL_DATE":1480636800000,"OWNER":"PECO ENERGY CO","VOLTAGE":-999999,"VOLT_CLASS":"UNDER 100","INFERRED":"Y","SUB_1":"MIDDLETOWN","SUB_2":"TAP146514","SHAPE__Len":17032.7327064354,"GlobalID":"23019b00-0217-488f-91e9-a05ecc743fa0","Shape__Length":5052.131098381898}},{"type":"Feature","id":49419,"geometry":{"type":"LineString","coordinates":[[-75.6185695048889,40.2349263617961],[-75.6180888541096,40.2346503452806],[-75.6167182845992,40.2310240456868],[-75.61802222876,40.2296867887897],[-75.6195593611954,40.22781653231],[-75.621881714614,40.2249849740748],[-75.6281063846612,40.2215252377329],[-75.6353209110148,40.2174896722785],[-75.6393993073204,40.213568320258],[-75.641074447933,40.213473142187],[-75.6399287366197,40.2125893699081],[-75.6380727579539,40.2111141040031],[-75.6357111427674,40.2092581250208],[-75.634087160312,40.207931575096],[-75.6317374433115,40.2060577500882],[-75.6298874123912,40.2046122271051],[-75.6278827158335,40.2029941943164],[-75.6259672498313,40.2008705250939],[-75.6226835939558,40.197194257226],[-75.6190370699095,40.1931075332431],[-75.6153191621374,40.1889315787655],[-75.6116964317681,40.1848448550973],[-75.6081093950582,40.1808176166829],[-75.6065270531094,40.1790687129339],[-75.6010245503973,40.1767784819898],[-75.5982227337722,40.1756244427805],[-75.5931604307021,40.1735245690999],[-75.5863908650616,40.1698245070341],[-75.5837675086492,40.1683849327105],[-75.5814534826133,40.1671357163299],[-75.5756178549494,40.1650953280494],[-75.5697822272855,40.1630489916726],[-75.5645712072219,40.1612287040792],[-75.5575280030677,40.1570170578055],[-75.5545179839092,40.1571895692586],[-75.5514603773968,40.1573442338058],[-75.5486526130263,40.1564281422502],[-75.5412762839203,40.1540070397504],[-75.5316811070794,40.15091968889],[-75.5311040877314,40.15072338427],[-75.5298379752205,40.1507167129913]]},"properties":{"OBJECTID_1":42,"OBJECTID":49419,"ID":"140175","TYPE":"OVERHEAD","STATUS":"IN SERVICE","NAICS_CODE":"221121","NAICS_DESC":"ELECTRIC BULK POWER TRANSMISSION AND CONTROL","SOURCE":"IMAGERY","SOURCEDATE":1434585600000,"VAL_METHOD":"IMAGERY","VAL_DATE":1434585600000,"OWNER":"PECO ENERGY CO","VOLTAGE":-999999,"VOLT_CLASS":"NOT AVAILABLE","INFERRED":"N","SUB_1":"MOSER GENERATING STATION","SUB_2":"CROMBY","SHAPE__Len":20415.6977105998,"GlobalID":"d2dfcc17-edb6-45dd-9c1c-65fd0bde9a96","Shape__Length":20415.697684414306}},{"type":"Feature","id":49456,"geometry":{"type":"LineString","coordinates":[[-75.5298379752205,40.1507167129913],[-75.5293858773925,40.1508594799957],[-75.5262866285768,40.1526976138167],[-75.5250612070534,40.1544405687841],[-75.5234491218855,40.1568735677468],[-75.5218965240541,40.1592292339882],[-75.5215990909652,40.1617633596978],[-75.5235264542551,40.1650172728565],[-75.5246745443073,40.1666947927302],[-75.5271194414054,40.170049833042],[-75.5289932660026,40.1717333019511],[-75.5311823696202,40.1731609792515],[-75.5335320884173,40.1744399392011],[-75.5354475544195,40.1756951051798],[-75.5372083547843,40.1768372457549],[-75.5390048479103,40.1781400008413],[-75.5405039088457,40.1797699319872],[-75.5420386607457,40.1811857110046],[-75.5430439833465,40.1826966688543],[-75.5445489920274,40.1855222789094],[-75.5454115471767,40.1870510817769],[-75.5461789231267,40.1884787593324],[-75.5478861856972,40.1916910306685],[-75.5497659607349,40.1954029898725],[-75.5530198742896,40.2015003591407],[-75.5551970797213,40.2055811346792],[-75.5565236299862,40.2075263437291],[-75.5582308925567,40.2094715538979],[-75.5600214379372,40.2101853923048],[-75.5620737227471,40.2106077459852],[-75.5640546238312,40.2106910269815],[-75.5659700898334,40.2100545223215],[-75.5678201207538,40.2092514533209],[-75.5716867446211,40.2075382419534],[-75.5734713413578,40.2068363007709],[-75.5754641397295,40.2062711787519],[-75.5776116028404,40.2063663573322],[-75.5795330183848,40.2071218357884],[-75.5810201811343,40.2085316666871],[-75.5817459165776,40.2104114411098],[-75.5823943196513,40.212386393207],[-75.5832211820394,40.2145219601746],[-75.5844049639546,40.216318452931],[-75.58667140084,40.2194890842322],[-75.5913827339252,40.2245989773226],[-75.5906629471257,40.2252116881932],[-75.5901128152524,40.2255560923098]]},"properties":{"OBJECTID_1":43,"OBJECTID":49456,"ID":"140221","TYPE":"AC; OVERHEAD","STATUS":"IN SERVICE","NAICS_CODE":"221121","NAICS_DESC":"ELECTRIC BULK POWER TRANSMISSION AND CONTROL","SOURCE":"IMAGERY, OpenStreetMap, http://www.pjm.com/pub/account/trans-fac/pe.xls","SOURCEDATE":1433376000000,"VAL_METHOD":"IMAGERY","VAL_DATE":1433894400000,"OWNER":"PECO ENERGY CO","VOLTAGE":230,"VOLT_CLASS":"220-287","INFERRED":"N","SUB_1":"LIMERICK (230KV SUB)","SUB_2":"CROMBY","SHAPE__Len":15819.7607321338,"GlobalID":"eab3a30b-b002-4bf1-ae0a-affd481e2de2","Shape__Length":15819.760827173388}},{"type":"Feature","id":58771,"geometry":{"type":"LineString","coordinates":[[-75.8300642542111,39.9712154157772],[-75.8308359995667,39.9709765723129],[-75.8316592165913,39.9697182267335],[-75.8326756711151,39.9681558322681],[-75.8352691863921,39.968128153693],[-75.8380009631711,39.9674014691872],[-75.8417775695588,39.965674676089],[-75.843955625695,39.9643976431945],[-75.8464338080693,39.9629446691149],[-75.8488156012136,39.9624512719458],[-75.8511759246226,39.9607736543147],[-75.8542903837127,39.9598378462665],[-75.8565403041733,39.9591618887594],[-75.8598926371505,39.9573902676702],[-75.8622568233153,39.9561407621049],[-75.8647657280723,39.9548148668146],[-75.867526700098,39.9533556292554],[-75.87254262315,39.952757630343],[-75.8755563810967,39.952398372889],[-75.8797500761691,39.9518983582894],[-75.882207506562,39.9516054809521],[-75.8865596653488,39.9510865910758],[-75.8899206221528,39.9502393487284],[-75.8917449208318,39.9497795358266],[-75.8958446521254,39.9487462703171],[-75.8991553032735,39.9479117387658],[-75.9038225003322,39.9479847388692],[-75.9071270429364,39.9488730528646],[-75.9121695561207,39.9482068356662],[-75.915956583864,39.9463049750618],[-75.9192613061312,39.944645280256],[-75.9194865137729,39.940859834708],[-75.9198717113668,39.9375702409574],[-75.9201346482504,39.9353388387582],[-75.9204447466865,39.9322036908061],[-75.9207220566147,39.9296433907144],[-75.9210192193107,39.9262330462128],[-75.9210698842927,39.9242668512027],[-75.9211605243049,39.9207452481348],[-75.9212520626323,39.9171908757323],[-75.9213404568563,39.9137588952176],[-75.9214206764111,39.9106403297146],[-75.9215251495804,39.9065838461138],[-75.9239753054161,39.9032467777894],[-75.9264342638433,39.8998977623406],[-75.9288930426075,39.8965485832083],[-75.9312905562693,39.8932828432855],[-75.933230287564,39.8906405842629],[-75.9345327557927,39.8882983338787],[-75.9363523832322,39.8850261349646],[-75.9418133316759,39.8816342482729],[-75.9442713019563,39.879526143303],[-75.9480552754276,39.8762806871924],[-75.9507504009431,39.8739688321506],[-75.9530337387322,39.8719644581869],[-75.9566966193032,39.8687488437412],[-75.9594129450594,39.8663641311189],[-75.9617150729093,39.8644061709291],[-75.9620634243052,39.8617061629523],[-75.962347471598,39.859555449716],[-75.9632664813713,39.8528515082633],[-75.9666076420014,39.8466515528058],[-75.9693644817768,39.8442364827039],[-75.9730616779917,39.8409972912881],[-75.9758142058538,39.8385855401475],[-75.9776722811874,39.8369576562469],[-75.9794163603115,39.8354293403132],[-75.9828089378135,39.8324567677189],[-75.9846482383578,39.8308450873363],[-75.9878891443072,39.8279337923109],[-75.9904533313868,39.8260836392263],[-75.9951434345869,39.8225908671589],[-75.9990250207936,39.8197865177693],[-76.0013785520407,39.8146435401897],[-76.0027725576986,39.8116854561793],[-76.004117067981,39.8089742471689],[-76.0088690642059,39.806755470332],[-76.0131722639114,39.8043736419953],[-76.0163951496562,39.8025895292365],[-76.0187459940423,39.8012457580053],[-76.0197833254133,39.799271487214],[-76.021613013984,39.7958292557832],[-76.0252752351916,39.7888059358036],[-76.0313571377872,39.7773369342174],[-76.038812877066,39.7704059822362],[-76.0408844990107,39.7684091957394],[-76.0421923391649,39.7614756440161],[-76.0438664404267,39.7615339952388],[-76.0461397161863,39.7616131318475],[-76.0513255744389,39.7617371869305],[-76.0566841212284,39.7618799548242],[-76.0637082891834,39.7620988649735],[-76.0703254179068,39.7622517457599],[-76.075386684321,39.7623844010367],[-76.08172556797,39.7626413822742],[-76.0933183015587,39.7631077567108],[-76.0998074068794,39.7634600412168],[-76.1020238498243,39.7635508731319]]},"properties":{"OBJECTID_1":44,"OBJECTID":58771,"ID":"126868","TYPE":"AC; OVERHEAD","STATUS":"IN SERVICE","NAICS_CODE":"221121","NAICS_DESC":"ELECTRIC BULK POWER TRANSMISSION AND CONTROL","SOURCE":"IMAGERY, OpenStreetMap, EIA 860","SOURCEDATE":1430784000000,"VAL_METHOD":"IMAGERY","VAL_DATE":1582761600000,"OWNER":"PECO ENERGY CO","VOLTAGE":230,"VOLT_CLASS":"220-287","INFERRED":"Y","SUB_1":"NEWLINVILLE","SUB_2":"PEACH BOTTOM","SHAPE__Len":70423.6034562163,"GlobalID":"e1dc5ec1-741b-411d-a75b-0503c1edc783","Shape__Length":49010.041449231176}},{"type":"Feature","id":58775,"geometry":{"type":"LineString","coordinates":[[-75.8300642542111,39.9712154157772],[-75.8288953699567,39.9706782312594],[-75.8265399486542,39.9689937663394],[-75.8246797290419,39.9674407440832],[-75.8221060207186,39.9652577730503],[-75.8203403766378,39.9650999729283],[-75.8184911056922,39.965330017258],[-75.8166938705578,39.9650308398168],[-75.8139320586073,39.9646429347807],[-75.8116969513657,39.9653901128414],[-75.8096109384102,39.9660846827243],[-75.805709300908,39.9672144170734],[-75.8028188627852,39.9677556467482],[-75.8003702718147,39.9675455757106],[-75.7964352924424,39.967208016277],[-75.7923071725891,39.9668537918158],[-75.7887641281754,39.9665498257351],[-75.7863971949625,39.9663467487892],[-75.7801741203233,39.9657875251848],[-75.7768371341644,39.9654832541784],[-75.773558598686,39.9652447542132],[-75.7714603219302,39.9637470467643],[-75.7693792613868,39.9623163926792],[-75.767148464262,39.9606644310872],[-75.7646673309219,39.9606560542398],[-75.7622243283708,39.9606890693133],[-75.7603610778428,39.9614155828023],[-75.7581611647974,39.9623286071836],[-75.7560374872786,39.9632328407457],[-75.7534699988904,39.9642453801474],[-75.7501110192783,39.964035907656],[-75.7468279050869,39.9637892038148],[-75.7433511752057,39.9636412199151],[-75.7398323358973,39.9634684773003],[-75.7361523585898,39.963287606968],[-75.732527789369,39.9630986350175],[-75.7300402690073,39.9627452278872],[-75.7271328841667,39.9623669637427],[-75.7246224630535,39.9619969633359],[-75.7213393407773,39.9615528399864],[-75.7178202840765,39.9610594458559],[-75.7147040930346,39.9606228587513],[-75.7108837809134,39.9610108781717],[-75.7074648378579,39.9613893632654],[-75.703903082435,39.9617429708821],[-75.7003528910248,39.9620919931173],[-75.6970089689736,39.9624322672017],[-75.6934739150742,39.962785885261],[-75.6902229300273,39.9631024749],[-75.6869782260009,39.963438939895],[-75.6836531829436,39.9627371260161],[-75.6814453557406,39.9622667152896],[-75.6802360185523,39.9625136001989],[-75.673458142597,39.9668247109608],[-75.6696514875631,39.9691031883068],[-75.6679813649397,39.9688211818263],[-75.6664185532635,39.9688129732749],[-75.6658523181904,39.9688099598695],[-75.6649001156674,39.9686939887557]]},"properties":{"OBJECTID_1":45,"OBJECTID":58775,"ID":"145967","TYPE":"AC; OVERHEAD","STATUS":"IN SERVICE","NAICS_CODE":"221121","NAICS_DESC":"ELECTRIC BULK POWER TRANSMISSION AND CONTROL","SOURCE":"IMAGERY, OpenStreetMap, EIA 860","SOURCEDATE":1432771200000,"VAL_METHOD":"IMAGERY","VAL_DATE":1582761600000,"OWNER":"PECO ENERGY CO","VOLTAGE":230,"VOLT_CLASS":"220-287","INFERRED":"Y","SUB_1":"NEWLINVILLE","SUB_2":"BRADFORD","SHAPE__Len":19690.9619150633,"GlobalID":"398bd65c-de83-4f51-8047-f62ec0227778","Shape__Length":19690.962002953278}},{"type":"Feature","id":58777,"geometry":{"type":"LineString","coordinates":[[-75.8300642542111,39.9712154157772],[-75.8288560578832,39.9707484691203],[-75.8264909769965,39.9690570958467],[-75.8246282187452,39.9675019558976],[-75.8220736247745,39.9653351968336],[-75.8203417690265,39.9651804173408],[-75.8184894420123,39.9654108407622],[-75.8166817370133,39.9651099217674],[-75.813939571218,39.9647247753303],[-75.8117222685854,39.9654660011258],[-75.8096347096292,39.9661610872939],[-75.8057278313557,39.9672923370996],[-75.8028228791528,39.9678362849393],[-75.8003634338387,39.9676252840189],[-75.7964284535682,39.9672877242904],[-75.7923003346132,39.9669335002423],[-75.7887572901994,39.9666295338275],[-75.7863897434372,39.9664264027278],[-75.7801673775688,39.9658672431164],[-75.7768309600434,39.9655630220365],[-75.7735288563652,39.9653161378111],[-75.7714145141389,39.963812636704],[-75.7693327807574,39.9623815213003],[-75.7671219477914,39.9607443408995],[-75.7646677369604,39.9607360563268],[-75.762239894378,39.9607688647983],[-75.7603909459277,39.961489803041],[-75.7581921692511,39.9624023547894],[-75.7560671748021,39.9633071492079],[-75.7534759484325,39.9643286608447],[-75.7501060569846,39.9641157598242],[-75.7468232051013,39.9638690762379],[-75.7433475127743,39.9637211358875],[-75.7398284120561,39.9635483810814],[-75.7361483125777,39.9633675047638],[-75.7325200647559,39.9631783409369],[-75.7300294811391,39.9628244976945],[-75.7271218896859,39.9624462078244],[-75.7246112691467,39.9620761768626],[-75.7213284253483,39.961632091897],[-75.7178091800013,39.9611386721739],[-75.7147025632037,39.9607034247958],[-75.7108922250771,39.9610904322917],[-75.70747319219,39.961468927273],[-75.7039109480837,39.9618225826757],[-75.7003608545898,39.9621715948651],[-75.6970169990139,39.9625118630451],[-75.693481772638,39.9628654992828],[-75.6902309322199,39.9631820747828],[-75.6869739904443,39.9635198083229],[-75.6836365865687,39.962815385768],[-75.6814450062959,39.962348436814],[-75.6802671586516,39.9625888919698],[-75.673499518999,39.9668931813146],[-75.6696672601828,39.9691869842506]]},"properties":{"OBJECTID_1":46,"OBJECTID":58777,"ID":"116168","TYPE":"AC; OVERHEAD","STATUS":"IN SERVICE","NAICS_CODE":"221121","NAICS_DESC":"ELECTRIC BULK POWER TRANSMISSION AND CONTROL","SOURCE":"IMAGERY, EIA 860","SOURCEDATE":1432771200000,"VAL_METHOD":"IMAGERY","VAL_DATE":1582761600000,"OWNER":"PECO ENERGY CO","VOLTAGE":230,"VOLT_CLASS":"220-287","INFERRED":"Y","SUB_1":"NEWLINVILLE","SUB_2":"TAP141076","SHAPE__Len":19148.1657376103,"GlobalID":"ef07deee-5e25-49ca-b382-02c9b1def4c4","Shape__Length":19148.16573881181}},{"type":"Feature","id":58779,"geometry":{"type":"LineString","coordinates":[[-75.8198865774007,39.9655400042223],[-75.8207282260583,39.9659107538136],[-75.8238929090576,39.9678797578941],[-75.8259987316618,39.9692301017899],[-75.828913571621,39.9712526438179],[-75.8300642542111,39.9712154157772]]},"properties":{"OBJECTID_1":47,"OBJECTID":58779,"ID":"126819","TYPE":"AC; OVERHEAD","STATUS":"IN SERVICE","NAICS_CODE":"221121","NAICS_DESC":"ELECTRIC BULK POWER TRANSMISSION AND CONTROL","SOURCE":"IMAGERY, https://www.flickr.com/photos/powerline64/39681158781","SOURCEDATE":1434326400000,"VAL_METHOD":"IMAGERY","VAL_DATE":1582761600000,"OWNER":"PECO ENERGY CO","VOLTAGE":138,"VOLT_CLASS":"100-161","INFERRED":"Y","SUB_1":"NEWLINVILLE","SUB_2":"UNKNOWN123418","SHAPE__Len":1433.39987732104,"GlobalID":"80235eca-7d66-4aab-a04f-090172adfd9a","Shape__Length":1433.3998437533687}},{"type":"Feature","id":58780,"geometry":{"type":"LineString","coordinates":[[-75.6676569554428,39.9691766910864],[-75.6658499771808,39.9691922970952],[-75.6649001156674,39.9686939887557]]},"properties":{"OBJECTID_1":48,"OBJECTID":58780,"ID":"106543","TYPE":"AC; OVERHEAD","STATUS":"IN SERVICE","NAICS_CODE":"221121","NAICS_DESC":"ELECTRIC BULK POWER TRANSMISSION AND CONTROL","SOURCE":"IMAGERY, EIA 860","SOURCEDATE":1433462400000,"VAL_METHOD":"IMAGERY","VAL_DATE":1582761600000,"OWNER":"PECO ENERGY CO","VOLTAGE":230,"VOLT_CLASS":"220-287","INFERRED":"Y","SUB_1":"UNKNOWN123419","SUB_2":"BRADFORD","SHAPE__Len":329.302757719588,"GlobalID":"e5375f2f-9013-4265-bd22-51ef9c5bf2e9","Shape__Length":329.30286190703896}},{"type":"Feature","id":58781,"geometry":{"type":"LineString","coordinates":[[-75.6649001156674,39.9686939887557],[-75.6646007601838,39.9690257350562],[-75.6653803550183,39.9695263452411],[-75.6656944437708,39.9711110661786],[-75.6678835482867,39.9729146972497],[-75.6723426577963,39.9737522680173],[-75.6846063996646,39.9724863939613],[-75.6861161676199,39.9723174531682],[-75.6955269356044,39.973864102138],[-75.7005059585594,39.9746790678375],[-75.7014934352287,39.9748515790459],[-75.7064427140663,39.9761186422019],[-75.7159189171327,39.9781173892721],[-75.7190360109815,39.978789586759],[-75.7244254903595,39.9792654787653],[-75.729987480408,39.9797651659005],[-75.7345025082474,39.9778437506695],[-75.7373578608701,39.9796223978321],[-75.7424677530907,39.9789739948659],[-75.7505519717085,39.9779508269545],[-75.7584755769435,39.9769692990761],[-75.7695876597529,39.9759104390032],[-75.7727463950067,39.9756249036709],[-75.7757504637247,39.9744530188157],[-75.7798014973468,39.9743875843389],[-75.7888969863109,39.9733287241936],[-75.7904555327862,39.9731621612193],[-75.7962614181293,39.9717999197002],[-75.804476506911,39.9727814481608],[-75.8109426926155,39.9773143211978],[-75.8147022408942,39.976915760874],[-75.8174326719969,39.9772786287891],[-75.8202880264163,39.976380382053],[-75.8214242182826,39.9764755611837],[-75.8262009855514,39.974215073336],[-75.8270040542626,39.97272791012],[-75.8247554642069,39.9691527698521],[-75.8227329217178,39.9675168903355],[-75.820633046859,39.9661784427562],[-75.8201987958608,39.9658334208748],[-75.8198865774007,39.9655400042223]]},"properties":{"OBJECTID_1":49,"OBJECTID":58781,"ID":"123740","TYPE":"AC; OVERHEAD","STATUS":"IN SERVICE","NAICS_CODE":"221121","NAICS_DESC":"ELECTRIC BULK POWER TRANSMISSION AND CONTROL","SOURCE":"IMAGERY, https://www.flickr.com/photos/powerline64/39681158781","SOURCEDATE":1434326400000,"VAL_METHOD":"IMAGERY","VAL_DATE":1582761600000,"OWNER":"PECO ENERGY CO","VOLTAGE":138,"VOLT_CLASS":"100-161","INFERRED":"Y","SUB_1":"UNKNOWN123418","SUB_2":"BRADFORD","SHAPE__Len":20797.629795835,"GlobalID":"af9915ea-c7a9-48dd-864e-209c8e54636f","Shape__Length":20797.629839178477}},{"type":"Feature","id":58782,"geometry":{"type":"LineString","coordinates":[[-75.6696672601828,39.9691869842506],[-75.6679744488103,39.9689011461323],[-75.6664181310553,39.9688929713252],[-75.6658463551736,39.9688899283195],[-75.6649001156674,39.9686939887557]]},"properties":{"OBJECTID_1":50,"OBJECTID":58782,"ID":"143438","TYPE":"AC; OVERHEAD","STATUS":"IN SERVICE","NAICS_CODE":"221121","NAICS_DESC":"ELECTRIC BULK POWER TRANSMISSION AND CONTROL","SOURCE":"IMAGERY, EIA 860","SOURCEDATE":1433462400000,"VAL_METHOD":"IMAGERY","VAL_DATE":1582761600000,"OWNER":"PECO ENERGY CO","VOLTAGE":230,"VOLT_CLASS":"220-287","INFERRED":"Y","SUB_1":"TAP141076","SUB_2":"BRADFORD","SHAPE__Len":538.978298545758,"GlobalID":"75ca0f08-8e28-4b07-8edb-7c49c92d9777","Shape__Length":538.9783778711198}},{"type":"Feature","id":60020,"geometry":{"type":"LineString","coordinates":[[-75.5974121740099,40.2279675119917],[-75.5980294513574,40.227491320894],[-75.5968849159387,40.2269807629875],[-75.5960752652714,40.2274281299495],[-75.5950570042356,40.226189587196],[-75.5941105123028,40.2250113467161],[-75.5937871960557,40.2239126727558],[-75.5946961330197,40.2229987892752],[-75.5965699594136,40.2211249638226],[-75.5959215563398,40.2192749330609],[-75.5948745932324,40.2161935311387],[-75.594339214391,40.2145992923282],[-75.5937265031801,40.2131418717918],[-75.5928817939623,40.2116071201046],[-75.5919894955939,40.2103876456677],[-75.5909127901657,40.2090313527151],[-75.5886760973977,40.2063009217724],[-75.5854638243496,40.2023331707383],[-75.5843752207355,40.2010363637279],[-75.5824776006647,40.1986093137326],[-75.5813949456944,40.1973363020837],[-75.5802290097107,40.1962952881733],[-75.5791225610635,40.1955100662062],[-75.5772903760746,40.1945582818529],[-75.575315422736,40.1938920330227],[-75.5732096001317,40.1933626026843],[-75.571311980061,40.1931722459321],[-75.5695392824085,40.1930473240231],[-75.5676000209327,40.1933566540439],[-75.5659046547515,40.1940883377036],[-75.5646375918231,40.1949033042553],[-75.5629838670469,40.196348826343],[-75.5614253196733,40.1970686133387],[-75.5593373430005,40.1972173292862],[-75.5573385950866,40.1966700531009],[-75.5559882511448,40.1957718071861],[-75.5547211882163,40.1944868980196],[-75.5523000865918,40.1910842688581],[-75.5492543773671,40.1866703686804],[-75.5481479269232,40.1850999240442],[-75.5469760431941,40.183368865998],[-75.5457922612789,40.1816794491938],[-75.5445906334324,40.1799781339317],[-75.5436507459136,40.178461228049],[-75.5430856238532,40.1769859621376],[-75.5424431694232,40.1750764453109],[-75.5418007149933,40.1740532770703],[-75.5399744786482,40.1726791383284],[-75.5364528761219,40.1709956688558],[-75.5346682811819,40.1701271658132],[-75.5329669663569,40.1693300462515],[-75.5314143676271,40.1683247241997],[-75.5303495585883,40.1672242232056],[-75.5294810556935,40.165719213748],[-75.5291717262153,40.1642677433375],[-75.528981368715,40.1627270420764],[-75.5289278309207,40.1610138299522],[-75.5287791148254,40.1588782638515],[-75.5291657766732,40.1568378759233],[-75.530135407411,40.1547380018768],[-75.5310752940316,40.1529058171064],[-75.5312299587707,40.150841633879],[-75.5303317126568,40.1507821479342],[-75.5298379752205,40.1507167129913]]},"properties":{"OBJECTID_1":51,"OBJECTID":60020,"ID":"167649","TYPE":"AC; OVERHEAD","STATUS":"IN SERVICE","NAICS_CODE":"221121","NAICS_DESC":"ELECTRIC BULK POWER TRANSMISSION AND CONTROL","SOURCE":"IMAGERY, http://www.pjm.com/pub/account/trans-fac/pe.xls","SOURCEDATE":1433376000000,"VAL_METHOD":"IMAGERY","VAL_DATE":1585612800000,"OWNER":"PECO ENERGY CO","VOLTAGE":230,"VOLT_CLASS":"220-287","INFERRED":"N","SUB_1":"CROMBY","SUB_2":"UNKNOWN171542","SHAPE__Len":16415.5729900471,"GlobalID":"6cdda3dc-7bcc-4273-af6f-fa5fb6f98673","Shape__Length":16415.57311445133}},{"type":"Feature","id":60021,"geometry":{"type":"LineString","coordinates":[[-75.5901128152524,40.2255560923098],[-75.589717110963,40.2260623448011],[-75.5902286952291,40.2267285950197],[-75.5914065276021,40.2263062403083],[-75.5936682285693,40.2240322873313],[-75.5939842280385,40.2250276458825],[-75.59495823986,40.2262147220691],[-75.5960104401456,40.2275158668239],[-75.596807756944,40.2278987832753],[-75.5974121740099,40.2279675119917]]},"properties":{"OBJECTID_1":52,"OBJECTID":60021,"ID":"174027","TYPE":"AC; OVERHEAD","STATUS":"IN SERVICE","NAICS_CODE":"221121","NAICS_DESC":"ELECTRIC BULK POWER TRANSMISSION AND CONTROL","SOURCE":"IMAGERY, http://www.pjm.com/pub/account/trans-fac/pe.xls","SOURCEDATE":1585612800000,"VAL_METHOD":"IMAGERY","VAL_DATE":1585612800000,"OWNER":"PECO ENERGY CO","VOLTAGE":230,"VOLT_CLASS":"220-287","INFERRED":"N","SUB_1":"LIMERICK (230KV SUB)","SUB_2":"UNKNOWN171542","SHAPE__Len":1509.11592342276,"GlobalID":"53fe118d-41bf-4d0e-a5cc-69f537e984e1","Shape__Length":1509.1157974820503}},{"type":"Feature","id":60024,"geometry":{"type":"LineString","coordinates":[[-75.6322795559242,39.9096286182353],[-75.6294914628617,39.909229057056],[-75.6278281548581,39.9066830749966],[-75.6259613658661,39.9037695449029],[-75.624142816405,39.9009464448419],[-75.6224691651991,39.898765329857],[-75.620677475365,39.896394756318],[-75.6186389275924,39.8937607486653],[-75.6165629218691,39.8910154657866],[-75.6146721801985,39.8884516040871],[-75.6123786591072,39.8869570627717],[-75.6102329432196,39.8855245708637],[-75.6079959576007,39.8839480507315],[-75.6051206309376,39.8823549503445],[-75.6022668018576,39.880964027841],[-75.6001585169712,39.8784648622256],[-75.5978786826117,39.8760235418099],[-75.5963229802026,39.87360288815],[-75.5950837542682,39.8711449872228],[-75.5940216761078,39.8691646620622],[-75.5896880244124,39.8697931772537],[-75.5862785576848,39.8702877932959],[-75.5825259354169,39.8708320468384],[-75.5792107028608,39.8713590599615],[-75.576335465131,39.8704121708479],[-75.5728592535777,39.8698192381426],[-75.572777216731,39.8698032654299]]},"properties":{"OBJECTID_1":53,"OBJECTID":60024,"ID":"119891","TYPE":"AC; OVERHEAD","STATUS":"IN SERVICE","NAICS_CODE":"221121","NAICS_DESC":"ELECTRIC BULK POWER TRANSMISSION AND CONTROL","SOURCE":"IMAGERY, OpenStreetMap, www.pjm.com/pub/account/trans-fac/pe.xls","SOURCEDATE":1430784000000,"VAL_METHOD":"IMAGERY","VAL_DATE":1585612800000,"OWNER":"PECO ENERGY CO","VOLTAGE":230,"VOLT_CLASS":"220-287","INFERRED":"N","SUB_1":"LENAPE","SUB_2":"CONCORD","SHAPE__Len":13975.3438763088,"GlobalID":"ecf783d5-40b8-4354-b26c-e6d5396d5301","Shape__Length":9900.434615315446}},{"type":"Feature","id":60025,"geometry":{"type":"LineString","coordinates":[[-75.6649001156674,39.9686939887557],[-75.6642681346953,39.9674347921954],[-75.6634313540082,39.9641620353171],[-75.6626269126712,39.9609876529506],[-75.6626912320456,39.9580271317973],[-75.6612750380002,39.9557984632302],[-75.6608030631499,39.953405140964],[-75.6602880589975,39.9507815907968],[-75.6594511875805,39.9466855442447],[-75.6590542229548,39.9445963820433],[-75.6585928482248,39.9422849718718],[-75.6579833655591,39.9394812086974],[-75.6557497701821,39.9367652611535],[-75.6541189686154,39.9346757271625],[-75.6526705250512,39.9326437842837],[-75.6520862212646,39.9301301008906],[-75.6517582930667,39.9286163646695],[-75.6510724221608,39.9257328396986],[-75.650192702003,39.92387334281],[-75.6490551653588,39.9212238582911],[-75.6465831310543,39.9183876030197],[-75.6406655294258,39.9124026880783],[-75.638680611974,39.9114319737195],[-75.6357409650383,39.9099835938125],[-75.6322795559242,39.9096286182353]]},"properties":{"OBJECTID_1":54,"OBJECTID":60025,"ID":"146748","TYPE":"AC; OVERHEAD","STATUS":"IN SERVICE","NAICS_CODE":"221121","NAICS_DESC":"ELECTRIC BULK POWER TRANSMISSION AND CONTROL","SOURCE":"IMAGERY, OpenStreetMap, EIA 860","SOURCEDATE":1433116800000,"VAL_METHOD":"IMAGERY","VAL_DATE":1585612800000,"OWNER":"PECO ENERGY CO","VOLTAGE":230,"VOLT_CLASS":"220-287","INFERRED":"Y","SUB_1":"BRADFORD","SUB_2":"LENAPE","SHAPE__Len":9829.51688325551,"GlobalID":"92d217b7-1be6-4b7c-b02f-0282b874a7b7","Shape__Length":9829.516886139734}},{"type":"Feature","id":60345,"geometry":{"type":"LineString","coordinates":[[-75.6185695048889,40.2349263617961],[-75.6169092358859,40.2353972078365],[-75.6154557078572,40.2352866223235],[-75.6145762679739,40.2359540230414],[-75.6136131230723,40.2368487733064],[-75.61218624177,40.2381208528807],[-75.6082470313328,40.2384126108314],[-75.6048989563699,40.2387004780199],[-75.6017954890657,40.2389066530186],[-75.5994309426765,40.2386110063152],[-75.5982028064442,40.2384592933035],[-75.5973670624129,40.238081952],[-75.5962459406838,40.2375101020847],[-75.5954101957542,40.2366231411792],[-75.5948343478093,40.2358956691588],[-75.5943094585955,40.2350514801528],[-75.5941005230369,40.2341139132123],[-75.5938508192357,40.2332774829991],[-75.593697939449,40.2323476712378],[-75.5931526656648,40.231172744745],[-75.5923882658334,40.2293130520331],[-75.5920060650193,40.2282781380349],[-75.5916544410609,40.2266401410878],[-75.5913894488319,40.2255662768069],[-75.5907116798315,40.2255118062937],[-75.5901128152524,40.2255560923098]]},"properties":{"OBJECTID_1":55,"OBJECTID":60345,"ID":"174448","TYPE":"AC; OVERHEAD","STATUS":"IN SERVICE","NAICS_CODE":"221121","NAICS_DESC":"ELECTRIC BULK POWER TRANSMISSION AND CONTROL","SOURCE":"IMAGERY","SOURCEDATE":1586131200000,"VAL_METHOD":"IMAGERY","VAL_DATE":1586131200000,"OWNER":"PECO ENERGY CO","VOLTAGE":-999999,"VOLT_CLASS":"NOT AVAILABLE","INFERRED":"N","SUB_1":"MOSER GENERATING STATION","SUB_2":"LIMERICK (230KV SUB)","SHAPE__Len":4723.59991814858,"GlobalID":"476de788-002a-47b8-bb08-5eaff45dac72","Shape__Length":4723.599877382062}},{"type":"Feature","id":63559,"geometry":{"type":"LineString","coordinates":[[-75.5874116593465,40.2242766702665],[-75.5879886777962,40.2250202521356],[-75.5893985090744,40.2256448597282],[-75.5901128152524,40.2255560923098]]},"properties":{"OBJECTID_1":56,"OBJECTID":63559,"ID":"101487","TYPE":"OVERHEAD","STATUS":"NOT AVAILABLE","NAICS_CODE":"221121","NAICS_DESC":"ELECTRIC BULK POWER TRANSMISSION AND CONTROL","SOURCE":"IMAGERY, http://www.pjm.com/pub/account/trans-fac/pe.xls","SOURCEDATE":1433894400000,"VAL_METHOD":"IMAGERY","VAL_DATE":1611187200000,"OWNER":"PECO ENERGY CO","VOLTAGE":230,"VOLT_CLASS":"220-287","INFERRED":"Y","SUB_1":"LIMERICK (230KV SUB)","SUB_2":"NOT AVAILABLE","SHAPE__Len":388.025260338383,"GlobalID":"b93d9261-d684-471a-adc4-72963c2b262e","Shape__Length":388.0252156073224}},{"type":"Feature","id":63560,"geometry":{"type":"LineString","coordinates":[[-75.5827275443161,40.2206881197773],[-75.5834855481427,40.2213261392039],[-75.5840923107098,40.2248239458007],[-75.5864479772524,40.2249429188437],[-75.5874116593465,40.2242766702665]]},"properties":{"OBJECTID_1":57,"OBJECTID":63560,"ID":"107669","TYPE":"OVERHEAD","STATUS":"NOT AVAILABLE","NAICS_CODE":"221121","NAICS_DESC":"ELECTRIC BULK POWER TRANSMISSION AND CONTROL","SOURCE":"IMAGERY, OpenStreetMap, http://www.pjm.com/pub/account/trans-fac/pe.xls","SOURCEDATE":1433894400000,"VAL_METHOD":"IMAGERY","VAL_DATE":1611187200000,"OWNER":"PECO ENERGY CO","VOLTAGE":500,"VOLT_CLASS":"500","INFERRED":"Y","SUB_1":"LIMERICK (500KV SUB)","SUB_2":"NOT AVAILABLE","SHAPE__Len":1047.52801212021,"GlobalID":"6b219f4f-3422-41ac-b654-93b425df0215","Shape__Length":1047.5280076745069}}]}