id,year,month,lat,long,gwd,num,prep_ft,tmean,DEM_ft,slope,aspect,PET_ft,rocktype,DTB_ft,drainclass,hydrogrp,developed,barren,forest,shrubland,herbaceous,Pasture_Hay_crop,wetland,water_snow_ice,NESO,PDO,longterm_aveg_dtw_ft,distance_ft,gw_use_ft_m,sw_use_ft_m,recharge_ft_m,MlrAD_irri_ornot,irri_gw_use_ft_m
59,2010,4,31.00480556,-85.1095556,23.41,167,0.263372782108811,19.5139446258545,131.348235526383,0.00132843089462826,7.11765878414885,0.863392348112512,3,70.800525042,1,1,0.0149551341310143,0.00284859701059759,0.169990032911301,0.0222902726382017,0.0247115790843964,0.412334412336349,0.124768555164337,0,1.2,-0.04,0.798895154531559,0.0208936295927163,0.00653885754800861,0.0226535306882598,0.068011108358105,0,0
60,2010,5,31.00480556,-85.1095556,24.33,167,0.521958719881714,25.1741161346436,131.348235526383,0.00132843089462826,7.11765878414885,0.944377770445102,3,70.800525042,1,1,0.0149551341310143,0.00284859701059759,0.169990032911301,0.0222902726382017,0.0247115790843964,0.412334412336349,0.124768555164337,0,0.9,-0.18,0.798895154531559,0.0208936295927163,0.00653885754800861,0.0226535306882598,0.068011108358105,0,3.45813210501224e-07
175,2010,5,34.59166667,-86.3604722,5.86,454,0.59715221025217,21.50266456604,607.061505630932,1.68975760699954,138.286211190166,0.812169574360062,1,43.372703478,5,6,0.00508438656106591,0.000988630694337189,0.454770147800446,0.0052256197668612,0.0124991172924638,0.422780871391296,0.0092507591471076,0,0.9,-0.18,1.34810825080982,0.0106086117465713,0.00630311236262068,0.00770321398543252,0.0487142832517624,0,0
226,2010,7,34.6901464,-86.8871154,5.75,465,0.3671978533061,27.9277667999268,610.2362214,0.240593636326609,59.1801057764085,0.72303646928448,1,50.820210051,4,2,0.00409575598314404,0.000776781293097883,0.0101687731221318,0.00459007127210498,0.00713226478546858,0.779111623764038,0.0910952612757683,0.00346020772121847,1.8,-1.99,3.93699239217889,0.0525818841514468,0.00154233901545002,0.648618708566512,0.0545180200959245,0,0.000581261285636427
398,2010,10,33.038223,-87.262837,94.97,504,0.247091659160541,17.9442920684814,413.261681513155,1.5143804561765,222.272429923157,0.788568012304779,2,37.40157486,3,2,0.01313466578722,0.00225972733460367,0.736106216907501,0.0538097582757473,0.028952756896615,0.00395452277734876,0.0497140027582645,0.000423698889790103,1.7,-1.6,47.6267832881733,0.0212342675950386,0.00139220995877214,0.000356093306286604,0.0786429258786639,0,0
406,2010,12,30.407872,-87.684638,25.5133333333333,505,0.142475326133884,8.63313674926758,82.0209975,0.00576371922861941,26.1113064198058,0.376216333315336,2,56.889763866,3,2,0.294753193855286,0.00416637258604169,0.138408303260803,0.0136289810761809,0.0326954312622547,0.224560409784317,0.0644022300839424,0.000211849444895051,2.9,-2.04,3.7740108435968,0.0299737220078304,0.00505162738423024,0.000617470060391525,0.144790957181056,0,0
569,2010,10,31.058611,-85.102222,43.54,507,0.0498244331396307,20.1114959716797,163.429569355445,0.190201349169092,118.043162793807,0.85785162547988,3,61.811023716,1,1,0.015253160148859,0.00240096030756831,0.237695083022118,0.024150837212801,0.0473130419850349,0.459501445293427,0.0343196094036102,0,1.7,-1.6,3.20644634150988,0.020845055981422,0.00653885754800861,0.0226535306882598,0.0627691350423793,0,0.000286781233551804
603,2010,10,33.0446,-85.676,29.6,509,0.354146832781654,16.9449348449707,715.911884385033,2.75526230074861,226.07738891434,0.821398188119911,6,37.631233653,3,2,0.01595214381814,0.00334710162132978,0.570787608623505,0.0949294939637184,0.0581825934350491,0.0546930618584156,0.00284859701059759,0.000498504494316876,1.7,-1.6,29.6457608991468,0.00839577996499256,0.000125783269339206,0.00214207030322439,0.051661405967325,0,0
616,2010,10,34.442865,-86.943968,6.85,510,0.409207757685734,16.2418346405029,682.072133602407,1.2069712003954,63.8819083695999,0.734484816338489,2,51.607611627,2,4,0.311778962612152,0.00705027766525745,0.167426288127899,0.00961401499807835,0.0193704608827829,0.236932054162025,0.00747756706550717,0.00121065380517393,1.7,-1.6,4.03671714252387,0.00579990155809407,0.000348198895237922,0.029342360695946,0.0986032144529621,0,0
636,2010,10,31.17191,-87.79105,103.2,511,0.177236729988907,19.3636512756348,166.682660608158,2.5865251686703,69.5902357256349,0.926414751474792,4,34.186351758,3,2,0.013358230702579,0.00330364843830466,0.456118941307068,0.0226946286857128,0.0365555882453918,0.0168773345649242,0.2116489559412,0.000430910644354299,1.7,-1.6,65.1203867382751,0.0164045166546593,0.00505162738423024,0.000617470060391525,0.0671540389723579,0,0
652,2010,11,31.1798,-85.544019,60.69,512,0.331792806894402,14.567476272583,258.274214791332,1.41386275524231,166.769074724231,0.339530434711537,3,50.000000076,3,2,0.0188719555735588,0.00270616728812456,0.0487822256982327,0.0245691500604153,0.0202962532639503,0.505483567714691,0.131106674671173,0.00106822384987026,1.3,-1.57,17.4724883873261,0.00644725016462265,0.00124236683084542,0.000608759747114256,0.0494255635762711,0,0
820,2010,11,31.473526,-86.442027,191.3,523,0.558276690433067,14.0631828308105,404.080427953216,1.8606844268174,40.4147750933012,0.460737634593192,2,30.347769075,3,2,0.0208318624645472,0.00324835814535618,0.529129326343536,0.0338252931833267,0.01970199868083,0.116305343806744,0.00501377042382956,0.0821269676089287,1.3,-1.57,106.594093364629,0.0185995225569786,0.0009675031078819,0.000454809153277816,0.064310046179841,0,0
913,2010,10,33.479434,-88.170445,23.77,529,0.203867084082152,17.3714923858643,329.07295343956,2.10675337514482,118.69761231381,0.885476541738702,2,38.549868825,6,4,0.0142429852858186,0.00256373733282089,0.583463907241821,0.0408773683011532,0.0661586672067642,0.0522717572748661,0.0465745627880096,0.00078336417209357,1.7,-1.6,17.636545087934,0.0103372883351024,0.000636734047391853,0.000360385006518739,0.0598442361448705,0,0
1165,2010,11,34.351158,-87.783811,30.56,547,0.513186568191692,10.561448097229,961.2860907,0.347517776039309,287.303653518772,0.387810434845798,2,53.740157562,6,4,0.018159806728363,0.00263495231047273,0.518871963024139,0.0140293408185244,0.0348240993916988,0.21528272330761,0.000142429853440262,0.000712149252649397,1.3,-1.57,11.7521946377305,0.0116194351515854,0.000493958253065864,0.000936740651084363,0.109503811840117,0,0
1786,2010,11,33.540877,-85.618556,27.17,558,0.34475334099735,12.0621509552002,898.277763073311,2.78432370853915,232.643525474917,0.360492897081024,6,37.762467249,3,2,0.0294470731168985,0.00600240100175142,0.331756234169006,0.048301674425602,0.082268200814724,0.186639368534088,0.0194195322692394,0.00423698872327805,1.3,-1.57,44.6262385328281,0.00266658505911226,0.000233339833373709,0.000225647311394356,0.0937724938069781,0,0
2056,2010,10,34.18083,-85.8515,28.44,578,0.278662784629527,16.3843688964844,889.91662959194,1.89072755405133,83.3983257728951,0.798958857191313,2,47.342519757,4,2,0.0187295265495777,0.00270616728812456,0.760148108005524,0.0193704608827829,0.0148127051070333,0.0623130612075329,0.000213644772884436,0.00420168088749051,1.7,-1.6,22.2939096749624,0.0272490166344303,0.00142377769925467,0.0369369363709033,0.0686958952841163,0,0
2166,2010,10,31.867733,-88.2989,55.87,586,0.128922662905917,18.8322620391846,131.015544852996,1.0797708430278,150.531167946537,0.940667601886313,2,44.324147049,3,2,0.0162370037287474,0.00356074632145464,0.220410197973251,0.0230024214833975,0.0363908261060715,0.112946875393391,0.276669979095459,0.00135308364406228,1.7,-1.6,31.3768675172201,0.0088498740685043,0.000315558139637546,0.00638458473613192,0.073329864863356,0,0
2484,2010,11,33.79648,-86.02401,5.1,608,0.494832768028459,12.0782747268677,510.574311990343,3.7963763868246,289.288560321129,0.369532352919088,1,40.255905573,5,6,0.0406750924885273,0.00656733289361,0.553350746631622,0.0207612458616495,0.0314949527382851,0.0354494750499725,0.011298636905849,0.0940611511468887,1.3,-1.57,36.3979408987618,0.0128623153094129,0.00528872898711667,0.00159766135550392,0.0625263108026981,0,0
2596,2010,12,34.773148,-87.631206,12.5952173913043,615,0.309099513245883,2.83683609962463,525.547700975333,0.788115409086272,317.832544859202,0.260357143767805,1,44.980315029,3,2,0.283539205789566,0.00553002022206783,0.133151397109032,0.00854639429599047,0.00962367095053196,0.0308101121336222,0.070741169154644,0.260629117488861,2.9,-2.04,2.40575180331777,0.0130337350660711,0.000477577383686682,0.309675479832584,0.0736165052649379,0,0
2781,2010,1,31.2221149405558,-86.2599499960015,6.30225806451613,616,0.900108458918454,7.06551837921143,291.970302377941,1.70881680222005,312.924939100386,0.245491388649014,3,74.47506573,4,2,0.0182896684855223,0.00423698872327805,0.259727418422699,0.0230209734290838,0.171951130032539,0.218134313821793,0.0410987921059132,0.00141232961323112,-1.1,0.05,35.6708049064825,0.00358452134718076,0.0009675031078819,0.000454809153277816,0.0538686446138223,0,0
2782,2010,2,31.2221149405558,-86.2599499960015,5.7275,616,0.354139799120675,6.8448920249939,291.970302377941,1.70881680222005,312.924939100386,0.286972592006554,3,74.47506573,4,2,0.0182896684855223,0.00423698872327805,0.259727418422699,0.0230209734290838,0.171951130032539,0.218134313821793,0.0410987921059132,0.00141232961323112,-1.5,0.25,35.6708049064825,0.00358452134718076,0.0009675031078819,0.000454809153277816,0.0538686446138223,0,0
2783,2010,3,31.2221149405558,-86.2599499960015,7.94129032258065,616,0.348827407646244,12.2927751541138,291.970302377941,1.70881680222005,312.924939100386,0.435764783985956,3,74.47506573,4,2,0.0182896684855223,0.00423698872327805,0.259727418422699,0.0230209734290838,0.171951130032539,0.218134313821793,0.0410987921059132,0.00141232961323112,-0.7,-0.16,35.6708049064825,0.00358452134718076,0.0009675031078819,0.000454809153277816,0.0538686446138223,0,0
2886,2010,4,33.02744444,-91.6044444,21,626,0.278663710769941,18.7683029174805,104.9868768,0.255349945315428,162.612299524415,0.61427063922686,4,55.839895098,3,2,0.00684979883953929,0.000988630694337189,0.00847397744655609,0.00317774177528918,0.00699103157967329,0.589506387710571,0.21580396592617,0.0130640491843224,1.2,-0.04,2.67471346110302,0.0187991347434697,0.0212901228762829,0.0100913163252507,0.034231304170986,0,0
2887,2010,9,33.02744444,-91.6044444,27,626,0.0670314524510525,25.8929862976074,104.9868768,0.255349945315428,162.612299524415,0.885709828999658,4,55.839895098,3,2,0.00684979883953929,0.000988630694337189,0.00847397744655609,0.00317774177528918,0.00699103157967329,0.589506387710571,0.21580396592617,0.0130640491843224,2.2,-2.45,2.67471346110302,0.0187991347434697,0.0212901228762829,0.0100913163252507,0.034231304170986,0,0.00423229482406435
2926,2010,3,33.05124167,-91.3807472,22.85,637,0.129150493447679,11.7503519058228,108.2677167,0.00298295180423461,26.5532884109888,0.396509721813004,4,72.1784778,6,5,0.00466068787500262,0.00162417907267809,0.0873525887727737,0.00395452277734876,0.00896829273551702,0.570157468318939,0.153802692890167,0.00642609968781471,-0.7,-0.16,7.85408371644859,0.00373762917976256,0.0423762431479947,0.0144521699533262,0.0165372288415705,0,0
3125,2010,1,33.09944444,-93.1988889,275.22,658,0.448585821317949,4.65587186813354,324.347191437501,0.741634487630908,63.2880196814734,0.303567751647524,2,64.96063002,4,4,0.0309300199151039,0.00310712517239153,0.643810451030731,0.0901066288352013,0.0495021529495716,0.00981569103896618,0.00282465922646224,0.000988630694337189,-1.1,0.05,21.263723956412,0.00498575613694187,0.00177652837291502,0.000333919799766497,0.0619928739849726,0,0
3126,2010,2,33.09944444,-93.1988889,276.07,658,0.326216064908924,4.57943058013916,324.347191437501,0.741634487630908,63.2880196814734,0.356007373780243,2,64.96063002,4,4,0.0309300199151039,0.00310712517239153,0.643810451030731,0.0901066288352013,0.0495021529495716,0.00981569103896618,0.00282465922646224,0.000988630694337189,-1.5,0.25,21.263723956412,0.00498575613694187,0.00177652837291502,0.000333919799766497,0.0619928739849726,0,0
3127,2010,3,33.09944444,-93.1988889,276.92,658,0.195906156302035,11.2651500701904,324.347191437501,0.741634487630908,63.2880196814734,0.585065326929172,2,64.96063002,4,4,0.0309300199151039,0.00310712517239153,0.643810451030731,0.0901066288352013,0.0495021529495716,0.00981569103896618,0.00282465922646224,0.000988630694337189,-0.7,-0.16,21.263723956412,0.00498575613694187,0.00177652837291502,0.000333919799766497,0.0619928739849726,0,0
3128,2010,4,33.09944444,-93.1988889,276.92,658,0.170986433614475,17.9479389190674,324.347191437501,0.741634487630908,63.2880196814734,0.850569158129828,2,64.96063002,4,4,0.0309300199151039,0.00310712517239153,0.643810451030731,0.0901066288352013,0.0495021529495716,0.00981569103896618,0.00282465922646224,0.000988630694337189,1.2,-0.04,21.263723956412,0.00498575613694187,0.00177652837291502,0.000333919799766497,0.0619928739849726,0,0
3129,2010,5,33.09944444,-93.1988889,276.22,658,0.156538205121904,23.5698871612549,324.347191437501,0.741634487630908,63.2880196814734,0.945790710284848,2,64.96063002,4,4,0.0309300199151039,0.00310712517239153,0.643810451030731,0.0901066288352013,0.0495021529495716,0.00981569103896618,0.00282465922646224,0.000988630694337189,0.9,-0.18,21.263723956412,0.00498575613694187,0.00177652837291502,0.000333919799766497,0.0619928739849726,0,0
3130,2010,6,33.09944444,-93.1988889,276.745,658,0.207694146579639,28.4089164733887,324.347191437501,0.741634487630908,63.2880196814734,1.10313185411458,2,64.96063002,4,4,0.0309300199151039,0.00310712517239153,0.643810451030731,0.0901066288352013,0.0495021529495716,0.00981569103896618,0.00282465922646224,0.000988630694337189,0.4,-0.79,21.263723956412,0.00498575613694187,0.00177652837291502,0.000333919799766497,0.0619928739849726,0,0
3546,2010,12,33.27777778,-91.6661111,79.31,743,0.0922964815856833,5.89615106582642,180.4461945,0.353252945297135,234.130140484576,0.349714174576918,4,75.754593291,6,5,0.0100275408476591,0.00254219328053296,0.436268627643585,0.0334015972912312,0.0192782990634441,0.237271383404732,0.063696064054966,0.0311418678611517,2.9,-2.04,0.200168513496066,0.0140503157214877,0.0212901228762829,0.0100913163252507,0.0687240875519315,0,0
6188,2010,4,34.00760057,-91.5926259,34,1072,0.320888379602257,18.8226089477539,167.3228349,0.203030231642405,207.487852075085,0.559455842395418,4,117.552493617,4,6,0.0475715696811676,0.000997008988633752,0.00249252235516906,0.00156672834418714,0.00519868964329362,0.840478539466858,0.0188719555735588,0.00249252235516906,1.2,-0.04,1.33520075545424,0.0415393832324312,0.04984172754143,0.00676136702071575,0.080775809455812,0,0
6189,2010,9,34.00760057,-91.5926259,29,1072,0.0328176072136399,25.3029117584229,167.3228349,0.203030231642405,207.487852075085,0.85310247756189,4,117.552493617,4,6,0.0475715696811676,0.000997008988633752,0.00249252235516906,0.00156672834418714,0.00519868964329362,0.840478539466858,0.0188719555735588,0.00249252235516906,2.2,-2.45,1.33520075545424,0.0415393832324312,0.04984172754143,0.00676136702071575,0.080775809455812,0,0.00513315367227795
6228,2010,3,34.0113972,-91.2515472,40.15,1074,0.132497639995133,11.5113334655762,173.8845147,0.231005260715078,96.1950808324039,0.36860153174171,4,106.364829558,6,5,0.00473130447790027,0.00120048015378416,0.0694866180419922,0.00338959111832082,0.00706164818257093,0.380269765853882,0.404914915561676,0.00218911096453667,-0.7,-0.16,24.4739174901953,0.00891675622565977,0.0747948764623229,0.0553469344877931,0.0448323709346851,1,0
6661,2010,7,34.12777778,-91.3541667,60.3,1129,0.204185125706369,28.5153694152832,177.1653546,0.00853636071070172,275.34713692979,0.952500172057883,4,132.611548758,2,6,0.0714997872710228,0.00206523295491934,0.0055547640658915,0.00391682097688317,0.00804728642106056,0.783292949199677,0.0207947585731745,0.000213644772884436,1.8,-1.99,11.9106186211772,0.0872956050929912,0.0747948764623229,0.0553469344877931,0.0430705253053705,1,0.00539522628313944
6662,2010,8,34.12777778,-91.3541667,62.59,1129,0.301966980519557,29.3127822875977,177.1653546,0.00853636071070172,275.34713692979,0.894558524943329,4,132.611548758,2,6,0.0714997872710228,0.00206523295491934,0.0055547640658915,0.00391682097688317,0.00804728642106056,0.783292949199677,0.0207947585731745,0.000213644772884436,1.8,-2.21,11.9106186211772,0.0872956050929912,0.0747948764623229,0.0553469344877931,0.0430705253053705,1,0.004260400238717
6664,2010,10,34.12777778,-91.3541667,60.4,1129,0.187131751838033,18.2752666473389,177.1653546,0.00853636071070172,275.34713692979,0.658679873048438,4,132.611548758,2,6,0.0714997872710228,0.00206523295491934,0.0055547640658915,0.00391682097688317,0.00804728642106056,0.783292949199677,0.0207947585731745,0.000213644772884436,1.7,-1.6,11.9106186211772,0.0872956050929912,0.0747948764623229,0.0553469344877931,0.0430705253053705,1,9.41939208123519e-05
7750,2010,3,34.4213361,-92.0064778,24.79,1268,0.281379054339521,11.5770196914673,212.737398895722,0.0711874307471375,128.839902238134,0.363818967676362,4,121.948819083,2,5,0.00324835814535618,0.000918014266062528,0.00571993505582213,0.00247157691046596,0.00324835814535618,0.765270829200745,0.100416637957096,7.06164792063646e-05,-0.7,-0.16,1.47027626192245,0.0221963662287188,0.0438994043987895,0.0111640862084494,0.0357803389185667,0,0
8791,2010,1,34.5130111,-92.9531806,28.5,1363,0.320234874901717,2.54069232940674,590.615769126282,2.27655266249198,57.948889384131,0.243514654574744,3,48.195538131,2,2,0.0692041516304016,0.00741473073139787,0.623896598815918,0.0274698119610548,0.0226678904145956,0.0275404285639524,0,0,-1.1,0.05,57.1896398717737,0.00260070925765058,9.79212091448408e-06,0.00343311759261812,0.0640332852940758,0,0
8792,2010,4,34.5130111,-92.9531806,29.35,1363,0.286050406462763,16.7757816314697,590.615769126282,2.27655266249198,57.948889384131,0.733606184424962,3,48.195538131,2,2,0.0692041516304016,0.00741473073139787,0.623896598815918,0.0274698119610548,0.0226678904145956,0.0275404285639524,0,0,1.2,-0.04,57.1896398717737,0.00260070925765058,9.79212091448408e-06,0.00343311759261812,0.0640332852940758,0,0
15723,2010,4,35.3617222,-94.2512778,15.95,2313,0.216317865495255,17.2521343231201,390.816053806246,0.322679984636064,33.7114722552433,0.75367955199733,4,101.509186506,3,2,0.00427289539948106,0.00178037316072732,0.0366044715046883,0.00505625968798995,0.00818971637636423,0.779020071029663,0.0225751325488091,0.0413758717477322,1.2,-0.04,9.86087276801169,0.0149282626407684,0.000206558761250536,0.00803917201832544,0.0491225618816912,0,6.07331669263631e-09
19681,2010,4,35.86614167,-89.9091583,3.43,2724,0.465353218045038,17.9307117462158,246.0629925,0.132096864276246,269.260461557468,0.584555098653708,4,160.137795519,1,4,0.0624955855309963,0.00254219328053296,0.00741473073139787,0.00444883853197098,0.0111574037000537,0.782783687114716,0.000776781293097883,0.00812089536339045,1.2,-0.04,2.677970205708,0.00416007777075901,0.057779546767623,0.00118334145255352,0.049225956616501,0,0
20096,2010,2,35.9222222,-92.6216667,332.62,2780,0.2439848085042,0.51341438293457,1141.81154683222,8.99556492191859,313.425157530073,0.275183174972097,1,58.825459407,2,2,0.0906715616583824,0.00515500316396356,0.41762587428093,0.0100275408476591,0.0229503568261862,0.222088828682899,0,0,-1.5,0.25,94.1414721861099,0.0034449043171457,0.000331475597933846,5.81158515858042e-05,0.0665139359760284,0,0
20492,2010,2,36.0040222,-92.6009389,156.44,2864,0.215869087887778,0.902119636535645,1085.3363275903,3.92225211714266,84.3156403431743,0.275183174972097,1,56.791338669,4,2,0.0141005553305149,0.00299102696590126,0.815838217735291,0.0103261647745967,0.0101125193759799,0.0437259636819363,0,0.00192280299961567,-1.5,0.25,148.029815718612,0.0071225711678145,0.000331475597933846,5.81158515858042e-05,0.0696889638438821,0,0
20513,2010,3,36.0136817,-90.7631699,31.4,2872,0.393382696314139,10.0765295028687,255.9055122,0.0509567976328019,265.265748265519,0.33502723965043,4,108.398950296,6,5,0.00713226478546858,0.00176541204564273,0.117293976247311,0.00310712517239153,0.00769719667732716,0.707365274429321,0.0545865409076214,0.0026834262534976,-0.7,-0.16,0.230114433159321,0.0618000807904584,0.0884834199254449,0.0026343662076184,0.0747937768878539,1,0
20514,2010,11,36.0136817,-90.7631699,37.6,2872,0.392860928829737,9.92001056671143,255.9055122,0.0509567976328019,265.265748265519,0.295627324110617,4,108.398950296,6,5,0.00713226478546858,0.00176541204564273,0.117293976247311,0.00310712517239153,0.00769719667732716,0.707365274429321,0.0545865409076214,0.0026834262534976,1.3,-1.57,0.230114433159321,0.0618000807904584,0.0884834199254449,0.0026343662076184,0.0747937768878539,1,4.00337585474878e-07
20552,2010,4,36.03417778,-90.9442694,49.57,2887,0.44322932553517,17.1970748901367,262.467192,0.117021419367428,222.619879683777,0.57302139649671,4,151.509186582,2,5,0.185870960354805,0.00192280299961567,0.00519868964329362,0.00320467166602612,0.00726392259821296,0.691425740718842,0.0122489677742124,0.000427289545768872,1.2,-0.04,4.17116355403626,0.0246553249109341,0.043694311492664,0.00452462355126635,0.100508156211575,0,0
21000,2010,3,36.1414833,-93.097375,34.73,3028,0.319625599663635,8.56060409545898,1225.10198583444,3.52970715761825,31.3523373556565,0.329863931751778,1,55.413385911,4,2,0.0118500431999564,0.00287273782305419,0.367135882377625,0.0102700376883149,0.0338983051478863,0.358733117580414,0,0,-0.7,-0.16,12.1121300358287,0.0242625568078108,0.000430128263467735,0.000238960146370964,0.0522214217381179,0,0
21266,2010,2,36.23056389,-91.1621694,50.46,3094,0.185913038661526,0.631791830062866,361.48736326214,2.57348844250833,138.346682033361,0.253493291884731,1,57.545931846,2,2,0.00840336177498102,0.00360144046135247,0.761316299438477,0.00621425034478307,0.0127109671011567,0.0927194431424141,0,0.00112986366730183,-1.5,0.25,30.7403462294008,0.00890165955801871,0.0244385101113052,0.00981444249736073,0.0611543903110425,0,0
21410,2010,10,36.2147868,-90.188153,10,3126,0.0563651496262133,16.6065578460693,249.3438324,0.275388580311179,15.6990983081642,0.627174478517999,4,182.349081642,6,5,0.00557870185002685,0.00127109664026648,0.0040251393802464,0.00275404285639524,0.0053668525069952,0.760468900203705,0.146529197692871,0.000282465916825458,1.7,-1.6,1.10679773141607,0.0543989270518465,0.0896773194221972,0.00172486577713588,0.0953992446962992,1,0.00219014884425738
22787,2010,1,33.1068888888889,-91.9245722222222,85.0243333333333,3514,0.43479463938723,4.13574457168579,164.041995,0.00497513673282724,28.5112740273229,0.308246012277635,4,52.690288794,6,5,0.0268480274826288,0.0045577553100884,0.522432684898376,0.137231156229973,0.0336134470999241,0.0240706447511911,0.0262070931494236,7.12149267201312e-05,-1.1,0.05,12.964291072887,0.0116649541907622,0.0212901228762829,0.0100913163252507,0.0448080693627894,0,0
22788,2010,2,33.1068888888889,-91.9245722222222,84.9832142857143,3514,0.244142377528633,4.34451007843018,164.041995,0.00497513673282724,28.5112740273229,0.359343581858487,4,52.690288794,6,5,0.0268480274826288,0.0045577553100884,0.522432684898376,0.137231156229973,0.0336134470999241,0.0240706447511911,0.0262070931494236,7.12149267201312e-05,-1.5,0.25,12.964291072887,0.0116649541907622,0.0212901228762829,0.0100913163252507,0.0448080693627894,0,0
23869,2010,5,34.513375,-93.0511416666667,114.329677419355,3523,0.56431702827264,21.3293914794922,761.781377195254,13.5527560249134,194.105036536155,0.771535939665958,3,32.709973803,4,2,0.70298707485199,0.00769719667732716,0.139608785510063,0.00331897474825382,0.00656733289361,0.00762658007442951,0,0,0.9,-0.18,98.6302182052225,0.0677280554845083,9.79212091448408e-06,0.00343311759261812,0.080076893803676,0,0
23870,2010,6,34.513375,-93.0511416666667,114.274333333333,3523,0.338262598546873,26.9203128814697,761.781377195254,13.5527560249134,194.105036536155,0.955723941683743,3,32.709973803,4,2,0.70298707485199,0.00769719667732716,0.139608785510063,0.00331897474825382,0.00656733289361,0.00762658007442951,0,0,0.4,-0.79,98.6302182052225,0.0677280554845083,9.79212091448408e-06,0.00343311759261812,0.080076893803676,0,0
25720,2010,1,31.3689111,-110.1192944,15.49,3713,0.399792489086298,7.87668609619141,4226.57782199687,0.826378453554434,131.431388009925,0.242000815491552,2,92.814960771,3,2,0.0164536405354738,0.00331897474825382,0.0116517199203372,0.65249627828598,0.0660970285534859,0.0354494750499725,0,0,-1.1,0.05,40.0353198272012,0.00239925669277417,0.00551597441362334,6.94211655865672e-07,0.0111246811019878,0,0
25721,2010,2,31.3689111,-110.1192944,15.18,3713,0.18166858720734,8.08710956573486,4226.57782199687,0.826378453554434,131.431388009925,0.329815647296157,2,92.814960771,3,2,0.0164536405354738,0.00331897474825382,0.0116517199203372,0.65249627828598,0.0660970285534859,0.0354494750499725,0,0,-1.5,0.25,40.0353198272012,0.00239925669277417,0.00551597441362334,6.94211655865672e-07,0.0111246811019878,0,0
25722,2010,3,31.3689111,-110.1192944,15.02,3713,0.0592523923658163,11.1062269210815,4226.57782199687,0.826378453554434,131.431388009925,0.582444099250278,2,92.814960771,3,2,0.0164536405354738,0.00331897474825382,0.0116517199203372,0.65249627828598,0.0660970285534859,0.0354494750499725,0,0,-0.7,-0.16,40.0353198272012,0.00239925669277417,0.00551597441362334,6.94211655865672e-07,0.0111246811019878,0,0
25723,2010,6,31.3689111,-110.1192944,17.26,3713,0,25.0336017608643,4226.57782199687,0.826378453554434,131.431388009925,1.1175702329787,2,92.814960771,3,2,0.0164536405354738,0.00331897474825382,0.0116517199203372,0.65249627828598,0.0660970285534859,0.0354494750499725,0,0,0.4,-0.79,40.0353198272012,0.00239925669277417,0.00551597441362334,6.94211655865672e-07,0.0111246811019878,0,7.30338226717176e-06
25724,2010,7,31.3689111,-110.1192944,17.31,3713,0.491652351786287,25.948637008667,4226.57782199687,0.826378453554434,131.431388009925,0.813471827904964,2,92.814960771,3,2,0.0164536405354738,0.00331897474825382,0.0116517199203372,0.65249627828598,0.0660970285534859,0.0354494750499725,0,0,1.8,-1.99,40.0353198272012,0.00239925669277417,0.00551597441362334,6.94211655865672e-07,0.0111246811019878,0,1.49269446438643e-06
25725,2010,9,31.3689111,-110.1192944,14.95,3713,0.078816395226079,22.9484386444092,4226.57782199687,0.826378453554434,131.431388009925,0.645070665193593,2,92.814960771,3,2,0.0164536405354738,0.00331897474825382,0.0116517199203372,0.65249627828598,0.0660970285534859,0.0354494750499725,0,0,2.2,-2.45,40.0353198272012,0.00239925669277417,0.00551597441362334,6.94211655865672e-07,0.0111246811019878,0,9.19389787588771e-05
28627,2010,1,32.01266944,-110.3001778,32.89,6100,0.185939208385918,8.76564311981201,3486.93621622719,0.790021676090295,343.782974029049,0.299793854615945,2,276.935695959,4,2,0.0515596084296703,0.00512747466564178,0.0161657892167568,0.606252670288086,0.0176613014191389,0.0412334427237511,0.0215781219303608,0.00121065380517393,-1.1,0.05,19.5144825078063,0.00456239287878523,0.00551597441362334,6.94211655865672e-07,0.00370930317129008,0,0
28628,2010,2,32.01266944,-110.3001778,32.72,6100,0.143720071365262,9.00850868225098,3486.93621622719,0.790021676090295,343.782974029049,0.354843390496019,2,276.935695959,4,2,0.0515596084296703,0.00512747466564178,0.0161657892167568,0.606252670288086,0.0176613014191389,0.0412334427237511,0.0215781219303608,0.00121065380517393,-1.5,0.25,19.5144825078063,0.00456239287878523,0.00551597441362334,6.94211655865672e-07,0.00370930317129008,0,0
28629,2010,4,32.01266944,-110.3001778,33.03,6100,0.0262759708443492,15.8471240997314,3486.93621622719,0.790021676090295,343.782974029049,0.902123139718863,2,276.935695959,4,2,0.0515596084296703,0.00512747466564178,0.0161657892167568,0.606252670288086,0.0176613014191389,0.0412334427237511,0.0215781219303608,0.00121065380517393,1.2,-0.04,19.5144825078063,0.00456239287878523,0.00551597441362334,6.94211655865672e-07,0.00370930317129008,0,0
28630,2010,6,32.01266944,-110.3001778,34.25,6100,0,26.6033744812012,3486.93621622719,0.790021676090295,343.782974029049,1.23632115829838,2,276.935695959,4,2,0.0515596084296703,0.00512747466564178,0.0161657892167568,0.606252670288086,0.0176613014191389,0.0412334427237511,0.0215781219303608,0.00121065380517393,0.4,-0.79,19.5144825078063,0.00456239287878523,0.00551597441362334,6.94211655865672e-07,0.00370930317129008,0,0.000127444952406275
28631,2010,8,32.01266944,-110.3001778,34.39,6100,0.334389429275278,27.5243701934814,3486.93621622719,0.790021676090295,343.782974029049,0.790470004344585,2,276.935695959,4,2,0.0515596084296703,0.00512747466564178,0.0161657892167568,0.606252670288086,0.0176613014191389,0.0412334427237511,0.0215781219303608,0.00121065380517393,1.8,-2.21,19.5144825078063,0.00456239287878523,0.00551597441362334,6.94211655865672e-07,0.00370930317129008,0,7.47668934920302e-05
28632,2010,9,32.01266944,-110.3001778,31.76,6100,0.128123266059402,25.6623020172119,3486.93621622719,0.790021676090295,343.782974029049,0.745549641137952,2,276.935695959,4,2,0.0515596084296703,0.00512747466564178,0.0161657892167568,0.606252670288086,0.0176613014191389,0.0412334427237511,0.0215781219303608,0.00121065380517393,2.2,-2.45,19.5144825078063,0.00456239287878523,0.00551597441362334,6.94211655865672e-07,0.00370930317129008,0,0.000185780243263304
30000,2010,9,32.43349535,-114.562558,153.3,8226,0,30.7246341705322,190.580177599885,0.401357642212243,271.323891601492,0.64360445976465,2,270.866142144,1,1,0.00197726138867438,0.263328850269318,0.000706164806615561,0.000423698889790103,0.00190664501860738,0.0127815827727318,0,0.000211849444895051,2.2,-2.45,78.6425874558792,32805.1181601,0.00477023251479537,0.0255008430059828,0.00112303664585575,0,4.96209520769531e-06
30005,2010,7,32.4448478,-114.5964369,132.26,8267,0,33.2624092102051,165.670492747389,0.048021255017927,247.300515543964,0.976651410964087,2,309.580052964,1,1,0,0.974648654460907,0.00148294609971344,0.000706164806615561,0.00755596347153187,0,0,0,1.8,-1.99,58.3674088812092,32805.1181601,0.00477023251479537,0.0255008430059828,0.00101564618161414,0,1.05172410753296e-05
30006,2010,8,32.4448478,-114.5964369,132.51,8267,0.00514538817674668,33.1666679382324,165.670492747389,0.048021255017927,247.300515543964,0.897163232279709,2,309.580052964,1,1,0,0.974648654460907,0.00148294609971344,0.000706164806615561,0.00755596347153187,0,0,0,1.8,-2.21,58.3674088812092,32805.1181601,0.00477023251479537,0.0255008430059828,0.00101564618161414,0,7.40960703383731e-06
30073,2010,12,32.4512225,-114.5625163,154.8,8295,0.00718543223975115,14.1585483551025,200.045011597711,0.256376486164046,288.659662337596,0.16420819965802,2,368.339895573,1,1,0,0.974648654460907,0.00148294609971344,0.000706164806615561,0.00755596347153187,0,0,0,2.9,-2.04,85.384864636544,32805.1181601,0.00477023251479537,0.0255008430059828,0.00107674525784018,0,2.75217193913727e-06
30132,2010,3,32.4803159,-114.5625108,183.2,8412,0.121816299903983,16.8031387329102,239.5013127,0.543319850117276,201.655263699826,0.477491614799693,2,190.452756195,1,1,0.00263495231047273,0.570146679878235,0.00583962397649884,0.0136732654646039,0.00740635255351663,0.320752024650574,0,0,-0.7,-0.16,132.783441920626,32805.1181601,0.00477023251479537,0.0255008430059828,0.00115465453392981,0,6.27402364707862e-06
30179,2010,6,32.4948316,-114.4096116,288.9,8506,0,29.3712730407715,406.824476837879,0.42379534741444,250.275360999626,0.920262175429413,2,308.333333802,1,1,0.000142429853440262,0.85272753238678,0.00648055830970407,0.00868822075426579,0.0552627816796303,0,0,0,0.4,-0.79,286.812469838278,32805.1181601,0.00477023251479537,0.0255008430059828,0.00118744014003314,0,0
31751,2010,12,32.82616039,-112.8985015,283.4,12073,0.0516751651848516,14.5775804519653,810.710770333473,0.369020678411638,343.344282813226,0.239197413490208,2,251.377953138,4,2,0.0728957206010818,0.000502729089930654,0.000646365981083363,0.00531456479802728,0.744398176670074,0.135018676519394,0,0,2.9,-2.04,220.45480956899,0.091158472849847,0.0165870277836304,0.0138736657090794,0.00177678508684039,0,0
32326,2010,1,32.9136472,-109.6986944,297.99,12745,0.20806189941633,7.08283805847168,3346.5914503573,2.34465816919438,244.762990661898,0.302627268572857,4,607.447507485,4,2,0.0210437122732401,0.000706164806615561,0.00310712517239153,0.945554673671722,7.06164792063646e-05,0,0,0.000423698889790103,-1.1,0.05,261.122110718671,0.00544007568691065,0.0029693359337091,0.00249346094328902,0.00547563048508639,0,1.54138711984779e-06
32327,2010,2,32.9136472,-109.6986944,297.99,12745,0.117723647869761,8.73221111297607,3346.5914503573,2.34465816919438,244.762990661898,0.389414134579937,4,607.447507485,4,2,0.0210437122732401,0.000706164806615561,0.00310712517239153,0.945554673671722,7.06164792063646e-05,0,0,0.000423698889790103,-1.5,0.25,261.122110718671,0.00544007568691065,0.0029693359337091,0.00249346094328902,0.00547563048508639,0,0
32328,2010,3,32.9136472,-109.6986944,298.03,12745,0.0581682261152161,12.1307363510132,3346.5914503573,2.34465816919438,244.762990661898,0.72472239526886,4,607.447507485,4,2,0.0210437122732401,0.000706164806615561,0.00310712517239153,0.945554673671722,7.06164792063646e-05,0,0,0.000423698889790103,-0.7,-0.16,261.122110718671,0.00544007568691065,0.0029693359337091,0.00249346094328902,0.00547563048508639,0,8.47967580270561e-05
32329,2010,4,32.9136472,-109.6986944,297.99,12745,0.00343161696732852,16.3319511413574,3346.5914503573,2.34465816919438,244.762990661898,1.22765698957442,4,607.447507485,4,2,0.0210437122732401,0.000706164806615561,0.00310712517239153,0.945554673671722,7.06164792063646e-05,0,0,0.000423698889790103,1.2,-0.04,261.122110718671,0.00544007568691065,0.0029693359337091,0.00249346094328902,0.00547563048508639,0,0.000369022639683029
32330,2010,5,32.9136472,-109.6986944,297.99,12745,0,20.5281009674072,3346.5914503573,2.34465816919438,244.762990661898,1.50964561952189,4,607.447507485,4,2,0.0210437122732401,0.000706164806615561,0.00310712517239153,0.945554673671722,7.06164792063646e-05,0,0,0.000423698889790103,0.9,-0.18,261.122110718671,0.00544007568691065,0.0029693359337091,0.00249346094328902,0.00547563048508639,0,0.000512826358686739
32331,2010,6,32.9136472,-109.6986944,297.98,12745,0,27.4748802185059,3346.5914503573,2.34465816919438,244.762990661898,1.61437187540332,4,607.447507485,4,2,0.0210437122732401,0.000706164806615561,0.00310712517239153,0.945554673671722,7.06164792063646e-05,0,0,0.000423698889790103,0.4,-0.79,261.122110718671,0.00544007568691065,0.0029693359337091,0.00249346094328902,0.00547563048508639,0,0.000893058618203596
33716,2010,7,33.168933,-112.6862777,236.74,13848,0.130597863183073,35.1798667907715,750.037465836874,0.770302861902774,267.39775372227,1.333495915555,2,266.207349486,1,1,0.0123913967981935,0.00078336417209357,0.00348953134380281,0.181028336286545,0.00883065070956945,0.70481413602829,0.000142429853440262,7.12149267201312e-05,1.8,-1.99,43.3529581643806,1.45990515956814e-05,0.0165870277836304,0.0138736657090794,0.0129159391702463,1,0.00303214555136951
33717,2010,8,33.168933,-112.6862777,236.94,13848,0.0163939931823332,34.1489334106445,750.037465836874,0.770302861902774,267.39775372227,1.10141574095888,2,266.207349486,1,1,0.0123913967981935,0.00078336417209357,0.00348953134380281,0.181028336286545,0.00883065070956945,0.70481413602829,0.000142429853440262,7.12149267201312e-05,1.8,-2.21,43.3529581643806,1.45990515956814e-05,0.0165870277836304,0.0138736657090794,0.0129159391702463,1,0.00311168351731641
33817,2010,6,33.3335,-112.6880833,8.22,14345,0,31.1952877044678,810.3674553,0.158574696449741,185.945358308044,1.2808610029491,2,95.767716681,3,2,0.0116080334410071,0.000712149252649397,0.00391682097688317,0.0519156828522682,0.0124626122415066,0.595143139362335,0.191710576415062,0.000213644772884436,0.4,-0.79,4.47085563020114,0.0108911936896517,0.0165870277836304,0.0138736657090794,0.0128901597450053,1,0.0046834819318184
33983,2010,11,33.3870833,-112.1343056,60.86,14726,2.12184753312815e-05,15.623818397522,1053.1496079,0.087566915581094,200.16462729314,0.47655846575587,2,235.531496421,3,2,0.504696011543274,0.00642609968781471,0.0165242571383715,0.0945554673671722,0.00903890933841467,0.161146804690361,0.000494315347168595,0.00473130447790027,1.3,-1.57,22.9382045974362,0.0144702328135958,0.0165870277836304,0.0138736657090794,0.00187142002673044,0,0.000538864318369586
34247,2010,9,33.43030556,-112.5113333,194.48,15113,0,31.4072036743164,1004.04583379006,0.849148198973666,167.020447065027,0.968727053214899,2,177.329396595,1,2,0.110726647078991,0.00338959111832082,0.0109455548226833,0.0914483442902565,0.0127815827727318,0.606313109397888,7.06164792063646e-05,0.000141232958412729,2.2,-2.45,90.9855611186668,0.041090431650384,0.0165870277836304,0.0138736657090794,0.00246091456672177,0,0.00407022826755025
36125,2010,10,34.03011229,-114.3073702,108.73,17100,0.0257093794154672,23.8315677642822,465.340201550708,6.21890040920257,255.010460411006,0.559097501147795,4,209.219160423,1,3,0.000564931833650917,0.291575461626053,0.0336134470999241,0.432031631469727,0.00374267343431711,0.0276816617697477,0,0,1.7,-1.6,120.62441976865,0.0611437197638702,0.00177893125267717,0.0195516599814676,0.00187895417604751,0,9.2043045639033e-05
36134,2010,11,34.0570453,-114.2957395,89.98,17120,0,16.2544994354248,433.921255011296,2.15808169922557,328.695008171924,0.328151448065266,2,142.782152448,1,2,0.000564931833650917,0.291575461626053,0.0336134470999241,0.432031631469727,0.00374267343431711,0.0276816617697477,0,0,1.3,-1.57,71.214090290332,0.0236125766990801,0.00177893125267717,0.0195516599814676,0.00137013581314124,0,2.07813189409863e-05
36197,2010,2,34.14133349,-114.215818,237.485,17193,0.0413860236569195,14.4043941497803,605.413662525435,0.665123084467133,278.048704425885,0.290866837230265,2,285.859580487,1,3,0.00380637752823532,0.103274919092655,0.0170927885919809,0.747845470905304,0.0041654696688056,0,0,0,-1.5,0.25,235.606666983138,0.0759999358402574,0.00177893125267717,0.0195516599814676,0.0019183501458137,0,0
36198,2010,4,34.14133349,-114.215818,237.54,17193,0,20.025728225708,605.413662525435,0.665123084467133,278.048704425885,0.810945366918127,2,285.859580487,1,3,0.00380637752823532,0.103274919092655,0.0170927885919809,0.747845470905304,0.0041654696688056,0,0,0,1.2,-0.04,235.606666983138,0.0759999358402574,0.00177893125267717,0.0195516599814676,0.0019183501458137,0,0
36199,2010,7,34.14133349,-114.215818,237.78,17193,0,36.0746383666992,605.413662525435,0.665123084467133,278.048704425885,1.2799501813985,2,285.859580487,1,3,0.00380637752823532,0.103274919092655,0.0170927885919809,0.747845470905304,0.0041654696688056,0,0,0,1.8,-1.99,235.606666983138,0.0759999358402574,0.00177893125267717,0.0195516599814676,0.0019183501458137,0,0
36200,2010,8,34.14133349,-114.215818,237.6,17193,0,34.290340423584,605.413662525435,0.665123084467133,278.048704425885,1.21499980400318,2,285.859580487,1,3,0.00380637752823532,0.103274919092655,0.0170927885919809,0.747845470905304,0.0041654696688056,0,0,0,1.8,-2.21,235.606666983138,0.0759999358402574,0.00177893125267717,0.0195516599814676,0.0019183501458137,0,0
36484,2010,11,34.29534088,-110.973959,75.3,17397,0.0771956495021639,4.8618335723877,6162.7702298308,5.51431171488049,180.542729850729,0.519952749807358,2,49.278215298,4,2,0.0125338267534971,0.00263495231047273,0.906281173229218,0.0172340124845505,0.000213644772884436,0,0,0,1.3,-1.57,5.92615192292848,0.0174480391718294,0.00102723899764027,1.35005125273985e-05,0.00806582259029771,0,0
36568,2010,3,34.40205645,-111.4980032,318.4,17457,0.214479827205636,6.5187201499939,5968.14403592891,4.24311270960811,55.3105579807216,0.622960139142668,2,31.725721833,3,2,0.0913071110844612,0.00586116779595613,0.751500606536865,0.0188546013087034,0.00240096030756831,0,0,0,-0.7,-0.16,61.1980944785236,0.0133567441466146,0.00102723899764027,1.35005125273985e-05,0.0136204881834115,0,0
36569,2010,5,34.40205645,-111.4980032,276.8,17457,0,14.0568008422852,5968.14403592891,4.24311270960811,55.3105579807216,1.39500515566628,2,31.725721833,3,2,0.0913071110844612,0.00586116779595613,0.751500606536865,0.0188546013087034,0.00240096030756831,0,0,0,0.9,-0.18,61.1980944785236,0.0133567441466146,0.00102723899764027,1.35005125273985e-05,0.0136204881834115,0,0
36570,2010,8,34.40205645,-111.4980032,296.4,17457,0.140365803548951,21.7467727661133,5968.14403592891,4.24311270960811,55.3105579807216,0.998201046355838,2,31.725721833,3,2,0.0913071110844612,0.00586116779595613,0.751500606536865,0.0188546013087034,0.00240096030756831,0,0,0,1.8,-2.21,61.1980944785236,0.0133567441466146,0.00102723899764027,1.35005125273985e-05,0.0136204881834115,0,0
36595,2010,10,34.41973197,-109.6241327,14.6,17508,0.0456500586004609,12.619441986084,6313.16755671577,1.22646972755547,336.933260667923,0.646589084917209,9,49.704724485,4,2,0.0637373626232147,0.00299102696590126,0.0127474721521139,0.802022516727448,0.0037743910215795,0,0,0,1.7,-1.6,0.394671530209601,0.013282009206606,0.000537758600563536,9.00110962316648e-05,0.00967101932977637,0,0
36915,2010,3,34.56271939,-112.258858,133.2,17957,0.123859791180503,8.12956047058105,4671.25565830757,0.939208408373905,100.344519744834,0.664242873112642,4,176.50918662,4,2,0.0306224189698696,0.00163794332183897,0.00398803595453501,0.508973062038422,0.129468739032745,0.000427289545768872,0.0188719555735588,0,-0.7,-0.16,0.285001134742445,0.00044874608957317,0.00129794497991408,0.000335593029035469,0.0111579852553581,0,0
37003,2010,2,34.58141334,-112.3443327,328.28,18064,0.189929697120184,4.90502882003784,5184.59013848614,0.831649170026541,86.5482029241615,0.243248401721226,2,196.19422602,2,2,0.409010648727417,0.00663794949650764,0.0204081628471613,0.343549191951752,0.0162417907267809,0.000211849444895051,0.000353082403307781,0.000706164806615561,-1.5,0.25,157.467174018455,0.0101706743847508,0.00129794497991408,0.000335593029035469,0.00843435348367939,0,0
37004,2010,6,34.58141334,-112.3443327,312.5,18064,0.0180574727770924,20.9908084869385,5184.59013848614,0.831649170026541,86.5482029241615,1.1587803775649,2,196.19422602,2,2,0.409010648727417,0.00663794949650764,0.0204081628471613,0.343549191951752,0.0162417907267809,0.000211849444895051,0.000353082403307781,0.000706164806615561,0.4,-0.79,157.467174018455,0.0101706743847508,0.00129794497991408,0.000335593029035469,0.00843435348367939,0,0
37232,2010,1,34.64777778,-111.7675,127.75,18183,0.394614588218424,6.75110006332397,3508.23145130588,1.38800873171153,183.15036755634,0.272054847870488,4,170.669291598,4,2,0.0403076484799385,0.00341831636615098,0.00961401499807835,0.801523983478546,0.00534111959859729,0.00106822384987026,0.0134596209973097,0,-1.1,0.05,10.7547069948322,0.00847077175483752,0.00129794497991408,0.000335593029035469,0.00903546498474975,0,0
37233,2010,4,34.64777778,-111.7675,129.1,18183,0.000841044614348137,13.8686275482178,3508.23145130588,1.38800873171153,183.15036755634,1.05245845684319,4,170.669291598,4,2,0.0403076484799385,0.00341831636615098,0.00961401499807835,0.801523983478546,0.00534111959859729,0.00106822384987026,0.0134596209973097,0,1.2,-0.04,10.7547069948322,0.00847077175483752,0.00129794497991408,0.000335593029035469,0.00903546498474975,0,0
37949,2010,8,34.7700216,-112.657676,7,18642,0.192131383191687,23.7591285705566,4613.75741467301,1.69250674171912,107.993172084715,0.905191518001804,4,90.22309725,4,2,0.00282465922646224,0.000141232958412729,0.00444883853197098,0.859967529773712,0.00642609968781471,0.0333309806883335,0.0119341854006052,0,1.8,-2.21,3.59599163759705,0.0277819778577798,0.00129794497991408,0.000335593029035469,0.00405735774963473,1,0
38014,2010,10,34.7805833,-112.0266667,0.32,18732,0.326606120208009,18.0635223388672,3323.51429572651,0.358444587649558,122.482491894316,0.506713597624828,2,280.052493864,6,7,0.0561173632740974,0.00975644495338202,0.00925794057548046,0.738142728805542,0.00583962397649884,0.00398803595453501,0.016450647264719,0.00249252235516906,1.7,-1.6,55.2999817695042,0,0.00129794497991408,0.000335593029035469,0.00537279032722116,0,0
38419,2010,9,34.9190833,-112.4525556,306,19690,0.0138700305844169,20.9324932098389,4565.89467728553,2.1205439286352,170.293697321721,1.01647935355995,2,356.62729713,4,2,0.0841042324900627,0.00741473073139787,0.0230209734290838,0.535625994205475,0.0578348971903324,0,0,0,2.2,-2.45,155.535532970001,0.00548015156453062,0.00129794497991408,0.000335593029035469,0.00994143186274916,0,8.59967266118884e-10
39643,2010,3,36.03804969,-111.2079171,202.3,21256,0.0816599654390133,6.80549335479736,5257.77312455933,1.87078832462019,337.680603890423,0.505365537675682,2,415.68241533,1,3,0,7.06164792063646e-05,0.000423698889790103,0.980721712112427,0.00338959111832082,0,0,0,-0.7,-0.16,478.208247233295,0.137778160925958,0.000165812660923166,0.000236423724338145,0.00413274125621033,0,0
39742,2010,3,36.3088901,-109.7748348,309.8,21297,0.0939314635896057,5.3376293182373,5898.7128009243,1.32276120746076,80.5034389207341,0.287640614583849,2,75.13123371,4,2,7.12149267201312e-05,0,0.0464321337640285,0.616721272468567,0.0967810824513435,0,0,0,-0.7,-0.16,68.8127771557451,0.0285288681899846,0.000537758600563536,9.00110962316648e-05,0.00409273660132661,0,0
39795,2010,4,36.53694246,-110.5729186,289.2,21313,0,9.32663440704346,6429.26535348849,1.85676467829298,16.1926930224252,0.669753408573953,2,90.715223235,1,2,0.00348953134380281,0.00242130761034787,0.00306224194355309,0.970801889896393,0.000142429853440262,0,0,0,1.2,-0.04,22.2834999818669,0.0191027531968511,0.000776567217203605,0.000114116090325679,0.00294549285007951,0,0
39950,2010,10,36.90803247,-113.9299656,45.9,21385,0.1295101988751,20.8297958374023,1897.99227531632,1.33590567802538,228.626658726907,0.563637040962433,4,626.509187304,3,2,0.0778379142284393,0.00562597904354334,0.00811850186437368,0.362270325422287,0.156103119254112,0.00861700624227524,0.0331149399280548,7.12149267201312e-05,1.7,-1.6,93.5312082305592,0.0352593424456546,0.000720292623480926,0.000574524205316537,0.00225057152692849,0,0
40171,2010,1,34.64,-109.92,170.409677419355,21442,0.180214196326377,0.46356663107872,5449.44180332059,1.02089045766351,319.624444916471,0.122987817465626,3,206.167979316,4,2,0.00948003493249416,0.00179546105209738,0.00732548115774989,0.822608470916748,0.0215455330908298,0,0,0,-1.1,0.05,26.2728920532443,0.0530638922437149,0.000776567217203605,0.000114116090325679,0.00591164356403053,0,0
40172,2010,2,34.64,-109.92,169.944285714286,21442,0.020197658118964,3.10469269752502,5449.44180332059,1.02089045766351,319.624444916471,0.246749863286254,3,206.167979316,4,2,0.00948003493249416,0.00179546105209738,0.00732548115774989,0.822608470916748,0.0215455330908298,0,0,0,-1.5,0.25,26.2728920532443,0.0530638922437149,0.000776567217203605,0.000114116090325679,0.00591164356403053,0,0
40173,2010,3,34.64,-109.92,169.828064516129,21442,0.0316394940304021,6.55063390731812,5449.44180332059,1.02089045766351,319.624444916471,0.547840890190237,3,206.167979316,4,2,0.00948003493249416,0.00179546105209738,0.00732548115774989,0.822608470916748,0.0215455330908298,0,0,0,-0.7,-0.16,26.2728920532443,0.0530638922437149,0.000776567217203605,0.000114116090325679,0.00591164356403053,0,0
40174,2010,4,34.64,-109.92,170.789,21442,0.0216109327459542,11.0713109970093,5449.44180332059,1.02089045766351,319.624444916471,0.937862147357565,3,206.167979316,4,2,0.00948003493249416,0.00179546105209738,0.00732548115774989,0.822608470916748,0.0215455330908298,0,0,0,1.2,-0.04,26.2728920532443,0.0530638922437149,0.000776567217203605,0.000114116090325679,0.00591164356403053,0,0
40175,2010,5,34.64,-109.92,172.672903225806,21442,0.0135101906163275,15.2045879364014,5449.44180332059,1.02089045766351,319.624444916471,1.19752548680143,3,206.167979316,4,2,0.00948003493249416,0.00179546105209738,0.00732548115774989,0.822608470916748,0.0215455330908298,0,0,0,0.9,-0.18,26.2728920532443,0.0530638922437149,0.000776567217203605,0.000114116090325679,0.00591164356403053,0,0
41396,2010,1,31.59,-109.51,13.9629032258065,21457,0.207952026623201,6.16953420639038,4763.57581706461,23.4217014210873,146.77333426919,0.269636444942187,2,92.224409589,2,2,0.000847397779580206,0,0.00656733289361,0.758350372314453,0.0581879802048206,0.000211849444895051,0.000423698889790103,0,-1.1,0.05,51.9033837043542,0.00545645996118096,0.00551597441362334,6.94211655865672e-07,0.0079441502419735,0,0
41397,2010,2,31.59,-109.51,14.3503571428571,21457,0.135407122620075,6.8392186164856,4763.57581706461,23.4217014210873,146.77333426919,0.3620505401027,2,92.224409589,2,2,0.000847397779580206,0,0.00656733289361,0.758350372314453,0.0581879802048206,0.000211849444895051,0.000423698889790103,0,-1.5,0.25,51.9033837043542,0.00545645996118096,0.00551597441362334,6.94211655865672e-07,0.0079441502419735,0,0
41398,2010,3,31.59,-109.51,14.661935483871,21457,0.0369673670682343,9.65459728240967,4763.57581706461,23.4217014210873,146.77333426919,0.638679995969435,2,92.224409589,2,2,0.000847397779580206,0,0.00656733289361,0.758350372314453,0.0581879802048206,0.000211849444895051,0.000423698889790103,0,-0.7,-0.16,51.9033837043542,0.00545645996118096,0.00551597441362334,6.94211655865672e-07,0.0079441502419735,0,9.65360740419337e-06
41399,2010,4,31.59,-109.51,14.9616666666667,21457,0.0214099680983206,13.5902099609375,4763.57581706461,23.4217014210873,146.77333426919,0.879311550405615,2,92.224409589,2,2,0.000847397779580206,0,0.00656733289361,0.758350372314453,0.0581879802048206,0.000211849444895051,0.000423698889790103,0,1.2,-0.04,51.9033837043542,0.00545645996118096,0.00551597441362334,6.94211655865672e-07,0.0079441502419735,0,3.09968961460216e-05
41400,2010,5,31.59,-109.51,15.2458064516129,21457,0,17.7266941070557,4763.57581706461,23.4217014210873,146.77333426919,1.13569955673031,2,92.224409589,2,2,0.000847397779580206,0,0.00656733289361,0.758350372314453,0.0581879802048206,0.000211849444895051,0.000423698889790103,0,0.9,-0.18,51.9033837043542,0.00545645996118096,0.00551597441362334,6.94211655865672e-07,0.0079441502419735,0,4.03223923175133e-05
41401,2010,6,31.59,-109.51,15.5576666666667,21457,0,24.1027717590332,4763.57581706461,23.4217014210873,146.77333426919,1.19638478218165,2,92.224409589,2,2,0.000847397779580206,0,0.00656733289361,0.758350372314453,0.0581879802048206,0.000211849444895051,0.000423698889790103,0,0.4,-0.79,51.9033837043542,0.00545645996118096,0.00551597441362334,6.94211655865672e-07,0.0079441502419735,0,6.97475266189075e-05
63033,2010,10,36,-114.04,133.5,21645,0.10374305145133,19.19482421875,2710.74439161555,5.34091679480046,89.7003600030871,0.584960998463113,4,153.641732517,1,1,0.0334722138941288,0.00423698872327805,0.0109455548226833,0.854247570037842,0,0,0,0,1.7,-1.6,1.42581839321374,0.174579681009128,0.000720292623480926,0.000574524205316537,0.00380368182941029,0,0
63150,2010,1,36.4908336348382,-109.948172719957,374.454193548387,21648,0.174896222978642,-2.12721586227417,5863.32095880449,2.1771841254253,75.2756727031135,0.0402268713213398,2,110.367454236,1,3,0.00868582725524902,0.000776781293097883,0.00501377042382956,0.809547364711761,0.0177953541278839,0,0,0,-1.1,0.05,57.385618692552,0.0269562845988476,0.000537758600563536,9.00110962316648e-05,0.00307038698999211,0,0
63151,2010,2,36.4908336348382,-109.948172719957,374.383214285714,21648,0.102934505839378,1.01549124717712,5863.32095880449,2.1771841254253,75.2756727031135,0.111750680487577,2,110.367454236,1,3,0.00868582725524902,0.000776781293097883,0.00501377042382956,0.809547364711761,0.0177953541278839,0,0,0,-1.5,0.25,57.385618692552,0.0269562845988476,0.000537758600563536,9.00110962316648e-05,0.00307038698999211,0,0
63153,2010,4,36.4908336348382,-109.948172719957,374.337333333333,21648,0.0194989008211169,9.9962215423584,5863.32095880449,2.1771841254253,75.2756727031135,0.633646998530067,2,110.367454236,1,3,0.00868582725524902,0.000776781293097883,0.00501377042382956,0.809547364711761,0.0177953541278839,0,0,0,1.2,-0.04,57.385618692552,0.0269562845988476,0.000537758600563536,9.00110962316648e-05,0.00307038698999211,0,0
63154,2010,5,36.4908336348382,-109.948172719957,374.371612903226,21648,0.0219822337016627,13.5843467712402,5863.32095880449,2.1771841254253,75.2756727031135,0.914865029591721,2,110.367454236,1,3,0.00868582725524902,0.000776781293097883,0.00501377042382956,0.809547364711761,0.0177953541278839,0,0,0,0.9,-0.18,57.385618692552,0.0269562845988476,0.000537758600563536,9.00110962316648e-05,0.00307038698999211,0,0
63155,2010,6,36.4908336348382,-109.948172719957,374.467333333333,21648,0,21.2373085021973,5863.32095880449,2.1771841254253,75.2756727031135,1.08180829710705,2,110.367454236,1,3,0.00868582725524902,0.000776781293097883,0.00501377042382956,0.809547364711761,0.0177953541278839,0,0,0,0.4,-0.79,57.385618692552,0.0269562845988476,0.000537758600563536,9.00110962316648e-05,0.00307038698999211,0,0
63376,2010,1,36.5280532914231,-110.599030055646,217.036896551724,21649,0.169009361624107,-1.45841574668884,6340.00620673846,0.981637911946629,262.545624431946,0.0362440201166339,2,74.507874129,1,2,0.00348953134380281,0.00242130761034787,0.00306224194355309,0.970801889896393,0.000142429853440262,0,0,0,-1.1,0.05,7.27278746186006,0.0221160550214117,0.000776567217203605,0.000114116090325679,0.00527309022577479,0,0
63377,2010,2,36.5280532914231,-110.599030055646,217.005714285714,21649,0.154971601065955,0.796489536762238,6340.00620673846,0.981637911946629,262.545624431946,0.125569759269405,2,74.507874129,1,2,0.00348953134380281,0.00242130761034787,0.00306224194355309,0.970801889896393,0.000142429853440262,0,0,0,-1.5,0.25,7.27278746186006,0.0221160550214117,0.000776567217203605,0.000114116090325679,0.00527309022577479,0,0
63380,2010,5,36.5280532914231,-110.599030055646,217.012258064516,21649,0,13.3023920059204,6340.00620673846,0.981637911946629,262.545624431946,0.981454725580866,2,74.507874129,1,2,0.00348953134380281,0.00242130761034787,0.00306224194355309,0.970801889896393,0.000142429853440262,0,0,0,0.9,-0.18,7.27278746186006,0.0221160550214117,0.000776567217203605,0.000114116090325679,0.00527309022577479,0,0
63381,2010,6,36.5280532914231,-110.599030055646,217.047,21649,0,21.1844635009766,6340.00620673846,0.981637911946629,262.545624431946,1.17015258085841,2,74.507874129,1,2,0.00348953134380281,0.00242130761034787,0.00306224194355309,0.970801889896393,0.000142429853440262,0,0,0,0.4,-0.79,7.27278746186006,0.0221160550214117,0.000776567217203605,0.000114116090325679,0.00527309022577479,0,0
63648,2010,1,36.89,-113.96,267.889032258065,21652,0.159101448901656,8.07464408874512,2050.5229850574,0.721600337168864,228.93126478006,0.18008109493044,2,1736.614175868,2,2,0.0138408308848739,0.00204787799157202,0.00656733289361,0.236988916993141,0.251606523990631,0.000918014266062528,0.0582585968077183,0,-1.1,0.05,257.020184764902,0.0673222699789703,0.000720292623480926,0.000574524205316537,0.00397848713045319,0,0
63649,2010,2,36.89,-113.96,267.7075,21652,0.211804583012885,9.80002021789551,2050.5229850574,0.721600337168864,228.93126478006,0.313889911958514,2,1736.614175868,2,2,0.0138408308848739,0.00204787799157202,0.00656733289361,0.236988916993141,0.251606523990631,0.000918014266062528,0.0582585968077183,0,-1.5,0.25,257.020184764902,0.0673222699789703,0.000720292623480926,0.000574524205316537,0.00397848713045319,0,0
63650,2010,3,36.89,-113.96,267.697096774194,21652,0.0987285580471195,12.7273216247559,2050.5229850574,0.721600337168864,228.93126478006,0.616637703939258,2,1736.614175868,2,2,0.0138408308848739,0.00204787799157202,0.00656733289361,0.236988916993141,0.251606523990631,0.000918014266062528,0.0582585968077183,0,-0.7,-0.16,257.020184764902,0.0673222699789703,0.000720292623480926,0.000574524205316537,0.00397848713045319,0,0
63651,2010,4,36.89,-113.96,267.81,21652,0.0244949746691952,15.9997406005859,2050.5229850574,0.721600337168864,228.93126478006,0.969686434560168,2,1736.614175868,2,2,0.0138408308848739,0.00204787799157202,0.00656733289361,0.236988916993141,0.251606523990631,0.000918014266062528,0.0582585968077183,0,1.2,-0.04,257.020184764902,0.0673222699789703,0.000720292623480926,0.000574524205316537,0.00397848713045319,0,0
63652,2010,5,36.89,-113.96,267.942580645161,21652,0,20.3030395507812,2050.5229850574,0.721600337168864,228.93126478006,1.26862473568046,2,1736.614175868,2,2,0.0138408308848739,0.00204787799157202,0.00656733289361,0.236988916993141,0.251606523990631,0.000918014266062528,0.0582585968077183,0,0.9,-0.18,257.020184764902,0.0673222699789703,0.000720292623480926,0.000574524205316537,0.00397848713045319,0,0
63939,2010,1,32.55364444,-117.0616028,16.61,21658,0.232527675631673,14.2498540878296,36.0951433442664,1.17084933804448,108.788038358202,0.328603379556313,4,19.061679819,4,4,0.267198413610458,0.00149551348295063,0.00263495231047273,0.0674405321478844,0.045506339520216,0.0254949443042278,0.00249252235516906,0.000498504494316876,-1.1,0.05,4.83757907433804,0.00357336998161262,0.00293391492795074,0.0927643456137331,0.00261608356619875,1,0
63940,2010,2,32.55364444,-117.0616028,14.84,21658,0.160412350595556,13.8436737060547,36.0951433442664,1.17084933804448,108.788038358202,0.413511382003107,4,19.061679819,4,4,0.267198413610458,0.00149551348295063,0.00263495231047273,0.0674405321478844,0.045506339520216,0.0254949443042278,0.00249252235516906,0.000498504494316876,-1.5,0.25,4.83757907433804,0.00357336998161262,0.00293391492795074,0.0927643456137331,0.00261608356619875,1,0
63941,2010,3,32.55364444,-117.0616028,14.13,21658,0.0860607343765331,14.7661743164062,36.0951433442664,1.17084933804448,108.788038358202,0.619991283407964,4,19.061679819,4,4,0.267198413610458,0.00149551348295063,0.00263495231047273,0.0674405321478844,0.045506339520216,0.0254949443042278,0.00249252235516906,0.000498504494316876,-0.7,-0.16,4.83757907433804,0.00357336998161262,0.00293391492795074,0.0927643456137331,0.00261608356619875,1,0
63942,2010,4,32.55364444,-117.0616028,14.7,21658,0.134655359427809,14.7422351837158,36.0951433442664,1.17084933804448,108.788038358202,0.732987472566989,4,19.061679819,4,4,0.267198413610458,0.00149551348295063,0.00263495231047273,0.0674405321478844,0.045506339520216,0.0254949443042278,0.00249252235516906,0.000498504494316876,1.2,-0.04,4.83757907433804,0.00357336998161262,0.00293391492795074,0.0927643456137331,0.00261608356619875,1,0
63943,2010,5,32.55364444,-117.0616028,15.49,21658,0,16.2320518493652,36.0951433442664,1.17084933804448,108.788038358202,0.858958087935168,4,19.061679819,4,4,0.267198413610458,0.00149551348295063,0.00263495231047273,0.0674405321478844,0.045506339520216,0.0254949443042278,0.00249252235516906,0.000498504494316876,0.9,-0.18,4.83757907433804,0.00357336998161262,0.00293391492795074,0.0927643456137331,0.00261608356619875,1,0
63944,2010,6,32.55364444,-117.0616028,16.46,21658,0,18.000452041626,36.0951433442664,1.17084933804448,108.788038358202,0.927622538697501,4,19.061679819,4,4,0.267198413610458,0.00149551348295063,0.00263495231047273,0.0674405321478844,0.045506339520216,0.0254949443042278,0.00249252235516906,0.000498504494316876,0.4,-0.79,4.83757907433804,0.00357336998161262,0.00293391492795074,0.0927643456137331,0.00261608356619875,1,0
68466,2010,9,33.93595556,-118.0001667,63.13,23410,0,23.1482315063477,213.441335738508,1.31397411198475,287.388468875317,1.05440885849272,4,14.304461964,4,2,0.962149560451508,0.000564931833650917,0.00148294609971344,0.0013417131267488,0.00317774177528918,0.00275404285639524,0,7.06164792063646e-05,2.2,-2.45,48.801745716693,0.0352792795221284,0.0313434201048841,0.0765543324713917,0.00554223930108051,0,0
70097,2010,1,34.0148333,-117.011,53.24,23517,0.675517456200389,10.5446739196777,2852.54851601468,3.15747209531415,309.430849466468,0.255020522457687,4,2.493438324,1,1,0.161641120910645,0.00621425034478307,0.0221029594540596,0.515076637268066,0.100487254559994,0,0,0,-1.1,0.05,138.254053220861,0.0175651463270927,0.00390100320832932,0.000817177924879022,0.00960504453425606,0,0
70098,2010,2,34.0148333,-117.011,46.84,23517,0.289197832081551,10.1040420532227,2852.54851601468,3.15747209531415,309.430849466468,0.310512928671247,4,2.493438324,1,1,0.161641120910645,0.00621425034478307,0.0221029594540596,0.515076637268066,0.100487254559994,0,0,0,-1.5,0.25,138.254053220861,0.0175651463270927,0.00390100320832932,0.000817177924879022,0.00960504453425606,0,0
70099,2010,3,34.0148333,-117.011,48.64,23517,0.0676810523433621,12.0683317184448,2852.54851601468,3.15747209531415,309.430849466468,0.596273928770151,4,2.493438324,1,1,0.161641120910645,0.00621425034478307,0.0221029594540596,0.515076637268066,0.100487254559994,0,0,0,-0.7,-0.16,138.254053220861,0.0175651463270927,0.00390100320832932,0.000817177924879022,0.00960504453425606,0,0
70100,2010,4,34.0148333,-117.011,48.64,23517,0.153457999775573,12.5694522857666,2852.54851601468,3.15747209531415,309.430849466468,0.73163761039866,4,2.493438324,1,1,0.161641120910645,0.00621425034478307,0.0221029594540596,0.515076637268066,0.100487254559994,0,0,0,1.2,-0.04,138.254053220861,0.0175651463270927,0.00390100320832932,0.000817177924879022,0.00960504453425606,0,0
70101,2010,6,34.0148333,-117.011,82.84,23517,0,20.8854541778564,2852.54851601468,3.15747209531415,309.430849466468,1.2898159297013,4,2.493438324,1,1,0.161641120910645,0.00621425034478307,0.0221029594540596,0.515076637268066,0.100487254559994,0,0,0,0.4,-0.79,138.254053220861,0.0175651463270927,0.00390100320832932,0.000817177924879022,0.00960504453425606,0,0
70102,2010,7,34.0148333,-117.011,84.84,23517,0,24.391622543335,2852.54851601468,3.15747209531415,309.430849466468,1.43918725980911,4,2.493438324,1,1,0.161641120910645,0.00621425034478307,0.0221029594540596,0.515076637268066,0.100487254559994,0,0,0,1.8,-1.99,138.254053220861,0.0175651463270927,0.00390100320832932,0.000817177924879022,0.00960504453425606,0,0
77657,2010,1,34.41221965,-119.7059682,13.825,24058,0.557074059559689,13.0197696685791,72.8054995988091,4.65672068953994,89.3956250058794,0.296441076133543,2,18.667979031,3,2,0.853541433811188,0.00225972733460367,0.0177953541278839,0.00663794949650764,0.000423698889790103,0.000282465916825458,0.00155356258619577,0.0636254474520683,-1.1,0.05,15.029326847223,0.0380632167104151,0.0110030416470519,0.00282993687349363,0.0157918540024261,0,0
77658,2010,2,34.41221965,-119.7059682,11.175,24058,0.405673255435677,13.1008892059326,72.8054995988091,4.65672068953994,89.3956250058794,0.378002307495213,2,18.667979031,3,2,0.853541433811188,0.00225972733460367,0.0177953541278839,0.00663794949650764,0.000423698889790103,0.000282465916825458,0.00155356258619577,0.0636254474520683,-1.5,0.25,15.029326847223,0.0380632167104151,0.0110030416470519,0.00282993687349363,0.0157918540024261,0,0
77659,2010,3,34.41221965,-119.7059682,11.3,24058,0.0441312665433678,13.9711103439331,72.8054995988091,4.65672068953994,89.3956250058794,0.611125466382051,2,18.667979031,3,2,0.853541433811188,0.00225972733460367,0.0177953541278839,0.00663794949650764,0.000423698889790103,0.000282465916825458,0.00155356258619577,0.0636254474520683,-0.7,-0.16,15.029326847223,0.0380632167104151,0.0110030416470519,0.00282993687349363,0.0157918540024261,0,0
77660,2010,5,34.41221965,-119.7059682,11.7,24058,0.0124910129839609,16.4031219482422,72.8054995988091,4.65672068953994,89.3956250058794,0.87972045391366,2,18.667979031,3,2,0.853541433811188,0.00225972733460367,0.0177953541278839,0.00663794949650764,0.000423698889790103,0.000282465916825458,0.00155356258619577,0.0636254474520683,0.9,-0.18,15.029326847223,0.0380632167104151,0.0110030416470519,0.00282993687349363,0.0157918540024261,0,5.02589919407633e-06
77661,2010,6,34.41221965,-119.7059682,12.11,24058,0,17.6159038543701,72.8054995988091,4.65672068953994,89.3956250058794,0.936476340928857,2,18.667979031,3,2,0.853541433811188,0.00225972733460367,0.0177953541278839,0.00663794949650764,0.000423698889790103,0.000282465916825458,0.00155356258619577,0.0636254474520683,0.4,-0.79,15.029326847223,0.0380632167104151,0.0110030416470519,0.00282993687349363,0.0157918540024261,0,5.98289862384871e-06
77662,2010,7,34.41221965,-119.7059682,12.325,24058,0,19.1537971496582,72.8054995988091,4.65672068953994,89.3956250058794,1.03580935578083,2,18.667979031,3,2,0.853541433811188,0.00225972733460367,0.0177953541278839,0.00663794949650764,0.000423698889790103,0.000282465916825458,0.00155356258619577,0.0636254474520683,1.8,-1.99,15.029326847223,0.0380632167104151,0.0110030416470519,0.00282993687349363,0.0157918540024261,0,6.81653470002708e-06
86495,2010,3,34.60220858,-120.1704272,36.34,24559,0.0545488130592608,13.3612842559814,362.885540157231,0.730709889348257,249.700374522244,0.886316976617871,4,27.395013165,3,2,0.0465745627880096,0.00206523295491934,0.148198261857033,0.298176884651184,0.121136590838432,0.113587811589241,0.0262783076614141,0.000142429853440262,-0.7,-0.16,12.0712022952339,0.0214405662438429,0.0110030416470519,0.00282993687349363,0.028366664695094,1,6.75221041436055e-05
88099,2010,9,34.6374831,-120.5026653,74.66,24753,0.00164041995,17.96240234375,104.485461701968,3.00326912803305,43.0069502034815,0.470002042428488,4,35.072178531,4,4,0.0184573400765657,0.00560183869674802,0.134515941143036,0.394570529460907,0.040649238973856,0.154768750071526,0.00014363689115271,0,2.2,-2.45,26.9809420437555,0.000752487480408873,0.0110030416470519,0.00282993687349363,0.00715341976792241,1,0.000324112861154601
88794,2010,4,34.64692758,-120.475164,37.19,24810,0.203299923202069,12.9956197738647,81.8579030745871,0.763512061214786,302.061165237685,0.646863773157738,4,39.960629982,4,2,0.512322604656219,0.00197726138867438,0.00995692424476147,0.0862933397293091,0.0920838937163353,0.0836805328726768,0.0651083961129189,7.06164792063646e-05,1.2,-0.04,11.294152497265,0.0508756869313337,0.0110030416470519,0.00282993687349363,0.00945400099651267,0,6.61044277021953e-05
88795,2010,8,34.64692758,-120.475164,36.74,24810,0,16.2759590148926,81.8579030745871,0.763512061214786,302.061165237685,0.758371279209673,4,39.960629982,4,2,0.512322604656219,0.00197726138867438,0.00995692424476147,0.0862933397293091,0.0920838937163353,0.0836805328726768,0.0651083961129189,7.06164792063646e-05,1.8,-2.21,11.294152497265,0.0508756869313337,0.0110030416470519,0.00282993687349363,0.00945400099651267,0,0.00035286815992619
89197,2010,1,34.65553876,-120.4398847,51.5,24843,0.713364609728815,13.4995784759521,97.574928401302,2.8395033826263,94.1055804875265,0.267655680905576,4,30.643044666,3,2,0.512322604656219,0.00197726138867438,0.00995692424476147,0.0862933397293091,0.0920838937163353,0.0836805328726768,0.0651083961129189,7.06164792063646e-05,-1.1,0.05,12.3042142171478,0.0164094824222521,0.0110030416470519,0.00282993687349363,0.00372673415103927,0,4.41072011838837e-06
89199,2010,5,34.65553876,-120.4398847,37.95,24843,0.00379509070677913,14.1562271118164,97.574928401302,2.8395033826263,94.1055804875265,0.920055821332919,4,30.643044666,3,2,0.512322604656219,0.00197726138867438,0.00995692424476147,0.0862933397293091,0.0920838937163353,0.0836805328726768,0.0651083961129189,7.06164792063646e-05,0.9,-0.18,12.3042142171478,0.0164094824222521,0.0110030416470519,0.00282993687349363,0.00372673415103927,0,0.000277818442241659
105000,2010,2,36.0056611,-116.1777222,25.88,26964,0.171035769364619,10.8271980285645,2099.65542464155,0.546873572619763,183.675560137437,0.319007012959772,4,795.406825356,4,2,7.06164792063646e-05,0.089753545820713,0.0173010379076004,0.744297742843628,0.00409575598314404,0.00127109664026648,0.00854459404945374,0,-1.5,0.25,217.377445220954,0.000168841998542401,0.00111964965577636,0.000449688435868973,0.00137352769536277,0,0
105001,2010,3,36.0056611,-116.1777222,25.15,26964,0.0238214593908996,13.6613540649414,2099.65542464155,0.546873572619763,183.675560137437,0.666640725736089,4,795.406825356,4,2,7.06164792063646e-05,0.089753545820713,0.0173010379076004,0.744297742843628,0.00409575598314404,0.00127109664026648,0.00854459404945374,0,-0.7,-0.16,217.377445220954,0.000168841998542401,0.00111964965577636,0.000449688435868973,0.00137352769536277,0,0
105002,2010,4,36.0056611,-116.1777222,24.62,26964,0,15.9154262542725,2099.65542464155,0.546873572619763,183.675560137437,0.977000640992505,4,795.406825356,4,2,7.06164792063646e-05,0.089753545820713,0.0173010379076004,0.744297742843628,0.00409575598314404,0.00127109664026648,0.00854459404945374,0,1.2,-0.04,217.377445220954,0.000168841998542401,0.00111964965577636,0.000449688435868973,0.00137352769536277,0,0
105003,2010,6,36.0056611,-116.1777222,24.6,26964,0,28.6189460754395,2099.65542464155,0.546873572619763,183.675560137437,1.53971885054129,4,795.406825356,4,2,7.06164792063646e-05,0.089753545820713,0.0173010379076004,0.744297742843628,0.00409575598314404,0.00127109664026648,0.00854459404945374,0,0.4,-0.79,217.377445220954,0.000168841998542401,0.00111964965577636,0.000449688435868973,0.00137352769536277,0,0
105004,2010,8,36.0056611,-116.1777222,27.58,26964,0.00743040185465806,30.3589553833008,2099.65542464155,0.546873572619763,183.675560137437,1.39976601800896,4,795.406825356,4,2,7.06164792063646e-05,0.089753545820713,0.0173010379076004,0.744297742843628,0.00409575598314404,0.00127109664026648,0.00854459404945374,0,1.8,-2.21,217.377445220954,0.000168841998542401,0.00111964965577636,0.000449688435868973,0.00137352769536277,0,0
105005,2010,10,36.0056611,-116.1777222,28.46,26964,0.0809460425918924,19.6205177307129,2099.65542464155,0.546873572619763,183.675560137437,0.62881339661868,4,795.406825356,4,2,7.06164792063646e-05,0.089753545820713,0.0173010379076004,0.744297742843628,0.00409575598314404,0.00127109664026648,0.00854459404945374,0,1.7,-1.6,217.377445220954,0.000168841998542401,0.00111964965577636,0.000449688435868973,0.00137352769536277,0,0
105059,2010,7,36.05311389,-119.3392722,147.53,26980,0,27.3015785217285,259.917794723995,0.226370050408195,331.613645185518,1.43421523745211,4,134.547244299,4,4,0.0395954996347427,0.00142429850529879,0.00420168088749051,0.00235009263269603,0.00925794057548046,0.855718553066254,0,0,1.8,-1.99,2.78835358849531,0.0212217590349474,0.0388105725516975,0.0385019504078055,0.00855777206188689,1,0.0105873238082979
105076,2010,8,36.1093333,-119.196861,152.32,26992,0,25.552360534668,331.3648299,0.0221006084777826,163.605599155686,1.28730854220082,4,110.531496231,3,2,0.0185870956629515,0.00235009263269603,0.00363196129910648,0.00363196129910648,0.0121777523308992,0.872240424156189,0.000284859706880525,0,1.8,-2.21,11.3251375260371,0.0270652583991444,0.0388105725516975,0.0385019504078055,0.00896998620203386,1,0.0104001480105119
105117,2010,6,36.2906611,-119.4036778,115.85,27081,0,24.3212814331055,285.4330713,0.175657244815452,280.358346932823,1.31371155385334,4,131.824147182,3,2,0.0155960693955421,0.00163794332183897,0.0037743910215795,0.00299102696590126,0.00683663273230195,0.895598888397217,0,0.00078336417209357,0.4,-0.79,4.63934474183443,0.042361497582106,0.0388105725516975,0.0385019504078055,0.00906798794341584,1,0.00798546172721441
106005,2010,7,36.779025,-120.0155417,55.07,27436,0,26.9806575775146,246.0629925,0.116810787374927,261.465681236667,1.92190896474053,4,83.923884642,1,2,0.0381355918943882,0.00316001148894429,0.00689457030966878,0.0056736571714282,0.0109882215037942,0.80824476480484,0,0.000790002872236073,1.8,-1.99,23.1001649667024,0.0504784745875541,0.0222156469251871,0.0451087883990185,0.006837070541922,0,0.00502616699035775
106044,2010,6,36.8903333,-120.6554167,131.74,27629,0,23.2915229797363,160.783334147575,0.0698192575698412,43.1963623445157,1.27364812128419,4,45.472441014,4,5,0.00363196129910648,0.00270616728812456,0.00206523295491934,0.00206523295491934,0.00384560599923134,0.934767127037048,0,0,0.4,-0.79,3.00578225929347,0.078932458024833,0.0222156469251871,0.0451087883990185,0.0056233822088999,1,0.00528714260437961
106045,2010,11,36.8903333,-120.6554167,131.96,27629,0.137439087203069,11.7827415466309,160.783334147575,0.0698192575698412,43.1963623445157,0.244099249422343,4,45.472441014,4,5,0.00363196129910648,0.00270616728812456,0.00206523295491934,0.00206523295491934,0.00384560599923134,0.934767127037048,0,0,1.3,-1.57,3.00578225929347,0.078932458024833,0.0222156469251871,0.0451087883990185,0.0056233822088999,1,0.000506614291856745
106171,2010,8,37.0107799,-120.0929423,216.4,27748,0,24.9360790252686,265.7480319,0.0630447520666376,46.2604563007353,1.26139363157714,4,42.585301902,2,4,0.332744866609573,0.00783842988312244,0.016029940918088,0.0114398701116443,0.200762659311295,0.166443049907684,0,0,1.8,-2.21,6.0178022776484,0.0629665718345543,0.0255948774908983,0.0244250664578643,0.00386574657738209,0,0.00851659973995979
106262,2010,3,37.350215,-120.9774278,14.54,27945,0.0759536826920271,12.5717926025391,64.1096324693825,2.04751831674648,108.047487677969,0.48516476321938,4,26.049868806,2,5,0.00409575598314404,0.000776781293097883,0.00190664501860738,0.0013417131267488,0.0862227231264114,0.201115742325783,0.504342913627625,0.00557870185002685,-0.7,-0.16,2.27181089707763,0.0138894256062169,0.0421636258364967,0.113926263342406,0.00359608799405706,0,0.00378670957103768
107644,2010,7,38.1416972,-121.2380222,54.12,28689,0,24.0450286865234,62.3359581,0.0541772042430046,206.044418199813,1.28618345681397,4,36.876640476,1,2,0.506195724010468,0.00163794332183897,0.00605326890945435,0.0055547640658915,0.0113943880423903,0.362199127674103,0.000498504494316876,0,1.8,-1.99,17.0697236883749,0.0254140668241281,0.0563973961573674,0.120389056869259,0.00510329037632793,0,0.00482026777581543
108119,2010,6,38.65379296,-121.2146703,158.45,29136,0.00386695067675586,22.6028881072998,278.402223733083,0.93567130581929,106.929853420283,1.41859930859825,2,24.868766442,4,2,0.732857823371887,0.0463950298726559,0.00459007127210498,0.00360144046135247,0.0534566752612591,0.006708565633744,0.00882706046104431,0.0451239310204983,0.4,-0.79,122.799047521581,0.0245829037991114,0.0461979343925482,0.0536800581075753,0.0100937831632048,0,0
108985,2010,8,39.07095278,-121.7275389,1.22,29594,0,23.442756652832,36.0892389,0.00464871342959866,128.167761560804,1.15596651267996,4,107.513123523,2,5,0.00790485646575689,0.00121065380517393,0.00284859701059759,0.00220766267739236,0.00526990462094545,0.927147150039673,7.12149267201312e-05,0,1.8,-2.21,0.235119522014382,0.0302089551137982,0.0578546940380066,0.112843725843226,0.00836145589753985,1,0.00727164242118842
108993,2010,7,39.0735062,-123.1538927,21.71,29596,0,22.7032222747803,557.004417366303,2.92418626413387,244.950580634196,1.63302354234825,4,36.253280895,4,2,0.0217609889805317,0.00229819025844336,0.118284977972507,0.199511632323265,0.1597960293293,0.21638897061348,0.0116345873102546,0,1.8,-1.99,13.9037361506541,0.00183946683694297,0.00155846219766519,0.00177998822208371,0.0123261361500124,0,0.000860313356983761
109029,2010,8,39.18316667,-122.0780833,1.68,29760,0,23.6395359039307,49.2125985,0.00269902992347467,59.1635001292544,1.15271841309512,4,75.590551296,2,5,0.00197726138867438,0.000211849444895051,0.000706164806615561,0.000564931833650917,0.00162417907267809,0.974436819553375,0.000776781293097883,0,1.8,-2.21,0.361632336275413,0.0365969304093019,0.0162669135234656,0.0876119342156306,0.00707632746158789,1,0.0146375295363231
109427,2010,1,41.61124606,-121.2118976,330.19,30548,0.181172013245272,3.09849882125854,4408.84487092887,0.838409718884701,294.342637957038,0.126028361474512,9,96.227034267,2,2,0.0104512395337224,0.00141232961323112,0.0542334578931332,0.275051206350327,0.29877832531929,0,0,0,-1.1,0.05,29.4371853172016,0.064805612272061,0.00222697870611612,0.00672371656068192,0.00398117064120558,0,0
109428,2010,4,41.61124606,-121.2118976,329.95,30548,0.15222148968463,5.02495908737183,4408.84487092887,0.838409718884701,294.342637957038,0.652943409387836,9,96.227034267,2,2,0.0104512395337224,0.00141232961323112,0.0542334578931332,0.275051206350327,0.29877832531929,0,0,0,1.2,-0.04,29.4371853172016,0.064805612272061,0.00222697870611612,0.00672371656068192,0.00398117064120558,0,0
109429,2010,7,41.61124606,-121.2118976,329.92,30548,0.00488554712472439,21.5943508148193,4408.84487092887,0.838409718884701,294.342637957038,1.25496111081861,9,96.227034267,2,2,0.0104512395337224,0.00141232961323112,0.0542334578931332,0.275051206350327,0.29877832531929,0,0,0,1.8,-1.99,29.4371853172016,0.064805612272061,0.00222697870611612,0.00672371656068192,0.00398117064120558,0,2.24729238091781e-05
109430,2010,10,41.61124606,-121.2118976,330.68,30548,0.112938643299268,11.3086061477661,4408.84487092887,0.838409718884701,294.342637957038,0.503849320664401,9,96.227034267,2,2,0.0104512395337224,0.00141232961323112,0.0542334578931332,0.275051206350327,0.29877832531929,0,0,0,1.7,-1.6,29.4371853172016,0.064805612272061,0.00222697870611612,0.00672371656068192,0.00398117064120558,0,3.10162316746051e-06
124574,2010,1,37.23294444,-120.2573889,145.5,32488,0.285977716955701,9.03416728973389,254.131506060067,0.897807790055961,51.7233246045841,0.137300015956087,4,33.497375379,2,2,0.0295176897197962,0.00197726138867438,0.00395452277734876,0.00381329003721476,0.519596099853516,0.354918450117111,0.000635548320133239,0.000141232958412729,-1.1,0.05,15.8905107133959,0.0414224400098125,0.0336549547280561,0.0750120673353765,0.00413828549789575,0,0
124982,2010,1,38.12734444,-120.9322639,123.995,32588,0.429216120213391,9.41276550292969,236.546982119207,3.56434295939293,121.595673637127,0.137561638107536,2,6.758530194,4,2,0.0180173758417368,0.00384560599923134,0.00868822075426579,0.102905571460724,0.498433262109756,0.000640934333205223,0.000284859706880525,0.000213644772884436,-1.1,0.05,0.846891853475887,0.00919955845975105,0.000452264394329707,0.00279266326928129,0.00572515955493475,0,0
124983,2010,3,38.12734444,-120.9322639,122.636666666667,32588,0.214727281911839,12.0975704193115,236.546982119207,3.56434295939293,121.595673637127,0.402648856306975,2,6.758530194,4,2,0.0180173758417368,0.00384560599923134,0.00868822075426579,0.102905571460724,0.498433262109756,0.000640934333205223,0.000284859706880525,0.000213644772884436,-0.7,-0.16,0.846891853475887,0.00919955845975105,0.000452264394329707,0.00279266326928129,0.00572515955493475,0,8.86275182917331e-06
124984,2010,5,38.12734444,-120.9322639,124.486666666667,32588,0.0968793184646599,16.0609474182129,236.546982119207,3.56434295939293,121.595673637127,0.770131460244045,2,6.758530194,4,2,0.0180173758417368,0.00384560599923134,0.00868822075426579,0.102905571460724,0.498433262109756,0.000640934333205223,0.000284859706880525,0.000213644772884436,0.9,-0.18,0.846891853475887,0.00919955845975105,0.000452264394329707,0.00279266326928129,0.00572515955493475,0,0.000153391690337153
125004,2010,5,38.175,-119.2394889,22.77,32593,0.0413341660514597,6.52869081497192,6799.01338656094,2.4363566738023,320.678701258035,0.664233862016725,4,121.325459502,1,2,0,0,0.0471718087792397,0.748746573925018,0.00684979883953929,0.00296589219942689,0.101899586617947,0,0.9,-0.18,60.1722312700459,0.0035652763494809,0.00244594921507943,0.00810539339892799,0.00639314875779053,0,0
125005,2010,11,38.175,-119.2394889,23.92,32593,0.180990677455359,1.98515903949738,6799.01338656094,2.4363566738023,320.678701258035,0.177109748628947,4,121.325459502,1,2,0,0,0.0471718087792397,0.748746573925018,0.00684979883953929,0.00296589219942689,0.101899586617947,0,1.3,-1.57,60.1722312700459,0.0035652763494809,0.00244594921507943,0.00810539339892799,0.00639314875779053,0,0
125114,2010,9,38.23563889,-119.348611,88.72,32608,0,13.4765100479126,7231.8879105309,5.06233062880428,67.4890699431068,0.752217401561549,4,87.959317719,1,2,0.00178037316072732,0.00056971941376105,0.277951866388321,0.587736785411835,0.00163794332183897,0.000284859706880525,0.000498504494316876,0,2.2,-2.45,26.6785509409882,0.0049757442863361,0.00244594921507943,0.00810539339892799,0.0141659769919266,0,0
125366,2010,2,38.547,-119.4581389,249.4,32712,0.201469807167611,1.43017494678497,5447.15257247287,4.45995212204908,262.564903333834,0.152446742051727,4,106.528871553,2,2,0.0095332246273756,0.00204787799157202,0.0255631655454636,0.644092917442322,0.0118635687977076,0.186145052313805,0.00112986366730183,0,-1.5,0.25,76.052385480843,0.0125298807566438,0.00244594921507943,0.00810539339892799,0.00536758830381557,0,0
125760,2010,8,40.24225,-121.2073333,64,32919,0,18.7428817749023,4558.95281535075,3.97124592674393,56.3684181699772,1.10888023244645,9,34.12073496,3,2,0.0604614727199078,0.00705027766525745,0.165930777788162,0.00448654033243656,0.00648055830970407,0.000284859706880525,0.0011394388275221,0.630821824073792,1.8,-2.21,35.3465306075895,0.00920381757603049,0.00145755926805353,0.00507778861321518,0.0383918147600691,0,0
125782,2010,7,40.54291667,-124.06975,15.13,32941,0,17.6960735321045,134.5144359,0.382062204773302,142.814957424424,0.976212870962805,4,76.017060483,3,2,0.060235857963562,0.0235859043896198,0.0751359388232231,0.0300120040774345,0.0471718087792397,0.352164387702942,0.0908127948641777,0.00776781281456351,1.8,-1.99,0.310644894098083,0.0186037198813288,0.00168141465226719,0.0028925147526353,0.0957595761008064,0,0
125815,2010,9,40.6285833,-121.91125,154,32952,0.0422882001873816,20.1819229125977,2262.55470687399,3.37382803841965,348.873481524946,0.972665402746957,9,23.687664078,4,2,0.0104512395337224,0.00254219328053296,0.441564857959747,0.257820785045624,0.038415364921093,0.000211849444895051,0.000353082403307781,0,2.2,-2.45,56.2314349751375,0.0313693016480094,0.0028599536594502,0.00607660699089877,0.0500315058550239,0,0
125824,2010,11,40.7753333,-122.3408333,31.01,32956,0.57470216613176,9.23817825317383,1093.49604733092,5.72714645243571,207.129884332467,0.253043613167663,3,66.765091965,2,2,0.0242842901498079,0.00384560599923134,0.501780390739441,0.206808149814606,0.00562597904354334,0,0,0.0163082182407379,1.3,-1.57,0.635647262359223,0.00206664798384669,0.0028599536594502,0.00607660699089877,0.101821418860455,0,0
125829,2010,7,40.86388889,-123.97425,19.85,32958,0.00499559708914064,17.093656539917,108.630880441799,2.10737804352527,40.498524791923,0.924218747399881,4,58.497375417,3,2,0.0571143701672554,0.00534111959859729,0.70545506477356,0.0368181169033051,0.0166642926633358,0.00583962397649884,0.00441532535478473,0,1.8,-1.99,13.7098286303956,0.00194668684705673,0.00168141465226719,0.0028925147526353,0.190871512255073,0,0
125836,2010,12,40.87280556,-122.2538056,86.43,32959,1.53723138757512,5.78896713256836,1414.3113848425,10.7842237901447,267.036987010025,0.12005842282179,7,58.661417412,4,2,0.0161005575209856,0.00296589219942689,0.462820410728455,0.176470592617989,0.01052185613662,0,0,0.144693166017532,2.9,-2.04,13.6682993678598,0.0199790978940493,0.0028599536594502,0.00607660699089877,0.0905955592944225,0,0
125844,2010,10,41.70544444,-122.5636667,9.94,32973,0.29331269897029,12.9917030334473,2563.30580025692,1.48510797852556,38.7370275538727,0.584354701892848,4,68.56955391,2,2,0.0172304213047028,0.00120048015378416,0.0324835814535618,0.0898947790265083,0.293835192918777,0.27342700958252,0.000141232958412729,0.00162417907267809,1.7,-1.6,68.6467039095406,0.0279363541632966,0.00339469462449696,0.00592077346156422,0.00786380533422033,1,0.000340779048170847
132463,2010,1,37.01265836,-105.6511516,149.9,33058,0.0549843431041981,-5.07072496414185,7555.7742897,0.301148074295553,337.301663836468,0.0784839796523334,2,193.307086908,3,2,7.06164792063646e-05,0.000494315347168595,0.00169479555916041,0.981710314750671,0.000706164806615561,0,0,0,-1.1,0.05,31.7066298238346,0.0488911951044983,0.00403048393849807,0.0123193278282536,0.00336977349473784,0,0
132554,2010,2,37.0569579,-105.9650204,21,33101,0.031037171103128,-6.59723043441772,7818.2414817,0.449115050825946,79.0501874735471,0.111861078927968,4,153.608924118,3,2,0.00519868964329362,0.000925794069189578,0.00363196129910648,0.652684807777405,0.0514883920550346,0.189360484480858,0.00306224194355309,0,-1.5,0.25,15.8274565083743,0.0481362751056475,0.00749694349777323,0.0351246511499417,0.00283420748857781,0,0
132555,2010,3,37.0569579,-105.9650204,21.44,33101,0.0462930534846176,0.132808551192284,7818.2414817,0.449115050825946,79.0501874735471,0.302840931669372,4,153.608924118,3,2,0.00519868964329362,0.000925794069189578,0.00363196129910648,0.652684807777405,0.0514883920550346,0.189360484480858,0.00306224194355309,0,-0.7,-0.16,15.8274565083743,0.0481362751056475,0.00749694349777323,0.0351246511499417,0.00283420748857781,0,0
132556,2010,4,37.0569579,-105.9650204,22.5,33101,0.0318083582132586,5.59719324111938,7818.2414817,0.449115050825946,79.0501874735471,0.623586160000662,4,153.608924118,3,2,0.00519868964329362,0.000925794069189578,0.00363196129910648,0.652684807777405,0.0514883920550346,0.189360484480858,0.00306224194355309,0,1.2,-0.04,15.8274565083743,0.0481362751056475,0.00749694349777323,0.0351246511499417,0.00283420748857781,0,0
132557,2010,5,37.0569579,-105.9650204,9.22,33101,0.00495681965259751,9.79180812835693,7818.2414817,0.449115050825946,79.0501874735471,0.893078202130783,4,153.608924118,3,2,0.00519868964329362,0.000925794069189578,0.00363196129910648,0.652684807777405,0.0514883920550346,0.189360484480858,0.00306224194355309,0,0.9,-0.18,15.8274565083743,0.0481362751056475,0.00749694349777323,0.0351246511499417,0.00283420748857781,0,8.55720566270053e-05
132558,2010,6,37.0569579,-105.9650204,8.875,33101,0,16.4836483001709,7818.2414817,0.449115050825946,79.0501874735471,1.06100618218324,4,153.608924118,3,2,0.00519868964329362,0.000925794069189578,0.00363196129910648,0.652684807777405,0.0514883920550346,0.189360484480858,0.00306224194355309,0,0.4,-0.79,15.8274565083743,0.0481362751056475,0.00749694349777323,0.0351246511499417,0.00283420748857781,0,0.00023209152292573
133038,2010,3,37.0991853,-102.8471469,92.4,33136,0.163279030514893,6.21091556549072,4599.62881691323,0.693421521609757,191.250718487188,0.383598948984174,2,100.590551334,2,2,0.00370317627675831,0.00056971941376105,0.00256373733282089,0.323529422283173,0.326306790113449,0.00135308364406228,0,0,-0.7,-0.16,191.447979174279,0.00164492027192285,0.00553564653720876,5.62508539498909e-06,0.00505324197140833,0,0
133137,2010,8,37.16,-106.0180556,7.89,33213,0.0773615975942585,17.155445098877,7767.7542676578,0.879218466770689,216.332544433539,0.866301029751151,4,159.77690313,3,2,0.0488666072487831,0.00197726138867438,0.00699103157967329,0.178165391087532,0.0447708480060101,0.509780406951904,0.00932137575000525,0.00120048015378416,1.8,-2.21,15.3216258354489,0.0241398332142844,0.00749694349777323,0.0351246511499417,0.0041099743194133,1,0.00176823762451365
133689,2010,1,37.22500917,-106.0011349,5.16,33329,0.068257624812513,-6.32470846176147,7654.1994867,0.410708651228888,191.095850892765,0.0797305583914221,4,109.416010665,3,4,0.00656733289361,0.00183602853212506,0.00508438656106591,0.0302238538861275,0.018148435279727,0.79337614774704,0.00882706046104431,0.00176541204564273,-1.1,0.05,1.21421857953343,0.0779881944850119,0.00749694349777323,0.0351246511499417,0.00393462411724031,1,0
133690,2010,2,37.22500917,-106.0011349,5.24,33329,0.0126007723561781,-7.33334589004517,7654.1994867,0.410708651228888,191.095850892765,0.106131260950605,4,109.416010665,3,4,0.00656733289361,0.00183602853212506,0.00508438656106591,0.0302238538861275,0.018148435279727,0.79337614774704,0.00882706046104431,0.00176541204564273,-1.5,0.25,1.21421857953343,0.0779881944850119,0.00749694349777323,0.0351246511499417,0.00393462411724031,1,0
133691,2010,3,37.22500917,-106.0011349,5.4,33329,0.0535144018250731,0.149418190121651,7654.1994867,0.410708651228888,191.095850892765,0.324443056694838,4,109.416010665,3,4,0.00656733289361,0.00183602853212506,0.00508438656106591,0.0302238538861275,0.018148435279727,0.79337614774704,0.00882706046104431,0.00176541204564273,-0.7,-0.16,1.21421857953343,0.0779881944850119,0.00749694349777323,0.0351246511499417,0.00393462411724031,1,0
133692,2010,4,37.22500917,-106.0011349,3.9,33329,0.0382380379734893,5.7442102432251,7654.1994867,0.410708651228888,191.095850892765,0.685266711057651,4,109.416010665,3,4,0.00656733289361,0.00183602853212506,0.00508438656106591,0.0302238538861275,0.018148435279727,0.79337614774704,0.00882706046104431,0.00176541204564273,1.2,-0.04,1.21421857953343,0.0779881944850119,0.00749694349777323,0.0351246511499417,0.00393462411724031,1,0
133693,2010,5,37.22500917,-106.0011349,4.7,33329,0.00248648735077656,9.94743633270264,7654.1994867,0.410708651228888,191.095850892765,0.98172005229397,4,109.416010665,3,4,0.00656733289361,0.00183602853212506,0.00508438656106591,0.0302238538861275,0.018148435279727,0.79337614774704,0.00882706046104431,0.00176541204564273,0.9,-0.18,1.21421857953343,0.0779881944850119,0.00749694349777323,0.0351246511499417,0.00393462411724031,1,2.09327241920697e-06
135451,2010,2,37.41973969,-102.0726771,111,33487,0.0506486918500877,-0.462443828582764,3675.38511868163,0.00463804760541843,3.14375654112053,0.181005170301291,2,154.1994753,3,2,0.00430760532617569,0.000988630694337189,0.0026128098834306,0.0149706937372684,0.162912219762802,0.721417963504791,0,0,-1.5,0.25,83.1690549237322,0.0715074868390063,0.00553564653720876,5.62508539498909e-06,0.00623073257328322,1,0
143274,2010,10,37.96063889,-103.7293889,23.05,33896,0.00310166340958976,13.2811508178711,4222.72790649225,1.328035276355,165.319706153759,0.503815779362933,4,100.787401728,4,2,0.0063381283544004,0.00121065380517393,0.00526990462094545,0.0319755002856255,0.30743482708931,0.455775529146194,0.0104685937985778,0.00178037316072732,1.7,-1.6,0.0684758101767931,0.0284804030597928,0.00271460973722811,0.0467726351343857,0.00474851288932065,0,5.21759767015164e-05
143538,2010,4,37.9859722,-103.6654722,19.7,33905,0.187341485095496,11.8586692810059,4192.82016779639,0.804393419160334,85.3675581204609,0.665344029033669,2,116.535433248,4,2,0.00975644495338202,0.00249252235516906,0.00640934333205223,0.0117504624649882,0.182808712124825,0.59122633934021,0.0163794327527285,7.12149267201312e-05,1.2,-0.04,14.3854433688857,0.0286980784757405,0.00271460973722811,0.0467726351343857,0.00481137665586546,1,1.94525008356769e-07
143882,2010,4,38.0008422,-103.6099458,24.38,33941,0.170301014615896,11.9294891357422,4101.17103133164,0.821965794536089,116.276017748996,0.665344029033669,2,112.86089256,4,2,0.0610832571983337,0.00275404285639524,0.00699103157967329,0.0242214538156986,0.0427935868501663,0.688086986541748,0.0141939129680395,0.00543746910989285,1.2,-0.04,2.45919515046135,0.0436603771802089,0.00271460973722811,0.0467726351343857,0.00506691848052045,1,2.37676878407482e-06
143901,2010,10,38.0026111,-102.0858056,28.23,33946,0.0121144203560409,13.9206686019897,3396.04299325225,1.30733593125039,9.18206772757478,0.516786651195364,2,86.089238976,1,3,0.00204787799157202,0.000423698889790103,0.00183602853212506,0.303792119026184,0.123790696263313,0.426311701536179,0,0,1.7,-1.6,3.47232216827155,0.00319327565422386,0.004091683047242,0.0092288142966337,0.00507202018100768,0,0.000576085565161996
144037,2010,1,38.0063882,-105.9225158,5.28,33958,0.0432116247568614,-5.18777656555176,7557.304705987,0.00358230812655068,16.2513901004389,0.0683495067023363,4,173.622047508,4,6,0.0237271375954151,0.00233034393750131,0.00699103157967329,0.574676930904388,0.0379210524260998,0.0124991172924638,0.100557871162891,0.000141232958412729,-1.1,0.05,0.142805288295968,0.0286752548378449,0.00712761281493227,0.005165568136312,0.00511204138662666,0,0
144038,2010,2,38.0063882,-105.9225158,5.16,33958,0.0406667035388068,-6.87523174285889,7557.304705987,0.00358230812655068,16.2513901004389,0.0962741107351513,4,173.622047508,4,6,0.0237271375954151,0.00233034393750131,0.00699103157967329,0.574676930904388,0.0379210524260998,0.0124991172924638,0.100557871162891,0.000141232958412729,-1.5,0.25,0.142805288295968,0.0286752548378449,0.00712761281493227,0.005165568136312,0.00511204138662666,0,0
144039,2010,3,38.0063882,-105.9225158,5,33958,0.082609703660111,0.395291596651077,7557.304705987,0.00358230812655068,16.2513901004389,0.26433907196095,4,173.622047508,4,6,0.0237271375954151,0.00233034393750131,0.00699103157967329,0.574676930904388,0.0379210524260998,0.0124991172924638,0.100557871162891,0.000141232958412729,-0.7,-0.16,0.142805288295968,0.0286752548378449,0.00712761281493227,0.005165568136312,0.00511204138662666,0,0
144040,2010,4,38.0063882,-105.9225158,6.8,33958,0.102924531056815,6.07731485366821,7557.304705987,0.00358230812655068,16.2513901004389,0.533609315977409,4,173.622047508,4,6,0.0237271375954151,0.00233034393750131,0.00699103157967329,0.574676930904388,0.0379210524260998,0.0124991172924638,0.100557871162891,0.000141232958412729,1.2,-0.04,0.142805288295968,0.0286752548378449,0.00712761281493227,0.005165568136312,0.00511204138662666,0,0
144041,2010,5,38.0063882,-105.9225158,4.64,33958,0.0213767568908177,10.3634729385376,7557.304705987,0.00358230812655068,16.2513901004389,0.821026280166769,4,173.622047508,4,6,0.0237271375954151,0.00233034393750131,0.00699103157967329,0.574676930904388,0.0379210524260998,0.0124991172924638,0.100557871162891,0.000141232958412729,0.9,-0.18,0.142805288295968,0.0286752548378449,0.00712761281493227,0.005165568136312,0.00511204138662666,0,8.59288800446297e-07
144042,2010,6,38.0063882,-105.9225158,5.085,33958,0.0181315342860845,17.0931606292725,7557.304705987,0.00358230812655068,16.2513901004389,0.967148609580148,4,173.622047508,4,6,0.0237271375954151,0.00233034393750131,0.00699103157967329,0.574676930904388,0.0379210524260998,0.0124991172924638,0.100557871162891,0.000141232958412729,0.4,-0.79,0.142805288295968,0.0286752548378449,0.00712761281493227,0.005165568136312,0.00511204138662666,0,0.000231410835456417
145314,2010,1,38.07249968,-106.0589081,6.71,34113,0.0534945210947067,-5.46037769317627,7618.1102478,0.05493153101399,135.853741079426,0.0766044840637922,2,198.720472743,4,2,0.00797966215759516,0.00190664501860738,0.00550808571279049,0.525739729404449,0.0500670857727528,0.00918014254420996,0.150978043675423,0,-1.1,0.05,3.10359645392867,0.00931678720812477,0.00712761281493227,0.005165568136312,0.0024061527670268,0,0
145315,2010,2,38.07249968,-106.0589081,6.64,34113,0.0474408074096332,-7.10384750366211,7618.1102478,0.05493153101399,135.853741079426,0.110749785524035,2,198.720472743,4,2,0.00797966215759516,0.00190664501860738,0.00550808571279049,0.525739729404449,0.0500670857727528,0.00918014254420996,0.150978043675423,0,-1.5,0.25,3.10359645392867,0.00931678720812477,0.00712761281493227,0.005165568136312,0.0024061527670268,0,0
145316,2010,3,38.07249968,-106.0589081,6.42,34113,0.0658844776103714,0.233439832925797,7618.1102478,0.05493153101399,135.853741079426,0.300960666383054,2,198.720472743,4,2,0.00797966215759516,0.00190664501860738,0.00550808571279049,0.525739729404449,0.0500670857727528,0.00918014254420996,0.150978043675423,0,-0.7,-0.16,3.10359645392867,0.00931678720812477,0.00712761281493227,0.005165568136312,0.0024061527670268,0,0
145317,2010,4,38.07249968,-106.0589081,5.53,34113,0.0656494569649927,5.80615854263306,7618.1102478,0.05493153101399,135.853741079426,0.620703210047031,2,198.720472743,4,2,0.00797966215759516,0.00190664501860738,0.00550808571279049,0.525739729404449,0.0500670857727528,0.00918014254420996,0.150978043675423,0,1.2,-0.04,3.10359645392867,0.00931678720812477,0.00712761281493227,0.005165568136312,0.0024061527670268,0,0
145318,2010,5,38.07249968,-106.0589081,4.14,34113,0.0227076034565653,10.1521549224854,7618.1102478,0.05493153101399,135.853741079426,0.903151205639676,2,198.720472743,4,2,0.00797966215759516,0.00190664501860738,0.00550808571279049,0.525739729404449,0.0500670857727528,0.00918014254420996,0.150978043675423,0,0.9,-0.18,3.10359645392867,0.00931678720812477,0.00712761281493227,0.005165568136312,0.0024061527670268,0,0.000153818530913438
145319,2010,6,38.07249968,-106.0589081,5.3,34113,0.0171359740164795,16.8150749206543,7618.1102478,0.05493153101399,135.853741079426,1.05393066966941,2,198.720472743,4,2,0.00797966215759516,0.00190664501860738,0.00550808571279049,0.525739729404449,0.0500670857727528,0.00918014254420996,0.150978043675423,0,0.4,-0.79,3.10359645392867,0.00931678720812477,0.00712761281493227,0.005165568136312,0.0024061527670268,0,0.000411006022426406
147834,2010,1,38.16890144,-102.1154626,72.03,34386,0.039089611568444,-1.00232398509979,3629.03842846259,0.837039845572622,171.462597116594,0.0984105915153683,1,88.090551315,4,2,0.006708565633744,0.00233034393750131,0.00353082409128547,0.431890398263931,0.231551438570023,0.0742179229855537,0.00487253721803427,0,-1.1,0.05,31.9359340552411,0.0519976056469497,0.004091683047242,0.0092288142966337,0.0056036140107053,0,0
152406,2010,2,38.73417676,-102.0896246,205.56,35192,0.0524247006339601,-1.62680399417877,3979.6587987,0.207084945205493,84.23645837859,0.152406717767363,2,210.465879585,4,2,0.00306224194355309,0.000284859706880525,0.00192280299961567,0.000712149252649397,0.124412477016449,0.829297840595245,0,0,-1.5,0.25,88.1441372987183,0.0362537588848301,0.00279240081558497,0.000266481280839514,0.00585529671315104,0,0
159622,2010,3,39.1409722,-102.0888333,116.9,35842,0.154752393642369,5.00298881530762,3991.92453610569,0.556974605205397,310.389806909334,0.354471132111369,4,227.887139454,3,2,0.00275404285639524,0.000706164806615561,0.00225972733460367,0.0013417131267488,0.0286702923476696,0.914977729320526,0,0.000282465916825458,-0.7,-0.16,24.7607347284051,0.0105746274922545,0.00865975363191992,2.46223687374961e-05,0.00679135130009303,0,0
163916,2010,5,39.55942805,-103.9105128,10.53,36326,0.151394759180501,11.6619663238525,5277.62980253854,1.06022707821665,236.037303856374,0.763156821942838,2,88.615485699,3,2,0,0,7.06164792063646e-05,0.00197726138867438,0.919144153594971,0.0464656464755535,0.00155356258619577,7.06164792063646e-05,0.9,-0.18,22.6647225296421,0.0161748979174664,0.000410343737944524,0.000662922743308105,0.00554889982620254,0,0
166522,2010,1,40.00137877,-102.1843587,213.6,37078,0.0045011002941915,-1.59605038166046,3811.28709081627,0.0150860728673847,63.150732101628,0.0764162147361872,2,272.014436109,1,2,0.00505625968798995,0.00135308364406228,0.00306224194355309,0.00220766267739236,0.29454493522644,0.627047419548035,0,0,-1.1,0.05,224.537411728182,0.0128598085793566,0.0130711724979206,0.000338880000643018,0.0079175529557839,0,0
166589,2010,12,40.01304239,-102.8060453,223,37134,0.0175151158771767,0.17677991092205,4274.2338476532,0.0908568742622563,240.687375969255,0.0805768254521147,2,241.830709029,4,2,0.00564931845292449,0.00183602853212506,0.00374267343431711,0.00225972733460367,0.621636867523193,0.293199628591537,0,0,2.9,-2.04,99.1048463941097,0.214705119073071,0.00340604294141913,0.000777416762398877,0.00653509448367481,1,0
166838,2010,2,40.0919353,-102.0557426,40.7,37427,0.0526010333883282,-2.26542949676514,3477.97969944434,1.15442937990474,207.659041193643,0.143805764384348,2,137.237533017,1,2,0.00284859701059759,0.000854579091537744,0.00220766267739236,0.00156672834418714,0.848169803619385,0.0994872525334358,0.000640934333205223,0,-1.5,0.25,72.179935845381,0.00868510962156751,0.0130711724979206,0.000338880000643018,0.00608119744408876,0,0
166893,2010,8,40.1199583,-104.8045889,14.6,37477,0.0882891846544504,23.608907699585,4881.8897712,0.24197341169741,345.054441817313,0.759321799643958,2,91.53543321,1,2,0.0290939901024103,0.00225972733460367,0.00628486694768071,0.00593178439885378,0.154155775904655,0.655956506729126,0.00120048015378416,0.00190664501860738,1.8,-2.21,12.6306654153408,0.0245884449999401,0.000746711801114815,0.0158037881820597,0.00473993196965506,0,0.000170766534728073
167433,2010,8,40.2444222,-103.6257556,6.29,37685,0.166768602439476,23.3900508880615,4246.61900020304,2.49495650995106,281.934540364072,0.83513945859158,2,109.744094655,4,2,0.248041585087776,0.00327588664367795,0.00740635255351663,0.00591083895415068,0.0813986584544182,0.491382986307144,0.00811850186437368,0.00306224194355309,1.8,-2.21,1.31343274022046,0.0258486821924068,0.00304858834757958,0.0176344492271918,0.00583516388952732,0,0.000444745828876121
169402,2010,4,40.134074,-103.594019,38.13,38231,0.234277580397061,9.30431365966797,4319.24550534454,1.0856520584438,99.7367779327048,0.587368763292069,2,102.755905668,3,2,0.00487253721803427,0.000847397779580206,0.00282465922646224,0.00225972733460367,0.416001707315445,0.493044286966324,0,0,1.2,-0.04,5.01630852991179,0.0445865898991364,0.00304858834757958,0.0176344492271918,0.00631863836615657,0,0
169403,2010,11,40.134074,-103.594019,38,38231,0.0230595086540836,2.57949352264404,4319.24550534454,1.0856520584438,99.7367779327048,0.151755215532582,2,102.755905668,3,2,0.00487253721803427,0.000847397779580206,0.00282465922646224,0.00225972733460367,0.416001707315445,0.493044286966324,0,0,1.3,-1.57,5.01630852991179,0.0445865898991364,0.00304858834757958,0.0176344492271918,0.00631863836615657,0,5.91498794461919e-07
169505,2010,1,40.257877,-104.093548,103.563548387097,38234,0.00309370204377025,-2.17547178268433,4523.26823582093,0.77257463465572,189.239794921341,0.0147999428300714,4,110.23622064,4,2,0.057541660964489,0.00299102696590126,0.00491382973268628,0.00526990462094545,0.0983478128910065,0.71350234746933,0,0.00149551348295063,-1.1,0.05,16.7172255732608,0.0832127662482026,0.00304858834757958,0.0176344492271918,0.00573515568977843,0,0
169506,2010,2,40.257877,-104.093548,103.282857142857,38234,0.0295026815917937,-2.35688805580139,4523.26823582093,0.77257463465572,189.239794921341,0.102159101035742,4,110.23622064,4,2,0.057541660964489,0.00299102696590126,0.00491382973268628,0.00526990462094545,0.0983478128910065,0.71350234746933,0,0.00149551348295063,-1.5,0.25,16.7172255732608,0.0832127662482026,0.00304858834757958,0.0176344492271918,0.00573515568977843,0,0
169507,2010,3,40.257877,-104.093548,102.997419354839,38234,0.0610756186665218,4.84656429290771,4523.26823582093,0.77257463465572,189.239794921341,0.30326257586581,4,110.23622064,4,2,0.057541660964489,0.00299102696590126,0.00491382973268628,0.00526990462094545,0.0983478128910065,0.71350234746933,0,0.00149551348295063,-0.7,-0.16,16.7172255732608,0.0832127662482026,0.00304858834757958,0.0176344492271918,0.00573515568977843,0,0
169508,2010,4,40.257877,-104.093548,103.752,38234,0.227926159501785,9.27813911437988,4523.26823582093,0.77257463465572,189.239794921341,0.556711262825752,4,110.23622064,4,2,0.057541660964489,0.00299102696590126,0.00491382973268628,0.00526990462094545,0.0983478128910065,0.71350234746933,0,0.00149551348295063,1.2,-0.04,16.7172255732608,0.0832127662482026,0.00304858834757958,0.0176344492271918,0.00573515568977843,0,2.05201885473046e-07
169509,2010,5,40.257877,-104.093548,103.000322580645,38234,0.152309660755093,12.725790977478,4523.26823582093,0.77257463465572,189.239794921341,0.71987267350811,4,110.23622064,4,2,0.057541660964489,0.00299102696590126,0.00491382973268628,0.00526990462094545,0.0983478128910065,0.71350234746933,0,0.00149551348295063,0.9,-0.18,16.7172255732608,0.0832127662482026,0.00304858834757958,0.0176344492271918,0.00573515568977843,0,3.36692338006146e-05
182131,2010,9,39.920914,-108.21841,347.98,38579,0.0558858531890247,16.4120826721191,7122.1490927214,4.20300899868129,31.3756518439473,0.659345943221617,2,70.013123466,4,2,0.0103261647745967,0.00170915818307549,0.561529695987701,0.290770530700684,0,0,0,0,2.2,-2.45,154.236545947369,0.213854240018628,0.000630251980528829,0.0112945439910067,0.00599182551069806,0,0
196786,2010,6,39.8601333333333,-108.350955555556,61.021,39126,0.0840266108851427,18.3626117706299,6404.49776715389,9.84050510713599,173.586718131558,0.966382165810785,4,56.922572265,1,1,0.000635548320133239,7.06164792063646e-05,0.417272806167603,0.37942236661911,0.00155356258619577,0.0209730956703424,0,0,0.4,-0.79,80.4888984321659,0.0096362378522127,0.000630251980528829,0.0112945439910067,0.010060106236351,0,0
196787,2010,7,39.8601333333333,-108.350955555556,61.1077419354839,39126,0.0841722589806027,21.9888954162598,6404.49776715389,9.84050510713599,173.586718131558,0.920716234540329,4,56.922572265,1,1,0.000635548320133239,7.06164792063646e-05,0.417272806167603,0.37942236661911,0.00155356258619577,0.0209730956703424,0,0,1.8,-1.99,80.4888984321659,0.0096362378522127,0.000630251980528829,0.0112945439910067,0.010060106236351,0,0
196788,2010,8,39.8601333333333,-108.350955555556,61.0924137931034,39126,0.1749657210559,19.9181041717529,6404.49776715389,9.84050510713599,173.586718131558,0.782845565904492,4,56.922572265,1,1,0.000635548320133239,7.06164792063646e-05,0.417272806167603,0.37942236661911,0.00155356258619577,0.0209730956703424,0,0,1.8,-2.21,80.4888984321659,0.0096362378522127,0.000630251980528829,0.0112945439910067,0.010060106236351,0,0
196790,2010,10,39.8601333333333,-108.350955555556,60.2390322580645,39126,0.178772483556752,9.93048000335693,6404.49776715389,9.84050510713599,173.586718131558,0.351762546863727,4,56.922572265,1,1,0.000635548320133239,7.06164792063646e-05,0.417272806167603,0.37942236661911,0.00155356258619577,0.0209730956703424,0,0,1.7,-1.6,80.4888984321659,0.0096362378522127,0.000630251980528829,0.0112945439910067,0.010060106236351,0,0
196791,2010,11,39.8601333333333,-108.350955555556,60.3737931034483,39126,0.217650005841614,0.677252888679504,6404.49776715389,9.84050510713599,173.586718131558,0.153191959684042,4,56.922572265,1,1,0.000635548320133239,7.06164792063646e-05,0.417272806167603,0.37942236661911,0.00155356258619577,0.0209730956703424,0,0,1.3,-1.57,80.4888984321659,0.0096362378522127,0.000630251980528829,0.0112945439910067,0.010060106236351,0,0
197041,2010,1,41.18255,-73.3049194,4.51,39129,0.243682861698523,-1.77817642688751,165.625801471328,1.96252581983605,200.966009512966,0.214331043999722,6,37.204724466,5,5,0.477140009403229,0.0149551341310143,0.176684230566025,0.00263495231047273,0.00534111959859729,0.00754878204315901,0.0333998017013073,0.00334710162132978,-1.1,0.05,1.13168462618059,0.000307832714777617,0.0236472383647269,0.0868525802685947,0.146511989206473,0,0
197042,2010,2,41.18255,-73.3049194,3.82,39129,0.495156817049954,-0.486700505018234,165.625801471328,1.96252581983605,200.966009512966,0.208259642910059,6,37.204724466,5,5,0.477140009403229,0.0149551341310143,0.176684230566025,0.00263495231047273,0.00534111959859729,0.00754878204315901,0.0333998017013073,0.00334710162132978,-1.5,0.25,1.13168462618059,0.000307832714777617,0.0236472383647269,0.0868525802685947,0.146511989206473,0,0
197043,2010,3,41.18255,-73.3049194,3.06,39129,0.915520937251172,6.90334510803223,165.625801471328,1.96252581983605,200.966009512966,0.473600673644485,6,37.204724466,5,5,0.477140009403229,0.0149551341310143,0.176684230566025,0.00263495231047273,0.00534111959859729,0.00754878204315901,0.0333998017013073,0.00334710162132978,-0.7,-0.16,1.13168462618059,0.000307832714777617,0.0236472383647269,0.0868525802685947,0.146511989206473,0,0
197044,2010,4,41.18255,-73.3049194,4.43,39129,0.21408158682776,11.9753665924072,165.625801471328,1.96252581983605,200.966009512966,0.759428581130571,6,37.204724466,5,5,0.477140009403229,0.0149551341310143,0.176684230566025,0.00263495231047273,0.00534111959859729,0.00754878204315901,0.0333998017013073,0.00334710162132978,1.2,-0.04,1.13168462618059,0.000307832714777617,0.0236472383647269,0.0868525802685947,0.146511989206473,0,0
197045,2010,5,41.18255,-73.3049194,4.92,39129,0.238421708316708,16.6074981689453,165.625801471328,1.96252581983605,200.966009512966,0.802520192482544,6,37.204724466,5,5,0.477140009403229,0.0149551341310143,0.176684230566025,0.00263495231047273,0.00534111959859729,0.00754878204315901,0.0333998017013073,0.00334710162132978,0.9,-0.18,1.13168462618059,0.000307832714777617,0.0236472383647269,0.0868525802685947,0.146511989206473,0,0
197046,2010,6,41.18255,-73.3049194,5.73,39129,0.262867309689526,21.5980644226074,165.625801471328,1.96252581983605,200.966009512966,0.832372601590343,6,37.204724466,5,5,0.477140009403229,0.0149551341310143,0.176684230566025,0.00263495231047273,0.00534111959859729,0.00754878204315901,0.0333998017013073,0.00334710162132978,0.4,-0.79,1.13168462618059,0.000307832714777617,0.0236472383647269,0.0868525802685947,0.146511989206473,0,0
197760,2010,1,41.49626667,-71.8508306,3.76,39250,0.275468651496904,-2.21228551864624,317.261120765826,1.55544307723358,119.087460257232,0.179931548284455,6,39.69816279,5,4,0.0165242571383715,0.00353082409128547,0.68031919002533,0.0117929521948099,0.0153943933546543,0.035167008638382,0.0632017478346825,0.000423698889790103,-1.1,0.05,7.03165382042327,0.000462604862277963,0.00112531777286032,0.474767760903621,0.130215261390607,0,0
197761,2010,2,41.49626667,-71.8508306,4.51,39250,0.491542766847611,-0.571341156959534,317.261120765826,1.55544307723358,119.087460257232,0.218856916985552,6,39.69816279,5,4,0.0165242571383715,0.00353082409128547,0.68031919002533,0.0117929521948099,0.0153943933546543,0.035167008638382,0.0632017478346825,0.000423698889790103,-1.5,0.25,7.03165382042327,0.000462604862277963,0.00112531777286032,0.474767760903621,0.130215261390607,0,0
197762,2010,3,41.49626667,-71.8508306,3.76,39250,1.36160472766455,5.98921537399292,317.261120765826,1.55544307723358,119.087460257232,0.447602460445212,6,39.69816279,5,4,0.0165242571383715,0.00353082409128547,0.68031919002533,0.0117929521948099,0.0153943933546543,0.035167008638382,0.0632017478346825,0.000423698889790103,-0.7,-0.16,7.03165382042327,0.000462604862277963,0.00112531777286032,0.474767760903621,0.130215261390607,0,0
197763,2010,4,41.49626667,-71.8508306,4.19,39250,0.175047984852373,10.6588220596313,317.261120765826,1.55544307723358,119.087460257232,0.679886736363844,6,39.69816279,5,4,0.0165242571383715,0.00353082409128547,0.68031919002533,0.0117929521948099,0.0153943933546543,0.035167008638382,0.0632017478346825,0.000423698889790103,1.2,-0.04,7.03165382042327,0.000462604862277963,0.00112531777286032,0.474767760903621,0.130215261390607,0,0
197764,2010,5,41.49626667,-71.8508306,4.17,39250,0.296505630623458,15.2973833084106,317.261120765826,1.55544307723358,119.087460257232,0.788615470743274,6,39.69816279,5,4,0.0165242571383715,0.00353082409128547,0.68031919002533,0.0117929521948099,0.0153943933546543,0.035167008638382,0.0632017478346825,0.000423698889790103,0.9,-0.18,7.03165382042327,0.000462604862277963,0.00112531777286032,0.474767760903621,0.130215261390607,0,0
197765,2010,6,41.49626667,-71.8508306,5.58,39250,0.34430563971522,19.7522163391113,317.261120765826,1.55544307723358,119.087460257232,0.730457156833566,6,39.69816279,5,4,0.0165242571383715,0.00353082409128547,0.68031919002533,0.0117929521948099,0.0153943933546543,0.035167008638382,0.0632017478346825,0.000423698889790103,0.4,-0.79,7.03165382042327,0.000462604862277963,0.00112531777286032,0.474767760903621,0.130215261390607,0,0
210367,2010,1,42.0233833333333,-73.3248388888889,9.365,40036,0.269322833773462,-4.50822305679321,680.939630470195,2.26126374469541,275.703865335464,0.131053724513173,1,50.754593253,1,3,0.124355621635914,0.0109455548226833,0.343549191951752,0.00720288092270494,0.0219617262482643,0.0990043058991432,0.100204788148403,0.0115811033174396,-1.1,0.05,4.80346089064457,0.00289295439605411,0.00159754961215563,0.00882535748564525,0.123284542714556,0,0
210368,2010,2,42.0233833333333,-73.3248388888889,9.18,40036,0.393031413758318,-2.97450160980225,680.939630470195,2.26126374469541,275.703865335464,0.136788974178908,1,50.754593253,1,3,0.124355621635914,0.0109455548226833,0.343549191951752,0.00720288092270494,0.0219617262482643,0.0990043058991432,0.100204788148403,0.0115811033174396,-1.5,0.25,4.80346089064457,0.00289295439605411,0.00159754961215563,0.00882535748564525,0.123284542714556,0,0
210369,2010,3,42.0233833333333,-73.3248388888889,8.82333333333333,40036,0.549778025504118,4.66837453842163,680.939630470195,2.26126374469541,275.703865335464,0.435078789278471,1,50.754593253,1,3,0.124355621635914,0.0109455548226833,0.343549191951752,0.00720288092270494,0.0219617262482643,0.0990043058991432,0.100204788148403,0.0115811033174396,-0.7,-0.16,4.80346089064457,0.00289295439605411,0.00159754961215563,0.00882535748564525,0.123284542714556,0,0
210370,2010,4,42.0233833333333,-73.3248388888889,9.23,40036,0.15609976524391,10.3909406661987,680.939630470195,2.26126374469541,275.703865335464,0.682989356811269,1,50.754593253,1,3,0.124355621635914,0.0109455548226833,0.343549191951752,0.00720288092270494,0.0219617262482643,0.0990043058991432,0.100204788148403,0.0115811033174396,1.2,-0.04,4.80346089064457,0.00289295439605411,0.00159754961215563,0.00882535748564525,0.123284542714556,0,0
210371,2010,5,42.0233833333333,-73.3248388888889,9.50666666666667,40036,0.267539963415511,15.4094009399414,680.939630470195,2.26126374469541,275.703865335464,0.746747766463371,1,50.754593253,1,3,0.124355621635914,0.0109455548226833,0.343549191951752,0.00720288092270494,0.0219617262482643,0.0990043058991432,0.100204788148403,0.0115811033174396,0.9,-0.18,4.80346089064457,0.00289295439605411,0.00159754961215563,0.00882535748564525,0.123284542714556,0,0
210372,2010,6,42.0233833333333,-73.3248388888889,9.7,40036,0.340717871875967,19.1792526245117,680.939630470195,2.26126374469541,275.703865335464,0.711134063119556,1,50.754593253,1,3,0.124355621635914,0.0109455548226833,0.343549191951752,0.00720288092270494,0.0219617262482643,0.0990043058991432,0.100204788148403,0.0115811033174396,0.4,-0.79,4.80346089064457,0.00289295439605411,0.00159754961215563,0.00882535748564525,0.123284542714556,0,0
210525,2010,1,38.8908333,-76.9134722,15.36,40042,0.156849964009802,0.847847700119019,77.4224431848117,2.3451050739462,278.200110760041,0.219083871448544,2,49.179790101,3,4,0.821535408496857,0.00505625968798995,0.0807577297091484,0.000640934333205223,0.000854579091537744,0.000712149252649397,0,0,-1.1,0.05,0.76770704366076,0.00327748641629412,0.000116618642630764,0.000116618642630764,0.108746637599866,0,0
210526,2010,4,38.8908333,-76.9134722,15.48,40042,0.139908640616108,15.1610565185547,77.4224431848117,2.3451050739462,278.200110760041,0.728006839607227,2,49.179790101,3,4,0.821535408496857,0.00505625968798995,0.0807577297091484,0.000640934333205223,0.000854579091537744,0.000712149252649397,0,0,1.2,-0.04,0.76770704366076,0.00327748641629412,0.000116618642630764,0.000116618642630764,0.108746637599866,0,0
210527,2010,7,38.8908333,-76.9134722,15.51,40042,0.401434961563701,27.1046581268311,77.4224431848117,2.3451050739462,278.200110760041,1.08940284874568,2,49.179790101,3,4,0.821535408496857,0.00505625968798995,0.0807577297091484,0.000640934333205223,0.000854579091537744,0.000712149252649397,0,0,1.8,-1.99,0.76770704366076,0.00327748641629412,0.000116618642630764,0.000116618642630764,0.108746637599866,0,0
210528,2010,9,38.8908333,-76.9134722,15.68,40042,0.509835291558609,22.1376762390137,77.4224431848117,2.3451050739462,278.200110760041,0.885415266286468,2,49.179790101,3,4,0.821535408496857,0.00505625968798995,0.0807577297091484,0.000640934333205223,0.000854579091537744,0.000712149252649397,0,0,2.2,-2.45,0.76770704366076,0.00327748641629412,0.000116618642630764,0.000116618642630764,0.108746637599866,0,0
210529,2010,10,38.8908333,-76.9134722,15.58,40042,0.279689223546911,14.9010009765625,77.4224431848117,2.3451050739462,278.200110760041,0.475194786573802,2,49.179790101,3,4,0.821535408496857,0.00505625968798995,0.0807577297091484,0.000640934333205223,0.000854579091537744,0.000712149252649397,0,0,1.7,-1.6,0.76770704366076,0.00327748641629412,0.000116618642630764,0.000116618642630764,0.108746637599866,0,0
211039,2010,8,38.47591667,-75.3602,4.09,40082,0.345848414428633,25.3108425140381,36.0892389,0.262968833833674,99.7580953145869,0.805716728574078,3,67.782152334,7,6,0.0259162485599518,0.0026128098834306,0.0165948737412691,0.00564931845292449,0.0130640491843224,0.566061735153198,0.16983263194561,0,1.8,-2.21,0.108103818006456,0.0127934970812243,0.013299554922395,0.0278386918692373,0.0614923023441931,0,0.000417844554919585
211149,2010,9,38.5523375,-75.6393725,15.71,40094,0.553623861118098,22.4582080841064,25.5757471839252,0.454656955287283,343.183151242196,0.672254838738799,3,61.482939726,1,4,0.0226678904145956,0.00303650880232453,0.0759833380579948,0.0115811033174396,0.0180072020739317,0.572699666023254,0.0626368224620819,0.00812089536339045,2.2,-2.45,7.10620343044424,0.00936645780354148,0.013299554922395,0.0278386918692373,0.0974275398486853,1,0.00140187594462305
212206,2010,2,39.10213889,-75.5537222,6.35,40234,0.38322160934266,-0.054923340678215,45.5555429785577,0.815865262634874,188.948915284977,0.142591018593126,3,55.479002709,3,2,0.300028473138809,0.00398803595453501,0.0430850312113762,0.00804728642106056,0.018159806728363,0.266699910163879,0.0963537991046906,0.00583962397649884,-1.5,0.25,3.83529763792191,0.00390947877985973,0.00948419898340726,0.000999993408258156,0.116117188246051,0,0
212207,2010,3,39.10213889,-75.5537222,4.79,40234,0.519175993339334,9.16234683990479,45.5555429785577,0.815865262634874,188.948915284977,0.304273545735203,3,55.479002709,3,2,0.300028473138809,0.00398803595453501,0.0430850312113762,0.00804728642106056,0.018159806728363,0.266699910163879,0.0963537991046906,0.00583962397649884,-0.7,-0.16,3.83529763792191,0.00390947877985973,0.00948419898340726,0.000999993408258156,0.116117188246051,0,0
212208,2010,4,39.10213889,-75.5537222,6.25,40234,0.2261614615206,14.3737316131592,45.5555429785577,0.815865262634874,188.948915284977,0.53988209002999,3,55.479002709,3,2,0.300028473138809,0.00398803595453501,0.0430850312113762,0.00804728642106056,0.018159806728363,0.266699910163879,0.0963537991046906,0.00583962397649884,1.2,-0.04,3.83529763792191,0.00390947877985973,0.00948419898340726,0.000999993408258156,0.116117188246051,0,0
212209,2010,5,39.10213889,-75.5537222,6.87,40234,0.162191228537399,19.1630878448486,45.5555429785577,0.815865262634874,188.948915284977,0.612099215419144,3,55.479002709,3,2,0.300028473138809,0.00398803595453501,0.0430850312113762,0.00804728642106056,0.018159806728363,0.266699910163879,0.0963537991046906,0.00583962397649884,0.9,-0.18,3.83529763792191,0.00390947877985973,0.00948419898340726,0.000999993408258156,0.116117188246051,0,0
215625,2010,1,25.43688889,-80.5016667,6.48,40952,0.120575709789055,16.4924850463867,3.2808399,0.0277928293748088,295.264289489615,0.41943833021906,1,12.204724428,2,4,0.0966033488512039,0.00155356258619577,0.00529623636975884,0.0209024790674448,0.00875644385814667,0.358096182346344,0.336628764867783,0.00381329003721476,-1.1,0.05,2.29628400106611,0.0206349045995081,0.031501631725435,0.00189419777327629,0.0699028421207269,0,0.000331740993687195
215626,2010,5,25.43688889,-80.5016667,6.37,40952,0.343617116894714,26.9123420715332,3.2808399,0.0277928293748088,295.264289489615,0.829970693973734,1,12.204724428,2,4,0.0966033488512039,0.00155356258619577,0.00529623636975884,0.0209024790674448,0.00875644385814667,0.358096182346344,0.336628764867783,0.00381329003721476,0.9,-0.18,2.29628400106611,0.0206349045995081,0.031501631725435,0.00189419777327629,0.0699028421207269,0,0.0021755548631241
215627,2010,6,25.43688889,-80.5016667,6.1,40952,0.490394653104529,29.2480983734131,3.2808399,0.0277928293748088,295.264289489615,0.802053868268852,1,12.204724428,2,4,0.0966033488512039,0.00155356258619577,0.00529623636975884,0.0209024790674448,0.00875644385814667,0.358096182346344,0.336628764867783,0.00381329003721476,0.4,-0.79,2.29628400106611,0.0206349045995081,0.031501631725435,0.00189419777327629,0.0699028421207269,0,0.00104786003436399
215628,2010,8,25.43688889,-80.5016667,5.89,40952,0.906504034183722,29.1124439239502,3.2808399,0.0277928293748088,295.264289489615,0.756891356890279,1,12.204724428,2,4,0.0966033488512039,0.00155356258619577,0.00529623636975884,0.0209024790674448,0.00875644385814667,0.358096182346344,0.336628764867783,0.00381329003721476,1.8,-2.21,2.29628400106611,0.0206349045995081,0.031501631725435,0.00189419777327629,0.0699028421207269,0,0.00035656381469171
215629,2010,10,25.43688889,-80.5016667,5.57,40952,0.296420225458825,25.9334049224854,3.2808399,0.0277928293748088,295.264289489615,0.609145478300922,1,12.204724428,2,4,0.0966033488512039,0.00155356258619577,0.00529623636975884,0.0209024790674448,0.00875644385814667,0.358096182346344,0.336628764867783,0.00381329003721476,1.7,-1.6,2.29628400106611,0.0206349045995081,0.031501631725435,0.00189419777327629,0.0699028421207269,0,0.00134683948786248
215630,2010,11,25.43688889,-80.5016667,6.52,40952,0.167357327372704,22.5268077850342,3.2808399,0.0277928293748088,295.264289489615,0.432509225216167,1,12.204724428,2,4,0.0966033488512039,0.00155356258619577,0.00529623636975884,0.0209024790674448,0.00875644385814667,0.358096182346344,0.336628764867783,0.00381329003721476,1.3,-1.57,2.29628400106611,0.0206349045995081,0.031501631725435,0.00189419777327629,0.0699028421207269,0,0.000978396173456927
217504,2010,1,26.00938889,-80.23213889,7.17,41139,0.143384045095444,16.631441116333,6.5616798,0.00834449182524388,102.876950726192,0.562460392082281,1,64.468504035,5,5,0.920838952064514,0.000776781293097883,0.00296589219942689,0.00127109664026648,0.00211849436163902,0.000776781293097883,0.00233034393750131,0.0144763784483075,-1.1,0.05,2.44524692046018,0.000759454808864345,0.0293833931503492,0.121271863841545,0.162029094892542,0,1.35602891757076e-07
217505,2010,4,26.00938889,-80.23213889,6.39,41139,0.606118500997554,23.3472480773926,6.5616798,0.00834449182524388,102.876950726192,0.882910582114764,1,64.468504035,5,5,0.920838952064514,0.000776781293097883,0.00296589219942689,0.00127109664026648,0.00211849436163902,0.000776781293097883,0.00233034393750131,0.0144763784483075,1.2,-0.04,2.44524692046018,0.000759454808864345,0.0293833931503492,0.121271863841545,0.162029094892542,0,4.91570053687423e-07
217506,2010,5,26.00938889,-80.23213889,6.8,41139,0.321196083496992,26.9836597442627,6.5616798,0.00834449182524388,102.876950726192,1.01402843559388,1,64.468504035,5,5,0.920838952064514,0.000776781293097883,0.00296589219942689,0.00127109664026648,0.00211849436163902,0.000776781293097883,0.00233034393750131,0.0144763784483075,0.9,-0.18,2.44524692046018,0.000759454808864345,0.0293833931503492,0.121271863841545,0.162029094892542,0,9.65223068034838e-07
217507,2010,6,26.00938889,-80.23213889,7.07,41139,0.53093006685314,29.3003158569336,6.5616798,0.00834449182524388,102.876950726192,0.992115152420242,1,64.468504035,5,5,0.920838952064514,0.000776781293097883,0.00296589219942689,0.00127109664026648,0.00211849436163902,0.000776781293097883,0.00233034393750131,0.0144763784483075,0.4,-0.79,2.44524692046018,0.000759454808864345,0.0293833931503492,0.121271863841545,0.162029094892542,0,4.51218430900309e-07
217508,2010,10,26.00938889,-80.23213889,4.43,41139,0.158636488867763,25.7787952423096,6.5616798,0.00834449182524388,102.876950726192,0.760345309955168,1,64.468504035,5,5,0.920838952064514,0.000776781293097883,0.00296589219942689,0.00127109664026648,0.00211849436163902,0.000776781293097883,0.00233034393750131,0.0144763784483075,1.7,-1.6,2.44524692046018,0.000759454808864345,0.0293833931503492,0.121271863841545,0.162029094892542,0,5.55428219540276e-07
217509,2010,12,26.00938889,-80.23213889,7.25,41139,0.107970938759064,15.4608497619629,6.5616798,0.00834449182524388,102.876950726192,0.581670897158977,1,64.468504035,5,5,0.920838952064514,0.000776781293097883,0.00296589219942689,0.00127109664026648,0.00211849436163902,0.000776781293097883,0.00233034393750131,0.0144763784483075,2.9,-2.04,2.44524692046018,0.000759454808864345,0.0293833931503492,0.121271863841545,0.162029094892542,0,3.41112864357861e-07
222470,2010,5,27.01830556,-82.3624167,2.54,41660,0.167451768664075,27.3793888092041,9.32236555129257,0.117069357996977,263.330249361832,0.936244455393933,1,20.570866173,5,5,0.511038303375244,0.00434411037713289,0.0464321337640285,0.0133884064853191,0.0117504624649882,0.0513459630310535,0.099273607134819,0.0616009123623371,0.9,-0.18,1.7482089271986,0.00499261787044967,0.00710890146872858,0.000704891073903467,0.0591056028021375,0,0
222471,2010,9,27.01830556,-82.3624167,1.6,41660,0.344619751500385,28.540491104126,9.32236555129257,0.117069357996977,263.330249361832,0.796139385402251,1,20.570866173,5,5,0.511038303375244,0.00434411037713289,0.0464321337640285,0.0133884064853191,0.0117504624649882,0.0513459630310535,0.099273607134819,0.0616009123623371,2.2,-2.45,1.7482089271986,0.00499261787044967,0.00710890146872858,0.000704891073903467,0.0591056028021375,0,0
222771,2010,2,27.3275,-82.42175,9.79,41826,0.237838965749936,13.9597034454346,23.0538185185012,0.479319832968163,314.253913600008,0.514105299482048,3,25.623359619,5,5,0.546289086341858,0.00529623636975884,0.0209024790674448,0.011016171425581,0.015818091109395,0.079796627163887,0.0511263310909271,0.015818091109395,-1.5,0.25,1.90702362613238,0.00263505020415291,0.00710890146872858,0.000704891073903467,0.071802878750662,0,1.56743021298583e-06
222772,2010,4,27.3275,-82.42175,10.83,41826,0.306093386617234,22.0802192687988,23.0538185185012,0.479319832968163,314.253913600008,0.800505661867067,3,25.623359619,5,5,0.546289086341858,0.00529623636975884,0.0209024790674448,0.011016171425581,0.015818091109395,0.079796627163887,0.0511263310909271,0.015818091109395,1.2,-0.04,1.90702362613238,0.00263505020415291,0.00710890146872858,0.000704891073903467,0.071802878750662,0,8.32187492419965e-06
222774,2010,6,27.3275,-82.42175,21.88,41826,0.598861164592781,29.1659545898438,23.0538185185012,0.479319832968163,314.253913600008,0.979490907410742,3,25.623359619,5,5,0.546289086341858,0.00529623636975884,0.0209024790674448,0.011016171425581,0.015818091109395,0.079796627163887,0.0511263310909271,0.015818091109395,0.4,-0.79,1.90702362613238,0.00263505020415291,0.00710890146872858,0.000704891073903467,0.071802878750662,0,1.3332974002466e-05
222775,2010,8,27.3275,-82.42175,13.02,41826,1.11916609806555,28.9212474822998,23.0538185185012,0.479319832968163,314.253913600008,0.772534319031889,3,25.623359619,5,5,0.546289086341858,0.00529623636975884,0.0209024790674448,0.011016171425581,0.015818091109395,0.079796627163887,0.0511263310909271,0.015818091109395,1.8,-2.21,1.90702362613238,0.00263505020415291,0.00710890146872858,0.000704891073903467,0.071802878750662,0,2.1574001462424e-06
226447,2010,5,28.0009722,-82.6903333,7.77,42303,0.250829061253656,27.0237007141113,13.1233596,0.283101780203006,86.330454311025,0.858896712359647,3,29.593175898,7,5,0.778546690940857,0.00416637258604169,0.0236565209925175,0.00416637258604169,0.0053668525069952,0.00254219328053296,0.028599675744772,0.0413812585175037,0.9,-0.18,5.21488899175075,0.00104181740005469,0.00999302564574057,0.241593388658029,0.116841419902841,0,0
226448,2010,9,28.0009722,-82.6903333,6.32,42303,0.296881143014967,28.1889801025391,13.1233596,0.283101780203006,86.330454311025,0.791820317067709,3,29.593175898,7,5,0.778546690940857,0.00416637258604169,0.0236565209925175,0.00416637258604169,0.0053668525069952,0.00254219328053296,0.028599675744772,0.0413812585175037,2.2,-2.45,5.21488899175075,0.00104181740005469,0.00999302564574057,0.241593388658029,0.116841419902841,0,0
226512,2010,5,28.01469444,-81.9559167,125.69,42318,0.189302812698831,26.4924907684326,201.043766831073,2.08647999210494,341.268886789189,1.10315538308725,2,37.795275648,1,3,0.798743009567261,0.00190664501860738,0.0164536405354738,0.00699103157967329,0.0102393897250295,0.00416637258604169,0.0273285787552595,0.0327660478651524,0.9,-0.18,54.7977132954334,0.0246863037340455,0.0179880823364903,0.00338309611706616,0.108454432077209,0,0.00059482774983494
226513,2010,9,28.01469444,-81.9559167,119.07,42318,0.32485418794604,27.6326389312744,201.043766831073,2.08647999210494,341.268886789189,0.872819055797598,2,37.795275648,1,3,0.798743009567261,0.00190664501860738,0.0164536405354738,0.00699103157967329,0.0102393897250295,0.00416637258604169,0.0273285787552595,0.0327660478651524,2.2,-2.45,54.7977132954334,0.0246863037340455,0.0179880823364903,0.00338309611706616,0.108454432077209,0,0.000609206754496381
226654,2010,2,28.02977778,-82.2231111,12.03,42359,0.253433593374282,12.5819206237793,67.256758965151,0.466579927209608,146.537922380477,0.534379063815276,2,24.93438324,6,5,0.277290999889374,0.00754093658179045,0.0347601249814034,0.0126400459557772,0.0228382647037506,0.211218044161797,0.0850330367684364,0.00014363689115271,-1.5,0.25,0.0596022187829012,0.00110325671581737,0.0203097836081041,0.244130099610688,0.0396609231027961,0,2.71256644559713e-05
226655,2010,4,28.02977778,-82.2231111,8.28,42359,0.477459825655765,22.0832920074463,67.256758965151,0.466579927209608,146.537922380477,0.934559981197229,2,24.93438324,6,5,0.277290999889374,0.00754093658179045,0.0347601249814034,0.0126400459557772,0.0228382647037506,0.211218044161797,0.0850330367684364,0.00014363689115271,1.2,-0.04,0.0596022187829012,0.00110325671581737,0.0203097836081041,0.244130099610688,0.0396609231027961,0,5.45544297317189e-05
226657,2010,6,28.02977778,-82.2231111,9.08,42359,0.535808123504384,28.7990741729736,67.256758965151,0.466579927209608,146.537922380477,1.08487066799271,2,24.93438324,6,5,0.277290999889374,0.00754093658179045,0.0347601249814034,0.0126400459557772,0.0228382647037506,0.211218044161797,0.0850330367684364,0.00014363689115271,0.4,-0.79,0.0596022187829012,0.00110325671581737,0.0203097836081041,0.244130099610688,0.0396609231027961,0,0.000219313108461483
226658,2010,8,28.02977778,-82.2231111,6.28,42359,0.945949505819559,28.6594486236572,67.256758965151,0.466579927209608,146.537922380477,0.846042784527557,2,24.93438324,6,5,0.277290999889374,0.00754093658179045,0.0347601249814034,0.0126400459557772,0.0228382647037506,0.211218044161797,0.0850330367684364,0.00014363689115271,1.8,-2.21,0.0596022187829012,0.00110325671581737,0.0203097836081041,0.244130099610688,0.0396609231027961,0,6.4029412233465e-05
226787,2010,2,28.04125,-81.54688889,13.16,42377,0.226961646838007,12.505859375,91.7758896434523,0.737651471115495,152.57615158558,0.435057362894847,2,32.742782202,1,3,0.125466823577881,0.00323182996362448,0.0527865551412106,0.0230537205934525,0.035119216889143,0.33654123544693,0.113329499959946,0.0831657573580742,-1.5,0.25,17.7798434149796,0.00465765096692215,0.0179880823364903,0.00338309611706616,0.0635141401635607,0,0
226788,2010,4,28.04125,-81.54688889,12.51,42377,0.269806028761176,21.8625907897949,91.7758896434523,0.737651471115495,152.57615158558,0.733783703014522,2,32.742782202,1,3,0.125466823577881,0.00323182996362448,0.0527865551412106,0.0230537205934525,0.035119216889143,0.33654123544693,0.113329499959946,0.0831657573580742,1.2,-0.04,17.7798434149796,0.00465765096692215,0.0179880823364903,0.00338309611706616,0.0635141401635607,0,0
226790,2010,6,28.04125,-81.54688889,11.96,42377,0.442509489156354,28.6731967926025,91.7758896434523,0.737651471115495,152.57615158558,0.850735563034424,2,32.742782202,1,3,0.125466823577881,0.00323182996362448,0.0527865551412106,0.0230537205934525,0.035119216889143,0.33654123544693,0.113329499959946,0.0831657573580742,0.4,-0.79,17.7798434149796,0.00465765096692215,0.0179880823364903,0.00338309611706616,0.0635141401635607,0,2.82876129625179e-05
226791,2010,8,28.04125,-81.54688889,12.9,42377,0.87183944954816,28.7159118652344,91.7758896434523,0.737651471115495,152.57615158558,0.694942825853055,2,32.742782202,1,3,0.125466823577881,0.00323182996362448,0.0527865551412106,0.0230537205934525,0.035119216889143,0.33654123544693,0.113329499959946,0.0831657573580742,1.8,-2.21,17.7798434149796,0.00465765096692215,0.0179880823364903,0.00338309611706616,0.0635141401635607,0,1.79673451165191e-05
238171,2010,5,30.00579539,-82.1748303,79.17,43551,0.292362003320251,25.2081718444824,130.145465757406,1.16316311740039,204.824594186356,1.03501467724426,2,31.135170651,5,5,0.0294117648154497,0.00427289539948106,0.216635808348656,0.0313345678150654,0.0591796040534973,0.167924791574478,0.126121640205383,0,0.9,-0.18,5.48257994421337,0.0009147227456161,0.00204896486011342,1.91492043001254e-05,0.0642085173494617,0,0
238172,2010,9,30.00579539,-82.1748303,80.81,43551,0.22583961521144,26.2086696624756,130.145465757406,1.16316311740039,204.824594186356,0.880989316342026,2,31.135170651,5,5,0.0294117648154497,0.00427289539948106,0.216635808348656,0.0313345678150654,0.0591796040534973,0.167924791574478,0.126121640205383,0,2.2,-2.45,5.48257994421337,0.0009147227456161,0.00204896486011342,1.91492043001254e-05,0.0642085173494617,0,0
238325,2010,5,30.15746167,-81.9376047,30.2,43612,0.444173988757109,25.4249954223633,78.7401576,0.0510278630058971,107.719878148437,1.00231771546376,2,15.41994753,7,6,0.011536817997694,0.00541233457624912,0.463395535945892,0.0659450218081474,0.0491383001208305,0.035108957439661,0.136305376887321,0,0.9,-0.18,44.9253662421784,0.00632870798757239,0.00475557240314493,0.000659786303123185,0.0681501426823437,0,0
238326,2010,9,30.15746167,-81.9376047,32.12,43612,0.18779476825093,26.5889701843262,78.7401576,0.0510278630058971,107.719878148437,0.87014396178978,2,15.41994753,7,6,0.011536817997694,0.00541233457624912,0.463395535945892,0.0659450218081474,0.0491383001208305,0.035108957439661,0.136305376887321,0,2.2,-2.45,44.9253662421784,0.00632870798757239,0.00475557240314493,0.000659786303123185,0.0681501426823437,0,0
247566,2010,1,30.1279797265083,-84.4915703405001,13.0486206896552,44388,0.694975866538083,8.44172477722168,38.6287774452656,1.25962860428006,147.145791172464,0.349925584899454,1,16.994750682,1,4,0.0118928924202919,0.00156672834418714,0.228671133518219,0.0139581253752112,0.0179461613297462,0.0083321463316679,0.510610997676849,0,-1.1,0.05,7.63331343091464,0.000736930056326827,0.00118461287260209,6.08694361416094e-05,0.0436444416567683,0,0
247567,2010,2,30.1279797265083,-84.4915703405001,12.6928571428571,44388,0.405759436555792,8.22524547576904,38.6287774452656,1.25962860428006,147.145791172464,0.39972550660665,1,16.994750682,1,4,0.0118928924202919,0.00156672834418714,0.228671133518219,0.0139581253752112,0.0179461613297462,0.0083321463316679,0.510610997676849,0,-1.5,0.25,7.63331343091464,0.000736930056326827,0.00118461287260209,6.08694361416094e-05,0.0436444416567683,0,0
248627,2010,2,31.17091667,-83.53713889,3.2,44769,0.27662097041808,7.30525970458984,196.911803310626,0.326116568309875,279.744813457779,0.42608211111519,3,30.249343878,1,3,0.0108958836644888,0.00192280299961567,0.194844037294388,0.0111807435750961,0.026634382084012,0.205241411924362,0.27909129858017,0.0311209224164486,-1.5,0.25,9.59248212585311,0.0134349151137938,0.00456477093905224,0.00075257034400591,0.0371073310389121,0,0
248628,2010,11,31.17091667,-83.53713889,8.55,44769,0.207436116351145,14.2065525054932,196.911803310626,0.326116568309875,279.744813457779,0.529229873300226,3,30.249343878,1,3,0.0108958836644888,0.00192280299961567,0.194844037294388,0.0111807435750961,0.026634382084012,0.205241411924362,0.27909129858017,0.0311209224164486,1.3,-1.57,9.59248212585311,0.0134349151137938,0.00456477093905224,0.00075257034400591,0.0371073310389121,0,7.76035420049592e-05
248629,2010,12,31.17091667,-83.53713889,9.36,44769,0.137861357170056,6.17467975616455,196.911803310626,0.326116568309875,279.744813457779,0.433356168109053,3,30.249343878,1,3,0.0108958836644888,0.00192280299961567,0.194844037294388,0.0111807435750961,0.026634382084012,0.205241411924362,0.27909129858017,0.0311209224164486,2.9,-2.04,9.59248212585311,0.0134349151137938,0.00456477093905224,0.00075257034400591,0.0371073310389121,0,0
248697,2010,2,31.18315833,-81.4827111,2.02,44791,0.23707890484018,8.49000930786133,11.8919987514011,0.164288507563935,68.687578158241,0.503495735272957,2,55.544619507,1,6,0.608531534671783,0.00761999702081084,0.0149551341310143,0.00206523295491934,0.00327588664367795,0.00213644769974053,0.196766838431358,0.067369319498539,-1.5,0.25,1.04425030276312,0.000543804447919759,0.0188179531732603,0.00305613859601743,0.0847830469957987,0,0
248698,2010,4,31.18315833,-81.4827111,3.09,44791,0.0835665068307158,19.1331310272217,11.8919987514011,0.164288507563935,68.687578158241,0.835739948011143,2,55.544619507,1,6,0.608531534671783,0.00761999702081084,0.0149551341310143,0.00206523295491934,0.00327588664367795,0.00213644769974053,0.196766838431358,0.067369319498539,1.2,-0.04,1.04425030276312,0.000543804447919759,0.0188179531732603,0.00305613859601743,0.0847830469957987,0,0
248700,2010,6,31.18315833,-81.4827111,5.09,44791,0.271559437841643,27.9980030059814,11.8919987514011,0.164288507563935,68.687578158241,0.947740611317944,2,55.544619507,1,6,0.608531534671783,0.00761999702081084,0.0149551341310143,0.00206523295491934,0.00327588664367795,0.00213644769974053,0.196766838431358,0.067369319498539,0.4,-0.79,1.04425030276312,0.000543804447919759,0.0188179531732603,0.00305613859601743,0.0847830469957987,0,0
248702,2010,11,31.18315833,-81.4827111,4.79,44791,0.0985077987125702,15.5485353469849,11.8919987514011,0.164288507563935,68.687578158241,0.576209422108768,2,55.544619507,1,6,0.608531534671783,0.00761999702081084,0.0149551341310143,0.00206523295491934,0.00327588664367795,0.00213644769974053,0.196766838431358,0.067369319498539,1.3,-1.57,1.04425030276312,0.000543804447919759,0.0188179531732603,0.00305613859601743,0.0847830469957987,0,0
249276,2010,1,31.45310278,-83.49183889,77.515,45119,0.565572924735214,6.73393201828003,322.826148736566,1.13745068681253,82.7087561901608,0.250820650897467,2,47.276902959,5,5,0.724896728992462,0.00434411037713289,0.0242842901498079,0.00470018526539207,0.00883065070956945,0.0356786772608757,0.0425865277647972,0.00078336417209357,-1.1,0.05,7.82834108045726,0.000279487824992407,0.00727326047129246,0.00200697032872308,0.0742272426736355,0,0
250542,2010,5,32.0104644,-82.53707678,85.85,45716,0.526698406148991,24.2040500640869,187.0078743,0.208561236131179,165.207063191973,0.926475526310587,2,49.114173303,3,2,0.0171627979725599,0.00235009263269603,0.262213349342346,0.0192992445081472,0.030907278880477,0.227460473775864,0.159236580133438,0.00975644495338202,0.9,-0.18,14.0962482025867,0.0074404829447741,0.000823048547514209,0.000623165328832187,0.0282316351395349,0,5.57381276406124e-06
250558,2010,3,32.01655085,-84.4110248,102.4,45727,0.307004458476061,11.3673486709595,485.003310654793,1.24351039436675,55.8918509843126,0.541306493986208,2,34.12073496,3,2,0.00997008942067623,0.00185158813837916,0.523785769939423,0.0253525134176016,0.039524283260107,0.192280307412148,0.0200113952159882,0.00263495231047273,-0.7,-0.16,53.820860436414,0.00173943220855601,0.00850078037746613,0.00378753423207611,0.0569771232483288,0,0
250560,2010,11,32.02239338,-83.9012865,37.21,45736,0.270238686519289,13.2545642852783,296.707224927368,2.39241820147473,240.10186478135,0.332539501345214,1,39.796587987,6,5,0.0115104867145419,0.00169479555916041,0.11701150983572,0.00642609968781471,0.018148435279727,0.433373361825943,0.178377225995064,0.00586116779595613,1.3,-1.57,16.9917292114775,0.00195692823201653,0.008192560885231,0.0025755363282945,0.0395419207700094,0,9.28197792788312e-05
250584,2010,5,32.07505,-84.0581972,63.84,45813,0.574773153542926,24.0354690551758,393.216942412016,2.18603393259438,188.935914485589,0.682223063226837,2,44.028871458,3,2,0.00635548355057836,0.0013417131267488,0.270743578672409,0.00960384123027325,0.0252100843936205,0.398065119981766,0.0752065554261208,0.00367205706425011,0.9,-0.18,23.097397496446,0.0161261472178845,0.00850078037746613,0.00378753423207611,0.0464898685068389,0,5.86091382219493e-06
250602,2010,1,32.12654739,-84.4471376,94.2,45863,0.781728940935475,5.59427547454834,610.099396138593,1.47842229613379,210.590355291906,0.328159958544743,2,49.343832096,3,2,0.00593178439885378,0.00120048015378416,0.543111383914948,0.0379916690289974,0.110585413873196,0.126332879066467,0.0235152877867222,0.000564931833650917,-1.1,0.05,127.863646373712,0.0360950085893132,0.00143470554159037,0.00491899042830984,0.0594635957150658,0,0
250699,2010,5,32.3624361,-81.9358472,198.14,45950,0.531308933374796,24.3569431304932,226.311576644317,1.85201542633542,232.754470849749,0.950937848272495,2,55.708661502,3,2,0.018148435279727,0.00331897474825382,0.124496854841709,0.0281759761273861,0.0223148074001074,0.33789986371994,0.158534005284309,0.00847397744655609,0.9,-0.18,25.0915358141323,0.00771829015845096,0.000809277547370807,0.000462444312783318,0.0181468046509723,0,0
250716,2010,6,32.49696667,-81.2920833,50.57,45988,0.331747476075776,28.4982833862305,78.7877317081574,0.353060715802694,148.278198435231,1.12223297449917,4,61.122047337,3,2,0.0123201822862029,0.00149551348295063,0.13310070335865,0.0131035465747118,0.0235009249299765,0.190927222371101,0.372026771306992,7.12149267201312e-05,0.4,-0.79,15.2023711773521,0.00176098016614782,0.00166820519937138,0.0349161306104142,0.0134898392255356,0,0
250723,2010,6,32.54918333,-82.8432583,118.1,46005,0.58751989939525,27.9103755950928,270.927892164211,1.50469170034623,96.9361441028117,1.05259872956962,2,52.657480395,3,2,0.0692209079861641,0.00526990462094545,0.186155810952187,0.0190856009721756,0.0406637229025364,0.276741206645966,0.080116793513298,0.00270616728812456,0.4,-0.79,41.1832176794432,0.0240551675021478,0.00181208244587527,0.00305118828907805,0.0320633045168966,1,0.000139356025302788
250910,2010,2,33.14956478,-84.2079754,7.61,46416,0.319122730449836,4.2450475692749,850.114791112734,0.936959550174457,127.352807474785,0.376794320025929,6,37.303149663,3,2,0.0454351231455803,0.00512747466564178,0.334781378507614,0.020865973085165,0.0405212938785553,0.192850023508072,0.0300526991486549,0.0095428004860878,-1.5,0.25,21.1541265023246,0.00684711192681181,0.00153271291862476,0.00143208025225041,0.0353778250370423,0,0
250960,2010,10,33.2485,-82.2131667,99.32,46473,0.107133394939835,18.0198459625244,369.78665578319,1.97710691572738,78.9035181654937,0.777195058086607,3,34.383202152,3,2,0.0284859705716372,0.0037743910215795,0.386340975761414,0.0524854026734829,0.0470730662345886,0.106039024889469,0.0966386571526527,0.00163794332183897,1.7,-1.6,46.0790399565948,0.0100749311461538,0.00157811964165835,0.0112811434646058,0.038822154246966,0,0
251100,2010,9,33.32955556,-82.0492778,218.12,46511,0.283746895007401,24.9753284454346,429.332901050344,2.01805673706074,247.199074926648,1.0073035548345,2,46.817585373,3,2,0.0646365955471992,0.00438092509284616,0.290936499834061,0.0333955772221088,0.0442401617765427,0.154337838292122,0.0699511617422104,0.00912094209343195,2.2,-2.45,82.7737869559673,0.0196936144572309,0.00508721029058922,0.0450143685093273,0.038437052757442,0,5.28734850483702e-05
251101,2010,12,33.32955556,-82.0492778,218.47,46511,0.109962791449817,3.98183965682983,429.332901050344,2.01805673706074,247.199074926648,0.37489793489025,2,46.817585373,3,2,0.0646365955471992,0.00438092509284616,0.290936499834061,0.0333955772221088,0.0442401617765427,0.154337838292122,0.0699511617422104,0.00912094209343195,2.9,-2.04,82.7737869559673,0.0196936144572309,0.00508721029058922,0.0450143685093273,0.038437052757442,0,0
251250,2010,10,33.34969444,-81.99463889,90.41,46524,0.0836528068472351,18.3501586914062,214.713918526641,2.09307649132167,79.650710027108,0.800991960676708,2,35.137795329,1,1,0.324099123477936,0.00598205393180251,0.231947019696236,0.0225039161741734,0.0343255959451199,0.0299814846366644,0.0852442681789398,0.00327588664367795,1.7,-1.6,18.2401899554945,0.00517210922360964,0.00508721029058922,0.0450143685093273,0.0417549445350468,0,2.68456158872912e-05
251351,2010,9,33.3708611,-81.9643611,24.33,46546,0.228469052999947,25.2336654663086,134.5144359,0.00636861468127863,43.0421784752159,1.03514774109396,4,46.883202171,3,2,0.314878880977631,0.00310712517239153,0.0403926260769367,0.0120754186064005,0.0240802206099033,0.110585413873196,0.285643666982651,0.0309300199151039,2.2,-2.45,2.92547184470193,0.0195921330962171,0.00508721029058922,0.0450143685093273,0.0581119149902463,0,1.38792184083913e-05
255014,2010,1,34.01366667,-83.9198333,82.27,47215,0.493208317742889,2.77193665504456,1104.89563606367,4.57005604730495,100.808183312232,0.248183778954829,6,51.18110244,3,2,0.486830025911331,0.0102393897250295,0.249205559492111,0.00508438656106591,0.0151119269430637,0.0226678904145956,0.00183602853212506,0.00155356258619577,-1.1,0.05,33.9454710217309,0.0427729198822721,0.00288179307855296,0.000592826004730895,0.093633593925635,0,0
255015,2010,3,34.01366667,-83.9198333,82.14,47215,0.334223600079588,9.49908065795898,1104.89563606367,4.57005604730495,100.808183312232,0.443902554523439,6,51.18110244,3,2,0.486830025911331,0.0102393897250295,0.249205559492111,0.00508438656106591,0.0151119269430637,0.0226678904145956,0.00183602853212506,0.00155356258619577,-0.7,-0.16,33.9454710217309,0.0427729198822721,0.00288179307855296,0.000592826004730895,0.093633593925635,0,0
255016,2010,5,34.01366667,-83.9198333,82.85,47215,0.646054977237566,21.7821197509766,1104.89563606367,4.57005604730495,100.808183312232,0.77903327159198,6,51.18110244,3,2,0.486830025911331,0.0102393897250295,0.249205559492111,0.00508438656106591,0.0151119269430637,0.0226678904145956,0.00183602853212506,0.00155356258619577,0.9,-0.18,33.9454710217309,0.0427729198822721,0.00288179307855296,0.000592826004730895,0.093633593925635,0,0
255017,2010,7,34.01366667,-83.9198333,85.5,47215,0.305539329372464,27.3028144836426,1104.89563606367,4.57005604730495,100.808183312232,0.984392843466165,6,51.18110244,3,2,0.486830025911331,0.0102393897250295,0.249205559492111,0.00508438656106591,0.0151119269430637,0.0226678904145956,0.00183602853212506,0.00155356258619577,1.8,-1.99,33.9454710217309,0.0427729198822721,0.00288179307855296,0.000592826004730895,0.093633593925635,0,0
255018,2010,9,34.01366667,-83.9198333,87.47,47215,0.216561365331583,23.7573146820068,1104.89563606367,4.57005604730495,100.808183312232,0.83699749650797,6,51.18110244,3,2,0.486830025911331,0.0102393897250295,0.249205559492111,0.00508438656106591,0.0151119269430637,0.0226678904145956,0.00183602853212506,0.00155356258619577,2.2,-2.45,33.9454710217309,0.0427729198822721,0.00288179307855296,0.000592826004730895,0.093633593925635,0,0
255019,2010,10,34.01366667,-83.9198333,87.59,47215,0.180979926717313,16.945140838623,1104.89563606367,4.57005604730495,100.808183312232,0.704247533311757,6,51.18110244,3,2,0.486830025911331,0.0102393897250295,0.249205559492111,0.00508438656106591,0.0151119269430637,0.0226678904145956,0.00183602853212506,0.00155356258619577,1.7,-1.6,33.9454710217309,0.0427729198822721,0.00288179307855296,0.000592826004730895,0.093633593925635,0,0
258049,2010,1,34.4895323020576,-84.8543842643617,17.692,47479,0.459627167206384,2.27834987640381,693.492385385048,1.58855659735644,340.052836069609,0.23503013206022,1,46.423884585,3,2,0.162347286939621,0.00579055165871978,0.248781859874725,0.0141939129680395,0.0309300199151039,0.247016459703445,7.06164792063646e-05,0.0121460352092981,-1.1,0.05,2.710226135356,5.83488597891496e-05,0.00158030847016733,0.00384648686012811,0.0593305787289143,0,0
258050,2010,2,34.4895323020576,-84.8543842643617,16.4789285714286,47479,0.359150569190115,2.8152220249176,693.492385385048,1.58855659735644,340.052836069609,0.347165586343442,1,46.423884585,3,2,0.162347286939621,0.00579055165871978,0.248781859874725,0.0141939129680395,0.0309300199151039,0.247016459703445,7.06164792063646e-05,0.0121460352092981,-1.5,0.25,2.710226135356,5.83488597891496e-05,0.00158030847016733,0.00384648686012811,0.0593305787289143,0,0
258051,2010,3,34.4895323020576,-84.8543842643617,17.6803225806452,47479,0.455194559063292,9.02179336547852,693.492385385048,1.58855659735644,340.052836069609,0.430831158909892,1,46.423884585,3,2,0.162347286939621,0.00579055165871978,0.248781859874725,0.0141939129680395,0.0309300199151039,0.247016459703445,7.06164792063646e-05,0.0121460352092981,-0.7,-0.16,2.710226135356,5.83488597891496e-05,0.00158030847016733,0.00384648686012811,0.0593305787289143,0,0
258052,2010,4,34.4895323020576,-84.8543842643617,18.6163333333333,47479,0.329012883804085,16.7094326019287,693.492385385048,1.58855659735644,340.052836069609,0.725282184571866,1,46.423884585,3,2,0.162347286939621,0.00579055165871978,0.248781859874725,0.0141939129680395,0.0309300199151039,0.247016459703445,7.06164792063646e-05,0.0121460352092981,1.2,-0.04,2.710226135356,5.83488597891496e-05,0.00158030847016733,0.00384648686012811,0.0593305787289143,0,0
258053,2010,5,34.4895323020576,-84.8543842643617,21.3967741935484,47479,0.41573481985892,21.0670356750488,693.492385385048,1.58855659735644,340.052836069609,0.78225879337538,1,46.423884585,3,2,0.162347286939621,0.00579055165871978,0.248781859874725,0.0141939129680395,0.0309300199151039,0.247016459703445,7.06164792063646e-05,0.0121460352092981,0.9,-0.18,2.710226135356,5.83488597891496e-05,0.00158030847016733,0.00384648686012811,0.0593305787289143,0,0
258245,2010,7,40.93369444,-91.922,6.29,47517,0.509862274784715,25.0725078582764,669.2913396,0.00217530577204732,13.2021007894317,0.72970463020123,3,81.233595924,2,4,0.00560183869674802,0.00179546105209738,0.314277499914169,0.00854639429599047,0.0285119209438562,0.43974432349205,0.0225509908050299,7.18184455763549e-05,1.8,-1.99,9.01798486828787,0.010575872242847,0.000678301388885618,5.59763282090073e-05,0.022324375228708,0,0
258292,2010,3,40.9722222,-93.4236111,4.68,47521,0.280805898577572,4.1383056640625,1069.5538074,0.596449923233278,67.2209836580407,0.265910256657323,1,188.287401861,2,5,0.00505625968798995,0.000854579091537744,0.0483549349009991,0.00526990462094545,0.0128899021074176,0.732303082942963,0.0534824095666409,0.00427289539948106,-0.7,-0.16,29.4522225835127,0.0073507468606482,0.000205276255390491,0.000231763514150554,0.0181124544911335,0,0
258293,2010,5,40.9722222,-93.4236111,4.96,47521,0.528867376936153,15.5348148345947,1069.5538074,0.596449923233278,67.2209836580407,0.695751671834871,1,188.287401861,2,5,0.00505625968798995,0.000854579091537744,0.0483549349009991,0.00526990462094545,0.0128899021074176,0.732303082942963,0.0534824095666409,0.00427289539948106,0.9,-0.18,29.4522225835127,0.0073507468606482,0.000205276255390491,0.000231763514150554,0.0181124544911335,0,0
258294,2010,6,40.9722222,-93.4236111,4.3,47521,0.96052194976626,22.602165222168,1069.5538074,0.596449923233278,67.2209836580407,0.757664709166512,1,188.287401861,2,5,0.00505625968798995,0.000854579091537744,0.0483549349009991,0.00526990462094545,0.0128899021074176,0.732303082942963,0.0534824095666409,0.00427289539948106,0.4,-0.79,29.4522225835127,0.0073507468606482,0.000205276255390491,0.000231763514150554,0.0181124544911335,0,0
258295,2010,7,40.9722222,-93.4236111,4.59,47521,0.897293092184198,24.4317302703857,1069.5538074,0.596449923233278,67.2209836580407,0.796047872717052,1,188.287401861,2,5,0.00505625968798995,0.000854579091537744,0.0483549349009991,0.00526990462094545,0.0128899021074176,0.732303082942963,0.0534824095666409,0.00427289539948106,1.8,-1.99,29.4522225835127,0.0073507468606482,0.000205276255390491,0.000231763514150554,0.0181124544911335,0,0
258296,2010,9,40.9722222,-93.4236111,5.69,47521,0.631881624716689,18.1887741088867,1069.5538074,0.596449923233278,67.2209836580407,0.593025328568875,1,188.287401861,2,5,0.00505625968798995,0.000854579091537744,0.0483549349009991,0.00526990462094545,0.0128899021074176,0.732303082942963,0.0534824095666409,0.00427289539948106,2.2,-2.45,29.4522225835127,0.0073507468606482,0.000205276255390491,0.000231763514150554,0.0181124544911335,0,0
258297,2010,10,40.9722222,-93.4236111,5.67,47521,0.0921706579012402,12.5499887466431,1069.5538074,0.596449923233278,67.2209836580407,0.505040337236375,1,188.287401861,2,5,0.00505625968798995,0.000854579091537744,0.0483549349009991,0.00526990462094545,0.0128899021074176,0.732303082942963,0.0534824095666409,0.00427289539948106,1.7,-1.6,29.4522225835127,0.0073507468606482,0.000205276255390491,0.000231763514150554,0.0181124544911335,0,0
258412,2010,1,41.0158248,-95.1308217,18.22,47525,0.10547731821068,-9.84555435180664,1274.00287539425,1.33569503762726,162.215541026196,0.0219675187071848,2,167.519685294,4,2,0.0121460352092981,0.00183602853212506,0.0103100063279271,0.00437822192907333,0.0323423482477665,0.80262690782547,0.000282465916825458,0.00120048015378416,-1.1,0.05,58.7305247581266,0.0510446198571154,0.000680300298111639,4.06149431708441e-05,0.0313779900043706,0,0
258413,2010,2,41.0158248,-95.1308217,15.33,47525,0.0767411898980959,-7.50745630264282,1274.00287539425,1.33569503762726,162.215541026196,0.0262765183935802,2,167.519685294,4,2,0.0121460352092981,0.00183602853212506,0.0103100063279271,0.00437822192907333,0.0323423482477665,0.80262690782547,0.000282465916825458,0.00120048015378416,-1.5,0.25,58.7305247581266,0.0510446198571154,0.000680300298111639,4.06149431708441e-05,0.0313779900043706,0,0
258414,2010,4,41.0158248,-95.1308217,8.11,47525,0.353496532026329,13.0580863952637,1274.00287539425,1.33569503762726,162.215541026196,0.526947212519582,2,167.519685294,4,2,0.0121460352092981,0.00183602853212506,0.0103100063279271,0.00437822192907333,0.0323423482477665,0.80262690782547,0.000282465916825458,0.00120048015378416,1.2,-0.04,58.7305247581266,0.0510446198571154,0.000680300298111639,4.06149431708441e-05,0.0313779900043706,0,0
258415,2010,6,41.0158248,-95.1308217,8.29,47525,0.869997681666065,22.4856262207031,1274.00287539425,1.33569503762726,162.215541026196,0.698850137165845,2,167.519685294,4,2,0.0121460352092981,0.00183602853212506,0.0103100063279271,0.00437822192907333,0.0323423482477665,0.80262690782547,0.000282465916825458,0.00120048015378416,0.4,-0.79,58.7305247581266,0.0510446198571154,0.000680300298111639,4.06149431708441e-05,0.0313779900043706,0,0
258416,2010,7,41.0158248,-95.1308217,8.18,47525,0.580394725730589,24.1795082092285,1274.00287539425,1.33569503762726,162.215541026196,0.714797123671358,2,167.519685294,4,2,0.0121460352092981,0.00183602853212506,0.0103100063279271,0.00437822192907333,0.0323423482477665,0.80262690782547,0.000282465916825458,0.00120048015378416,1.8,-1.99,58.7305247581266,0.0510446198571154,0.000680300298111639,4.06149431708441e-05,0.0313779900043706,0,0
258417,2010,8,41.0158248,-95.1308217,12.35,47525,0.418441878226421,24.2442989349365,1274.00287539425,1.33569503762726,162.215541026196,0.730878675875894,2,167.519685294,4,2,0.0121460352092981,0.00183602853212506,0.0103100063279271,0.00437822192907333,0.0323423482477665,0.80262690782547,0.000282465916825458,0.00120048015378416,1.8,-2.21,58.7305247581266,0.0510446198571154,0.000680300298111639,4.06149431708441e-05,0.0313779900043706,0,0
258725,2010,8,41.46525,-91.1946667,0.97,47607,0.554851022197028,24.3881530761719,606.9553815,0.292635560084646,331.274315039075,0.501548387383704,1,93.011811165,6,5,0.0144763784483075,0.0026128098834306,0.0723112747073174,0.00692041544243693,0.145187482237816,0.289033263921738,0.168561547994614,0.0607301741838455,1.8,-2.21,1.65688064875851,0.0122591442504909,0.0173439958326616,0.0580215114512769,0.059009154283603,0,0.000133711067569359
258903,2010,6,41.59441667,-91.5701389,4.9,47639,0.93374808145513,22.6516056060791,665.381221886989,0.747882092675753,203.364166419188,0.585859304602725,1,132.086614374,6,6,0.00754093658179045,0.000861821288708597,0.0174518823623657,0.00409365119412541,0.0359810404479504,0.791151940822601,0.0242746341973543,0.000287273782305419,0.4,-0.79,6.16721438296523,0.0375450092850868,0.00264359460155409,0.00595674591441883,0.0324029561596364,0,0
259666,2010,1,41.7211284,-91.4223891,9.32,47710,0.156561446240123,-9.16011333465576,754.332488004822,3.27430994806008,201.245946715377,0.0201246948372867,1,110.662729827,4,2,0.0113692535087466,0.00225972733460367,0.0507732518017292,0.0053668525069952,0.0252807009965181,0.76237553358078,0.0052256197668612,0.000918014266062528,-1.1,0.05,4.22063501816844,0.0144268065836742,0.00264359460155409,0.00595674591441883,0.0405660252685348,0,0
259667,2010,3,41.7211284,-91.4223891,9.33,47710,0.147531802484279,5.31695795059204,754.332488004822,3.27430994806008,201.245946715377,0.250621680893461,1,110.662729827,4,2,0.0113692535087466,0.00225972733460367,0.0507732518017292,0.0053668525069952,0.0252807009965181,0.76237553358078,0.0052256197668612,0.000918014266062528,-0.7,-0.16,4.22063501816844,0.0144268065836742,0.00264359460155409,0.00595674591441883,0.0405660252685348,0,0
259668,2010,4,41.7211284,-91.4223891,9.13,47710,0.366783417986396,13.6007299423218,754.332488004822,3.27430994806008,201.245946715377,0.480346430109407,1,110.662729827,4,2,0.0113692535087466,0.00225972733460367,0.0507732518017292,0.0053668525069952,0.0252807009965181,0.76237553358078,0.0052256197668612,0.000918014266062528,1.2,-0.04,4.22063501816844,0.0144268065836742,0.00264359460155409,0.00595674591441883,0.0405660252685348,0,0
260259,2010,3,41.9169324,-96.135016,14.43,47799,0.165033378251185,3.37483644485474,1039.52263379608,0.104599751581208,59.3317308224015,0.210860120037522,1,126.738845337,1,3,0.00975644495338202,0.00142429850529879,0.00235009263269603,0.0011394388275221,0.0242842901498079,0.744694471359253,0.041589517146349,0.0348953157663345,-0.7,-0.16,5.71224399368599,0.0111444781305879,0.00306670379189574,0.000319019521975731,0.0257261247439682,0,0
260260,2010,4,41.9169324,-96.135016,11.8833333333333,47799,0.230214577371487,12.8324708938599,1039.52263379608,0.104599751581208,59.3317308224015,0.552689861026328,1,126.738845337,1,3,0.00975644495338202,0.00142429850529879,0.00235009263269603,0.0011394388275221,0.0242842901498079,0.744694471359253,0.041589517146349,0.0348953157663345,1.2,-0.04,5.71224399368599,0.0111444781305879,0.00306670379189574,0.000319019521975731,0.0257261247439682,0,0
260261,2010,5,41.9169324,-96.135016,11.87,47799,0.130590429028942,15.7882518768311,1039.52263379608,0.104599751581208,59.3317308224015,0.668723590495601,1,126.738845337,1,3,0.00975644495338202,0.00142429850529879,0.00235009263269603,0.0011394388275221,0.0242842901498079,0.744694471359253,0.041589517146349,0.0348953157663345,0.9,-0.18,5.71224399368599,0.0111444781305879,0.00306670379189574,0.000319019521975731,0.0257261247439682,0,0
260262,2010,6,41.9169324,-96.135016,11.6766666666667,47799,0.880432130244507,22.1974849700928,1039.52263379608,0.104599751581208,59.3317308224015,0.70806348212428,1,126.738845337,1,3,0.00975644495338202,0.00142429850529879,0.00235009263269603,0.0011394388275221,0.0242842901498079,0.744694471359253,0.041589517146349,0.0348953157663345,0.4,-0.79,5.71224399368599,0.0111444781305879,0.00306670379189574,0.000319019521975731,0.0257261247439682,0,5.58956098723333e-05
260263,2010,7,41.9169324,-96.135016,7.2,47799,0.479023851537048,24.1648864746094,1039.52263379608,0.104599751581208,59.3317308224015,0.742351152642302,1,126.738845337,1,3,0.00975644495338202,0.00142429850529879,0.00235009263269603,0.0011394388275221,0.0242842901498079,0.744694471359253,0.041589517146349,0.0348953157663345,1.8,-1.99,5.71224399368599,0.0111444781305879,0.00306670379189574,0.000319019521975731,0.0257261247439682,0,0.00114453164343347
260264,2010,8,41.9169324,-96.135016,5.02,47799,0.358800963699367,24.5039405822754,1039.52263379608,0.104599751581208,59.3317308224015,0.709202734956377,1,126.738845337,1,3,0.00975644495338202,0.00142429850529879,0.00235009263269603,0.0011394388275221,0.0242842901498079,0.744694471359253,0.041589517146349,0.0348953157663345,1.8,-2.21,5.71224399368599,0.0111444781305879,0.00306670379189574,0.000319019521975731,0.0257261247439682,0,0.00264116210410127
260575,2010,7,42.02125,-92.8489722,5.41,47975,0.564311020875362,23.6268005371094,866.1417336,0.481828449314075,32.3750156340069,0.598572158722073,1,112.303149777,6,6,0.00939199235290289,0.00155356258619577,0.0724525079131126,0.00642609968781471,0.0255631655454636,0.472494870424271,0.186992436647415,0.00748534686863422,1.8,-1.99,1.41993263008652,0.0222925332333269,0.00202780347550306,0.000818148431948019,0.0340486859043936,0,0
260576,2010,8,42.02125,-92.8489722,6.41,47975,0.714056611833577,23.511890411377,866.1417336,0.481828449314075,32.3750156340069,0.484117824058786,1,112.303149777,6,6,0.00939199235290289,0.00155356258619577,0.0724525079131126,0.00642609968781471,0.0255631655454636,0.472494870424271,0.186992436647415,0.00748534686863422,1.8,-2.21,1.41993263008652,0.0222925332333269,0.00202780347550306,0.000818148431948019,0.0340486859043936,0,0
260586,2010,7,42.0238871,-91.813237,71.9,47978,0.469359901721132,24.0331611633301,837.118309303765,1.98102967439038,121.691658414856,0.599150570956641,1,102.03412089,4,4,0.00557870185002685,0.00112986366730183,0.00395452277734876,0.00233034393750131,0.00663794949650764,0.895699441432953,0.0103806229308248,0,1.8,-1.99,32.9515408844081,0.0161673360390429,0.0104634522870407,0.0185169954341711,0.0417766183594366,0,0
260587,2010,9,42.0238871,-91.813237,75.1,47978,0.398606728986942,17.6007633209229,837.118309303765,1.98102967439038,121.691658414856,0.447202968526236,1,102.03412089,4,4,0.00557870185002685,0.00112986366730183,0.00395452277734876,0.00233034393750131,0.00663794949650764,0.895699441432953,0.0103806229308248,0,2.2,-2.45,32.9515408844081,0.0161673360390429,0.0104634522870407,0.0185169954341711,0.0417766183594366,0,0
260588,2010,10,42.0238871,-91.813237,75.3,47978,0.0393193600969408,11.9445476531982,837.118309303765,1.98102967439038,121.691658414856,0.345095462272323,1,102.03412089,4,4,0.00557870185002685,0.00112986366730183,0.00395452277734876,0.00233034393750131,0.00663794949650764,0.895699441432953,0.0103806229308248,0,1.7,-1.6,32.9515408844081,0.0161673360390429,0.0104634522870407,0.0185169954341711,0.0417766183594366,0,0
260589,2010,11,42.0238871,-91.813237,75.1,47978,0.116263224560698,3.61882472038269,837.118309303765,1.98102967439038,121.691658414856,0.127467946624268,1,102.03412089,4,4,0.00557870185002685,0.00112986366730183,0.00395452277734876,0.00233034393750131,0.00663794949650764,0.895699441432953,0.0103806229308248,0,1.3,-1.57,32.9515408844081,0.0161673360390429,0.0104634522870407,0.0185169954341711,0.0417766183594366,0,0
260590,2010,12,42.0238871,-91.813237,75.6,47978,0.144817572786278,-7.68720769882202,837.118309303765,1.98102967439038,121.691658414856,0.045965722296589,1,102.03412089,4,4,0.00557870185002685,0.00112986366730183,0.00395452277734876,0.00233034393750131,0.00663794949650764,0.895699441432953,0.0103806229308248,0,2.9,-2.04,32.9515408844081,0.0161673360390429,0.0104634522870407,0.0185169954341711,0.0417766183594366,0,0
260714,2010,8,42.0552754,-91.9004586,155.4,48024,0.549861578387924,23.4937725067139,876.557585332078,2.90141371956534,178.907871325736,0.496255670135358,1,144.324147201,4,2,0.00890186615288258,0.00156672834418714,0.0234297104179859,0.00341831636615098,0.0141005553305149,0.837843596935272,0.00541233457624912,0,1.8,-2.21,73.3761463129183,0.0295871115706286,0.000568715181330846,8.81108027413986e-05,0.0476254913502932,0,0
260901,2010,9,42.12527259,-92.144072,94.4,48085,0.350201349465328,17.1236534118652,907.127401713042,0.890535081058628,179.097670914534,0.459137364081665,1,131.135170803,6,5,0.0273991953581572,0.015535625629127,0.0201963130384684,0.00423698872327805,0.0234446711838245,0.780523955821991,0.0026834262534976,0.00338959111832082,2.2,-2.45,26.2654485125547,0.0602920392996492,0.000568715181330846,8.81108027413986e-05,0.04845578622967,0,0
260902,2010,10,42.12527259,-92.144072,93.2,48085,0.031680647830608,11.6548404693604,907.127401713042,0.890535081058628,179.097670914534,0.339588005602116,1,131.135170803,6,5,0.0273991953581572,0.015535625629127,0.0201963130384684,0.00423698872327805,0.0234446711838245,0.780523955821991,0.0026834262534976,0.00338959111832082,1.7,-1.6,26.2654485125547,0.0602920392996492,0.000568715181330846,8.81108027413986e-05,0.04845578622967,0,0
260903,2010,11,42.12527259,-92.144072,91.6,48085,0.111620657882745,3.15388774871826,907.127401713042,0.890535081058628,179.097670914534,0.129334845451642,1,131.135170803,6,5,0.0273991953581572,0.015535625629127,0.0201963130384684,0.00423698872327805,0.0234446711838245,0.780523955821991,0.0026834262534976,0.00338959111832082,1.3,-1.57,26.2654485125547,0.0602920392996492,0.000568715181330846,8.81108027413986e-05,0.04845578622967,0,0
260904,2010,12,42.12527259,-92.144072,90.5,48085,0.113908036973335,-7.95521974563599,907.127401713042,0.890535081058628,179.097670914534,0.0534071134643143,1,131.135170803,6,5,0.0273991953581572,0.015535625629127,0.0201963130384684,0.00423698872327805,0.0234446711838245,0.780523955821991,0.0026834262534976,0.00338959111832082,2.9,-2.04,26.2654485125547,0.0602920392996492,0.000568715181330846,8.81108027413986e-05,0.04845578622967,0,0
261249,2010,8,42.416649,-95.146937,174.2,48138,0.475204098039583,23.3868579864502,1327.7710978533,1.37273193438451,270.789415796019,0.572335902405666,2,277.034121156,6,6,0.00925794057548046,0.00163794332183897,0.00648055830970407,0.00327588664367795,0.0146702751517296,0.876513302326202,0.00163794332183897,0,1.8,-2.21,26.1910522163185,0.0252803110262214,0.000970085016118973,0.00121384996888733,0.0401866029728452,0,0
261315,2010,8,42.50415866,-96.0630747,23.3,48174,0.333381638320278,23.8455924987793,1168.17952049027,0.709986180964062,212.365237716519,0.680387753296816,2,123.097113048,3,2,0.114186853170395,0.00628486694768071,0.0116517199203372,0.00282465922646224,0.0331191308796406,0.707577168941498,0.00338959111832082,0.000423698889790103,1.8,-2.21,20.6112861946592,0.0188167676375582,0.00500468732943666,0.162380308705485,0.0254227889791628,0,0
261761,2010,1,42.93416667,-95.4177778,18.55,48270,0.123794836197437,-11.9296102523804,1298.4034317057,2.27505685840944,340.835197473593,0.0165285510592247,2,170.964567189,4,2,0.00932915508747101,0.0019940179772675,0.105825379490852,0.00612448388710618,0.035108957439661,0.622347235679626,0.0212932638823986,0.00356074632145464,-1.1,0.05,69.1117765821327,0.0663268352668273,0.00145056677389599,0.000180693438962822,0.022752490296786,0,0
261762,2010,3,42.93416667,-95.4177778,17.7,48270,0.157506597563091,2.58055734634399,1298.4034317057,2.27505685840944,340.835197473593,0.170228387685889,2,170.964567189,4,2,0.00932915508747101,0.0019940179772675,0.105825379490852,0.00612448388710618,0.035108957439661,0.622347235679626,0.0212932638823986,0.00356074632145464,-0.7,-0.16,69.1117765821327,0.0663268352668273,0.00145056677389599,0.000180693438962822,0.022752490296786,0,0
261763,2010,4,42.93416667,-95.4177778,7.88,48270,0.30644359284771,12.0624237060547,1298.4034317057,2.27505685840944,340.835197473593,0.487582540377132,2,170.964567189,4,2,0.00932915508747101,0.0019940179772675,0.105825379490852,0.00612448388710618,0.035108957439661,0.622347235679626,0.0212932638823986,0.00356074632145464,1.2,-0.04,69.1117765821327,0.0663268352668273,0.00145056677389599,0.000180693438962822,0.022752490296786,0,0
261764,2010,6,42.93416667,-95.4177778,10.85,48270,0.863939421757947,20.9067153930664,1298.4034317057,2.27505685840944,340.835197473593,0.636975447053494,2,170.964567189,4,2,0.00932915508747101,0.0019940179772675,0.105825379490852,0.00612448388710618,0.035108957439661,0.622347235679626,0.0212932638823986,0.00356074632145464,0.4,-0.79,69.1117765821327,0.0663268352668273,0.00145056677389599,0.000180693438962822,0.022752490296786,0,0
261765,2010,7,42.93416667,-95.4177778,9.37,48270,0.853291810699429,23.2982501983643,1298.4034317057,2.27505685840944,340.835197473593,0.628758629180164,2,170.964567189,4,2,0.00932915508747101,0.0019940179772675,0.105825379490852,0.00612448388710618,0.035108957439661,0.622347235679626,0.0212932638823986,0.00356074632145464,1.8,-1.99,69.1117765821327,0.0663268352668273,0.00145056677389599,0.000180693438962822,0.022752490296786,0,0
263056,2010,8,42.07230556,-111.9538333,8.65,48353,0.0984450902457773,20.6979637145996,4705.30680693634,0.419594554979152,167.57840992016,0.903247424119409,4,140.026246932,3,4,0.00975644495338202,0.00185158813837916,0.00491382973268628,0.0294829793274403,0.0306936334818602,0.780871689319611,0.00220766267739236,0.00341831636615098,1.8,-2.21,89.0871735172279,0.0243304272707749,0.00478499834349456,0.0434850997591599,0.00553485410838077,1,0.000492623488734855
263259,2010,3,42.25768889,-113.8825139,143.45,48476,0.0884184500769173,4.0675311088562,4528.22036162202,0.564593150846994,347.579454234917,0.26129810242809,4,132.906824349,4,6,0.0796895027160645,0.00306224194355309,0.00818971637636423,0.0360347516834736,0.0720695033669472,0.652115106582642,0,0,-0.7,-0.16,0.0492217884049625,0.0474100417065777,0.026962763315022,0.0183395397206495,0.0157698349042361,1,0
263260,2010,10,42.25768889,-113.8825139,151.9,48476,0.16795533874089,11.3856821060181,4528.22036162202,0.564593150846994,347.579454234917,0.280595864950246,4,132.906824349,4,6,0.0796895027160645,0.00306224194355309,0.00818971637636423,0.0360347516834736,0.0720695033669472,0.652115106582642,0,0,1.7,-1.6,0.0492217884049625,0.0474100417065777,0.026962763315022,0.0183395397206495,0.0157698349042361,1,0.000746461889632374
263286,2010,7,42.28730556,-114.5934722,74.89,48489,0.0634196863112154,20.5043277740479,4683.92558305623,1.09882771542443,32.562368717145,1.05716965803504,9,88.845144492,2,2,0.00741473073139787,0.00204787799157202,0.0052256197668612,0.290233731269836,0.245886594057083,0.172586679458618,0,0,1.8,-1.99,1.77862606919675,0.00346518070024739,0.0245202930622759,0.0845228486814672,0.00338007085296325,0,0.000277197852110556
263485,2010,9,42.3587222,-111.0594722,13.04,48586,0.0173425893721776,13.3338212966919,6170.99632040239,0.893332162086407,285.599434127592,0.521715470353606,4,78.674540802,4,6,0.00430760532617569,0.000988630694337189,0.0911658778786659,0.591554284095764,0.00642609968781471,0.142504066228867,0.0189252179116011,0,2.2,-2.45,0.916543244518501,0.0168844531606053,0.000490654351270099,0.023769325178987,0.00455063178929811,0,3.9118334260629e-06
263657,2010,1,42.40658056,-114.1175278,253,48676,0.0818481596741524,-0.0139945847913623,4321.10051075414,0.955652851425392,29.5140257517476,0.0185658393851706,4,132.611548758,3,2,0.00448654033243656,0.00056971941376105,0.00192280299961567,0.169633954763412,0.0520581118762493,0.690499901771545,0,0.000997008988633752,-1.1,0.05,34.2982835865463,0.001624635215747,0.026962763315022,0.0183395397206495,0.0140204731125881,1,0
263658,2010,2,42.40658056,-114.1175278,252.22,48676,0.0698367317640461,0.510175287723541,4321.10051075414,0.955652851425392,29.5140257517476,0.0526662637104366,4,132.611548758,3,2,0.00448654033243656,0.00056971941376105,0.00192280299961567,0.169633954763412,0.0520581118762493,0.690499901771545,0,0.000997008988633752,-1.5,0.25,34.2982835865463,0.001624635215747,0.026962763315022,0.0183395397206495,0.0140204731125881,1,0
263659,2010,3,42.40658056,-114.1175278,250.77,48676,0.0667672959288763,4.24517726898193,4321.10051075414,0.955652851425392,29.5140257517476,0.271900082298118,4,132.611548758,3,2,0.00448654033243656,0.00056971941376105,0.00192280299961567,0.169633954763412,0.0520581118762493,0.690499901771545,0,0.000997008988633752,-0.7,-0.16,34.2982835865463,0.001624635215747,0.026962763315022,0.0183395397206495,0.0140204731125881,1,0
263660,2010,4,42.40658056,-114.1175278,249.01,48676,0.126514209729357,7.14971399307251,4321.10051075414,0.955652851425392,29.5140257517476,0.506295032219495,4,132.611548758,3,2,0.00448654033243656,0.00056971941376105,0.00192280299961567,0.169633954763412,0.0520581118762493,0.690499901771545,0,0.000997008988633752,1.2,-0.04,34.2982835865463,0.001624635215747,0.026962763315022,0.0183395397206495,0.0140204731125881,1,0
263661,2010,5,42.40658056,-114.1175278,248.68,48676,0.208196127199257,9.12668228149414,4321.10051075414,0.955652851425392,29.5140257517476,0.612424816351602,4,132.611548758,3,2,0.00448654033243656,0.00056971941376105,0.00192280299961567,0.169633954763412,0.0520581118762493,0.690499901771545,0,0.000997008988633752,0.9,-0.18,34.2982835865463,0.001624635215747,0.026962763315022,0.0183395397206495,0.0140204731125881,1,0
264842,2010,1,42.5349111,-113.9072472,257.07,49307,0.0814358770051392,-0.521398067474365,4150.2624735,0.35741817591366,178.870195468763,0.0226615842903349,4,104.494750815,1,2,0.0144566297531128,0.00242130761034787,0.00541233457624912,0.0383848436176777,0.0170915815979242,0.691710591316223,7.12149267201312e-05,0.112448371946812,-1.1,0.05,3.65728390741446,0.021633922631276,0.026962763315022,0.0183395397206495,0.0128293783155829,1,0
264843,2010,2,42.5349111,-113.9072472,256.18,49307,0.0524946211063391,-0.057099062949419,4150.2624735,0.35741817591366,178.870195468763,0.0611998153475355,4,104.494750815,1,2,0.0144566297531128,0.00242130761034787,0.00541233457624912,0.0383848436176777,0.0170915815979242,0.691710591316223,7.12149267201312e-05,0.112448371946812,-1.5,0.25,3.65728390741446,0.021633922631276,0.026962763315022,0.0183395397206495,0.0128293783155829,1,0
264845,2010,4,42.5349111,-113.9072472,254.17,49307,0.142096246850242,7.10365724563599,4150.2624735,0.35741817591366,178.870195468763,0.542741961565746,4,104.494750815,1,2,0.0144566297531128,0.00242130761034787,0.00541233457624912,0.0383848436176777,0.0170915815979242,0.691710591316223,7.12149267201312e-05,0.112448371946812,1.2,-0.04,3.65728390741446,0.021633922631276,0.026962763315022,0.0183395397206495,0.0128293783155829,1,0
264846,2010,5,42.5349111,-113.9072472,254.54,49307,0.226033378804472,9.28134441375732,4150.2624735,0.35741817591366,178.870195468763,0.636445945045097,4,104.494750815,1,2,0.0144566297531128,0.00242130761034787,0.00541233457624912,0.0383848436176777,0.0170915815979242,0.691710591316223,7.12149267201312e-05,0.112448371946812,0.9,-0.18,3.65728390741446,0.021633922631276,0.026962763315022,0.0183395397206495,0.0128293783155829,1,0.000308787946913516
266346,2010,7,42.63394444,-111.8281667,107.5,49745,0.0110228207335225,19.5128593444824,5527.08106187935,1.09184154176505,314.247416283709,0.951194464259546,9,85.400262597,3,2,0.00586116779595613,0.00162417907267809,0.00437822192907333,0.177176758646965,0.011016171425581,0.709978103637695,0.000282465916825458,0,1.8,-1.99,22.3553165390117,0.022457714417994,0.00343990590164417,0.0211864932189151,0.00580195802206173,0,0.00108227873686045
272473,2010,9,42.98141667,-116.0956389,77.57,51000,0,18.6767082214355,2477.36972670071,5.79364594578383,231.503332335629,0.730293755627609,4,110.826771822,1,3,0.0473130419850349,0.00310712517239153,0.00713226478546858,0.103523761034012,0.0355200916528702,0.586258053779602,0.00501377042382956,0.0490078367292881,2.2,-2.45,111.219488898696,0.0477922371271061,0.00172135118714458,0.0134413043784883,0.0043374904021124,0,0.00104594328396803
276758,2010,7,43.314,-116.5020556,180.26,52005,0.00904045941758301,23.6953201293945,2537.87810189407,0.695044100047389,336.189168101738,0.993407643944568,9,107.185039533,3,2,0.00621425034478307,0.00105924718081951,0.00240096030756831,0.0186427515000105,0.308735251426697,0.552503347396851,0,0.000141232958412729,1.8,-1.99,128.690514547362,0.0283270280683852,0.0138066197045543,0.099068837469392,0.00552330016740908,1,0.000249775348251444
277349,2010,8,43.40094444,-116.6336667,268.37,52247,0.0160333882097467,21.5115184783936,2740.89320365542,0.833261371397536,97.0582549924066,0.856969038696478,4,134.973753486,3,2,0.0111574037000537,0.00162417907267809,0.00381329003721476,0.00310712517239153,0.0127815827727318,0.904244065284729,0,0.000776781293097883,1.8,-2.21,107.178162564966,0.0154463621454601,0.0497044935503375,0.1281798800067,0.00579858880161618,1,0.00167179402120998
288051,2010,1,43.82130278,-111.926086,29.44,56125,0.106255676651311,-5.11023807525635,4838.0659923857,1.10743932120006,211.654026086711,0.0121951048640892,9,120.045931941,1,2,0.00797607190907001,0.00149551348295063,0.00441532535478473,0.642002582550049,0.00420168088749051,0.0646631568670273,0.149266481399536,0.00783364195376635,-1.1,0.05,11.9830296603443,0.0166674225710694,0.0342765709474474,0.111977831174654,0.00739658673513681,0,0
288052,2010,3,43.82130278,-111.926086,30.61,56125,0.0536120345462488,1.28230369091034,4838.0659923857,1.10743932120006,211.654026086711,0.233078528931228,9,120.045931941,1,2,0.00797607190907001,0.00149551348295063,0.00441532535478473,0.642002582550049,0.00420168088749051,0.0646631568670273,0.149266481399536,0.00783364195376635,-0.7,-0.16,11.9830296603443,0.0166674225710694,0.0342765709474474,0.111977831174654,0.00739658673513681,0,0
288053,2010,5,43.82130278,-111.926086,31.37,56125,0.0939324460493689,8.34933853149414,4838.0659923857,1.10743932120006,211.654026086711,0.59288420479449,9,120.045931941,1,2,0.00797607190907001,0.00149551348295063,0.00441532535478473,0.642002582550049,0.00420168088749051,0.0646631568670273,0.149266481399536,0.00783364195376635,0.9,-0.18,11.9830296603443,0.0166674225710694,0.0342765709474474,0.111977831174654,0.00739658673513681,0,7.2048796339496e-05
292199,2010,7,44.0024722,-111.6392222,197.45,56873,0.0306514774247746,17.5443878173828,5022.95102488496,0.725696467361709,95.0936813205358,0.907513577296262,9,117.946194405,1,2,0.0125697338953614,0.00162417907267809,0.00557870185002685,0.362403780221939,0.0165948737412691,0.243344396352768,0.0718169584870338,0.0259868651628494,1.8,-1.99,4.48139986396483,0.0485845057303445,0.00441839135158436,0.0227929515396635,0.0121883861628299,0,0.000837857662849759
292321,2010,1,44.03074167,-112.4238778,94.42,56945,0.0768255938298494,-5.56974697113037,4872.0472515,0.432926196859227,253.691988405382,0.0158706237253241,9,129.59317605,3,2,0,0,0.000287273782305419,0.967969000339508,0.0202528014779091,0,0,0,-1.1,0.05,33.5000006116104,0.145162882102865,0.0518775419568771,0.130951275438934,0.00282015871523569,0,0
292322,2010,3,44.03074167,-112.4238778,93.56,56945,0.0105256773202544,2.09262847900391,4872.0472515,0.432926196859227,253.691988405382,0.262272302019978,9,129.59317605,3,2,0,0,0.000287273782305419,0.967969000339508,0.0202528014779091,0,0,0,-0.7,-0.16,33.5000006116104,0.145162882102865,0.0518775419568771,0.130951275438934,0.00282015871523569,0,0
292323,2010,5,44.03074167,-112.4238778,94.52,56945,0.059480335546277,8.69822883605957,4872.0472515,0.432926196859227,253.691988405382,0.658808080918675,9,129.59317605,3,2,0,0,0.000287273782305419,0.967969000339508,0.0202528014779091,0,0,0,0.9,-0.18,33.5000006116104,0.145162882102865,0.0518775419568771,0.130951275438934,0.00282015871523569,0,0
292324,2010,7,44.03074167,-112.4238778,99.95,56945,0.0204588328444705,19.5311794281006,4872.0472515,0.432926196859227,253.691988405382,0.985968283402277,9,129.59317605,3,2,0,0,0.000287273782305419,0.967969000339508,0.0202528014779091,0,0,0,1.8,-1.99,33.5000006116104,0.145162882102865,0.0518775419568771,0.130951275438934,0.00282015871523569,0,5.67173580676648e-05
292325,2010,9,44.03074167,-112.4238778,99.81,56945,0.0184535745841148,14.9079523086548,4872.0472515,0.432926196859227,253.691988405382,0.592981474568747,9,129.59317605,3,2,0,0,0.000287273782305419,0.967969000339508,0.0202528014779091,0,0,0,2.2,-2.45,33.5000006116104,0.145162882102865,0.0518775419568771,0.130951275438934,0.00282015871523569,0,2.67033292810779e-05
292326,2010,11,44.03074167,-112.4238778,98.15,56945,0.11205382877271,-0.236776977777481,4872.0472515,0.432926196859227,253.691988405382,0.0902353873835976,9,129.59317605,3,2,0,0,0.000287273782305419,0.967969000339508,0.0202528014779091,0,0,0,1.3,-1.57,33.5000006116104,0.145162882102865,0.0518775419568771,0.130951275438934,0.00282015871523569,0,0
292445,2010,1,44.04324444,-111.7971917,285,56972,0.147063338135307,-5.27790975570679,5100.34781683272,3.7722201301032,259.018020944238,0.0130845453994371,9,86.843832153,1,2,0.0067654182203114,0.0165218636393547,0.00470018526539207,0.895883798599243,0.0123201822862029,0.0215781219303608,0,0,-1.1,0.05,5.81285068939955,0.17185187729632,0.00441839135158436,0.0227929515396635,0.0130999629762024,0,0
292446,2010,3,44.04324444,-111.7971917,286.85,56972,0.0625595897213728,0.466344654560089,5100.34781683272,3.7722201301032,259.018020944238,0.244534134923614,9,86.843832153,1,2,0.0067654182203114,0.0165218636393547,0.00470018526539207,0.895883798599243,0.0123201822862029,0.0215781219303608,0,0,-0.7,-0.16,5.81285068939955,0.17185187729632,0.00441839135158436,0.0227929515396635,0.0130999629762024,0,0
292447,2010,5,44.04324444,-111.7971917,287.62,56972,0.167057958741692,7.60654544830322,5100.34781683272,3.7722201301032,259.018020944238,0.583907801597021,9,86.843832153,1,2,0.0067654182203114,0.0165218636393547,0.00470018526539207,0.895883798599243,0.0123201822862029,0.0215781219303608,0,0,0.9,-0.18,5.81285068939955,0.17185187729632,0.00441839135158436,0.0227929515396635,0.0130999629762024,0,7.59474672686046e-08
292449,2010,9,44.04324444,-111.7971917,285.33,56972,0.0381095328622404,14.0248861312866,5100.34781683272,3.7722201301032,259.018020944238,0.525325565686075,9,86.843832153,1,2,0.0067654182203114,0.0165218636393547,0.00470018526539207,0.895883798599243,0.0123201822862029,0.0215781219303608,0,0,2.2,-2.45,5.81285068939955,0.17185187729632,0.00441839135158436,0.0227929515396635,0.0130999629762024,0,4.46293361511511e-06
292450,2010,11,44.04324444,-111.7971917,284.59,56972,0.246457353100468,-1.31164216995239,5100.34781683272,3.7722201301032,259.018020944238,0.0737013592676359,9,86.843832153,1,2,0.0067654182203114,0.0165218636393547,0.00470018526539207,0.895883798599243,0.0123201822862029,0.0215781219303608,0,0,1.3,-1.57,5.81285068939955,0.17185187729632,0.00441839135158436,0.0227929515396635,0.0130999629762024,0,0
292567,2010,7,44.04675,-116.8881944,19.85,56981,0.0039397395248924,23.2740001678467,2197.62758716898,0.606482554226372,226.041278540183,1.04029087415009,4,73.425196962,3,2,0.00904912408441305,0.00172364257741719,0.00402183271944523,0.0062482045032084,0.372809529304504,0.48082447052002,0.00186727952677757,0.0120654981583357,1.8,-1.99,25.7081466474841,0.0221213995249959,0.010065435943324,0.0747738132355328,0.00475899332414071,1,0.0010458410302795
293092,2010,6,44.16141667,-114.9047222,8.02,57291,0.369392605839912,9.60548400878906,6494.71751468716,2.25473425350753,339.894825148404,0.709307764285451,11,76.082677281,3,2,0.00571993505582213,0.00105924718081951,0.466916173696518,0.214462250471115,0.0831156000494957,0.000211849444895051,0.000847397779580206,0.0164536405354738,0.4,-0.79,6.69047824119408,0.00240714250284521,0.000365853868932233,0.0194048192997831,0.0166867293415343,0,0
293235,2010,8,44.2213611,-116.885611,14.7,57352,0.0240727172176186,22.4553489685059,2165.90137843265,6.05911964757525,281.875108355143,0.856169654365375,4,98.392388601,4,5,0.00366274057887495,0.000646365981083363,0.00272910087369382,0.176098823547363,0.290936499834061,0.425955176353455,0,0.00150818726979196,1.8,-2.21,43.2059458891222,0.0179011680561468,0.00402836504861964,0.0158088431573556,0.00655717825704565,1,0.000970843021598871
294174,2010,7,46.06277778,-116.2875556,12.13,57890,0.0409139673849918,18.9355144500732,3219.73355506364,9.03477365723866,110.070155286506,0.859976542020337,9,114.927821697,2,2,0.00656733289361,0.00127109664026648,0.00367205706425011,0.00437822192907333,0.0707577168941498,0.827907621860504,0,0,1.8,-1.99,9.56995203942168,0.00838313273232898,7.18967144359445e-05,0.000340875010796301,0.00632570782175288,0,0
294304,2010,10,46.2823611,-116.4949167,58.88,57946,0.202197953779328,8.72573280334473,3715.9210589863,2.03756414256922,212.366930428952,0.35179741479876,9,102.460630077,4,2,0.00571993505582213,0.00112986366730183,0.203163623809814,0.0720994248986244,0.0939905345439911,0.4471435546875,0.000211849444895051,0,1.7,-1.6,61.5463045009455,0.0129861751909004,0.000263883376202953,0.00018291915850432,0.00656233546615268,0,0
294423,2010,8,46.3733333,-116.6831944,107.87,57970,0.0256512515890986,20.6061859130859,1600.69314815471,4.372886948334,187.201949001589,0.910572844359998,9,64.993438419,3,2,0.0546930618584156,0.00242130761034787,0.0107534537091851,0.023073635995388,0.129183873534203,0.623201847076416,0,0,1.8,-2.21,2.31455474113984,0.00360998263822996,0.000979150084286865,0.0205688697808941,0.00665363441438104,0,0
294888,2010,6,47.7204444,-116.931361,203.68,58277,0.35119482279015,14.7169561386108,2204.7244128,0.01647929709041,8.278704936104,0.619632041050749,4,93.930446337,3,1,0.58477509021759,0.00713226478546858,0.163477152585983,0.0389802977442741,0.00790904555469751,0,0,0.0507732518017292,0.4,-0.79,0.0834657648121208,0.0745621901057886,0.00417716558673275,0.00203088713609106,0.0478040111455818,0,0
295281,2010,7,48.00415278,-116.8593417,285.01,58459,0.0658712738517712,18.4300689697266,2427.15454399736,1.71858639959796,44.0512865080941,1.19820892836507,4,79.232283585,3,2,0.0349755808711052,0.00517092784866691,0.554079294204712,0.119218617677689,0.0693766176700592,0.0124964090064168,0.00014363689115271,0.00150818726979196,1.8,-1.99,0.0381624672574849,0.119342887793278,0.000919460395041031,0.000584974802717785,0.0592981902131438,0,0
295446,2010,6,48.43391667,-116.4536667,101.17,58604,0.416303970689351,14.0559968948364,2241.67006267938,0.802804660739143,112.327192785609,0.850754886829001,4,85.236220602,2,6,0.0137702142819762,0.00338959111832082,0.327660471200943,0.110797263681889,0.0540216080844402,0.017583504319191,0.161499887704849,0,0.4,-0.79,22.8585768594039,0.00637600082068234,0.000919460395041031,0.000584974802717785,0.0525266071112454,0,0
295451,2010,9,48.69255556,-116.294,15.13,58639,0.249119230834275,13.569299697876,1771.32369596101,0.408759024690136,51.8001964196558,0.680579689639842,4,84.940945011,4,5,0.0784549117088318,0.0040251393802464,0.163124069571495,0.0716757327318192,0.0279641263186932,0.29461196064949,0.0346726924180984,0.0657439455389977,2.2,-2.45,1.52478107236108,0.0162309308823154,0.00428729753744292,0.00706295406864119,0.017553190378348,0,5.61793931071153e-06
295452,2010,12,48.69255556,-116.294,12.795,58639,0.343378498068674,-1.96638286113739,1771.32369596101,0.408759024690136,51.8001964196558,0.0296893802353189,4,84.940945011,4,5,0.0784549117088318,0.0040251393802464,0.163124069571495,0.0716757327318192,0.0279641263186932,0.29461196064949,0.0346726924180984,0.0657439455389977,2.9,-2.04,1.52478107236108,0.0162309308823154,0.00428729753744292,0.00706295406864119,0.017553190378348,0,0
295513,2010,8,48.6981111,-116.2507778,14.255,58650,0.0566688548471352,18.3186111450195,1768.21860391782,1.20840037442699,16.0871569303851,1.17445818261072,4,102.263779683,4,5,0.0327660478651524,0.00699103157967329,0.226890757679939,0.111362189054489,0.031848032027483,0.220394045114517,0.0257750153541565,0.0299413874745369,1.8,-2.21,3.12498900683259,0.00169377499118018,0.00428729753744292,0.00706295406864119,0.0100092593221118,0,2.70827283990458e-05
297745,2010,4,38.5371111,-89.9541944,4.51,58800,0.280234419880696,16.8843460083008,541.541505404619,0.844252426298272,218.833469442074,0.555660168548708,3,71.52230982,5,5,0.831220626831055,0.00213644769974053,0.0420168079435825,0.00185158813837916,0.00427289539948106,0.0423016659915447,0,0.00135308364406228,1.2,-0.04,13.2010208540797,0.0106657331906542,0.00170780446021078,0.00270900482500934,0.0807252915192644,0,0
297798,2010,4,38.64638889,-90.0097778,2.48,58823,0.296690358089751,16.969331741333,447.629617467859,1.50272707169999,208.113083368398,0.557754497424692,1,57.41469825,5,6,0.67071533203125,0.00748534686863422,0.14059741795063,0.00155356258619577,0.00169479555916041,0.0302944704890251,0.000141232958412729,7.06164792063646e-05,1.2,-0.04,7.47606824274101,0.0177399130053439,0.00170780446021078,0.00270900482500934,0.0754063964970907,0,0
297799,2010,11,38.64638889,-90.0097778,3.77,58823,0.423234204312346,8.44577026367188,447.629617467859,1.50272707169999,208.113083368398,0.248490231308464,1,57.41469825,5,6,0.67071533203125,0.00748534686863422,0.14059741795063,0.00155356258619577,0.00169479555916041,0.0302944704890251,0.000141232958412729,7.06164792063646e-05,1.3,-1.57,7.47606824274101,0.0177399130053439,0.00170780446021078,0.00270900482500934,0.0754063964970907,0,0
297809,2010,1,38.73116667,-90.0947222,5.37,58847,0.132736409006105,-3.38295364379883,416.367692873638,0.614986152107457,253.318736230794,0.10356080829412,1,93.733595943,2,6,0.583321452140808,0.00149551348295063,0.00576840899884701,0.00213644769974053,0.00583962397649884,0.253809988498688,0.0154536394402385,0.0218629818409681,-1.1,0.05,1.5017824402305,0.0198253038130085,0.0085685512928637,0.0701190522314382,0.0703105707569917,0,0
297811,2010,9,38.73116667,-90.0947222,6.71,58847,0.394427532885686,20.8892765045166,416.367692873638,0.614986152107457,253.318736230794,0.577045351439978,1,93.733595943,2,6,0.583321452140808,0.00149551348295063,0.00576840899884701,0.00213644769974053,0.00583962397649884,0.253809988498688,0.0154536394402385,0.0218629818409681,2.2,-2.45,1.5017824402305,0.0198253038130085,0.0085685512928637,0.0701190522314382,0.0703105707569917,0,0
297877,2010,1,38.77027778,-89.9556667,5.72,58855,0.115936296994674,-3.81026268005371,547.962195928326,1.25405038242622,205.051506057131,0.0993931138555687,3,72.965879376,4,2,0.53397011756897,0.00904912408441305,0.181341573596001,0.00337546691298485,0.00639184145256877,0.0800775662064552,0,0.00201091635972261,-1.1,0.05,2.94409653624288,0.0230066201943205,0.0085685512928637,0.0701190522314382,0.0782714968242248,0,0
297879,2010,9,38.77027778,-89.9556667,6.05,58855,0.438812236501712,20.657600402832,547.962195928326,1.25405038242622,205.051506057131,0.579737166036887,3,72.965879376,4,2,0.53397011756897,0.00904912408441305,0.181341573596001,0.00337546691298485,0.00639184145256877,0.0800775662064552,0,0.00201091635972261,2.2,-2.45,2.94409653624288,0.0230066201943205,0.0085685512928637,0.0701190522314382,0.0782714968242248,0,0
297917,2010,7,38.7823333,-89.9721111,17.8,58857,0.542991669045927,26.6687679290771,557.342384170429,2.88498780287495,178.910846146922,0.65812874440984,3,66.863517162,4,4,0.811138033866882,0.00512747466564178,0.0776954814791679,0.00128186866641045,0.00156672834418714,0.0102549493312836,0,0.00135308364406228,1.8,-1.99,5.22934272702416,0.016073303737686,0.0085685512928637,0.0701190522314382,0.0864003379940987,0,0
297919,2010,11,38.7823333,-89.9721111,19.66,58857,0.466929959583893,8.1640739440918,557.342384170429,2.88498780287495,178.910846146922,0.252943414787233,3,66.863517162,4,4,0.811138033866882,0.00512747466564178,0.0776954814791679,0.00128186866641045,0.00156672834418714,0.0102549493312836,0,0.00135308364406228,1.3,-1.57,5.22934272702416,0.016073303737686,0.0085685512928637,0.0701190522314382,0.0864003379940987,0,0
298006,2010,5,40.12791667,-88.1440278,5.5,58977,0.369314084151327,17.9070205688477,685.674747153173,0.246610073158836,119.794905402702,0.546968966537004,3,79.199475186,3,2,0.0217917673289776,0.00263495231047273,0.0298390537500381,0.00448654033243656,0.00911551062017679,0.813772976398468,0.00334710162132978,0,0.9,-0.18,0.127453107844553,0.0086002066294109,0.00459599885468303,5.76300796825458e-05,0.0385010760939618,0,0
298007,2010,6,40.12791667,-88.1440278,5.32,58977,0.868175938441562,23.5942039489746,685.674747153173,0.246610073158836,119.794905402702,0.652721085626912,3,79.199475186,3,2,0.0217917673289776,0.00263495231047273,0.0298390537500381,0.00448654033243656,0.00911551062017679,0.813772976398468,0.00334710162132978,0,0.4,-0.79,0.127453107844553,0.0086002066294109,0.00459599885468303,5.76300796825458e-05,0.0385010760939618,0,0
298008,2010,8,40.12791667,-88.1440278,6.3,58977,0.156043032885868,24.6429882049561,685.674747153173,0.246610073158836,119.794905402702,0.609373408965971,3,79.199475186,3,2,0.0217917673289776,0.00263495231047273,0.0298390537500381,0.00448654033243656,0.00911551062017679,0.813772976398468,0.00334710162132978,0,1.8,-2.21,0.127453107844553,0.0086002066294109,0.00459599885468303,5.76300796825458e-05,0.0385010760939618,0,0
298009,2010,10,40.12791667,-88.1440278,7.14,58977,0.125141219081509,12.9792890548706,685.674747153173,0.246610073158836,119.794905402702,0.44993948817122,3,79.199475186,3,2,0.0217917673289776,0.00263495231047273,0.0298390537500381,0.00448654033243656,0.00911551062017679,0.813772976398468,0.00334710162132978,0,1.7,-1.6,0.127453107844553,0.0086002066294109,0.00459599885468303,5.76300796825458e-05,0.0385010760939618,0,0
298010,2010,12,40.12791667,-88.1440278,9.01,58977,0.227742182960152,-5.67972230911255,685.674747153173,0.246610073158836,119.794905402702,0.0503837969186628,3,79.199475186,3,2,0.0217917673289776,0.00263495231047273,0.0298390537500381,0.00448654033243656,0.00911551062017679,0.813772976398468,0.00334710162132978,0,2.9,-2.04,0.127453107844553,0.0086002066294109,0.00459599885468303,5.76300796825458e-05,0.0385010760939618,0,0
298037,2010,1,40.1282222,-88.1470833,0.41,58980,0.123542838397042,-6.75547885894775,675.8530194,0.00328717998137736,2.77983384216346,0.0605896828038002,3,79.199475186,5,5,0.375114738941193,0.00367205706425011,0.0707577168941498,0.00494315382093191,0.0127109671011567,0.406680315732956,0.000282465916825458,0.00303650880232453,-1.1,0.05,1.13292365186914,0.00116895309663573,0.00459599885468303,5.76300796825458e-05,0.0359792166274786,0,0
298493,2010,5,41.0230833,-87.6490833,5.68,59157,0.526383518408345,17.0848770141602,636.4829406,0.408895617254549,262.121498202861,0.592937870876839,1,83.858267844,1,3,0.00635548355057836,0.00155356258619577,0.0352376252412796,0.00444883853197098,0.00974507443606853,0.855094969272614,0,0,0.9,-0.18,3.97332463029878,0.0484187209866542,0.00205444826607077,0.00360003524527303,0.0663208107934395,0,0
298899,2010,7,42.20791667,-88.2686667,26.44,59887,0.697680096422699,23.9127750396729,861.762296410237,1.9790705820626,44.5377415438963,0.639272926080757,1,89.009186487,5,6,0.753901541233063,0.00218911096453667,0.0692747682332993,0.0026128098834306,0.00480192061513662,0.0419461913406849,0.00621425034478307,0.0230915900319815,1.8,-1.99,44.7821492653044,0.0193505740114011,0.00715422446121701,0.00113940264535342,0.0906296833457549,0,0
298976,2010,3,42.2517222,-88.9165,3.67,59946,0.110396738295264,4.6452260017395,728.3464578,0.17492157043094,322.163939411651,0.25191484824998,1,76.738845261,1,2,0.131890043616295,0.00327588664367795,0.0967098698019981,0.00797607190907001,0.020865973085165,0.485187292098999,0.0438683964312077,0.00078336417209357,-0.7,-0.16,2.42316523773832,0.00784400322478378,0.00300419930762627,4.59045734611825e-05,0.0696144498874744,0,0
299055,2010,10,42.34619444,-88.2952222,5.89,60102,0.132797496727174,11.4780864715576,757.765407302734,0.506464831724006,306.355958243906,0.40243041232346,1,75.098425311,7,7,0.583819985389709,0.00306224194355309,0.0328300818800926,0.0055547640658915,0.0153112094849348,0.168921813368797,0.0274177473038435,0.00121065380517393,1.7,-1.6,0.672719963037461,0.00208080239658474,0.00715422446121701,0.00113940264535342,0.0794469025427103,0,5.5890682362962e-05
299056,2010,11,42.34619444,-88.2952222,7.325,60102,0.0957209671153839,4.15975475311279,757.765407302734,0.506464831724006,306.355958243906,0.154833380866921,1,75.098425311,7,7,0.583819985389709,0.00306224194355309,0.0328300818800926,0.0055547640658915,0.0153112094849348,0.168921813368797,0.0274177473038435,0.00121065380517393,1.3,-1.57,0.672719963037461,0.00208080239658474,0.00715422446121701,0.00113940264535342,0.0794469025427103,0,6.17703211063851e-07
299090,2010,1,42.3555611,-88.5523667,32.38,60110,0.0720791367252234,-7.55250787734985,884.031081696299,1.85450461876442,227.87718363858,0.0215336234878088,1,77.75590563,3,2,0.0113692535087466,0.00141232961323112,0.175905659794807,0.00868582725524902,0.0192076824605465,0.539368689060211,0.017371654510498,0.00903890933841467,-1.1,0.05,5.77880759817206,0.00403626110679129,0.00715422446121701,0.00113940264535342,0.0673955147090554,0,0
299091,2010,4,42.3555611,-88.5523667,31.8,60110,0.269822774381087,11.7679958343506,884.031081696299,1.85450461876442,227.87718363858,0.526720483333987,1,77.75590563,3,2,0.0113692535087466,0.00141232961323112,0.175905659794807,0.00868582725524902,0.0192076824605465,0.539368689060211,0.017371654510498,0.00903890933841467,1.2,-0.04,5.77880759817206,0.00403626110679129,0.00715422446121701,0.00113940264535342,0.0673955147090554,0,0
300940,2010,9,37.2031111111111,-89.2681111111111,14.09,60209,0.356876744289633,22.1321716308594,329.651520645937,0.823238109575973,107.168326195211,0.647371648535934,2,88.418635305,3,2,0.0100275408476591,0.00112986366730183,0.0424405038356781,0.00395452277734876,0.0105924727395177,0.463385343551636,0.293270260095596,0.000988630694337189,2.2,-2.45,10.9023904090053,0.00965932476694595,0.000797197246797213,0.000472624082029776,0.0627465038216114,0,0
300941,2010,10,37.2031111111111,-89.2681111111111,14.26,60209,0.0593554192291311,15.9144077301025,329.651520645937,0.823238109575973,107.168326195211,0.551156623056093,2,88.418635305,3,2,0.0100275408476591,0.00112986366730183,0.0424405038356781,0.00395452277734876,0.0105924727395177,0.463385343551636,0.293270260095596,0.000988630694337189,1.7,-1.6,10.9023904090053,0.00965932476694595,0.000797197246797213,0.000472624082029776,0.0627465038216114,0,0
300942,2010,12,37.2031111111111,-89.2681111111111,11.67,60209,0.240812452186709,-0.0789615511894226,329.651520645937,0.823238109575973,107.168326195211,0.134434049415176,2,88.418635305,3,2,0.0100275408476591,0.00112986366730183,0.0424405038356781,0.00395452277734876,0.0105924727395177,0.463385343551636,0.293270260095596,0.000988630694337189,2.9,-2.04,10.9023904090053,0.00965932476694595,0.000797197246797213,0.000472624082029776,0.0627465038216114,0,0
300998,2010,3,38.51438889,-89.4411944,2.12,60210,0.216139746165967,8.15251636505127,406.8241476,0.0876832814284841,280.273938924535,0.298805062054836,3,65.387139207,2,5,0.00619569839909673,0.000854579091537744,0.0144566297531128,0.00235009263269603,0.00498504471033812,0.546147286891937,0.302164942026138,0.00512747466564178,-0.7,-0.16,0.0473028269589409,0.0202972311168426,0.000943502241676364,0.0024559649260606,0.0394959087074796,0,0
301199,2010,2,38.6827222222222,-90.0182777777778,12.5789285714286,60213,0.188357899168672,-1.30417585372925,422.374246469017,0.358091137544377,252.115350398673,0.140679176924867,1,61.712598519,3,2,0.67071533203125,0.00748534686863422,0.14059741795063,0.00155356258619577,0.00169479555916041,0.0302944704890251,0.000141232958412729,7.06164792063646e-05,-1.5,0.25,2.92630803059907,0.044062346423274,0.0085685512928637,0.0701190522314382,0.06394862293606,0,0
301200,2010,3,38.6827222222222,-90.0182777777778,12.7925806451613,60213,0.18430422012429,8.7298469543457,422.374246469017,0.358091137544377,252.115350398673,0.296209741276703,1,61.712598519,3,2,0.67071533203125,0.00748534686863422,0.14059741795063,0.00155356258619577,0.00169479555916041,0.0302944704890251,0.000141232958412729,7.06164792063646e-05,-0.7,-0.16,2.92630803059907,0.044062346423274,0.0085685512928637,0.0701190522314382,0.06394862293606,0,0
301370,2010,1,39.2304444444444,-87.6481111111111,21.1,60217,0.128302123797939,-4.12966585159302,472.262297334814,0.490110510026178,244.868961942196,0.0876461178066805,1,48.622047318,1,2,0.0124626122415066,0.00242130761034787,0.172838628292084,0.00997008942067623,0.0190856009721756,0.583891212940216,0.00726392259821296,7.12149267201312e-05,-1.1,0.05,14.6427258015726,0.0398994330823007,0.00158741700935595,1.70996446250192e-05,0.0521219625135263,0,0
301371,2010,3,39.2304444444444,-87.6481111111111,21.26,60217,0.251536382221477,7.73813915252686,472.262297334814,0.490110510026178,244.868961942196,0.276910602059338,1,48.622047318,1,2,0.0124626122415066,0.00242130761034787,0.172838628292084,0.00997008942067623,0.0190856009721756,0.583891212940216,0.00726392259821296,7.12149267201312e-05,-0.7,-0.16,14.6427258015726,0.0398994330823007,0.00158741700935595,1.70996446250192e-05,0.0521219625135263,0,0
301372,2010,4,39.2304444444444,-87.6481111111111,20.91,60217,0.452997553755501,15.9402170181274,472.262297334814,0.490110510026178,244.868961942196,0.516733185359592,1,48.622047318,1,2,0.0124626122415066,0.00242130761034787,0.172838628292084,0.00997008942067623,0.0190856009721756,0.583891212940216,0.00726392259821296,7.12149267201312e-05,1.2,-0.04,14.6427258015726,0.0398994330823007,0.00158741700935595,1.70996446250192e-05,0.0521219625135263,0,0
301373,2010,11,39.2304444444444,-87.6481111111111,24.47,60217,0.388685662567534,6.8256402015686,472.262297334814,0.490110510026178,244.868961942196,0.226153401595919,1,48.622047318,1,2,0.0124626122415066,0.00242130761034787,0.172838628292084,0.00997008942067623,0.0190856009721756,0.583891212940216,0.00726392259821296,7.12149267201312e-05,1.3,-1.57,14.6427258015726,0.0398994330823007,0.00158741700935595,1.70996446250192e-05,0.0521219625135263,0,4.48120068442198e-08
301929,2010,2,41.7112055555556,-87.6759638888889,5.39,60224,0.149597959170113,-2.66066718101501,661.486052320622,0.831566969659565,28.0782590823243,0.047216794068225,1,88.353018507,2,4,0.991172969341278,0.000353082403307781,0.00120048015378416,7.06164792063646e-05,0,0,0,0,-1.5,0.25,43.5097668775958,0.0611747181937074,0.00224583100685276,0.249201557445133,0.0941255164067944,0,0
301930,2010,4,41.7112055555556,-87.6759638888889,3.95,60224,0.305058687528593,12.830864906311,661.486052320622,0.831566969659565,28.0782590823243,0.703683138337505,1,88.353018507,2,4,0.991172969341278,0.000353082403307781,0.00120048015378416,7.06164792063646e-05,0,0,0,0,1.2,-0.04,43.5097668775958,0.0611747181937074,0.00224583100685276,0.249201557445133,0.0941255164067944,0,0
301931,2010,6,41.7112055555556,-87.6759638888889,5,60224,0.85098456965159,21.9382801055908,661.486052320622,0.831566969659565,28.0782590823243,0.828735472970123,1,88.353018507,2,4,0.991172969341278,0.000353082403307781,0.00120048015378416,7.06164792063646e-05,0,0,0,0,0.4,-0.79,43.5097668775958,0.0611747181937074,0.00224583100685276,0.249201557445133,0.0941255164067944,0,0
301932,2010,8,41.7112055555556,-87.6759638888889,3.23,60224,0.28872610121031,24.8502197265625,661.486052320622,0.831566969659565,28.0782590823243,0.808943301652002,1,88.353018507,2,4,0.991172969341278,0.000353082403307781,0.00120048015378416,7.06164792063646e-05,0,0,0,0,1.8,-2.21,43.5097668775958,0.0611747181937074,0.00224583100685276,0.249201557445133,0.0941255164067944,0,0
301933,2010,10,41.7112055555556,-87.6759638888889,5.72,60224,0.250766734506899,13.6316690444946,661.486052320622,0.831566969659565,28.0782590823243,0.614798439139362,1,88.353018507,2,4,0.991172969341278,0.000353082403307781,0.00120048015378416,7.06164792063646e-05,0,0,0,0,1.7,-1.6,43.5097668775958,0.0611747181937074,0.00224583100685276,0.249201557445133,0.0941255164067944,0,0
303623,2010,8,39.2535472,-86.0076444,7.17,60416,0.0783272929643755,24.8067378997803,681.721401102338,1.5996222765087,96.0648660799527,0.729971709071873,1,37.500000057,5,6,0.0123527720570564,0.00272910087369382,0.521473705768585,0.00818730238825083,0.0162309687584639,0.282102853059769,0.0014363689115271,0.000502729089930654,1.8,-2.21,3.95190880655254,0.0131233049991141,0.00531812838190765,0.00108540400925328,0.0672494037996729,0,5.85477681588865e-05
303624,2010,9,39.2535472,-86.0076444,8.36,60416,0.0685840767929192,20.3035564422607,681.721401102338,1.5996222765087,96.0648660799527,0.771245982624014,1,37.500000057,5,6,0.0123527720570564,0.00272910087369382,0.521473705768585,0.00818730238825083,0.0162309687584639,0.282102853059769,0.0014363689115271,0.000502729089930654,2.2,-2.45,3.95190880655254,0.0131233049991141,0.00531812838190765,0.00108540400925328,0.0672494037996729,0,1.79427367000193e-05
303675,2010,2,39.27421786,-85.8955466,16.26,60417,0.166352302323533,-3.70758557319641,658.547667514612,0.381058898742066,186.073771394217,0.0748822383567038,1,68.044619526,3,2,0.0334015972912312,0.00218911096453667,0.0110867880284786,0.00388390640728176,0.0100275408476591,0.83581668138504,0.000988630694337189,0,-1.5,0.25,3.85696924538037,0.0442221653175458,0.00531812838190765,0.00108540400925328,0.0791148611826698,0,0
303676,2010,5,39.27421786,-85.8955466,16.05,60417,0.435755372396887,18.4154663085938,658.547667514612,0.381058898742066,186.073771394217,0.560022089650497,1,68.044619526,3,2,0.0334015972912312,0.00218911096453667,0.0110867880284786,0.00388390640728176,0.0100275408476591,0.83581668138504,0.000988630694337189,0,0.9,-0.18,3.85696924538037,0.0442221653175458,0.00531812838190765,0.00108540400925328,0.0791148611826698,0,3.71902938125523e-06
303677,2010,6,39.27421786,-85.8955466,14.01,60417,0.845168007360617,23.9517555236816,658.547667514612,0.381058898742066,186.073771394217,0.667776324068175,1,68.044619526,3,2,0.0334015972912312,0.00218911096453667,0.0110867880284786,0.00388390640728176,0.0100275408476591,0.83581668138504,0.000988630694337189,0,0.4,-0.79,3.85696924538037,0.0442221653175458,0.00531812838190765,0.00108540400925328,0.0791148611826698,0,1.15328640274718e-05
303678,2010,10,39.27421786,-85.8955466,18.44,60417,0.138681079044027,13.4489755630493,658.547667514612,0.381058898742066,186.073771394217,0.51270202153959,1,68.044619526,3,2,0.0334015972912312,0.00218911096453667,0.0110867880284786,0.00388390640728176,0.0100275408476591,0.83581668138504,0.000988630694337189,0,1.7,-1.6,3.85696924538037,0.0442221653175458,0.00531812838190765,0.00108540400925328,0.0791148611826698,0,0.000140254049957599
303679,2010,11,39.27421786,-85.8955466,18.63,60417,0.561380362175015,6.40494060516357,658.547667514612,0.381058898742066,186.073771394217,0.20206232427037,1,68.044619526,3,2,0.0334015972912312,0.00218911096453667,0.0110867880284786,0.00388390640728176,0.0100275408476591,0.83581668138504,0.000988630694337189,0,1.3,-1.57,3.85696924538037,0.0442221653175458,0.00531812838190765,0.00108540400925328,0.0791148611826698,0,6.79434849704138e-08
303778,2010,1,39.3097722,-85.9905528,8.97,60422,0.191958758127826,-4.01785516738892,639.565173687268,1.1039804920395,186.017260300637,0.0875045121889721,3,51.345144435,6,7,0.0166642926633358,0.00341831636615098,0.715852439403534,0.00505625968798995,0.00790485646575689,0.123629115521908,0.00128186866641045,0.000356074626324698,-1.1,0.05,1.56117657197248,0.0241140474198226,0.00531812838190765,0.00108540400925328,0.0747384678953886,0,0
305436,2010,8,40.02038889,-85.087,25.69,60609,0.187423022998131,23.1841850280762,1148.52752621638,0.590368451269428,212.156010881946,0.711035291495979,1,130.282152429,4,4,0.0129228159785271,0.00211849436163902,0.116022877395153,0.00783842988312244,0.017936585471034,0.685474216938019,0.000847397779580206,0.000494315347168595,1.8,-2.21,21.2100046835667,0.0293990080134857,0.00108847093406951,0.00051408831288414,0.0271932695090026,0,0
306131,2010,2,41.0594909,-85.4452549,52.86,60672,0.129695927574273,-4.02196788787842,868.715702769575,0.971732812703774,222.515048682325,0.0510922599177369,1,138.353018583,2,4,0.0142645295709372,0.00120048015378416,0.0348139256238937,0.00437822192907333,0.0119341854006052,0.816397130489349,0.00120048015378416,7.06164792063646e-05,-1.5,0.25,15.9413138954793,0.0350956783843822,0.00176670034137561,0.000106427731408169,0.0166470839649191,0,0
306132,2010,4,41.0594909,-85.4452549,52.45,60672,0.339559245187649,12.4430522918701,868.715702769575,0.971732812703774,222.515048682325,0.570447026516583,1,138.353018583,2,4,0.0142645295709372,0.00120048015378416,0.0348139256238937,0.00437822192907333,0.0119341854006052,0.816397130489349,0.00120048015378416,7.06164792063646e-05,1.2,-0.04,15.9413138954793,0.0350956783843822,0.00176670034137561,0.000106427731408169,0.0166470839649191,0,0
306133,2010,6,41.0594909,-85.4452549,52.11,60672,0.439572472627222,22.1252880096436,868.715702769575,0.971732812703774,222.515048682325,0.677627954987379,1,138.353018583,2,4,0.0142645295709372,0.00120048015378416,0.0348139256238937,0.00437822192907333,0.0119341854006052,0.816397130489349,0.00120048015378416,7.06164792063646e-05,0.4,-0.79,15.9413138954793,0.0350956783843822,0.00176670034137561,0.000106427731408169,0.0166470839649191,0,0
306134,2010,10,41.0594909,-85.4452549,52.96,60672,0.054330575580027,12.2896881103516,868.715702769575,0.971732812703774,222.515048682325,0.46498110984532,1,138.353018583,2,4,0.0142645295709372,0.00120048015378416,0.0348139256238937,0.00437822192907333,0.0119341854006052,0.816397130489349,0.00120048015378416,7.06164792063646e-05,1.7,-1.6,15.9413138954793,0.0350956783843822,0.00176670034137561,0.000106427731408169,0.0166470839649191,0,0
306135,2010,12,41.0594909,-85.4452549,53.43,60672,0.133248764901438,-4.8734302520752,868.715702769575,0.971732812703774,222.515048682325,0.0658055616863394,1,138.353018583,2,4,0.0142645295709372,0.00120048015378416,0.0348139256238937,0.00437822192907333,0.0119341854006052,0.816397130489349,0.00120048015378416,7.06164792063646e-05,2.9,-2.04,15.9413138954793,0.0350956783843822,0.00176670034137561,0.000106427731408169,0.0166470839649191,0,0
310216,2010,1,37.0039156,-101.3548836,202.74,61196,0.0265162291892295,0.00705787539482117,3133.2021045,0.200807207625831,91.0545312215855,0.113262629743708,3,158.333333574,3,2,0.00593178439885378,0.000847397779580206,0.00430760532617569,0.00444883853197098,0.0443471521139145,0.851493537425995,0,0,-1.1,0.05,167.838482348425,0.0473146019816951,0.0390761555814543,0,0.00823395107011,1,0
310351,2010,1,37.10098056,-102.0134139,128.94,61239,0.0419933433620336,0.581084430217743,3617.09097216666,4.38279670951215,70.224411158468,0.0860779493243574,3,126.607611741,3,2,0.0178749468177557,0.00320467166602612,0.00918672513216734,0.0898732393980026,0.356715559959412,0.011109528131783,0.0843184739351273,0,-1.1,0.05,136.487803328713,0.0100982240373637,0.00939676718912812,0,0.00724623781902095,0,0
310600,2010,2,37.3272456,-100.4173702,221.75,61346,0.0988487435389092,-0.805262446403503,2696.87389579263,0.310700104878838,285.579497606962,0.236300070813931,3,142.454068458,4,2,0.00451945466920733,0.00148294609971344,0.00423698872327805,0.00247157691046596,0.0274698119610548,0.880728781223297,0.00459007127210498,0.000141232958412729,-1.5,0.25,99.2554881385569,0.0336400605386657,0.0225194855816379,0,0.0081309362383311,0,0
310764,2010,1,37.44974076,-97.8219982,18.34,61426,0.0640242620124687,-1.90140664577484,1489.5013146,0.088945274112861,87.2891652877826,0.11751267558661,2,52.657480395,4,2,0.0428713858127594,0.00185158813837916,0.0143854152411222,0.00448654033243656,0.112448371946812,0.708090007305145,0,0.000854579091537744,-1.1,0.05,63.2912531635798,0.0280612856437686,0.00299938076084726,0.000683865452943593,0.0120739009076357,0,0
310784,2010,5,37.6946611,-97.4532889,16.81,61428,0.576270247006206,18.2885665893555,1335.3018393,0.587054080538858,273.941289325074,0.929926776046701,2,73.16272977,4,2,0.927971184253693,0.000635548320133239,0.0221029594540596,0.00127109664026648,0.00790904555469751,0,0,0.00466068787500262,0.9,-0.18,9.38538258019216,0.0250086576427048,0.00801864913810714,0.00537427684456248,0.0502332964933415,0,8.98659619054344e-05
310785,2010,10,37.6946611,-97.4532889,17.83,61428,0.0497743871399125,16.106014251709,1335.3018393,0.587054080538858,273.941289325074,0.748192946001842,2,73.16272977,4,2,0.927971184253693,0.000635548320133239,0.0221029594540596,0.00127109664026648,0.00790904555469751,0,0,0.00466068787500262,1.7,-1.6,9.38538258019216,0.0250086576427048,0.00801864913810714,0.00537427684456248,0.0502332964933415,0,0.000109569320473672
310904,2010,1,37.51140815,-98.6239754,63.91,61502,0.0606363277405804,-1.79337060451508,1866.44041442809,0.673953033404496,213.932584432044,0.123718529736597,3,174.86876667,4,2,0.00473130447790027,0.00169479555916041,0.00529623636975884,0.00331897474825382,0.136925354599953,0.750300109386444,0.00141232961323112,0.000918014266062528,-1.1,0.05,9.37495176734061,0.0100644891172665,0.0172670494316888,0.000150556313694942,0.00988632147910694,0,0
310975,2010,5,37.559464,-99.4087275,138.27,61596,0.245642424628908,17.180103302002,2326.1154891,0.206313306487354,74.7030236126772,0.839487262309767,3,167.716535688,4,2,0.00409575598314404,0.00141232961323112,0.00367205706425011,0.00218911096453667,0.198644161224365,0.704116940498352,0,0,0.9,-0.18,64.3512521555477,0.0265328759856712,0.0116357465141011,0,0.00954076453402638,0,0.000626998214312119
310976,2010,10,37.559464,-99.4087275,138.11,61596,0.0734569896102436,15.2889041900635,2326.1154891,0.206313306487354,74.7030236126772,0.513492795267929,3,167.716535688,4,2,0.00409575598314404,0.00141232961323112,0.00367205706425011,0.00218911096453667,0.198644161224365,0.704116940498352,0,0,1.7,-1.6,64.3512521555477,0.0265328759856712,0.0116357465141011,0,0.00954076453402638,0,0.000453303689884095
310977,2010,12,37.559464,-99.4087275,137.77,61596,0.0206848361362269,0.68698513507843,2326.1154891,0.206313306487354,74.7030236126772,0.153146353526374,3,167.716535688,4,2,0.00409575598314404,0.00141232961323112,0.00367205706425011,0.00218911096453667,0.198644161224365,0.704116940498352,0,0,2.9,-2.04,64.3512521555477,0.0265328759856712,0.0116357465141011,0,0.00954076453402638,0,0
311220,2010,9,37.668,-97.3908694,12.94,61859,0.272417995035933,22.7472801208496,1302.4934403,0.358840778238955,261.30994384555,1.07997133514278,2,78.937007994,4,2,0.959621131420135,0.000427289545768872,0.00256373733282089,0.000712149252649397,0.00947158504277468,7.12149267201312e-05,0,0.00512747466564178,2.2,-2.45,2.02795476264272,0.0273073237273339,0.00801864913810714,0.00537427684456248,0.0619101019755503,0,0
311471,2010,4,37.73325,-98.0817583,19.86,62004,0.128183440155469,15.0049123764038,1581.24259192235,1.19428816742613,111.707762071723,0.669237773640939,3,44.192913453,3,2,0.00586116779595613,0.00183602853212506,0.0108749382197857,0.00459007127210498,0.247157692909241,0.60271167755127,0.00275404285639524,0.00176541204564273,1.2,-0.04,43.7271345357654,0.0232841630332594,0.00801305831253492,0,0.0145154918543746,0,0.000111950850858557
311472,2010,7,37.73325,-98.0817583,25.46,62004,0.738150580219066,27.2880382537842,1581.24259192235,1.19428816742613,111.707762071723,0.962647467046445,3,44.192913453,3,2,0.00586116779595613,0.00183602853212506,0.0108749382197857,0.00459007127210498,0.247157692909241,0.60271167755127,0.00275404285639524,0.00176541204564273,1.8,-1.99,43.7271345357654,0.0232841630332594,0.00801305831253492,0,0.0145154918543746,0,0.000462979029089937
311559,2010,4,37.7369569,-97.462546,18.8533333333333,62021,0.142946368657521,15.4622526168823,1351.7060388,0.320070370991844,59.9718541334968,0.84534392397757,2,85.925196981,2,6,0.417555242776871,0.00310712517239153,0.010804321616888,0.00586116779595613,0.0881999880075455,0.274556875228882,0.00353082409128547,0.010804321616888,1.2,-0.04,6.15478657984672,0.00616698814027933,0.00801864913810714,0.00537427684456248,0.0382899233412743,0,7.53455592652977e-05
311560,2010,7,37.7369569,-97.462546,19.2866666666667,62021,0.370480795795148,27.5089092254639,1351.7060388,0.320070370991844,59.9718541334968,1.29674466147498,2,85.925196981,2,6,0.417555242776871,0.00310712517239153,0.010804321616888,0.00586116779595613,0.0881999880075455,0.274556875228882,0.00353082409128547,0.010804321616888,1.8,-1.99,6.15478657984672,0.00616698814027933,0.00801864913810714,0.00537427684456248,0.0382899233412743,0,0.00019147891544771
311937,2010,4,37.75118056,-100.0878528,29.54,62059,0.0965361396374582,13.4523057937622,2500.42747994224,0.31665628359514,115.650241750387,0.691393305109804,2,78.641732403,3,6,0.0315655656158924,0.00360144046135247,0.00564931845292449,0.00353082409128547,0.316644310951233,0.483511060476303,0.000353082403307781,0.00247157691046596,1.2,-0.04,2.40381915008546,0.0493516936494896,0.0126134542234664,1.43974262175086e-05,0.00732500200424343,0,0.000534815363183961
311938,2010,10,37.75118056,-100.0878528,31.03,62059,0.0691926073640471,15.2348012924194,2500.42747994224,0.31665628359514,115.650241750387,0.519821738485057,2,78.641732403,3,6,0.0315655656158924,0.00360144046135247,0.00564931845292449,0.00353082409128547,0.316644310951233,0.483511060476303,0.000353082403307781,0.00247157691046596,1.7,-1.6,2.40381915008546,0.0493516936494896,0.0126134542234664,1.43974262175086e-05,0.00732500200424343,0,0.000593493675897681
339217,2010,11,38.0000333,-97.5731111,32.73,62859,0.197045021156391,7.08629274368286,1433.2414430027,0.541492186202619,216.261904033517,0.249369839424049,2,178.740157752,3,2,0.00416637258604169,0.00169479555916041,0.00508438656106591,0.00296589219942689,0.0371442697942257,0.862792193889618,0,0.000423698889790103,1.3,-1.57,17.5453030484978,0.0473256887445072,0.0116286049385242,0.000114397165947504,0.0095517511667187,0,0.000282857304678795
339218,2010,12,38.0000333,-97.5731111,32.17,62859,0.00470083334716183,0.369714736938477,1433.2414430027,0.541492186202619,216.261904033517,0.144866645712791,2,178.740157752,3,2,0.00416637258604169,0.00169479555916041,0.00508438656106591,0.00296589219942689,0.0371442697942257,0.862792193889618,0,0.000423698889790103,2.9,-2.04,17.5453030484978,0.0473256887445072,0.0116286049385242,0.000114397165947504,0.0095517511667187,0,0
339382,2010,1,38.00001148,-97.7753262,4.73333333333333,62861,0.0414355252362594,-2.749671459198,1479.6587949,0.277436163362071,290.617945834153,0.105919049641766,2,133.136483142,1,2,0.00571993505582213,0.00176541204564273,0.00967445783317089,0.00416637258604169,0.0671562775969505,0.807993769645691,0.000141232958412729,0.000141232958412729,-1.1,0.05,1.6161375104759,0.0140796826134615,0.00801305831253492,0,0.0105133356447394,0,0
339383,2010,4,38.00001148,-97.7753262,4.39,62861,0.143684014466184,15.049654006958,1479.6587949,0.277436163362071,290.617945834153,0.644648395226605,2,133.136483142,1,2,0.00571993505582213,0.00176541204564273,0.00967445783317089,0.00416637258604169,0.0671562775969505,0.807993769645691,0.000141232958412729,0.000141232958412729,1.2,-0.04,1.6161375104759,0.0140796826134615,0.00801305831253492,0,0.0105133356447394,0,3.74874347840298e-06
339384,2010,7,38.00001148,-97.7753262,2.4,62861,0.651249573663707,27.3846874237061,1479.6587949,0.277436163362071,290.617945834153,0.890057382409625,2,133.136483142,1,2,0.00571993505582213,0.00176541204564273,0.00967445783317089,0.00416637258604169,0.0671562775969505,0.807993769645691,0.000141232958412729,0.000141232958412729,1.8,-1.99,1.6161375104759,0.0140796826134615,0.00801305831253492,0,0.0105133356447394,0,0.000472159528054856
339385,2010,10,38.00001148,-97.7753262,5.31333333333333,62861,0.0450114597544164,15.7689237594604,1479.6587949,0.277436163362071,290.617945834153,0.488961638545546,2,133.136483142,1,2,0.00571993505582213,0.00176541204564273,0.00967445783317089,0.00416637258604169,0.0671562775969505,0.807993769645691,0.000141232958412729,0.000141232958412729,1.7,-1.6,1.6161375104759,0.0140796826134615,0.00801305831253492,0,0.0105133356447394,0,0.000212082311224462
340181,2010,4,38.00140428,-99.2034419,33.79,62880,0.118969231633675,14.3825540542603,2111.06283049762,0.773053216250114,71.4848964896803,0.68911605098671,2,127.9527561,3,2,0.00562597904354334,0.00121065380517393,0.00341831636615098,0.00284859701059759,0.0644495114684105,0.850519895553589,0.00056971941376105,0.000213644772884436,1.2,-0.04,12.6992389166114,0.0117055206573265,0.0135629249978651,7.43435101780378e-05,0.00894782553140074,0,0.00167118547711669
340834,2010,1,38.00918966,-100.8768281,120.8,62900,0.0472002205352142,-1.27632248401642,2870.7349125,0.0598168923318651,162.655175091292,0.111951189887136,3,140.026246932,4,2,0.299202024936676,0.00331897474825382,0.00663794949650764,0.00501377042382956,0.054657157510519,0.505967080593109,0,0.000918014266062528,-1.1,0.05,30.6133241943549,0.0502685206170906,0.0310675710884049,0,0.00735320649414013,0,0
340860,2010,1,38.01155,-98.0597889,41.86,62904,0.0532384995896776,-2.77974271774292,1597.7690313,0.33971982356311,103.375273268485,0.102934149150165,2,85.62992139,4,2,0.0286283995956182,0.00220766267739236,0.00640934333205223,0.00534111959859729,0.0882352963089943,0.719057142734528,7.12149267201312e-05,0.00121065380517393,-1.1,0.05,20.6585866260903,0.0571736171679406,0.00801305831253492,0,0.00987855332785596,0,0
340923,2010,7,38.0125138,-98.3636813,13.2566666666667,62907,0.375389815573194,26.9986362457275,1742.09192302703,0.193153354955114,203.080808858325,0.988009496873996,2,119.816273148,1,2,0.00761999702081084,0.00128186866641045,0.00769121199846268,0.00384560599923134,0.535108983516693,0.31341689825058,0.00890186615288258,0.000854579091537744,1.8,-1.99,11.1624317076035,0.0118059382139752,0.00801305831253492,0,0.0162132897030065,0,0.000723378590382954
340924,2010,10,38.0125138,-98.3636813,16.7966666666667,62907,0.0314570036938242,15.4834699630737,1742.09192302703,0.193153354955114,203.080808858325,0.528488260106277,2,119.816273148,1,2,0.00761999702081084,0.00128186866641045,0.00769121199846268,0.00384560599923134,0.535108983516693,0.31341689825058,0.00890186615288258,0.000854579091537744,1.7,-1.6,11.1624317076035,0.0118059382139752,0.00801305831253492,0,0.0162132897030065,0,0.000174663909968433
344260,2010,4,38.03807857,-101.0723886,134.19,63035,0.191241099430523,12.6797666549683,2972.4409494,0.154696735299251,128.569775861596,0.697818366683377,3,169.061680047,4,2,0.00713226478546858,0.00225972733460367,0.00543746910989285,0.00303650880232453,0.00847397744655609,0.880940616130829,0.000635548320133239,0,1.2,-0.04,34.7817977172403,0.0304113720250967,0.0310675710884049,0,0.00743613586286083,1,0.000124333442873896
344261,2010,10,38.03807857,-101.0723886,151.49,63035,0.0288562168099385,14.6126518249512,2972.4409494,0.154696735299251,128.569775861596,0.54250667183903,3,169.061680047,4,2,0.00713226478546858,0.00225972733460367,0.00543746910989285,0.00303650880232453,0.00847397744655609,0.880940616130829,0.000635548320133239,0,1.7,-1.6,34.7817977172403,0.0304113720250967,0.0310675710884049,0,0.00743613586286083,1,0.00171066473999488
348538,2010,12,38.11223605,-98.6889734,13.7,63211,0,0.117582969367504,1872.83403636069,0.726887212389133,140.695041271471,0.132971974071862,2,145.833333555,1,2,0.00632002297788858,0.00136455043684691,0.00581729365512729,0.00359092210419476,0.227089911699295,0.649095058441162,0.000359092227881774,0.000646365981083363,2.9,-2.04,13.3752431972687,0.0289055552201175,0.0160155900136571,3.61934237596772e-06,0.0102726899910718,0,0
352187,2010,2,38.18862439,-98.7317523,6.64,63364,0.0678373760844011,-0.940649271011353,1876.6404228,0.284043904385369,219.232690646831,0.13976182232972,2,127.198162923,1,2,0.00706164818257093,0.00204787799157202,0.00692041544243693,0.00430760532617569,0.164536401629448,0.672551393508911,0.00946260895580053,0,-1.5,0.25,0.523388279013942,0.00972781661668917,0.0160155900136571,3.61934237596772e-06,0.00928128363437951,0,0
354365,2010,1,39.00166825,-95.2233053,18.36,63846,0.0385845146114882,-4.75941467285156,826.551409215938,0.670516732969032,156.47205305459,0.119583538066977,2,97.76902902,3,2,0.172374829649925,0.00296589219942689,0.0424405038356781,0.00635548355057836,0.0143351461738348,0.596426784992218,0.00451945466920733,0.0180072020739317,-1.1,0.05,12.7403715970613,0.0424364163597789,0.000884999060383188,0.00489174138170707,0.0253033955397705,0,0
354366,2010,4,39.00166825,-95.2233053,16.32,63846,0.395106543993835,15.4374713897705,826.551409215938,0.670516732969032,156.47205305459,0.732440949599638,2,97.76902902,3,2,0.172374829649925,0.00296589219942689,0.0424405038356781,0.00635548355057836,0.0143351461738348,0.596426784992218,0.00451945466920733,0.0180072020739317,1.2,-0.04,12.7403715970613,0.0424364163597789,0.000884999060383188,0.00489174138170707,0.0253033955397705,0,0
354367,2010,7,39.00166825,-95.2233053,16.28,63846,0.516032472528777,26.642448425293,826.551409215938,0.670516732969032,156.47205305459,0.970211681328827,2,97.76902902,3,2,0.172374829649925,0.00296589219942689,0.0424405038356781,0.00635548355057836,0.0143351461738348,0.596426784992218,0.00451945466920733,0.0180072020739317,1.8,-1.99,12.7403715970613,0.0424364163597789,0.000884999060383188,0.00489174138170707,0.0253033955397705,0,4.7522877136302e-05
354368,2010,9,39.00166825,-95.2233053,18.84,63846,0.303667674688911,20.746021270752,826.551409215938,0.670516732969032,156.47205305459,0.748946924421854,2,97.76902902,3,2,0.172374829649925,0.00296589219942689,0.0424405038356781,0.00635548355057836,0.0143351461738348,0.596426784992218,0.00451945466920733,0.0180072020739317,2.2,-2.45,12.7403715970613,0.0424364163597789,0.000884999060383188,0.00489174138170707,0.0253033955397705,0,8.15385489994567e-05
354369,2010,10,39.00166825,-95.2233053,18.92,63846,0.143665066133937,14.9481153488159,826.551409215938,0.670516732969032,156.47205305459,0.626698842838527,2,97.76902902,3,2,0.172374829649925,0.00296589219942689,0.0424405038356781,0.00635548355057836,0.0143351461738348,0.596426784992218,0.00451945466920733,0.0180072020739317,1.7,-1.6,12.7403715970613,0.0424364163597789,0.000884999060383188,0.00489174138170707,0.0253033955397705,0,0
354370,2010,12,39.00166825,-95.2233053,19.44,63846,0.0209360173060535,-0.676691770553589,826.551409215938,0.670516732969032,156.47205305459,0.159627358987097,2,97.76902902,3,2,0.172374829649925,0.00296589219942689,0.0424405038356781,0.00635548355057836,0.0143351461738348,0.596426784992218,0.00451945466920733,0.0180072020739317,2.9,-2.04,12.7403715970613,0.0424364163597789,0.000884999060383188,0.00489174138170707,0.0253033955397705,0,0
354548,2010,12,39.06000848,-100.5504176,101.5,63905,0.0132139023408468,-0.73329883813858,2854.24832208942,0.807982693185821,226.679165195861,0.132886756638393,3,150.000000228,4,2,0.0047714002430439,0.000640934333205223,0.00263495231047273,0.00249252235516906,0.132459759712219,0.788064360618591,0,0,2.9,-2.04,99.3036098938345,0.114603421087255,0.00240257612160659,0,0.00710782885794838,0,0
355923,2010,2,39.1769495,-101.4187745,207.35,64089,0.0447485203559595,-1.75732207298279,3423.36707804592,0.323107408963613,126.039211658175,0.14382816697003,3,238.451443932,4,2,0,0,0,0,0.288468331098557,0.683779418468475,7.06164792063646e-05,0,-1.5,0.25,77.9032833552595,0.0366445572115396,0.0134977753418071,0,0.00716780108372991,0,0
356621,2010,3,39.68693819,-101.9899045,26.76,64519,0.127130493597597,4.95049095153809,3488.69706668882,3.59615288138786,103.187925022503,0.343776488138331,3,170.078740416,3,2,0.00548354955390096,0.00121065380517393,0.00334710162132978,0.00213644769974053,0.736647188663483,0.094359777867794,0.0371029749512672,0,-0.7,-0.16,27.0836779237647,0.0252518725613159,0.00603765793400191,0,0.00625520525431881,0,0
366715,2010,3,37.65701,-100.6648,263.368387096774,65251,0.205261889091365,6.35988426208496,2835.58849501768,1.40812912384776,249.69774889211,0.385810997815981,3,185.597113143,4,2,0.00612448388710618,0.00106822384987026,0.00405925093218684,0.00327588664367795,0.0174476578831673,0.897806584835052,0,0,-0.7,-0.16,43.4227847711772,0.00406250583238892,0.0494434833350285,0,0.0081678173875312,0,0
366717,2010,5,37.65701,-100.6648,286.123870967742,65251,0.243833472154443,16.4908428192139,2835.58849501768,1.40812912384776,249.69774889211,0.889351713476056,3,185.597113143,4,2,0.00612448388710618,0.00106822384987026,0.00405925093218684,0.00327588664367795,0.0174476578831673,0.897806584835052,0,0,0.9,-0.18,43.4227847711772,0.00406250583238892,0.0494434833350285,0,0.0081678173875312,0,0.00191216074887179
390646,2010,1,37.97034955,-85.9657971,46.21,67061,0.305990810308715,-1.48345267772675,439.6325466,0.583819940275846,258.902640203468,0.158391787551979,1,44.324147049,3,2,0.0202250387519598,0.0392394252121449,0.642785906791687,0.00576840899884701,0.00769121199846268,0.0732089430093765,0.0572567991912365,7.12149267201312e-05,-1.1,0.05,1.61900793954305,0.0159672337928069,0.00195420299799707,0.00187201689060467,0.0851938311524192,0,0
390647,2010,2,37.97034955,-85.9657971,45.61,67061,0.225118652445634,-1.41695356369019,439.6325466,0.583819940275846,258.902640203468,0.167361394881277,1,44.324147049,3,2,0.0202250387519598,0.0392394252121449,0.642785906791687,0.00576840899884701,0.00769121199846268,0.0732089430093765,0.0572567991912365,7.12149267201312e-05,-1.5,0.25,1.61900793954305,0.0159672337928069,0.00195420299799707,0.00187201689060467,0.0851938311524192,0,0
390648,2010,3,37.97034955,-85.9657971,46,67061,0.139783123559235,8.53842353820801,439.6325466,0.583819940275846,258.902640203468,0.464219471993779,1,44.324147049,3,2,0.0202250387519598,0.0392394252121449,0.642785906791687,0.00576840899884701,0.00769121199846268,0.0732089430093765,0.0572567991912365,7.12149267201312e-05,-0.7,-0.16,1.61900793954305,0.0159672337928069,0.00195420299799707,0.00187201689060467,0.0851938311524192,0,0
390649,2010,5,37.97034955,-85.9657971,44.76,67061,0.481833010627451,20.1176280975342,439.6325466,0.583819940275846,258.902640203468,0.747495587301173,1,44.324147049,3,2,0.0202250387519598,0.0392394252121449,0.642785906791687,0.00576840899884701,0.00769121199846268,0.0732089430093765,0.0572567991912365,7.12149267201312e-05,0.9,-0.18,1.61900793954305,0.0159672337928069,0.00195420299799707,0.00187201689060467,0.0851938311524192,0,0
390650,2010,7,37.97034955,-85.9657971,45.75,67061,0.378645925021067,26.5857315063477,439.6325466,0.583819940275846,258.902640203468,0.86643529508031,1,44.324147049,3,2,0.0202250387519598,0.0392394252121449,0.642785906791687,0.00576840899884701,0.00769121199846268,0.0732089430093765,0.0572567991912365,7.12149267201312e-05,1.8,-1.99,1.61900793954305,0.0159672337928069,0.00195420299799707,0.00187201689060467,0.0851938311524192,0,0
390651,2010,8,37.97034955,-85.9657971,46.8,67061,0.174179552998808,26.5601959228516,439.6325466,0.583819940275846,258.902640203468,0.944149289101968,1,44.324147049,3,2,0.0202250387519598,0.0392394252121449,0.642785906791687,0.00576840899884701,0.00769121199846268,0.0732089430093765,0.0572567991912365,7.12149267201312e-05,1.8,-2.21,1.61900793954305,0.0159672337928069,0.00195420299799707,0.00187201689060467,0.0851938311524192,0,0
391897,2010,1,37.99340657,-86.0035757,36.92,67104,0.30010884247988,-1.58885085582733,417.861123223678,1.65216413588637,232.663532318183,0.158391787551979,2,46.456692984,3,2,0.0158097129315138,0.00420168088749051,0.472439825534821,0.0067654182203114,0.0116080334410071,0.174476563930511,0.0359635390341282,0.121136590838432,-1.1,0.05,8.04394328346326,0.0114015769117202,0.00372934332738809,0.000558736336802496,0.0763123705046376,0,0
391898,2010,2,37.99340657,-86.0035757,32.17,67104,0.212153662856371,-1.52030754089355,417.861123223678,1.65216413588637,232.663532318183,0.167361394881277,2,46.456692984,3,2,0.0158097129315138,0.00420168088749051,0.472439825534821,0.0067654182203114,0.0116080334410071,0.174476563930511,0.0359635390341282,0.121136590838432,-1.5,0.25,8.04394328346326,0.0114015769117202,0.00372934332738809,0.000558736336802496,0.0763123705046376,0,0
391899,2010,4,37.99340657,-86.0035757,25.69,67104,0.427851439798444,15.8897953033447,417.861123223678,1.65216413588637,232.663532318183,0.736650182687283,2,46.456692984,3,2,0.0158097129315138,0.00420168088749051,0.472439825534821,0.0067654182203114,0.0116080334410071,0.174476563930511,0.0359635390341282,0.121136590838432,1.2,-0.04,8.04394328346326,0.0114015769117202,0.00372934332738809,0.000558736336802496,0.0763123705046376,0,0
391900,2010,5,37.99340657,-86.0035757,30.55,67104,0.496842893219266,20.0026931762695,417.861123223678,1.65216413588637,232.663532318183,0.747495587301173,2,46.456692984,3,2,0.0158097129315138,0.00420168088749051,0.472439825534821,0.0067654182203114,0.0116080334410071,0.174476563930511,0.0359635390341282,0.121136590838432,0.9,-0.18,8.04394328346326,0.0114015769117202,0.00372934332738809,0.000558736336802496,0.0763123705046376,0,0
391901,2010,7,37.99340657,-86.0035757,38.55,67104,0.340718497646516,26.4697284698486,417.861123223678,1.65216413588637,232.663532318183,0.86643529508031,2,46.456692984,3,2,0.0158097129315138,0.00420168088749051,0.472439825534821,0.0067654182203114,0.0116080334410071,0.174476563930511,0.0359635390341282,0.121136590838432,1.8,-1.99,8.04394328346326,0.0114015769117202,0.00372934332738809,0.000558736336802496,0.0763123705046376,0,0
391902,2010,8,37.99340657,-86.0035757,39.57,67104,0.142354539902367,26.4385528564453,417.861123223678,1.65216413588637,232.663532318183,0.944149289101968,2,46.456692984,3,2,0.0158097129315138,0.00420168088749051,0.472439825534821,0.0067654182203114,0.0116080334410071,0.174476563930511,0.0359635390341282,0.121136590838432,1.8,-2.21,8.04394328346326,0.0114015769117202,0.00372934332738809,0.000558736336802496,0.0763123705046376,0,0
395008,2010,1,36.86950094,-88.6536606,8.05548387096774,67527,0.30385422940521,-0.775941789150238,422.33605849894,1.67905785404184,96.7863631723332,0.128868170806443,3,117.191601228,3,4,0.0340371429920197,0.00374267343431711,0.05910599604249,0.00875644385814667,0.0230915900319815,0.642680585384369,0.00473130447790027,0.000353082403307781,-1.1,0.05,4.78606407825426,0.0121597893836404,0.00196098287843021,0.000661411879944839,0.0649379067246119,0,0
395009,2010,2,36.86950094,-88.6536606,7.38285714285714,67527,0.165018071903538,0.577486097812653,422.33605849894,1.67905785404184,96.7863631723332,0.151521114769912,3,117.191601228,3,4,0.0340371429920197,0.00374267343431711,0.05910599604249,0.00875644385814667,0.0230915900319815,0.642680585384369,0.00473130447790027,0.000353082403307781,-1.5,0.25,4.78606407825426,0.0121597893836404,0.00196098287843021,0.000661411879944839,0.0649379067246119,0,0
395010,2010,3,36.86950094,-88.6536606,7.42451612903226,67527,0.381021925736916,9.24601078033447,422.33605849894,1.67905785404184,96.7863631723332,0.336088721718601,3,117.191601228,3,4,0.0340371429920197,0.00374267343431711,0.05910599604249,0.00875644385814667,0.0230915900319815,0.642680585384369,0.00473130447790027,0.000353082403307781,-0.7,-0.16,4.78606407825426,0.0121597893836404,0.00196098287843021,0.000661411879944839,0.0649379067246119,0,0
395318,2010,12,29.59583333,-90.7194444,6,67549,0.18156160547415,9.99577331542969,12.7173765451485,0.256178967124128,96.8719956020017,0.460247781406828,3,53.838582759,2,5,0.764847099781036,0.00141232961323112,0.00346020772121847,0.0026128098834306,0.00656733289361,0.0251394677907228,0.0581879802048206,0.0322011150419712,2.9,-2.04,2.44662126903012,0.0321849721964933,6.36561826889682e-05,0.000546817044738022,0.0833823964647452,0,0
395336,2010,9,30.07055556,-90.8927778,8,67645,0.176082295963273,26.8781032562256,27.7449814841351,0.80380662810497,185.448417167696,0.653091141299226,3,64.337270439,4,6,0.0858696401119232,0.00169479555916041,0.00769719667732716,0.00656733289361,0.0118635687977076,0.568392038345337,0.0696278512477875,0.0761245638132095,2.2,-2.45,6.37131726990595,0,0.00161587702555854,0.10783134291685,0,0,0
395344,2010,12,30.1236111,-91.23,3,67731,0.22513657451418,9.77058124542236,3.2808399,0.141999807787856,200.082620317898,0.430458049477295,3,45.570866211,4,6,0.00395452277734876,0.000564931833650917,0.00148294609971344,0.000847397779580206,0.00473130447790027,0.00282465922646224,0.884188950061798,0.000141232958412729,2.9,-2.04,1.46498781634032,0.000696683862843736,0.00459353100722713,0.101460855384092,0.0138150891823322,0,0
395381,2010,7,30.20166667,-91.0875,5,67888,0.281843926765537,28.6180458068848,22.9658793,0.265360836602515,98.6602237387972,0.827661750829999,3,71.981627406,4,6,0.0790198445320129,0.00183602853212506,0.00444883853197098,0.00395452277734876,0.0210437122732401,0.400889754295349,0.0762657970190048,0.239601716399193,1.8,-1.99,3.42119123886269,0.00301705573566532,0.00459353100722713,0.101460855384092,0.0353444954210023,0,0
395585,2010,3,30.3893604,-89.8978476,1.48,68477,0.280361976949562,12.9170999526978,26.2467192,0.462141594026039,320.191416410064,0.650343558030922,3,24.475065654,6,6,0.0478073582053185,0.00557870185002685,0.332391768693924,0.0964621156454086,0.0434997528791428,0.00699103157967329,0.216086432337761,0.00734411412850022,-0.7,-0.16,0.3402401011456,0.0117963048535931,0.00471999721319853,9.92986790995482e-06,0.0950439161971211,0,0
395586,2010,6,30.3893604,-89.8978476,7.57,68477,0.599741849033711,28.0777893066406,26.2467192,0.462141594026039,320.191416410064,0.95280715005878,3,24.475065654,6,6,0.0478073582053185,0.00557870185002685,0.332391768693924,0.0964621156454086,0.0434997528791428,0.00699103157967329,0.216086432337761,0.00734411412850022,0.4,-0.79,0.3402401011456,0.0117963048535931,0.00471999721319853,9.92986790995482e-06,0.0950439161971211,0,0
395587,2010,8,30.3893604,-89.8978476,8.74,68477,0.87139640399892,28.5145225524902,26.2467192,0.462141594026039,320.191416410064,0.80305269818958,3,24.475065654,6,6,0.0478073582053185,0.00557870185002685,0.332391768693924,0.0964621156454086,0.0434997528791428,0.00699103157967329,0.216086432337761,0.00734411412850022,1.8,-2.21,0.3402401011456,0.0117963048535931,0.00471999721319853,9.92986790995482e-06,0.0950439161971211,0,0
395588,2010,11,30.3893604,-89.8978476,9.38,68477,0.310408099588749,15.4727630615234,26.2467192,0.462141594026039,320.191416410064,0.504004061205949,3,24.475065654,6,6,0.0478073582053185,0.00557870185002685,0.332391768693924,0.0964621156454086,0.0434997528791428,0.00699103157967329,0.216086432337761,0.00734411412850022,1.3,-1.57,0.3402401011456,0.0117963048535931,0.00471999721319853,9.92986790995482e-06,0.0950439161971211,0,0
395617,2010,10,30.4236111,-91.3258333,6,68588,0.139413768749936,20.3435478210449,9.8425197,0.126976639381087,213.27552147044,0.709837116108916,3,37.204724466,2,5,0.00218911096453667,0.000564931833650917,0.00141232961323112,0.00169479555916041,0.00225972733460367,0.0191370658576488,0.807640731334686,0.0109455548226833,1.7,-1.6,0.304877416271268,0.00912604696262487,0.00711585810104815,0.000515334961683051,0.0139237944115202,0,0
395759,2010,2,30.4724146,-90.3248066,4.02,68710,0.580238533401366,7.36810207366943,22.9658793,0.0319685794790753,135.549208884996,0.395486837272343,3,41.108923947,6,5,0.05910599604249,0.00416637258604169,0.196878746151924,0.0236565209925175,0.036085020750761,0.00988630764186382,0.407951414585114,0.0092507591471076,-1.5,0.25,6.80075543854122,0.013801238090138,0.0035935259878916,3.25042551668586e-05,0.0421101548874378,0,0
395760,2010,8,30.4724146,-90.3248066,4.8,68710,0.996847179255991,28.3885173797607,22.9658793,0.0319685794790753,135.549208884996,0.829617509075441,3,41.108923947,6,5,0.05910599604249,0.00416637258604169,0.196878746151924,0.0236565209925175,0.036085020750761,0.00988630764186382,0.407951414585114,0.0092507591471076,1.8,-2.21,6.80075543854122,0.013801238090138,0.0035935259878916,3.25042551668586e-05,0.0421101548874378,0,0
395953,2010,3,30.50131179,-92.9032046,31.13,68810,0.249154173861774,13.3906002044678,39.3700788,0.163367331799743,180.275733551584,0.589633001387727,3,64.501312434,6,5,0.0672220662236214,0.016015512868762,0.118213154375553,0.0220482628792524,0.0132145937532187,0.105716750025749,0.416475147008896,0.0242746341973543,-0.7,-0.16,5.65791811451393,0.00453051144743756,0.00413278926078947,0.000467544082660872,0.0615473709690571,0,9.24932925732298e-05
395954,2010,5,30.50131179,-92.9032046,32.97,68810,0.33441245763151,25.785400390625,39.3700788,0.163367331799743,180.275733551584,1.08712934924589,3,64.501312434,6,5,0.0672220662236214,0.016015512868762,0.118213154375553,0.0220482628792524,0.0132145937532187,0.105716750025749,0.416475147008896,0.0242746341973543,0.9,-0.18,5.65791811451393,0.00453051144743756,0.00413278926078947,0.000467544082660872,0.0615473709690571,0,0.001244762375346
395955,2010,7,30.50131179,-92.9032046,34.28,68810,0.746544516188805,28.7244873046875,39.3700788,0.163367331799743,180.275733551584,1.00217864421678,3,64.501312434,6,5,0.0672220662236214,0.016015512868762,0.118213154375553,0.0220482628792524,0.0132145937532187,0.105716750025749,0.416475147008896,0.0242746341973543,1.8,-1.99,5.65791811451393,0.00453051144743756,0.00413278926078947,0.000467544082660872,0.0615473709690571,0,0.00126954038782867
395956,2010,12,30.50131179,-92.9032046,35.51,68810,0.390089641373007,10.2184391021729,39.3700788,0.163367331799743,180.275733551584,0.464565698323558,3,64.501312434,6,5,0.0672220662236214,0.016015512868762,0.118213154375553,0.0220482628792524,0.0132145937532187,0.105716750025749,0.416475147008896,0.0242746341973543,2.9,-2.04,5.65791811451393,0.00453051144743756,0.00413278926078947,0.000467544082660872,0.0615473709690571,0,0.000146509100128698
397359,2010,1,30.7635333,-93.5348952,12.55,69880,0.390222429883669,7.947829246521,80.1332250033351,0.617174299218229,65.3626499668295,0.34500327375493,3,41.535433134,1,1,0.116517193615437,0.00480192061513662,0.333239167928696,0.103100061416626,0.0410987921059132,0.0148294614627957,0.153167143464088,0.000211849444895051,-1.1,0.05,2.29573195410923,0.001768789253453,0.00342253694806325,1.23379125741285e-05,0.097797021518151,0,0
397360,2010,4,30.7635333,-93.5348952,11.66,69880,0.0390069472788188,19.8202705383301,80.1332250033351,0.617174299218229,65.3626499668295,0.898347590653033,3,41.535433134,1,1,0.116517193615437,0.00480192061513662,0.333239167928696,0.103100061416626,0.0410987921059132,0.0148294614627957,0.153167143464088,0.000211849444895051,1.2,-0.04,2.29573195410923,0.001768789253453,0.00342253694806325,1.23379125741285e-05,0.097797021518151,0,0
412079,2010,6,42.00359167,-71.2709833,20.06,81015,0.242580253989821,20.7100315093994,157.4803152,0.32723393848554,110.289873698075,0.745098836033894,2,38.943569613,1,3,0.493020951747894,0.0235009249299765,0.16934908926487,0.00626691337674856,0.00669420324265957,0.00398803595453501,0.0746332406997681,0.034468024969101,0.4,-0.79,4.99878304345218,0.0139241737859285,0.00618713228702837,0.216211783376693,0.161505696477691,0,0
412084,2010,9,42.0117333,-70.7150917,32.39,81030,0.253922420296944,19.9946746826172,63.5306078600356,3.54328106221142,40.6841284417158,0.67621221169557,8,35.334645723,1,3,0.377515703439713,0.00529623636975884,0.0776075124740601,0.00353082409128547,0.010804321616888,0.0107337050139904,0.05910599604249,0.273215174674988,2.2,-2.45,26.7464251436694,0.00974047842881471,0.0244677412273196,0.104714009366719,0.152013099166552,0,4.10206122154373e-07
412095,2010,8,42.0261583,-70.72315,10.44,81043,0.478997368927382,22.7220077514648,77.6159818051013,2.96478035505575,133.626689949154,0.928419019453253,8,38.943569613,1,4,0.190028950572014,0.0126403504982591,0.324553340673447,0.00741473073139787,0.011016171425581,0.0353082418441772,0.0651083961129189,0.0341783761978149,1.8,-2.21,19.2151920981131,0.0017204872617654,0.0244677412273196,0.104714009366719,0.147546140255928,0,3.82659012474179e-06
412221,2010,1,42.0539854,-71.8606272,15.09,81134,0.313653721122208,-3.38923025131226,486.057638767845,1.73294771203445,174.263157034635,0.137247188406275,8,50.164042071,1,1,0.503071844577789,0.00571993505582213,0.21283808350563,0.00466068787500262,0.015465009957552,0.00317774177528918,0.0367911867797375,0.0376385860145092,-1.1,0.05,5.9922903945473,0.000501250553127386,0.00380688048707994,0.0219057322500147,0,0,0
412222,2010,2,42.0539854,-71.8606272,14.94,81134,0.439870589717134,-1.59343254566193,486.057638767845,1.73294771203445,174.263157034635,0.200978752501792,8,50.164042071,1,1,0.503071844577789,0.00571993505582213,0.21283808350563,0.00466068787500262,0.015465009957552,0.00317774177528918,0.0367911867797375,0.0376385860145092,-1.5,0.25,5.9922903945473,0.000501250553127386,0.00380688048707994,0.0219057322500147,0,0,0
412223,2010,3,42.0539854,-71.8606272,11.9,81134,0.983362374586441,5.64575242996216,486.057638767845,1.73294771203445,174.263157034635,0.424750321200339,8,50.164042071,1,1,0.503071844577789,0.00571993505582213,0.21283808350563,0.00466068787500262,0.015465009957552,0.00317774177528918,0.0367911867797375,0.0376385860145092,-0.7,-0.16,5.9922903945473,0.000501250553127386,0.00380688048707994,0.0219057322500147,0,0,0
432180,2010,2,38.7562222,-76.6347222,25.23,82360,0.29725320115304,0.359135270118713,140.65630288767,2.02965838233291,159.581239079278,0.241593964510911,2,62.467191696,5,4,0.0890186578035355,0.00868822075426579,0.437188446521759,0.00883065070956945,0.0174476578831673,0.10055547952652,0.0385272763669491,7.12149267201312e-05,-1.5,0.25,53.5749263526472,0.00955032242846006,0.00527221299402035,2.16296190116393,0.0833427806248268,0,0
433779,2010,3,39.2389955,-79.4467175,67.5,83304,0.296839341542242,3.22753930091858,2684.98415099501,7.12419156544034,170.001670119462,0.311439920132861,3,41.863517124,1,2,0.00997008942067623,0.0305512044578791,0.686511874198914,0.0114656034857035,0.0875943601131439,0.0150263495743275,0.00769121199846268,0.000213644772884436,-0.7,-0.16,17.4651590497619,0.00469374908151114,0.000601427390715449,0.00109131733806185,0.142257971546451,0,0
433780,2010,5,39.2389955,-79.4467175,72.75,83304,0.476155219213596,14.8339805603027,2684.98415099501,7.12419156544034,170.001670119462,0.649842440974663,3,41.863517124,1,2,0.00997008942067623,0.0305512044578791,0.686511874198914,0.0114656034857035,0.0875943601131439,0.0150263495743275,0.00769121199846268,0.000213644772884436,0.9,-0.18,17.4651590497619,0.00469374908151114,0.000601427390715449,0.00109131733806185,0.142257971546451,0,0
433781,2010,8,39.2389955,-79.4467175,84,83304,0.247824386412682,19.9657554626465,2684.98415099501,7.12419156544034,170.001670119462,0.752590110500995,3,41.863517124,1,2,0.00997008942067623,0.0305512044578791,0.686511874198914,0.0114656034857035,0.0875943601131439,0.0150263495743275,0.00769121199846268,0.000213644772884436,1.8,-2.21,17.4651590497619,0.00469374908151114,0.000601427390715449,0.00109131733806185,0.142257971546451,0,0
433782,2010,9,39.2389955,-79.4467175,86,83304,0.378264079831595,15.9044389724731,2684.98415099501,7.12419156544034,170.001670119462,0.802648600599358,3,41.863517124,1,2,0.00997008942067623,0.0305512044578791,0.686511874198914,0.0114656034857035,0.0875943601131439,0.0150263495743275,0.00769121199846268,0.000213644772884436,2.2,-2.45,17.4651590497619,0.00469374908151114,0.000601427390715449,0.00109131733806185,0.142257971546451,0,0
433783,2010,11,39.2389955,-79.4467175,84.61,83304,0.437248510990292,3.66845488548279,2684.98415099501,7.12419156544034,170.001670119462,0.238086896041756,3,41.863517124,1,2,0.00997008942067623,0.0305512044578791,0.686511874198914,0.0114656034857035,0.0875943601131439,0.0150263495743275,0.00769121199846268,0.000213644772884436,1.3,-1.57,17.4651590497619,0.00469374908151114,0.000601427390715449,0.00109131733806185,0.142257971546451,0,0
438505,2010,1,39.67338889,-78.4592778,6.5,86045,0.248588602438889,-2.10913944244385,739.878462237011,0.739458410906707,35.9819371415591,0.0809573815542543,3,35.793963309,1,2,0.0490784533321857,0.00586116779595613,0.825577318668365,0.00155356258619577,0.00374267343431711,0.00480192061513662,0,0.000141232958412729,-1.1,0.05,6.7102064399889,0.00491195641976932,0.000447123371142,0.01373307497079,0.053468909218808,0,0
445718,2010,2,44.4728514,-69.1364277,2.03,86442,0.382216571778078,-2.35394620895386,334.512060744024,2.48598529506563,220.239570352224,0.0832434903306278,6,23.982939669,6,4,0.0337558761239052,0.00434411037713289,0.520794749259949,0.0158809293061495,0.013744480907917,0.0821820273995399,0.0885913670063019,0.00356074632145464,-1.5,0.25,43.1213166799707,0.0153706033703778,0.000689201539731136,7.65779488590151e-05,0.151791798012257,0,0
445719,2010,5,44.4728514,-69.1364277,4.19,86442,0.144731404181574,13.7605390548706,334.512060744024,2.48598529506563,220.239570352224,0.75737074719305,6,23.982939669,6,4,0.0337558761239052,0.00434411037713289,0.520794749259949,0.0158809293061495,0.013744480907917,0.0821820273995399,0.0885913670063019,0.00356074632145464,0.9,-0.18,43.1213166799707,0.0153706033703778,0.000689201539731136,7.65779488590151e-05,0.151791798012257,0,0
445720,2010,6,44.4728514,-69.1364277,3.13,86442,0.466660978370778,16.9514636993408,334.512060744024,2.48598529506563,220.239570352224,0.655184418880687,6,23.982939669,6,4,0.0337558761239052,0.00434411037713289,0.520794749259949,0.0158809293061495,0.013744480907917,0.0821820273995399,0.0885913670063019,0.00356074632145464,0.4,-0.79,43.1213166799707,0.0153706033703778,0.000689201539731136,7.65779488590151e-05,0.151791798012257,0,0
445721,2010,10,44.4728514,-69.1364277,6.23,86442,0.631501106160782,8.83869647979736,334.512060744024,2.48598529506563,220.239570352224,0.410172470596088,6,23.982939669,6,4,0.0337558761239052,0.00434411037713289,0.520794749259949,0.0158809293061495,0.013744480907917,0.0821820273995399,0.0885913670063019,0.00356074632145464,1.7,-1.6,43.1213166799707,0.0153706033703778,0.000689201539731136,7.65779488590151e-05,0.151791798012257,0,0
445761,2010,6,44.7797763,-70.9225736,6.4,86446,0.444893324519485,14.8196239471436,1476.28039629933,2.82999235380462,34.5305807519417,0.596668664832948,7,51.738845223,6,2,0.0144763784483075,0.00247157691046596,0.455900013446808,0.00254219328053296,0.00204787799157202,0.000918014266062528,0.00960384123027325,0.428571432828903,0.4,-0.79,13.50066638856,0.00506644129001726,0.000341823590953592,0.00212036413189201,0.133112628012697,0,0
445762,2010,10,44.7797763,-70.9225736,6.26,86446,0.467527245058241,5.74416446685791,1476.28039629933,2.82999235380462,34.5305807519417,0.306237589182724,7,51.738845223,6,2,0.0144763784483075,0.00247157691046596,0.455900013446808,0.00254219328053296,0.00204787799157202,0.000918014266062528,0.00960384123027325,0.428571432828903,1.7,-1.6,13.50066638856,0.00506644129001726,0.000341823590953592,0.00212036413189201,0.133112628012697,0,0
445812,2010,4,44.31966227,-69.70564351,10.48,86577,0.226014555626335,8.69065952301025,306.597800885355,4.80178042238632,282.558347513558,0.550985862788471,7,30.150918681,6,2,0.0276110451668501,0.00939199235290289,0.501023948192596,0.00797966215759516,0.0315655656158924,0.0589647628366947,0.12597981095314,0.00388390640728176,1.2,-0.04,54.1528630015966,0.0138983561388092,0.00134904460457923,0.000595878446417285,0.126169874660472,0,0
445813,2010,7,44.31966227,-69.70564351,13.63,86577,0.300798942242171,21.6629962921143,306.597800885355,4.80178042238632,282.558347513558,0.720072920084038,7,30.150918681,6,2,0.0276110451668501,0.00939199235290289,0.501023948192596,0.00797966215759516,0.0315655656158924,0.0589647628366947,0.12597981095314,0.00388390640728176,1.8,-1.99,54.1528630015966,0.0138983561388092,0.00134904460457923,0.000595878446417285,0.126169874660472,0,0
445953,2010,9,44.49758411,-70.24160034,25.81,86580,0.470133854737093,15.1272401809692,564.150824092386,4.90860981933026,101.22195983906,0.522992993446381,8,48.851706111,3,2,0.0770425796508789,0.00692041544243693,0.62629759311676,0.00790904555469751,0.00720288092270494,0.0206200126558542,0.0173010379076004,0.062354352325201,2.2,-2.45,60.4566001809797,0.028175741311167,0.00026645194051185,0.00295736906109902,0.149936697901686,0,0
446198,2010,4,45.37032543,-70.02521893,8.9,86585,0.272541697358212,6.50679349899292,1075.63122563547,5.19449029437249,75.8386922146928,0.615538049867551,7,41.076115548,1,2,0.00918672513216734,0.00263495231047273,0.654251515865326,0.048853438347578,0.0190143845975399,0.00327588664367795,0.082110807299614,0,1.2,-0.04,48.5688871085638,0.022351885832236,0.000657880957096729,0.00190405930852034,0.127150509289404,0,0
446240,2010,4,46.85871278,-67.90304517,20.79,86586,0.241172495530227,6.52488470077515,626.369911339113,3.40732813156284,281.795463830547,0.586678513344846,1,26.345144397,3,2,0.0113943880423903,0.00149551348295063,0.170417323708534,0.0113231735303998,0.0163082182407379,0.510183751583099,0.104187436401844,0.000284859706880525,1.2,-0.04,58.668573473699,0.0180026217989519,0.000171088865391156,0.000313943853981309,0.106444315233926,0,0
446241,2010,8,46.85871278,-67.90304517,41.75,86586,0.153769796209703,18.3074150085449,626.369911339113,3.40732813156284,281.795463830547,0.640199216679355,1,26.345144397,3,2,0.0113943880423903,0.00149551348295063,0.170417323708534,0.0113231735303998,0.0163082182407379,0.510183751583099,0.104187436401844,0.000284859706880525,1.8,-2.21,58.668573473699,0.0180026217989519,0.000171088865391156,0.000313943853981309,0.106444315233926,0,3.26391905258392e-05
446242,2010,11,46.85871278,-67.90304517,16.9,86586,0.361675953851605,0.238686412572861,626.369911339113,3.40732813156284,281.795463830547,0.163332521381488,1,26.345144397,3,2,0.0113943880423903,0.00149551348295063,0.170417323708534,0.0113231735303998,0.0163082182407379,0.510183751583099,0.104187436401844,0.000284859706880525,1.3,-1.57,58.668573473699,0.0180026217989519,0.000171088865391156,0.000313943853981309,0.106444315233926,0,0
446348,2010,10,46.95372996,-67.91012409,2.69,86589,0.375512116169442,6.14674806594849,709.338384207341,2.92828644628402,217.314690255501,0.308980216348274,1,33.923884566,3,4,0.204929023981094,0.00607301760464907,0.329567134380341,0.0113692535087466,0.0142645295709372,0.125838577747345,0.120542332530022,0.000494315347168595,1.7,-1.6,6.29587945681089,0.00710955039574746,0.000171088865391156,0.000313943853981309,0.12239580998987,0,0
446372,2010,5,46.60023482,-68.04072045,19.39,86590,0.204505720474429,12.173508644104,728.637278065403,0.795394172888948,231.903100774148,0.578313012388889,2,29.5275591,2,1,0.00550808571279049,0.000847397779580206,0.404844284057617,0.0100275408476591,0.0149706937372684,0.037073653191328,0.355342149734497,0.000423698889790103,0.9,-0.18,72.6757275942616,0.0228441680525053,0.000171088865391156,0.000313943853981309,0.0806937666972478,0,0
446373,2010,8,46.60023482,-68.04072045,35.16,86590,0.131491976660002,18.2058639526367,728.637278065403,0.795394172888948,231.903100774148,0.487308552999619,2,29.5275591,2,1,0.00550808571279049,0.000847397779580206,0.404844284057617,0.0100275408476591,0.0149706937372684,0.037073653191328,0.355342149734497,0.000423698889790103,1.8,-2.21,72.6757275942616,0.0228441680525053,0.000171088865391156,0.000313943853981309,0.0806937666972478,0,5.69457491102116e-06
446374,2010,11,46.60023482,-68.04072045,7.89,86590,0.45344775811983,0.231889456510544,728.637278065403,0.795394172888948,231.903100774148,0.10321935033593,2,29.5275591,2,1,0.00550808571279049,0.000847397779580206,0.404844284057617,0.0100275408476591,0.0149706937372684,0.037073653191328,0.355342149734497,0.000423698889790103,1.3,-1.57,72.6757275942616,0.0228441680525053,0.000171088865391156,0.000313943853981309,0.0806937666972478,0,0
447041,2010,1,44.1397931041032,-70.4870028658956,7.56225806451613,86593,0.302155963225589,-5.28076410293579,329.238935495036,0.685748060404347,145.273109534222,0.0307547796271314,8,56.889763866,1,1,0.0675093531608582,0.00607301760464907,0.441988557577133,0.00621425034478307,0.0103100063279271,0.0472424253821373,0.0485841408371925,0.161994203925133,-1.1,0.05,12.0895866517731,0.0132474181898867,0.000341823590953592,0.00212036413189201,0.147178663007816,0,0
447042,2010,2,44.1397931041032,-70.4870028658956,7.60928571428571,86593,0.488023533398969,-2.4519510269165,329.238935495036,0.685748060404347,145.273109534222,0.0706976919172474,8,56.889763866,1,1,0.0675093531608582,0.00607301760464907,0.441988557577133,0.00621425034478307,0.0103100063279271,0.0472424253821373,0.0485841408371925,0.161994203925133,-1.5,0.25,12.0895866517731,0.0132474181898867,0.000341823590953592,0.00212036413189201,0.147178663007816,0,0
448163,2010,1,44.874240312155,-67.8663921558273,4.48903225806452,86598,0.354884065581754,-4.45130586624146,261.82351600554,0.91782068361695,183.755994043521,0.072160374257995,8,29.691601095,3,4,0.0171627979725599,0.00277738203294575,0.541162252426147,0.0831790342926979,0.0162370037287474,0.0217917673289776,0.101410053670406,0.0248540099710226,-1.1,0.05,0.00539264111472436,0.00639549707792982,0.000244188959493733,0.00139469463403152,0.167890137002468,0,0
448164,2010,2,44.874240312155,-67.8663921558273,4.58571428571429,86598,0.25214152737393,-2.4176778793335,261.82351600554,0.91782068361695,183.755994043521,0.185807383561902,8,29.691601095,3,4,0.0171627979725599,0.00277738203294575,0.541162252426147,0.0831790342926979,0.0162370037287474,0.0217917673289776,0.101410053670406,0.0248540099710226,-1.5,0.25,0.00539264111472436,0.00639549707792982,0.000244188959493733,0.00139469463403152,0.167890137002468,0,0
448165,2010,3,44.874240312155,-67.8663921558273,4.12677419354839,86598,0.445425479795013,2.93708825111389,261.82351600554,0.91782068361695,183.755994043521,0.509280708666577,8,29.691601095,3,4,0.0171627979725599,0.00277738203294575,0.541162252426147,0.0831790342926979,0.0162370037287474,0.0217917673289776,0.101410053670406,0.0248540099710226,-0.7,-0.16,0.00539264111472436,0.00639549707792982,0.000244188959493733,0.00139469463403152,0.167890137002468,0,0
448166,2010,4,44.874240312155,-67.8663921558273,3.64833333333333,86598,0.202310567447466,8.4245138168335,261.82351600554,0.91782068361695,183.755994043521,0.630961241392081,8,29.691601095,3,4,0.0171627979725599,0.00277738203294575,0.541162252426147,0.0831790342926979,0.0162370037287474,0.0217917673289776,0.101410053670406,0.0248540099710226,1.2,-0.04,0.00539264111472436,0.00639549707792982,0.000244188959493733,0.00139469463403152,0.167890137002468,0,0
448167,2010,5,44.874240312155,-67.8663921558273,4.7758064516129,86598,0.204166940814193,13.2392730712891,261.82351600554,0.91782068361695,183.755994043521,0.819257452099956,8,29.691601095,3,4,0.0171627979725599,0.00277738203294575,0.541162252426147,0.0831790342926979,0.0162370037287474,0.0217917673289776,0.101410053670406,0.0248540099710226,0.9,-0.18,0.00539264111472436,0.00639549707792982,0.000244188959493733,0.00139469463403152,0.167890137002468,0,0
448168,2010,6,44.874240312155,-67.8663921558273,5.197,86598,0.473191019211781,16.5908260345459,261.82351600554,0.91782068361695,183.755994043521,0.729074904781581,8,29.691601095,3,4,0.0171627979725599,0.00277738203294575,0.541162252426147,0.0831790342926979,0.0162370037287474,0.0217917673289776,0.101410053670406,0.0248540099710226,0.4,-0.79,0.00539264111472436,0.00639549707792982,0.000244188959493733,0.00139469463403152,0.167890137002468,0,0
448709,2010,2,41.74688889,-83.6467778,26.01,86603,0.177594533073857,-3.31827640533447,652.428340746085,1.16239321762341,179.37010033676,0.0575049781672159,1,76.017060483,1,4,0.132433205842972,0.0336828492581844,0.131571382284164,0.00912094209343195,0.0216891691088676,0.389112323522568,0.00581729365512729,0.0205400753766298,-1.5,0.25,4.64517027454623,0.00875755599707133,0.0051447576102001,0.466302589986895,0.0714341222580274,0,0
448710,2010,5,41.74688889,-83.6467778,21.87,86603,0.502009555248065,16.7848072052002,652.428340746085,1.16239321762341,179.37010033676,0.560132976191917,1,76.017060483,1,4,0.132433205842972,0.0336828492581844,0.131571382284164,0.00912094209343195,0.0216891691088676,0.389112323522568,0.00581729365512729,0.0205400753766298,0.9,-0.18,4.64517027454623,0.00875755599707133,0.0051447576102001,0.466302589986895,0.0714341222580274,0,0
449759,2010,2,42.0352222,-83.6242778,65.31,86661,0.180246849033664,-3.0137255191803,664.007564407624,1.95289975392205,251.191155441723,0.102145865988614,1,83.792651046,7,6,0.0441353023052216,0.00218911096453667,0.142292216420174,0.00995692424476147,0.0213967934250832,0.439587593078613,0.116658426821232,0.000706164806615561,-1.5,0.25,7.76610194157672,0.12528755280986,0.0051447576102001,0.466302589986895,0.0521727860021095,0,0
449760,2010,5,42.0352222,-83.6242778,64.74,86661,0.597821984987004,16.2033634185791,664.007564407624,1.95289975392205,251.191155441723,0.73362816148667,1,83.792651046,7,6,0.0441353023052216,0.00218911096453667,0.142292216420174,0.00995692424476147,0.0213967934250832,0.439587593078613,0.116658426821232,0.000706164806615561,0.9,-0.18,7.76610194157672,0.12528755280986,0.0051447576102001,0.466302589986895,0.0521727860021095,0,5.93206988316823e-09
450114,2010,1,42.1147683,-85.3185992,13.13,86679,0.0674914563821915,-4.92660427093506,904.522144271252,2.04584112590248,96.6789385400875,0.0369575299551919,1,136.187664249,3,2,0.0177325159311295,0.00142429850529879,0.0355362482368946,0.00612448388710618,0.0107534537091851,0.712291717529297,0.0821820273995399,0,-1.1,0.05,5.23656881244768,0.0488848463777827,0.0101191391752495,0.00270950982815964,0.0643244886060556,0,0
450115,2010,4,42.1147683,-85.3185992,13.19,86679,0.261306312537703,12.1598052978516,904.522144271252,2.04584112590248,96.6789385400875,0.501051125074031,1,136.187664249,3,2,0.0177325159311295,0.00142429850529879,0.0355362482368946,0.00612448388710618,0.0107534537091851,0.712291717529297,0.0821820273995399,0,1.2,-0.04,5.23656881244768,0.0488848463777827,0.0101191391752495,0.00270950982815964,0.0643244886060556,0,0
450116,2010,8,42.1147683,-85.3185992,13.55,86679,0.131772772421096,22.7299156188965,904.522144271252,2.04584112590248,96.6789385400875,0.579596843248805,1,136.187664249,3,2,0.0177325159311295,0.00142429850529879,0.0355362482368946,0.00612448388710618,0.0107534537091851,0.712291717529297,0.0821820273995399,0,1.8,-2.21,5.23656881244768,0.0488848463777827,0.0101191391752495,0.00270950982815964,0.0643244886060556,0,0.00102770578213257
450966,2010,11,42.20277778,-83.7959167,20.03,86707,0.306811370715223,4.0123233795166,843.248816303678,0.351183463124329,195.928450184205,0.163423671119768,1,94.619422716,1,2,0.480686396360397,0.00310712517239153,0.0572699680924416,0.00656733289361,0.0148294614627957,0.224136710166931,0.0357319414615631,0.00423698872327805,1.3,-1.57,12.3672871952859,0.021440158451946,0.00323980274216596,0.00368983065841028,0.0792503959175944,0,0
451142,2010,1,42.2228171,-83.7368848,8.36,86716,0.057515766451494,-4.76501607894897,820.209975,0.360421146273801,121.108579222991,0.090787085473395,3,90.157480452,5,7,0.521855771541595,0.00607301760464907,0.0236565209925175,0.00423698872327805,0.0128521993756294,0.148435845971107,0.103453144431114,0.00826212856918573,-1.1,0.05,0.439932585196607,0.0563580311883545,0.00323980274216596,0.00368983065841028,0.0795341763521234,0,0
451143,2010,3,42.2228171,-83.7368848,8.58,86716,0.138097059905334,4.6201639175415,820.209975,0.360421146273801,121.108579222991,0.22806375393027,3,90.157480452,5,7,0.521855771541595,0.00607301760464907,0.0236565209925175,0.00423698872327805,0.0128521993756294,0.148435845971107,0.103453144431114,0.00826212856918573,-0.7,-0.16,0.439932585196607,0.0563580311883545,0.00323980274216596,0.00368983065841028,0.0795341763521234,0,0
451145,2010,7,42.2228171,-83.7368848,4.5,86716,0.498884006567697,23.6134929656982,820.209975,0.360421146273801,121.108579222991,0.636684338593739,3,90.157480452,5,7,0.521855771541595,0.00607301760464907,0.0236565209925175,0.00423698872327805,0.0128521993756294,0.148435845971107,0.103453144431114,0.00826212856918573,1.8,-1.99,0.439932585196607,0.0563580311883545,0.00323980274216596,0.00368983065841028,0.0795341763521234,0,0
451214,2010,3,42.225596,-85.6719502,9.9,86717,0.0839816868173744,4.79454231262207,897.473524766644,5.71696694560757,140.769176294722,0.329074359502895,1,98.622047394,7,7,0.415539085865021,0.00619569839909673,0.158666849136353,0.00576840899884701,0.0103261647745967,0.178678244352341,0.0396667122840881,0.00875943619757891,-0.7,-0.16,25.3739038237332,0.00339633181802332,0.0101191391752495,0.00270950982815964,0.0827774604706963,0,0
451216,2010,6,42.225596,-85.6719502,10.28,86717,0.577531199694823,20.592960357666,897.473524766644,5.71696694560757,140.769176294722,0.75344646498295,1,98.622047394,7,7,0.415539085865021,0.00619569839909673,0.158666849136353,0.00576840899884701,0.0103261647745967,0.178678244352341,0.0396667122840881,0.00875943619757891,0.4,-0.79,25.3739038237332,0.00339633181802332,0.0101191391752495,0.00270950982815964,0.0827774604706963,0,7.41063537930925e-05
451218,2010,10,42.225596,-85.6719502,10.27,86717,0.173031539379014,11.9114933013916,897.473524766644,5.71696694560757,140.769176294722,0.566186880737009,1,98.622047394,7,7,0.415539085865021,0.00619569839909673,0.158666849136353,0.00576840899884701,0.0103261647745967,0.178678244352341,0.0396667122840881,0.00875943619757891,1.7,-1.6,25.3739038237332,0.00339633181802332,0.0101191391752495,0.00270950982815964,0.0827774604706963,0,6.0704147724336e-05
456375,2010,3,44.05813889,-92.4327028,26.32,88338,0.0838201316345392,2.6991868019104,1215.97927314841,1.626112204092,90.0904987263933,0.336105742677555,1,30.479002671,3,2,0.222349897027016,0.00459638051688671,0.235995396971703,0.0122809540480375,0.0451738014817238,0.223499000072479,0.00122091348748654,0.00014363689115271,-0.7,-0.16,158.675561980891,0.022424954714893,0.00388878585171775,0.00205204857938101,0.0725214638058344,0,0
456376,2010,9,44.05813889,-92.4327028,25.95,88338,0.858279852782501,14.6164407730103,1215.97927314841,1.626112204092,90.0904987263933,0.548200883472111,1,30.479002671,3,2,0.222349897027016,0.00459638051688671,0.235995396971703,0.0122809540480375,0.0451738014817238,0.223499000072479,0.00122091348748654,0.00014363689115271,2.2,-2.45,158.675561980891,0.022424954714893,0.00388878585171775,0.00205204857938101,0.0725214638058344,0,0
456623,2010,11,44.06355,-92.4327639,80.54,88369,0.235805036247416,1.01049792766571,1082.3344649996,4.09083300075758,292.466378458974,0.173443033577134,1,16.765091889,4,4,0.027987465262413,0.00313345668837428,0.282295972108841,0.0118928924202919,0.046645775437355,0.358709573745728,0.000213644772884436,0,1.3,-1.57,85.3713229618469,0.0372050127740713,0.00388878585171775,0.00205204857938101,0.0678277160263558,0,0
456639,2010,6,44.0715,-92.4293222,35,88402,0.594231213449112,19.1310176849365,1010.24589708609,0.740838473389641,11.3096254433352,0.791623374560284,1,19.192913415,3,4,0.027987465262413,0.00313345668837428,0.282295972108841,0.0118928924202919,0.046645775437355,0.358709573745728,0.000213644772884436,0,0.4,-0.79,3.19016809397728,0.0536601841471803,0.00388878585171775,0.00205204857938101,0.0704748599754771,0,0
456703,2010,7,44.43166667,-93.1716667,85.28,89965,0.427888635599922,22.9312839508057,1025.0239401163,1.62982140090964,134.326520214585,0.753112453694302,1,55.183727118,4,2,0.117364592850208,0.0040251393802464,0.0890473872423172,0.00797966215759516,0.0254925508052111,0.555257380008698,0.00303650880232453,0.00190664501860738,1.8,-1.99,61.9250396107853,0.0499299142143449,0.00226400516476823,0.000105950980617232,0.0644513864034414,0,0.00030148968209063
456712,2010,6,44.48718889,-95.7823722,21,90191,0.677401275863429,19.9719543457031,1138.4514453,0.258832079163562,120.651270502699,0.624524665640392,3,80.118110358,4,4,0.0149706937372684,0.00190664501860738,0.00240096030756831,0.000494315347168595,0.00684979883953929,0.910175859928131,0.00233034393750131,0,0.4,-0.79,5.59852075614256,0.00737874123454246,0.00141129476100831,4.18604378265178e-05,0.0306895242318511,0,0
456857,2010,4,44.6364944,-93.1593,4.42,91039,0.193194955333494,11.7388048171997,902.2309725,0.490311845094394,263.463190572404,0.527016047280057,1,115.518372879,5,6,0.132052823901176,0.00120048015378416,0.00543746910989285,0.00360144046135247,0.00910952594131231,0.643598616123199,0.0467481091618538,0,1.2,-0.04,0.339183257797182,0.00118476478690255,0.0162666422222911,0.0670055251878129,0.0701143085735043,0,0
459132,2010,6,46.29535,-94.2620667,14,111632,0.344221085598534,17.8285522460938,1198.68672157114,0.392709149548329,193.940242629206,0.884577835105939,6,113.385826944,1,1,0.0768409073352814,0.00398803595453501,0.207591503858566,0.0226463470607996,0.027488961815834,0.113302946090698,0.201467022299767,0.00235009263269603,0.4,-0.79,3.83680574494686,0.0184965514322486,0.00114804392363412,0.000266177031048432,0.053255430196623,0,0
459133,2010,6,46.30244638,-92.8038102,10.33,111685,0.478838423207739,16.6955299377441,1067.20302492583,0.970986018021791,349.600029328381,0.799416170309088,2,75.13123371,1,3,0.00812089536339045,0.00289527582935989,0.297436624765396,0.0115811033174396,0.0208318624645472,0.0910246446728706,0.252736389636993,0.00861521065235138,0.4,-0.79,0.128698427904847,0.0177781998361764,0.000300821864873193,1.3035614144505e-05,0.068240137941887,0,0
459179,2010,5,46.7028333,-92.7109722,4.75,114073,0.237869803722629,12.0962295532227,1299.2126004,0.254168686108493,67.534748858172,0.869543422308572,3,85.137795405,3,1,0.00277738203294575,0.00078336417209357,0.0900868847966194,0.00448654033243656,0.00940037053078413,0.018658310174942,0.637444794178009,0.0493519455194473,0.9,-0.18,0.308309572183482,0.0226944185696005,0.000514507054535818,0.00124106334241068,0.0468518132260939,0,0
459242,2010,3,46.7365833,-92.7282778,9.35,114277,0.0956026339044216,2.82171654701233,1318.8976398,0.00416957419400671,29.9490843747058,0.373235663032652,3,105.741469977,4,2,0.00515500316396356,0.00148294609971344,0.15196667611599,0.0120754186064005,0.0110867880284786,0.00656733289361,0.610338270664215,0.017936585471034,-0.7,-0.16,3.32515345037566,0.0686483200423376,0.000514507054535818,0.00124106334241068,0.0365267984674374,0,0
459307,2010,6,46.77538889,-96.6447222,18,114465,0.207902703388467,19.1589698791504,928.4776917,0.160854772597466,258.298058893266,0.597204574731775,3,226.410761499,3,6,0.00720288092270494,0.00162417907267809,0.00621425034478307,0.00346020772121847,0.0106630884110928,0.817597627639771,0.0292352233082056,0.00515500316396356,0.4,-0.79,14.2889636299479,0.0337929281415884,0.000379919445150741,0.0005206809661958,0.0301953060363978,0,8.02216146202167e-09
459389,2010,2,47.37666667,-94.6352778,25.19,116706,0.0618026263758385,-10.6564111709595,1335.30153508982,0.143124059227494,92.2428209245365,0.0492262402979851,8,145.144357176,1,1,0.132246121764183,0.00420168088749051,0.214428141713142,0.0217917673289776,0.0268480274826288,0.0223614871501923,0.195484980940819,0.00754878204315901,-1.5,0.25,15.1722106012794,0.00891099489225206,0.00035516795518491,4.76735510315316e-06,0.0494334386707346,0,0
459390,2010,3,47.37666667,-94.6352778,25.29,116706,0.0756960341835686,2.14292860031128,1335.30153508982,0.143124059227494,92.2428209245365,0.373816578349418,8,145.144357176,1,1,0.132246121764183,0.00420168088749051,0.214428141713142,0.0217917673289776,0.0268480274826288,0.0223614871501923,0.195484980940819,0.00754878204315901,-0.7,-0.16,15.1722106012794,0.00891099489225206,0.00035516795518491,4.76735510315316e-06,0.0494334386707346,0,0
459391,2010,4,47.37666667,-94.6352778,25.33,116706,0.116568024880082,8.90855312347412,1335.30153508982,0.143124059227494,92.2428209245365,0.869153542225241,8,145.144357176,1,1,0.132246121764183,0.00420168088749051,0.214428141713142,0.0217917673289776,0.0268480274826288,0.0223614871501923,0.195484980940819,0.00754878204315901,1.2,-0.04,15.1722106012794,0.00891099489225206,0.00035516795518491,4.76735510315316e-06,0.0494334386707346,0,0
459392,2010,5,47.37666667,-94.6352778,25.41,116706,0.266236132928824,12.5454750061035,1335.30153508982,0.143124059227494,92.2428209245365,0.967878808719269,8,145.144357176,1,1,0.132246121764183,0.00420168088749051,0.214428141713142,0.0217917673289776,0.0268480274826288,0.0223614871501923,0.195484980940819,0.00754878204315901,0.9,-0.18,15.1722106012794,0.00891099489225206,0.00035516795518491,4.76735510315316e-06,0.0494334386707346,0,0
459394,2010,7,47.37666667,-94.6352778,25.37,116706,0.484626200053423,20.6454639434814,1335.30153508982,0.143124059227494,92.2428209245365,1.1632573903862,8,145.144357176,1,1,0.132246121764183,0.00420168088749051,0.214428141713142,0.0217917673289776,0.0268480274826288,0.0223614871501923,0.195484980940819,0.00754878204315901,1.8,-1.99,15.1722106012794,0.00891099489225206,0.00035516795518491,4.76735510315316e-06,0.0494334386707346,0,0
470904,2010,7,47.65925556,-96.4104111,10.94,117908,0.270300287372209,21.2258987426758,999.70806603743,1.9623246701163,259.191323681603,0.844663085619415,9,243.667979373,1,3,0.00356074632145464,0.00156672834418714,0.00327588664367795,0.00277738203294575,0.00341831636615098,0.782438397407532,0.0742059499025345,0.000712149252649397,1.8,-1.99,12.0766089527839,0.00953303206048758,0.00017497605210499,0.000770470682108394,0.024466345923394,0,0
470905,2010,12,47.65925556,-96.4104111,11.13,117908,0.0787755449245897,-12.7185955047607,999.70806603743,1.9623246701163,259.191323681603,0.020776441122582,9,243.667979373,1,3,0.00356074632145464,0.00156672834418714,0.00327588664367795,0.00277738203294575,0.00341831636615098,0.782438397407532,0.0742059499025345,0.000712149252649397,2.9,-2.04,12.0766089527839,0.00953303206048758,0.00017497605210499,0.000770470682108394,0.024466345923394,0,0
472734,2010,1,46.981689,-96.387692,4.52,119047,0.15095962337101,-13.0213975906372,1128.6089256,0.202401278608318,336.405499432345,0.0228913484630955,8,238.681102725,3,4,0.00441532535478473,0.00149551348295063,0.0138156954199076,0.00526990462094545,0.00875943619757891,0.726463437080383,0.0469306372106075,0.0232872813940048,-1.1,0.05,1.81735011968985,0.0428122463961114,0.000379919445150741,0.0005206809661958,0.0379873657156527,0,0
472735,2010,4,46.981689,-96.387692,2.8,119047,0.1433299284583,10.2942714691162,1128.6089256,0.202401278608318,336.405499432345,0.791750180704491,8,238.681102725,3,4,0.00441532535478473,0.00149551348295063,0.0138156954199076,0.00526990462094545,0.00875943619757891,0.726463437080383,0.0469306372106075,0.0232872813940048,1.2,-0.04,1.81735011968985,0.0428122463961114,0.000379919445150741,0.0005206809661958,0.0379873657156527,0,0
472736,2010,5,46.981689,-96.387692,2.8,119047,0.292316747594092,13.6793537139893,1128.6089256,0.202401278608318,336.405499432345,0.863938220278491,8,238.681102725,3,4,0.00441532535478473,0.00149551348295063,0.0138156954199076,0.00526990462094545,0.00875943619757891,0.726463437080383,0.0469306372106075,0.0232872813940048,0.9,-0.18,1.81735011968985,0.0428122463961114,0.000379919445150741,0.0005206809661958,0.0379873657156527,0,0
473127,2010,4,46.024003,-93.370057,5.99,119049,0.152124657949758,9.51232814788818,1170.57408821027,0.54814937284852,34.2350273523761,0.778238142500615,8,92.454068382,3,2,0.00427289539948106,0.00163794332183897,0.530052721500397,0.00811850186437368,0.0153112094849348,0.182310208678246,0.0474291406571865,0.000925794069189578,1.2,-0.04,25.3441609495025,0.0031524920053036,0.000407024465201391,8.08657877883559e-06,0.0686557579687238,0,0
473130,2010,7,46.024003,-93.370057,5.34,119049,0.459405043692036,21.0708999633789,1170.57408821027,0.54814937284852,34.2350273523761,1.00663833570927,8,92.454068382,3,2,0.00427289539948106,0.00163794332183897,0.530052721500397,0.00811850186437368,0.0153112094849348,0.182310208678246,0.0474291406571865,0.000925794069189578,1.8,-1.99,25.3441609495025,0.0031524920053036,0.000407024465201391,8.08657877883559e-06,0.0686557579687238,0,0
473131,2010,8,46.024003,-93.370057,3.99,119049,0.604758025760701,21.0086288452148,1170.57408821027,0.54814937284852,34.2350273523761,0.968308637994498,8,92.454068382,3,2,0.00427289539948106,0.00163794332183897,0.530052721500397,0.00811850186437368,0.0153112094849348,0.182310208678246,0.0474291406571865,0.000925794069189578,1.8,-2.21,25.3441609495025,0.0031524920053036,0.000407024465201391,8.08657877883559e-06,0.0686557579687238,0,0
473398,2010,8,45.252729,-95.655241,5.29,119052,0.587369213846864,22.6479988098145,1035.24185593214,0.583341728298584,66.5761916684729,1.07408008087898,3,205.774278528,1,4,0.00381329003721476,0.00155356258619577,0.0052256197668612,0.00353082409128547,0.01313466578722,0.690982282161713,0.111785888671875,0.000988630694337189,1.8,-2.21,9.5466045402096,0.00936071413972041,0.00174051731935868,1.14759383693979e-05,0.0364452731103202,0,0
473399,2010,9,45.252729,-95.655241,2.58,119052,0.518433228727574,14.3089790344238,1035.24185593214,0.583341728298584,66.5761916684729,0.585885937397324,3,205.774278528,1,4,0.00381329003721476,0.00155356258619577,0.0052256197668612,0.00353082409128547,0.01313466578722,0.690982282161713,0.111785888671875,0.000988630694337189,2.2,-2.45,9.5466045402096,0.00936071413972041,0.00174051731935868,1.14759383693979e-05,0.0364452731103202,0,0
473400,2010,10,45.252729,-95.655241,3.28,119052,0.172919876882112,10.2205295562744,1035.24185593214,0.583341728298584,66.5761916684729,0.479955198361688,3,205.774278528,1,4,0.00381329003721476,0.00155356258619577,0.0052256197668612,0.00353082409128547,0.01313466578722,0.690982282161713,0.111785888671875,0.000988630694337189,1.7,-1.6,9.5466045402096,0.00936071413972041,0.00174051731935868,1.14759383693979e-05,0.0364452731103202,0,0
473401,2010,11,45.252729,-95.655241,2.57,119052,0.0696849448594929,-0.129521712660789,1035.24185593214,0.583341728298584,66.5761916684729,0.16047639195362,3,205.774278528,1,4,0.00381329003721476,0.00155356258619577,0.0052256197668612,0.00353082409128547,0.01313466578722,0.690982282161713,0.111785888671875,0.000988630694337189,1.3,-1.57,9.5466045402096,0.00936071413972041,0.00174051731935868,1.14759383693979e-05,0.0364452731103202,0,0
473938,2010,4,45.925831,-94.372017,4.23,119055,0.186361691114892,10.6580972671509,1102.3622064,0.394371333783346,174.825894740131,0.81561571780849,6,88.353018507,7,6,0.0228091236203909,0.00346020772121847,0.10804321616888,0.00826212856918573,0.0171598047018051,0.360497146844864,0.0785961449146271,0.110373564064503,1.2,-0.04,0.528967903455015,0.0227192586156356,0.0017910245407983,1.99557051899532e-05,0.0611798652027547,0,0
477748,2010,4,48.137973,-96.347399,7.74,119082,0.105223918684254,9.12939548492432,1118.7664059,0.456815954837392,178.018627721491,0.816464863413712,8,280.643045046,1,4,0.00487253721803427,0.00112986366730183,0.0721700415015221,0.0052256197668612,0.0135583644732833,0.558435142040253,0.0933549925684929,0.000706164806615561,1.2,-0.04,7.46821638676772,0.01271070692434,0.000123319790266756,0.000458377333633035,0.0433936038057009,0,0
477749,2010,5,48.137973,-96.347399,7.69,119082,0.483115139391472,12.8781652450562,1118.7664059,0.456815954837392,178.018627721491,0.90362749212052,8,280.643045046,1,4,0.00487253721803427,0.00112986366730183,0.0721700415015221,0.0052256197668612,0.0135583644732833,0.558435142040253,0.0933549925684929,0.000706164806615561,0.9,-0.18,7.46821638676772,0.01271070692434,0.000123319790266756,0.000458377333633035,0.0433936038057009,0,0
477750,2010,6,48.137973,-96.347399,7.75,119082,0.358017599094338,16.8265514373779,1118.7664059,0.456815954837392,178.018627721491,0.80348493042372,8,280.643045046,1,4,0.00487253721803427,0.00112986366730183,0.0721700415015221,0.0052256197668612,0.0135583644732833,0.558435142040253,0.0933549925684929,0.000706164806615561,0.4,-0.79,7.46821638676772,0.01271070692434,0.000123319790266756,0.000458377333633035,0.0433936038057009,0,0
477751,2010,7,48.137973,-96.347399,8.19,119082,0.321353452274849,20.5834884643555,1118.7664059,0.456815954837392,178.018627721491,1.19548907924753,8,280.643045046,1,4,0.00487253721803427,0.00112986366730183,0.0721700415015221,0.0052256197668612,0.0135583644732833,0.558435142040253,0.0933549925684929,0.000706164806615561,1.8,-1.99,7.46821638676772,0.01271070692434,0.000123319790266756,0.000458377333633035,0.0433936038057009,0,0
477752,2010,8,48.137973,-96.347399,8.83,119082,0.254730565415744,20.166389465332,1118.7664059,0.456815954837392,178.018627721491,1.15606623547477,8,280.643045046,1,4,0.00487253721803427,0.00112986366730183,0.0721700415015221,0.0052256197668612,0.0135583644732833,0.558435142040253,0.0933549925684929,0.000706164806615561,1.8,-2.21,7.46821638676772,0.01271070692434,0.000123319790266756,0.000458377333633035,0.0433936038057009,0,0
477753,2010,9,48.137973,-96.347399,8.735,119082,0.649700516213974,11.6493244171143,1118.7664059,0.456815954837392,178.018627721491,0.584493723078186,8,280.643045046,1,4,0.00487253721803427,0.00112986366730183,0.0721700415015221,0.0052256197668612,0.0135583644732833,0.558435142040253,0.0933549925684929,0.000706164806615561,2.2,-2.45,7.46821638676772,0.01271070692434,0.000123319790266756,0.000458377333633035,0.0433936038057009,0,0
479144,2010,3,44.705312,-96.282834,6.61,119096,0.0833434321451323,1.9186098575592,1246.68534681349,0.689947671348089,269.411556856655,0.18444101356647,3,119.75065635,1,1,0.103475287556648,0.00341831636615098,0.00640934333205223,0.00356074632145464,0.0209371875971556,0.676043272018433,0.016450647264719,0.0342543795704842,-0.7,-0.16,2.04710040816636,0.00593493560377176,0.000501358851581992,2.07328848398568e-05,0.0429664379859467,0,0
479145,2010,4,44.705312,-96.282834,7.31,119096,0.0951343385134981,11.0997428894043,1246.68534681349,0.689947671348089,269.411556856655,0.533296380640878,3,119.75065635,1,1,0.103475287556648,0.00341831636615098,0.00640934333205223,0.00356074632145464,0.0209371875971556,0.676043272018433,0.016450647264719,0.0342543795704842,1.2,-0.04,2.04710040816636,0.00593493560377176,0.000501358851581992,2.07328848398568e-05,0.0429664379859467,0,0
479146,2010,5,44.705312,-96.282834,7.71,119096,0.248709701555681,14.2449111938477,1246.68534681349,0.689947671348089,269.411556856655,0.574293212562071,3,119.75065635,1,1,0.103475287556648,0.00341831636615098,0.00640934333205223,0.00356074632145464,0.0209371875971556,0.676043272018433,0.016450647264719,0.0342543795704842,0.9,-0.18,2.04710040816636,0.00593493560377176,0.000501358851581992,2.07328848398568e-05,0.0429664379859467,0,0
479147,2010,6,44.705312,-96.282834,6.91,119096,0.627165016867287,19.5544662475586,1246.68534681349,0.689947671348089,269.411556856655,0.59761222669872,3,119.75065635,1,1,0.103475287556648,0.00341831636615098,0.00640934333205223,0.00356074632145464,0.0209371875971556,0.676043272018433,0.016450647264719,0.0342543795704842,0.4,-0.79,2.04710040816636,0.00593493560377176,0.000501358851581992,2.07328848398568e-05,0.0429664379859467,0,0
479148,2010,7,44.705312,-96.282834,7.31,119096,0.364820976511482,22.5673675537109,1246.68534681349,0.689947671348089,269.411556856655,0.706590768681619,3,119.75065635,1,1,0.103475287556648,0.00341831636615098,0.00640934333205223,0.00356074632145464,0.0209371875971556,0.676043272018433,0.016450647264719,0.0342543795704842,1.8,-1.99,2.04710040816636,0.00593493560377176,0.000501358851581992,2.07328848398568e-05,0.0429664379859467,0,0
479149,2010,8,44.705312,-96.282834,8.31,119096,0.389014292229453,23.0696983337402,1246.68534681349,0.689947671348089,269.411556856655,0.750986686105898,3,119.75065635,1,1,0.103475287556648,0.00341831636615098,0.00640934333205223,0.00356074632145464,0.0209371875971556,0.676043272018433,0.016450647264719,0.0342543795704842,1.8,-2.21,2.04710040816636,0.00593493560377176,0.000501358851581992,2.07328848398568e-05,0.0429664379859467,0,0
485772,2010,3,43.590136,-96.014239,24.01,119143,0.133780407045115,2.37482070922852,1507.81628908513,1.33819046570803,133.724009916077,0.193869072915944,3,244.586614545,1,1,0.00190664501860738,0.00282465922646224,0.0118635687977076,0.000706164806615561,0.0176541209220886,0.857213497161865,0.0232328232377768,0,-0.7,-0.16,8.68531585746968,0.00338730820291774,0.00115473345582258,3.78274752769465e-05,0.0404380845202009,0,0
485773,2010,4,43.590136,-96.014239,24.77,119143,0.222956114579725,11.4060382843018,1507.81628908513,1.33819046570803,133.724009916077,0.494535051431699,3,244.586614545,1,1,0.00190664501860738,0.00282465922646224,0.0118635687977076,0.000706164806615561,0.0176541209220886,0.857213497161865,0.0232328232377768,0,1.2,-0.04,8.68531585746968,0.00338730820291774,0.00115473345582258,3.78274752769465e-05,0.0404380845202009,0,0
485774,2010,5,43.590136,-96.014239,23.74,119143,0.161811986553414,14.4033641815186,1507.81628908513,1.33819046570803,133.724009916077,0.643478404545104,3,244.586614545,1,1,0.00190664501860738,0.00282465922646224,0.0118635687977076,0.000706164806615561,0.0176541209220886,0.857213497161865,0.0232328232377768,0,0.9,-0.18,8.68531585746968,0.00338730820291774,0.00115473345582258,3.78274752769465e-05,0.0404380845202009,0,0
485775,2010,6,43.590136,-96.014239,25.41,119143,0.648931369115836,20.2164821624756,1507.81628908513,1.33819046570803,133.724009916077,0.639206844710701,3,244.586614545,1,1,0.00190664501860738,0.00282465922646224,0.0118635687977076,0.000706164806615561,0.0176541209220886,0.857213497161865,0.0232328232377768,0,0.4,-0.79,8.68531585746968,0.00338730820291774,0.00115473345582258,3.78274752769465e-05,0.0404380845202009,0,0
485776,2010,7,43.590136,-96.014239,25.08,119143,0.567509359186079,22.9296379089355,1507.81628908513,1.33819046570803,133.724009916077,0.668285100555963,3,244.586614545,1,1,0.00190664501860738,0.00282465922646224,0.0118635687977076,0.000706164806615561,0.0176541209220886,0.857213497161865,0.0232328232377768,0,1.8,-1.99,8.68531585746968,0.00338730820291774,0.00115473345582258,3.78274752769465e-05,0.0404380845202009,0,0
489424,2010,7,36.5944722,-91.6452222,140.66,119283,0.336282735619853,26.9202175140381,968.705883531239,0.895008638481143,142.257204568019,0.879216132912186,1,52.460630001,3,2,0.02626933157444,0.00451945466920733,0.211002051830292,0.00776781281456351,0.0156062422320247,0.604194641113281,7.06164792063646e-05,0,1.8,-1.99,31.6246038201702,0.00634872947503721,0.00028349376674927,8.35943158363231e-05,0.0536975191777945,0,0
489479,2010,5,36.66027778,-93.92325,84.91,119368,0.601726542909375,18.631498336792,1487.8069118105,2.86644048865679,90.5610798293953,0.561066776037112,1,79.101049989,2,4,0.023073635995388,0.00284859701059759,0.0756302550435066,0.0083321463316679,0.0227887760847807,0.671129465103149,0,0.0011394388275221,0.9,-0.18,9.11606970868585,0.0157723526391971,0.00148068772256604,0.00204640502197395,0.0451578123707573,0,0
489884,2010,6,37.2632222,-93.2465,17.92,120245,0.310621487346222,25.2637004852295,1211.8986845231,3.33248561422016,234.783760447459,0.931488499092362,1,62.893700883,4,2,0.62099415063858,0.00270616728812456,0.0609599761664867,0.00491382973268628,0.0140293408185244,0.168138444423676,0.000640934333205223,0.00320467166602612,0.4,-0.79,7.84014780630512,0.00130811458190303,0.00346753551484453,0.0449485126927308,0.0632250594197214,0,0
489885,2010,9,37.2632222,-93.2465,17.9,120245,1.04002484657397,20.8295021057129,1211.8986845231,3.33248561422016,234.783760447459,0.733213450827924,1,62.893700883,4,2,0.62099415063858,0.00270616728812456,0.0609599761664867,0.00491382973268628,0.0140293408185244,0.168138444423676,0.000640934333205223,0.00320467166602612,2.2,-2.45,7.84014780630512,0.00130811458190303,0.00346753551484453,0.0449485126927308,0.0632250594197214,0,0
490034,2010,2,37.4998333,-94.2694444,277.81,120479,0.107799602782536,-0.59887421131134,975.533826716052,0.637722174070681,91.8398651153318,0.116687471962622,3,65.091863616,2,6,0.1551773250103,0.00235009263269603,0.0438683964312077,0.0067654182203114,0.0136020509526134,0.575772702693939,0.018658310174942,0.0276313908398151,-1.5,0.25,21.7623316727666,0.010215157220153,0.00230225208111482,0.00116197434879303,0.0576225917384028,0,0
490035,2010,5,37.4998333,-94.2694444,274.8,120479,0.640773724105692,18.8191699981689,975.533826716052,0.637722174070681,91.8398651153318,0.554663341093739,3,65.091863616,2,6,0.1551773250103,0.00235009263269603,0.0438683964312077,0.0067654182203114,0.0136020509526134,0.575772702693939,0.018658310174942,0.0276313908398151,0.9,-0.18,21.7623316727666,0.010215157220153,0.00230225208111482,0.00116197434879303,0.0576225917384028,0,4.82213134470866e-06
490036,2010,7,37.4998333,-94.2694444,305.6,120479,0.452180297417496,27.02952003479,975.533826716052,0.637722174070681,91.8398651153318,0.753267895098866,3,65.091863616,2,6,0.1551773250103,0.00235009263269603,0.0438683964312077,0.0067654182203114,0.0136020509526134,0.575772702693939,0.018658310174942,0.0276313908398151,1.8,-1.99,21.7623316727666,0.010215157220153,0.00230225208111482,0.00116197434879303,0.0576225917384028,0,3.62796386735501e-05
490037,2010,8,37.4998333,-94.2694444,315.48,120479,0.1523834265875,27.320930480957,975.533826716052,0.637722174070681,91.8398651153318,0.922435852011108,3,65.091863616,2,6,0.1551773250103,0.00235009263269603,0.0438683964312077,0.0067654182203114,0.0136020509526134,0.575772702693939,0.018658310174942,0.0276313908398151,1.8,-2.21,21.7623316727666,0.010215157220153,0.00230225208111482,0.00116197434879303,0.0576225917384028,0,0.000100468005363844
490038,2010,12,37.4998333,-94.2694444,284.6,120479,0.0803615728984034,1.11733531951904,975.533826716052,0.637722174070681,91.8398651153318,0.155900682601205,3,65.091863616,2,6,0.1551773250103,0.00235009263269603,0.0438683964312077,0.0067654182203114,0.0136020509526134,0.575772702693939,0.018658310174942,0.0276313908398151,2.9,-2.04,21.7623316727666,0.010215157220153,0.00230225208111482,0.00116197434879303,0.0576225917384028,0,0
490299,2010,1,37.9888611,-92.7748333,10.88,121011,0.234777370819755,-2.69543814659119,663.848856145704,0.838086180095091,263.813468717204,0.159065617279976,1,42.913385892,3,2,0.210860818624496,0.0104512395337224,0.369606673717499,0.00331897474825382,0.00621425034478307,0.00628486694768071,0.0013417131267488,0.16446578502655,-1.1,0.05,8.58864291187463,0.0119732552422151,0.0012646499072952,0.00150621224913811,0.0660724988391995,0,0
490460,2010,3,38.2779722,-93.3627778,4.14,121366,0.286956096694862,7.36321973800659,725.447848111101,2.90787771769819,99.6967526539592,0.407640452766769,1,42.880577493,2,2,0.0515596084296703,0.00384560599923134,0.322674840688705,0.00897308066487312,0.0265631675720215,0.105113230645657,0.0820395946502686,0.160233587026596,-0.7,-0.16,6.55627861794226,0.00153395030795496,0.000504664162360409,0.000410995435255636,0.0576879595038792,0,0
490461,2010,5,38.2779722,-93.3627778,5.45,121366,0.572321384528911,18.317066192627,725.447848111101,2.90787771769819,99.6967526539592,0.650232471242926,1,42.880577493,2,2,0.0515596084296703,0.00384560599923134,0.322674840688705,0.00897308066487312,0.0265631675720215,0.105113230645657,0.0820395946502686,0.160233587026596,0.9,-0.18,6.55627861794226,0.00153395030795496,0.000504664162360409,0.000410995435255636,0.0576879595038792,0,0
490462,2010,8,38.2779722,-93.3627778,10.86,121366,0.328970556684098,26.7838497161865,725.447848111101,2.90787771769819,99.6967526539592,1.24295983290682,1,42.880577493,2,2,0.0515596084296703,0.00384560599923134,0.322674840688705,0.00897308066487312,0.0265631675720215,0.105113230645657,0.0820395946502686,0.160233587026596,1.8,-2.21,6.55627861794226,0.00153395030795496,0.000504664162360409,0.000410995435255636,0.0576879595038792,0,0
490463,2010,9,38.2779722,-93.3627778,7.36,121366,0.630384881684917,20.5616817474365,725.447848111101,2.90787771769819,99.6967526539592,0.715682263598602,1,42.880577493,2,2,0.0515596084296703,0.00384560599923134,0.322674840688705,0.00897308066487312,0.0265631675720215,0.105113230645657,0.0820395946502686,0.160233587026596,2.2,-2.45,6.55627861794226,0.00153395030795496,0.000504664162360409,0.000410995435255636,0.0576879595038792,0,0
490464,2010,11,38.2779722,-93.3627778,9.01,121366,0.229803796551794,8.435622215271,725.447848111101,2.90787771769819,99.6967526539592,0.359209541806725,1,42.880577493,2,2,0.0515596084296703,0.00384560599923134,0.322674840688705,0.00897308066487312,0.0265631675720215,0.105113230645657,0.0820395946502686,0.160233587026596,1.3,-1.57,6.55627861794226,0.00153395030795496,0.000504664162360409,0.000410995435255636,0.0576879595038792,0,0
490819,2010,1,38.84836779,-92.4293532,4.19666666666667,122414,0.22040867776406,-4.17084550857544,567.5853027,0.268129550732547,129.118565039831,0.160160064940709,3,68.536745511,3,2,0.0109670991078019,0.00256373733282089,0.203817114233971,0.00526990462094545,0.0120353223755956,0.366970509290695,0.0876655727624893,0.100128188729286,-1.1,0.05,1.16329444773594,0.0140041836571131,0.00379075114701518,9.99209528043539e-05,0.0551892934739093,0,0
494588,2010,1,36.7205833333333,-94.2051666666667,157.687419354839,122908,0.221030568536426,-1.17558407783508,1287.2921678976,1.1388419088824,200.387259603509,0.10902921688202,1,53.707349163,3,2,0.0108749382197857,0.00211849436163902,0.0473836585879326,0.00741473073139787,0.0170185714960098,0.76745992898941,0,0,-1.1,0.05,19.0246465301332,0.00279828862596272,0.00151678640513896,0.00025324201843269,0.0381614692655206,0,0
506975,2010,4,30.43241687,-89.2739349,97.87,123241,0.218520803107858,19.5757808685303,107.939610945857,1.2120575464304,300.544096578267,0.846045988472772,2,43.175853084,3,2,0.0248540099710226,0.04173194617033,0.238427579402924,0.0644495114684105,0.0379575565457344,0.0987038910388947,0.160732090473175,0.00135308364406228,1.2,-0.04,13.847883000234,0.00355856679540246,0.00838795882243975,0.0308136173270617,0.106533528280258,0,0
508887,2010,4,32.02833333,-88.4719444,140,129278,0.234349093455489,18.2175598144531,289.684115252485,0.249418270000844,63.6887184669261,0.810535211868983,2,42.257217912,4,4,0.0106110237538815,0.0019940179772675,0.74910980463028,0.0514883920550346,0.0174476578831673,0.00185158813837916,0.0386697053909302,0,1.2,-0.04,1.83616821344134,0.0291995562549804,0.000543443107711843,3.11131550216704e-05,0.0910144752092163,0,0
508919,2010,5,32.05777778,-89.1658333,100,129347,0.38939380955248,23.5891132354736,428.623387250687,4.22120726997853,247.023090479013,0.839104691226457,2,53.346456774,2,4,0.01970199868083,0.0026834262534976,0.51550030708313,0.0490784533321857,0.0696984678506851,0.110020481050014,0.013417131267488,0.00296589219942689,0.9,-0.18,22.2703947821282,0.00605337809440455,0.00228036562717519,7.43135912021711e-05,0.0642231431068977,0,0
509720,2010,3,32.33305556,-89.7541667,182,129930,0.399664055938662,11.3293323516846,408.793323079667,4.89401008462753,52.7458523574381,0.530737980325182,3,58.956693003,2,6,0.011964107863605,0.00178037316072732,0.350875943899155,0.0177325159311295,0.0188007410615683,0.269263625144958,0.114798463881016,0.00185158813837916,-0.7,-0.16,30.4645034422076,0.0118368823717978,0.00341037163825146,0.000130275839661097,0.0129278944028914,0,0
510390,2010,11,32.50319536,-89.2845073,94,130377,0.642968026084708,12.5811576843262,479.401413328113,2.58067181360441,191.798659352739,0.427296156043396,3,38.287401633,4,2,0.0126400459557772,0.00158000574447215,0.498779088258743,0.088408499956131,0.0409365110099316,0.0869721323251724,0.0537920147180557,0.00107727665454149,1.3,-1.57,29.2103309774975,0.00888566033949046,0.000925898154007824,0.000119150432687334,0.0763270858906706,0,0
510673,2010,12,32.67708029,-88.7747714,178,130720,0.324357426252807,5.23467111587524,456.499512603307,3.06035895943998,252.52043641783,0.335094922993094,3,41.929133922,4,2,0.0108445845544338,0.00179546105209738,0.477664470672607,0.0370583161711693,0.0180982481688261,0.0910657867789268,0.172507897019386,0.00172364257741719,2.9,-2.04,29.3186894058964,0.00217510350592427,0.000388223440638122,3.93849867314036e-05,0.0530037612440189,0,0
525113,2010,9,34.0029861,-88.81646389,200.62,137287,0.0857883239408054,24.4678840637207,343.856258870801,1.87696033296101,255.420567141252,0.980891532086069,1,54.921259926,2,2,0.00988630764186382,0.00204787799157202,0.209448486566544,0.0177247375249863,0.0236565209925175,0.450250685214996,0.0388390645384789,0.00466068787500262,2.2,-2.45,20.1734799093471,0.00598434979882718,0.000930029326677966,0.00184008869848861,0.0100324374810234,0,0
525426,2010,6,34.03305556,-89.9244444,24.13,137404,0.126088610663045,28.222282409668,288.068645814538,3.28163080182145,82.0466652421064,0.982516432926434,2,71.030183835,3,4,0.0538097582757473,0.00324835814535618,0.243132546544075,0.0128521993756294,0.0285290591418743,0.407386481761932,0.0309300199151039,0.00586116779595613,0.4,-0.79,1.2745865666935,0.0101991079131732,0.000560881787414461,0.000499853199146567,0.0292362006038924,0,9.63634672566569e-05
525761,2010,8,34.06121995,-89.0722862,82.25,137478,0.163264450061084,28.7873840332031,339.70740792068,1.73886829901069,294.550769484516,0.712193267382925,3,100.918635324,4,6,0.00783842988312244,0.00197726138867438,0.201539441943169,0.00981569103896618,0.0156768597662449,0.486053258180618,0.0574818179011345,0.000706164806615561,1.8,-2.21,5.93818392617426,0.0058049970904837,0.000930029326677966,0.00184008869848861,0.0323798788328966,0,0
526812,2010,7,34.2283333,-89.0188889,40,137939,0.367451665841089,27.956579208374,442.535727120646,7.187888713937,278.579120688538,0.979438643054425,1,57.250656255,4,4,0.030506320297718,0.00303650880232453,0.492126256227493,0.0473836585879326,0.0269754957407713,0.123225763440132,0.0206200126558542,0.0139820631593466,1.8,-1.99,24.090801986507,0.00637012889442669,0.00110828881579038,7.17803637169935e-05,0.0616959385168056,0,0
528780,2010,5,34.52916667,-89.9463889,80,138718,0.657624823901518,22.8404426574707,342.800638602605,1.58340238624427,317.766647957037,0.639874516856488,2,150.229659021,2,4,0.0465745627880096,0.0022788776550442,0.180743485689163,0.0113231735303998,0.0177325159311295,0.536105990409851,0.0121777523308992,0.00149551348295063,0.9,-0.18,12.2827714070466,0.00437880282850617,0.00708934990102778,0.000338656714696579,0.0482928984765212,0,3.7072123893626e-05
531598,2010,3,45.1638528,-107.5853758,9.01,140345,0.0501696801384994,4.5132884979248,4007.38720601133,2.10623042919828,69.8751042872025,0.236824616719574,3,113.549868939,7,2,0.00466068787500262,0.000847397779580206,0.00628486694768071,0.0987924560904503,0.205423340201378,0.0729468241333961,0.179012775421143,0.0644022300839424,-0.7,-0.16,2.96736288083678,0.0080559839142136,0.00023745678235331,0.00745063672166545,0.00563731130769476,0,0
531599,2010,4,45.1638528,-107.5853758,7.53,140345,0.333152381021663,6.45264482498169,4007.38720601133,2.10623042919828,69.8751042872025,0.435297708847604,3,113.549868939,7,2,0.00466068787500262,0.000847397779580206,0.00628486694768071,0.0987924560904503,0.205423340201378,0.0729468241333961,0.179012775421143,0.0644022300839424,1.2,-0.04,2.96736288083678,0.0080559839142136,0.00023745678235331,0.00745063672166545,0.00563731130769476,0,0
531600,2010,6,45.1638528,-107.5853758,2.11,140345,0.195937494891167,15.8118600845337,4007.38720601133,2.10623042919828,69.8751042872025,0.624305045208243,3,113.549868939,7,2,0.00466068787500262,0.000847397779580206,0.00628486694768071,0.0987924560904503,0.205423340201378,0.0729468241333961,0.179012775421143,0.0644022300839424,0.4,-0.79,2.96736288083678,0.0080559839142136,0.00023745678235331,0.00745063672166545,0.00563731130769476,0,2.16251913239199e-06
531601,2010,7,45.1638528,-107.5853758,4.61,140345,0.0997369685149641,20.0891075134277,4007.38720601133,2.10623042919828,69.8751042872025,0.792380707110443,3,113.549868939,7,2,0.00466068787500262,0.000847397779580206,0.00628486694768071,0.0987924560904503,0.205423340201378,0.0729468241333961,0.179012775421143,0.0644022300839424,1.8,-1.99,2.96736288083678,0.0080559839142136,0.00023745678235331,0.00745063672166545,0.00563731130769476,0,3.15770538541191e-06
531602,2010,8,45.1638528,-107.5853758,7.04,140345,0.0832940213025221,20.1130409240723,4007.38720601133,2.10623042919828,69.8751042872025,0.666027120165802,3,113.549868939,7,2,0.00466068787500262,0.000847397779580206,0.00628486694768071,0.0987924560904503,0.205423340201378,0.0729468241333961,0.179012775421143,0.0644022300839424,1.8,-2.21,2.96736288083678,0.0080559839142136,0.00023745678235331,0.00745063672166545,0.00563731130769476,0,2.00591621948022e-06
531603,2010,10,45.1638528,-107.5853758,8.62,140345,0.0347087609075234,11.3226528167725,4007.38720601133,2.10623042919828,69.8751042872025,0.264942489986687,3,113.549868939,7,2,0.00466068787500262,0.000847397779580206,0.00628486694768071,0.0987924560904503,0.205423340201378,0.0729468241333961,0.179012775421143,0.0644022300839424,1.7,-1.6,2.96736288083678,0.0080559839142136,0.00023745678235331,0.00745063672166545,0.00563731130769476,0,5.7097240704306e-07
531796,2010,11,45.64165,-108.80955,8.29,141019,0.14808826268796,-0.380591720342636,3319.02516020854,2.64969108481076,96.5373951797359,0.0918758073335976,4,116.305774455,3,2,0.0188719555735588,0.00299102696590126,0.0106822391971946,0.0380287691950798,0.059749323874712,0.39203816652298,0.111522577702999,0.0439396090805531,1.3,-1.57,4.58881064108741,0.0363442107406107,0.000418708178200936,0.023338500594274,0.00435466955605894,0,5.55206467025807e-07
532084,2010,3,45.69245019,-108.6984748,4.14,141101,0.0248451715131125,6.43925285339355,3280.88043584667,1.36475742240165,104.761221911159,0.315624748169064,4,102.723097269,3,2,0.0517020374536514,0.00313345668837428,0.00712149264290929,0.0363196134567261,0.0681526884436607,0.603973805904388,0.0277738217264414,0.00498504471033812,-0.7,-0.16,19.8779597672163,0.0328560415000724,0.000418708178200936,0.023338500594274,0.00407288590408241,0,0
532085,2010,4,45.69245019,-108.6984748,4.42,141101,0.103190339613242,8.1353006362915,3280.88043584667,1.36475742240165,104.761221911159,0.540413994997298,4,102.723097269,3,2,0.0517020374536514,0.00313345668837428,0.00712149264290929,0.0363196134567261,0.0681526884436607,0.603973805904388,0.0277738217264414,0.00498504471033812,1.2,-0.04,19.8779597672163,0.0328560415000724,0.000418708178200936,0.023338500594274,0.00407288590408241,0,0
532086,2010,6,45.69245019,-108.6984748,4.5,141101,0.274887335686986,17.596227645874,3280.88043584667,1.36475742240165,104.761221911159,0.71710276274659,4,102.723097269,3,2,0.0517020374536514,0.00313345668837428,0.00712149264290929,0.0363196134567261,0.0681526884436607,0.603973805904388,0.0277738217264414,0.00498504471033812,0.4,-0.79,19.8779597672163,0.0328560415000724,0.000418708178200936,0.023338500594274,0.00407288590408241,0,5.89191835347701e-06
532087,2010,7,45.69245019,-108.6984748,4.77,141101,0.0873178448339745,21.5837268829346,3280.88043584667,1.36475742240165,104.761221911159,0.877612157839005,4,102.723097269,3,2,0.0517020374536514,0.00313345668837428,0.00712149264290929,0.0363196134567261,0.0681526884436607,0.603973805904388,0.0277738217264414,0.00498504471033812,1.8,-1.99,19.8779597672163,0.0328560415000724,0.000418708178200936,0.023338500594274,0.00407288590408241,0,1.63841364049862e-05
532088,2010,9,45.69245019,-108.6984748,3.49,141101,0.0738389849846477,15.3941869735718,3280.88043584667,1.36475742240165,104.761221911159,0.474109750502138,4,102.723097269,3,2,0.0517020374536514,0.00313345668837428,0.00712149264290929,0.0363196134567261,0.0681526884436607,0.603973805904388,0.0277738217264414,0.00498504471033812,2.2,-2.45,19.8779597672163,0.0328560415000724,0.000418708178200936,0.023338500594274,0.00407288590408241,0,2.21039812126029e-06
533506,2010,11,46.0315111,-107.5398889,15.69,141710,0.116528951766954,-0.749811351299286,2880.88990982121,2.97691576184831,71.9502512534783,0.107533187228675,2,88.024934517,4,2,0.00405925093218684,0.000997008988633752,0.0302663445472717,0.115866683423519,0.27617147564888,0.313630551099777,0.023073635995388,0,1.3,-1.57,75.2178516179586,0.0417637230739795,0.00023745678235331,0.00745063672166545,0.00522699413643529,0,0
533625,2010,4,46.2554771,-114.1550942,17.64,141941,0.0777800253300705,6.95784950256348,3558.13830980228,0.559082107210773,219.967528282317,0.644762085220088,4,135.761155062,3,2,0.369041740894318,0.0040251393802464,0.0171598047018051,0.0641903802752495,0.0734411403536797,0.105501025915146,0.0836805328726768,0.00755596347153187,1.2,-0.04,1.78093848693146,0.0294323543473947,0.000554354744205532,0.00956666462892206,0.00474125806548943,0,0
533626,2010,6,46.2554771,-114.1550942,8.33,141941,0.205542572213761,15.0328807830811,3558.13830980228,0.559082107210773,219.967528282317,0.842747326627515,4,135.761155062,3,2,0.369041740894318,0.0040251393802464,0.0171598047018051,0.0641903802752495,0.0734411403536797,0.105501025915146,0.0836805328726768,0.00755596347153187,0.4,-0.79,1.78093848693146,0.0294323543473947,0.000554354744205532,0.00956666462892206,0.00474125806548943,0,2.28022589884659e-06
533627,2010,10,46.2554771,-114.1550942,10.9,141941,0.109384566946415,9.21821975708008,3558.13830980228,0.559082107210773,219.967528282317,0.434337776824251,4,135.761155062,3,2,0.369041740894318,0.0040251393802464,0.0171598047018051,0.0641903802752495,0.0734411403536797,0.105501025915146,0.0836805328726768,0.00755596347153187,1.7,-1.6,1.78093848693146,0.0294323543473947,0.000554354744205532,0.00956666462892206,0.00474125806548943,0,2.19409316285605e-06
533750,2010,3,46.3937861,-110.9461917,29.69,142222,0.0670076669124556,2.8403754234314,5262.45450395316,1.28831368569897,137.144943019896,0.322589974881203,6,107.316273129,4,2,0.00299102696590126,0.000356074626324698,0.00106822384987026,0.135806858539581,0.583107829093933,0.0346816703677177,0.00263495231047273,0.00135308364406228,-0.7,-0.16,0.339680965381712,0.0160247007161883,0.000129752030798569,0.0129151326952279,0.00505568435067932,0,0
533802,2010,4,46.40205556,-110.94595,105.6,142239,0.120308781103344,4.2134690284729,5292.59052013269,1.91061266418053,107.050552400794,0.521289696071539,4,95.603674686,4,2,0.00353082409128547,0.000918014266062528,0.00240096030756831,0.0696984678506851,0.48690065741539,0.172869145870209,0.00466068787500262,0.00741473073139787,1.2,-0.04,33.7915627550139,0.0417177583216131,0.000129752030798569,0.0129151326952279,0.00730066580311706,0,0
533803,2010,5,46.40205556,-110.94595,105.78,142239,0.267408201168551,6.58064222335815,5292.59052013269,1.91061266418053,107.050552400794,0.554226453126709,4,95.603674686,4,2,0.00353082409128547,0.000918014266062528,0.00240096030756831,0.0696984678506851,0.48690065741539,0.172869145870209,0.00466068787500262,0.00741473073139787,0.9,-0.18,33.7915627550139,0.0417177583216131,0.000129752030798569,0.0129151326952279,0.00730066580311706,0,0
533804,2010,6,46.40205556,-110.94595,107.16,142239,0.37738950291123,12.3528280258179,5292.59052013269,1.91061266418053,107.050552400794,0.640177990542307,4,95.603674686,4,2,0.00353082409128547,0.000918014266062528,0.00240096030756831,0.0696984678506851,0.48690065741539,0.172869145870209,0.00466068787500262,0.00741473073139787,0.4,-0.79,33.7915627550139,0.0417177583216131,0.000129752030798569,0.0129151326952279,0.00730066580311706,0,1.15445345499787e-09
533805,2010,7,46.40205556,-110.94595,105.72,142239,0.116476637348993,16.5957450866699,5292.59052013269,1.91061266418053,107.050552400794,0.828542235024353,4,95.603674686,4,2,0.00353082409128547,0.000918014266062528,0.00240096030756831,0.0696984678506851,0.48690065741539,0.172869145870209,0.00466068787500262,0.00741473073139787,1.8,-1.99,33.7915627550139,0.0417177583216131,0.000129752030798569,0.0129151326952279,0.00730066580311706,0,1.10344760234979e-06
533806,2010,8,46.40205556,-110.94595,105.66,142239,0.225308986816054,15.9867429733276,5292.59052013269,1.91061266418053,107.050552400794,0.67755366350771,4,95.603674686,4,2,0.00353082409128547,0.000918014266062528,0.00240096030756831,0.0696984678506851,0.48690065741539,0.172869145870209,0.00466068787500262,0.00741473073139787,1.8,-2.21,33.7915627550139,0.0417177583216131,0.000129752030798569,0.0129151326952279,0.00730066580311706,0,6.83331495044651e-07
533874,2010,6,46.41655556,-112.2851667,23.52,142256,0.503183851230949,8.11462306976318,7567.3008333581,13.4283008657166,198.500692502536,0.752803222919426,7,35.564304516,1,3,0,0.0725937411189079,0.81378436088562,0.035167008638382,0.00176541204564273,7.06164792063646e-05,0.000211849444895051,0,0.4,-0.79,6.97997612399654,0.0124674974880779,0.000299079268559692,0.00759054514640192,0.132372116543452,0,0
533875,2010,7,46.41655556,-112.2851667,25.87,142256,0.144558190893396,12.3991041183472,7567.3008333581,13.4283008657166,198.500692502536,1.00663573250378,7,35.564304516,1,3,0,0.0725937411189079,0.81378436088562,0.035167008638382,0.00176541204564273,7.06164792063646e-05,0.000211849444895051,0,1.8,-1.99,6.97997612399654,0.0124674974880779,0.000299079268559692,0.00759054514640192,0.132372116543452,0,0
533876,2010,9,46.41655556,-112.2851667,25.65,142256,0.147244173308781,8.57418155670166,7567.3008333581,13.4283008657166,198.500692502536,0.57966793078326,7,35.564304516,1,3,0,0.0725937411189079,0.81378436088562,0.035167008638382,0.00176541204564273,7.06164792063646e-05,0.000211849444895051,0,2.2,-2.45,6.97997612399654,0.0124674974880779,0.000299079268559692,0.00759054514640192,0.132372116543452,0,0
535781,2010,1,46.6524356,-112.079529,37.23,142950,0.0432895331903083,-4.14327526092529,4056.7450735318,1.71291421516851,175.892653437609,0.0273720799258919,7,72.539370189,3,2,0.00242130761034787,0.000854579091537744,0.262355804443359,0.0481412895023823,0.450932919979095,0,0,0,-1.1,0.05,35.5315459283358,0.0532018391586227,0.000483273971348225,0.00585316756277157,0.00415985186981969,0,0
535782,2010,2,46.6524356,-112.079529,37.62,142950,0.0140712439758441,-1.6210503578186,4056.7450735318,1.71291421516851,175.892653437609,0.0778842974767794,7,72.539370189,3,2,0.00242130761034787,0.000854579091537744,0.262355804443359,0.0481412895023823,0.450932919979095,0,0,0,-1.5,0.25,35.5315459283358,0.0532018391586227,0.000483273971348225,0.00585316756277157,0.00415985186981969,0,0
535783,2010,3,46.6524356,-112.079529,37.74,142950,0.0267785741056641,4.4252781867981,4056.7450735318,1.71291421516851,175.892653437609,0.342927442656397,7,72.539370189,3,2,0.00242130761034787,0.000854579091537744,0.262355804443359,0.0481412895023823,0.450932919979095,0,0,0,-0.7,-0.16,35.5315459283358,0.0532018391586227,0.000483273971348225,0.00585316756277157,0.00415985186981969,0,0
536596,2010,1,47.11916776,-106.1044707,31,143587,0.0490683114554858,-9.32603645324707,2659.52309986975,4.28284871426784,340.954128080523,0.0311402010952955,3,86.843832153,4,2,0.00370317627675831,0.000925794069189578,0.0022788776550442,0.0447229743003845,0.626548945903778,0.153539374470711,7.12149267201312e-05,0,-1.1,0.05,2.59591017576996,0.0201061548412241,1.92830042531949e-05,0.000113324732688007,0.00492244023751467,0,0
536597,2010,6,47.11916776,-106.1044707,30.54,143587,0.204475758580506,16.9166145324707,2659.52309986975,4.28284871426784,340.954128080523,0.729622779413319,3,86.843832153,4,2,0.00370317627675831,0.000925794069189578,0.0022788776550442,0.0447229743003845,0.626548945903778,0.153539374470711,7.12149267201312e-05,0,0.4,-0.79,2.59591017576996,0.0201061548412241,1.92830042531949e-05,0.000113324732688007,0.00492244023751467,0,0
536598,2010,7,47.11916776,-106.1044707,30.85,143587,0.197793104817824,20.675760269165,2659.52309986975,4.28284871426784,340.954128080523,0.877780364962784,3,86.843832153,4,2,0.00370317627675831,0.000925794069189578,0.0022788776550442,0.0447229743003845,0.626548945903778,0.153539374470711,7.12149267201312e-05,0,1.8,-1.99,2.59591017576996,0.0201061548412241,1.92830042531949e-05,0.000113324732688007,0.00492244023751467,0,0
536599,2010,9,47.11916776,-106.1044707,31.45,143587,0.146007538063728,13.8644456863403,2659.52309986975,4.28284871426784,340.954128080523,0.428295786950427,3,86.843832153,4,2,0.00370317627675831,0.000925794069189578,0.0022788776550442,0.0447229743003845,0.626548945903778,0.153539374470711,7.12149267201312e-05,0,2.2,-2.45,2.59591017576996,0.0201061548412241,1.92830042531949e-05,0.000113324732688007,0.00492244023751467,0,0
536698,2010,3,47.20187186,-114.9326324,194.84,143651,0.133655665943723,4.05105686187744,2986.57723360338,19.2690636888672,56.0136950669467,0.445545027000842,4,80.807086737,3,2,0.0336846597492695,0.00299102696590126,0.367041736841202,0.233442530035973,0.0786212757229805,0.000356074626324698,0.000142429853440262,0.0139581253752112,-0.7,-0.16,266.180464380716,0.046196534489182,0.000368029693636465,0.000246920880714561,0.0138399315813308,0,0
536700,2010,9,47.20187186,-114.9326324,193.38,143651,0.179411094918208,13.4691848754883,2986.57723360338,19.2690636888672,56.0136950669467,0.71649376284755,4,80.807086737,3,2,0.0336846597492695,0.00299102696590126,0.367041736841202,0.233442530035973,0.0786212757229805,0.000356074626324698,0.000142429853440262,0.0139581253752112,2.2,-2.45,266.180464380716,0.046196534489182,0.000368029693636465,0.000246920880714561,0.0138399315813308,0,0
537359,2010,3,48.046595,-115.964617,241.79,144300,0.244983763579037,4.6522364616394,2470.70908614127,3.95739836900637,16.3203667972341,0.411959370916379,4,77.690288832,3,2,0.017936585471034,0.00466068787500262,0.578419625759125,0.163900852203369,0.0119341854006052,0.00148294609971344,0.0391215309500694,0.00395452277734876,-0.7,-0.16,67.6954951276508,0.0225160058689356,0.000324843177174286,0.00288027617094533,0.0599645217962066,0,0
537360,2010,6,48.046595,-115.964617,238.54,144300,0.464086808637227,14.5531053543091,2470.70908614127,3.95739836900637,16.3203667972341,0.800804529881639,4,77.690288832,3,2,0.017936585471034,0.00466068787500262,0.578419625759125,0.163900852203369,0.0119341854006052,0.00148294609971344,0.0391215309500694,0.00395452277734876,0.4,-0.79,67.6954951276508,0.0225160058689356,0.000324843177174286,0.00288027617094533,0.0599645217962066,0,0
537490,2010,4,48.1163378,-115.4190573,1.29,144372,0.325765059558291,4.12089872360229,3034.7769075,0.0976247845373641,84.814982849586,0.665555990034288,4,83.923884642,5,5,0.0171598047018051,0.00310712517239153,0.787232518196106,0.0341783761978149,0.030718170106411,0.00508438656106591,0.00338959111832082,7.06164792063646e-05,1.2,-0.04,23.185358933775,0.0199301394233384,9.59042523341186e-05,0.000616135890505725,0.0411312150537968,0,0
537491,2010,5,48.1163378,-115.4190573,1.4,144372,0.405212663280222,6.72439384460449,3034.7769075,0.0976247845373641,84.814982849586,0.84970359230538,4,83.923884642,5,5,0.0171598047018051,0.00310712517239153,0.787232518196106,0.0341783761978149,0.030718170106411,0.00508438656106591,0.00338959111832082,7.06164792063646e-05,0.9,-0.18,23.185358933775,0.0199301394233384,9.59042523341186e-05,0.000616135890505725,0.0411312150537968,0,0
537493,2010,7,48.1163378,-115.4190573,2.62,144372,0.208945950502818,15.169038772583,3034.7769075,0.0976247845373641,84.814982849586,1.16234156267119,4,83.923884642,5,5,0.0171598047018051,0.00310712517239153,0.787232518196106,0.0341783761978149,0.030718170106411,0.00508438656106591,0.00338959111832082,7.06164792063646e-05,1.8,-1.99,23.185358933775,0.0199301394233384,9.59042523341186e-05,0.000616135890505725,0.0411312150537968,0,0
537494,2010,8,48.1163378,-115.4190573,4.73,144372,0.109636602293042,14.821346282959,3034.7769075,0.0976247845373641,84.814982849586,1.10621765384962,4,83.923884642,5,5,0.0171598047018051,0.00310712517239153,0.787232518196106,0.0341783761978149,0.030718170106411,0.00508438656106591,0.00338959111832082,7.06164792063646e-05,1.8,-2.21,23.185358933775,0.0199301394233384,9.59042523341186e-05,0.000616135890505725,0.0411312150537968,0,0
537552,2010,7,48.12229645,-105.1826477,58.53,144382,0.272569681817198,20.8315448760986,1998.8989399397,0.866854284746634,184.35673652221,0.991717062227298,3,214.862205051,4,2,0.0811383351683617,0.00204787799157202,0.00480192061513662,0.00430760532617569,0.106983967125416,0.609067142009735,0.0332603640854359,0.0102393897250295,1.8,-1.99,42.7392305688369,0.0186776682139872,0.000239199905321322,0.00500680614006331,0.00521997815244521,0,5.25865832514457e-06
537598,2010,4,48.16305556,-104.6191667,6.85,144452,0.0894876103497339,8.23108291625977,1909.4488218,0.0862005027453603,268.476111592484,0.589894373230957,4,164.501312586,4,4,0.00548354955390096,0.00149551348295063,0.00519868964329362,0.00740635255351663,0.31712007522583,0.380999863147736,0.0922945439815521,0.00106822384987026,1.2,-0.04,4.84363183998073,0.0123449601123667,0.000239199905321322,0.00500680614006331,0.00726096542713543,0,0
537599,2010,6,48.16305556,-104.6191667,7.46,144452,0.25399353286222,17.7940731048584,1909.4488218,0.0862005027453603,268.476111592484,0.789541260725432,4,164.501312586,4,4,0.00548354955390096,0.00149551348295063,0.00519868964329362,0.00740635255351663,0.31712007522583,0.380999863147736,0.0922945439815521,0.00106822384987026,0.4,-0.79,4.84363183998073,0.0123449601123667,0.000239199905321322,0.00500680614006331,0.00726096542713543,0,4.08540502418959e-10
537600,2010,9,48.16305556,-104.6191667,6.42,144452,0.0463586404959394,13.7024488449097,1909.4488218,0.0862005027453603,268.476111592484,0.448089910672664,4,164.501312586,4,4,0.00548354955390096,0.00149551348295063,0.00519868964329362,0.00740635255351663,0.31712007522583,0.380999863147736,0.0922945439815521,0.00106822384987026,2.2,-2.45,4.84363183998073,0.0123449601123667,0.000239199905321322,0.00500680614006331,0.00726096542713543,0,2.0427025120948e-10
537601,2010,10,48.16305556,-104.6191667,6.36,144452,0.107198737900643,9.47024631500244,1909.4488218,0.0862005027453603,268.476111592484,0.27533646372597,4,164.501312586,4,4,0.00548354955390096,0.00149551348295063,0.00519868964329362,0.00740635255351663,0.31712007522583,0.380999863147736,0.0922945439815521,0.00106822384987026,1.7,-1.6,4.84363183998073,0.0123449601123667,0.000239199905321322,0.00500680614006331,0.00726096542713543,0,1.36180167472986e-10
537610,2010,3,48.1658333,-104.6191667,6.02,144459,0,0.939323127269745,1912.7296617,0.334999327739786,270.280472200885,0.209348020596459,4,164.501312586,6,7,0.00548354955390096,0.00149551348295063,0.00519868964329362,0.00740635255351663,0.31712007522583,0.380999863147736,0.0922945439815521,0.00106822384987026,-0.7,-0.16,0.912270502759972,0.0202827448488088,0.000239199905321322,0.00500680614006331,0.00726096542713543,0,0
538599,2010,3,47.0028002,-109.3428159,28.09,145452,0.0229806537426802,4.25071716308594,4210.10926778653,7.06777172609677,247.061742726853,0.395136430795292,4,70.898950239,4,2,0.000494315347168595,0.000282465916825458,0.173645928502083,0.496151387691498,0.0480192080140114,0.0261280983686447,0.0194195322692394,0.00183602853212506,-0.7,-0.16,6.99279659813504,0.00205742094040746,0.000109791372885581,0.00154369315852378,0.0157808429255709,0,0
538600,2010,6,47.0028002,-109.3428159,27,145452,0.434418826625858,13.9372062683105,4210.10926778653,7.06777172609677,247.061742726853,0.927032812531393,4,70.898950239,4,2,0.000494315347168595,0.000282465916825458,0.173645928502083,0.496151387691498,0.0480192080140114,0.0261280983686447,0.0194195322692394,0.00183602853212506,0.4,-0.79,6.99279659813504,0.00205742094040746,0.000109791372885581,0.00154369315852378,0.0157808429255709,0,4.67977317966406e-07
538601,2010,9,47.0028002,-109.3428159,27.81,145452,0.182746739802957,12.5172824859619,4210.10926778653,7.06777172609677,247.061742726853,0.59524526210961,4,70.898950239,4,2,0.000494315347168595,0.000282465916825458,0.173645928502083,0.496151387691498,0.0480192080140114,0.0261280983686447,0.0194195322692394,0.00183602853212506,2.2,-2.45,6.99279659813504,0.00205742094040746,0.000109791372885581,0.00154369315852378,0.0157808429255709,0,1.21445905382859e-06
538602,2010,12,47.0028002,-109.3428159,26.93,145452,0.0685889077415634,-4.59710693359375,4210.10926778653,7.06777172609677,247.061742726853,0.00560345143696818,4,70.898950239,4,2,0.000494315347168595,0.000282465916825458,0.173645928502083,0.496151387691498,0.0480192080140114,0.0261280983686447,0.0194195322692394,0.00183602853212506,2.9,-2.04,6.99279659813504,0.00205742094040746,0.000109791372885581,0.00154369315852378,0.0157808429255709,0,0
538679,2010,5,46.94732,-104.08065,40.03,145453,0.471582688775574,9.76623725891113,2815.30722732958,0.710160222655467,196.096753333865,0.557861979774321,3,188.845144644,4,2,0.0143351461738348,0.00105924718081951,0.00324835814535618,0.00204787799157202,0.136925354599953,0.754466474056244,7.06164792063646e-05,0,0.9,-0.18,32.6842054478391,0.0182981714793224,0.000239150036102688,0.000321559845840776,0.00539010799809049,0,9.63555597254502e-08
538680,2010,8,46.94732,-104.08065,39.41,145453,0.127430425422104,20.5187473297119,2815.30722732958,0.710160222655467,196.096753333865,0.731837606666368,3,188.845144644,4,2,0.0143351461738348,0.00105924718081951,0.00324835814535618,0.00204787799157202,0.136925354599953,0.754466474056244,7.06164792063646e-05,0,1.8,-2.21,32.6842054478391,0.0182981714793224,0.000239150036102688,0.000321559845840776,0.00539010799809049,0,1.38055459789765e-06
538681,2010,11,46.94732,-104.08065,39.61,145453,0.136409419309648,-2.7752673625946,2815.30722732958,0.710160222655467,196.096753333865,0.0840596953741093,3,188.845144644,4,2,0.0143351461738348,0.00105924718081951,0.00324835814535618,0.00204787799157202,0.136925354599953,0.754466474056244,7.06164792063646e-05,0,1.3,-1.57,32.6842054478391,0.0182981714793224,0.000239150036102688,0.000321559845840776,0.00539010799809049,0,0
538832,2010,1,46.25538698,-114.1551702,15.6441935483871,145454,0.0753297268768473,-0.53664642572403,3558.85937749299,0.454499050593842,149.812663886406,0.0665622246620098,4,135.761155062,3,2,0.369041740894318,0.0040251393802464,0.0171598047018051,0.0641903802752495,0.0734411403536797,0.105501025915146,0.0836805328726768,0.00755596347153187,-1.1,0.05,1.78093848693146,0.0293868206639921,0.000554354744205532,0.00956666462892206,0.00474125806548943,0,0
539103,2010,1,46.359151,-108.441229,146.84,145456,0.0816586012592148,-4.87556266784668,3825.79414484085,3.16073208917674,64.4465018564038,0.00681832629336569,3,116.568241647,4,2,0.00150818726979196,0.000574547564610839,0.428037911653519,0.194556161761284,0.106506749987602,0.00395001424476504,0,0,-1.1,0.05,157.957277513038,0.0195267949876532,0.000215200307632927,0.0054338077677314,0.00744509668555731,0,0
539104,2010,4,46.359151,-108.441229,146.76,145456,0.152736398723806,6.71728658676147,3825.79414484085,3.16073208917674,64.4465018564038,0.527732729775302,3,116.568241647,4,2,0.00150818726979196,0.000574547564610839,0.428037911653519,0.194556161761284,0.106506749987602,0.00395001424476504,0,0,1.2,-0.04,157.957277513038,0.0195267949876532,0.000215200307632927,0.0054338077677314,0.00744509668555731,0,0
539526,2010,5,48.36987,-106.79305,49.59,145461,0.348685758224597,10.2888154983521,2256.76840403381,2.29758254106934,264.586810284029,0.605681462845592,3,155.675853255,4,2,0.00270616728812456,0.00078336417209357,0.00106822384987026,0.0598917528986931,0.669918835163116,0.04173194617033,0.0231448505073786,0,0.9,-0.18,71.3347763985615,0.0473021793576605,0.000154886510293913,0.00529001376625853,0.00474427131781355,0,2.88546370022949e-10
539527,2010,11,48.36987,-106.79305,49.16,145461,0.0371123236872368,-3.1251049041748,2256.76840403381,2.29758254106934,264.586810284029,0.0712594023358412,3,155.675853255,4,2,0.00270616728812456,0.00078336417209357,0.00106822384987026,0.0598917528986931,0.669918835163116,0.04173194617033,0.0231448505073786,0,1.3,-1.57,71.3347763985615,0.0473021793576605,0.000154886510293913,0.00529001376625853,0.00474427131781355,0,0
539660,2010,6,48.67434,-106.21502,44.2506666666667,145462,0.232060900863185,15.3677024841309,2880.24273694035,1.14095462628673,108.184512085508,0.785945282776566,3,137.532808608,1,2,0.00341831636615098,0.000498504494316876,0.00170915818307549,0.000712149252649397,0.00705027766525745,0.933200418949127,0.00761999702081084,0,0.4,-0.79,7.05346270629609,0.077831022746584,0.000154886510293913,0.00529001376625853,0.00456150485848387,0,3.81703957959498e-06
539661,2010,7,48.67434,-106.21502,44.211935483871,145462,0.0807660334355444,18.3163928985596,2880.24273694035,1.14095462628673,108.184512085508,0.872726942372672,3,137.532808608,1,2,0.00341831636615098,0.000498504494316876,0.00170915818307549,0.000712149252649397,0.00705027766525745,0.933200418949127,0.00761999702081084,0,1.8,-1.99,7.05346270629609,0.077831022746584,0.000154886510293913,0.00529001376625853,0.00456150485848387,0,1.21633142849185e-05
539662,2010,8,48.67434,-106.21502,44.4045161290323,145462,0.153682726495407,18.4240303039551,2880.24273694035,1.14095462628673,108.184512085508,0.722178062275122,3,137.532808608,1,2,0.00341831636615098,0.000498504494316876,0.00170915818307549,0.000712149252649397,0.00705027766525745,0.933200418949127,0.00761999702081084,0,1.8,-2.21,7.05346270629609,0.077831022746584,0.000154886510293913,0.00529001376625853,0.00456150485848387,0,6.7023726936474e-06
539663,2010,9,48.67434,-106.21502,44.6556666666667,145462,0.154461460398368,11.1644172668457,2880.24273694035,1.14095462628673,108.184512085508,0.390828601299825,3,137.532808608,1,2,0.00341831636615098,0.000498504494316876,0.00170915818307549,0.000712149252649397,0.00705027766525745,0.933200418949127,0.00761999702081084,0,2.2,-2.45,7.05346270629609,0.077831022746584,0.000154886510293913,0.00529001376625853,0.00456150485848387,0,0
540645,2010,8,48.60748,-108.25394,30.54,145472,0.168418872017929,19.0325393676758,2836.81306682971,3.95081928285132,193.423668344978,0.752524329500803,3,151.509186582,4,2,0.000423698889790103,0.000282465916825458,0.000353082403307781,0.0250688511878252,0.779535353183746,0.00459007127210498,0.0313537195324898,0.00388390640728176,1.8,-2.21,7.33224661507323,0.00560847685947633,0.000142417176244241,0.00659645448108017,0.00531998075040678,0,0
540646,2010,11,48.60748,-108.25394,31.26,145472,0.134845981652681,-3.6044602394104,2836.81306682971,3.95081928285132,193.423668344978,0.0601951907915171,3,151.509186582,4,2,0.000423698889790103,0.000282465916825458,0.000353082403307781,0.0250688511878252,0.779535353183746,0.00459007127210498,0.0313537195324898,0.00388390640728176,1.3,-1.57,7.33224661507323,0.00560847685947633,0.000142417176244241,0.00659645448108017,0.00531998075040678,0,0
540709,2010,5,48.49470864,-108.0123059,59.77,145473,0.24175135831959,9.35132694244385,2556.91560768534,3.67152543790678,206.150624050039,0.56581677500305,2,125.32808418,4,2,0.0022788776550442,0.000356074626324698,0.00078336417209357,0.306081742048264,0.336561739444733,0.0682951137423515,0.00192280299961567,0,0.9,-0.18,13.653664159127,0.00156821849788566,0.000142417176244241,0.00659645448108017,0.00474677888151879,0,0
541256,2010,1,46.77860688,-105.3031415,33.521935483871,145477,0.0177709527798936,-9.31507015228271,2266.34644191925,0.0976753373178023,93.0964385875781,0.0356760207040149,3,123.786089427,4,2,0.0675829648971558,0.00192280299961567,0.00683663273230195,0.0418743751943111,0.331719130277634,0.283221751451492,0.0158809293061495,0.0390257798135281,-1.1,0.05,1.81053762948908,0.0165210197923692,0.000207224067860113,0.00575108707854004,0.00442426819872111,1,0
541257,2010,2,46.77860688,-105.3031415,33.5360714285714,145477,0.0195317271797317,-10.0865163803101,2266.34644191925,0.0976753373178023,93.0964385875781,0.0191167521329281,3,123.786089427,4,2,0.0675829648971558,0.00192280299961567,0.00683663273230195,0.0418743751943111,0.331719130277634,0.283221751451492,0.0158809293061495,0.0390257798135281,-1.5,0.25,1.81053762948908,0.0165210197923692,0.000207224067860113,0.00575108707854004,0.00442426819872111,1,0
541258,2010,3,46.77860688,-105.3031415,33.4954838709677,145477,0.00757394657885756,2.68373680114746,2266.34644191925,0.0976753373178023,93.0964385875781,0.180705989401444,3,123.786089427,4,2,0.0675829648971558,0.00192280299961567,0.00683663273230195,0.0418743751943111,0.331719130277634,0.283221751451492,0.0158809293061495,0.0390257798135281,-0.7,-0.16,1.81053762948908,0.0165210197923692,0.000207224067860113,0.00575108707854004,0.00442426819872111,1,0
543167,2010,5,47.119618,-106.104213,30.33,145493,0.425549605408154,10.2562475204468,2653.53205564424,3.14090365430494,339.426782116015,0.60100935979769,3,86.843832153,4,2,0.00370317627675831,0.000925794069189578,0.0022788776550442,0.0447229743003845,0.626548945903778,0.153539374470711,7.12149267201312e-05,0,0.9,-0.18,8.93054829600749,0.0184052139379497,1.92830042531949e-05,0.000113324732688007,0.00492244023751467,0,0
544318,2010,6,48.82924814,-108.5641232,48.885,145504,0.224483845769122,15.2349967956543,3106.9553853,0.104307301139417,49.6233729196243,0.726563061794788,3,214.23884547,4,2,0.00320467166602612,0.00078336417209357,0.00249252235516906,0.00299102696590126,0.0180885922163725,0.924013674259186,0,0,0.4,-0.79,10.270114192153,0.0500944568950412,0.000187676213746254,0.00783658490346247,0.00457984714717915,0,3.1323617619447e-06
544319,2010,7,48.82924814,-108.5641232,48.9233333333333,145504,0.156265694562888,18.3301677703857,3106.9553853,0.104307301139417,49.6233729196243,0.829749621753909,3,214.23884547,4,2,0.00320467166602612,0.00078336417209357,0.00249252235516906,0.00299102696590126,0.0180885922163725,0.924013674259186,0,0,1.8,-1.99,10.270114192153,0.0500944568950412,0.000187676213746254,0.00783658490346247,0.00457984714717915,0,1.71177372118786e-05
545122,2010,1,48.32927139,-111.1441447,31.45,145512,0.0748049494361012,-7.97264719009399,3016.87758379329,1.54887627475014,214.299137774066,0.00747405326157074,3,126.738845337,3,2,0.011109528131783,0.00256373733282089,0.00541233457624912,0.0465033464133739,0.176897883415222,0.10247828066349,0.000213644772884436,0.460119634866714,-1.1,0.05,15.1893441989322,0.0101708803841933,5.16910463401531e-05,0.00283306696287378,0.00352493994794786,0,0
545123,2010,4,48.32927139,-111.1441447,33.85,145512,0.126273137882762,6.53658056259155,3016.87758379329,1.54887627475014,214.299137774066,0.504335319104178,3,126.738845337,3,2,0.011109528131783,0.00256373733282089,0.00541233457624912,0.0465033464133739,0.176897883415222,0.10247828066349,0.000213644772884436,0.460119634866714,1.2,-0.04,15.1893441989322,0.0101708803841933,5.16910463401531e-05,0.00283306696287378,0.00352493994794786,0,0
545124,2010,9,48.32927139,-111.1441447,27.04,145512,0.0706991624780394,13.0268964767456,3016.87758379329,1.54887627475014,214.299137774066,0.450494071063252,3,126.738845337,3,2,0.011109528131783,0.00256373733282089,0.00541233457624912,0.0465033464133739,0.176897883415222,0.10247828066349,0.000213644772884436,0.460119634866714,2.2,-2.45,15.1893441989322,0.0101708803841933,5.16910463401531e-05,0.00283306696287378,0.00352493994794786,0,5.04538216107716e-08
545193,2010,4,48.5817,-109.62824,38.53,145513,0.152477855363461,7.12740707397461,2493.07124927112,0.669844998454954,167.786703636141,0.483984459839218,4,100.360892541,4,2,0.0163082182407379,0.00156672834418714,0.00534111959859729,0.102264635264874,0.359991461038589,0.220054119825363,0.0326876528561115,0.011109528131783,1.2,-0.04,32.6271852353436,0.00864166105627837,6.80680465394217e-05,0.000466611391494876,0.00425304651380206,0,0
548092,2010,1,45.42749433,-105.9176576,47.53,145540,0.0877772855716187,-5.61851215362549,3730.3967435304,0.646236079313008,138.651272766131,0.0420317938334644,3,105.413385987,3,2,0,0,0.33853542804718,0.343690425157547,0.0491490699350834,0.000494315347168595,0.000564931833650917,0,-1.1,0.05,18.7100654170562,0.00257229671613758,0.00016134929448071,0.00120968362943106,0.009333077759929,0,0
548093,2010,4,45.42749433,-105.9176576,47.28,145540,0.238892237708494,6.37593173980713,3730.3967435304,0.646236079313008,138.651272766131,0.499842236495155,3,105.413385987,3,2,0,0,0.33853542804718,0.343690425157547,0.0491490699350834,0.000494315347168595,0.000564931833650917,0,1.2,-0.04,18.7100654170562,0.00257229671613758,0.00016134929448071,0.00120968362943106,0.009333077759929,0,0
548094,2010,7,45.42749433,-105.9176576,46.86,145540,0.134351910772813,20.1283302307129,3730.3967435304,0.646236079313008,138.651272766131,0.832570645453935,3,105.413385987,3,2,0,0,0.33853542804718,0.343690425157547,0.0491490699350834,0.000494315347168595,0.000564931833650917,0,1.8,-1.99,18.7100654170562,0.00257229671613758,0.00016134929448071,0.00120968362943106,0.009333077759929,0,0
548095,2010,10,45.42749433,-105.9176576,47.66,145540,0.0394051501104621,10.7986621856689,3730.3967435304,0.646236079313008,138.651272766131,0.338720837805061,3,105.413385987,3,2,0,0,0.33853542804718,0.343690425157547,0.0491490699350834,0.000494315347168595,0.000564931833650917,0,1.7,-1.6,18.7100654170562,0.00257229671613758,0.00016134929448071,0.00120968362943106,0.009333077759929,0,0
549057,2010,5,34.4097222,-77.615,13.45,145703,0.211642007824054,22.189022064209,19.6850394,0.445425300294161,39.6280610370949,0.819873460629153,1,56.266404285,1,2,0.27434504032135,0.00649671629071236,0.102958828210831,0.0163124073296785,0.0245039183646441,0.0513381808996201,0.160158187150955,0.0395452305674553,0.9,-0.18,17.2229670738828,0.0114115455578311,0.00111992313169991,0.000944473973439457,0.133111976168354,0,0
549076,2010,4,34.4197222,-77.8686111,8.61,145707,0.0679622548553141,16.9915599822998,22.9658793,0.0340195433262796,27.198451933604,0.846181054788235,1,38.418635229,1,4,0.0533860586583614,0.0333309806883335,0.142080366611481,0.0253513175994158,0.0377798192203045,0.076830729842186,0.298213392496109,0.0177247375249863,1.2,-0.04,4.13707822329665,0.00897294668545646,0.00111992313169991,0.000944473973439457,0.100899230224888,0,0
549179,2010,3,34.61155449,-77.4832994,35.52,145770,0.310480188356083,10.9102449417114,66.2383710114349,0.39388320394436,130.761870492088,0.640085977240668,1,21.161417355,7,5,0.0155960693955421,0.00106822384987026,0.190357506275177,0.0180173758417368,0.0150263495743275,0.0204386841505766,0.538527250289917,0,-0.7,-0.16,39.6158501834238,0.012689003308723,0.00570616264054059,0.000360982941345566,0.0962842456121246,0,0
549180,2010,7,34.61155449,-77.4832994,41.16,145770,0.354916205157191,26.8726863861084,66.2383710114349,0.39388320394436,130.761870492088,0.988125139271594,1,21.161417355,7,5,0.0155960693955421,0.00106822384987026,0.190357506275177,0.0180173758417368,0.0150263495743275,0.0204386841505766,0.538527250289917,0,1.8,-1.99,39.6158501834238,0.012689003308723,0.00570616264054059,0.000360982941345566,0.0962842456121246,0,0
549181,2010,8,34.61155449,-77.4832994,41.54,145770,0.4182950223938,26.627477645874,66.2383710114349,0.39388320394436,130.761870492088,0.85118521672067,1,21.161417355,7,5,0.0155960693955421,0.00106822384987026,0.190357506275177,0.0180173758417368,0.0150263495743275,0.0204386841505766,0.538527250289917,0,1.8,-2.21,39.6158501834238,0.012689003308723,0.00570616264054059,0.000360982941345566,0.0962842456121246,0,0
549182,2010,10,34.61155449,-77.4832994,39.4,145770,0.106898005089832,17.4647769927979,66.2383710114349,0.39388320394436,130.761870492088,0.594754958368451,1,21.161417355,7,5,0.0155960693955421,0.00106822384987026,0.190357506275177,0.0180173758417368,0.0150263495743275,0.0204386841505766,0.538527250289917,0,1.7,-1.6,39.6158501834238,0.012689003308723,0.00570616264054059,0.000360982941345566,0.0962842456121246,0,0
549448,2010,5,34.8476677,-78.0222085,12.02,145951,0.29911714634342,22.2991580963135,82.0209975,0.263186642920292,18.7191793968294,0.902582405240753,3,46.030183797,5,5,0.099772110581398,0.00256373733282089,0.246118783950806,0.027987465262413,0.0337558761239052,0.14663153886795,0.223116368055344,0.0037743910215795,0.9,-0.18,1.93648861912839,0.0154150864506291,0.00453194784500362,0.00221861997830092,0.0810838792401552,0,2.60030553881494e-06
549558,2010,7,34.93599444,-80.6975722,28.59,146004,0.396912267492263,27.5064601898193,679.441650103318,4.51447507409805,238.28782569021,1.20310345529718,6,37.434383259,3,2,0.0524141862988472,0.00569719402119517,0.533114969730377,0.00918672513216734,0.0343968085944653,0.123771540820599,0,0.000498504494316876,1.8,-1.99,19.5075520989676,0.00991019480856743,0.00163949771590202,0.00784664956211543,0.0388674737248818,0,0
549559,2010,9,34.93599444,-80.6975722,31.34,146004,0.263143099286222,24.4899444580078,679.441650103318,4.51447507409805,238.28782569021,1.04208968914165,6,37.434383259,3,2,0.0524141862988472,0.00569719402119517,0.533114969730377,0.00918672513216734,0.0343968085944653,0.123771540820599,0,0.000498504494316876,2.2,-2.45,19.5075520989676,0.00991019480856743,0.00163949771590202,0.00784664956211543,0.0388674737248818,0,0
553445,2010,2,35.73444444,-78.6752778,25.79,146992,0.350919158347563,2.82931208610535,354.3307092,1.29692671563461,74.2134118531181,0.323772080480548,6,37.303149663,1,2,0.629757761955261,0.0040251393802464,0.111856505274773,0.00494315382093191,0.00790904555469751,0.0644022300839424,0.0120048020035028,0.0149000780656934,-1.5,0.25,22.1576919416875,0.0126475455918949,0.00495675877732956,0.0142542484040239,0.0506736132727067,0,0
553446,2010,3,35.73444444,-78.6752778,25.375,146992,0.300313869942808,10.5963745117188,354.3307092,1.29692671563461,74.2134118531181,0.571989826260819,6,37.303149663,1,2,0.629757761955261,0.0040251393802464,0.111856505274773,0.00494315382093191,0.00790904555469751,0.0644022300839424,0.0120048020035028,0.0149000780656934,-0.7,-0.16,22.1576919416875,0.0126475455918949,0.00495675877732956,0.0142542484040239,0.0506736132727067,0,0
553448,2010,7,35.73444444,-78.6752778,24.92,146992,0.36414632076636,27.265661239624,354.3307092,1.29692671563461,74.2134118531181,1.20168861311496,6,37.303149663,1,2,0.629757761955261,0.0040251393802464,0.111856505274773,0.00494315382093191,0.00790904555469751,0.0644022300839424,0.0120048020035028,0.0149000780656934,1.8,-1.99,22.1576919416875,0.0126475455918949,0.00495675877732956,0.0142542484040239,0.0506736132727067,0,0
553449,2010,9,35.73444444,-78.6752778,25.38,146992,0.656883260769214,23.7868919372559,354.3307092,1.29692671563461,74.2134118531181,1.01136996205186,6,37.303149663,1,2,0.629757761955261,0.0040251393802464,0.111856505274773,0.00494315382093191,0.00790904555469751,0.0644022300839424,0.0120048020035028,0.0149000780656934,2.2,-2.45,22.1576919416875,0.0126475455918949,0.00495675877732956,0.0142542484040239,0.0506736132727067,0,0
553450,2010,10,35.73444444,-78.6752778,25.64,146992,0.145122798629636,16.6571636199951,354.3307092,1.29692671563461,74.2134118531181,0.552017633270938,6,37.303149663,1,2,0.629757761955261,0.0040251393802464,0.111856505274773,0.00494315382093191,0.00790904555469751,0.0644022300839424,0.0120048020035028,0.0149000780656934,1.7,-1.6,22.1576919416875,0.0126475455918949,0.00495675877732956,0.0142542484040239,0.0506736132727067,0,0
555208,2010,2,36.08194444,-81.88388889,2.085,147505,0.292796838759879,-3.95772624015808,3989.32295755952,10.7010287845491,133.062367665462,0.138426540615201,6,48.22834653,1,2,0.1293975263834,0.00940037053078413,0.619071364402771,0.0289844758808613,0.0037743910215795,0.00320467166602612,0.000498504494316876,0.000498504494316876,-1.5,0.25,40.1091106904305,0.0257698568306728,0.00119728202603379,0.0103861309734097,0.194057368887067,0,0
555209,2010,3,36.08194444,-81.88388889,1.98,147505,0.51890916477691,3.50315475463867,3989.32295755952,10.7010287845491,133.062367665462,0.395215352977029,6,48.22834653,1,2,0.1293975263834,0.00940037053078413,0.619071364402771,0.0289844758808613,0.0037743910215795,0.00320467166602612,0.000498504494316876,0.000498504494316876,-0.7,-0.16,40.1091106904305,0.0257698568306728,0.00119728202603379,0.0103861309734097,0.194057368887067,0,0
555210,2010,5,36.08194444,-81.88388889,2.14,147505,0.336296177171262,15.6379699707031,3989.32295755952,10.7010287845491,133.062367665462,0.689410413453323,6,48.22834653,1,2,0.1293975263834,0.00940037053078413,0.619071364402771,0.0289844758808613,0.0037743910215795,0.00320467166602612,0.000498504494316876,0.000498504494316876,0.9,-0.18,40.1091106904305,0.0257698568306728,0.00119728202603379,0.0103861309734097,0.194057368887067,0,0
555211,2010,8,36.08194444,-81.88388889,2.48,147505,0.537621206064478,20.8035335540771,3989.32295755952,10.7010287845491,133.062367665462,0.649809850844431,6,48.22834653,1,2,0.1293975263834,0.00940037053078413,0.619071364402771,0.0289844758808613,0.0037743910215795,0.00320467166602612,0.000498504494316876,0.000498504494316876,1.8,-2.21,40.1091106904305,0.0257698568306728,0.00119728202603379,0.0103861309734097,0.194057368887067,0,0
555212,2010,10,36.08194444,-81.88388889,2.4,147505,0.162785109819957,10.9204921722412,3989.32295755952,10.7010287845491,133.062367665462,0.605881358990012,6,48.22834653,1,2,0.1293975263834,0.00940037053078413,0.619071364402771,0.0289844758808613,0.0037743910215795,0.00320467166602612,0.000498504494316876,0.000498504494316876,1.7,-1.6,40.1091106904305,0.0257698568306728,0.00119728202603379,0.0103861309734097,0.194057368887067,0,0
555213,2010,12,36.08194444,-81.88388889,2.31,147505,0.321635774916085,-4.45500659942627,3989.32295755952,10.7010287845491,133.062367665462,0.0884945500334753,6,48.22834653,1,2,0.1293975263834,0.00940037053078413,0.619071364402771,0.0289844758808613,0.0037743910215795,0.00320467166602612,0.000498504494316876,0.000498504494316876,2.9,-2.04,40.1091106904305,0.0257698568306728,0.00119728202603379,0.0103861309734097,0.194057368887067,0,0
555412,2010,6,36.23916667,-77.1869444,3.23,147836,0.164005062022152,27.0162773132324,70.0684191878362,0.215964042171596,119.493057480481,1.04164554223624,3,48.359580126,6,6,0.0145469950512052,0.0026834262534976,0.38563659787178,0.0454063974320889,0.029164606705308,0.261704683303833,0.0596709288656712,0.00148294609971344,0.4,-0.79,3.4435273364237,0.0462290835144939,0.00307033102547721,0.00116664434854008,0.0865938624313474,0,4.85435298529246e-05
556570,2010,1,35.927592,-80.245938,35.9475,147928,0.532630110221123,1.96959137916565,876.741022963066,4.48115201054267,292.841435420021,0.155622077037035,8,44.29133865,3,2,0.199491560459137,0.0080502787604928,0.267636477947235,0.0194195322692394,0.040533859282732,0.136925354599953,0.000141232958412729,0,-1.1,0.05,15.8901665395935,0.00613737470197973,0.00104146609788458,0.00586109752897087,0.0547077882801493,0,0
556571,2010,2,35.927592,-80.245938,34.8638461538462,147928,0.343580947356937,2.16494965553284,876.741022963066,4.48115201054267,292.841435420021,0.191834442550408,8,44.29133865,3,2,0.199491560459137,0.0080502787604928,0.267636477947235,0.0194195322692394,0.040533859282732,0.136925354599953,0.000141232958412729,0,-1.5,0.25,15.8901665395935,0.00613737470197973,0.00104146609788458,0.00586109752897087,0.0547077882801493,0,0
556572,2010,3,35.927592,-80.245938,34.2867741935484,147928,0.361711823019518,9.91608047485352,876.741022963066,4.48115201054267,292.841435420021,0.398894308100796,8,44.29133865,3,2,0.199491560459137,0.0080502787604928,0.267636477947235,0.0194195322692394,0.040533859282732,0.136925354599953,0.000141232958412729,0,-0.7,-0.16,15.8901665395935,0.00613737470197973,0.00104146609788458,0.00586109752897087,0.0547077882801493,0,0
556573,2010,4,35.927592,-80.245938,33.5782142857143,147928,0.162863143407513,16.5184307098389,876.741022963066,4.48115201054267,292.841435420021,0.593516483357982,8,44.29133865,3,2,0.199491560459137,0.0080502787604928,0.267636477947235,0.0194195322692394,0.040533859282732,0.136925354599953,0.000141232958412729,0,1.2,-0.04,15.8901665395935,0.00613737470197973,0.00104146609788458,0.00586109752897087,0.0547077882801493,0,0
558373,2010,1,36.088262,-79.547915,24.57,147942,0.35819476725239,2.14740824699402,661.288462290525,3.87342645470027,207.779349727769,0.251116615336688,6,48.950131308,4,2,0.396026194095612,0.00669420324265957,0.222902715206146,0.0215069074183702,0.0213644783943892,0.0989175364375114,7.12149267201312e-05,0.00356074632145464,-1.1,0.05,5.5732505769163,0.00541840194320972,0.00269274051694161,0.0117487484293204,0.0629765478381515,0,0
558374,2010,2,36.088262,-79.547915,23.488275862069,147942,0.286635526957624,2.47992038726807,661.288462290525,3.87342645470027,207.779349727769,0.302479236291602,6,48.950131308,4,2,0.396026194095612,0.00669420324265957,0.222902715206146,0.0215069074183702,0.0213644783943892,0.0989175364375114,7.12149267201312e-05,0.00356074632145464,-1.5,0.25,5.5732505769163,0.00541840194320972,0.00269274051694161,0.0117487484293204,0.0629765478381515,0,0
558375,2010,3,36.088262,-79.547915,23.4241935483871,147942,0.328925100711362,10.5360670089722,661.288462290525,3.87342645470027,207.779349727769,0.572348818309813,6,48.950131308,4,2,0.396026194095612,0.00669420324265957,0.222902715206146,0.0215069074183702,0.0213644783943892,0.0989175364375114,7.12149267201312e-05,0.00356074632145464,-0.7,-0.16,5.5732505769163,0.00541840194320972,0.00269274051694161,0.0117487484293204,0.0629765478381515,0,0
558376,2010,4,36.088262,-79.547915,23.9063333333333,147942,0.100885232442978,16.8715934753418,661.288462290525,3.87342645470027,207.779349727769,0.833442318798949,6,48.950131308,4,2,0.396026194095612,0.00669420324265957,0.222902715206146,0.0215069074183702,0.0213644783943892,0.0989175364375114,7.12149267201312e-05,0.00356074632145464,1.2,-0.04,5.5732505769163,0.00541840194320972,0.00269274051694161,0.0117487484293204,0.0629765478381515,0,0
558377,2010,5,36.088262,-79.547915,24.99,147942,0.551338897501831,21.2085304260254,661.288462290525,3.87342645470027,207.779349727769,0.823736667633595,6,48.950131308,4,2,0.396026194095612,0.00669420324265957,0.222902715206146,0.0215069074183702,0.0213644783943892,0.0989175364375114,7.12149267201312e-05,0.00356074632145464,0.9,-0.18,5.5732505769163,0.00541840194320972,0.00269274051694161,0.0117487484293204,0.0629765478381515,0,0
558378,2010,6,36.088262,-79.547915,25.7176666666667,147942,0.250052555093852,26.3684310913086,661.288462290525,3.87342645470027,207.779349727769,0.983120877215872,6,48.950131308,4,2,0.396026194095612,0.00669420324265957,0.222902715206146,0.0215069074183702,0.0213644783943892,0.0989175364375114,7.12149267201312e-05,0.00356074632145464,0.4,-0.79,5.5732505769163,0.00541840194320972,0.00269274051694161,0.0117487484293204,0.0629765478381515,0,0
560443,2010,10,36.45535,-77.56018,15.41,147962,0.167636396007081,16.6407737731934,131.233596,0.055082275066892,82.0299937693095,0.539902364995802,3,36.712598481,6,5,0.0739210918545723,0.00284859701059759,0.242771685123444,0.0167355071753263,0.0313345678150654,0.321891456842422,0.0714285746216774,0.0133884064853191,1.7,-1.6,21.6002962110344,0.0208711083359236,0.00131167566777229,0.00428776846775763,0.0970883607930938,0,0
566951,2010,1,36.051577,-77.194707,4.66483870967742,148010,0.479669546621127,3.09707021713257,22.9658793,0.393788912384742,286.784520312402,0.274511898387943,3,44.685039438,6,6,0.00459007127210498,0.000918014266062528,0.049431536346674,0.0141939129680395,0.0194195322692394,0.175270110368729,0.525315999984741,0.00346020772121847,-1.1,0.05,0.778365871656382,0.0208326545605042,0.00307033102547721,0.00116664434854008,0.0447439238054554,0,0
566952,2010,2,36.051577,-77.194707,3.50551724137931,148010,0.334804164964847,3.2591028213501,22.9658793,0.393788912384742,286.784520312402,0.332797794397339,3,44.685039438,6,6,0.00459007127210498,0.000918014266062528,0.049431536346674,0.0141939129680395,0.0194195322692394,0.175270110368729,0.525315999984741,0.00346020772121847,-1.5,0.25,0.778365871656382,0.0208326545605042,0.00307033102547721,0.00116664434854008,0.0447439238054554,0,0
566953,2010,3,36.051577,-77.194707,3.87935483870968,148010,0.544720097366048,10.8811712265015,22.9658793,0.393788912384742,286.784520312402,0.542475032880034,3,44.685039438,6,6,0.00459007127210498,0.000918014266062528,0.049431536346674,0.0141939129680395,0.0194195322692394,0.175270110368729,0.525315999984741,0.00346020772121847,-0.7,-0.16,0.778365871656382,0.0208326545605042,0.00307033102547721,0.00116664434854008,0.0447439238054554,0,0
566954,2010,4,36.051577,-77.194707,4.59,148010,0.151010924040681,16.9009990692139,22.9658793,0.393788912384742,286.784520312402,0.837308129008878,3,44.685039438,6,6,0.00459007127210498,0.000918014266062528,0.049431536346674,0.0141939129680395,0.0194195322692394,0.175270110368729,0.525315999984741,0.00346020772121847,1.2,-0.04,0.778365871656382,0.0208326545605042,0.00307033102547721,0.00116664434854008,0.0447439238054554,0,0
579258,2010,11,45.991393,-101.8484727,134,148172,0.0324715435842038,-1.90683150291443,2475.12396143686,2.2200287057466,261.121321954424,0.102009942367498,2,134.711286294,3,2,0.00498504471033812,0.00078336417209357,0.00363196129910648,0.00263495231047273,0.82082325220108,0.067369319498539,0.000142429853440262,7.12149267201312e-05,1.3,-1.57,68.832639112995,0.0226562864513995,4.9727829625697e-05,3.82521766351515e-05,0.00594633492364238,0,0
579341,2010,1,46.0455595,-101.457909,135.38,148268,0.0857859710435383,-11.0127429962158,2050.76341078916,1.15292737071829,322.706088630431,0.0106561082403702,2,130.282152429,1,1,0.00056971941376105,0.000142429853440262,0.00626691337674856,0.00192280299961567,0.791340291500092,0.120068363845348,0.00149551348295063,0.000640934333205223,-1.1,0.05,27.935742748601,0.0149882213754396,4.9727829625697e-05,3.82521766351515e-05,0.00617706337674211,0,0
579342,2010,2,46.0455595,-101.457909,135.535,148268,0.0503302090576329,-11.491024017334,2050.76341078916,1.15292737071829,322.706088630431,0.0190430285400328,2,130.282152429,1,1,0.00056971941376105,0.000142429853440262,0.00626691337674856,0.00192280299961567,0.791340291500092,0.120068363845348,0.00149551348295063,0.000640934333205223,-1.5,0.25,27.935742748601,0.0149882213754396,4.9727829625697e-05,3.82521766351515e-05,0.00617706337674211,0,0
579343,2010,4,46.0455595,-101.457909,135.255,148268,0.205156434238318,8.71368026733398,2050.76341078916,1.15292737071829,322.706088630431,0.521917318902141,2,130.282152429,1,1,0.00056971941376105,0.000142429853440262,0.00626691337674856,0.00192280299961567,0.791340291500092,0.120068363845348,0.00149551348295063,0.000640934333205223,1.2,-0.04,27.935742748601,0.0149882213754396,4.9727829625697e-05,3.82521766351515e-05,0.00617706337674211,0,0
579344,2010,6,46.0455595,-101.457909,134.805,148268,0.27420597168157,18.496654510498,2050.76341078916,1.15292737071829,322.706088630431,0.828326068845639,2,130.282152429,1,1,0.00056971941376105,0.000142429853440262,0.00626691337674856,0.00192280299961567,0.791340291500092,0.120068363845348,0.00149551348295063,0.000640934333205223,0.4,-0.79,27.935742748601,0.0149882213754396,4.9727829625697e-05,3.82521766351515e-05,0.00617706337674211,0,0
579345,2010,7,46.0455595,-101.457909,135.125,148268,0.311390534321072,21.6471080780029,2050.76341078916,1.15292737071829,322.706088630431,0.939841885130475,2,130.282152429,1,1,0.00056971941376105,0.000142429853440262,0.00626691337674856,0.00192280299961567,0.791340291500092,0.120068363845348,0.00149551348295063,0.000640934333205223,1.8,-1.99,27.935742748601,0.0149882213754396,4.9727829625697e-05,3.82521766351515e-05,0.00617706337674211,0,0
579346,2010,8,46.0455595,-101.457909,135.34,148268,0.149786466290527,22.1054744720459,2050.76341078916,1.15292737071829,322.706088630431,0.857429305451248,2,130.282152429,1,1,0.00056971941376105,0.000142429853440262,0.00626691337674856,0.00192280299961567,0.791340291500092,0.120068363845348,0.00149551348295063,0.000640934333205223,1.8,-2.21,27.935742748601,0.0149882213754396,4.9727829625697e-05,3.82521766351515e-05,0.00617706337674211,0,0
579588,2010,1,46.0705,-99.33675,48.38,148320,0.082656999398263,-12.6992559432983,2040.31209265769,0.979412926628541,152.038464518665,0.0138540530978548,3,191.994750948,3,2,0.00960384123027325,0.00190664501860738,0.00494315382093191,0.00480192061513662,0.57135796546936,0.133041456341743,0.0120754186064005,0.0950497835874557,-1.1,0.05,23.9634279555269,0.0105960332673855,9.6909089027135e-05,3.03744905905945e-05,0.0222832784799238,0,0
579589,2010,4,46.0705,-99.33675,48.02,148320,0.211967033047607,8.85798931121826,2040.31209265769,0.979412926628541,152.038464518665,0.516260403193826,3,191.994750948,3,2,0.00960384123027325,0.00190664501860738,0.00494315382093191,0.00480192061513662,0.57135796546936,0.133041456341743,0.0120754186064005,0.0950497835874557,1.2,-0.04,23.9634279555269,0.0105960332673855,9.6909089027135e-05,3.03744905905945e-05,0.0222832784799238,0,0
579590,2010,6,46.0705,-99.33675,47.61,148320,0.183150712239069,18.0396118164062,2040.31209265769,0.979412926628541,152.038464518665,0.695630422533147,3,191.994750948,3,2,0.00960384123027325,0.00190664501860738,0.00494315382093191,0.00480192061513662,0.57135796546936,0.133041456341743,0.0120754186064005,0.0950497835874557,0.4,-0.79,23.9634279555269,0.0105960332673855,9.6909089027135e-05,3.03744905905945e-05,0.0222832784799238,0,0
579591,2010,7,46.0705,-99.33675,47.53,148320,0.218704754618669,21.055778503418,2040.31209265769,0.979412926628541,152.038464518665,0.886455046631973,3,191.994750948,3,2,0.00960384123027325,0.00190664501860738,0.00494315382093191,0.00480192061513662,0.57135796546936,0.133041456341743,0.0120754186064005,0.0950497835874557,1.8,-1.99,23.9634279555269,0.0105960332673855,9.6909089027135e-05,3.03744905905945e-05,0.0222832784799238,0,0
579592,2010,8,46.0705,-99.33675,47.47,148320,0.0702501095315214,21.406608581543,2040.31209265769,0.979412926628541,152.038464518665,0.873223053264533,3,191.994750948,3,2,0.00960384123027325,0.00190664501860738,0.00494315382093191,0.00480192061513662,0.57135796546936,0.133041456341743,0.0120754186064005,0.0950497835874557,1.8,-2.21,23.9634279555269,0.0105960332673855,9.6909089027135e-05,3.03744905905945e-05,0.0222832784799238,0,0
579593,2010,10,46.0705,-99.33675,47.32,148320,0.0514157613900009,8.63179779052734,2040.31209265769,0.979412926628541,152.038464518665,0.348143265219587,3,191.994750948,3,2,0.00960384123027325,0.00190664501860738,0.00494315382093191,0.00480192061513662,0.57135796546936,0.133041456341743,0.0120754186064005,0.0950497835874557,1.7,-1.6,23.9634279555269,0.0105960332673855,9.6909089027135e-05,3.03744905905945e-05,0.0222832784799238,0,0
580057,2010,1,46.177506,-103.4749099,230.64,148472,0.0585462666197456,-9.59647941589355,2950.55321987357,1.97887411124404,80.4903809413323,0.0353933945640621,3,112.565616969,1,2,0.00494315382093191,0.00127109664026648,0.00331897474825382,0.139891251921654,0.18000140786171,0.453216582536697,0.00988630764186382,0.00409575598314404,-1.1,0.05,7.54476220484247,0.0074757408796046,0.000150380313256855,0.000110936296664893,0.00562686957613255,0,0
580058,2010,3,46.177506,-103.4749099,230.92,148472,0.0767439870924534,0.657033026218414,2950.55321987357,1.97887411124404,80.4903809413323,0.208420628641694,3,112.565616969,1,2,0.00494315382093191,0.00127109664026648,0.00331897474825382,0.139891251921654,0.18000140786171,0.453216582536697,0.00988630764186382,0.00409575598314404,-0.7,-0.16,7.54476220484247,0.0074757408796046,0.000150380313256855,0.000110936296664893,0.00562686957613255,0,0
580059,2010,4,46.177506,-103.4749099,230.43,148472,0.126946129078222,6.98321485519409,2950.55321987357,1.97887411124404,80.4903809413323,0.483598484564117,3,112.565616969,1,2,0.00494315382093191,0.00127109664026648,0.00331897474825382,0.139891251921654,0.18000140786171,0.453216582536697,0.00988630764186382,0.00409575598314404,1.2,-0.04,7.54476220484247,0.0074757408796046,0.000150380313256855,0.000110936296664893,0.00562686957613255,0,0
580060,2010,6,46.177506,-103.4749099,230.4,148472,0.324964799148418,16.8084964752197,2950.55321987357,1.97887411124404,80.4903809413323,0.763421948409366,3,112.565616969,1,2,0.00494315382093191,0.00127109664026648,0.00331897474825382,0.139891251921654,0.18000140786171,0.453216582536697,0.00988630764186382,0.00409575598314404,0.4,-0.79,7.54476220484247,0.0074757408796046,0.000150380313256855,0.000110936296664893,0.00562686957613255,0,0
580061,2010,7,46.177506,-103.4749099,230.56,148472,0.210951031982993,20.0176296234131,2950.55321987357,1.97887411124404,80.4903809413323,0.849284776591827,3,112.565616969,1,2,0.00494315382093191,0.00127109664026648,0.00331897474825382,0.139891251921654,0.18000140786171,0.453216582536697,0.00988630764186382,0.00409575598314404,1.8,-1.99,7.54476220484247,0.0074757408796046,0.000150380313256855,0.000110936296664893,0.00562686957613255,0,0
580062,2010,8,46.177506,-103.4749099,230.71,148472,0.125577681524565,20.5756549835205,2950.55321987357,1.97887411124404,80.4903809413323,0.813788968419589,3,112.565616969,1,2,0.00494315382093191,0.00127109664026648,0.00331897474825382,0.139891251921654,0.18000140786171,0.453216582536697,0.00988630764186382,0.00409575598314404,1.8,-2.21,7.54476220484247,0.0074757408796046,0.000150380313256855,0.000110936296664893,0.00562686957613255,0,0
585016,2010,4,48.02721827,-98.1284344,6.94,150104,0.155039759994237,8.77785491943359,1516.68965621941,0.791418624042994,74.5668779832891,0.535189311523123,3,229.396325808,3,2,0.0535272918641567,0.00162417907267809,0.00444883853197098,0.0026834262534976,0.00776781281456351,0.52602219581604,0.141162350773811,0.0252100843936205,1.2,-0.04,1.22908727890266,0.012136656907096,0.000138311290865903,7.12944798277849e-06,0.0361968063430488,0,0
585017,2010,5,48.02721827,-98.1284344,6.31,150104,0.365340566314371,12.1551303863525,1516.68965621941,0.791418624042994,74.5668779832891,0.663040742855704,3,229.396325808,3,2,0.0535272918641567,0.00162417907267809,0.00444883853197098,0.0026834262534976,0.00776781281456351,0.52602219581604,0.141162350773811,0.0252100843936205,0.9,-0.18,1.22908727890266,0.012136656907096,0.000138311290865903,7.12944798277849e-06,0.0361968063430488,0,0
585018,2010,6,48.02721827,-98.1284344,6.02,150104,0.328823976190519,17.1124210357666,1516.68965621941,0.791418624042994,74.5668779832891,0.633713680639851,3,229.396325808,3,2,0.0535272918641567,0.00162417907267809,0.00444883853197098,0.0026834262534976,0.00776781281456351,0.52602219581604,0.141162350773811,0.0252100843936205,0.4,-0.79,1.22908727890266,0.012136656907096,0.000138311290865903,7.12944798277849e-06,0.0361968063430488,0,0
585019,2010,8,48.02721827,-98.1284344,7,150104,0.175897581012391,20.1383514404297,1516.68965621941,0.791418624042994,74.5668779832891,0.747403523937891,3,229.396325808,3,2,0.0535272918641567,0.00162417907267809,0.00444883853197098,0.0026834262534976,0.00776781281456351,0.52602219581604,0.141162350773811,0.0252100843936205,1.8,-2.21,1.22908727890266,0.012136656907096,0.000138311290865903,7.12944798277849e-06,0.0361968063430488,0,0
585020,2010,9,48.02721827,-98.1284344,7.365,150104,0.369225600195589,11.9539451599121,1516.68965621941,0.791418624042994,74.5668779832891,0.413596136366368,3,229.396325808,3,2,0.0535272918641567,0.00162417907267809,0.00444883853197098,0.0026834262534976,0.00776781281456351,0.52602219581604,0.141162350773811,0.0252100843936205,2.2,-2.45,1.22908727890266,0.012136656907096,0.000138311290865903,7.12944798277849e-06,0.0361968063430488,0,0
585021,2010,11,48.02721827,-98.1284344,6.86,150104,0.0428524606209658,-3.45251178741455,1516.68965621941,0.791418624042994,74.5668779832891,0.0691747103263235,3,229.396325808,3,2,0.0535272918641567,0.00162417907267809,0.00444883853197098,0.0026834262534976,0.00776781281456351,0.52602219581604,0.141162350773811,0.0252100843936205,1.3,-1.57,1.22908727890266,0.012136656907096,0.000138311290865903,7.12944798277849e-06,0.0361968063430488,0,0
585480,2010,1,48.15311667,-100.6259417,60.9,150184,0.0603235863929197,-12.9795789718628,1572.04628982783,1.25041335776682,88.8694882745075,0.0092255998924392,3,164.599737783,3,2,0.00519868964329362,0.00142429850529879,0.00512747466564178,0.00213644769974053,0.0596068948507309,0.661088168621063,0.0841048285365105,0.000284859706880525,-1.1,0.05,60.1509425559425,0.0391420147720943,0.000707409464678822,0.000951239961014926,0.00999730816349387,0,0
585481,2010,5,48.15311667,-100.6259417,59.18,150184,0.343630908877631,11.4217929840088,1572.04628982783,1.25041335776682,88.8694882745075,0.650152272489267,3,164.599737783,3,2,0.00519868964329362,0.00142429850529879,0.00512747466564178,0.00213644769974053,0.0596068948507309,0.661088168621063,0.0841048285365105,0.000284859706880525,0.9,-0.18,60.1509425559425,0.0391420147720943,0.000707409464678822,0.000951239961014926,0.00999730816349387,0,2.27409499721467e-06
585482,2010,6,48.15311667,-100.6259417,62.76,150184,0.482907283445659,17.1719646453857,1572.04628982783,1.25041335776682,88.8694882745075,0.70058151912296,3,164.599737783,3,2,0.00519868964329362,0.00142429850529879,0.00512747466564178,0.00213644769974053,0.0596068948507309,0.661088168621063,0.0841048285365105,0.000284859706880525,0.4,-0.79,60.1509425559425,0.0391420147720943,0.000707409464678822,0.000951239961014926,0.00999730816349387,0,8.32015329761426e-05
585483,2010,7,48.15311667,-100.6259417,71.87,150184,0.246984051656802,20.1665954589844,1572.04628982783,1.25041335776682,88.8694882745075,0.806255542048256,3,164.599737783,3,2,0.00519868964329362,0.00142429850529879,0.00512747466564178,0.00213644769974053,0.0596068948507309,0.661088168621063,0.0841048285365105,0.000284859706880525,1.8,-1.99,60.1509425559425,0.0391420147720943,0.000707409464678822,0.000951239961014926,0.00999730816349387,0,0.000498230489558811
585484,2010,8,48.15311667,-100.6259417,66.815,150184,0.319761141564716,20.1727962493896,1572.04628982783,1.25041335776682,88.8694882745075,0.747436864992783,3,164.599737783,3,2,0.00519868964329362,0.00142429850529879,0.00512747466564178,0.00213644769974053,0.0596068948507309,0.661088168621063,0.0841048285365105,0.000284859706880525,1.8,-2.21,60.1509425559425,0.0391420147720943,0.000707409464678822,0.000951239961014926,0.00999730816349387,0,0.000388669816052082
585485,2010,9,48.15311667,-100.6259417,62.85,150184,0.355254521747221,12.4495363235474,1572.04628982783,1.25041335776682,88.8694882745075,0.427791666195529,3,164.599737783,3,2,0.00519868964329362,0.00142429850529879,0.00512747466564178,0.00213644769974053,0.0596068948507309,0.661088168621063,0.0841048285365105,0.000284859706880525,2.2,-2.45,60.1509425559425,0.0391420147720943,0.000707409464678822,0.000951239961014926,0.00999730816349387,0,5.71519910702195e-05
585920,2010,5,48.1822437,-103.0454621,32.31,150205,0.297794217339553,11.0754508972168,1866.84148763603,0.424570226061437,131.720939622621,0.643309496558308,3,156.135170841,3,2,0.0373878367245197,0.00192280299961567,0.00356074632145464,0.00313345668837428,0.18045862019062,0.489175319671631,0.000925794069189578,0.195698618888855,0.9,-0.18,0.790651311974824,0.0712948674118459,0.000577342375097733,0.000836543650228618,0.00578337078248461,0,3.54756686140701e-08
585921,2010,6,48.1822437,-103.0454621,31.25,150205,0.214930982741201,17.5027160644531,1866.84148763603,0.424570226061437,131.720939622621,0.745919296317114,3,156.135170841,3,2,0.0373878367245197,0.00192280299961567,0.00356074632145464,0.00313345668837428,0.18045862019062,0.489175319671631,0.000925794069189578,0.195698618888855,0.4,-0.79,0.790651311974824,0.0712948674118459,0.000577342375097733,0.000836543650228618,0.00578337078248461,0,3.93690271912099e-07
585922,2010,7,48.1822437,-103.0454621,32.32,150205,0.274101618184689,20.5841255187988,1866.84148763603,0.424570226061437,131.720939622621,0.886261408193051,3,156.135170841,3,2,0.0373878367245197,0.00192280299961567,0.00356074632145464,0.00313345668837428,0.18045862019062,0.489175319671631,0.000925794069189578,0.195698618888855,1.8,-1.99,0.790651311974824,0.0712948674118459,0.000577342375097733,0.000836543650228618,0.00578337078248461,0,0.000855976527184175
585923,2010,8,48.1822437,-103.0454621,31.75,150205,0.15011061543531,20.319787979126,1866.84148763603,0.424570226061437,131.720939622621,0.769889161887172,3,156.135170841,3,2,0.0373878367245197,0.00192280299961567,0.00356074632145464,0.00313345668837428,0.18045862019062,0.489175319671631,0.000925794069189578,0.195698618888855,1.8,-2.21,0.790651311974824,0.0712948674118459,0.000577342375097733,0.000836543650228618,0.00578337078248461,0,0.000474760883523645
585924,2010,9,48.1822437,-103.0454621,30.03,150205,0.205667425953852,13.1940021514893,1866.84148763603,0.424570226061437,131.720939622621,0.459068679506122,3,156.135170841,3,2,0.0373878367245197,0.00192280299961567,0.00356074632145464,0.00313345668837428,0.18045862019062,0.489175319671631,0.000925794069189578,0.195698618888855,2.2,-2.45,0.790651311974824,0.0712948674118459,0.000577342375097733,0.000836543650228618,0.00578337078248461,0,9.57766209976396e-06
585925,2010,10,48.1822437,-103.0454621,29.51,150205,0.067962430071068,9.07045555114746,1866.84148763603,0.424570226061437,131.720939622621,0.301677624217342,3,156.135170841,3,2,0.0373878367245197,0.00192280299961567,0.00356074632145464,0.00313345668837428,0.18045862019062,0.489175319671631,0.000925794069189578,0.195698618888855,1.7,-1.6,0.790651311974824,0.0712948674118459,0.000577342375097733,0.000836543650228618,0.00578337078248461,0,7.37102428356647e-05
590819,2010,5,40.01675,-98.1419167,1.14,150649,0.323386205328735,15.3783378601074,1578.0839919,0.177438715971347,42.218667230547,0.606561896978302,1,74.409448932,4,6,0.00861521065235138,0.0040251393802464,0.0245039183646441,0.00720288092270494,0.420874238014221,0.376527070999146,0.0026128098834306,0.00218911096453667,0.9,-0.18,0.000751714989141919,0.0157254793971311,0.00883131378342898,0.00675027152555165,0.0091861663042133,1,0
590871,2010,3,40.0249993,-101.1607158,89.91,150661,0.241207814020056,5.02361392974854,3045.89935760882,1.85326182114483,100.002337541366,0.345901154370568,3,182.152231248,4,2,0.00348953134380281,0.000356074626324698,0.0019940179772675,0.00142429850529879,0.290129601955414,0.638869106769562,0,0,-0.7,-0.16,152.911501839044,0.0523405777764081,0.00374812571807885,0.00118530471426425,0.0074816137185817,0,0
590899,2010,5,40.0249939,-101.629336,8.04,150662,0.176154434792251,13.9370784759521,3046.3581823663,1.3160390340078,41.0754167400197,0.742576229793645,3,88.385826906,1,3,0.00571993505582213,0.00127109664026648,0.00353082409128547,0.0026834262534976,0.68095475435257,0.192288681864738,0.0109455548226833,0.000423698889790103,0.9,-0.18,4.14703970823587,0.0384406219048864,0.0159451545057788,0.000931058301699243,0.00648626981465767,0,3.48676161402915e-05
590954,2010,11,40.17610355,-101.810176,75.26,150664,0.037494256484586,2.92453980445862,3389.48773480035,0.695602085554046,255.021591890005,0.194297538011374,3,212.303149929,3,2,0.00120048015378416,0.000141232958412729,0.00112986366730183,0.00105924718081951,0.576512932777405,0.377374470233917,0,0,1.3,-1.57,133.066890948851,0.0287441690773526,0.0159451545057788,0.000931058301699243,0.00845092713534211,0,0.000121772834682003
591238,2010,1,40.0286722,-101.8712611,18,150672,0.0104892504343389,-1.55326414108276,3207.23316336931,0.774542400655915,38.6096756934604,0.0632977361464754,3,62.893700883,1,1,0.00218911096453667,0.000706164806615561,0.00211849436163902,0.00120048015378416,0.768024861812592,0.122590214014053,0.0194195322692394,0,-1.1,0.05,15.371604564833,0.114649239991852,0.0159451545057788,0.000931058301699243,0.00796240239281828,0,0
591239,2010,2,40.0286722,-101.8712611,17.87,150672,0.0455199202280771,-1.95854949951172,3207.23316336931,0.774542400655915,38.6096756934604,0.133589797335654,3,62.893700883,1,1,0.00218911096453667,0.000706164806615561,0.00211849436163902,0.00120048015378416,0.768024861812592,0.122590214014053,0.0194195322692394,0,-1.5,0.25,15.371604564833,0.114649239991852,0.0159451545057788,0.000931058301699243,0.00796240239281828,0,0
591241,2010,4,40.0286722,-101.8712611,17.53,150672,0.191055483370049,10.4259252548218,3207.23316336931,0.774542400655915,38.6096756934604,0.629609426819637,3,62.893700883,1,1,0.00218911096453667,0.000706164806615561,0.00211849436163902,0.00120048015378416,0.768024861812592,0.122590214014053,0.0194195322692394,0,1.2,-0.04,15.371604564833,0.114649239991852,0.0159451545057788,0.000931058301699243,0.00796240239281828,0,0
599568,2010,4,40.27723156,-98.0386528,74.15,151180,0.286625089104854,12.6224374771118,1727.08130415694,2.63986459417843,78.2626789998225,0.557907035253905,1,156.791338821,4,2,0.00626691337674856,0.00178037316072732,0.0352513901889324,0.00498504471033812,0.406209945678711,0.39282152056694,0.000284859706880525,0.0047714002430439,1.2,-0.04,89.2348991709131,0.0020783760155968,0.00883131378342898,0.00675027152555165,0.00899053253941238,0,0
599569,2010,10,40.27723156,-98.0386528,75.59,151180,0.0248039379271616,13.4977102279663,1727.08130415694,2.63986459417843,78.2626789998225,0.487523617822165,1,156.791338821,4,2,0.00626691337674856,0.00178037316072732,0.0352513901889324,0.00498504471033812,0.406209945678711,0.39282152056694,0.000284859706880525,0.0047714002430439,1.7,-1.6,89.2348991709131,0.0020783760155968,0.00883131378342898,0.00675027152555165,0.00899053253941238,0,2.66052045218436e-05
604364,2010,11,40.36612299,-98.18727,86.85,151442,0.10616300003289,3.75098919868469,1765.05664038494,4.30534793032244,86.2151233000427,0.227206898831875,1,172.933071129,3,2,0.00769719667732716,0.0115104867145419,0.0316361822187901,0.00593178439885378,0.334227800369263,0.42475813627243,0.000988630694337189,0.00663794949650764,1.3,-1.57,82.0158536660809,0.0195827185207106,0.0299401515322378,0.000491603392838955,0.0199398776983221,0,0.000175031944493767
610150,2010,1,40.46834618,-98.2239397,103.02,151755,0.0194922222849245,-6.51140117645264,1821.26880956858,1.01301893941191,83.499422425485,0.0192405389342317,1,234.678478047,4,2,0.00512747466564178,0.00170915818307549,0.00405925093218684,0.0022788776550442,0.0956416428089142,0.785643041133881,0.0176613014191389,0.00462897028774023,-1.1,0.05,45.183537269046,0.00418358512594566,0.0299401515322378,0.000491603392838955,0.0168157374849791,0,0
610151,2010,2,40.46834618,-98.2239397,102.71,151755,0.0646135063352526,-4.64692163467407,1821.26880956858,1.01301893941191,83.499422425485,0.0767081742438898,1,234.678478047,4,2,0.00512747466564178,0.00170915818307549,0.00405925093218684,0.0022788776550442,0.0956416428089142,0.785643041133881,0.0176613014191389,0.00462897028774023,-1.5,0.25,45.183537269046,0.00418358512594566,0.0299401515322378,0.000491603392838955,0.0168157374849791,0,0
690815,2010,3,42.00019444,-103.8534306,58.465,156269,0.0367431628668085,4.48989915847778,4097.70477106803,0.720861031276503,220.52609282573,0.292044562435762,3,97.178477838,3,2,0.0163794327527285,0.00256373733282089,0.00534111959859729,0.0045577553100884,0.294972240924835,0.528913259506226,0.0111807435750961,0.000427289545768872,-0.7,-0.16,49.4989792632514,0.0637106398990055,0.00345956668354776,0.0966286109939049,0.00536864602311204,1,0
690892,2010,3,42.00124444,-104.0436056,22.17,156272,0.062273562518482,4.47548532485962,4087.44063680414,3.41102666155716,248.662422027312,0.306818154067983,3,45.472441014,1,3,0.0231622066348791,0.00353082409128547,0.00812089536339045,0.00550808571279049,0.21255561709404,0.417343407869339,0.104653626680374,0.00903890933841467,-0.7,-0.16,53.8171308439373,0.00342402905189088,0.00345956668354776,0.0966286109939049,0.00478125635470574,0,0
691152,2010,3,42.0086117,-100.309301,85.14,156282,0.143808993360385,4.87654399871826,2818.2414741,0.267652206907421,260.724779882447,0.270257734974825,3,588.746720055,1,3,7.06164792063646e-05,0,0.000353082403307781,7.06164792063646e-05,0.931713879108429,0.0562813356518745,7.06164792063646e-05,0,-0.7,-0.16,57.2254402049263,0.0198566630779183,0.000256103809120023,2.41987851137029e-05,0.0108744849101951,1,0
691153,2010,10,42.0086117,-100.309301,85.31,156282,0.133508722503225,11.6880168914795,2818.2414741,0.267652206907421,260.724779882447,0.421169361744667,3,588.746720055,1,3,7.06164792063646e-05,0,0.000353082403307781,7.06164792063646e-05,0.931713879108429,0.0562813356518745,7.06164792063646e-05,0,1.7,-1.6,57.2254402049263,0.0198566630779183,0.000256103809120023,2.41987851137029e-05,0.0108744849101951,1,0.000159374477987591
691276,2010,3,42.01250516,-98.9017618,3.67,156289,0.150405603672473,3.91246819496155,2214.68383201913,0.290917865039137,232.4018212657,0.200953671618157,3,393.471129207,1,6,7.06164792063646e-05,0.000282465916825458,0.000353082403307781,0.000211849444895051,0.606454372406006,0.0539509914815426,0.127815827727318,0.000141232958412729,-0.7,-0.16,8.23858764854415,0.051576858297885,0.00276184328920302,0.000433032858471212,0.0279372092720866,0,0
691277,2010,10,42.01250516,-98.9017618,4.69,156289,0.172995332295004,11.2796182632446,2214.68383201913,0.290917865039137,232.4018212657,0.418587132086435,3,393.471129207,1,6,7.06164792063646e-05,0.000282465916825458,0.000353082403307781,0.000211849444895051,0.606454372406006,0.0539509914815426,0.127815827727318,0.000141232958412729,1.7,-1.6,8.23858764854415,0.051576858297885,0.00276184328920302,0.000433032858471212,0.0279372092720866,0,6.15569897613963e-05
692173,2010,2,42.03443974,-101.3351683,4.88,156329,0.0554566684574621,-4.79694509506226,3495.48538727008,8.45101639222214,197.595193347245,0.0570929583218336,3,610.531496991,1,3,0.000997008988633752,0.000498504494316876,0.000712149252649397,0.00056971941376105,0.979846179485321,7.12149267201312e-05,0.00170915818307549,0.000284859706880525,-1.5,0.25,14.7540159649971,0.0500442926574322,0.000476523044641666,3.98764054093445e-05,0.0185567169657846,0,0
692175,2010,4,42.03443974,-101.3351683,3.85,156329,0.290809741925304,9.06215858459473,3495.48538727008,8.45101639222214,197.595193347245,0.511373235323378,3,610.531496991,1,3,0.000997008988633752,0.000498504494316876,0.000712149252649397,0.00056971941376105,0.979846179485321,7.12149267201312e-05,0.00170915818307549,0.000284859706880525,1.2,-0.04,14.7540159649971,0.0500442926574322,0.000476523044641666,3.98764054093445e-05,0.0185567169657846,0,0
692176,2010,6,42.03443974,-101.3351683,3.08,156329,0.525117909986838,19.4788570404053,3495.48538727008,8.45101639222214,197.595193347245,0.759315091383664,3,610.531496991,1,3,0.000997008988633752,0.000498504494316876,0.000712149252649397,0.00056971941376105,0.979846179485321,7.12149267201312e-05,0.00170915818307549,0.000284859706880525,0.4,-0.79,14.7540159649971,0.0500442926574322,0.000476523044641666,3.98764054093445e-05,0.0185567169657846,0,0
692177,2010,8,42.03443974,-101.3351683,4.37,156329,0.140586162390349,22.6873264312744,3495.48538727008,8.45101639222214,197.595193347245,0.776109921891655,3,610.531496991,1,3,0.000997008988633752,0.000498504494316876,0.000712149252649397,0.00056971941376105,0.979846179485321,7.12149267201312e-05,0.00170915818307549,0.000284859706880525,1.8,-2.21,14.7540159649971,0.0500442926574322,0.000476523044641666,3.98764054093445e-05,0.0185567169657846,0,0
694109,2010,4,42.12496944,-98.4515056,1.92,156431,0.245223133329737,10.9304990768433,1998.0314991,0.102847741416781,157.130257519614,0.548437074308418,3,367.257218406,1,6,0.00501377042382956,0.00148294609971344,0.00331897474825382,0.0026834262534976,0.370807141065598,0.447426021099091,0.0302238538861275,0.0095332246273756,1.2,-0.04,6.20956066717504,0.0310635089389488,0.0207465361762333,0.0005682759801607,0.0570277919238806,1,0
694323,2010,1,42.1322333,-104.0467917,26.02,156443,0.00073582163862188,-2.91765785217285,4207.54527534204,0.649400679691684,230.069009885593,0.0249573158533376,3,8.398950144,3,6,0.00981569103896618,0.00176541204564273,0.00395452277734876,0.00289527582935989,0.463950276374817,0.412682712078094,0.0052256197668612,0,-1.1,0.05,0.0128890583463119,0.103015561615573,0.00096233593754502,0.00592361954903887,0.00604435143337275,1,0
694325,2010,6,42.1322333,-104.0467917,20.57,156443,0.433090090471289,18.4825019836426,4207.54527534204,0.649400679691684,230.069009885593,0.725891785210634,3,8.398950144,3,6,0.00981569103896618,0.00176541204564273,0.00395452277734876,0.00289527582935989,0.463950276374817,0.412682712078094,0.0052256197668612,0,0.4,-0.79,0.0128890583463119,0.103015561615573,0.00096233593754502,0.00592361954903887,0.00604435143337275,1,0
694326,2010,10,42.1322333,-104.0467917,6.15,156443,0.0968061846605078,10.8697128295898,4207.54527534204,0.649400679691684,230.069009885593,0.366190988491514,3,8.398950144,3,6,0.00981569103896618,0.00176541204564273,0.00395452277734876,0.00289527582935989,0.463950276374817,0.412682712078094,0.0052256197668612,0,1.7,-1.6,0.0128890583463119,0.103015561615573,0.00096233593754502,0.00592361954903887,0.00604435143337275,1,6.32999729124612e-05
695349,2010,2,42.2046083,-98.6712333,4.42,156501,0.0465703073844006,-7.31568717956543,2058.15808768979,0.618709801752771,99.345534845112,0.0136755410975471,3,400.721785386,1,3,0.00275404285639524,0.00155356258619577,0.00494315382093191,0.00324835814535618,0.623614132404327,0.216015815734863,0.0169479548931122,0.000141232958412729,-1.5,0.25,2.79313916877471,0.0063734910151339,0.0207465361762333,0.0005682759801607,0.034735155403614,0,0
695351,2010,5,42.2046083,-98.6712333,3.77,156501,0.343154096749525,13.6608829498291,2058.15808768979,0.618709801752771,99.345534845112,0.652098468960709,3,400.721785386,1,3,0.00275404285639524,0.00155356258619577,0.00494315382093191,0.00324835814535618,0.623614132404327,0.216015815734863,0.0169479548931122,0.000141232958412729,0.9,-0.18,2.79313916877471,0.0063734910151339,0.0207465361762333,0.0005682759801607,0.034735155403614,0,9.07445951290219e-07
695352,2010,6,42.2046083,-98.6712333,3.83,156501,0.884640912777356,20.1951904296875,2058.15808768979,0.618709801752771,99.345534845112,0.806649176754886,3,400.721785386,1,3,0.00275404285639524,0.00155356258619577,0.00494315382093191,0.00324835814535618,0.623614132404327,0.216015815734863,0.0169479548931122,0.000141232958412729,0.4,-0.79,2.79313916877471,0.0063734910151339,0.0207465361762333,0.0005682759801607,0.034735155403614,0,8.30152951838691e-07
696380,2010,4,42.2682983,-102.8365877,119.18,156573,0.296002360916508,8.30195236206055,3940.2887199,0.180880816676193,321.440863715553,0.504954381393658,3,254.954068629,4,2,0.00430910661816597,0.000933639763388783,0.00344728515483439,0.00229819025844336,0.234918132424355,0.674662470817566,0.000287273782305419,0,1.2,-0.04,7.7896387363801,0.0308714031356384,0.0135271928264565,5.73864731193398e-05,0.00743387070377047,1,0
718686,2010,1,42.00194444,-102.9561111,60.51,158064,0.00119796565615278,-2.94869518280029,4054.54259300344,0.805175901272703,295.985595439935,0.059892086310323,3,205.971128922,1,1,0.00649671629071236,0.000847397779580206,0.00254219328053296,0.0026834262534976,0.581950426101685,0.33549889922142,0,0,-1.1,0.05,45.3485154167885,0.0859913513606937,0.0135271928264565,5.73864731193398e-05,0.00517643800588325,0,0
718688,2010,6,42.00194444,-102.9561111,59.96,158064,0.369416059720118,19.1009483337402,4054.54259300344,0.805175901272703,295.985595439935,0.735653004800807,3,205.971128922,1,1,0.00649671629071236,0.000847397779580206,0.00254219328053296,0.0026834262534976,0.581950426101685,0.33549889922142,0,0,0.4,-0.79,45.3485154167885,0.0859913513606937,0.0135271928264565,5.73864731193398e-05,0.00517643800588325,0,0
718689,2010,10,42.00194444,-102.9561111,61.39,158064,0.0886229769234055,10.8992986679077,4054.54259300344,0.805175901272703,295.985595439935,0.3944920873756,3,205.971128922,1,1,0.00649671629071236,0.000847397779580206,0.00254219328053296,0.0026834262534976,0.581950426101685,0.33549889922142,0,0,1.7,-1.6,45.3485154167885,0.0859913513606937,0.0135271928264565,5.73864731193398e-05,0.00517643800588325,0,0.00109517258364964
723451,2010,2,42.1523132,-102.875145,99.7464285714286,158418,0.048980459528003,-5.11402463912964,3953.39632736424,0.987983864232613,85.2091364469138,0.0651510932991526,3,280.675853445,4,2,0.00487253721803427,0.00127109664026648,0.0040251393802464,0.00282465922646224,0.0261280983686447,0.881223082542419,0.000423698889790103,0,-1.5,0.25,4.88859501840838,0.0750854508260722,0.0135271928264565,5.73864731193398e-05,0.00734804062772542,0,0
748461,2010,12,40.0022222,-74.9547222,20,172949,0.227120392311074,-0.412159770727158,62.2426172746547,0.723708679122616,282.898845518584,0.272815584612437,2,44.389763847,3,4,0.716545462608337,0.00960384123027325,0.0504907853901386,0.00656733289361,0.00614363374188542,0.0102393897250295,0.0330485142767429,0.000706164806615561,2.9,-2.04,29.7227275479163,0.0211685549863757,0.0080255961159794,0.011314977574917,0.13897870562017,0,0
748506,2010,6,40.02280556,-74.1935,19.8,173004,0.14028293901275,23.1288528442383,66.7049942131899,1.10093544054406,97.5252276681275,0.979660816630417,4,44.750656236,1,2,0.592260420322418,0.0115811033174396,0.155497491359711,0.0040251393802464,0.00734411412850022,0.00875644385814667,0.0139114465564489,0.000211849444895051,0.4,-0.79,7.10456704045658,0.00974129295273327,0.0151465354877374,0.115151314936494,0.126528030534486,0,0
748607,2010,5,40.09150277,-74.434595,4.5,173158,0.454502406773598,17.7887153625488,133.268707829464,1.71641294009273,103.930516754684,0.791049467873676,3,46.91601057,1,3,0.0255673658102751,0.00603274907916784,0.366776794195175,0.00940821599215269,0.0166618786752224,0.00890548713505268,0.394498705863953,0.00316001148894429,0.9,-0.18,12.5347402655527,0.00133660397786497,0.0151465354877374,0.115151314936494,0.0962186293309927,0,0
748619,2010,9,40.11666667,-74.5772222,94,173178,0.354941361133292,20.7971534729004,159.471858603518,2.73463309281153,265.241331059504,0.960530360122449,2,48.458005323,3,2,0.021720552816987,0.00341831636615098,0.129539951682091,0.0126050421968102,0.0267055965960026,0.463751614093781,0.0803304389119148,0.0019940179772675,2.2,-2.45,54.1438957096184,0.00104028670758845,0.0080255961159794,0.011314977574917,0.102106429651181,0,0.000134746749816261
748849,2010,1,40.2680333,-74.8091,5.17,173355,0.196485394553728,-0.563574433326721,142.681544126526,1.37998481352315,148.789042481404,0.192940854944053,2,29.790026292,2,4,0.809642493724823,0.00391682097688317,0.0457199811935425,0.000925794069189578,0.00256373733282089,0.00462897028774023,0.00697906268760562,0.0254949443042278,-1.1,0.05,2.15183836282822,0.01550503312009,0.00966758392332299,0.290542954553859,0.119362134567698,0,0
748850,2010,2,40.2680333,-74.8091,5.94,173355,0.400616653931172,-0.720341622829437,142.681544126526,1.37998481352315,148.789042481404,0.132552319825772,2,29.790026292,2,4,0.809642493724823,0.00391682097688317,0.0457199811935425,0.000925794069189578,0.00256373733282089,0.00462897028774023,0.00697906268760562,0.0254949443042278,-1.5,0.25,2.15183836282822,0.01550503312009,0.00966758392332299,0.290542954553859,0.119362134567698,0,0
762392,2010,12,33.10963889,-103.5433333,69.9,174416,0,6.42168140411377,4160.1049932,0.109490152005651,111.220712163722,0.314616556720912,4,147.539370303,2,2,0.00282465922646224,0.000211849444895051,0.00141232961323112,0.175481960177422,0.616552531719208,0,0,0,2.9,-2.04,63.7184667179106,0.0407085216750659,0.00574244863609522,2.29134928191681e-06,0.00507654846217483,0,0
762512,2010,2,31.81621376,-107.082508,264.47,174554,0.0956576891973907,8.10073947906494,4107.6115548,0.192639912804946,129.892221683026,0.351160855964708,4,122.408136669,1,2,0.00534111959859729,0.00185158813837916,0.00327588664367795,0.828728079795837,0.0422304533421993,0,0,0,-1.5,0.25,164.036851166081,0.0672235647360381,0.0058390473666368,0.00913998509008133,0.0057007388177452,0,0
762537,2010,3,31.82166667,-106.7791389,309.28,174571,0.003205453517422,11.4587554931641,4102.6556283743,0.00687258500633282,10.154800292177,0.574536812521687,4,179.297900535,1,2,0.00861821323633194,0.00122091348748654,0.00445274356752634,0.938810706138611,0.00136455043684691,0,0,0,-0.7,-0.16,286.941078201668,32805.1181601,0.0058390473666368,0.00913998509008133,0.00593788131732494,0,0
762565,2010,11,31.82593808,-106.8252743,329.97,174576,0,10.0128946304321,4129.02612665914,0.335357847502011,221.179109575828,0.361970091040821,4,183.595800804,1,2,0.00448654033243656,0.000854579091537744,0.00185158813837916,0.971442818641663,0.000213644772884436,0,0,0,1.3,-1.57,296.855586545714,32805.1181601,0.0058390473666368,0.00913998509008133,0.00611516821015005,0,0
762837,2010,1,31.87927107,-106.6355469,11.67,174672,0.0960974306781281,5.71274280548096,3759.8425254,0.0845173158031417,191.882771823029,0.217812856369487,4,274.114173645,3,2,0.227460473775864,0.00505625968798995,0.0142429852858186,0.0623130612075329,0.018658310174942,0.445947885513306,0.000142429853440262,0.0022788776550442,-1.1,0.05,2.02103452257541,0.0317088922644049,0.0058390473666368,0.00913998509008133,0.00796435741659254,1,0
763404,2010,2,32.02482247,-106.6197152,6.84,174912,0.0885472211406498,8.24224090576172,3795.9317643,0.0227847872022325,83.6178452299745,0.366818386044717,4,172.933071129,4,2,0.0586098842322826,0.00498504471033812,0.0162370037287474,0.177823677659035,0.0126762567088008,0.54365473985672,0,0.000284859706880525,-1.5,0.25,0.865391293130234,0.00861578280167867,0.0058390473666368,0.00913998509008133,0.00836508025393511,1,0
763556,2010,3,32.05055556,-106.9061111,389.55,174988,0.00565013822215387,10.7876052856445,4214.88671316363,0.534878610654918,94.9499728315748,0.549433050715439,4,346.095801051,1,2,0,0,0,0.637666821479797,0.0838923826813698,0,0,0,-0.7,-0.16,322.241520808266,0.194264529061686,0.0058390473666368,0.00913998509008133,0.00608533869267752,0,0
763715,2010,1,32.06819444,-106.6268889,10.8466666666667,175050,0.123275571795234,5.40017795562744,3809.0551239,0.146322885707694,219.105140523289,0.194488035082137,4,110.89238862,4,2,0.0800455808639526,0.00320467166602612,0.00925794057548046,0.365617424249649,0.0530551187694073,0.316621571779251,0,0.000213644772884436,-1.1,0.05,3.90324223979001,0.0099306810852718,0.0058390473666368,0.00913998509008133,0.0103316859780997,1,0
764455,2010,4,32.2103738,-106.7727799,11.975,175591,0.0106073912208571,16.5398578643799,3856.13638557653,1.07888356865593,212.517430618914,0.845051964469867,4,110.203412241,1,2,0.0135308364406228,0.00348953134380281,0.00619569839909673,0.579547047615051,0.0103973792865872,0.232089444994926,0.00056971941376105,0.011109528131783,1.2,-0.04,16.1348303091442,0.0217416380105079,0.0058390473666368,0.00913998509008133,0.00792056977288177,0,0.000703730594562241
764456,2010,5,32.2103738,-106.7727799,13.325,175591,0,21.2171955108643,3856.13638557653,1.07888356865593,212.517430618914,1.10372698693824,4,110.203412241,1,2,0.0135308364406228,0.00348953134380281,0.00619569839909673,0.579547047615051,0.0103973792865872,0.232089444994926,0.00056971941376105,0.011109528131783,0.9,-0.18,16.1348303091442,0.0217416380105079,0.0058390473666368,0.00913998509008133,0.00792056977288177,0,0.00120427550883173
764457,2010,6,32.2103738,-106.7727799,11.595,175591,0.0339027308931813,27.5672283172607,3856.13638557653,1.07888356865593,212.517430618914,1.20873478950542,4,110.203412241,1,2,0.0135308364406228,0.00348953134380281,0.00619569839909673,0.579547047615051,0.0103973792865872,0.232089444994926,0.00056971941376105,0.011109528131783,0.4,-0.79,16.1348303091442,0.0217416380105079,0.0058390473666368,0.00913998509008133,0.00792056977288177,0,0.0014977745821981
765947,2010,4,32.3263611,-104.1943333,68.84,176056,0.0628397033925682,17.4657173156738,3139.7637843,0.548735520092572,85.5271707375136,0.868744838963773,4,131.824147182,2,2,0.156031906604767,0.00462897028774023,0.0145990597084165,0.538527250289917,0.0269192419946194,0.030907278880477,0,7.12149267201312e-05,1.2,-0.04,72.6127875923653,0.00217294622131141,0.00422704354651377,0.00240204079613015,0.00432058624499788,0,0.000377345872762562
765948,2010,9,32.3263611,-104.1943333,60.18,176056,0.303621542883982,24.6578216552734,3139.7637843,0.548735520092572,85.5271707375136,0.709290593141565,4,131.824147182,2,2,0.156031906604767,0.00462897028774023,0.0145990597084165,0.538527250289917,0.0269192419946194,0.030907278880477,0,7.12149267201312e-05,2.2,-2.45,72.6127875923653,0.00217294622131141,0.00422704354651377,0.00240204079613015,0.00432058624499788,0,0.000187052850633237
766740,2010,2,32.4425,-104.2413889,22.58,176521,0.142783818499512,7.02286291122437,3120.0787449,0.135489148427091,133.230139943838,0.435896145739764,4,88.353018507,3,2,0.231268972158432,0.00466068787500262,0.0139114465564489,0.486971259117126,0.0232328232377768,0.0363674871623516,0.00105924718081951,0.000776781293097883,-1.5,0.25,15.2159128520492,0.00923009106009273,0.00422704354651377,0.00240204079613015,0.00492797836815938,0,0
766742,2010,6,32.4425,-104.2413889,23.21,176521,0.137096427765423,28.357307434082,3120.0787449,0.135489148427091,133.230139943838,1.50765647015991,4,88.353018507,3,2,0.231268972158432,0.00466068787500262,0.0139114465564489,0.486971259117126,0.0232328232377768,0.0363674871623516,0.00105924718081951,0.000776781293097883,0.4,-0.79,15.2159128520492,0.00923009106009273,0.00422704354651377,0.00240204079613015,0.00492797836815938,0,0.0001146337681743
766743,2010,10,32.4425,-104.2413889,21.93,176521,0.000426239258917822,18.3478469848633,3120.0787449,0.135489148427091,133.230139943838,0.737955039437672,4,88.353018507,3,2,0.231268972158432,0.00466068787500262,0.0139114465564489,0.486971259117126,0.0232328232377768,0.0363674871623516,0.00105924718081951,0.000776781293097883,1.7,-1.6,15.2159128520492,0.00923009106009273,0.00422704354651377,0.00240204079613015,0.00492797836815938,0,5.44321756905859e-05
768689,2010,1,32.6037248,-104.4363511,144.43,177056,0.0959845166401268,4.67630386352539,3402.34218126824,0.932506754955973,133.682385891826,0.320712237707906,4,283.169291769,3,2,0.0199138484895229,0.00155356258619577,0.00600240100175142,0.383518099784851,0.151189893484116,0.0579761303961277,0.0249982345849276,0.0483722910284996,-1.1,0.05,91.1121169546532,0.042178700339046,0.00422704354651377,0.00240204079613015,0.00901084971276422,0,0
770141,2010,3,32.79573056,-103.1443306,80.4,177837,0.0326391656125191,10.5268850326538,3664.6981683,0.173502226796095,129.221469177967,0.596093406481952,4,134.317585506,2,2,0.118353225290775,0.0053668525069952,0.0171598047018051,0.555328011512756,0.00734411412850022,0.128592610359192,0,0,-0.7,-0.16,27.6816611322762,0.0201392727917666,0.00574244863609522,2.29134928191681e-06,0.00495573216880361,0,0
770142,2010,8,32.79573056,-103.1443306,81.36,177837,0.0309549417240349,26.6570301055908,3664.6981683,0.173502226796095,129.221469177967,0.956046538917563,4,134.317585506,2,2,0.118353225290775,0.0053668525069952,0.0171598047018051,0.555328011512756,0.00734411412850022,0.128592610359192,0,0,1.8,-2.21,27.6816611322762,0.0201392727917666,0.00574244863609522,2.29134928191681e-06,0.00495573216880361,0,0.00148119170411551
770143,2010,9,32.79573056,-103.1443306,81.41,177837,0.101204857266686,23.779993057251,3664.6981683,0.173502226796095,129.221469177967,0.734394354947813,4,134.317585506,2,2,0.118353225290775,0.0053668525069952,0.0171598047018051,0.555328011512756,0.00734411412850022,0.128592610359192,0,0,2.2,-2.45,27.6816611322762,0.0201392727917666,0.00574244863609522,2.29134928191681e-06,0.00495573216880361,0,0.000890670404004769
775268,2010,1,33.7824722,-103.0539444,98.62,181210,0.126266004098495,2.75304841995239,3940.18712737649,0.167313059020832,89.3127553901859,0.189900123204001,4,191.961942549,3,2,0.00218911096453667,0.000564931833650917,0.00190664501860738,0.198644161224365,0.060235857963562,0.642398118972778,0,0,-1.1,0.05,73.9834441160631,0.000515514657834107,0.0101760124060718,4.10464946654966e-06,0.00820481210023786,0,0
775269,2010,2,33.7824722,-103.0539444,98.68,181210,0.125623362774699,3.13297867774963,3940.18712737649,0.167313059020832,89.3127553901859,0.265742174687654,4,191.961942549,3,2,0.00218911096453667,0.000564931833650917,0.00190664501860738,0.198644161224365,0.060235857963562,0.642398118972778,0,0,-1.5,0.25,73.9834441160631,0.000515514657834107,0.0101760124060718,4.10464946654966e-06,0.00820481210023786,0,0
775537,2010,3,34.01530556,-106.9368611,308.77,181821,0.0534534830620525,7.63259410858154,5039.18418364247,2.78384682017255,109.723883183311,0.547653659641745,4,67.290026349,1,3,0.0105924727395177,0.0013417131267488,0.00233034393750131,0.910175859928131,0.0198432318866253,0,0,0,-0.7,-0.16,156.666826000705,0.0823134332904708,0.000658439766352656,0.00214063247076136,0.00470149301432694,0,0
775541,2010,1,34.01755999,-107.7719926,195.18,181824,0.00865899673035936,-0.790378928184509,6994.32143286147,3.1839462564008,197.850169896748,0.133515593463861,4,194.061680085,1,2,0,0,0.000427289545768872,0.830223619937897,0.0454351231455803,0,0,0,-1.1,0.05,72.2583761837952,0.199482824491534,2.03439554141187e-05,0.000394631216757548,0.0040844469746016,0,0
775543,2010,5,34.01755999,-107.7719926,193.74,181824,0.00921212783471575,13.3759269714355,6994.32143286147,3.1839462564008,197.850169896748,1.02162689204074,4,194.061680085,1,2,0,0,0.000427289545768872,0.830223619937897,0.0454351231455803,0,0,0,0.9,-0.18,72.2583761837952,0.199482824491534,2.03439554141187e-05,0.000394631216757548,0.0040844469746016,0,0
775544,2010,7,34.01755999,-107.7719926,194.62,181824,0.293431770590501,20.8378028869629,6994.32143286147,3.1839462564008,197.850169896748,0.720818838579369,4,194.061680085,1,2,0,0,0.000427289545768872,0.830223619937897,0.0454351231455803,0,0,0,1.8,-1.99,72.2583761837952,0.199482824491534,2.03439554141187e-05,0.000394631216757548,0.0040844469746016,0,0
775545,2010,9,34.01755999,-107.7719926,193.64,181824,0.0288568613536048,17.9417095184326,6994.32143286147,3.1839462564008,197.850169896748,0.683393704709711,4,194.061680085,1,2,0,0,0.000427289545768872,0.830223619937897,0.0454351231455803,0,0,0,2.2,-2.45,72.2583761837952,0.199482824491534,2.03439554141187e-05,0.000394631216757548,0.0040844469746016,0,0
775546,2010,11,34.01755999,-107.7719926,194.3,181824,0,3.27233505249023,6994.32143286147,3.1839462564008,197.850169896748,0.322735328864504,4,194.061680085,1,2,0,0,0.000427289545768872,0.830223619937897,0.0454351231455803,0,0,0,1.3,-1.57,72.2583761837952,0.199482824491534,2.03439554141187e-05,0.000394631216757548,0.0040844469746016,0,0
775563,2010,2,34.0254611,-103.3639111,104.58,181828,0.111744034804338,3.1361186504364,4180.13179431972,0.492827792689108,55.8514933584921,0.2696230284216,4,182.119422849,3,2,0.00423698872327805,0.00218911096453667,0.00388390640728176,0.171315580606461,0.0245745349675417,0.708848237991333,0,0,-1.5,0.25,187.368968938042,0.0323964163689604,0.0101760124060718,4.10464946654966e-06,0.00533483159784228,1,0
775629,2010,1,34.03125,-103.2831667,69.82,181841,0.061531085761175,2.68273305892944,4127.40267804516,0.782384139583135,252.606816154815,0.210424283365015,4,141.830708877,3,2,0.00473130447790027,0.00127109664026648,0.00275404285639524,0.50752067565918,0.0331191308796406,0.376950770616531,0,0,-1.1,0.05,157.094715387229,0.000358727563084636,0.0101760124060718,4.10464946654966e-06,0.00556685457306604,0,0
775761,2010,3,34.07578889,-103.49295,86.54,181907,0.0730935358172293,9.07920837402344,4259.29802835766,0.879121657746056,240.982778814141,0.548331394177972,2,144.68503959,3,2,0.0178037323057652,0.00270616728812456,0.00669420324265957,0.717276751995087,0.0237145703285933,0.148127049207687,0,0,-0.7,-0.16,91.9639784040608,0.0292030007913702,0.0101760124060718,4.10464946654966e-06,0.00535779077779502,0,0
776205,2010,9,34.18116667,-103.4310556,98.6,182292,0.101198418087729,23.1758804321289,4048.5564366,0.176175694313536,100.557787514213,0.723092137832588,4,101.738845299,3,2,0.0685686022043228,0.00176541204564273,0.00713226478546858,0.319963276386261,0.206835672259331,0.25520795583725,0.000918014266062528,0,2.2,-2.45,24.4844758037963,0.0518481992697542,0.0101760124060718,4.10464946654966e-06,0.00738912057114765,0,3.90642336623783e-05
777340,2010,2,34.36590357,-104.2052505,81.28,183193,0.105826598300742,4.08456897735596,3998.47845297425,0.6035770511006,199.214057541289,0.285120010809359,4,196.653543606,1,2,0.00889767706394196,0.00218911096453667,0.00635548355057836,0.558223307132721,0.0122166518121958,0.27194407582283,0.0151825435459614,0.000353082403307781,-1.5,0.25,64.6153461006689,0.0543109461471852,0.000705607919217611,0.00248780713526768,0.00426451362707031,0,0
777502,2010,1,34.36195278,-104.1734806,48.38,183291,0.0837665781908895,3.27156138420105,3972.45626330657,3.11452736096348,301.914603491721,0.18305190306926,4,181.233596076,1,2,0.00284859701059759,0.00078336417209357,0.00249252235516906,0.793049395084381,0.00327588664367795,0.157812282443047,0.000925794069189578,7.12149267201312e-05,-1.1,0.05,34.6405832061255,0.0467422587596965,0.000705607919217611,0.00248780713526768,0.00427065445910518,0,0
778614,2010,8,34.60852778,-103.2123611,469.5,184345,0.389519764648739,24.5318222045898,4503.7266349537,0.636466334870027,183.656511151045,0.908346102435681,4,134.645669496,4,2,0.00420168088749051,0.00135308364406228,0.0037743910215795,0.187224045395851,0.14549209177494,0.52606463432312,0,0,1.8,-2.21,231.943130845718,0.0338600530012704,0.0167341192536501,1.53186737949928e-05,0.0074236255440178,0,0.00278192441340069
785259,2010,3,35.45695,-105.2690694,42.02,187491,0.166651057699406,4.54704093933105,6265.73536994002,1.63902793003994,221.166062323873,0.444303348045158,1,19.980314991,4,2,0.000498504494316876,0,0.248682528734207,0.61422872543335,0.00121065380517393,0.000213644772884436,0.000213644772884436,0.000356074626324698,-0.7,-0.16,4.24725568846242,0.017367727228269,7.82783626107986e-05,0.00108952558192007,0.00837783603291338,0,0
785566,2010,9,35.563,-105.2471667,329.3,187657,0.137073587140356,18.646354675293,6420.40783751948,2.14743664564348,80.5462918684581,0.956732683809979,4,22.769028906,4,2,0.0789492279291153,0.00148294609971344,0.474189668893814,0.177247375249863,0.073370523750782,0.000353082403307781,0.00247157691046596,0,2.2,-2.45,5.0030226389269,0.0056445175645836,7.82783626107986e-05,0.00108952558192007,0.00532211248510828,0,0
786127,2010,5,35.7225,-105.9602778,527.55,187944,0.0412737072297933,12.6608009338379,7243.39044211575,2.22528291383531,127.127962666972,1.3282144121149,3,155.577428058,3,2,0.208446085453033,0.00754878204315901,0.0719270780682564,0.455348253250122,0.00726392259821296,0.00106822384987026,0,0,0.9,-0.18,104.307740537741,0.0363211327395913,0.00220138294444738,0.00154736524231925,0.0103943954408666,0,0
786128,2010,7,35.7225,-105.9602778,528.11,187944,0.43177417009758,20.4902153015137,7243.39044211575,2.22528291383531,127.127962666972,1.02135495719063,3,155.577428058,3,2,0.208446085453033,0.00754878204315901,0.0719270780682564,0.455348253250122,0.00726392259821296,0.00106822384987026,0,0,1.8,-1.99,104.307740537741,0.0363211327395913,0.00220138294444738,0.00154736524231925,0.0103943954408666,0,0
786686,2010,8,36.01305556,-103.07,167.14,188322,0.289964025542695,24.3223114013672,4456.17916802104,1.10856541312215,291.655604990259,0.956799766412915,2,133.661417526,1,2,7.06164792063646e-05,0,0.000211849444895051,0.682155191898346,0.0802909433841705,0.116446577012539,7.06164792063646e-05,0,1.8,-2.21,168.100767816657,0.0185852503660777,0.00230854927094724,6.57117960988561e-05,0.00550726428732897,1,0.000360137634520194
790507,2010,4,31.99831944,-106.6516694,11.4686666666667,189255,0.0102415993926262,17.2315311431885,3794.91379246787,0.447069333761966,188.335194672042,0.836339786629335,4,172.440945144,4,2,0.0268480274826288,0.00249252235516906,0.0109670991078019,0.171912834048271,0.015097564086318,0.609955847263336,0,0.00277738203294575,1.2,-0.04,6.65574015354974,0.0658533601899921,0.0058390473666368,0.00913998509008133,0.00757146536866824,1,0.000815351721494259
790508,2010,5,31.99831944,-106.6516694,10.8709677419355,189255,0,22.2629413604736,3794.91379246787,0.447069333761966,188.335194672042,1.10194429179604,4,172.440945144,4,2,0.0268480274826288,0.00249252235516906,0.0109670991078019,0.171912834048271,0.015097564086318,0.609955847263336,0,0.00277738203294575,0.9,-0.18,6.65574015354974,0.0658533601899921,0.0058390473666368,0.00913998509008133,0.00757146536866824,1,0.00105432583389921
793054,2010,2,36.00429167,-115.6040694,308.57,189417,0.249043662782684,6.69405937194824,4237.19053202262,1.90062155298596,279.74452821162,0.287688723823716,4,470.898950847,2,2,0.0095332246273756,0.000635548320133239,0.00579055165871978,0.945837140083313,0.00218911096453667,0,0,0,-1.5,0.25,193.801352027047,0.108253702847288,0.00152028717647788,0.00716421278315582,0.00454860139602174,0,0
793055,2010,3,36.00429167,-115.6040694,308.65,189417,0.0569371289395288,9.35051918029785,4237.19053202262,1.90062155298596,279.74452821162,0.569873770631346,4,470.898950847,2,2,0.0095332246273756,0.000635548320133239,0.00579055165871978,0.945837140083313,0.00218911096453667,0,0,0,-0.7,-0.16,193.801352027047,0.108253702847288,0.00152028717647788,0.00716421278315582,0.00454860139602174,0,0
793056,2010,4,36.00429167,-115.6040694,308.67,189417,0.0303544773352936,11.5357580184937,4237.19053202262,1.90062155298596,279.74452821162,0.863968657758032,4,470.898950847,2,2,0.0095332246273756,0.000635548320133239,0.00579055165871978,0.945837140083313,0.00218911096453667,0,0,0,1.2,-0.04,193.801352027047,0.108253702847288,0.00152028717647788,0.00716421278315582,0.00454860139602174,0,0
793057,2010,6,36.00429167,-115.6040694,308.72,189417,0,24.3434047698975,4237.19053202262,1.90062155298596,279.74452821162,1.39542036694146,4,470.898950847,2,2,0.0095332246273756,0.000635548320133239,0.00579055165871978,0.945837140083313,0.00218911096453667,0,0,0,0.4,-0.79,193.801352027047,0.108253702847288,0.00152028717647788,0.00716421278315582,0.00454860139602174,0,0
793058,2010,8,36.00429167,-115.6040694,307.12,189417,0,26.3150596618652,4237.19053202262,1.90062155298596,279.74452821162,1.25731130475699,4,470.898950847,2,2,0.0095332246273756,0.000635548320133239,0.00579055165871978,0.945837140083313,0.00218911096453667,0,0,0,1.8,-2.21,193.801352027047,0.108253702847288,0.00152028717647788,0.00716421278315582,0.00454860139602174,0,0
809540,2010,5,38.0599598,-114.7938949,658,190669,0.0313782535989879,11.8373146057129,4953.42149708305,0.425453013946666,173.782008583685,0.941861471971994,4,524.507874813,3,2,0,0,0,0.991172969341278,0.000847397779580206,0,7.06164792063646e-05,0,0.9,-0.18,4.00243586738087,0.00168282277613729,0.000700255547640463,3.15101472769849e-05,0.00622851732102533,0,0
809541,2010,8,38.0599598,-114.7938949,658.05,190669,0.163902723506442,22.198558807373,4953.42149708305,0.425453013946666,173.782008583685,1.09520819722841,4,524.507874813,3,2,0,0,0,0.991172969341278,0.000847397779580206,0,7.06164792063646e-05,0,1.8,-2.21,4.00243586738087,0.00168282277613729,0.000700255547640463,3.15101472769849e-05,0.00622851732102533,0,0
809546,2010,2,38.08467904,-114.9939017,249.38,190674,0.126542244249987,2.5150671005249,4951.0078722948,0.828420157773199,60.3973137852816,0.151847729450661,4,231.102362556,3,2,0.00148294609971344,0.0175128877162933,0.00374267343431711,0.796836376190186,0.081067718565464,0.000282465916825458,0.000918014266062528,0,-1.5,0.25,18.5224140378691,0.00183268115976074,0.000700255547640463,3.15101472769849e-05,0.0056494758434842,0,0
809613,2010,9,38.20094444,-117.3760556,58.98,190718,0,19.4510974884033,4862.2047318,0.149926699167724,79.7596612871493,0.514151756687663,4,646.161418305,1,1,0.00441532535478473,0.19933058321476,0.0207235440611839,0.659307777881622,0.000142429853440262,0,0,0,2.2,-2.45,0.541606610804133,0.0285089829187274,0.00049894267667196,6.32373481206539e-06,0.00239726018428492,0,0
809789,2010,3,38.40580556,-114.0884444,223.9,190821,0.11658070299142,3.73765301704407,5924.34193582566,0.864941841219393,278.998687129335,0.434908079072493,4,144.3569556,3,2,0,0,0,0.99777364730835,0,0,0,0,-0.7,-0.16,26.8525527000584,0.0157970248044577,0.000700255547640463,3.15101472769849e-05,0.0111774112352729,0,0
809807,2010,4,38.6550833,-115.1705278,31.41,190822,0.0776781123383343,7.19794797897339,5341.78243839644,0.242011486381222,138.969102743132,0.715593103810671,4,320.505249831,3,2,0,0,0,0.986653506755829,0.00176541204564273,0,0,0,1.2,-0.04,6.05994596864272,0.237140900056648,0.00049894267667196,6.32373481206539e-06,0.00559438888549805,0,0
809973,2010,4,38.5179722,-118.5546389,252.89,190863,0.0547426016831148,9.69123554229736,4382.50745883594,0.343549894580944,35.3044472114732,0.428640461369243,4,367.12598481,3,2,0,0.0342543795704842,0.0153112094849348,0.823956727981567,0.00705027766525745,0,0,0,1.2,-0.04,51.8551242795556,0.127865721861023,0.000118511180150654,0,0.00181213312870202,0,0
810354,2010,1,38.61766667,-114.384111,224.97,190949,0.196912182584085,-0.965871691703796,5998.98035663478,1.49147263485986,99.4878191868336,0.0767222916274927,4,157.775590791,4,2,0.00149551348295063,0.000427289545768872,0.00149551348295063,0.987252533435822,0.000142429853440262,7.12149267201312e-05,0,0,-1.1,0.05,16.582340731257,0.0221182998485148,0.000700255547640463,3.15101472769849e-05,0.00833714719609668,0,0
810379,2010,5,38.62771096,-116.7295176,167.07,190954,0.00918083304952154,7.51899290084839,7102.03664471137,0.96988909084433,323.262019636392,0.73395981987805,4,150.885827001,4,2,0,0.000988630694337189,0.000282465916825458,0.979380011558533,0.00211849436163902,0,0,0,0.9,-0.18,41.7663482239557,0.0123286105236936,0.00049894267667196,6.32373481206539e-06,0.00838633649054294,0,0
810401,2010,6,38.6316439,-116.2130352,259.93,190957,0.0164653059941854,17.329137802124,6057.58924448623,2.3435128544365,133.335691877817,1.28636808415698,4,122.145669477,4,2,0,0,0.00235009263269603,0.987038910388947,0.000284859706880525,0,0,0,0.4,-0.79,210.939667989809,0.00438871832205799,0.00049894267667196,6.32373481206539e-06,0.0047016890768831,0,0
810402,2010,12,38.6316439,-116.2130352,260,190957,0.32738610565207,0.469159781932831,6057.58924448623,2.3435128544365,133.335691877817,0.0779261052072098,4,122.145669477,4,2,0,0,0.00235009263269603,0.987038910388947,0.000284859706880525,0,0,0,2.9,-2.04,210.939667989809,0.00438871832205799,0.00049894267667196,6.32373481206539e-06,0.0047016890768831,0,0
811010,2010,3,38.77241187,-119.3240478,107.28,191080,0,5.91681051254272,4842.54679903191,0.370759599206722,16.6195149693051,0.316382205873333,4,225.623359923,4,6,0.0103261647745967,0.00249252235516906,0.00534111959859729,0.0968523025512695,0.0122489677742124,0.762783050537109,0.000997008988633752,0,-0.7,-0.16,64.7455689520769,0.000497405268813799,0.00215705114818029,0.0136154090906864,0.00571199891950935,1,0
819622,2010,4,39.2968687,-117.9817904,108.69,192259,0.0769737700383305,7.05794239044189,4709.31036643478,1.90378244276828,230.462990123923,0.501127669327679,4,309.514436166,4,4,0.00317774177528918,0.00388390640728176,0.00459007127210498,0.87253725528717,0.0282465927302837,0,0,0,1.2,-0.04,1.62995745751437,0.00183347206493255,0.00054176225542273,0.00494916428262498,0.00318601806531971,0,0
819933,2010,7,39.31187394,-116.6125759,284,192316,0.0588584447739115,21.3268623352051,6682.76357170478,1.12960230349416,303.505026443479,1.01115559809233,4,182.513123637,2,2,0,0,0,0.998234570026398,0.000211849444895051,0,0,0,1.8,-1.99,94.6138788895454,0.117920568379699,0.00407857533454944,0.00019468948654281,0.00739078277422115,0,0
830387,2010,5,40.0210381,-115.8975598,13.49,193843,0.178056314193357,7.35683965682983,5816.5335633257,1.86621003835081,276.333850246281,0.708452861591171,4,162.171916257,4,6,0,0.589506387710571,0.00466068787500262,0.357390016317368,0.00331897474825382,0.000353082403307781,0.00451945466920733,0,0.9,-0.18,35.3211337098269,0.0429465559622604,0.0104642891676891,7.19277917531747e-05,0.00569903230962654,0,0
830456,2010,4,40.0703611,-117.7260639,88.55,193928,0.089474988557745,8.9335823059082,3572.8346511,0.21997407134049,293.532572298063,0.602448481877239,4,1839.23884794,4,6,0.00639184145256877,0.00861821323633194,0.00373455905355513,0.808172941207886,0.023484630510211,0.0537201948463917,0.000215455322177149,0,1.2,-0.04,82.2978947105696,0.0768790147792577,0.000564515666345929,0.0013986047525303,0.00330932511703422,0,0
830457,2010,8,40.0703611,-117.7260639,94.46,193928,0,22.821117401123,3572.8346511,0.21997407134049,293.532572298063,1.01734091445287,4,1839.23884794,4,6,0.00639184145256877,0.00861821323633194,0.00373455905355513,0.808172941207886,0.023484630510211,0.0537201948463917,0.000215455322177149,0,1.8,-2.21,82.2978947105696,0.0768790147792577,0.000564515666345929,0.0013986047525303,0.00330932511703422,0,0.000111455865882687
830458,2010,11,40.0703611,-117.7260639,94.99,193928,0.0280199996242753,3.87719368934631,3572.8346511,0.21997407134049,293.532572298063,0.169580690136051,4,1839.23884794,4,6,0.00639184145256877,0.00861821323633194,0.00373455905355513,0.808172941207886,0.023484630510211,0.0537201948463917,0.000215455322177149,0,1.3,-1.57,82.2978947105696,0.0768790147792577,0.000564515666345929,0.0013986047525303,0.00330932511703422,0,0
830465,2010,5,40.0724083,-117.7304583,93.54,193930,0.129328825538953,11.1537837982178,3569.89740225912,0.650658332406763,215.769887002101,0.768910206439105,4,1839.23884794,4,6,0.00249252235516906,0.0037743910215795,0.00235009263269603,0.883278727531433,0.046645775437355,0,0,0,0.9,-0.18,81.8769138309145,0.0888946892233745,0.000564515666345929,0.0013986047525303,0.00326623591435142,0,3.09778266606601e-05
830519,2010,4,40.14684969,-119.8157534,201.98,194008,0.0989094370245318,6.92642545700073,4176.56807493983,5.30552074139642,293.334030887918,0.507918431210541,4,133.661417526,3,2,0,0.0319755002856255,0.00341831636615098,0.876726984977722,0.00740635255351663,0.000142429853440262,0.00356074632145464,0,1.2,-0.04,91.8271974772911,0.137752437894751,0.00079460936877835,0.00212848864407331,0.00601862038720399,0,0
830555,2010,3,40.19379395,-119.7907533,62.6,194031,0.0588025697215221,5.75085353851318,4011.06124708221,0.0299723239602337,3.88423297829383,0.313892540194823,4,155.774278452,4,2,0,0.000282465916825458,0.000141232958412729,0.943859875202179,0.0389096811413765,0,0,0,-0.7,-0.16,35.1129836518556,0.00266309022349672,0.00079460936877835,0.00212848864407331,0.00502074498466526,0,0
830585,2010,12,40.21402778,-118.89075,103.56,194046,0.136238671557437,2.84630918502808,3982.61508628309,1.00865101797952,325.619845374606,0.0309602889333827,4,220.045932093,4,2,0,0,0,0.986441612243652,0.00360144046135247,0,0,0,2.9,-2.04,4.99163244160123,0.0907199691175531,0.000564515666345929,0.0013986047525303,0.00301272066357235,0,0
830823,2010,3,40.5718723,-115.6620049,88.77,194222,0.211949461410569,2.06295561790466,5669.99882562919,8.54252623961198,229.173499574245,0.251706541749371,4,174.639107877,4,2,0.00327588664367795,0.00078336417209357,0.00242130761034787,0.480558335781097,0.132815837860107,0.0872382819652557,0.072283148765564,0,-0.7,-0.16,98.3892840281485,0.0157644529586076,0.00032479838555342,0.00266102199451477,0.00383894635371553,0,0
830855,2010,4,40.62166667,-115.2367222,5.62,194251,0.300760069375619,4.58480548858643,6007.2178569,0.0183458117620085,107.400272986339,0.307029789667916,4,170.505249603,3,2,0.00331897474825382,0.000918014266062528,0.00275404285639524,0.520514070987701,0.0350963920354843,0.0576230473816395,0.214391633868217,0,1.2,-0.04,3.4620204205959,0.0296588844669319,0.00032479838555342,0.00266102199451477,0.0129700249360626,0,0
831018,2010,7,40.8036111,-115.8072222,9.85,194477,0.0194846567189777,21.4396781921387,5041.56952527476,0.635779260868834,338.276126863401,1.13866701073899,4,133.234908339,4,2,0.0205493960529566,0.000918014266062528,0.00310712517239153,0.789492249488831,0.0380622819066048,0.00303650880232453,0.0463950298726559,0.000141232958412729,1.8,-1.99,15.1038091869099,0.012743907521897,0.00032479838555342,0.00266102199451477,0.00553938289880132,0,3.27962703462714e-05
831019,2010,12,40.8036111,-115.8072222,10.11,194477,0.176320727058148,-0.6361945271492,5041.56952527476,0.635779260868834,338.276126863401,0.0436501585004376,4,133.234908339,4,2,0.0205493960529566,0.000918014266062528,0.00310712517239153,0.789492249488831,0.0380622819066048,0.00303650880232453,0.0463950298726559,0.000141232958412729,2.9,-2.04,15.1038091869099,0.012743907521897,0.00032479838555342,0.00266102199451477,0.00553938289880132,0,0
831128,2010,2,40.81684739,-118.3776518,120.17,194492,0.0820872540858101,3.56041479110718,4210.32030353505,0.922906436532328,67.6997484638856,0.0662158481472988,4,196.161417621,3,2,0,0.0306224189698696,0.0055547640658915,0.372596502304077,0.372311621904373,0,0,0,-1.5,0.25,28.862577767577,0.159072047925517,0.000564515666345929,0.0013986047525303,0.0039766517812262,0,0
831130,2010,5,40.81684739,-118.3776518,120.04,194492,0.131976323065527,9.39692687988281,4210.32030353505,0.922906436532328,67.6997484638856,0.658124439108458,4,196.161417621,3,2,0,0.0306224189698696,0.0055547640658915,0.372596502304077,0.372311621904373,0,0,0,0.9,-0.18,28.862577767577,0.159072047925517,0.000564515666345929,0.0013986047525303,0.0039766517812262,0,3.0801986954505e-05
831131,2010,7,40.81684739,-118.3776518,119.95,194492,0.0243081618225447,24.3995590209961,4210.32030353505,0.922906436532328,67.6997484638856,1.09168776230031,4,196.161417621,3,2,0,0.0306224189698696,0.0055547640658915,0.372596502304077,0.372311621904373,0,0,0,1.8,-1.99,28.862577767577,0.159072047925517,0.000564515666345929,0.0013986047525303,0.0039766517812262,0,0.000122129532334039
831208,2010,1,40.9083583,-114.3812472,168.12,194587,0.0813597207292316,-2.8160412311554,5725.06283297004,0.67039764343711,297.641546892284,0.0375254605330504,4,116.14173246,1,2,0.00280091934837401,0.000790002872236073,0.00186727952677757,0.979962646961212,0,0,0,0,-1.1,0.05,124.829535286077,0.0882303623506456,0.00032479838555342,0.00266102199451477,0.00855062010724097,0,0
831880,2010,2,41.4860077,-117.5370736,8.69,195160,0.0465100675824265,2.81667280197144,4516.43508570696,0.381674275615951,193.19954614462,0.0794954251073444,4,126.574803342,2,7,0.0175188723951578,0.00128186866641045,0.00306224194355309,0.103047996759415,0.0863124877214432,0.504059255123138,0.0565446503460407,0,-1.5,0.25,0.232162462836754,0.0130205094090956,0.0035260973092248,0.000680106463647212,0.00316973519734417,1,0
831882,2010,6,41.4860077,-117.5370736,4.39,195160,0.0788318267278364,17.0467147827148,4516.43508570696,0.381674275615951,193.19954614462,0.775651907910864,4,126.574803342,2,7,0.0175188723951578,0.00128186866641045,0.00306224194355309,0.103047996759415,0.0863124877214432,0.504059255123138,0.0565446503460407,0,0.4,-0.79,0.232162462836754,0.0130205094090956,0.0035260973092248,0.000680106463647212,0.00316973519734417,1,0.000815672946042403
860877,2010,4,42.0070833,-76.6226111,69,199458,0.16935098228264,10.4978513717651,846.719965075003,0.803010818577144,280.040616153233,0.69314255907382,3,60.69553815,1,2,0.068144902586937,0.0235859043896198,0.317562311887741,0.00889767706394196,0.0209730956703424,0.266365379095078,0.0171598047018051,0.0292352233082056,1.2,-0.04,34.1315313792953,0.0169916347269756,0.00179309436219706,0.00164950672772424,0.0726046961803238,0,0
860890,2010,10,42.01213889,-77.2884444,290,199473,0.334823388636136,8.40796279907227,1694.52763157495,2.98935488606595,212.961631341147,0.421277244587448,3,40.68241476,2,1,0.0490078367292881,0.00331897474825382,0.417767107486725,0.00889767706394196,0.0170185714960098,0.302944719791412,0.0052256197668612,0.000211849444895051,1.7,-1.6,51.6583444724736,0.0668080021776637,0.00135141183236759,0.000457984146374764,0.0434633022620281,0,0
860897,2010,5,42.0163611,-76.7540833,60,199488,0.293449066888497,14.1133794784546,1614.62517585416,6.16406998854772,257.365878012022,0.772193449298016,2,40.419947568,2,1,0.0220054127275944,0.00391682097688317,0.634453773498535,0.00683663273230195,0.0140293408185244,0.145848169922829,0.000925794069189578,0.000142429853440262,0.9,-0.18,63.9869535722912,0.0304218528727832,0.00179309436219706,0.00164950672772424,0.0515574204985797,0,0
860906,2010,12,42.022225,-76.52397778,36,199500,0.13537399432717,-3.83026456832886,841.223384003512,4.26222063492518,51.9327727941134,0.145953771858092,3,45.308399019,1,2,0.0234446711838245,0.00437822192907333,0.642892479896545,0.00910952594131231,0.0146176116541028,0.118988774716854,0.00331897474825382,0,2.9,-2.04,3.34503926512771,0.00362912138871836,0.00160347477799728,0.000126517735485206,0.0749899331466357,0,0
860944,2010,11,42.04838889,-76.5955833,70,199553,0.316625705709661,3.49139022827148,1624.58147732484,6.13550885261802,59.0561215726182,0.210092149388017,3,35.629921314,4,2,0.0214356929063797,0.00384560599923134,0.625694334506989,0.00840336177498102,0.0155960693955421,0.140293404459953,7.12149267201312e-05,0,1.3,-1.57,63.4310503043993,0.00571677047840734,0.00179309436219706,0.00164950672772424,0.0635158105146885,0,0
860957,2010,10,42.0576111,-78.4472222,40,199569,0.276592385219366,8.48621940612793,1550.83478369357,5.90874249369638,45.1289608212088,0.419805407223557,3,46.751968575,6,6,0.0313537195324898,0.00550808571279049,0.825436055660248,0.00338959111832082,0.00395452277734876,0.0167361069470644,0,0,1.7,-1.6,6.50662607145724,0.0292965330505019,0.000917059809094248,0.000577649772988191,0.0792895636145274,0,0
861073,2010,8,42.1188333,-75.8375,25,199836,0.328211071483248,20.6831531524658,1278.72940049931,6.41388697115036,207.281370021557,0.66120628397363,3,42.880577493,2,6,0.0914483442902565,0.00487253721803427,0.596850514411926,0.00614363374188542,0.01313466578722,0.112421438097954,0.0026128098834306,0.00353082409128547,1.8,-2.21,54.0869130433559,0.013593706611837,0.00220406078035465,0.00731000085455215,0.081392283094724,0,0
861173,2010,9,42.1719722,-76.7316944,10,199951,0.455924958448988,15.5152130126953,1102.04950873436,0.94027493028754,296.236381583147,0.638612763181567,3,57.283464654,1,2,0.0279162507504225,0.00448654033243656,0.538598477840424,0.00940037053078413,0.0228599905967712,0.179461613297462,0.000854579091537744,0.00106822384987026,2.2,-2.45,0.0809249347157003,0.00307329956751262,0.00179309436219706,0.00164950672772424,0.0918848748117685,0,0
861181,2010,8,42.1762222,-79.3623611,10,199963,0.300615190977935,19.4023494720459,1527.97571084014,5.66106932520448,264.558568675639,0.810106884443074,3,43.897637862,6,4,0.12761715054512,0.00491382973268628,0.420809000730515,0.00868822075426579,0.0116792479529977,0.140435829758644,0.00163794332183897,0.109528556466103,1.8,-2.21,20.9473343664462,0.0114059256348895,0.00109002943766328,0.0567584428112699,0.105182254958153,0,0
861254,2010,2,42.19924216,-75.89797408,65.02,200015,0.174172744615226,-3.7477490901947,1094.87723355108,8.06711810713896,247.576671909844,0.121860742128428,3,44.750656236,2,6,0.0332573689520359,0.00391682097688317,0.627474725246429,0.00747756706550717,0.0145990597084165,0.125979200005531,0.00270616728812456,0.000498504494316876,-1.5,0.25,35.2126157099379,0.00902139204251829,0.00220406078035465,0.00731000085455215,0.0688516453417142,0,0
861255,2010,5,42.19924216,-75.89797408,65.59,200015,0.244404300049947,15.0176210403442,1094.87723355108,8.06711810713896,247.576671909844,0.737273550278146,3,44.750656236,2,6,0.0332573689520359,0.00391682097688317,0.627474725246429,0.00747756706550717,0.0145990597084165,0.125979200005531,0.00270616728812456,0.000498504494316876,0.9,-0.18,35.2126157099379,0.00902139204251829,0.00220406078035465,0.00731000085455215,0.0688516453417142,0,0
861256,2010,9,42.19924216,-75.89797408,67.64,200015,0.51402309826263,16.0805225372314,1094.87723355108,8.06711810713896,247.576671909844,0.613925664438181,3,44.750656236,2,6,0.0332573689520359,0.00391682097688317,0.627474725246429,0.00747756706550717,0.0145990597084165,0.125979200005531,0.00270616728812456,0.000498504494316876,2.2,-2.45,35.2126157099379,0.00902139204251829,0.00220406078035465,0.00731000085455215,0.0688516453417142,0,0
861257,2010,12,42.19924216,-75.89797408,66.88,200015,0.159123300809254,-4.67177200317383,1094.87723355108,8.06711810713896,247.576671909844,0.135119005343548,3,44.750656236,2,6,0.0332573689520359,0.00391682097688317,0.627474725246429,0.00747756706550717,0.0145990597084165,0.125979200005531,0.00270616728812456,0.000498504494316876,2.9,-2.04,35.2126157099379,0.00902139204251829,0.00220406078035465,0.00731000085455215,0.0688516453417142,0,0
861503,2010,1,42.3175,-74.2561111,18.08,200299,0.371253822670695,-6.36537742614746,1702.76915812237,6.37571714260191,16.5928483489473,0.0283091588087677,3,47.736220545,2,6,0.0370317623019218,0.00626691337674856,0.636020481586456,0.00932915508747101,0.0136732654646039,0.0304087735712528,0.0422304533421993,0.00242130761034787,-1.1,0.05,55.9590933741703,0.00693086158054803,0.000620841778740403,0.00092251841770581,0.11114569366624,0,0
862370,2010,11,42.49980556,-78.66225,20,201237,0.422809881817955,3.44305729866028,1355.51124283052,2.00033498012087,80.9788600801138,0.193906719272218,3,57.08661426,1,1,0.222512528300285,0.00557870185002685,0.275051206350327,0.0095332246273756,0.0144763784483075,0.233105003833771,0.0117929521948099,0.00183602853212506,1.3,-1.57,63.5835005257353,0.00364557579425519,0.00138644797315911,0.0650172576301896,0.118202259040674,0,0
862466,2010,4,42.51994444,-78.66275,7,201378,0.183224978687916,9.20438766479492,1340.61760044288,0.514984474899296,225.481005310092,0.668966539653845,3,77.657480433,7,4,0.222512528300285,0.00557870185002685,0.275051206350327,0.0095332246273756,0.0144763784483075,0.233105003833771,0.0117929521948099,0.00183602853212506,1.2,-0.04,0.351473122508964,0.0131733747623136,0.00138644797315911,0.0650172576301896,0.133312296082874,0,0
862687,2010,7,42.54575,-78.47988889,36,201608,0.341427120217081,21.2176837921143,1440.2887161,0.385371445144094,82.2567860447586,0.820235206068567,3,92.880577569,1,2,0.0435703694820404,0.00367205706425011,0.164677634835243,0.00918014254420996,0.0192782990634441,0.489301592111588,0.0441353023052216,0.00776781281456351,1.8,-1.99,12.9369269089585,0.0197228453838829,0.00138644797315911,0.0650172576301896,0.116422740281622,0,1.10293069310544e-05
862855,2010,5,42.56777778,-78.69963889,15,201802,0.345296634988664,14.2869710922241,1418.091831905,5.35227645112176,82.9576273767066,0.706154831885825,3,44.094488256,2,4,0.0225509908050299,0.0038781960029155,0.712295293807983,0.00768457353115082,0.0101982187479734,0.0697357058525085,0.00588911212980747,0.00014363689115271,0.9,-0.18,14.2698291309621,0.0327150917275485,0.00138644797315911,0.0650172576301896,0.105913779123525,0,0
866541,2010,7,44.7007222,-74.12615,25,205604,0.315213141332245,20.3458423614502,1498.90427091229,1.10786393267328,169.97723637418,0.711721085956888,4,56.988189063,2,2,0.0314769968390465,0.00854579079896212,0.546218514442444,0.015524853952229,0.011964107863605,0.00249252235516906,0.0769833326339722,0.135165929794312,1.8,-1.99,0.186244165441269,0.00148350694927265,0.000491965338168146,0.00063446564301685,0,0,0
866542,2010,8,44.70100556,-74.1262194,25,205605,0.469410013426758,18.4855785369873,1499.20316587505,0.660793897204556,179.807600764627,0.617023579091071,4,56.988189063,2,2,0.0314769968390465,0.00854579079896212,0.546218514442444,0.015524853952229,0.011964107863605,0.00249252235516906,0.0769833326339722,0.135165929794312,1.8,-2.21,0.186244165441269,0.00157984354899913,0.000491965338168146,0.00063446564301685,0,0,0
866545,2010,9,44.7029861,-74.1370417,8,205608,0.497641376440778,14.3422336578369,1489.17194768252,3.77330806779053,40.6500173381842,0.423592044943529,4,71.128609032,1,2,0.0314769968390465,0.00854579079896212,0.546218514442444,0.015524853952229,0.011964107863605,0.00249252235516906,0.0769833326339722,0.135165929794312,2.2,-2.45,0.918511781780782,0.000560623321281937,0.000491965338168146,0.00063446564301685,0,0,0
866638,2010,4,44.78509167,-74.273475,20,205719,0.208052275065274,7.67065048217773,1294.84605932423,6.45693401018432,346.769027175635,0.655050854414543,6,35.43307092,1,1,0.0185015182942152,0.00275404285639524,0.494739085435867,0.016806723549962,0.0162417907267809,0.165030717849731,0.0725937411189079,0,1.2,-0.04,113.402501976994,0.0676634696792921,0.000491965338168146,0.00063446564301685,0.119073229007026,0,0
866729,2010,10,44.84665556,-74.3385167,5,205840,0.451571147333524,7.72929430007935,777.522271686274,1.62286103179008,288.712410769328,0.337325895126327,2,52.657480395,6,6,0.0441353023052216,0.00233034393750131,0.233811169862747,0.0114398701116443,0.0221735760569572,0.39728832244873,0.0651083961129189,7.06164792063646e-05,1.7,-1.6,1.49465139370923,0.00414300879002441,0.000491965338168146,0.00063446564301685,0.0642081099467476,0,0
876511,2010,1,44.02052778,-75.7603333,17.0341935483871,206224,0.225131242949096,-6.88019514083862,615.111671802657,1.29544470597544,203.19146459818,0.0408631986202887,1,56.955380664,2,1,0.0418031625449657,0.00997008942067623,0.325950711965561,0.0316906422376633,0.0261358786374331,0.239709436893463,0.0399515740573406,0.000142429853440262,-1.1,0.05,10.6962326480217,0.0154503619623625,0.000363218592261405,0.00234024532983194,0.14427976455152,0,0
877430,2010,1,44.9680833,-73.6346944,2.63290322580645,206229,0.113256447130677,-6.33095502853394,352.208496377914,0.699444977106177,54.6830920052746,0.0661089289911644,1,46.062992196,1,1,0.042652353644371,0.00437822192907333,0.39968928694725,0.0208318624645472,0.0273285787552595,0.153590843081474,0.0786667615175247,0.000847397779580206,-1.1,0.05,4.66212435427258,0.00541426749261289,0.000592143914370503,0.00139540000690788,0.112878646295071,0,0
877431,2010,2,44.9680833,-73.6346944,2.8875,206229,0.148312701553342,-4.62259912490845,352.208496377914,0.699444977106177,54.6830920052746,0.11711427250839,1,46.062992196,1,1,0.042652353644371,0.00437822192907333,0.39968928694725,0.0208318624645472,0.0273285787552595,0.153590843081474,0.0786667615175247,0.000847397779580206,-1.5,0.25,4.66212435427258,0.00541426749261289,0.000592143914370503,0.00139540000690788,0.112878646295071,0,0
877432,2010,3,44.9680833,-73.6346944,1.91129032258065,206229,0.254168373153827,3.04453587532043,352.208496377914,0.699444977106177,54.6830920052746,0.421900662239955,1,46.062992196,1,1,0.042652353644371,0.00437822192907333,0.39968928694725,0.0208318624645472,0.0273285787552595,0.153590843081474,0.0786667615175247,0.000847397779580206,-0.7,-0.16,4.66212435427258,0.00541426749261289,0.000592143914370503,0.00139540000690788,0.112878646295071,0,0
877433,2010,4,44.9680833,-73.6346944,1.895,206229,0.310648921127124,9.27085018157959,352.208496377914,0.699444977106177,54.6830920052746,0.655787211135873,1,46.062992196,1,1,0.042652353644371,0.00437822192907333,0.39968928694725,0.0208318624645472,0.0273285787552595,0.153590843081474,0.0786667615175247,0.000847397779580206,1.2,-0.04,4.66212435427258,0.00541426749261289,0.000592143914370503,0.00139540000690788,0.112878646295071,0,0
877434,2010,5,44.9680833,-73.6346944,2.34709677419355,206229,0.101280106175296,15.1210336685181,352.208496377914,0.699444977106177,54.6830920052746,0.75974802448082,1,46.062992196,1,1,0.042652353644371,0.00437822192907333,0.39968928694725,0.0208318624645472,0.0273285787552595,0.153590843081474,0.0786667615175247,0.000847397779580206,0.9,-0.18,4.66212435427258,0.00541426749261289,0.000592143914370503,0.00139540000690788,0.112878646295071,0,0
877435,2010,6,44.9680833,-73.6346944,2.36,206229,0.525208671747377,17.9519462585449,352.208496377914,0.699444977106177,54.6830920052746,0.638494817948346,1,46.062992196,1,1,0.042652353644371,0.00437822192907333,0.39968928694725,0.0208318624645472,0.0273285787552595,0.153590843081474,0.0786667615175247,0.000847397779580206,0.4,-0.79,4.66212435427258,0.00541426749261289,0.000592143914370503,0.00139540000690788,0.112878646295071,0,0
877795,2010,11,39.6655861,-83.9656722,29.9,206446,0.452332384691913,6.14150619506836,908.966494346095,1.02653698598527,223.011798331715,0.190343431576872,1,55.150918719,3,2,0.487606793642044,0.00310712517239153,0.0696984678506851,0.00586116779595613,0.0109455548226833,0.289951264858246,0.00190664501860738,0.000211849444895051,1.3,-1.57,1.19615942812684,0.0153416821941527,0.00460404511449416,0.000801905755677661,0.111867285353442,0,0
877838,2010,8,39.70930556,-83.9665278,2.5,206462,0.18352890292853,23.9875774383545,807.0866154,0.320905665401537,253.88067057509,0.704527277778328,1,49.179790101,5,7,0.242496997117996,0.00854459404945374,0.146034881472588,0.00910952594131231,0.0186427515000105,0.375820904970169,0.00557870185002685,0.00692041544243693,1.8,-2.21,3.04217844334141,0.0101505295640509,0.00460404511449416,0.000801905755677661,0.0890633910192053,0,0
878060,2010,1,39.84391667,-82.9828056,40.78,206744,0.17315670600438,-3.47524094581604,713.118019003116,6.64786670891052,93.392414798853,0.099313309337356,3,80.741469939,3,2,0.168565735220909,0.0178749468177557,0.0785500630736351,0.00776242697611451,0.0177325159311295,0.43441104888916,0.000142429853440262,0.0594644621014595,-1.1,0.05,20.2421566627584,0.00333476460483918,0.00943102887511572,0.0376288525825324,0.0824405954625209,0,0
878061,2010,4,39.84391667,-82.9828056,46.73,206744,0.220636007689382,13.996301651001,713.118019003116,6.64786670891052,93.392414798853,0.582986166731314,3,80.741469939,3,2,0.168565735220909,0.0178749468177557,0.0785500630736351,0.00776242697611451,0.0177325159311295,0.43441104888916,0.000142429853440262,0.0594644621014595,1.2,-0.04,20.2421566627584,0.00333476460483918,0.00943102887511572,0.0376288525825324,0.0824405954625209,0,0
878062,2010,5,39.84391667,-82.9828056,46.17,206744,0.543941889110349,18.3414402008057,713.118019003116,6.64786670891052,93.392414798853,0.584676097647212,3,80.741469939,3,2,0.168565735220909,0.0178749468177557,0.0785500630736351,0.00776242697611451,0.0177325159311295,0.43441104888916,0.000142429853440262,0.0594644621014595,0.9,-0.18,20.2421566627584,0.00333476460483918,0.00943102887511572,0.0376288525825324,0.0824405954625209,0,0
878063,2010,7,39.84391667,-82.9828056,43.38,206744,0.365819230723304,24.7420463562012,713.118019003116,6.64786670891052,93.392414798853,0.67820251247536,3,80.741469939,3,2,0.168565735220909,0.0178749468177557,0.0785500630736351,0.00776242697611451,0.0177325159311295,0.43441104888916,0.000142429853440262,0.0594644621014595,1.8,-1.99,20.2421566627584,0.00333476460483918,0.00943102887511572,0.0376288525825324,0.0824405954625209,0,0
878588,2010,8,40.0691111,-83.7792778,21.7,206959,0.241841769648621,23.4774570465088,997.3753296,0.0418380596031605,97.7965778476332,0.662392644812714,1,66.699475167,3,2,0.0338270887732506,0.00434411037713289,0.0928642675280571,0.00519868964329362,0.0165930781513453,0.625124633312225,0.0047714002430439,0.0517020374536514,1.8,-2.21,9.26789494168525,0.0377888286571766,0.00294181187850275,0.000190765957991646,0.0760313522605101,0,3.26992917939109e-05
878605,2010,11,40.11175,-83.7378611,10.73,206962,0.409873051903432,5.08351564407349,1074.47350292525,0.972620641600896,209.252388961123,0.175963737474913,1,70.898950239,5,7,0.459077745676041,0.00176541204564273,0.0336840637028217,0.00374267343431711,0.00946260895580053,0.398841887712479,0.000423698889790103,0.00148294609971344,1.3,-1.57,25.7591328674533,0.0242869308445277,0.00294181187850275,0.000190765957991646,0.0575583443303903,0,0
878618,2010,10,40.1467316,-82.4196,23.69,206971,0.158814107580611,12.0002269744873,892.232934597985,3.87046708076567,240.177193935995,0.576543783828923,3,75.721784892,3,2,0.0524680465459824,0.0103100063279271,0.316714912652969,0.00833274517208338,0.0222441926598549,0.348986655473709,0.000353082403307781,0.02626933157444,1.7,-1.6,18.4349891987865,0.0212844351507907,0.00207821383704904,0.00208449242870175,0.0673408412648241,0,0
878976,2010,2,41.3609722,-81.1223611,35.83,207419,0.275334361136922,-4.4898681640625,1165.83016805328,0.851559600921867,231.534972468183,0.0634847601906864,3,61.843832115,2,6,0.0216086432337761,0.00374267343431711,0.276181071996689,0.0138408308848739,0.0240802206099033,0.377515703439713,0.0210437122732401,0.000353082403307781,-1.5,0.25,11.1544961548192,0.00453138355245857,0.00304412719881215,0.000401655672065491,0.101350200585226,0,0
878977,2010,4,41.3609722,-81.1223611,34.96,207419,0.174431262944749,11.1171846389771,1165.83016805328,0.851559600921867,231.534972468183,0.713193198659821,3,61.843832115,2,6,0.0216086432337761,0.00374267343431711,0.276181071996689,0.0138408308848739,0.0240802206099033,0.377515703439713,0.0210437122732401,0.000353082403307781,1.2,-0.04,11.1544961548192,0.00453138355245857,0.00304412719881215,0.000401655672065491,0.101350200585226,0,0
878978,2010,6,41.3609722,-81.1223611,33.94,207419,0.380935444246937,20.4950065612793,1165.83016805328,0.851559600921867,231.534972468183,0.751144029852933,3,61.843832115,2,6,0.0216086432337761,0.00374267343431711,0.276181071996689,0.0138408308848739,0.0240802206099033,0.377515703439713,0.0210437122732401,0.000353082403307781,0.4,-0.79,11.1544961548192,0.00453138355245857,0.00304412719881215,0.000401655672065491,0.101350200585226,0,0
878979,2010,7,41.3609722,-81.1223611,35.79,207419,0.34323524667442,22.7913436889648,1165.83016805328,0.851559600921867,231.534972468183,0.848637079041989,3,61.843832115,2,6,0.0216086432337761,0.00374267343431711,0.276181071996689,0.0138408308848739,0.0240802206099033,0.377515703439713,0.0210437122732401,0.000353082403307781,1.8,-1.99,11.1544961548192,0.00453138355245857,0.00304412719881215,0.000401655672065491,0.101350200585226,0,0
878980,2010,9,41.3609722,-81.1223611,37.11,207419,0.218912410317906,17.3717250823975,1165.83016805328,0.851559600921867,231.534972468183,0.731527925336696,3,61.843832115,2,6,0.0216086432337761,0.00374267343431711,0.276181071996689,0.0138408308848739,0.0240802206099033,0.377515703439713,0.0210437122732401,0.000353082403307781,2.2,-2.45,11.1544961548192,0.00453138355245857,0.00304412719881215,0.000401655672065491,0.101350200585226,0,0
878981,2010,11,41.3609722,-81.1223611,38.34,207419,0.475961180281522,4.84399223327637,1165.83016805328,0.851559600921867,231.534972468183,0.227500610497117,3,61.843832115,2,6,0.0216086432337761,0.00374267343431711,0.276181071996689,0.0138408308848739,0.0240802206099033,0.377515703439713,0.0210437122732401,0.000353082403307781,1.3,-1.57,11.1544961548192,0.00453138355245857,0.00304412719881215,0.000401655672065491,0.101350200585226,0,0
883507,2010,1,40.0943888888889,-82.9010333333333,21.1974193548387,208170,0.176298837604317,-4.04965114593506,840.071908987505,4.99016470159584,239.735151796309,0.153545082005279,3,52.066929213,4,2,0.811494112014771,0.00398803595453501,0.102122202515602,0.00078336417209357,0.000925794069189578,0.000284859706880525,7.12149267201312e-05,0.00128186866641045,-1.1,0.05,5.64104382053268,0.00984723719088644,0.00943102887511572,0.0376288525825324,0.0784834440122048,0,0
884348,2010,3,33.7426029,-96.3699864,40.85,208176,0.223682784372945,11.4547672271729,567.5853027,0.238321023192498,111.235181873039,0.511894176790654,2,64.173228444,3,2,0.00619569839909673,0.00363196129910648,0.134026497602463,0.00961401499807835,0.2784503698349,0.322532415390015,0,0.0192992445081472,-0.7,-0.16,37.3334929014962,0.00821961581652925,0.000486293223249651,0.00162809141827783,0.0117593238834416,0,0
884378,2010,2,33.83816648,-94.6754895,19.13,208180,0.576316854396753,4.02536869049072,429.7900269,0.31607352453863,115.3597666815,0.321156384613314,2,43.832021064,3,2,0.0316194258630276,0.00206523295491934,0.473935335874557,0.0311921387910843,0.0503489524126053,0.170559749007225,0.0333285853266716,0.00306224194355309,-1.5,0.25,30.582573829539,0.00536226450309815,9.30042046586689e-05,0.000654810091336644,0.0201435505371789,0,0
884480,2010,3,34.0048189,-98.0186484,6.98,208199,0.107302653358138,11.0585470199585,820.209975,0.14053801072887,198.474500015494,0.448411857105112,4,27.493438362,1,2,0.00416637258604169,0.0700515508651733,0.0683567523956299,0.00819151196628809,0.347080022096634,0.33281546831131,0.0026834262534976,0.0180778186768293,-0.7,-0.16,1.93442103412128,0.00928163331830756,0.00122452620730569,0.00106472460817324,0.010088536834754,0,1.13193498987826e-06
884490,2010,2,34.0117676,-95.7241354,25.24,208200,0.368051078935307,3.8156406879425,446.897505459454,1.51052174123689,30.9122164147603,0.302214209948362,1,80.150918757,4,4,0.00882706046104431,0.00183602853212506,0.247440159320831,0.0161711741238832,0.054657157510519,0.40180778503418,0.0350963920354843,0.00684979883953929,-1.5,0.25,25.9124654252645,0.0183621638863094,0.000201515200748588,0.00148617460552084,0.0114043039918194,0,0
884505,2010,3,34.02648547,-96.0269265,131.21,208202,0.293537550844235,10.9540252685547,643.557044543275,2.66108237689092,245.384384289466,0.530587745331592,1,63.385826868,2,4,0.00911551062017679,0.00291981198824942,0.310140997171402,0.0286283995956182,0.183663293719292,0.218202531337738,0.00121065380517393,0.000284859706880525,-0.7,-0.16,31.0737599071733,0.00417533811979796,0.000486293223249651,0.00162809141827783,0.0145242571237683,0,0
884720,2010,1,34.41396667,-99.221575,6.52,208291,0.209898298187108,3.40128922462463,1220.4724428,0.00340523136314075,27.4258093188995,0.158009554384766,4,70.570866249,1,2,0.00541233457624912,0.00434411037713289,0.00719270762056112,0.0536248385906219,0.484475135803223,0.220196560025215,0.00405925093218684,0.00576840899884701,-1.1,0.05,1.38127526326763,0.0218919220949883,0.00169836131019423,0.000171799554499416,0.00862637867894024,0,0
885444,2010,3,34.7067674,-95.198577,15.94,208891,0.289776144192831,9.03300094604492,859.813408789442,5.34614409111017,131.745314336507,0.542337163112508,3,56.988189063,3,2,0.00564931845292449,0.00141232961323112,0.429771900177002,0.0605183243751526,0.0618600398302078,0.241367131471634,0,0.000211849444895051,-0.7,-0.16,45.6749392375199,0.0166807954186291,3.74852407205241e-05,0.000536630814525398,0.0401404931336641,0,0
885552,2010,2,34.79694444,-98.5841667,6.44,208969,0.151660236078537,2.65309619903564,1498.90664381444,1.89476333574068,259.937320180115,0.209883304724736,3,38.484252027,3,2,0.00569719402119517,0.00128186866641045,0.191995441913605,0.0142429852858186,0.571784675121307,0.0331861563026905,0,7.12149267201312e-05,-1.5,0.25,1.33271781524472,0.00630663774370682,0.000652998118096822,0.00271286210038598,0.00892580235918363,0,0
885553,2010,4,34.79694444,-98.5841667,7.8,208969,0.224304399806268,15.9809455871582,1498.90664381444,1.89476333574068,259.937320180115,0.676310632887639,3,38.484252027,3,2,0.00569719402119517,0.00128186866641045,0.191995441913605,0.0142429852858186,0.571784675121307,0.0331861563026905,0,7.12149267201312e-05,1.2,-0.04,1.33271781524472,0.00630663774370682,0.000652998118096822,0.00271286210038598,0.00892580235918363,0,0
885554,2010,6,34.79694444,-98.5841667,8.25,208969,0.302688944518243,27.5745296478271,1498.90664381444,1.89476333574068,259.937320180115,1.15750160293102,3,38.484252027,3,2,0.00569719402119517,0.00128186866641045,0.191995441913605,0.0142429852858186,0.571784675121307,0.0331861563026905,0,7.12149267201312e-05,0.4,-0.79,1.33271781524472,0.00630663774370682,0.000652998118096822,0.00271286210038598,0.00892580235918363,0,0
885555,2010,10,34.79694444,-98.5841667,8.25,208969,0.342601891785583,17.8675689697266,1498.90664381444,1.89476333574068,259.937320180115,0.539168361171739,3,38.484252027,3,2,0.00569719402119517,0.00128186866641045,0.191995441913605,0.0142429852858186,0.571784675121307,0.0331861563026905,0,7.12149267201312e-05,1.7,-1.6,1.33271781524472,0.00630663774370682,0.000652998118096822,0.00271286210038598,0.00892580235918363,0,0
885691,2010,1,34.83813228,-97.3494706,20.22,209052,0.190500512500277,2.97288346290588,928.4776917,0.165224588674455,182.472913539,0.15827714638726,4,61.089238938,4,4,0.0123578840866685,0.00211849436163902,0.0836099162697792,0.00918014254420996,0.41310641169548,0.270672976970673,0.000211849444895051,0.00162417907267809,-1.1,0.05,8.44951690996971,0.0178033069555387,0.00732230383886343,0.000562166253201007,0.0100779637158165,0,0
886696,2010,5,35.27574167,-97.4887611,274.82,210054,0.288952680210972,20.362907409668,1160.66173998078,1.46831111752199,77.0426052028411,0.706699001955908,3,40.518372765,2,2,0.307933330535889,0.0037743910215795,0.0196553189307451,0.0055547640658915,0.270189434289932,0.19755020737648,0.000142429853440262,0.00327588664367795,0.9,-0.18,2.31424654914408,0.00833324812296837,0.004612850154526,0.00547920993760076,0.0100180592207362,0,0
886697,2010,10,35.27574167,-97.4887611,284.96,210054,0.121138402667412,17.2745265960693,1160.66173998078,1.46831111752199,77.0426052028411,0.563729254510648,3,40.518372765,2,2,0.307933330535889,0.0037743910215795,0.0196553189307451,0.0055547640658915,0.270189434289932,0.19755020737648,0.000142429853440262,0.00327588664367795,1.7,-1.6,2.31424654914408,0.00833324812296837,0.004612850154526,0.00547920993760076,0.0100180592207362,0,0
886971,2010,2,35.3334022,-97.061692,49.41,210217,0.210730485410431,2.37193632125854,1103.25579163951,1.56448863873013,26.6843027140921,0.27479862645385,3,68.24146992,3,2,0.0299102682620287,0.0037743910215795,0.15888050198555,0.0156672839075327,0.351232022047043,0.129539951682091,0,0.0178037323057652,-1.5,0.25,27.0702207280918,0.00415580375536538,0.00321054804471736,0.000942679267788269,0.0286707337847849,0,0
899475,2010,4,34.4242583128392,-96.8261206724839,17.991,214342,0.277759997972779,16.5426063537598,1064.52739706466,2.10706001522883,157.81309396886,0.741823803284596,1,33.005249394,4,2,0.0459007136523724,0.0298707727342844,0.200409576296806,0.00783842988312244,0.297295391559601,0.171315580606461,0,0.0177953541278839,1.2,-0.04,0.877807167497644,0.0107789239639233,0.000509115143428061,0.000491634795155853,0.0104635764957468,0,0
901252,2010,1,42.05306726,-121.4427981,163.94,214441,0.128908044905874,2.76866745948792,4181.71862520505,1.95787013716543,76.717879515557,0.10577753788964,9,120.374015931,3,2,0.0118635687977076,0.00183602853212506,0.0242920704185963,0.120048016309738,0.015253160148859,0.70425820350647,0,0,-1.1,0.05,89.4825040620478,0.0229925724217597,0.00763497559892855,0.00787218418598272,0.00683424011156584,1,0
901253,2010,2,42.05306726,-121.4427981,164.26,214441,0.0471457503377091,2.65020060539246,4181.71862520505,1.95787013716543,76.717879515557,0.174808239639344,9,120.374015931,3,2,0.0118635687977076,0.00183602853212506,0.0242920704185963,0.120048016309738,0.015253160148859,0.70425820350647,0,0,-1.5,0.25,89.4825040620478,0.0229925724217597,0.00763497559892855,0.00787218418598272,0.00683424011156584,1,0
901254,2010,3,42.05306726,-121.4427981,164.41,214441,0.0548150846858952,3.85953712463379,4181.71862520505,1.95787013716543,76.717879515557,0.38073394612991,9,120.374015931,3,2,0.0118635687977076,0.00183602853212506,0.0242920704185963,0.120048016309738,0.015253160148859,0.70425820350647,0,0,-0.7,-0.16,89.4825040620478,0.0229925724217597,0.00763497559892855,0.00787218418598272,0.00683424011156584,1,0
901255,2010,4,42.05306726,-121.4427981,167.88,214441,0.159327752563276,4.79060029983521,4181.71862520505,1.95787013716543,76.717879515557,0.50753370747654,9,120.374015931,3,2,0.0118635687977076,0.00183602853212506,0.0242920704185963,0.120048016309738,0.015253160148859,0.70425820350647,0,0,1.2,-0.04,89.4825040620478,0.0229925724217597,0.00763497559892855,0.00787218418598272,0.00683424011156584,1,0
901256,2010,5,42.05306726,-121.4427981,171.35,214441,0.0416418668173419,7.67825746536255,4181.71862520505,1.95787013716543,76.717879515557,0.593672575563918,9,120.374015931,3,2,0.0118635687977076,0.00183602853212506,0.0242920704185963,0.120048016309738,0.015253160148859,0.70425820350647,0,0,0.9,-0.18,89.4825040620478,0.0229925724217597,0.00763497559892855,0.00787218418598272,0.00683424011156584,1,0
901257,2010,6,42.05306726,-121.4427981,179.575,214441,0.0431311569218659,14.2509107589722,4181.71862520505,1.95787013716543,76.717879515557,0.74129279942688,9,120.374015931,3,2,0.0118635687977076,0.00183602853212506,0.0242920704185963,0.120048016309738,0.015253160148859,0.70425820350647,0,0,0.4,-0.79,89.4825040620478,0.0229925724217597,0.00763497559892855,0.00787218418598272,0.00683424011156584,1,0.00396139655154357
902849,2010,1,42.4313189,-122.1445145,47.29,215254,0.253978814738889,3.00121593475342,4198.80633735898,2.78893102487463,44.9446246032568,0.0953488902041937,2,57.513123447,1,2,0.011964107863605,0.00206523295491934,0.903931081295013,0.0150263495743275,0.00170915818307549,0,0.00213644769974053,0,-1.1,0.05,8.72124916686409,0.0186153846473899,0.00763497559892855,0.00787218418598272,0.0213678079151114,0,0
902850,2010,4,42.4313189,-122.1445145,46.65,215254,0.393318992872172,4.49543428421021,4198.80633735898,2.78893102487463,44.9446246032568,0.474892013750999,2,57.513123447,1,2,0.011964107863605,0.00206523295491934,0.903931081295013,0.0150263495743275,0.00170915818307549,0,0.00213644769974053,0,1.2,-0.04,8.72124916686409,0.0186153846473899,0.00763497559892855,0.00787218418598272,0.0213678079151114,0,0
902851,2010,7,42.4313189,-122.1445145,45.75,215254,0.0206831121383623,18.9460525512695,4198.80633735898,2.78893102487463,44.9446246032568,1.31053474204953,2,57.513123447,1,2,0.011964107863605,0.00206523295491934,0.903931081295013,0.0150263495743275,0.00170915818307549,0,0.00213644769974053,0,1.8,-1.99,8.72124916686409,0.0186153846473899,0.00763497559892855,0.00787218418598272,0.0213678079151114,0,1.26465408753612e-06
902852,2010,10,42.4313189,-122.1445145,47.2,215254,0.352131676395628,9.92680549621582,4198.80633735898,2.78893102487463,44.9446246032568,0.492722419426401,2,57.513123447,1,2,0.011964107863605,0.00206523295491934,0.903931081295013,0.0150263495743275,0.00170915818307549,0,0.00213644769974053,0,1.7,-1.6,8.72124916686409,0.0186153846473899,0.00763497559892855,0.00787218418598272,0.0213678079151114,0,0
904103,2010,6,44.19841389,-123.243511,4.84,216471,0.237025263788654,15.0502967834473,328.08399,0.182377341063775,310.457774623066,0.52367012724288,3,92.814960771,2,5,0.0103261647745967,0.00135308364406228,0.00434411037713289,0.00284859701059759,0.0113231735303998,0.833428263664246,0.0267768129706383,0.00940037053078413,0.4,-0.79,2.62200989208126,0.0640880986784507,0.0010773934485974,0.0059075931691311,0.040713484680901,0,0.000112971531826227
904151,2010,2,44.2449148,-120.9680237,307.03,216550,0.0485583178439781,3.33489465713501,3240.94498933127,1.70031429284264,11.5529366207947,0.146297657806015,9,69.520997481,4,2,0.017583504319191,0.0040251393802464,0.0112280203029513,0.496222019195557,0.00656733289361,0.326036304235458,0.000847397779580206,0,-1.5,0.25,101.759559055122,0.0207096133072988,0.002809137273191,0.00805658450937978,0.00489645762016997,1,0
904152,2010,8,44.2449148,-120.9680237,307.75,216550,0,17.6751155853271,3240.94498933127,1.70031429284264,11.5529366207947,0.882173073975623,9,69.520997481,4,2,0.017583504319191,0.0040251393802464,0.0112280203029513,0.496222019195557,0.00656733289361,0.326036304235458,0.000847397779580206,0,1.8,-2.21,101.759559055122,0.0207096133072988,0.002809137273191,0.00805658450937978,0.00489645762016997,1,0.000578347679151358
904153,2010,11,44.2449148,-120.9680237,309.11,216550,0.0846761920043358,2.99911713600159,3240.94498933127,1.70031429284264,11.5529366207947,0.127720282340759,9,69.520997481,4,2,0.017583504319191,0.0040251393802464,0.0112280203029513,0.496222019195557,0.00656733289361,0.326036304235458,0.000847397779580206,0,1.3,-1.57,101.759559055122,0.0207096133072988,0.002809137273191,0.00805658450937978,0.00489645762016997,1,0
904187,2010,6,44.2512334,-121.0189144,381.44,216565,0.0737446438165638,13.4430227279663,3093.85813545775,0.693825513651293,271.519861640939,0.747987843446448,9,79.002624792,4,2,0.0172340124845505,0.00356074632145464,0.0106822391971946,0.165289849042892,0.0134596209973097,0.610739231109619,0.0019940179772675,7.12149267201312e-05,0.4,-0.79,27.5768226632197,0.00594869584007876,0.002809137273191,0.00805658450937978,0.0069478733858342,1,0.000304141040415993
904263,2010,2,44.25229615,-123.0929423,3.24,216566,0.350366027243207,7.96199607849121,328.08399,0.107565979518659,96.4685500007903,0.160445929443257,3,93.50393715,4,4,0.00692041544243693,0.00169479555916041,0.00409575598314404,0.0026128098834306,0.00607301760464907,0.881364285945892,0.0100981565192342,0,-1.5,0.25,0.860584006434891,0.0484567682376963,0.00189491297064535,0.00574331234805598,0.0401736801587542,0,0
904264,2010,5,44.25229615,-123.0929423,3.41,216566,0.338302747985346,11.7196836471558,328.08399,0.107565979518659,96.4685500007903,0.50268273417469,3,93.50393715,4,4,0.00692041544243693,0.00169479555916041,0.00409575598314404,0.0026128098834306,0.00607301760464907,0.881364285945892,0.0100981565192342,0,0.9,-0.18,0.860584006434891,0.0484567682376963,0.00189491297064535,0.00574331234805598,0.0401736801587542,0,0
904265,2010,8,44.25229615,-123.0929423,7.32,216566,0.0470909672549292,19.0142440795898,328.08399,0.107565979518659,96.4685500007903,0.684959733056754,3,93.50393715,4,4,0.00692041544243693,0.00169479555916041,0.00409575598314404,0.0026128098834306,0.00607301760464907,0.881364285945892,0.0100981565192342,0,1.8,-2.21,0.860584006434891,0.0484567682376963,0.00189491297064535,0.00574331234805598,0.0401736801587542,0,0.000146671431253036
904266,2010,11,44.25229615,-123.0929423,3.05,216566,0.560731513207365,7.4284291267395,328.08399,0.107565979518659,96.4685500007903,0.124028886898463,3,93.50393715,4,4,0.00692041544243693,0.00169479555916041,0.00409575598314404,0.0026128098834306,0.00607301760464907,0.881364285945892,0.0100981565192342,0,1.3,-1.57,0.860584006434891,0.0484567682376963,0.00189491297064535,0.00574331234805598,0.0401736801587542,0,0
904358,2010,1,44.2613024,-121.2638326,258.89,216584,0.163540665181754,3.31788659095764,2969.96468012076,2.05915980871341,52.1576479302912,0.114213750917721,9,67.683727137,3,2,0.109173081815243,0.00755596347153187,0.0212555602192879,0.474330902099609,0.0122872674837708,0.109455548226833,0.020266929641366,0.000494315347168595,-1.1,0.05,0.416617450055154,0.0118579348566067,0.00533555738111385,0.00208184707137387,0.00471276330115894,0,0
904359,2010,4,44.2613024,-121.2638326,259.1,216584,0.101877892266084,5.74495887756348,2969.96468012076,2.05915980871341,52.1576479302912,0.675649869248721,9,67.683727137,3,2,0.109173081815243,0.00755596347153187,0.0212555602192879,0.474330902099609,0.0122872674837708,0.109455548226833,0.020266929641366,0.000494315347168595,1.2,-0.04,0.416617450055154,0.0118579348566067,0.00533555738111385,0.00208184707137387,0.00471276330115894,0,2.15711546773681e-06
904832,2010,7,44.69115556,-122.8707833,14.68,217021,0.0186060983334904,19.0748767852783,314.765632824058,3.4172468995995,32.92736746267,0.695630122163283,3,71.620735017,4,2,0.0277026072144508,0.00206523295491934,0.00669420324265957,0.00690784770995378,0.0136732654646039,0.733157694339752,0.0335422307252884,0,1.8,-1.99,4.16180554657098,0.00116504823130827,0.00189491297064535,0.00574331234805598,0.069896022199293,0,0.000512804468184679
907277,2010,1,45.5877328,-118.66334,7.78,218301,0.174938575129451,3.85929083824158,1846.15180445541,2.6518714178325,300.947560038361,0.0495446417402684,2,67.782152334,3,2,0.00818971637636423,0.00135308364406228,0.00363196129910648,0.144139006733894,0.150405928492546,0.523999452590942,0,0,-1.1,0.05,1.92035820988818,0.254549719566049,0.00825502420996397,0.00880924687720972,0.00698126003825416,0,0
907278,2010,2,45.5877328,-118.66334,7.12,218301,0.0849325326523453,4.93490123748779,1846.15180445541,2.6518714178325,300.947560038361,0.153503293047965,2,67.782152334,3,2,0.00818971637636423,0.00135308364406228,0.00363196129910648,0.144139006733894,0.150405928492546,0.523999452590942,0,0,-1.5,0.25,1.92035820988818,0.254549719566049,0.00825502420996397,0.00880924687720972,0.00698126003825416,0,0
907279,2010,3,45.5877328,-118.66334,10.05,218301,0.129830242965076,6.49374341964722,1846.15180445541,2.6518714178325,300.947560038361,0.368800101252564,2,67.782152334,3,2,0.00818971637636423,0.00135308364406228,0.00363196129910648,0.144139006733894,0.150405928492546,0.523999452590942,0,0,-0.7,-0.16,1.92035820988818,0.254549719566049,0.00825502420996397,0.00880924687720972,0.00698126003825416,0,0
907280,2010,4,45.5877328,-118.66334,10.68,218301,0.271150484271954,8.63642692565918,1846.15180445541,2.6518714178325,300.947560038361,0.535868097353874,2,67.782152334,3,2,0.00818971637636423,0.00135308364406228,0.00363196129910648,0.144139006733894,0.150405928492546,0.523999452590942,0,0,1.2,-0.04,1.92035820988818,0.254549719566049,0.00825502420996397,0.00880924687720972,0.00698126003825416,0,0
907281,2010,5,45.5877328,-118.66334,11.03,218301,0.297957643576332,11.0625667572021,1846.15180445541,2.6518714178325,300.947560038361,0.585030884518112,2,67.782152334,3,2,0.00818971637636423,0.00135308364406228,0.00363196129910648,0.144139006733894,0.150405928492546,0.523999452590942,0,0,0.9,-0.18,1.92035820988818,0.254549719566049,0.00825502420996397,0.00880924687720972,0.00698126003825416,0,3.2003269841764e-07
907282,2010,6,45.5877328,-118.66334,11.3,218301,0.241318049760104,15.5753393173218,1846.15180445541,2.6518714178325,300.947560038361,0.681603049766121,2,67.782152334,3,2,0.00818971637636423,0.00135308364406228,0.00363196129910648,0.144139006733894,0.150405928492546,0.523999452590942,0,0,0.4,-0.79,1.92035820988818,0.254549719566049,0.00825502420996397,0.00880924687720972,0.00698126003825416,0,2.46652082685367e-05
910571,2010,12,42.61984231,-122.81401536,28.13,218935,0.69505050844926,5.30585193634033,1431.16534095162,1.18731357117443,166.534345800664,0.155093789023504,9,53.740157562,4,4,0.0734225884079933,0.00398803595453501,0.189858987927437,0.392109394073486,0.00569719402119517,0.0461472719907761,0,0.00270616728812456,2.9,-2.04,7.6276736738348,0.034138048333714,0.00198014561911715,0.0181679387600481,0.0250872235856454,0,0
910640,2010,3,42.4114194432,-123.393202135,57.7,218936,0.279817631663725,8.23655223846436,1029.94729169236,2.82117514653901,114.938699960088,0.492928673399606,2,41.305774341,3,5,0.55540519952774,0.00562597904354334,0.0745620280504227,0.0567582957446575,0.017305226996541,0.0403076484799385,0.010183734819293,0.00562597904354334,-0.7,-0.16,68.182682531472,0.0152349137693513,0.000656661331605505,0.00199102521238465,0.0300611849888911,0,0
911406,2010,3,42.4093399989,-118.63452,20.1,218959,0.146348945960274,3.94723677635193,4078.29639329941,1.18833607209715,189.441975070324,0.213074221396733,10,109.612861059,4,2,7.12149267201312e-05,0.00242130761034787,0.000712149252649397,0.435123205184937,0.20303376019001,0.0440108254551888,0.129539951682091,0,-0.7,-0.16,43.2099539494935,0.0695328875259656,0.00298630298717777,0.00296140775221495,0.00653930346296479,0,0
911407,2010,6,42.4093399989,-118.63452,26.8,218959,0.12144111291316,15.7731695175171,4078.29639329941,1.18833607209715,189.441975070324,0.60120900563389,10,109.612861059,4,2,7.12149267201312e-05,0.00242130761034787,0.000712149252649397,0.435123205184937,0.20303376019001,0.0440108254551888,0.129539951682091,0,0.4,-0.79,43.2099539494935,0.0695328875259656,0.00298630298717777,0.00296140775221495,0.00653930346296479,0,0
911408,2010,9,42.4093399989,-118.63452,25.3,218959,0.043859779119201,17.4482536315918,4078.29639329941,1.18833607209715,189.441975070324,0.450150998617044,10,109.612861059,4,2,7.12149267201312e-05,0.00242130761034787,0.000712149252649397,0.435123205184937,0.20303376019001,0.0440108254551888,0.129539951682091,0,2.2,-2.45,43.2099539494935,0.0695328875259656,0.00298630298717777,0.00296140775221495,0.00653930346296479,0,0
911409,2010,12,42.4093399989,-118.63452,23.1,218959,0.348591567241445,1.05981719493866,4078.29639329941,1.18833607209715,189.441975070324,0.0188749731656118,10,109.612861059,4,2,7.12149267201312e-05,0.00242130761034787,0.000712149252649397,0.435123205184937,0.20303376019001,0.0440108254551888,0.129539951682091,0,2.9,-2.04,43.2099539494935,0.0695328875259656,0.00298630298717777,0.00296140775221495,0.00653930346296479,0,0
911463,2010,1,43.5856891,-118.9701352,11.38,218960,0.190841094379697,0.022069051861763,4143.7007937,0.227981614146618,284.059311161543,0.0208721355194798,3,190.94488218,3,2,0.0175128877162933,0.00197726138867438,0.00543746910989285,0.0108749382197857,0.0080502787604928,0.830449819564819,0.00381329003721476,0,-1.1,0.05,2.60240215411727,0.00767390997485332,0.00298630298717777,0.00296140775221495,0.00577489171349754,1,0
911464,2010,4,43.5856891,-118.9701352,9.65,218960,0.136102078361832,4.84809398651123,4143.7007937,0.227981614146618,284.059311161543,0.436495183371652,3,190.94488218,3,2,0.0175128877162933,0.00197726138867438,0.00543746910989285,0.0108749382197857,0.0080502787604928,0.830449819564819,0.00381329003721476,0,1.2,-0.04,2.60240215411727,0.00767390997485332,0.00298630298717777,0.00296140775221495,0.00577489171349754,1,0
912011,2010,4,44.001556,-117.6927,10.15,218974,0.131345258496902,7.88703298568726,2990.83888398512,0.870045808561305,280.103154843561,0.552630337731633,2,115.912073667,3,2,0.00847457628697157,0.00170915818307549,0.00434411037713289,0.230024218559265,0.162441253662109,0.0703603476285934,0.178108528256416,0,1.2,-0.04,7.33371326479926,0.0066626840676076,0.0029534845843521,0.00597563801125008,0.00301977458694018,0,0
912052,2010,3,45.3776399994,-117.22948,42.73,218975,0.174824422065761,3.45180940628052,4027.64706323222,0.745205453076909,21.1015219977158,0.309038988718309,2,88.188976512,3,2,0.0342543795704842,0.00263495231047273,0.132530972361565,0.0177325159311295,0.128186866641045,0.42280301451683,0.0175900869071484,0,-0.7,-0.16,4.6703047397845,0.0284452082872328,0.000199481962236455,0.00612596781055658,0.00841162754178047,0,0
912053,2010,11,45.3776399994,-117.22948,32.85,218975,0.154660267702032,0.833171546459198,4027.64706323222,0.745205453076909,21.1015219977158,0.126991259650272,2,88.188976512,3,2,0.0342543795704842,0.00263495231047273,0.132530972361565,0.0177325159311295,0.128186866641045,0.42280301451683,0.0175900869071484,0,1.3,-1.57,4.6703047397845,0.0284452082872328,0.000199481962236455,0.00612596781055658,0.00841162754178047,0,0
913219,2010,5,44.2772899991,-117.77035,34.7,218994,0.217377745590818,8.69274997711182,3895.60083071407,0.70510998634826,76.4394052092271,0.622381376476593,2,109.186351872,4,4,0.00607301760464907,0.00169479555916041,0.00303650880232453,0.554409980773926,0.209166020154953,0.0693453848361969,0,0,0.9,-0.18,0.328566302651238,0.0306210367045164,0.0029534845843521,0.00597563801125008,0.0102947671441485,0,0
919245,2010,6,39.78213889,-80.0285278,27.49,220124,0.471100645205672,21.3587627410889,1004.54950620679,1.71134497790315,160.747939606301,0.791492963977712,2,17.158792677,5,6,0.0199401788413525,0.0037743910215795,0.810710728168488,0.00291981198824942,0.00733513757586479,0.0336846597492695,0.000356074626324698,0.000142429853440262,0.4,-0.79,1.27149545573091,0.0136786701408047,0.000828810237269402,0.00805165500770725,0.0737318980096777,0,0
919246,2010,7,39.78213889,-80.0285278,24.46,220124,0.278286771621579,23.3420372009277,1004.54950620679,1.71134497790315,160.747939606301,0.874755139816956,2,17.158792677,5,6,0.0199401788413525,0.0037743910215795,0.810710728168488,0.00291981198824942,0.00733513757586479,0.0336846597492695,0.000356074626324698,0.000142429853440262,1.8,-1.99,1.27149545573091,0.0136786701408047,0.000828810237269402,0.00805165500770725,0.0737318980096777,0,0
919247,2010,8,39.78213889,-80.0285278,29.94,220124,0.208209906666763,22.7533645629883,1004.54950620679,1.71134497790315,160.747939606301,0.768978690768073,2,17.158792677,5,6,0.0199401788413525,0.0037743910215795,0.810710728168488,0.00291981198824942,0.00733513757586479,0.0336846597492695,0.000356074626324698,0.000142429853440262,1.8,-2.21,1.27149545573091,0.0136786701408047,0.000828810237269402,0.00805165500770725,0.0737318980096777,0,0
919248,2010,10,39.78213889,-80.0285278,30.65,220124,0.241210392194721,11.4706020355225,1004.54950620679,1.71134497790315,160.747939606301,0.564600727609085,2,17.158792677,5,6,0.0199401788413525,0.0037743910215795,0.810710728168488,0.00291981198824942,0.00733513757586479,0.0336846597492695,0.000356074626324698,0.000142429853440262,1.7,-1.6,1.27149545573091,0.0136786701408047,0.000828810237269402,0.00805165500770725,0.0737318980096777,0,0
919249,2010,12,39.78213889,-80.0285278,23.52,220124,0.0748314633342951,-3.99040174484253,1004.54950620679,1.71134497790315,160.747939606301,0.172680194246138,2,17.158792677,5,6,0.0199401788413525,0.0037743910215795,0.810710728168488,0.00291981198824942,0.00733513757586479,0.0336846597492695,0.000356074626324698,0.000142429853440262,2.9,-2.04,1.27149545573091,0.0136786701408047,0.000828810237269402,0.00805165500770725,0.0737318980096777,0,0
926066,2010,4,40.09805556,-76.97713889,21.5,224736,0.194162021141115,12.5347747802734,757.324519632172,7.35357094990642,168.13385616507,0.719976851789236,7,32.086614222,4,2,0.0305512044578791,0.00534111959859729,0.514385402202606,0.0161657892167568,0.0165218636393547,0.193989455699921,0.00441532535478473,0.00235009263269603,1.2,-0.04,50.5541285334586,0.00394814002529251,0.00260307146546513,0.414584937351353,0.0829531814093391,0,0
928805,2010,1,40.31230556,-78.13125,52.87,227154,0.200264660696623,-3.07719349861145,968.300095737245,5.12571865045579,89.6451948026922,0.135265360559729,2,44.422572246,3,2,0.0237977541983128,0.00423698872327805,0.724101424217224,0.00543746910989285,0.0106630884110928,0.0883412212133408,7.06164792063646e-05,0,-1.1,0.05,2.55649054220012,0.00716099944037947,0.000593684527975022,0.00167590509804393,0.081084449603955,0,0
928806,2010,3,40.31230556,-78.13125,53.13,227154,0.372450846639947,6.24607610702515,968.300095737245,5.12571865045579,89.6451948026922,0.427019565460396,2,44.422572246,3,2,0.0237977541983128,0.00423698872327805,0.724101424217224,0.00543746910989285,0.0106630884110928,0.0883412212133408,7.06164792063646e-05,0,-0.7,-0.16,2.55649054220012,0.00716099944037947,0.000593684527975022,0.00167590509804393,0.081084449603955,0,0
928807,2010,4,40.31230556,-78.13125,52.9333333333333,227154,0.21345851960676,12.2282829284668,968.300095737245,5.12571865045579,89.6451948026922,0.766839556720724,2,44.422572246,3,2,0.0237977541983128,0.00423698872327805,0.724101424217224,0.00543746910989285,0.0106630884110928,0.0883412212133408,7.06164792063646e-05,0,1.2,-0.04,2.55649054220012,0.00716099944037947,0.000593684527975022,0.00167590509804393,0.081084449603955,0,0
928808,2010,5,40.31230556,-78.13125,52.56,227154,0.462294701905962,16.3015575408936,968.300095737245,5.12571865045579,89.6451948026922,0.744214747401173,2,44.422572246,3,2,0.0237977541983128,0.00423698872327805,0.724101424217224,0.00543746910989285,0.0106630884110928,0.0883412212133408,7.06164792063646e-05,0,0.9,-0.18,2.55649054220012,0.00716099944037947,0.000593684527975022,0.00167590509804393,0.081084449603955,0,0
928809,2010,6,40.31230556,-78.13125,52.62,227154,0.223498106968295,21.3484344482422,968.300095737245,5.12571865045579,89.6451948026922,0.818913228235936,2,44.422572246,3,2,0.0237977541983128,0.00423698872327805,0.724101424217224,0.00543746910989285,0.0106630884110928,0.0883412212133408,7.06164792063646e-05,0,0.4,-0.79,2.55649054220012,0.00716099944037947,0.000593684527975022,0.00167590509804393,0.081084449603955,0,0
928810,2010,7,40.31230556,-78.13125,53.965,227154,0.468513709752905,23.5621891021729,968.300095737245,5.12571865045579,89.6451948026922,0.932152516738138,2,44.422572246,3,2,0.0237977541983128,0.00423698872327805,0.724101424217224,0.00543746910989285,0.0106630884110928,0.0883412212133408,7.06164792063646e-05,0,1.8,-1.99,2.55649054220012,0.00716099944037947,0.000593684527975022,0.00167590509804393,0.081084449603955,0,0
931562,2010,1,41.11766667,-76.5635,24.53,231003,0.290856749809003,-2.87822103500366,730.807327545558,8.21900709315719,52.5236631528033,0.143497985397147,3,36.450131289,2,1,0.01595214381814,0.00313345668837428,0.69854724407196,0.00712149264290929,0.0127474721521139,0.128685370087624,0,0,-1.1,0.05,9.22606296264603,0.00220465493705186,0.00171606258985971,0.00134644910896685,0.0948921994263927,0,0
931563,2010,2,41.11766667,-76.5635,24.52,231003,0.184882970274954,-2.47364115715027,730.807327545558,8.21900709315719,52.5236631528033,0.0913586580358532,3,36.450131289,2,1,0.01595214381814,0.00313345668837428,0.69854724407196,0.00712149264290929,0.0127474721521139,0.128685370087624,0,0,-1.5,0.25,9.22606296264603,0.00220465493705186,0.00171606258985971,0.00134644910896685,0.0948921994263927,0,0
931565,2010,5,41.11766667,-76.5635,24.43,231003,0.267479664165335,16.2419281005859,730.807327545558,8.21900709315719,52.5236631528033,0.726460835917777,3,36.450131289,2,1,0.01595214381814,0.00313345668837428,0.69854724407196,0.00712149264290929,0.0127474721521139,0.128685370087624,0,0,0.9,-0.18,9.22606296264603,0.00220465493705186,0.00171606258985971,0.00134644910896685,0.0948921994263927,0,0
931566,2010,7,41.11766667,-76.5635,25.95,231003,0.348801050190688,23.4676818847656,730.807327545558,8.21900709315719,52.5236631528033,0.834579168672134,3,36.450131289,2,1,0.01595214381814,0.00313345668837428,0.69854724407196,0.00712149264290929,0.0127474721521139,0.128685370087624,0,0,1.8,-1.99,9.22606296264603,0.00220465493705186,0.00171606258985971,0.00134644910896685,0.0948921994263927,0,0
931567,2010,8,41.11766667,-76.5635,25.45,231003,0.358112666156259,21.4776248931885,730.807327545558,8.21900709315719,52.5236631528033,0.718995092889107,3,36.450131289,2,1,0.01595214381814,0.00313345668837428,0.69854724407196,0.00712149264290929,0.0127474721521139,0.128685370087624,0,0,1.8,-2.21,9.22606296264603,0.00220465493705186,0.00171606258985971,0.00134644910896685,0.0948921994263927,0,0
955325,2010,3,32.68017384,-81.1887154,21.87,233624,0.252293314278484,11.9898061752319,108.644202359725,0.410584431411156,187.768489913561,0.481707606209276,2,50.19685047,3,2,0.013358230702579,0.00186727952677757,0.157354205846786,0.0178109742701054,0.0261419136077166,0.250646352767944,0.272335529327393,0.00495547242462635,-0.7,-0.16,15.8446370388183,0.0465668153896792,0.00206307120532724,6.39117473769282e-05,0.0248292969273527,0,0
955326,2010,4,32.68017384,-81.1887154,21.19,233624,0.144468167542106,18.7423782348633,108.644202359725,0.410584431411156,187.768489913561,0.678020888830994,2,50.19685047,3,2,0.013358230702579,0.00186727952677757,0.157354205846786,0.0178109742701054,0.0261419136077166,0.250646352767944,0.272335529327393,0.00495547242462635,1.2,-0.04,15.8446370388183,0.0465668153896792,0.00206307120532724,6.39117473769282e-05,0.0248292969273527,0,3.2124315141705e-07
955667,2010,3,33.40433399,-79.933688,8.87,233753,0.254546013165205,11.6655139923096,74.2458934438362,0.341350107998566,70.8268544545539,0.662264787373984,1,46.620734979,5,5,0.0936374515295029,0.00600240100175142,0.107337050139904,0.0302238538861275,0.0207612458616495,0.0894710794091225,0.321305006742477,0.0327660478651524,-0.7,-0.16,1.12522080750801,0.00966837558008307,0.00161193609874002,0.0656713834705084,0.0552640192797283,0,0
956142,2010,1,33.94571528,-79.97979348,59.56,233985,0.307333463600311,4.61899900436401,118.1102364,0.32118072367237,73.9509628443957,0.343923769494926,1,57.217847856,5,4,0.0108246691524982,0.00121065380517393,0.0851730555295944,0.0151687795296311,0.013317191042006,0.239139720797539,0.422162085771561,0,-1.1,0.05,6.87229900328372,0.00134941398694284,0.00458082485170397,0.000381735404308664,0.0146201250934352,0,0
956143,2010,2,33.94571528,-79.97979348,58.9,233985,0.288457445397881,4.81515598297119,118.1102364,0.32118072367237,73.9509628443957,0.391641877737133,1,57.217847856,5,4,0.0108246691524982,0.00121065380517393,0.0851730555295944,0.0151687795296311,0.013317191042006,0.239139720797539,0.422162085771561,0,-1.5,0.25,6.87229900328372,0.00134941398694284,0.00458082485170397,0.000381735404308664,0.0146201250934352,0,0
956145,2010,5,33.94571528,-79.97979348,60.84,233985,0.328341632250753,22.9994506835938,118.1102364,0.32118072367237,73.9509628443957,0.97177670844299,1,57.217847856,5,4,0.0108246691524982,0.00121065380517393,0.0851730555295944,0.0151687795296311,0.013317191042006,0.239139720797539,0.422162085771561,0,0.9,-0.18,6.87229900328372,0.00134941398694284,0.00458082485170397,0.000381735404308664,0.0146201250934352,0,6.11470663745015e-05
956146,2010,6,33.94571528,-79.97979348,60.88,233985,0.464852401358643,27.6462879180908,118.1102364,0.32118072367237,73.9509628443957,1.12397221613439,1,57.217847856,5,4,0.0108246691524982,0.00121065380517393,0.0851730555295944,0.0151687795296311,0.013317191042006,0.239139720797539,0.422162085771561,0,0.4,-0.79,6.87229900328372,0.00134941398694284,0.00458082485170397,0.000381735404308664,0.0146201250934352,0,8.66571927981548e-05
956147,2010,7,33.94571528,-79.97979348,64.06,233985,0.425809725710284,27.5766563415527,118.1102364,0.32118072367237,73.9509628443957,1.15903979700401,1,57.217847856,5,4,0.0108246691524982,0.00121065380517393,0.0851730555295944,0.0151687795296311,0.013317191042006,0.239139720797539,0.422162085771561,0,1.8,-1.99,6.87229900328372,0.00134941398694284,0.00458082485170397,0.000381735404308664,0.0146201250934352,0,0.000198473503512143
972524,2010,12,44.1511583,-103.0669,13.35,240512,0.0499177261420438,-3.95702385902405,3182.24178404937,0.759685195153198,140.885418798939,0.0482389527150481,3,276.017060787,4,2,0.261987149715424,0.00176541204564273,0.00621425034478307,0.094414234161377,0.439728826284409,0.00254219328053296,7.06164792063646e-05,0.000918014266062528,2.9,-2.04,180.247850266544,0.035009338751705,0.000141672919958834,0.000281693677585787,0.0144353048151731,0,0
972926,2010,8,45.34277778,-102.0494444,30,244611,0.117005438494374,22.3321113586426,2365.96855813076,1.67557809676167,70.3072331578928,0.802793879490193,3,141.371391291,2,4,0,0,0,7.06164792063646e-05,0.96709269285202,0.015535625629127,0,0,1.8,-2.21,6.66363659567471,0.00537377202214451,3.68348954675559e-05,4.47991971902707e-05,0.0059198949967511,0,0
973090,2010,5,45.4874749,-98.454539,2.7,244823,0.386166110087567,13.4941339492798,1299.2126004,0.0194072970869697,216.277157369428,0.590704120322365,2,198.622047546,3,4,0.105571642518044,0.00169479555916041,0.00692041544243693,0.00409575598314404,0.0092507591471076,0.706376671791077,0.0264105647802353,0.00190664501860738,0.9,-0.18,4.62070108162369,0.00397323152733196,0.000334920766527028,0.000395588796195695,0.00601744961365436,0,0
973091,2010,6,45.4874749,-98.454539,2.85,244823,0.428272157854468,19.5245609283447,1299.2126004,0.0194072970869697,216.277157369428,0.685080231433818,2,198.622047546,3,4,0.105571642518044,0.00169479555916041,0.00692041544243693,0.00409575598314404,0.0092507591471076,0.706376671791077,0.0264105647802353,0.00190664501860738,0.4,-0.79,4.62070108162369,0.00397323152733196,0.000334920766527028,0.000395588796195695,0.00601744961365436,0,0
973092,2010,7,45.4874749,-98.454539,2.85,244823,0.315892527902724,22.497989654541,1299.2126004,0.0194072970869697,216.277157369428,0.841932423186777,2,198.622047546,3,4,0.105571642518044,0.00169479555916041,0.00692041544243693,0.00409575598314404,0.0092507591471076,0.706376671791077,0.0264105647802353,0.00190664501860738,1.8,-1.99,4.62070108162369,0.00397323152733196,0.000334920766527028,0.000395588796195695,0.00601744961365436,0,0
973093,2010,8,45.4874749,-98.454539,5.46666666666667,244823,0.077551268647895,22.8740196228027,1299.2126004,0.0194072970869697,216.277157369428,0.884871096216385,2,198.622047546,3,4,0.105571642518044,0.00169479555916041,0.00692041544243693,0.00409575598314404,0.0092507591471076,0.706376671791077,0.0264105647802353,0.00190664501860738,1.8,-2.21,4.62070108162369,0.00397323152733196,0.000334920766527028,0.000395588796195695,0.00601744961365436,0,0
973094,2010,9,45.4874749,-98.454539,5.9,244823,0.406449836687947,14.3024387359619,1299.2126004,0.0194072970869697,216.277157369428,0.476111465336755,2,198.622047546,3,4,0.105571642518044,0.00169479555916041,0.00692041544243693,0.00409575598314404,0.0092507591471076,0.706376671791077,0.0264105647802353,0.00190664501860738,2.2,-2.45,4.62070108162369,0.00397323152733196,0.000334920766527028,0.000395588796195695,0.00601744961365436,0,0
973095,2010,10,45.4874749,-98.454539,6.1,244823,0.10779726240068,9.7520751953125,1299.2126004,0.0194072970869697,216.277157369428,0.338103102149146,2,198.622047546,3,4,0.105571642518044,0.00169479555916041,0.00692041544243693,0.00409575598314404,0.0092507591471076,0.706376671791077,0.0264105647802353,0.00190664501860738,1.7,-1.6,4.62070108162369,0.00397323152733196,0.000334920766527028,0.000395588796195695,0.00601744961365436,0,0
973112,2010,9,45.4906309,-100.8738817,13,244826,0.283703491562068,14.2916965484619,2126.42364686573,1.30566865089758,279.243200158954,0.515577762616489,2,242.486877009,4,2,0.00430760532617569,0.00105924718081951,0.00317774177528918,0.00240096030756831,0.517477571964264,0.297789692878723,0.0288115236908197,0.00190664501860738,2.2,-2.45,2.49853930045862,0.0309116177316969,3.35515889114134e-05,6.93778618168209e-05,0.00568034882115821,0,0
973372,2010,8,45.5769444,-101.9319444,46,245058,0.176653311589942,22.2831687927246,2330.12383567499,1.46284033298673,239.526257954807,0.792526186247855,3,120.045931941,3,2,0.000282465916825458,7.06164792063646e-05,0.00317774177528918,0.000635548320133239,0.883270978927612,0.0653202459216118,0.000423698889790103,0.000776781293097883,1.8,-2.21,8.17999909860835,0.0156207661165913,3.35515889114134e-05,6.93778618168209e-05,0.00580818313553308,0,0
973567,2010,12,45.63943888,-101.0606964,66.1,245203,0.077019288588121,-10.031928062439,2040.97542331251,6.52815446387812,90.8486643066984,0.037760931733225,2,129.26509206,2,1,0.00176541204564273,0.000564931833650917,0.0266224145889282,0.0040251393802464,0.723677694797516,0.147941529750824,7.06164792063646e-05,0,2.9,-2.04,102.102888067256,0.0281973337899728,3.35515889114134e-05,6.93778618168209e-05,0.0122407883369302,0,0
973573,2010,10,45.64971435,-101.312085,40.6,245228,0.0342713785817588,10.3187236785889,1942.17304613357,10.584428671718,71.7072710493976,0.349540836134631,3,130.839895212,2,2,0.000211849444895051,7.06164792063646e-05,0.010804321616888,0.00183602853212506,0.902337431907654,0.017583504319191,0.00677918223664165,0.000353082403307781,1.7,-1.6,14.9576886346849,0.00343596374226335,3.35515889114134e-05,6.93778618168209e-05,0.0131124620914708,0,0
973705,2010,7,45.79,-101.8263889,63,245598,0.415306742741231,21.5617294311523,2293.69658137055,3.0646009580458,296.722190682101,0.889545452038266,3,127.526246913,2,4,0.00220766267739236,0.000712149252649397,0.00170915818307549,0.00142429850529879,0.531833052635193,0.358709573745728,0.000498504494316876,0.0019940179772675,1.8,-1.99,9.28007165437067,0.0154399523475173,3.35515889114134e-05,6.93778618168209e-05,0.0059121283732603,0,0
984827,2010,3,35.34591667,-86.14838889,11.63,246739,0.393398365608705,7.98523283004761,1071.72324762031,3.70433004006486,196.474796318768,0.446373096653947,1,44.914698231,3,2,0.103973791003227,0.00398803595453501,0.423159092664719,0.066372312605381,0.0338270887732506,0.149195268750191,0.0019940179772675,0,-0.7,-0.16,5.80049563210745,0.0225615822678894,0.000829518487780289,0.00942952642434581,0.0836993068879843,0,0
987915,2010,12,29.16083333,-95.8022222,40.2,248158,0.14192625002269,13.4927263259888,45.219785831187,0.158479125476612,215.44324113031,0.411607838052338,2,70.734908244,5,5,0.00466068787500262,0.000776781293097883,0.0456888638436794,0.0207612458616495,0.01970199868083,0.220747128129005,0.469246536493301,0.000706164806615561,2.9,-2.04,12.4352576101892,0.0099200531413252,0.00593406854823642,0.0807043440324089,0.0108344535195082,0,7.48198598310556e-06
987938,2010,1,29.3797222,-95.9269444,55.9,248274,0.266919749708219,9.65646457672119,82.0209975,0.303740552199547,188.608445900621,0.29904423155896,2,65.485564404,2,4,0.00840336177498102,0.000712149252649397,0.00754878204315901,0.010183734819293,0.00961401499807835,0.781583845615387,0.0423016659915447,0.00142429850529879,-1.1,0.05,11.4060324494328,0.0154872087582518,0.0125060654318336,0.149227780760933,0.00882584814029435,0,1.05080826179308e-06
987947,2010,6,29.39027778,-99.6919444,131.16,248277,0.119084523599765,28.0003509521484,1110.95853200889,1.81345570257974,268.312273128091,1.76181423024521,2,19.389763809,2,2,0.00391682097688317,0.00299102696590126,0.020367469638586,0.738427579402924,0.00840336177498102,0.126904994249344,0,0,0.4,-0.79,13.7297875820807,0.0157665691208156,0.00498853101086966,0.00015228633058159,0.0225434662232796,0,0.000884604501626461
988093,2010,1,29.5609722,-98.5797778,233.48,248373,0.346849972708958,9.07693099975586,943.805609502184,1.24500492462347,79.3293508932137,0.333168100377873,1,6.135170613,2,2,0.900501370429993,0.00649671629071236,0.0314243361353874,0.00918014254420996,0.00148294609971344,7.06164792063646e-05,0.000282465916825458,0,-1.1,0.05,203.587377161814,0.0169681552026945,0.0289649791006536,0.124741471616942,0.0209107244770477,0,0
988094,2010,12,29.5609722,-98.5797778,213.13,248373,0.074681966749954,11.4161796569824,943.805609502184,1.24500492462347,79.3293508932137,0.551752306557834,1,6.135170613,2,2,0.900501370429993,0.00649671629071236,0.0314243361353874,0.00918014254420996,0.00148294609971344,7.06164792063646e-05,0.000282465916825458,0,2.9,-2.04,203.587377161814,0.0169681552026945,0.0289649791006536,0.124741471616942,0.0209107244770477,0,0
988443,2010,3,29.60293056,-98.2575083,204.86,248427,0.174880328406678,14.3554210662842,869.95678189733,1.64421315302035,100.013807567343,0.640297587809779,1,7.775590563,2,4,0.554974913597107,0.00621425034478307,0.0385565981268883,0.185368269681931,0.0176541209220886,0.0145469950512052,0.00600240100175142,0,-0.7,-0.16,191.958645489127,0.00345390277129324,0.00931606442381156,0.00298661473427011,0.00776704413410276,0,0
988444,2010,4,29.60293056,-98.2575083,205.29,248427,0.154921839791837,19.7316455841064,869.95678189733,1.64421315302035,100.013807567343,0.809529323256455,1,7.775590563,2,4,0.554974913597107,0.00621425034478307,0.0385565981268883,0.185368269681931,0.0176541209220886,0.0145469950512052,0.00600240100175142,0,1.2,-0.04,191.958645489127,0.00345390277129324,0.00931606442381156,0.00298661473427011,0.00776704413410276,0,0
988445,2010,5,29.60293056,-98.2575083,205.085,248427,0.496212567059889,24.615406036377,869.95678189733,1.64421315302035,100.013807567343,1.11302103126677,1,7.775590563,2,4,0.554974913597107,0.00621425034478307,0.0385565981268883,0.185368269681931,0.0176541209220886,0.0145469950512052,0.00600240100175142,0,0.9,-0.18,191.958645489127,0.00345390277129324,0.00931606442381156,0.00298661473427011,0.00776704413410276,0,1.58996111271278e-05
988673,2010,2,29.70194444,-95.2741667,12.51,248477,0.316513993151115,9.2680196762085,29.5275591,0.00136150331825741,49.8344499740141,0.344759773918602,3,54.166666749,2,4,0.990325570106506,0,7.06164792063646e-05,0,0,0,0,0.00699103157967329,-1.5,0.25,13.6792659967446,0.00995196312989076,0.0196598729866074,0.0168506145971659,0.00486461095000928,0,0
988674,2010,3,29.70194444,-95.2741667,12.84,248477,0.158837999500201,14.9204254150391,29.5275591,0.00136150331825741,49.8344499740141,0.527449981610092,3,54.166666749,2,4,0.990325570106506,0,7.06164792063646e-05,0,0,0,0,0.00699103157967329,-0.7,-0.16,13.6792659967446,0.00995196312989076,0.0196598729866074,0.0168506145971659,0.00486461095000928,0,0
988675,2010,7,29.70194444,-95.2741667,12.99,248477,1.05788644065357,28.7353782653809,29.5275591,0.00136150331825741,49.8344499740141,0.879430396748428,3,54.166666749,2,4,0.990325570106506,0,7.06164792063646e-05,0,0,0,0,0.00699103157967329,1.8,-1.99,13.6792659967446,0.00995196312989076,0.0196598729866074,0.0168506145971659,0.00486461095000928,0,0
988676,2010,10,29.70194444,-95.2741667,15.21,248477,0.00525092946435181,22.3328666687012,29.5275591,0.00136150331825741,49.8344499740141,0.920551331485053,3,54.166666749,2,4,0.990325570106506,0,7.06164792063646e-05,0,0,0,0,0.00699103157967329,1.7,-1.6,13.6792659967446,0.00995196312989076,0.0196598729866074,0.0168506145971659,0.00486461095000928,0,0
989031,2010,5,29.90166667,-97.92,36.22,248548,0.411932212474519,24.7749176025391,620.335266688926,2.67047491940959,224.982796150638,1.23477745744455,1,25.328084028,2,2,0.155497491359711,0.00437822192907333,0.378080636262894,0.0401101633906364,0.0750653222203255,0.0787373781204224,0.00967445783317089,0.0013417131267488,0.9,-0.18,22.6242398683508,0.00259053870791728,0.00286308338278799,0.00130756657822368,0.0181277830182513,0,0
989112,2010,1,29.91216286,-97.9286162,24.03,248551,0.320571113933521,8.50601863861084,609.604618047354,0.604585845267499,131.836892352121,0.35152522964043,2,23.95013127,2,2,0.155497491359711,0.00437822192907333,0.378080636262894,0.0401101633906364,0.0750653222203255,0.0787373781204224,0.00967445783317089,0.0013417131267488,-1.1,0.05,15.6323944414514,0.0101333157489656,0.00286308338278799,0.00130756657822368,0.0104168973112727,0,0
989113,2010,2,29.91216286,-97.9286162,22.12,248551,0.42861993609521,8.35944557189941,609.604618047354,0.604585845267499,131.836892352121,0.397250033404209,2,23.95013127,2,2,0.155497491359711,0.00437822192907333,0.378080636262894,0.0401101633906364,0.0750653222203255,0.0787373781204224,0.00967445783317089,0.0013417131267488,-1.5,0.25,15.6323944414514,0.0101333157489656,0.00286308338278799,0.00130756657822368,0.0104168973112727,0,0
989114,2010,4,29.91216286,-97.9286162,22.85,248551,0.177715043966333,19.7041358947754,609.604618047354,0.604585845267499,131.836892352121,0.870283834023065,2,23.95013127,2,2,0.155497491359711,0.00437822192907333,0.378080636262894,0.0401101633906364,0.0750653222203255,0.0787373781204224,0.00967445783317089,0.0013417131267488,1.2,-0.04,15.6323944414514,0.0101333157489656,0.00286308338278799,0.00130756657822368,0.0104168973112727,0,0
989116,2010,8,29.91216286,-97.9286162,24.11,248551,0.103182686439419,29.4097957611084,609.604618047354,0.604585845267499,131.836892352121,1.50045800624846,2,23.95013127,2,2,0.155497491359711,0.00437822192907333,0.378080636262894,0.0401101633906364,0.0750653222203255,0.0787373781204224,0.00967445783317089,0.0013417131267488,1.8,-2.21,15.6323944414514,0.0101333157489656,0.00286308338278799,0.00130756657822368,0.0104168973112727,0,0
989117,2010,12,29.91216286,-97.9286162,25.45,248551,0.0985736360321119,11.1506929397583,609.604618047354,0.604585845267499,131.836892352121,0.608067601044347,2,23.95013127,2,2,0.155497491359711,0.00437822192907333,0.378080636262894,0.0401101633906364,0.0750653222203255,0.0787373781204224,0.00967445783317089,0.0013417131267488,2.9,-2.04,15.6323944414514,0.0101333157489656,0.00286308338278799,0.00130756657822368,0.0104168973112727,0,0
989177,2010,6,30.01138889,-97.9441667,74.33,248579,0.425740039901862,27.759069442749,764.56141219833,7.81220968202275,123.269610722647,1.45786656078151,1,36.253280895,2,2,0.0022788776550442,0.00142429850529879,0.718914687633514,0.0413758717477322,0.0539809130132198,0.000356074626324698,0.00121065380517393,0.00356074632145464,0.4,-0.79,1.51348562060771,0.00764511000673212,0.00286308338278799,0.00130756657822368,0.0104615252230813,0,0
989194,2010,3,30.06638889,-97.9444444,154.37,248680,0.193656511175597,13.942099571228,891.566450744963,1.53199910929148,96.0987655912122,0.652484694544029,1,22.572178512,2,2,0.000353082403307781,0.000282465916825458,0.183249771595001,0.159240171313286,0.257397085428238,0,0,0,-0.7,-0.16,85.3285327716534,0.0115697519171595,0.00286308338278799,0.00130756657822368,0.0101322888307273,0,0
989202,2010,5,30.19520964,-97.846673,252.17,248685,0.15640199990404,24.8436412811279,800.5249356,0.176838869059688,234.232954189779,1.23401371700396,1,14.337270363,2,2,0.626933097839355,0.00692041544243693,0.181272506713867,0.0187839847058058,0.00833274517208338,0,0,0,0.9,-0.18,163.310506773547,0.0102217030630435,0.00255562174055843,0.0386051855240424,0.017816649565498,0,0
989228,2010,1,30.36,-95.9661111,94.55,248734,0.275719109901746,8.0787467956543,285.294213665825,4.03281580602475,163.987348139407,0.359083811987865,3,44.324147049,4,2,0.006708565633744,0.00176541204564273,0.0826919004321098,0.0295883063226938,0.0267636459320784,0.543817520141602,0.0633429810404778,0.00706164818257093,-1.1,0.05,32.5688947086322,0.00463767649422118,0.000534784999427625,0.0547777762500967,0.0124231570693602,0,0
989368,2010,6,30.69795,-103.1513806,258.79,248804,0.23819770749071,27.9002513885498,3380.15348187363,0.690441989989781,265.841653963238,1.21514368116799,4,45.898950201,2,2,0.000142429853440262,0.000284859706880525,0.00170915818307549,0.975502073764801,0.00128186866641045,0.000427289545768872,0.00299102696590126,0,0.4,-0.79,126.099136123692,0.0180391090110152,0.00428710879051622,9.29879934844362e-05,0.00985723699934781,0,0
989388,2010,2,30.8528611,-102.8927806,88.62,248815,0.0808476839768789,8.03869915008545,3010.55757917672,0.511734663805086,17.8069656075524,0.393259870070629,2,26.377952796,4,2,0.00299102696590126,0.000712149252649397,0.00206523295491934,0.980985641479492,0,0,0,0,-1.5,0.25,166.629894139413,0.0192265941943819,0.00428710879051622,9.29879934844362e-05,0.0135151572672029,0,0
989493,2010,1,30.91694444,-97.5919444,70.3683333333333,248823,0.342171536863092,7.8602819442749,729.192333123369,1.25187252364862,353.058445664061,0.332750761482818,1,19.35695541,2,2,0.0134877478703856,0.00183602853212506,0.129228159785271,0.01313466578722,0.560906708240509,0.0709695667028427,0.011298636905849,7.06164792063646e-05,-1.1,0.05,51.5541661913472,0.00979428713509729,0.000725683602114639,0.00897868529525476,0.0106098564772556,0,0
989494,2010,2,30.91694444,-97.5919444,69.074,248823,0.30971249304562,7.30260896682739,729.192333123369,1.25187252364862,353.058445664061,0.37364524237289,1,19.35695541,2,2,0.0134877478703856,0.00183602853212506,0.129228159785271,0.01313466578722,0.560906708240509,0.0709695667028427,0.011298636905849,7.06164792063646e-05,-1.5,0.25,51.5541661913472,0.00979428713509729,0.000725683602114639,0.00897868529525476,0.0106098564772556,0,0
989496,2010,4,30.91694444,-97.5919444,69.9466666666667,248823,0.149777505256254,19.5219326019287,729.192333123369,1.25187252364862,353.058445664061,0.835758671065993,1,19.35695541,2,2,0.0134877478703856,0.00183602853212506,0.129228159785271,0.01313466578722,0.560906708240509,0.0709695667028427,0.011298636905849,7.06164792063646e-05,1.2,-0.04,51.5541661913472,0.00979428713509729,0.000725683602114639,0.00897868529525476,0.0106098564772556,0,0
989529,2010,9,31.0115611,-102.25855,52.54,248830,0.077512570997097,25.9082012176514,2299.8687699,0.250388324002808,69.991246005586,0.921901393899957,2,63.090551277,3,2,0.0095428004860878,0.00206523295491934,0.00697906268760562,0.897094428539276,0.00213644769974053,0.0055547640658915,0,0,2.2,-2.45,10.7382140297797,0.0316333724570722,0.00428710879051622,9.29879934844362e-05,0.00575725626851122,0,0
989540,2010,8,31.22792056,-103.0676608,314.5,248841,0.256828073206121,28.4855670928955,2621.3910801,0.188104022195469,55.3220436379189,0.980041485371256,2,60.400262559,3,2,0.00240096030756831,0.000706164806615561,0.00247157691046596,0.710684299468994,0.0138408308848739,0.151754826307297,0.000635548320133239,0,1.8,-2.21,28.110930342863,0.0390256571898964,0.00428710879051622,9.29879934844362e-05,0.00901922896808634,0,0.00135120540160813
989595,2010,1,31.5984888,-100.0153609,25.45,248867,0.230320858241661,6.46420431137085,1729.0026273,0.0576968068556548,113.455810816549,0.34517501022461,2,77.198162847,3,2,0.00642609968781471,0.0013417131267488,0.00451945466920733,0.0783136785030365,0.0170185714960098,0.791893243789673,0,0,-1.1,0.05,47.377592068695,0.0580374099658415,0.000458606386561455,0.000602856466607491,0.00787284050791214,0,0
989596,2010,2,31.5984888,-100.0153609,28.05,248867,0.216277065255409,6.2058367729187,1729.0026273,0.0576968068556548,113.455810816549,0.406379875540482,2,77.198162847,3,2,0.00642609968781471,0.0013417131267488,0.00451945466920733,0.0783136785030365,0.0170185714960098,0.791893243789673,0,0,-1.5,0.25,47.377592068695,0.0580374099658415,0.000458606386561455,0.000602856466607491,0.00787284050791214,0,0
989597,2010,3,31.5984888,-100.0153609,21.3,248867,0.134772966744934,12.4119844436646,1729.0026273,0.0576968068556548,113.455810816549,0.715615030810735,2,77.198162847,3,2,0.00642609968781471,0.0013417131267488,0.00451945466920733,0.0783136785030365,0.0170185714960098,0.791893243789673,0,0,-0.7,-0.16,47.377592068695,0.0580374099658415,0.000458606386561455,0.000602856466607491,0.00787284050791214,0,6.1044674517219e-05
989598,2010,4,31.5984888,-100.0153609,20.75,248867,0.191464887494534,18.0261917114258,1729.0026273,0.0576968068556548,113.455810816549,0.986152710498706,2,77.198162847,3,2,0.00642609968781471,0.0013417131267488,0.00451945466920733,0.0783136785030365,0.0170185714960098,0.791893243789673,0,0,1.2,-0.04,47.377592068695,0.0580374099658415,0.000458606386561455,0.000602856466607491,0.00787284050791214,0,0.000106723341713931
989599,2010,5,31.5984888,-100.0153609,16.2,248867,0.205358145117332,23.3028621673584,1729.0026273,0.0576968068556548,113.455810816549,1.26841968318671,2,77.198162847,3,2,0.00642609968781471,0.0013417131267488,0.00451945466920733,0.0783136785030365,0.0170185714960098,0.791893243789673,0,0,0.9,-0.18,47.377592068695,0.0580374099658415,0.000458606386561455,0.000602856466607491,0.00787284050791214,0,7.14079592694185e-05
989600,2010,6,31.5984888,-100.0153609,22.6,248867,0.194439462772063,28.5790863037109,1729.0026273,0.0576968068556548,113.455810816549,1.56930187794283,2,77.198162847,3,2,0.00642609968781471,0.0013417131267488,0.00451945466920733,0.0783136785030365,0.0170185714960098,0.791893243789673,0,0,0.4,-0.79,47.377592068695,0.0580374099658415,0.000458606386561455,0.000602856466607491,0.00787284050791214,0,5.74270823269355e-05
989865,2010,3,31.86373783,-102.2009728,27.4,248971,0.0533252439032873,12.861442565918,2808.3989544,0.31502354821391,133.049222308671,0.807450813859969,2,74.540682528,3,2,0.0432879030704498,0.015253160148859,0.0149706937372684,0.71223783493042,0.0052256197668612,0.0256337821483612,0.0178659707307816,0.000353082403307781,-0.7,-0.16,14.6565600240017,0.0305525411155015,0.00392009897542079,0.00171285040667288,0.00467933845473453,0,0
989985,2010,5,31.94123506,-102.2209739,43.4,249024,0.145394846118444,22.3626117706299,2867.01380320063,0.563306327023539,115.529309098357,1.03469197988715,2,97.145669439,3,2,0.104441776871681,0.00247157691046596,0.00430760532617569,0.786808848381042,0.00430760532617569,0.000423698889790103,0.00564931845292449,0,0.9,-0.18,23.1815323468632,0.0134932261586003,0.00392009897542079,0.00171285040667288,0.0120499232208977,0,0
990340,2010,12,32.0023512,-101.5345672,54.7,249084,0,8.56002521514893,2538.53688536168,0.253468097864282,269.159006095189,0.489814288465846,2,90.026246856,4,2,0.00448654033243656,0.000925794069189578,0.00256373733282089,0.807221174240112,0.00327588664367795,0.129824817180634,0.00320467166602612,0,2.9,-2.04,17.3579911498339,0.00141001092321605,0.0089945114301332,5.10870368768659e-05,0.0135298848753174,0,0
990350,2010,3,32.0051267,-101.782351,49.8,249086,0.069744136495796,12.4703969955444,2629.19311051538,0.557154278184995,72.1345166571292,0.599323884368106,2,95.767716681,3,2,0.00420168088749051,0.000854579091537744,0.00356074632145464,0.427788078784943,0.0116080334410071,0.45698618888855,7.12149267201312e-05,0,-0.7,-0.16,34.1301046224418,0.0132045286260092,0.00392009897542079,0.00171285040667288,0.00753355807388201,0,1.90190341399583e-07
990503,2010,1,32.0917916,-101.6392931,46.46,249121,0.14679722295131,6.00134611129761,2519.6850432,0.220410300181395,241.388806615682,0.259672751032928,2,85.072178607,3,2,0.00331897474825382,0.000918014266062528,0.00317774177528918,0.166937366127968,0.00960384123027325,0.741190612316132,0,0,-1.1,0.05,19.4938649326176,0.0556860463087242,0.0046932652040303,1.90912482875809e-05,0.00578873831324279,0,0
992360,2010,2,32.5751064,-101.8818136,59.45,249444,0.235299113273334,5.3814582824707,2854.330713,0.504632279702479,84.5995203277982,0.330866891758134,2,143.799212817,3,2,0.00910952594131231,0.00183602853212506,0.0040251393802464,0.0555751696228981,0.00557870185002685,0.848103940486908,0.0026834262534976,0,-1.5,0.25,42.8376236012306,0.0041587304029092,0.0125064367572123,9.40813169291761e-05,0.0067707372320133,0,0
992362,2010,4,32.5751064,-101.8818136,59.455,249444,0.294608144131611,16.8022270202637,2854.330713,0.504632279702479,84.5995203277982,0.877912627826184,2,143.799212817,3,2,0.00910952594131231,0.00183602853212506,0.0040251393802464,0.0555751696228981,0.00557870185002685,0.848103940486908,0.0026834262534976,0,1.2,-0.04,42.8376236012306,0.0041587304029092,0.0125064367572123,9.40813169291761e-05,0.0067707372320133,0,0.000780281560329383
992363,2010,5,32.5751064,-101.8818136,62.195,249444,0.107418170601627,21.2597961425781,2854.330713,0.504632279702479,84.5995203277982,1.14386491123363,2,143.799212817,3,2,0.00910952594131231,0.00183602853212506,0.0040251393802464,0.0555751696228981,0.00557870185002685,0.848103940486908,0.0026834262534976,0,0.9,-0.18,42.8376236012306,0.0041587304029092,0.0125064367572123,9.40813169291761e-05,0.0067707372320133,0,0.00153101552078741
993811,2010,12,32.74363889,-97.55225,123.39,249628,0.14195328331044,8.69970607757568,807.393018478853,2.87564064264046,206.511861698404,0.264940061996954,1,4.232283471,3,2,0.0122489677742124,0.00277738203294575,0.0245691500604153,0.00868822075426579,0.788705289363861,0.0305512044578791,0,0.00420168088749051,2.9,-2.04,7.86208184628789,0.00846840261874468,0.0021133249929522,0.00145577585527972,0.0122056916116178,0,0
1005483,2010,1,34.0053552,-101.5507212,289.8,251466,0.103061524745571,2.57526874542236,3249.68402034346,0.888532957791214,245.918866181656,0.193685158951365,2,125.820210165,3,2,0.0052256197668612,0.00105924718081951,0.00225972733460367,0.00218911096453667,0.124285005033016,0.791469514369965,0.00501377042382956,0,-1.1,0.05,9.02834293531301,0.0288555258039326,0.0134633401661949,5.50766418683827e-05,0.0074885247963729,0,0
1005563,2010,12,34.01453216,-102.6079797,134.65,251476,0.00602775633156234,5.5758376121521,3839.2304329523,0.184336377163451,44.2964247699727,0.252050815675035,2,129.330708858,3,2,0.00684979883953929,0.00155356258619577,0.00480192061513662,0.248852476477623,0.442059189081192,0.16178235411644,0.00699103157967329,0,2.9,-2.04,150.958446922377,0.0111206870546003,0.0260451172332903,9.47043772186285e-05,0.00602288691212734,0,0
1005660,2010,2,34.026188,-101.5084979,269,251488,0.179142288920847,2.29760789871216,3244.7506611,0.117790421180799,127.526398423795,0.218016231798164,2,136.220472648,4,2,0.00484261522069573,0.00142429850529879,0.00277738203294575,0.00291981198824942,0.139794901013374,0.762355804443359,0.00299102696590126,0,-1.5,0.25,10.6889963938268,0.00918482246973521,0.0134633401661949,5.50766418683827e-05,0.00752824299622327,1,0
1007651,2010,3,34.19618489,-101.9329576,271.265,251888,0.14969058572689,8.83695602416992,3510.498693,0.144474194299614,54.4191452777216,0.496914931924956,2,138.024934593,4,2,0.00543746910989285,0.00120048015378416,0.00416637258604169,0.00303650880232453,0.0866464227437973,0.798531174659729,0.00706164818257093,0.000282465916825458,-0.7,-0.16,50.935410529436,0.0368990328244592,0.029561869064427,0.00027059246673657,0.00770679232820869,1,0
1007652,2010,4,34.19618489,-101.9329576,271.275,251888,0.335651107857733,14.0645456314087,3510.498693,0.144474194299614,54.4191452777216,0.760347262359284,2,138.024934593,4,2,0.00543746910989285,0.00120048015378416,0.00416637258604169,0.00303650880232453,0.0866464227437973,0.798531174659729,0.00706164818257093,0.000282465916825458,1.2,-0.04,50.935410529436,0.0368990328244592,0.029561869064427,0.00027059246673657,0.00770679232820869,1,5.0035800375588e-05
1007653,2010,5,34.19618489,-101.9329576,271.385,251888,0.170832781913683,18.6613292694092,3510.498693,0.144474194299614,54.4191452777216,0.92714114592897,2,138.024934593,4,2,0.00543746910989285,0.00120048015378416,0.00416637258604169,0.00303650880232453,0.0866464227437973,0.798531174659729,0.00706164818257093,0.000282465916825458,0.9,-0.18,50.935410529436,0.0368990328244592,0.029561869064427,0.00027059246673657,0.00770679232820869,1,0.00237953764170981
1007654,2010,6,34.19618489,-101.9329576,271.365,251888,0.184996923092068,25.867208480835,3510.498693,0.144474194299614,54.4191452777216,1.09804448972985,2,138.024934593,4,2,0.00543746910989285,0.00120048015378416,0.00416637258604169,0.00303650880232453,0.0866464227437973,0.798531174659729,0.00706164818257093,0.000282465916825458,0.4,-0.79,50.935410529436,0.0368990328244592,0.029561869064427,0.00027059246673657,0.00770679232820869,1,0.0021474146033337
1027946,2010,7,28.27277024,-100.0681161,24.67,255233,0.375496797306384,28.8239822387695,683.006569127638,1.21097191065038,85.3236619013503,1.21486173398908,2,0.393700788,2,2,0.000918014266062528,0.000423698889790103,0.000918014266062528,0.791469514369965,0.0563519522547722,0.000211849444895051,0.000141232958412729,0,1.8,-1.99,18.3379697327495,0.0336344594553239,0.00116634252268054,3.66503195666715e-05,0.00723351870628695,0,0
1029416,2010,6,30.04408333,-95.7197222,114.87,255423,0.131166275604255,28.3210468292236,186.94196343156,0.0264137765448388,179.786293830206,1.29562888755391,2,49.671916086,6,6,0.0596003122627735,0.00409575598314404,0.0395452305674553,0.00840336177498102,0.0182190518826246,0.58993011713028,0.034955158829689,0.0052256197668612,0.4,-0.79,12.6186427986533,0.00604270553054318,0.0196598729866074,0.0168506145971659,0.0212391562490414,0,0
1029725,2010,12,30.39333333,-95.7177778,219.12,255466,0.0997263929926729,11.5687532424927,288.531119502919,2.00587211792181,119.14979129303,0.559119227901283,3,55.052493522,2,4,0.0858696401119232,0.00699103157967329,0.144622549414635,0.0187839847058058,0.0379916690289974,0.390297293663025,0.0312831029295921,0.00918014254420996,2.9,-2.04,38.4341169175555,0.00681984627096328,0.0109832315589528,0.00093508417553721,0.0105803768168638,0,0
1030012,2010,6,30.76283333,-98.1536389,227.23,255540,0.13649706473285,27.8505535125732,1396.13451560933,2.90969062781151,173.415349436237,1.54580484460018,1,23.458005285,2,2,0.0183602850884199,0.0118635687977076,0.333380401134491,0.437116026878357,0.0052256197668612,0,0,0.000282465916825458,0.4,-0.79,156.219349995972,0.010120854678868,0.00081234990862917,0.00156838439898249,0.0157891427373638,0,0
1030013,2010,7,30.76283333,-98.1536389,227.35,255540,0.292451163108183,28.0445919036865,1396.13451560933,2.90969062781151,173.415349436237,1.26561432878125,1,23.458005285,2,2,0.0183602850884199,0.0118635687977076,0.333380401134491,0.437116026878357,0.0052256197668612,0,0,0.000282465916825458,1.8,-1.99,156.219349995972,0.010120854678868,0.00081234990862917,0.00156838439898249,0.0157891427373638,0,0
1030014,2010,8,30.76283333,-98.1536389,227.62,255540,0.036946913757815,29.9632835388184,1396.13451560933,2.90969062781151,173.415349436237,1.48540687286201,1,23.458005285,2,2,0.0183602850884199,0.0118635687977076,0.333380401134491,0.437116026878357,0.0052256197668612,0,0,0.000282465916825458,1.8,-2.21,156.219349995972,0.010120854678868,0.00081234990862917,0.00156838439898249,0.0157891427373638,0,0
1030015,2010,9,30.76283333,-98.1536389,227.99,255540,0.792723329001855,25.4445934295654,1396.13451560933,2.90969062781151,173.415349436237,0.946735373506787,1,23.458005285,2,2,0.0183602850884199,0.0118635687977076,0.333380401134491,0.437116026878357,0.0052256197668612,0,0,0.000282465916825458,2.2,-2.45,156.219349995972,0.010120854678868,0.00081234990862917,0.00156838439898249,0.0157891427373638,0,0
1030016,2010,10,30.76283333,-98.1536389,229.665,255540,0.0347706840322763,19.9675750732422,1396.13451560933,2.90969062781151,173.415349436237,0.875900550231262,1,23.458005285,2,2,0.0183602850884199,0.0118635687977076,0.333380401134491,0.437116026878357,0.0052256197668612,0,0,0.000282465916825458,1.7,-1.6,156.219349995972,0.010120854678868,0.00081234990862917,0.00156838439898249,0.0157891427373638,0,0
1030017,2010,11,30.76283333,-98.1536389,228.35,255540,0.073041722015708,14.5713863372803,1396.13451560933,2.90969062781151,173.415349436237,0.611081612381923,1,23.458005285,2,2,0.0183602850884199,0.0118635687977076,0.333380401134491,0.437116026878357,0.0052256197668612,0,0,0.000282465916825458,1.3,-1.57,156.219349995972,0.010120854678868,0.00081234990862917,0.00156838439898249,0.0157891427373638,0,0
1031703,2010,11,32.91658333,-97.5238056,17.14,255845,0.129190555278275,13.9727916717529,683.740080617476,2.63846461859927,240.765246104891,0.512202806825803,2,44.849081433,4,2,0.270830363035202,0.00640934333205223,0.140934333205223,0.0161657892167568,0.181241989135742,0.0418743751943111,0.0131035465747118,0.0275601763278246,1.3,-1.57,10.8919549028746,0.00400831577672912,0.0023110557349461,0.0432272470422873,0.00991113230439524,0,0
1040777,2010,11,32.052222,-95.444721,274.33,256812,0.191551256345813,14.2405347824097,373.721164767046,1.78501647603516,51.0494745294701,0.547462974839818,2,68.667979107,4,2,0.0200550816953182,0.00127109664026648,0.157969072461128,0.0207612458616495,0.0309300199151039,0.295035660266876,0.173363462090492,0.0206200126558542,1.3,-1.57,36.9915624865414,0.00583220019236232,0.00151727081555655,0.00231660697960086,0.046155011994044,0,0
1042229,2010,11,31.656944,-95.684444,104.1,256863,0.206404120591279,14.314003944397,305.955754287224,1.73603284640543,141.309503976706,0.611896315576085,2,55.7742783,4,4,0.0146702751517296,0.00341831636615098,0.396026194095612,0.0326876528561115,0.0301239136606455,0.199686661362648,0.0343255959451199,0.00512747466564178,1.3,-1.57,20.4960208238172,0.011942643468973,0.00151727081555655,0.00231660697960086,0.0218830154983948,0,0
1046201,2010,12,33.298888,-94.277777,20.69,256985,0.135201531963652,6.91193294525146,271.756227257659,0.86192648056526,324.79258439471,0.408639933488869,3,44.389763847,3,2,0.00762658007442951,0.00197726138867438,0.269825577735901,0.0146882282570004,0.0266224145889282,0.12357884645462,0.22745569050312,0.0915895774960518,2.9,-2.04,25.3029993271647,0.00866113148383421,0.00141215682781251,0.00108795305277388,0.031774405067265,0,0
1052032,2010,1,30.8811639,-104.7526889,249.73,257260,0.131974395692234,6.08892631530762,3963.2545992,0.118997808305771,283.700409059319,0.261408037798274,2,139.206036957,4,2,0.00656733289361,0.00141232961323112,0.00310712517239153,0.708565771579742,0.0264811813831329,0.125556111335754,0,0,-1.1,0.05,9.7406301746594,0.00225355691147331,0.00147877636986608,7.5467025765046e-07,0.00313504842101286,0,0
1054196,2010,4,33.6969444,-97.1822222,465,257363,0.336816467837167,17.2779083251953,869.4225735,0.696310294301631,280.548769830314,0.570432458578184,1,21.522309744,2,4,0.0295883063226938,0.00190664501860738,0.233246237039566,0.0173010379076004,0.418049573898315,0.0684273689985275,7.06164792063646e-05,0.0124991172924638,1.2,-0.04,20.514257342064,0.0130594259171272,0.00155621281591478,0.000432281337754107,0.00985132965999345,0,0
1055056,2010,2,33.6083333,-97.1397222,427,257392,0.332109571946697,3.86330652236938,727.885848254633,1.59128017644907,252.061783920871,0.203457041671707,1,20.275590582,2,4,0.51133394241333,0.00247157691046596,0.0732999071478844,0.00819151196628809,0.179154008626938,0.0490078367292881,7.06164792063646e-05,0.00127109664026648,-1.5,0.25,14.6825248085382,0.0115014384070163,0.00155621281591478,0.000432281337754107,0.0170979484005521,0,0
1056450,2010,2,27.3872222,-98.2669444,51.38,257472,0.388319436610984,12.2438678741455,247.274656856766,0.900920651728687,210.225892183954,0.543586801869585,2,18.963254622,4,2,0.00391682097688317,0.00056971941376105,0.00363196129910648,0.0990599617362022,0.0143854152411222,0.748326420783997,0.018658310174942,0.000356074626324698,-1.5,0.25,14.6788280690154,0.00655634663237378,0.000683383079227423,6.16887422045857e-05,0.00754509011695782,0,0
1060918,2010,1,32.198333,-98.180554,186.434285714286,257677,0.264282176902565,5.33722162246704,1220.60240944425,1.24794442895884,246.082231829538,0.202053876367948,1,9.776902902,3,2,0.104794859886169,0.00459007127210498,0.06687381118536,0.0629899054765701,0.353435486555099,0.0217498764395714,0.00600240100175142,0.00218911096453667,-1.1,0.05,0.237785573442203,0.00612809752145382,0.00140843450530179,0.000716757203729029,0.00887846216380596,0,0
1060919,2010,2,32.198333,-98.180554,186.74,257677,0.336048071663688,4.69874334335327,1220.60240944425,1.24794442895884,246.082231829538,0.249147140200795,1,9.776902902,3,2,0.104794859886169,0.00459007127210498,0.06687381118536,0.0629899054765701,0.353435486555099,0.0217498764395714,0.00600240100175142,0.00218911096453667,-1.5,0.25,0.237785573442203,0.00612809752145382,0.00140843450530179,0.000716757203729029,0.00887846216380596,0,0
1060920,2010,3,32.198333,-98.180554,186.941666666667,257677,0.238948807366193,11.4177703857422,1220.60240944425,1.24794442895884,246.082231829538,0.445055123752835,1,9.776902902,3,2,0.104794859886169,0.00459007127210498,0.06687381118536,0.0629899054765701,0.353435486555099,0.0217498764395714,0.00600240100175142,0.00218911096453667,-0.7,-0.16,0.237785573442203,0.00612809752145382,0.00140843450530179,0.000716757203729029,0.00887846216380596,0,0
1060921,2010,4,32.198333,-98.180554,186.64,257677,0.226887405419982,17.4283485412598,1220.60240944425,1.24794442895884,246.082231829538,0.646267288669693,1,9.776902902,3,2,0.104794859886169,0.00459007127210498,0.06687381118536,0.0629899054765701,0.353435486555099,0.0217498764395714,0.00600240100175142,0.00218911096453667,1.2,-0.04,0.237785573442203,0.00612809752145382,0.00140843450530179,0.000716757203729029,0.00887846216380596,0,3.51708418281126e-05
1060922,2010,5,32.198333,-98.180554,186.168571428571,257677,0.166473138616695,22.8846054077148,1220.60240944425,1.24794442895884,246.082231829538,0.795856186682245,1,9.776902902,3,2,0.104794859886169,0.00459007127210498,0.06687381118536,0.0629899054765701,0.353435486555099,0.0217498764395714,0.00600240100175142,0.00218911096453667,0.9,-0.18,0.237785573442203,0.00612809752145382,0.00140843450530179,0.000716757203729029,0.00887846216380596,0,8.62414994232631e-05
1060923,2010,6,32.198333,-98.180554,184.298333333333,257677,0.321214706428553,27.9411220550537,1220.60240944425,1.24794442895884,246.082231829538,1.15104885726833,1,9.776902902,3,2,0.104794859886169,0.00459007127210498,0.06687381118536,0.0629899054765701,0.353435486555099,0.0217498764395714,0.00600240100175142,0.00218911096453667,0.4,-0.79,0.237785573442203,0.00612809752145382,0.00140843450530179,0.000716757203729029,0.00887846216380596,0,0.000115273932962999
1061578,2010,9,32.78611,-97.664722,116.77,257694,0.825691224399582,25.3899078369141,999.571506285383,1.80931114915311,215.315685061155,0.900578437632156,1,31.430446242,3,2,0.0572699680924416,0.00346020772121847,0.0754184052348137,0.00995692424476147,0.521220266819,0.0200550816953182,0,0.106842733919621,2.2,-2.45,38.3376450007496,0.00294706245917442,0.0021133249929522,0.00145577585527972,0.0168491536740959,0,0
1072581,2010,5,30.504722,-94.164166,42.25,258144,0.140938295994118,25.3328723907471,111.618843136334,0.846732263960692,104.324924599762,1.1655067601736,2,45.111548625,4,2,0.032901294529438,0.0063381283544004,0.447372168302536,0.0160233583301306,0.0232160668820143,0.0420880205929279,0.169491529464722,0,0.9,-0.18,38.4273554667652,0.0046513361596947,0.000992091545423195,5.12874466131539e-05,0.0647327713100116,0,0
1074662,2010,2,31.9435306,-105.2019611,129.471666666667,258242,0.209005761651965,7.91313362121582,3701.84413329305,0.678382739214098,125.83936111079,0.34766455074901,2,169.455380835,3,2,0.0285290591418743,0.011016171425581,0.00734411412850022,0.05253866314888,0.0281053595244884,0.706870973110199,0,0.000282465916825458,-1.5,0.25,8.71831664962521,0.0282373483826189,0.001799678146019,0.00197495716810898,0.00323647132668644,1,0
1074663,2010,3,31.9435306,-105.2019611,129.976666666667,258242,0.0232170229235936,11.9149055480957,3701.84413329305,0.678382739214098,125.83936111079,0.57411869767115,2,169.455380835,3,2,0.0285290591418743,0.011016171425581,0.00734411412850022,0.05253866314888,0.0281053595244884,0.706870973110199,0,0.000282465916825458,-0.7,-0.16,8.71831664962521,0.0282373483826189,0.001799678146019,0.00197495716810898,0.00323647132668644,1,0.000445840842321811
1074664,2010,4,31.9435306,-105.2019611,133.822,258242,0.138620404331521,17.587610244751,3701.84413329305,0.678382739214098,125.83936111079,0.79881813391008,2,169.455380835,3,2,0.0285290591418743,0.011016171425581,0.00734411412850022,0.05253866314888,0.0281053595244884,0.706870973110199,0,0.000282465916825458,1.2,-0.04,8.71831664962521,0.0282373483826189,0.001799678146019,0.00197495716810898,0.00323647132668644,1,0.00191870737607571
1074665,2010,5,31.9435306,-105.2019611,136.84,258242,0,22.2178020477295,3701.84413329305,0.678382739214098,125.83936111079,1.06773917292894,2,169.455380835,3,2,0.0285290591418743,0.011016171425581,0.00734411412850022,0.05253866314888,0.0281053595244884,0.706870973110199,0,0.000282465916825458,0.9,-0.18,8.71831664962521,0.0282373483826189,0.001799678146019,0.00197495716810898,0.00323647132668644,1,0.00279195625846484
1074666,2010,6,31.9435306,-105.2019611,141.78,258242,0.0184994185345912,28.3192520141602,3701.84413329305,0.678382739214098,125.83936111079,1.13863647313616,2,169.455380835,3,2,0.0285290591418743,0.011016171425581,0.00734411412850022,0.05253866314888,0.0281053595244884,0.706870973110199,0,0.000282465916825458,0.4,-0.79,8.71831664962521,0.0282373483826189,0.001799678146019,0.00197495716810898,0.00323647132668644,1,0.00257198626236459
1076331,2010,4,33.110277,-95.385277,11.63,258319,0.262121316101729,17.9183197021484,525.196373399171,1.08069042098964,89.3984814609373,0.776237679207097,3,58.792651008,3,2,0.0166654903441668,0.00282465922646224,0.0735823735594749,0.00932137575000525,0.0222441926598549,0.601511180400848,0.054657157510519,0.00105924718081951,1.2,-0.04,42.7959316383519,0.00850776823123889,0.00124842430829605,0.00559794911496119,0.0404288283305367,0,2.2141146104045e-06
1082198,2010,1,27.258333,-97.863333,69.28,258480,0.180492776859725,12.640588760376,46.8928697833583,0.614082717301542,329.557066562442,0.47708586517522,3,15.944881914,1,2,0.0055547640658915,0.00242130761034787,0.0441532544791698,0.450007110834122,0.0247827935963869,0.277453362941742,0.000427289545768872,0.000427289545768872,-1.1,0.05,19.9081500673901,0.00638261371662415,0.000487367527085042,3.23832243910327e-05,0.00803868855103229,0,0
1082738,2010,2,29.413611,-100.261111,186.85,258500,0.24914015660146,9.55631160736084,1369.478383053,0.844485607855652,28.627259194695,0.487409226965666,2,4.625984259,2,2,0.00543746910989285,0.00141232961323112,0.0303650870919228,0.90325540304184,0,0,0,0,-1.5,0.25,41.086038641916,0.0174267270221579,0.000230778159582378,4.21512620241786e-06,0.0229399709147712,0,0
1094458,2010,1,29.8937278,-104.2821944,128.33,259001,0.0738537844581499,6.63371706008911,4405.73176810656,1.8236453575298,68.9255258156982,0.336335325376856,4,9.251968518,3,2,0.00317774177528918,0.000706164806615561,0.00204787799157202,0.921898186206818,0.0112280203029513,0,0,0,-1.1,0.05,86.7464600026812,0.000908543257086366,0.000144378196237996,5.44682600794506e-05,0.0102885624008129,0,0
1100625,2010,5,32.27111,-94.646944,160.6,259193,0.0905937161158093,25.0420894622803,379.966877830066,6.45282963273765,122.934461796225,1.11794219099348,2,46.784776974,3,2,0.017583504319191,0.00416637258604169,0.250406056642532,0.0833274498581886,0.068144902586937,0.18120189011097,0.0538097582757473,0.000494315347168595,0.9,-0.18,12.811949579184,0.00757835378136818,0.0030010181814896,0.241447086388273,0.0511612498773138,0,0
1108704,2010,1,28.6644444,-100.0191667,252.79,259501,0.0879103243905006,10.6178874969482,629.821872353578,0.532659537508663,216.201098909981,0.425370134414479,3,6.332021007,3,2,0.00903890933841467,0.00240096030756831,0.00826212856918573,0.809829831123352,0.0233034398406744,0.00656733289361,0.01970199868083,0,-1.1,0.05,32.288865516461,0.0152097204917539,0.00426788544678738,9.50383605447215e-05,0.00633496859469761,0,0
1116100,2010,3,38.0344135,-113.3182955,39.42,260259,0.22637782794589,5.3193211555481,5098.67986148122,1.03960018801204,130.410567129896,0.418973507854688,4,347.670604203,4,2,0.000564931833650917,0.0232328232377768,0.00381329003721476,0.59021258354187,0.149424478411674,0,0,0,-0.7,-0.16,12.044709516796,0.0784412316192307,0.00623228318359819,0.00292394320830491,0.00574979876182973,0,0
1116812,2010,3,38.30553586,-111.5021245,17.49,260366,0.159346575741414,1.8590749502182,6905.73759501983,2.86371009661535,145.993412997988,0.242746809079349,4,85.892388582,1,2,0.00818971637636423,0.0331149399280548,0.291197836399078,0.386768281459808,0.00384560599923134,0.0411622263491154,0.00505625968798995,0,-0.7,-0.16,17.9861912537676,0.0243732999370474,0.00146365774913548,0.00260613850911379,0.00357358917917125,0,0
1117120,2010,6,38.3830151,-113.7277512,365.37,260397,0.0546751623909657,19.2472648620605,5685.59319127242,1.00388554300714,82.9416504913642,1.01037203324073,4,126.673228539,2,2,0.00381329003721476,0.000706164806615561,0.00233034393750131,0.882282316684723,0.0317067988216877,0,0,0,0.4,-0.79,264.817160660978,0.16759309977377,0.00372748140477575,0.00190714821949336,0.00907867819063365,0,0
1117121,2010,9,38.3830151,-113.7277512,365.45,260397,0,18.2267532348633,5685.59319127242,1.00388554300714,82.9416504913642,0.735205804135117,4,126.673228539,2,2,0.00381329003721476,0.000706164806615561,0.00233034393750131,0.882282316684723,0.0317067988216877,0,0,0,2.2,-2.45,264.817160660978,0.16759309977377,0.00372748140477575,0.00190714821949336,0.00907867819063365,0,0
1117122,2010,12,38.3830151,-113.7277512,365.44,260397,0.369509474747788,0.997685372829437,5685.59319127242,1.00388554300714,82.9416504913642,0.0605464796050438,4,126.673228539,2,2,0.00381329003721476,0.000706164806615561,0.00233034393750131,0.882282316684723,0.0317067988216877,0,0,0,2.9,-2.04,264.817160660978,0.16759309977377,0.00372748140477575,0.00190714821949336,0.00907867819063365,0,0
1118945,2010,11,39.0815833,-113.763111,601.7,260864,0.152650355273212,2.49764323234558,5492.077786283,1.25813350306963,196.811198183875,0.0955690487990152,4,179.954068515,4,2,0.00603274907916784,0.00100545817986131,0.00373455905355513,0.940462529659271,0.00107727665454149,0,0,0,1.3,-1.57,420.929416285062,0.0041132896679648,0.00313462008450374,0.00298986114920111,0.00281641493891987,0,0
1122125,2010,3,40.0041189,-111.9654972,238.78,261513,0.128135155699848,5.35978651046753,4701.87379423858,1.58172345515502,107.310660192787,0.276430786232593,3,226.541995095,1,2,0.00564931845292449,0.00197726138867438,0.00388390640728176,0.420944839715958,0.0779605954885483,0.329002201557159,0,0,-0.7,-0.16,201.793680973352,0.00817828981266066,0.00904763433482993,0.0155136805842064,0.00407704879594035,0,0
1122233,2010,3,40.0335485,-113.978058,13.12,261542,0.0915000446338692,3.7796106338501,5311.5854127189,0.797756678172244,314.58586098985,0.216986613966387,4,92.814960771,4,2,0.00120048015378416,0.000141232958412729,0.000564931833650917,0.941388309001923,0.00473130447790027,0.00550808571279049,0.00120048015378416,0,-0.7,-0.16,92.1391816425865,0.026935477497438,0.00155656859812103,0.00211471413679279,0.00827386787878349,0,0
1122961,2010,3,40.38884636,-109.9182045,3.05,261940,0.0192655822716336,1.68861722946167,5501.53638701323,0.879795972638635,84.3660851912908,0.21230777762737,4,122.604987063,3,2,0.0095428004860878,0.0011394388275221,0.00591083895415068,0.0754878222942352,0.0132459765300155,0.598062932491302,0.0807577297091484,0.000284859706880525,-0.7,-0.16,6.20013382494929,0.00557722418826741,0.00148259864114291,0.00728779314812556,0.00286406043170641,1,0
1123450,2010,8,40.46369444,-111.3916944,88.82,262112,0.192237463815285,19.4112701416016,5853.98673490749,1.66309853986636,315.475300473464,0.728987296904613,4,104.461942416,3,2,0.0379916690289974,0.00480192061513662,0.251888990402222,0.341995626688004,0.0167361069470644,0.147023513913155,0,0.000494315347168595,1.8,-2.21,234.877419015253,0.00718650828717021,0.00152601939806968,0.0051772679968859,0.00575478435254345,1,3.52723987733086e-06
1123540,2010,9,40.47091667,-111.4431944,82.02,262123,0.0201466468681728,15.822699546814,5577.22232914893,1.1952550297049,306.71490826994,0.591742849373346,4,129.494750853,3,2,0.0439234524965286,0.00557870185002685,0.136925354599953,0.366923242807388,0.0439940690994263,0.19998587667942,0.00289527582935989,0.00543746910989285,2.2,-2.45,92.6755859001474,0.0204299749308567,0.00152601939806968,0.0051772679968859,0.00830077784655616,0,8.35423968429895e-06
1124354,2010,1,40.551334,-112.2113327,104.02,262225,0.108947904256783,-0.934949934482574,5611.15815768991,26.8489983675261,222.986175587011,0.0286054674217913,4,66.371391177,4,2,0.000282465916825458,0.000282465916825458,0.302803486585617,0.534072458744049,0.00515500316396356,0.00155356258619577,0.00423698872327805,0,-1.1,0.05,257.189418152383,0.00257063234969804,0.00155656859812103,0.00211471413679279,0.0341887428094447,0,0
1124356,2010,4,40.551334,-112.2113327,104.17,262225,0.293829485321116,7.94610738754272,5611.15815768991,26.8489983675261,222.986175587011,0.380232353488033,4,66.371391177,4,2,0.000282465916825458,0.000282465916825458,0.302803486585617,0.534072458744049,0.00515500316396356,0.00155356258619577,0.00423698872327805,0,1.2,-0.04,257.189418152383,0.00257063234969804,0.00155656859812103,0.00211471413679279,0.0341887428094447,0,0
1124357,2010,7,40.551334,-112.2113327,100.08,262225,0.0660270594301375,24.415189743042,5611.15815768991,26.8489983675261,222.986175587011,0.854044737824918,4,66.371391177,4,2,0.000282465916825458,0.000282465916825458,0.302803486585617,0.534072458744049,0.00515500316396356,0.00155356258619577,0.00423698872327805,0,1.8,-1.99,257.189418152383,0.00257063234969804,0.00155656859812103,0.00211471413679279,0.0341887428094447,0,0.000218621796711135
1124358,2010,10,40.551334,-112.2113327,101.23,262225,0.149159732054106,12.2921123504639,5611.15815768991,26.8489983675261,222.986175587011,0.272043759216346,4,66.371391177,4,2,0.000282465916825458,0.000282465916825458,0.302803486585617,0.534072458744049,0.00515500316396356,0.00155356258619577,0.00423698872327805,0,1.7,-1.6,257.189418152383,0.00257063234969804,0.00155656859812103,0.00211471413679279,0.0341887428094447,0,5.42897615587211e-05
1124580,2010,11,40.5068611,-112.0434333,154.2,262246,0.262638878408036,2.99498891830444,5024.44637606449,1.48529118419555,80.0652860361241,0.123951003495838,3,86.056430577,3,2,0.478497266769409,0.00437822192907333,0.0192076824605465,0.180425107479095,0.0369324199855328,0.100063554942608,0,0,1.3,-1.57,176.793734501311,0.0227332942984326,0.0192355661032283,0.054109179681691,0.0121931069417795,0,0
1124716,2010,11,40.5219,-111.9886028,87.5,262284,0.197369958772067,3.73446941375732,4666.97359107986,2.19274685311685,51.254134968802,0.123951003495838,4,81.03674553,2,4,0.464797675609589,0.00381329003721476,0.00939199235290289,0.076830729842186,0.028599675744772,0.247016459703445,0,0.00331897474825382,1.3,-1.57,31.0505219178074,0.0144703242382351,0.0192355661032283,0.054109179681691,0.00880092527925968,0,0
1124816,2010,10,40.5248111,-111.8516583,9.42,262291,0.205685986308358,13.4843807220459,4555.1458876401,5.85535083474893,200.753860480105,0.347492488878644,3,56.036745492,4,6,0.764423429965973,0.00155356258619577,0.0824094340205193,0.0300826206803322,0.00501377042382956,0.0177953541278839,0.00797966215759516,0,1.7,-1.6,148.475426927106,0.000482759940425396,0.0192355661032283,0.054109179681691,0.0171575921578954,0,1.06873300023317e-06
1125345,2010,2,40.55828174,-111.8885457,89.12,262375,0.024547292216009,2.38125944137573,4412.29345612553,2.34578314212855,322.52973116904,0.107676501199984,3,63.353018469,4,2,0.954452395439148,0.000564931833650917,0.00148294609971344,0.00197726138867438,0.00211849436163902,0.0151825435459614,0.000353082403307781,0,-1.5,0.25,87.384295408655,0.0166756882550386,0.0192355661032283,0.054109179681691,0.00435322123941034,0,0
1129418,2010,11,37.2859222,-75.93582778,14,263985,0.0427715703908492,10.6186952590942,17.789571094757,2.15409828945065,330.643971651358,0.224122325607106,2,68.208661521,1,1,0.0135736856609583,0.00179546105209738,0.0290864687412977,0.00488365394994617,0.0114909512922168,0.20216891169548,0.163746044039726,0.41123241186142,1.3,-1.57,6.58220976731172,0.00252800591480057,0.0024573396952837,0.000533264332700862,0.0914535982986291,0,0
1130287,2010,8,37.51374576,-75.811041,11.62,264106,0.455768716058121,25.7679824829102,15.3274818935295,3.44443143534493,79.3011341216092,0.59567749434375,2,73.392388563,1,2,0.0275404285639524,0.00162417907267809,0.0355200916528702,0.00466068787500262,0.0114398701116443,0.0751359388232231,0.420521140098572,0.224419176578522,1.8,-2.21,12.6229809529896,0.00193838972318257,0.0024573396952837,0.000533264332700862,0.0953862892899911,0,1.0650734499115e-05
1130465,2010,3,37.7206853,-75.67020679,0.72,264132,0.732602848956276,9.26820850372314,33.3735438033147,1.17849698538629,69.47934026902,0.360843153373144,2,67.125984354,7,7,0.0696984678506851,0.00338959111832082,0.146458581089973,0.0126403504982591,0.0175128877162933,0.398135721683502,0.0809971019625664,0.0229503568261862,-0.7,-0.16,2.58719690752425,0.0180697280970198,0.00408085254310928,0.00076955044044549,0.084064193054835,0,0
1130466,2010,6,37.7206853,-75.67020679,2.89,264132,0.137160581762186,25.7473697662354,33.3735438033147,1.17849698538629,69.47934026902,0.854985396115338,2,67.125984354,7,7,0.0696984678506851,0.00338959111832082,0.146458581089973,0.0126403504982591,0.0175128877162933,0.398135721683502,0.0809971019625664,0.0229503568261862,0.4,-0.79,2.58719690752425,0.0180697280970198,0.00408085254310928,0.00076955044044549,0.084064193054835,0,2.18344626617093e-05
1130468,2010,12,37.7206853,-75.67020679,4.06,264132,0.229688229246661,0.977225303649902,33.3735438033147,1.17849698538629,69.47934026902,0.271513781622331,2,67.125984354,7,7,0.0696984678506851,0.00338959111832082,0.146458581089973,0.0126403504982591,0.0175128877162933,0.398135721683502,0.0809971019625664,0.0229503568261862,2.9,-2.04,2.58719690752425,0.0180697280970198,0.00408085254310928,0.00076955044044549,0.084064193054835,0,0
1136738,2010,9,37.2187508698201,-75.9763204424821,6.01,265021,0.556994010990962,23.4158477783203,26.2493510823059,0.176799696846516,311.733088763161,0.653794357212241,2,71.128609032,1,2,0.0213261768221855,0.00190664501860738,0.0780312120914459,0.00910952594131231,0.0156768597662449,0.497210651636124,0.174987643957138,0.00353082409128547,2.2,-2.45,7.33591206606853,0.017157141395567,0.0024573396952837,0.000533264332700862,0.0961884896782041,0,0.000116546872231074
1146498,2010,8,46.2701861,-119.0730389,65.92,266240,0.0095250576957545,22.3733673095703,428.083263325822,0.3604682681456,169.892239971575,1.08974386866449,4,78.969816393,1,3,0.68540358543396,0.00303650880232453,0.00748534686863422,0.0941317677497864,0.00324835814535618,0.115669794380665,0,0,1.8,-2.21,1.0850040987004,0.077170794083507,0.0106842038008532,0.0438228625296304,0.00325940988187678,1,0.000700582507938119
1146540,2010,5,46.2728333,-119.8863056,40,266281,0.147381642583155,13.0014886856079,871.827906530644,1.81282867068725,294.142615337973,0.78526769842527,4,91.043307225,3,2,0.0118635687977076,0.00155356258619577,0.00529623636975884,0.00967445783317089,0.011016171425581,0.858272731304169,0.000282465916825458,0.000423698889790103,0.9,-0.18,52.5276930798946,0.00885219094413118,0.00448807515076469,0.0158147246556578,0.00349143362098063,1,0.000547683271723317
1146705,2010,4,46.3075833,-119.967111,24,266593,0.0356224610026597,10.5835542678833,740.766361975072,1.24955022283772,179.441539365879,0.688803065588535,4,77.362204842,1,3,0.110020481050014,0.00487253721803427,0.0102393897250295,0.00847397744655609,0.0171598047018051,0.668385028839111,0.000353082403307781,0.000918014266062528,1.2,-0.04,4.5130826268999,0.0176320320702062,0.00448807515076469,0.0158147246556578,0.00309391296897084,0,0.000574193027041319
1147189,2010,7,46.36185278,-119.2188694,40.3,267106,0.0152636278564695,23.134801864624,549.964724754865,0.328715167981308,175.859955954975,1.25451235824196,4,91.338582816,1,3,0.0228599905967712,0.00313345668837428,0.00705027766525745,0.00569719402119517,0.0130323311313987,0.827374994754791,0.000284859706880525,0.00156672834418714,1.8,-1.99,51.8038423830016,0.0141141948588223,0.0106842038008532,0.0438228625296304,0.00363119592294407,1,0.00195721350284646
1147465,2010,4,46.40302778,-120.2039444,105,267469,0.0360852589993034,10.0990943908691,906.953262225571,5.40733135014083,306.412352707253,0.614472037220599,3,88.451443704,3,2,0.0218911096453667,0.00282465922646224,0.00515500316396356,0.00649671629071236,0.0423698909580708,0.811665832996368,0.00120048015378416,7.06164792063646e-05,1.2,-0.04,85.3540954986116,0.0280592324870726,0.00448807515076469,0.0158147246556578,0.00335531273540109,1,0.000367403434979321
1147679,2010,2,46.426,-120.2721389,47,267643,0.101155502743425,4.95213460922241,864.219928523363,1.13239841171769,157.665293614439,0.137179630217721,4,93.044619564,3,2,0.111150339245796,0.00289527582935989,0.0112280203029513,0.0182896684855223,0.0173010379076004,0.444954454898834,0.107407666742802,0.0100981565192342,-1.5,0.25,72.8856923868273,0.0143815536598521,0.00448807515076469,0.0158147246556578,0.00339056885702536,1,0
1148711,2010,9,46.6797222,-119.8383333,162,270714,0.0647709439478703,17.9875469207764,746.098550906812,0.128024558693482,32.0628995102009,0.567673110823544,4,120.898950315,1,1,0.00363196129910648,0.00135308364406228,0.00291981198824942,0.168565735220909,0.00705027766525745,0.750676512718201,0,0.000142429853440262,2.2,-2.45,95.1236190639805,0.0449838053774305,0.011718268566371,0.0436759179179855,0.00357547494448411,1,0.0010222987959578
1148808,2010,1,46.7179444,-122.9817778,13.45,271276,0.590762492199248,7.46023416519165,165.339756942655,0.673478651311388,42.5102443199106,0.102164251127367,4,83.562992253,3,2,0.247199073433876,0.00474001746624708,0.153476014733315,0.0691611617803574,0.0201091635972261,0.185578852891922,0.0461792573332787,0.00502729089930654,-1.1,0.05,3.70457338786089,0.0171478065467668,0.00106753709964871,0.00124467268034263,0.0934547278380394,0,0
1148809,2010,2,46.7179444,-122.9817778,16.55,271276,0.352348593499001,7.57851982116699,165.339756942655,0.673478651311388,42.5102443199106,0.201471984849124,4,83.562992253,3,2,0.247199073433876,0.00474001746624708,0.153476014733315,0.0691611617803574,0.0201091635972261,0.185578852891922,0.0461792573332787,0.00502729089930654,-1.5,0.25,3.70457338786089,0.0171478065467668,0.00106753709964871,0.00124467268034263,0.0934547278380394,0,0
1148810,2010,3,46.7179444,-122.9817778,17.34,271276,0.474931612511389,8.18826103210449,165.339756942655,0.673478651311388,42.5102443199106,0.442968153938516,4,83.562992253,3,2,0.247199073433876,0.00474001746624708,0.153476014733315,0.0691611617803574,0.0201091635972261,0.185578852891922,0.0461792573332787,0.00502729089930654,-0.7,-0.16,3.70457338786089,0.0171478065467668,0.00106753709964871,0.00124467268034263,0.0934547278380394,0,0
1148811,2010,4,46.7179444,-122.9817778,13.36,271276,0.409222150408379,9.45928001403809,165.339756942655,0.673478651311388,42.5102443199106,0.529493297670859,4,83.562992253,3,2,0.247199073433876,0.00474001746624708,0.153476014733315,0.0691611617803574,0.0201091635972261,0.185578852891922,0.0461792573332787,0.00502729089930654,1.2,-0.04,3.70457338786089,0.0171478065467668,0.00106753709964871,0.00124467268034263,0.0934547278380394,0,0
1148812,2010,5,46.7179444,-122.9817778,16.16,271276,0.466078010526608,11.5520181655884,165.339756942655,0.673478651311388,42.5102443199106,0.618857236986841,4,83.562992253,3,2,0.247199073433876,0.00474001746624708,0.153476014733315,0.0691611617803574,0.0201091635972261,0.185578852891922,0.0461792573332787,0.00502729089930654,0.9,-0.18,3.70457338786089,0.0171478065467668,0.00106753709964871,0.00124467268034263,0.0934547278380394,0,0
1148813,2010,6,46.7179444,-122.9817778,15.83,271276,0.353509322776366,14.623064994812,165.339756942655,0.673478651311388,42.5102443199106,0.560997791091705,4,83.562992253,3,2,0.247199073433876,0.00474001746624708,0.153476014733315,0.0691611617803574,0.0201091635972261,0.185578852891922,0.0461792573332787,0.00502729089930654,0.4,-0.79,3.70457338786089,0.0171478065467668,0.00106753709964871,0.00124467268034263,0.0934547278380394,0,0
1148944,2010,1,46.7536111,-119.8588889,378,271594,0.143206000858622,2.57625865936279,931.485602964927,1.8103916652372,199.108496323297,0.031306449557254,4,87.106299345,4,2,0.0223148074001074,0.00127109664026648,0.00487253721803427,0.273921340703964,0.0444883853197098,0.472706735134125,0,0.000776781293097883,-1.1,0.05,89.8286865878883,0.0301559702322216,0.011718268566371,0.0436759179179855,0.00355128820922847,0,0
1150335,2010,2,47.01237778,-117.355761,10.49,276581,0.118847456684689,3.78091812133789,2338.20026533498,2.31846046965701,239.719319147748,0.0964156537758047,3,109.547244261,4,6,0.0172340124845505,0.00163794332183897,0.00420168088749051,0.00591083895415068,0.00761999702081084,0.893035173416138,0.000284859706880525,0,-1.5,0.25,1.84701359928212,0.19707396001051,0.000486802812587802,0.000101719990689989,0.00618356603331243,0,0
1150336,2010,4,47.01237778,-117.355761,10.74,276581,0.25035274974199,7.76469802856445,2338.20026533498,2.31846046965701,239.719319147748,0.498513350155655,3,109.547244261,4,6,0.0172340124845505,0.00163794332183897,0.00420168088749051,0.00591083895415068,0.00761999702081084,0.893035173416138,0.000284859706880525,0,1.2,-0.04,1.84701359928212,0.19707396001051,0.000486802812587802,0.000101719990689989,0.00618356603331243,0,0
1158384,2010,6,47.27,-121.0642222,274,281742,0.26161266476805,11.9465742111206,2395.87998766345,16.417156484455,270.760254672593,0.708778913078426,4,60.990813741,6,2,0.0300120040774345,0.0147588448598981,0.211637601256371,0.248993709683418,0.00105924718081951,0.000211849444895051,0.000988630694337189,0.314737647771835,0.4,-0.79,124.870323010511,0.00115438554665952,0.000727597176420112,0.00741285869061236,0.10204835032026,0,0
1167700,2010,9,48.8838083,-122.3204417,7.59,295100,0.583112872752232,15.6797161102295,114.128659720125,1.07349092859589,74.3083618215611,0.249261055471676,4,77.42782164,4,4,0.0332573689520359,0.00548354955390096,0.20481413602829,0.0232160668820143,0.0378151275217533,0.309357643127441,0.0769833326339722,0.0190143845975399,2.2,-2.45,0.884369056148565,0.0140697292687941,0.0033821637017099,0.00230064240794378,0.126507090034982,0,2.73447700582109e-06
1167701,2010,10,48.8838083,-122.3204417,6.89,295100,0.285174653093765,11.5563650131226,114.128659720125,1.07349092859589,74.3083618215611,0.135886375253325,4,77.42782164,4,4,0.0332573689520359,0.00548354955390096,0.20481413602829,0.0232160668820143,0.0378151275217533,0.309357643127441,0.0769833326339722,0.0190143845975399,1.7,-1.6,0.884369056148565,0.0140697292687941,0.0033821637017099,0.00230064240794378,0.126507090034982,0,0
1169318,2010,3,48.52,-119.52,130.32,295461,0.0535990560650465,6.44279050827026,996.236379260921,3.56204692711336,216.281726061066,0.305908358781077,4,86.187664173,1,3,0.0628411397337914,0.00316001148894429,0.0215455330908298,0.334745764732361,0.14902326464653,0.0903476029634476,0.0153691470623016,0.0238437224179506,-0.7,-0.16,6.79753272020988,0.0491989420938113,0.000921442465718887,0.00175109269050956,0.00352642212994707,0,0
1173439,2010,1,43.11681667,-87.9767333,46.02,295646,0.0741176030642292,-6.25843906402588,675.8530194,0.378629646827891,38.5907142384979,0.098419527518819,1,78.871391196,4,4,0.893818557262421,0.00185158813837916,0.0175188723951578,0.00313345668837428,0.0205098986625671,0.0065517732873559,0.00170915818307549,0.000213644772884436,-1.1,0.05,6.836188913709,0.00301305718460281,0.00162164649482598,1.03969518677433,0.0689728965374827,0,0
1173440,2010,2,43.11681667,-87.9767333,41.25,295646,0.111548506538356,-3.71679949760437,675.8530194,0.378629646827891,38.5907142384979,0.0667933780453909,1,78.871391196,4,4,0.893818557262421,0.00185158813837916,0.0175188723951578,0.00313345668837428,0.0205098986625671,0.0065517732873559,0.00170915818307549,0.000213644772884436,-1.5,0.25,6.836188913709,0.00301305718460281,0.00162164649482598,1.03969518677433,0.0689728965374827,0,0
1173441,2010,3,43.11681667,-87.9767333,40.73,295646,0.055486161023473,3.61169600486755,675.8530194,0.378629646827891,38.5907142384979,0.30909217921504,1,78.871391196,4,4,0.893818557262421,0.00185158813837916,0.0175188723951578,0.00313345668837428,0.0205098986625671,0.0065517732873559,0.00170915818307549,0.000213644772884436,-0.7,-0.16,6.836188913709,0.00301305718460281,0.00162164649482598,1.03969518677433,0.0689728965374827,0,0
1173442,2010,4,43.11681667,-87.9767333,40.43,295646,0.343381101274162,10.1880140304565,675.8530194,0.378629646827891,38.5907142384979,0.56064030089203,1,78.871391196,4,4,0.893818557262421,0.00185158813837916,0.0175188723951578,0.00313345668837428,0.0205098986625671,0.0065517732873559,0.00170915818307549,0.000213644772884436,1.2,-0.04,6.836188913709,0.00301305718460281,0.00162164649482598,1.03969518677433,0.0689728965374827,0,0
1173443,2010,5,43.11681667,-87.9767333,39.31,295646,0.313349846943237,14.9334545135498,675.8530194,0.378629646827891,38.5907142384979,0.661326632165762,1,78.871391196,4,4,0.893818557262421,0.00185158813837916,0.0175188723951578,0.00313345668837428,0.0205098986625671,0.0065517732873559,0.00170915818307549,0.000213644772884436,0.9,-0.18,6.836188913709,0.00301305718460281,0.00162164649482598,1.03969518677433,0.0689728965374827,0,0
1173444,2010,6,43.11681667,-87.9767333,39.23,295646,0.6531986737105,19.9112491607666,675.8530194,0.378629646827891,38.5907142384979,0.740106939204236,1,78.871391196,4,4,0.893818557262421,0.00185158813837916,0.0175188723951578,0.00313345668837428,0.0205098986625671,0.0065517732873559,0.00170915818307549,0.000213644772884436,0.4,-0.79,6.836188913709,0.00301305718460281,0.00162164649482598,1.03969518677433,0.0689728965374827,0,0
1174593,2010,6,44.004,-89.0925,14.03,295818,0.545367444484378,19.5362892150879,797.019175407464,3.03083970243792,193.239486934819,0.780447813404334,10,93.602362347,1,1,0.00494315382093191,0.00105924718081951,0.0785961449146271,0.00529623636975884,0.0116517199203372,0.410564213991165,0.246027827262878,0,0.4,-0.79,7.8392130615464,0.0399276702782097,0.00906146944367048,2.25690397102627e-05,0.0764658716992537,0,0
1174631,2010,8,44.0301111,-89.1734167,24.28,295825,0.38855863114593,22.3962173461914,851.341576592837,0.00393158955104319,22.1574236489175,0.862686579055655,1,77.952756024,1,2,0.0125338267534971,0.00270616728812456,0.283720254898071,0.00883065070956945,0.0205811131745577,0.397094428539276,0.0457199811935425,0.00249252235516906,1.8,-2.21,9.39270957111683,0.0672570608712596,0.00906146944367048,2.25690397102627e-05,0.0697021473957102,1,0
1174801,2010,1,44.072739,-91.3082042,141.52,295840,0.103070197925391,-9.82646369934082,804.009742891441,8.24201103733405,245.204346479194,0.0337873544480667,1,59.71128618,3,2,0.0148127051070333,0.00192280299961567,0.315766990184784,0.00797607190907001,0.0166642926633358,0.391183584928513,0.0672981068491936,0.00989887490868568,-1.1,0.05,74.5467439918533,0.0085900607236212,0.00138430086538668,8.14294626698044e-05,0.0622216876453161,0,0
1174802,2010,2,44.072739,-91.3082042,141.38,295840,0.0599694252925695,-6.67806100845337,804.009742891441,8.24201103733405,245.204346479194,0.0475521601501127,1,59.71128618,3,2,0.0148127051070333,0.00192280299961567,0.315766990184784,0.00797607190907001,0.0166642926633358,0.391183584928513,0.0672981068491936,0.00989887490868568,-1.5,0.25,74.5467439918533,0.0085900607236212,0.00138430086538668,8.14294626698044e-05,0.0622216876453161,0,0
1174803,2010,3,44.072739,-91.3082042,141.58,295840,0.0643754131564745,4.48519372940063,804.009742891441,8.24201103733405,245.204346479194,0.33521104097631,1,59.71128618,3,2,0.0148127051070333,0.00192280299961567,0.315766990184784,0.00797607190907001,0.0166642926633358,0.391183584928513,0.0672981068491936,0.00989887490868568,-0.7,-0.16,74.5467439918533,0.0085900607236212,0.00138430086538668,8.14294626698044e-05,0.0622216876453161,0,0
1174804,2010,4,44.072739,-91.3082042,140.38,295840,0.189334639388992,11.9181566238403,804.009742891441,8.24201103733405,245.204346479194,0.705150044629463,1,59.71128618,3,2,0.0148127051070333,0.00192280299961567,0.315766990184784,0.00797607190907001,0.0166642926633358,0.391183584928513,0.0672981068491936,0.00989887490868568,1.2,-0.04,74.5467439918533,0.0085900607236212,0.00138430086538668,8.14294626698044e-05,0.0622216876453161,0,0
1174805,2010,5,44.072739,-91.3082042,141.88,295840,0.255253659533711,15.4071550369263,804.009742891441,8.24201103733405,245.204346479194,0.768793412623695,1,59.71128618,3,2,0.0148127051070333,0.00192280299961567,0.315766990184784,0.00797607190907001,0.0166642926633358,0.391183584928513,0.0672981068491936,0.00989887490868568,0.9,-0.18,74.5467439918533,0.0085900607236212,0.00138430086538668,8.14294626698044e-05,0.0622216876453161,0,2.92572770068546e-08
1174806,2010,6,44.072739,-91.3082042,142.14,295840,0.66391081422811,20.1355857849121,804.009742891441,8.24201103733405,245.204346479194,0.815424282081903,1,59.71128618,3,2,0.0148127051070333,0.00192280299961567,0.315766990184784,0.00797607190907001,0.0166642926633358,0.391183584928513,0.0672981068491936,0.00989887490868568,0.4,-0.79,74.5467439918533,0.0085900607236212,0.00138430086538668,8.14294626698044e-05,0.0622216876453161,0,6.25066960405253e-05
1175337,2010,4,44.39216667,-89.0978611,16.35,296182,0.258519706217915,10.2739896774292,913.180416645783,0.338520315176278,111.146739110686,0.696786896570773,8,81.36482952,1,2,0.159022927284241,0.0045577553100884,0.10055547952652,0.00883065070956945,0.0155960693955421,0.275316894054413,0.147201254963875,0.0201538242399693,1.2,-0.04,2.80812891563466,0.0110703570975356,0.0019928157391188,8.83606978665885e-05,0.0519544181473553,0,0
1175338,2010,10,44.39216667,-89.0978611,14.49,296182,0.163794014646536,9.82807159423828,913.180416645783,0.338520315176278,111.146739110686,0.453382527797722,8,81.36482952,1,2,0.159022927284241,0.0045577553100884,0.10055547952652,0.00883065070956945,0.0155960693955421,0.275316894054413,0.147201254963875,0.0201538242399693,1.7,-1.6,2.80812891563466,0.0110703570975356,0.0019928157391188,8.83606978665885e-05,0.0519544181473553,0,0.000115820318816309
1175478,2010,11,44.52406389,-89.2952222,32.51,296467,0.176257073677825,1.30039978027344,1128.6089256,0.184736573995773,154.719678715288,0.195333538702758,8,83.825459445,1,2,0.0111318584531546,0.00531456479802728,0.241740882396698,0.0099109448492527,0.0174518823623657,0.417839705944061,0.0387101396918297,0.0307382941246033,1.3,-1.57,12.082383250532,0.0179532321550448,0.0120528263626304,0.00186369493799884,0.0849144099269311,0,0
1175479,2010,12,44.52406389,-89.2952222,32.29,296467,0.150458581407217,-8.13438510894775,1128.6089256,0.184736573995773,154.719678715288,0.0701288226835642,8,83.825459445,1,2,0.0111318584531546,0.00531456479802728,0.241740882396698,0.0099109448492527,0.0174518823623657,0.417839705944061,0.0387101396918297,0.0307382941246033,2.9,-2.04,12.082383250532,0.0179532321550448,0.0120528263626304,0.00186369493799884,0.0849144099269311,0,0
1177255,2010,1,46.18578546,-90.6251787,12.66,297623,0.108166492055869,-10.9635896682739,1509.28871067915,3.56268173863879,86.8650823258162,0.0383165659197804,6,51.574803228,5,5,0.0160945728421211,0.0037743910215795,0.294117659330368,0.00897308066487312,0.0267768129706383,0.0128186866641045,0.370103985071182,0.0403788648545742,-1.1,0.05,0.653261578903909,0.0142676525227367,0.000107808731219475,0.00467535079946735,0.0638431300772726,0,0
1177256,2010,2,46.18578546,-90.6251787,12.77,297623,0.045222422651009,-9.49228096008301,1509.28871067915,3.56268173863879,86.8650823258162,0.0539932789959932,6,51.574803228,5,5,0.0160945728421211,0.0037743910215795,0.294117659330368,0.00897308066487312,0.0267768129706383,0.0128186866641045,0.370103985071182,0.0403788648545742,-1.5,0.25,0.653261578903909,0.0142676525227367,0.000107808731219475,0.00467535079946735,0.0638431300772726,0,0
1177257,2010,3,46.18578546,-90.6251787,12.74,297623,0.0462125293302727,1.71769273281097,1509.28871067915,3.56268173863879,86.8650823258162,0.360533121611964,6,51.574803228,5,5,0.0160945728421211,0.0037743910215795,0.294117659330368,0.00897308066487312,0.0267768129706383,0.0128186866641045,0.370103985071182,0.0403788648545742,-0.7,-0.16,0.653261578903909,0.0142676525227367,0.000107808731219475,0.00467535079946735,0.0638431300772726,0,0
1177258,2010,4,46.18578546,-90.6251787,12.32,297623,0.156672908490448,7.9262375831604,1509.28871067915,3.56268173863879,86.8650823258162,0.751623770587212,6,51.574803228,5,5,0.0160945728421211,0.0037743910215795,0.294117659330368,0.00897308066487312,0.0267768129706383,0.0128186866641045,0.370103985071182,0.0403788648545742,1.2,-0.04,0.653261578903909,0.0142676525227367,0.000107808731219475,0.00467535079946735,0.0638431300772726,0,0
1177259,2010,5,46.18578546,-90.6251787,12.34,297623,0.228644268753884,12.9134359359741,1509.28871067915,3.56268173863879,86.8650823258162,0.816727586921329,6,51.574803228,5,5,0.0160945728421211,0.0037743910215795,0.294117659330368,0.00897308066487312,0.0267768129706383,0.0128186866641045,0.370103985071182,0.0403788648545742,0.9,-0.18,0.653261578903909,0.0142676525227367,0.000107808731219475,0.00467535079946735,0.0638431300772726,0,0
1177260,2010,6,46.18578546,-90.6251787,12.27,297623,0.719565244952417,16.122350692749,1509.28871067915,3.56268173863879,86.8650823258162,0.700396791656667,6,51.574803228,5,5,0.0160945728421211,0.0037743910215795,0.294117659330368,0.00897308066487312,0.0267768129706383,0.0128186866641045,0.370103985071182,0.0403788648545742,0.4,-0.79,0.653261578903909,0.0142676525227367,0.000107808731219475,0.00467535079946735,0.0638431300772726,0,0
1182963,2010,1,44.07373889,-87.7017056,28.03,297793,0.0678776319038681,-6.80613470077515,679.1338593,0.40271628594673,311.291248625608,0.130685508606275,1,109.678477857,2,2,0.452792882919312,0.00324835814535618,0.0483722910284996,0.00910952594131231,0.0144763784483075,0.242850080132484,0.0290233734995127,0.00713226478546858,-1.1,0.05,3.39035170174345,0.0496653482644677,0.00137414114625996,0.189043597376584,0.0754791993620992,0,0
1182964,2010,2,44.07373889,-87.7017056,28.0825,297793,0.0831261833833672,-4.67894268035889,679.1338593,0.40271628594673,311.291248625608,0.0947767043865967,1,109.678477857,2,2,0.452792882919312,0.00324835814535618,0.0483722910284996,0.00910952594131231,0.0144763784483075,0.242850080132484,0.0290233734995127,0.00713226478546858,-1.5,0.25,3.39035170174345,0.0496653482644677,0.00137414114625996,0.189043597376584,0.0754791993620992,0,0
1182965,2010,3,44.07373889,-87.7017056,27.956,297793,0.0287355901499113,2.26666903495789,679.1338593,0.40271628594673,311.291248625608,0.283056119412916,1,109.678477857,2,2,0.452792882919312,0.00324835814535618,0.0483722910284996,0.00910952594131231,0.0144763784483075,0.242850080132484,0.0290233734995127,0.00713226478546858,-0.7,-0.16,3.39035170174345,0.0496653482644677,0.00137414114625996,0.189043597376584,0.0754791993620992,0,0
1182966,2010,4,44.07373889,-87.7017056,27.5875,297793,0.373918453794921,8.40799999237061,679.1338593,0.40271628594673,311.291248625608,0.475082398183063,1,109.678477857,2,2,0.452792882919312,0.00324835814535618,0.0483722910284996,0.00910952594131231,0.0144763784483075,0.242850080132484,0.0290233734995127,0.00713226478546858,1.2,-0.04,3.39035170174345,0.0496653482644677,0.00137414114625996,0.189043597376584,0.0754791993620992,0,0
1182967,2010,5,44.07373889,-87.7017056,27.4225,297793,0.231674675279865,13.4711923599243,679.1338593,0.40271628594673,311.291248625608,0.573126826318936,1,109.678477857,2,2,0.452792882919312,0.00324835814535618,0.0483722910284996,0.00910952594131231,0.0144763784483075,0.242850080132484,0.0290233734995127,0.00713226478546858,0.9,-0.18,3.39035170174345,0.0496653482644677,0.00137414114625996,0.189043597376584,0.0754791993620992,0,0
1182968,2010,6,44.07373889,-87.7017056,27.7575,297793,0.52108389265313,18.3321781158447,679.1338593,0.40271628594673,311.291248625608,0.627172926607036,1,109.678477857,2,2,0.452792882919312,0.00324835814535618,0.0483722910284996,0.00910952594131231,0.0144763784483075,0.242850080132484,0.0290233734995127,0.00713226478546858,0.4,-0.79,3.39035170174345,0.0496653482644677,0.00137414114625996,0.189043597376584,0.0754791993620992,0,0
1188387,2010,2,39.1715,-80.4120833,42.42,298682,0.326685668160297,-3.2883026599884,1030.41623859078,8.08495288241382,244.614103458996,0.12042678891362,3,40.846456755,4,2,0.0182190518826246,0.0026128098834306,0.477226197719574,0.0126403504982591,0.0284584425389767,0.239319249987602,0,0.00155356258619577,-1.5,0.25,10.287236056608,0.0132138793005313,0.000307382116775744,0.0188366524145495,0.0650096951568623,0,0
1190217,2010,6,41.0353333,-107.6103056,1.12,299541,0.114010500643155,16.4781341552734,6269.6850489,0.474470576767703,122.386524564531,0.906671740691061,4,110.498687832,3,2,0.00840336177498102,0.00156672834418714,0.00868822075426579,0.249181032180786,0.00883065070956945,0.503418326377869,0.0428713858127594,0,0.4,-0.79,0.902142504188526,0.00371718251988896,8.59801338599881e-05,0.00670030900294622,0.00402484548528989,1,9.95253741701717e-06
1191105,2010,1,41.2094108,-106.7133699,10.03,299808,0.277541078403646,-3.96137881278992,7237.5416804931,0.623869446580836,230.797449761563,0.0121986443787613,2,119.586614355,4,6,0.00762658007442951,0.00169479555916041,0.00466068787500262,0.766753733158112,0.0354494750499725,0.036085020750761,0.0199138484895229,0,-1.1,0.05,1.08480482989096,0.0311112518882668,8.59801338599881e-05,0.00670030900294622,0.0068021759902065,0,0
1191106,2010,4,41.2094108,-106.7133699,7.11,299808,0.446296302092079,3.45327639579773,7237.5416804931,0.623869446580836,230.797449761563,0.314509024309639,2,119.586614355,4,6,0.00762658007442951,0.00169479555916041,0.00466068787500262,0.766753733158112,0.0354494750499725,0.036085020750761,0.0199138484895229,0,1.2,-0.04,1.08480482989096,0.0311112518882668,8.59801338599881e-05,0.00670030900294622,0.0068021759902065,0,0
1191107,2010,7,41.2094108,-106.7133699,8.11,299808,0.065011321189155,16.9222297668457,7237.5416804931,0.623869446580836,230.797449761563,0.866709232396179,2,119.586614355,4,6,0.00762658007442951,0.00169479555916041,0.00466068787500262,0.766753733158112,0.0354494750499725,0.036085020750761,0.0199138484895229,0,1.8,-1.99,1.08480482989096,0.0311112518882668,8.59801338599881e-05,0.00670030900294622,0.0068021759902065,0,1.59286261299389e-05
1191108,2010,8,41.2094108,-106.7133699,9.19,299808,0.112062139005611,15.400634765625,7237.5416804931,0.623869446580836,230.797449761563,0.701071372309323,2,119.586614355,4,6,0.00762658007442951,0.00169479555916041,0.00466068787500262,0.766753733158112,0.0354494750499725,0.036085020750761,0.0199138484895229,0,1.8,-2.21,1.08480482989096,0.0311112518882668,8.59801338599881e-05,0.00670030900294622,0.0068021759902065,0,1.16119408486151e-05
1191109,2010,10,41.2094108,-106.7133699,9.94,299808,0.327642496361723,7.77111053466797,7237.5416804931,0.623869446580836,230.797449761563,0.336216979650483,2,119.586614355,4,6,0.00762658007442951,0.00169479555916041,0.00466068787500262,0.766753733158112,0.0354494750499725,0.036085020750761,0.0199138484895229,0,1.7,-1.6,1.08480482989096,0.0311112518882668,8.59801338599881e-05,0.00670030900294622,0.0068021759902065,0,9.66704373150311e-07
1191706,2010,1,41.64718646,-109.25235,39.06,300127,0,-5.75523281097412,6428.45678782531,0.596627479712253,95.9397131274526,0.0226894013556988,2,77.493438438,2,2,0.085516557097435,0.00303650880232453,0.00769719667732716,0.843655109405518,0.000141232958412729,0,0,0,-1.1,0.05,11.6719739821022,0.0340624085698195,0.000589474726012569,0.00172838542018805,0.00572907571352397,0,0
1191708,2010,4,41.64718646,-109.25235,40.02,300127,0.138142240539028,4.41758823394775,6428.45678782531,0.596627479712253,95.9397131274526,0.426841145761244,2,77.493438438,2,2,0.085516557097435,0.00303650880232453,0.00769719667732716,0.843655109405518,0.000141232958412729,0,0,0,1.2,-0.04,11.6719739821022,0.0340624085698195,0.000589474726012569,0.00172838542018805,0.00572907571352397,0,0
1191709,2010,6,41.64718646,-109.25235,39.7,300127,0.146464187864721,15.4516706466675,6428.45678782531,0.596627479712253,95.9397131274526,0.787989900440076,2,77.493438438,2,2,0.085516557097435,0.00303650880232453,0.00769719667732716,0.843655109405518,0.000141232958412729,0,0,0,0.4,-0.79,11.6719739821022,0.0340624085698195,0.000589474726012569,0.00172838542018805,0.00572907571352397,0,0
1191710,2010,7,41.64718646,-109.25235,39.4,300127,0.0431942001759029,20.1110324859619,6428.45678782531,0.596627479712253,95.9397131274526,0.889098401557507,2,77.493438438,2,2,0.085516557097435,0.00303650880232453,0.00769719667732716,0.843655109405518,0.000141232958412729,0,0,0,1.8,-1.99,11.6719739821022,0.0340624085698195,0.000589474726012569,0.00172838542018805,0.00572907571352397,0,0
1191711,2010,9,41.64718646,-109.25235,38.59,300127,0.0119041137363123,15.0021209716797,6428.45678782531,0.596627479712253,95.9397131274526,0.566268681463275,2,77.493438438,2,2,0.085516557097435,0.00303650880232453,0.00769719667732716,0.843655109405518,0.000141232958412729,0,0,0,2.2,-2.45,11.6719739821022,0.0340624085698195,0.000589474726012569,0.00172838542018805,0.00572907571352397,0,0
1191880,2010,5,42.04608107,-104.9846956,103.97,300353,0.31605239976278,10.727502822876,4848.9140757478,1.55717881386487,342.509404105803,0.692155543701073,2,133.234908339,1,2,0.0238570012152195,0.00192280299961567,0.00605326890945435,0.0156672839075327,0.117077335715294,0.677610039710999,0.00156672834418714,0,0.9,-0.18,47.1532376823372,0.072049105399869,0.00405969800545155,0.019805083722751,0.00592290468430147,0,2.02239372377255e-07
1192334,2010,1,42.3938469,-107.2478369,164.29,300623,0.00403543313957706,-4.66305303573608,6201.23712165135,3.77321711763495,106.24236191193,0.0122965391413548,4,97.736220621,3,2,0.000423698889790103,0.000141232958412729,0.000423698889790103,0.832638919353485,0.00812089536339045,0.00204787799157202,0.0949085503816605,0,-1.1,0.05,37.467132460106,0.0783285775413035,8.59801338599881e-05,0.00670030900294622,0.00918177144743502,0,0
1192335,2010,6,42.3938469,-107.2478369,163.86,300623,0.228798533709814,15.5930910110474,6201.23712165135,3.77321711763495,106.24236191193,0.856358386763187,4,97.736220621,3,2,0.000423698889790103,0.000141232958412729,0.000423698889790103,0.832638919353485,0.00812089536339045,0.00204787799157202,0.0949085503816605,0,0.4,-0.79,37.467132460106,0.0783285775413035,8.59801338599881e-05,0.00670030900294622,0.00918177144743502,0,0
1192394,2010,11,42.4361111,-104.2305556,143.15,300637,0.0413023518767092,-0.57811826467514,4759.10406139919,1.82545626393514,114.115933493309,0.0914579678221024,3,88.648294098,1,2,0.000427289545768872,0.000213644772884436,0.000142429853440262,0.00242130761034787,0.926577389240265,0.038883350789547,0,0,1.3,-1.57,38.7101974975576,0.0424127103233256,0.00627316098658042,0.0191958468405881,0.00433813307989389,0,3.70133058002989e-09
1192701,2010,8,42.74502778,-109.7346111,8.75,300777,0.116543507189941,14.826979637146,6970.71809702721,0.496269947346626,95.0169554899065,0.679855547959644,4,82.742782278,1,2,0.0109164034947753,0.00165182421915233,0.00632002297788858,0.581585764884949,0.00732548115774989,0.0570238418877125,0.186584308743477,0.000861821288708597,1.8,-2.21,3.61380067633703,0.0144205402605675,0.000572134415884692,0.00429931470642644,0.00277973469018315,0,0.000211860949992026
1192905,2010,2,43.03468148,-108.4095496,119.64,301117,0.0324632677686831,-5.68908643722534,5052.26043858702,1.25831791730619,95.7300679053018,0.0173088728549558,4,76.870078857,3,2,0.22268907725811,0.00384560599923134,0.0116080334410071,0.18579974770546,0.0177325159311295,0.308004558086395,0.0242842901498079,0.000213644772884436,-1.5,0.25,50.8296365334077,0.0249526469624359,5.86858252820675e-05,0.00785924298261592,0.00238529349343851,0,0
1192906,2010,4,43.03468148,-108.4095496,120.73,301117,0.156328734688073,6.93595552444458,5052.26043858702,1.25831791730619,95.7300679053018,0.423462635593835,4,76.870078857,3,2,0.22268907725811,0.00384560599923134,0.0116080334410071,0.18579974770546,0.0177325159311295,0.308004558086395,0.0242842901498079,0.000213644772884436,1.2,-0.04,50.8296365334077,0.0249526469624359,5.86858252820675e-05,0.00785924298261592,0.00238529349343851,0,0
1192907,2010,6,43.03468148,-108.4095496,120.55,301117,0.133985134138179,17.2918853759766,5052.26043858702,1.25831791730619,95.7300679053018,0.712623647336238,4,76.870078857,3,2,0.22268907725811,0.00384560599923134,0.0116080334410071,0.18579974770546,0.0177325159311295,0.308004558086395,0.0242842901498079,0.000213644772884436,0.4,-0.79,50.8296365334077,0.0249526469624359,5.86858252820675e-05,0.00785924298261592,0.00238529349343851,0,0
1192908,2010,7,43.03468148,-108.4095496,124.03,301117,0.0305289452934234,21.9616603851318,5052.26043858702,1.25831791730619,95.7300679053018,0.866852809191119,4,76.870078857,3,2,0.22268907725811,0.00384560599923134,0.0116080334410071,0.18579974770546,0.0177325159311295,0.308004558086395,0.0242842901498079,0.000213644772884436,1.8,-1.99,50.8296365334077,0.0249526469624359,5.86858252820675e-05,0.00785924298261592,0.00238529349343851,0,0
1192910,2010,9,43.03468148,-108.4095496,130.1,301117,0.00335006850481492,16.4792823791504,5052.26043858702,1.25831791730619,95.7300679053018,0.528132972618938,4,76.870078857,3,2,0.22268907725811,0.00384560599923134,0.0116080334410071,0.18579974770546,0.0177325159311295,0.308004558086395,0.0242842901498079,0.000213644772884436,2.2,-2.45,50.8296365334077,0.0249526469624359,5.86858252820675e-05,0.00785924298261592,0.00238529349343851,0,0
1193444,2010,11,44.18692749,-104.2532754,263.9,301646,0.150193792856786,-1.89676678180695,5423.85019963555,3.94888034537583,235.81752817596,0.208470039484304,3,104.625984411,3,2,0.0026834262534976,0.000635548320133239,0.140173718333244,0.0496433861553669,0.362121313810349,0.177671074867249,7.06164792063646e-05,0,1.3,-1.57,164.104271685114,0.0252730879433364,0.000401134013896151,0.00213218542805626,0.0260431634990623,0,0
1197060,2010,4,37.9818,-122.0235,28.7,302302,0.290192031300211,13.1635599136353,91.7607206778157,1.26140691835551,270.955832814268,0.663915319776068,4,20.767716567,4,2,0.853965103626251,0.000918014266062528,0.00247157691046596,0.00127109664026648,0.043640986084938,0.000847397779580206,0.00854459404945374,0.0429348200559616,1.2,-0.04,20.5679860014676,0.0505465477641667,0.00408036240449597,0.0549377030858559,0.00792587975800658,0,0
1197061,2010,12,37.9818,-122.0235,32.6,302302,0.485113900589095,10.4017200469971,91.7607206778157,1.26140691835551,270.955832814268,0.163132299836382,4,20.767716567,4,2,0.853965103626251,0.000918014266062528,0.00247157691046596,0.00127109664026648,0.043640986084938,0.000847397779580206,0.00854459404945374,0.0429348200559616,2.9,-2.04,20.5679860014676,0.0505465477641667,0.00408036240449597,0.0549377030858559,0.00792587975800658,0,0
1200671,2010,3,38.9588,-122.0545,110,302439,0.153279742776764,12.1166963577271,229.078754923472,0.763524010517956,49.8659646214205,0.439498081024265,4,12.368766423,4,2,0.0209024790674448,0.00621425034478307,0.00692041544243693,0.00487253721803427,0.0746416226029396,0.741826117038727,0,0,-0.7,-0.16,72.2565301606733,0.0284223173858857,0.0162669135234656,0.0876119342156306,0.00799442169987907,0,0.000233444165995143
1200673,2010,10,38.9588,-122.0545,113.9,302439,0.135955547929897,17.84694480896,229.078754923472,0.763524010517956,49.8659646214205,0.526930291683916,4,12.368766423,4,2,0.0209024790674448,0.00621425034478307,0.00692041544243693,0.00487253721803427,0.0746416226029396,0.741826117038727,0,0,1.7,-1.6,72.2565301606733,0.0284223173858857,0.0162669135234656,0.0876119342156306,0.00799442169987907,0,0.0020241374686953
1200795,2010,4,38.9636,-122.0626,147.8,302442,0.280600170251628,13.0243501663208,242.887138452255,1.1707373112445,51.4644519126312,0.585274734785948,4,15.74803152,4,2,0.0124991172924638,0.00487253721803427,0.00699103157967329,0.00593178439885378,0.0674387365579605,0.75856226682663,0,0,1.2,-0.04,84.3898644315811,0.0174564588715141,0.0162669135234656,0.0876119342156306,0.00799302430856973,0,0.000753839204359841
1211368,2010,3,41.511733,-124.035656,12.3,302793,0.803183008648865,9.372389793396,43.3614281092572,12.7204861171919,350.530361456539,0.316048494954549,4,62.500000095,4,2,0.0295883063226938,0.00395452277734876,0.733210921287537,0.0249276179820299,0.0105924727395177,0.00275404285639524,0.03283666446805,0.0193489156663418,-0.7,-0.16,31.1420940512086,0.00374729782475757,0.00183805867774098,0.000103692645653085,0.231728545282284,0,0
1211369,2010,10,41.511733,-124.035656,15.7,302793,0.606007213962982,13.9299163818359,43.3614281092572,12.7204861171919,350.530361456539,0.235359262338579,4,62.500000095,4,2,0.0295883063226938,0.00395452277734876,0.733210921287537,0.0249276179820299,0.0105924727395177,0.00275404285639524,0.03283666446805,0.0193489156663418,1.7,-1.6,31.1420940512086,0.00374729782475757,0.00183805867774098,0.000103692645653085,0.231728545282284,0,0
1214088,2010,2,36.4,-119.81,85.4,303196,0.191613845916202,10.9760704040527,235.070347376413,0.218120373295035,120.817549123679,0.24914506264257,4,93.930446337,1,2,0.0240096040070057,0.00233034393750131,0.00713226478546858,0.0053668525069952,0.0149706937372684,0.809688568115234,0,0,-1.5,0.25,8.03081774618175,0.0670878825166717,0.056015508548019,0.0781929422785558,0.00677148838076741,0,0.000193257954244294
1214323,2010,3,36.4149,-119.8621,143,303236,0.0458691001948511,12.5548944473267,219.8162733,0.156697794440753,344.639856752724,0.470889385068068,4,84.186351834,4,6,0.081067718565464,0.00225972733460367,0.00755596347153187,0.00289527582935989,0.0127815827727318,0.778687953948975,0,0,-0.7,-0.16,2.91944841205376,0.0643095295068712,0.0222156469251871,0.0451087883990185,0.00613909089752163,0,0.00313820810350529
1214421,2010,10,36.4199,-119.9496,121.3,303259,0.0240648622327925,19.4607067108154,203.4120738,0.0920332713902779,224.356241227452,0.568542981949374,4,100.196850546,4,5,0.0100275408476591,0.00120048015378416,0.00353082409128547,0.00331897474825382,0.00635548355057836,0.907633662223816,0,0.000141232958412729,1.7,-1.6,1.21125809817311,0.0247905209960805,0.0222156469251871,0.0451087883990185,0.00598666626457746,1,0.0020533733013162
1240494,2010,2,39.6299,-122.1007,34.0333333333333,305790,0.338113590063561,10.8973340988159,145.13285008406,0.201172826283919,145.318030878595,0.182476181648056,4,39.074803209,4,2,0.0080502787604928,0.00148294609971344,0.00360144046135247,0.00225972733460367,0.00501377042382956,0.917096257209778,0,7.06164792063646e-05,-1.5,0.25,2.66821639836999,0.117983630239374,0.0250529414990604,0.0407102168807537,0.00981719949762026,1,1.25515005630322e-05
1269596,2010,3,33.936001,-118.000246,104.99,308796,0.0683005151259945,16.5372352600098,212.931181953537,1.29867119110553,284.906367951923,0.80648717727496,4,14.304461964,4,2,0.962149560451508,0.000564931833650917,0.00148294609971344,0.0013417131267488,0.00317774177528918,0.00275404285639524,0,7.06164792063646e-05,-0.7,-0.16,48.801745716693,0.0352087041663781,0.0313434201048841,0.0765543324713917,0.00554223930108051,0,0
1269597,2010,6,33.936001,-118.000246,105.1,308796,0,20.7069568634033,212.931181953537,1.29867119110553,284.906367951923,1.14992837755272,4,14.304461964,4,2,0.962149560451508,0.000564931833650917,0.00148294609971344,0.0013417131267488,0.00317774177528918,0.00275404285639524,0,7.06164792063646e-05,0.4,-0.79,48.801745716693,0.0352087041663781,0.0313434201048841,0.0765543324713917,0.00554223930108051,0,0
1269599,2010,10,33.936001,-118.000246,106.43,308796,0.157673290322139,19.7703380584717,212.931181953537,1.29867119110553,284.906367951923,0.610065411070734,4,14.304461964,4,2,0.962149560451508,0.000564931833650917,0.00148294609971344,0.0013417131267488,0.00317774177528918,0.00275404285639524,0,7.06164792063646e-05,1.7,-1.6,48.801745716693,0.0352087041663781,0.0313434201048841,0.0765543324713917,0.00554223930108051,0,0
1269600,2010,12,33.936001,-118.000246,106.15,308796,0.941427537641959,14.4438858032227,212.931181953537,1.29867119110553,284.906367951923,0.289397177547887,4,14.304461964,4,2,0.962149560451508,0.000564931833650917,0.00148294609971344,0.0013417131267488,0.00317774177528918,0.00275404285639524,0,7.06164792063646e-05,2.9,-2.04,48.801745716693,0.0352087041663781,0.0313434201048841,0.0765543324713917,0.00554223930108051,0,0
1313631,2010,1,33.832,-118.0539,25.5,312590,0.543363827307289,14.5199069976807,36.0892389,0.215935048092805,266.783210462487,0.309699652233939,4,22.670603709,1,2,0.980752646923065,0.000430910644354299,0.000430910644354299,0.000574547564610839,0.00129273196216673,0.0014363689115271,0,0,-1.1,0.05,5.00325925841603,0.0269986332245025,0.0593859286056202,0.0789216294988579,0.00408386846274758,0,0
1386692,2010,10,37.04439,-122.05078,418,316444,0.307190087051946,15.9056119918823,737.635035733903,6.9051944692538,264.80071361515,0.695704313519664,2,36.122047299,1,1,0.373208105564117,0.0269048791378736,0.412470877170563,0.0112280203029513,0.00494315382093191,7.06164792063646e-05,0.000353082403307781,0.000353082403307781,1.7,-1.6,3.73992942392313,0.022315084332705,0.0176698200673274,0.00372997296440391,0.0753298047868411,0,0
1387880,2010,2,37.06926,-122.04924,198,316466,0.73184341381707,11.0253925323486,493.727616327486,7.76198254376009,235.874348484581,0.305356278971244,2,34.153543359,1,1,0.131417274475098,0.0124991172924638,0.623755395412445,0.00882706046104431,0.0119341854006052,0.000141232958412729,0.00105924718081951,0,-1.5,0.25,4.21412700445079,0.0254097768898696,0.0176698200673274,0.00372997296440391,0.0481023765972753,0,0
1387881,2010,3,37.06926,-122.04924,194,316466,0.389585871049617,11.388201713562,493.727616327486,7.76198254376009,235.874348484581,0.56351744369496,2,34.153543359,1,1,0.131417274475098,0.0124991172924638,0.623755395412445,0.00882706046104431,0.0119341854006052,0.000141232958412729,0.00105924718081951,0,-0.7,-0.16,4.21412700445079,0.0254097768898696,0.0176698200673274,0.00372997296440391,0.0481023765972753,0,0
1387883,2010,5,37.06926,-122.04924,188,316466,0.0865318019309921,13.5851879119873,493.727616327486,7.76198254376009,235.874348484581,0.97144530035983,2,34.153543359,1,1,0.131417274475098,0.0124991172924638,0.623755395412445,0.00882706046104431,0.0119341854006052,0.000141232958412729,0.00105924718081951,0,0.9,-0.18,4.21412700445079,0.0254097768898696,0.0176698200673274,0.00372997296440391,0.0481023765972753,0,0
1430619,2010,3,40.3779,-122.43754,27,318210,0.192388587403055,11.1869745254517,508.016030721571,1.29413787670734,203.916730199792,0.544528661639461,2,33.497375379,4,2,0.0107337050139904,0.00218911096453667,0.0171598047018051,0.472706735134125,0.198573544621468,0.0080502787604928,0.0365087203681469,0.000353082403307781,-0.7,-0.16,1.52890578027392,0.0134347579017529,0.0028599536594502,0.00607660699089877,0.00807725023642803,0,0
1430620,2010,8,40.3779,-122.43754,37,318210,0.00500833699532086,25.714448928833,508.016030721571,1.29413787670734,203.916730199792,1.46684131194473,2,33.497375379,4,2,0.0107337050139904,0.00218911096453667,0.0171598047018051,0.472706735134125,0.198573544621468,0.0080502787604928,0.0365087203681469,0.000353082403307781,1.8,-2.21,1.52890578027392,0.0134347579017529,0.0028599536594502,0.00607660699089877,0.00807725023642803,0,2.97119690485588e-05
