id,year,month,lat,long,gwd,num,prep_ft,tmean,DEM_ft,slope,aspect,PET_ft,rocktype,DTB_ft,drainclass,hydrogrp,developed,barren,forest,shrubland,herbaceous,Pasture_Hay_crop,wetland,water_snow_ice,NESO,PDO,longterm_aveg_dtw_ft,distance_ft,gw_use_ft_m,sw_use_ft_m,recharge_ft_m,MlrAD_irri_ornot,irri_gw_use_ft_m
140,2022,2,33.60131944,-85.3463583,45.8,401,0.560246866431976,8.06234073638916,1275.61254765025,3.26218073974261,245.339965345966,0.401050413045454,6,42.290026311,3,2,0.0202962532639503,0.00291981198824942,0.396097421646118,0.0400227904319763,0.0562597922980785,0.228671133518219,0.00121065380517393,0.00491382973268628,1.1,-1.91,65.9670730652361,0.0139364552787622,0.000279494965249827,0.000205133919449414,0.071769056177338,0,0
141,2022,3,33.60131944,-85.3463583,45.31,401,0.740393592177676,11.8464593887329,1275.61254765025,3.26218073974261,245.339965345966,0.602829200679721,6,42.290026311,3,2,0.0202962532639503,0.00291981198824942,0.396097421646118,0.0400227904319763,0.0562597922980785,0.228671133518219,0.00121065380517393,0.00491382973268628,1.8,-1.67,65.9670730652361,0.0139364552787622,0.000279494965249827,0.000205133919449414,0.071769056177338,0,0
539,2022,1,30.407872,-87.684638,23.2170967741935,505,0.18133919410535,10.6185512542725,82.0209975,0.00576371922861941,26.1113064198058,0.332686532393589,2,56.889763866,3,2,0.317138612270355,0.00557870185002685,0.115034252405167,0.0113692535087466,0.0399689301848412,0.212485000491142,0.0628486722707748,0.000776781293097883,0.5,-2.4,3.7740108435968,0.0299737220078304,0.0064636166949401,0.000997112850732106,0.144790957181056,0,0
540,2022,2,30.407872,-87.684638,23.7503571428571,505,0.289095430988786,13.9188566207886,82.0209975,0.00576371922861941,26.1113064198058,0.421320447786205,2,56.889763866,3,2,0.317138612270355,0.00557870185002685,0.115034252405167,0.0113692535087466,0.0399689301848412,0.212485000491142,0.0628486722707748,0.000776781293097883,1.1,-1.91,3.7740108435968,0.0299737220078304,0.0064636166949401,0.000997112850732106,0.144790957181056,0,0
541,2022,3,30.407872,-87.684638,24.2338709677419,505,0.496023784600433,17.9026317596436,82.0209975,0.00576371922861941,26.1113064198058,0.538391254272208,2,56.889763866,3,2,0.317138612270355,0.00557870185002685,0.115034252405167,0.0113692535087466,0.0399689301848412,0.212485000491142,0.0628486722707748,0.000776781293097883,1.8,-1.67,3.7740108435968,0.0299737220078304,0.0064636166949401,0.000997112850732106,0.144790957181056,0,2.69124559451526e-06
542,2022,4,30.407872,-87.684638,24.6596666666667,505,0.292104260946211,20.8130054473877,82.0209975,0.00576371922861941,26.1113064198058,0.691278113267001,2,56.889763866,3,2,0.317138612270355,0.00557870185002685,0.115034252405167,0.0113692535087466,0.0399689301848412,0.212485000491142,0.0628486722707748,0.000776781293097883,1.7,-2.1,3.7740108435968,0.0299737220078304,0.0064636166949401,0.000997112850732106,0.144790957181056,0,7.87653329455947e-05
543,2022,5,30.407872,-87.684638,25.0145161290323,505,0.795933581983841,25.3855075836182,82.0209975,0.00576371922861941,26.1113064198058,0.7489190901478,2,56.889763866,3,2,0.317138612270355,0.00557870185002685,0.115034252405167,0.0113692535087466,0.0399689301848412,0.212485000491142,0.0628486722707748,0.000776781293097883,1.4,-2.25,3.7740108435968,0.0299737220078304,0.0064636166949401,0.000997112850732106,0.144790957181056,0,0.000128966205792262
544,2022,6,30.407872,-87.684638,25.2823333333333,505,0.705793186569699,28.8610649108887,82.0209975,0.00576371922861941,26.1113064198058,0.807177327098895,2,56.889763866,3,2,0.317138612270355,0.00557870185002685,0.115034252405167,0.0113692535087466,0.0399689301848412,0.212485000491142,0.0628486722707748,0.000776781293097883,1.7,-1.34,3.7740108435968,0.0299737220078304,0.0064636166949401,0.000997112850732106,0.144790957181056,0,2.14540776395175e-05
577,2022,4,31.058611,-85.102222,31.58,507,0.403169672620141,19.2252960205078,163.429569355445,0.190201349169092,118.043162793807,0.871328220039816,3,61.811023716,1,1,0.0135583644732833,0.00204787799157202,0.151754826307297,0.0141232963651419,0.138478919863701,0.459007143974304,0.0309300199151039,0,1.7,-2.1,3.20644634150988,0.020845055981422,0.00632864465406733,0.0251365159296367,0.0627691350423793,0,0
578,2022,10,31.058611,-85.102222,33.3,507,0.207819876398499,18.4090633392334,163.429569355445,0.190201349169092,118.043162793807,0.738520585829736,3,61.811023716,1,1,0.0135583644732833,0.00204787799157202,0.151754826307297,0.0141232963651419,0.138478919863701,0.459007143974304,0.0309300199151039,0,1.7,-1.8,3.20644634150988,0.020845055981422,0.00632864465406733,0.0251365159296367,0.0627691350423793,0,0
707,2022,4,33.71806,-87.34689,19.3,515,0.504353141049435,16.4019050598145,400.302943471648,0.772691355836715,286.889499630717,0.732173269989267,3,33.79265097,2,2,0.01970199868083,0.00416637258604169,0.638019919395447,0.0244333036243916,0.0305769369006157,0.0326954312622547,0.036296870559454,0.00120048015378416,1.7,-2.1,15.4368333225151,0.00368274084208071,0.000209029318859604,0.12666819407817,0.0698296074088414,0,0
719,2022,4,32.895792,-85.908277,28.25,516,0.455936472627104,16.0912551879883,701.150296941279,4.67286978699863,122.655852812485,0.762617207482356,6,43.832021064,3,2,0.0346726924180984,0.0080502787604928,0.455829381942749,0.00635548355057836,0.00868582725524902,0.00423698872327805,0,0.320810675621033,1.7,-2.1,65.1598040252054,0.0241286788262425,9.01133869892819e-05,0.00240490101527646,0.0688504149855177,0,0
720,2022,10,32.895792,-85.908277,28.25,516,0.289645908826012,15.5269908905029,701.150296941279,4.67286978699863,122.655852812485,0.702309546949928,6,43.832021064,3,2,0.0346726924180984,0.0080502787604928,0.455829381942749,0.00635548355057836,0.00868582725524902,0.00423698872327805,0,0.320810675621033,1.7,-1.8,65.1598040252054,0.0241286788262425,9.01133869892819e-05,0.00240490101527646,0.0688504149855177,0,0
1372,2022,1,34.690728,-86.583715,28.7170967741935,551,0.508035575457458,3.3019802570343,611.654623476145,1.43851391510689,297.59501018712,0.251886638513596,1,37.959317643,3,2,0.912082493305206,0.00162417907267809,0.0322717316448689,0.000564931833650917,0.00148294609971344,0.00656733289361,0.00112986366730183,0.00437822192907333,0.5,-2.4,2.64989950771821,0.0103811297326428,0.00621638040368543,0.00763595246625824,0.100750316384832,0,0
1373,2022,2,34.690728,-86.583715,30.8428571428571,551,0.682638825180107,6.62768125534058,611.654623476145,1.43851391510689,297.59501018712,0.325552673033698,1,37.959317643,3,2,0.912082493305206,0.00162417907267809,0.0322717316448689,0.000564931833650917,0.00148294609971344,0.00656733289361,0.00112986366730183,0.00437822192907333,1.1,-1.91,2.64989950771821,0.0103811297326428,0.00621638040368543,0.00763595246625824,0.100750316384832,0,0
1374,2022,3,34.690728,-86.583715,27.6267741935484,551,0.628213257630624,11.697829246521,611.654623476145,1.43851391510689,297.59501018712,0.533802353676604,1,37.959317643,3,2,0.912082493305206,0.00162417907267809,0.0322717316448689,0.000564931833650917,0.00148294609971344,0.00656733289361,0.00112986366730183,0.00437822192907333,1.8,-1.67,2.64989950771821,0.0103811297326428,0.00621638040368543,0.00763595246625824,0.100750316384832,0,0
1375,2022,4,34.690728,-86.583715,29.543,551,0.391460729678384,14.837498664856,611.654623476145,1.43851391510689,297.59501018712,0.672069860964285,1,37.959317643,3,2,0.912082493305206,0.00162417907267809,0.0322717316448689,0.000564931833650917,0.00148294609971344,0.00656733289361,0.00112986366730183,0.00437822192907333,1.7,-2.1,2.64989950771821,0.0103811297326428,0.00621638040368543,0.00763595246625824,0.100750316384832,0,0
1376,2022,5,34.690728,-86.583715,32.511935483871,551,0.408083948870805,21.5121288299561,611.654623476145,1.43851391510689,297.59501018712,0.849361571153696,1,37.959317643,3,2,0.912082493305206,0.00162417907267809,0.0322717316448689,0.000564931833650917,0.00148294609971344,0.00656733289361,0.00112986366730183,0.00437822192907333,1.4,-2.25,2.64989950771821,0.0103811297326428,0.00621638040368543,0.00763595246625824,0.100750316384832,0,0
1377,2022,6,34.690728,-86.583715,32.2566666666667,551,0.236532456965295,25.0913257598877,611.654623476145,1.43851391510689,297.59501018712,0.933911082167935,1,37.959317643,3,2,0.912082493305206,0.00162417907267809,0.0322717316448689,0.000564931833650917,0.00148294609971344,0.00656733289361,0.00112986366730183,0.00437822192907333,1.7,-1.34,2.64989950771821,0.0103811297326428,0.00621638040368543,0.00763595246625824,0.100750316384832,0,0
1494,2022,1,32.020654,-86.030427,33.861935483871,552,0.432562490805363,8.21095561981201,464.392045695633,1.96168889103925,46.6601586607872,0.361912720396818,2,29.101049913,2,4,0.0184446666389704,0.00235009263269603,0.550491392612457,0.0947870686650276,0.0729240849614143,0.0269904565066099,0.0413046590983868,0.00249252235516906,0.5,-2.4,17.0258071111918,0.00251220994847735,0.0037514012268728,0.00323347047263533,0.0639151710992058,0,0
1495,2022,2,32.020654,-86.030427,33.4407142857143,552,0.410351616189077,12.0190286636353,464.392045695633,1.96168889103925,46.6601586607872,0.479301943969368,2,29.101049913,2,4,0.0184446666389704,0.00235009263269603,0.550491392612457,0.0947870686650276,0.0729240849614143,0.0269904565066099,0.0413046590983868,0.00249252235516906,1.1,-1.91,17.0258071111918,0.00251220994847735,0.0037514012268728,0.00323347047263533,0.0639151710992058,0,0
1496,2022,3,32.020654,-86.030427,33.5358064516129,552,0.577216662385684,15.6539258956909,464.392045695633,1.96168889103925,46.6601586607872,0.697324158133987,2,29.101049913,2,4,0.0184446666389704,0.00235009263269603,0.550491392612457,0.0947870686650276,0.0729240849614143,0.0269904565066099,0.0413046590983868,0.00249252235516906,1.8,-1.67,17.0258071111918,0.00251220994847735,0.0037514012268728,0.00323347047263533,0.0639151710992058,0,0
1498,2022,5,32.020654,-86.030427,34.2664516129032,552,0.358477665602531,23.3529796600342,464.392045695633,1.96168889103925,46.6601586607872,0.975087785575955,2,29.101049913,2,4,0.0184446666389704,0.00235009263269603,0.550491392612457,0.0947870686650276,0.0729240849614143,0.0269904565066099,0.0413046590983868,0.00249252235516906,1.4,-2.25,17.0258071111918,0.00251220994847735,0.0037514012268728,0.00323347047263533,0.0639151710992058,0,0
1499,2022,6,32.020654,-86.030427,34.7636666666667,552,0.186549209517838,27.1908149719238,464.392045695633,1.96168889103925,46.6601586607872,1.01572622618788,2,29.101049913,2,4,0.0184446666389704,0.00235009263269603,0.550491392612457,0.0947870686650276,0.0729240849614143,0.0269904565066099,0.0413046590983868,0.00249252235516906,1.7,-1.34,17.0258071111918,0.00251220994847735,0.0037514012268728,0.00323347047263533,0.0639151710992058,0,0
1733,2022,1,31.025555,-85.044444,23.5806451612903,555,0.500765773703334,9.37587356567383,135.866753115881,2.35713477493423,127.641051195117,0.362956730951239,3,49.179790101,1,1,0.00910952594131231,0.000918014266062528,0.233952403068542,0.0468893423676491,0.0660264119505882,0.299837589263916,0.0698397010564804,0,0.5,-2.4,5.82735174857079,0.0166134394385398,0.00632864465406733,0.0251365159296367,0.0724035451642672,0,0
1734,2022,2,31.025555,-85.044444,23.54,555,0.146410196381686,13.1386051177979,135.866753115881,2.35713477493423,127.641051195117,0.489956613719687,3,49.179790101,1,1,0.00910952594131231,0.000918014266062528,0.233952403068542,0.0468893423676491,0.0660264119505882,0.299837589263916,0.0698397010564804,0,1.1,-1.91,5.82735174857079,0.0166134394385398,0.00632864465406733,0.0251365159296367,0.0724035451642672,0,0
1735,2022,3,31.025555,-85.044444,23.54,555,0.695810894759702,16.7724800109863,135.866753115881,2.35713477493423,127.641051195117,0.703095915253596,3,49.179790101,1,1,0.00910952594131231,0.000918014266062528,0.233952403068542,0.0468893423676491,0.0660264119505882,0.299837589263916,0.0698397010564804,0,1.8,-1.67,5.82735174857079,0.0166134394385398,0.00632864465406733,0.0251365159296367,0.0724035451642672,0,6.24482679556169e-07
1737,2022,5,31.025555,-85.044444,21.9729032258065,555,0.49551721082498,24.2127685546875,135.866753115881,2.35713477493423,127.641051195117,0.960395694300137,3,49.179790101,1,1,0.00910952594131231,0.000918014266062528,0.233952403068542,0.0468893423676491,0.0660264119505882,0.299837589263916,0.0698397010564804,0,1.4,-2.25,5.82735174857079,0.0166134394385398,0.00632864465406733,0.0251365159296367,0.0724035451642672,0,9.59971966258706e-07
2065,2022,5,34.18083,-85.8515,17.57,578,0.400345219697502,21.5643749237061,889.91662959194,1.89072755405133,83.3983257728951,0.860945735447827,2,47.342519757,4,2,0.0196553189307451,0.00249252235516906,0.794046461582184,0.00747756706550717,0.00690784770995378,0.0578977353870869,0.000284859706880525,0.0083321463316679,1.4,-2.25,22.2939096749624,0.0272490166344303,0.0012769424300866,0.0335466148881477,0.0686958952841163,0,0
2464,2022,5,33.98017,-85.51979,21.35,606,0.362793705207612,21.9244632720947,724.189313519857,1.55984543237663,95.4378504891454,0.86243406812341,1,49.803149682,3,2,0.0222902726382017,0.00427289539948106,0.495513468980789,0.0540521293878555,0.0717134326696396,0.112021081149578,0.00313345668837428,0.00249252235516906,1.4,-2.25,10.6906413881595,0.00443944404779126,0.000860759476055461,0.00091830328503967,0.0829968712763985,0,0
2578,2022,10,34.815833,-85.798611,38.73,613,0.17970154006118,14.3177423477173,672.33180356521,10.9427495804798,299.392702573307,0.655904505567723,1,48.490813722,4,2,0.0140526797622442,0.00275404285639524,0.223077461123466,0.00967445783317089,0.0243626870214939,0.271026045084,0.0946967005729675,0.10804321616888,1.7,-1.8,55.3397870341753,0.0159906640066877,0.000252779907906098,0.04774859260402,0.0429970502258837,0,0
2864,2022,4,33.01598056,-91.29495,39.43,618,0.514001021077634,18.2067527770996,125.246942101155,0.415805477100699,163.049658839037,0.60355699685993,4,104.068241628,6,6,0.0099109448492527,0.00186727952677757,0.00897730514407158,0.00790002848953009,0.0124964090064168,0.722349882125854,0.066360242664814,0.00179546105209738,1.7,-2.1,19.5831514390858,0.0234755897328614,0.0453087183012546,0.0168289525118946,0.0350535121064881,1,1.12929652018379e-05
2865,2022,10,33.01598056,-91.29495,40.67,618,0.139846952155312,18.0334033966064,125.246942101155,0.415805477100699,163.049658839037,0.635636548385197,4,104.068241628,6,6,0.0099109448492527,0.00186727952677757,0.00897730514407158,0.00790002848953009,0.0124964090064168,0.722349882125854,0.066360242664814,0.00179546105209738,1.7,-1.8,19.5831514390858,0.0234755897328614,0.0453087183012546,0.0168289525118946,0.0350535121064881,1,9.91606015234982e-09
3251,2022,1,33.09944444,-93.1988889,253,658,0.133328425492424,6.06980419158936,324.347191437501,0.741634487630908,63.2880196814734,0.404832044601027,2,64.96063002,4,4,0.0307887867093086,0.00395452277734876,0.730033218860626,0.0516206473112106,0.0235152877867222,0.0100981565192342,0.00282465922646224,0.00183602853212506,0.5,-2.4,21.263723956412,0.00498575613694187,0.000570289995106827,0.000288896905415958,0.0619928739849726,0,0
3252,2022,2,33.09944444,-93.1988889,252.87,658,0.364513472863323,7.29379177093506,324.347191437501,0.741634487630908,63.2880196814734,0.446827406073084,2,64.96063002,4,4,0.0307887867093086,0.00395452277734876,0.730033218860626,0.0516206473112106,0.0235152877867222,0.0100981565192342,0.00282465922646224,0.00183602853212506,1.1,-1.91,21.263723956412,0.00498575613694187,0.000570289995106827,0.000288896905415958,0.0619928739849726,0,0
3253,2022,3,33.09944444,-93.1988889,252.78,658,0.69873604667921,12.5665845870972,324.347191437501,0.741634487630908,63.2880196814734,0.647933790736208,2,64.96063002,4,4,0.0307887867093086,0.00395452277734876,0.730033218860626,0.0516206473112106,0.0235152877867222,0.0100981565192342,0.00282465922646224,0.00183602853212506,1.8,-1.67,21.263723956412,0.00498575613694187,0.000570289995106827,0.000288896905415958,0.0619928739849726,0,0
3254,2022,4,33.09944444,-93.1988889,252.64,658,0.303502971880211,17.6604919433594,324.347191437501,0.741634487630908,63.2880196814734,0.88030217021673,2,64.96063002,4,4,0.0307887867093086,0.00395452277734876,0.730033218860626,0.0516206473112106,0.0235152877867222,0.0100981565192342,0.00282465922646224,0.00183602853212506,1.7,-2.1,21.263723956412,0.00498575613694187,0.000570289995106827,0.000288896905415958,0.0619928739849726,0,0
3255,2022,5,33.09944444,-93.1988889,252.59,658,0.458857919984958,23.4801731109619,324.347191437501,0.741634487630908,63.2880196814734,1.01275316527508,2,64.96063002,4,4,0.0307887867093086,0.00395452277734876,0.730033218860626,0.0516206473112106,0.0235152877867222,0.0100981565192342,0.00282465922646224,0.00183602853212506,1.4,-2.25,21.263723956412,0.00498575613694187,0.000570289995106827,0.000288896905415958,0.0619928739849726,0,0
3256,2022,6,33.09944444,-93.1988889,252.47,658,0.188632800171188,26.8100090026855,324.347191437501,0.741634487630908,63.2880196814734,1.15467612374468,2,64.96063002,4,4,0.0307887867093086,0.00395452277734876,0.730033218860626,0.0516206473112106,0.0235152877867222,0.0100981565192342,0.00282465922646224,0.00183602853212506,1.7,-1.34,21.263723956412,0.00498575613694187,0.000570289995106827,0.000288896905415958,0.0619928739849726,0,0
3573,2022,6,33.27777778,-91.6661111,81.39,743,0.460887569216917,27.0439777374268,180.4461945,0.353252945297135,234.130140484576,1.1732005339906,4,75.754593291,6,5,0.00981569103896618,0.00148294609971344,0.2859967648983,0.110373564064503,0.058117363601923,0.271732211112976,0.0622837357223034,0.000564931833650917,1.7,-1.34,0.200168513496066,0.0140503157214877,0.0239303550996243,0.00846679336975327,0.0687240875519315,1,0.00145685754774217
6171,2022,10,34.00551389,-91.5086639,34.38,1071,0.22502668920564,17.737434387207,163.644449826977,0.199092113005374,289.195729411962,0.645077023022379,4,118.503937188,2,6,0.00409575598314404,0.00112986366730183,0.00197726138867438,0.00233034393750131,0.00430760532617569,0.89139187335968,0.0209024790674448,0.000494315347168595,1.7,-1.8,1.86714131346231,0.0157954645212532,0.0594232764001366,0.00788741993006572,0.0418336832575997,1,0
6309,2022,4,34.04437778,-91.3732194,22.72,1091,0.485814012680182,16.8092975616455,173.8845147,0.0871455825299917,97.6620698943606,0.53192929726702,4,117.421260021,6,5,0.00684979883953929,0.00155356258619577,0.00459007127210498,0.00282465922646224,0.00713226478546858,0.656238973140717,0.177247375249863,0.0199138484895229,1.7,-2.1,8.55972527255638,0.0248251693489219,0.125186691931041,0.107205343316266,0.0516966992644469,1,0
6710,2022,6,34.12777778,-91.3541667,49.02,1129,0.431956644789894,26.7272109985352,177.1653546,0.00853636071070172,275.34713692979,0.845805392211795,4,132.611548758,2,6,0.0746332406997681,0.0019940179772675,0.00541233457624912,0.0037743910215795,0.00818971637636423,0.780444383621216,0.0207947585731745,0.000213644772884436,1.7,-1.34,11.9106186211772,0.0872956050929912,0.125186691931041,0.107205343316266,0.0430705253053705,1,9.76837045992042e-07
7179,2022,5,34.2733333,-91.3461111,111.44,1195,0.492798262817033,23.2242622375488,193.5695541,0.105904208010784,268.769557740088,0.721938267000449,4,120.374015931,2,6,0.27553054690361,0.00413046590983868,0.0403788648545742,0.00904429610818624,0.0150263495743275,0.296111673116684,0.123415470123291,0.00712149264290929,1.4,-2.25,17.2449676019865,0.0273545633153322,0.125186691931041,0.107205343316266,0.0175111830844978,0,0
7763,2022,4,34.4213361,-92.0064778,25.67,1268,0.514032860283206,16.5141086578369,212.737398895722,0.0711874307471375,128.839902238134,0.517683655732233,4,121.948819083,2,5,0.00303650880232453,0.000564931833650917,0.00303650880232453,0.00233034393750131,0.00656733289361,0.764352798461914,0.0992161557078362,0,1.7,-2.1,1.47027626192245,0.0221963662287188,0.0486734685531975,0.0125570450587651,0.0357803389185667,1,0
8672,2022,10,34.5039833,-92.0211139,38.5,1338,0.192494330110556,17.4330654144287,223.0971132,0.154639768525233,96.5664629999932,0.585457459786482,4,93.996063135,3,2,0.00381329003721476,0.00120048015378416,0.00395452277734876,0.00324835814535618,0.00586116779595613,0.756585001945496,0.0853753238916397,0.0136289810761809,1.7,-1.8,1.90615224064182,0.0129166016560178,0.113511128608352,0.0569283566299962,0.0738970672180255,0,3.1232947687816e-06
8753,2022,1,34.51211667,-92.9796278,18.38,1360,0.278723884866007,4.01378440856934,578.47822184616,5.96435126438947,76.116527291666,0.322061699383083,3,52.329396405,4,2,0.210931435227394,0.0110867880284786,0.430266231298447,0.00988630764186382,0.0215380266308784,0.0374973528087139,0,0,0.5,-2.4,28.5644074871678,0.027402743523181,1.95842418289682e-05,0.00362308473835911,0.0676580776102344,0,0
8754,2022,2,34.51211667,-92.9796278,19.66,1360,0.412359738914124,5.43506288528442,578.47822184616,5.96435126438947,76.116527291666,0.378267609177496,3,52.329396405,4,2,0.210931435227394,0.0110867880284786,0.430266231298447,0.00988630764186382,0.0215380266308784,0.0374973528087139,0,0,1.1,-1.91,28.5644074871678,0.027402743523181,1.95842418289682e-05,0.00362308473835911,0.0676580776102344,0,0
8756,2022,5,34.51211667,-92.9796278,18.07,1360,0.600654522865146,21.5828056335449,578.47822184616,5.96435126438947,76.116527291666,0.796334525690492,3,52.329396405,4,2,0.210931435227394,0.0110867880284786,0.430266231298447,0.00988630764186382,0.0215380266308784,0.0374973528087139,0,0,1.4,-2.25,28.5644074871678,0.027402743523181,1.95842418289682e-05,0.00362308473835911,0.0676580776102344,0,0
8757,2022,7,34.51211667,-92.9796278,20.49,1360,0.189319308010523,29.08957862854,578.47822184616,5.96435126438947,76.116527291666,1.06894585879548,3,52.329396405,4,2,0.210931435227394,0.0110867880284786,0.430266231298447,0.00988630764186382,0.0215380266308784,0.0374973528087139,0,0,0.8,-2.62,28.5644074871678,0.027402743523181,1.95842418289682e-05,0.00362308473835911,0.0676580776102344,0,0
10361,2022,1,34.64055556,-91.6036111,111.64,1542,0.439668340675447,4.34718465805054,223.0971132,0.0644447199866829,100.842183616274,0.191275266502541,4,122.178477876,6,6,0.0121373170986772,0.0014363689115271,0.00509910937398672,0.00330364843830466,0.00596093060448766,0.853993117809296,0.00344728515483439,0.0356937646865845,0.5,-2.4,14.520601985505,0.0180218089444863,0.0767876857136405,0.0437375298676736,0.0579857994060715,1,0
10362,2022,7,34.64055556,-91.6036111,111.14,1542,0.192117929124867,29.2021903991699,223.0971132,0.0644447199866829,100.842183616274,0.909236899328696,4,122.178477876,6,6,0.0121373170986772,0.0014363689115271,0.00509910937398672,0.00330364843830466,0.00596093060448766,0.853993117809296,0.00344728515483439,0.0356937646865845,0.8,-2.62,14.520601985505,0.0180218089444863,0.0767876857136405,0.0437375298676736,0.0579857994060715,1,0.0029869098321294
19188,2022,10,35.80417778,-89.9854417,4.24,2666,0.214958141183061,15.8734693527222,229.658793,0.0745107653488546,200.595516098676,0.577698856140518,4,135.564304668,2,5,0.0157384984195232,0.00135308364406228,0.00370317627675831,0.00235009263269603,0.00448654033243656,0.852300226688385,0.0533399805426598,0,1.7,-1.8,0.557280011989711,0.0724090004844055,0.00629104534318322,0.00108743665509167,0.0409983732508123,1,0.000948709836101526
19373,2022,4,35.8093083,-89.9992167,5.27,2674,0.560183137959187,15.2417936325073,229.658793,0.030310618219468,303.725388611243,0.469238151802968,4,141.73228368,2,5,0.0157384984195232,0.00135308364406228,0.00370317627675831,0.00235009263269603,0.00448654033243656,0.852300226688385,0.0533399805426598,0,1.7,-2.1,0.879340989781129,0.0999923639498887,0.00629104534318322,0.00108743665509167,0.0410587584810952,1,0
20487,2022,4,36.00125,-90.4279694,13.81,2860,0.628218213733379,14.851095199585,242.7821526,0.0811985757550797,119.057204442818,0.484552208943617,4,128.772966075,6,5,0.00416637258604169,0.00127109664026648,0.00381329003721476,0.00211849436163902,0.00557870185002685,0.905938863754272,0.00875644385814667,0.000706164806615561,1.7,-2.1,0.222004862385003,0.0149344473336912,0.0911798588523757,0.00252015240408358,0.0886856716668606,1,2.16496522103485e-09
20488,2022,10,36.00125,-90.4279694,21.33,2860,0.192579585090257,15.7777290344238,242.7821526,0.0811985757550797,119.057204442818,0.58539117816985,4,128.772966075,6,5,0.00416637258604169,0.00127109664026648,0.00381329003721476,0.00211849436163902,0.00557870185002685,0.905938863754272,0.00875644385814667,0.000706164806615561,1.7,-1.8,0.222004862385003,0.0149344473336912,0.0911798588523757,0.00252015240408358,0.0886856716668606,1,0.000869417216452665
20793,2022,7,36.07527778,-90.6547222,87.61,2934,0.465079330790813,28.2544498443604,312.212167838636,1.10202165893201,182.339044742506,0.920039701483557,4,69.750656274,4,4,0.0127109671011567,0.00409575598314404,0.0329778976738453,0.00494315382093191,0.00882706046104431,0.810818433761597,0.00910952594131231,0.000847397779580206,0.8,-2.62,6.76050665899293,0.0137348820017497,0.0911798588523757,0.00252015240408358,0.105120003823439,0,0.0077840223601088
22931,2022,1,33.1068888888889,-91.9245722222222,84.0890322580645,3514,0.19562787613855,6.20476865768433,164.041995,0.00497513673282724,28.5112740273229,0.361722110687357,4,52.690288794,6,5,0.0267055965960026,0.0045577553100884,0.51823103427887,0.0539809130132198,0.108317904174328,0.0274177473038435,0.0256373733282089,0,0.5,-2.4,12.964291072887,0.0116649541907622,0.0239303550996243,0.00846679336975327,0.0448080693627894,0,0
22932,2022,2,33.1068888888889,-91.9245722222222,84.1375,3514,0.373182397443455,7.4796462059021,164.041995,0.00497513673282724,28.5112740273229,0.428996700027818,4,52.690288794,6,5,0.0267055965960026,0.0045577553100884,0.51823103427887,0.0539809130132198,0.108317904174328,0.0274177473038435,0.0256373733282089,0,1.1,-1.91,12.964291072887,0.0116649541907622,0.0239303550996243,0.00846679336975327,0.0448080693627894,0,0
22933,2022,3,33.1068888888889,-91.9245722222222,84.0861290322581,3514,0.604361086985568,12.8539524078369,164.041995,0.00497513673282724,28.5112740273229,0.607046393568759,4,52.690288794,6,5,0.0267055965960026,0.0045577553100884,0.51823103427887,0.0539809130132198,0.108317904174328,0.0274177473038435,0.0256373733282089,0,1.8,-1.67,12.964291072887,0.0116649541907622,0.0239303550996243,0.00846679336975327,0.0448080693627894,0,0
25731,2022,10,31.3689111,-110.1192944,14.6,3713,0.108077882946021,16.9554233551025,4226.57782199687,0.826378453554434,131.431388009925,0.440078996341031,2,92.814960771,3,2,0.0163124073296785,0.00331897474825382,0.0201963130384684,0.738577783107758,0.0177247375249863,0.0159593243151903,0,0,1.7,-1.8,40.0353198272012,0.00239925669277417,0.0055733625771749,0,0.0111246811019878,0,0
25912,2022,2,31.38844444,-110.1218611,42.38,3788,0.00598464152289609,8.76534175872803,4247.9454306224,0.512036447924679,135.586174311486,0.39589488973244,2,132.21784797,3,2,0.0163124073296785,0.00331897474825382,0.0201963130384684,0.738577783107758,0.0177247375249863,0.0159593243151903,0,0,1.1,-1.91,59.4075897198658,0.0132957911255902,0.0055733625771749,0,0.0115072495651369,0,0
25913,2022,4,31.38844444,-110.1218611,42.27,3788,0,18.7160167694092,4247.9454306224,0.512036447924679,135.586174311486,0.902207143157465,2,132.21784797,3,2,0.0163124073296785,0.00331897474825382,0.0201963130384684,0.738577783107758,0.0177247375249863,0.0159593243151903,0,0,1.7,-2.1,59.4075897198658,0.0132957911255902,0.0055733625771749,0,0.0115072495651369,0,0
25914,2022,6,31.38844444,-110.1218611,42.72,3788,0.13241437496578,26.579776763916,4247.9454306224,0.512036447924679,135.586174311486,0.994057043590302,2,132.21784797,3,2,0.0163124073296785,0.00331897474825382,0.0201963130384684,0.738577783107758,0.0177247375249863,0.0159593243151903,0,0,1.7,-1.34,59.4075897198658,0.0132957911255902,0.0055733625771749,0,0.0115072495651369,0,0
26812,2022,1,31.50666667,-110.0852778,234.56,4186,0.00634615542720612,8.62551403045654,4331.76293342469,1.82165042727399,261.284522034478,0.261138806276939,2,216.699475395,4,2,0.000287273782305419,0.00014363689115271,0.000502729089930654,0.993464529514313,0.00014363689115271,0,0,0,0.5,-2.4,204.991343451876,0.00353349570897984,0.0055733625771749,0,0.00976784876984855,0,0
28260,2022,3,31.8390361,-110.5840417,13.82,5400,0.0563778840569012,12.4090690612793,4277.28973382579,0.757194225813851,270.086511087329,0.639188371964072,4,4.986876648,4,2,0,0,0,0.0844584852457047,0.678612470626831,0.00423728814348578,0.0382074117660522,0,1.8,-1.67,0.136443462889759,0.000673899305847162,0.00419509267238584,0.000501338774332208,0.00457232394681002,0,0
29490,2022,1,32.2631313,-111.2451023,222.22,7359,0.0101397231649097,11.7663516998291,2193.9974832498,0.785965266561996,288.584728239403,0.380641857735805,2,105.511811184,4,2,0.011109528131783,0.00705027766525745,0.0103973792865872,0.756872236728668,0.020865973085165,0.0217917673289776,0.00356074632145464,0.0232160668820143,0.5,-2.4,11.5732555490225,0.0025054361874664,0.00419509267238584,0.000501338774332208,0.00551749162321289,0,0
29491,2022,4,32.2631313,-111.2451023,226.32,7359,0,21.4215030670166,2193.9974832498,0.785965266561996,288.584728239403,1.29431366804322,2,105.511811184,4,2,0.011109528131783,0.00705027766525745,0.0103973792865872,0.756872236728668,0.020865973085165,0.0217917673289776,0.00356074632145464,0.0232160668820143,1.7,-2.1,11.5732555490225,0.0025054361874664,0.00419509267238584,0.000501338774332208,0.00551749162321289,0,5.83528662535358e-05
29492,2022,7,32.2631313,-111.2451023,217.22,7359,0.324279755612169,31.9307270050049,2193.9974832498,0.785965266561996,288.584728239403,1.39701132598721,2,105.511811184,4,2,0.011109528131783,0.00705027766525745,0.0103973792865872,0.756872236728668,0.020865973085165,0.0217917673289776,0.00356074632145464,0.0232160668820143,0.8,-2.62,11.5732555490225,0.0025054361874664,0.00419509267238584,0.000501338774332208,0.00551749162321289,0,0.000119377662392025
29493,2022,11,32.2631313,-111.2451023,210.99,7359,0,13.5336008071899,2193.9974832498,0.785965266561996,288.584728239403,0.515608800835757,2,105.511811184,4,2,0.011109528131783,0.00705027766525745,0.0103973792865872,0.756872236728668,0.020865973085165,0.0217917673289776,0.00356074632145464,0.0232160668820143,0.3,-2.41,11.5732555490225,0.0025054361874664,0.00419509267238584,0.000501338774332208,0.00551749162321289,0,2.65278821821444e-05
31904,2022,3,32.87499444,-109.6638139,153.28,12455,0.0169087723741203,13.504077911377,3159.52008616879,0.524862555734007,243.792413808193,0.802777259024391,2,1183.825461117,4,2,0.00699103157967329,0.00190664501860738,0.00388390640728176,0.898594737052917,0.0130640491843224,0,0,7.06164792063646e-05,1.8,-1.67,178.375131773056,0.0322216811860833,0.00352674520587541,0.00238061501722198,0.00485200947480897,0,5.71619156607638e-06
31905,2022,6,32.87499444,-109.6638139,154.14,12455,0.120644256695078,28.4190235137939,3159.52008616879,0.524862555734007,243.792413808193,1.32957819142026,2,1183.825461117,4,2,0.00699103157967329,0.00190664501860738,0.00388390640728176,0.898594737052917,0.0130640491843224,0,0,7.06164792063646e-05,1.7,-1.34,178.375131773056,0.0322216811860833,0.00352674520587541,0.00238061501722198,0.00485200947480897,0,0.000396580133431839
31906,2022,9,32.87499444,-109.6638139,153.15,12455,0.0419265079384649,25.9654560089111,3159.52008616879,0.524862555734007,243.792413808193,0.834153494513356,2,1183.825461117,4,2,0.00699103157967329,0.00190664501860738,0.00388390640728176,0.898594737052917,0.0130640491843224,0,0,7.06164792063646e-05,1.6,-2.29,178.375131773056,0.0322216811860833,0.00352674520587541,0.00238061501722198,0.00485200947480897,0,0.000676989772706435
31907,2022,12,32.87499444,-109.6638139,153.83,12455,0.0943859669976122,8.28505325317383,3159.52008616879,0.524862555734007,243.792413808193,0.222328366595013,2,1183.825461117,4,2,0.00699103157967329,0.00190664501860738,0.00388390640728176,0.898594737052917,0.0130640491843224,0,0,7.06164792063646e-05,2.1,-2.21,178.375131773056,0.0322216811860833,0.00352674520587541,0.00238061501722198,0.00485200947480897,0,8.24593797013334e-07
36318,2022,12,34.23559027,-111.3562476,31.71,17292,0.289395375328704,5.81382274627686,4826.37671605018,4.02056519590388,243.452075091266,0.283158845906367,8,20.01312339,4,2,0.0464656464755535,0.00218911096453667,0.545936048030853,0.214744716882706,0.000564931833650917,0,7.06164792063646e-05,0,2.1,-2.21,12.4298697257556,0.0135754699732594,0.000752428564860341,3.30012528447518e-05,0.00573099916358789,0,0
39257,2022,1,35.24465278,-110.8055028,23.19,20844,0,2.37803673744202,4748.47363998989,0.117596271130874,207.936716674932,0.158925757562101,2,676.312336986,4,2,7.06164792063646e-05,0.0896123126149178,0.0026128098834306,0.266577214002609,0.135159939527512,0.00331897474825382,0.320528209209442,0,0.5,-2.4,1.13314765817063,0.00356062324474942,0.000140990867888643,0.000159414496880106,0.0058747023229301,0,0
39567,2022,5,35.90777446,-111.146807,230.76,21223,0,19.4430446624756,5381.00549516023,0.775470986215996,242.518968454099,1.17956527128318,2,393.635171202,1,3,0,0,0,0.971117854118347,0.00416637258604169,0,0.000635548320133239,0,1.4,-2.25,356.146169688183,0.0199550588422739,0.000140990867888643,0.000159414496880106,0.00329095685641592,0,0
39654,2022,6,36.03804969,-111.2079171,203.03,21256,0.140134543784577,24.655294418335,5257.77312455933,1.87078832462019,337.680603890423,1.22626777895392,2,415.68241533,1,3,0,7.06164792063646e-05,0.000423698889790103,0.980721712112427,0.00338959111832082,0,0,0,1.7,-1.34,478.208247233295,0.137778160925958,0.000140990867888643,0.000159414496880106,0.00413274125621033,0,0
39753,2022,6,36.3088901,-109.7748348,310.42,21297,0.0344566974012217,22.8461322784424,5898.7128009243,1.32276120746076,80.5034389207341,1.0180935412085,2,75.13123371,4,2,7.12149267201312e-05,0,0.0463609173893929,0.617006123065948,0.0967810824513435,0,0,0,1.7,-1.34,68.8127771557451,0.0285288681899846,0.000381713722908356,2.34644310689383e-05,0.00409273660132661,0,0
39807,2022,5,36.53694246,-110.5729186,290.59,21313,0,16.4767742156982,6429.26535348849,1.85676467829298,16.1926930224252,1.10650080250799,2,90.715223235,1,2,0.00348953134380281,0.00242130761034787,0.00306224194355309,0.970801889896393,0.000142429853440262,0,0,0,1.4,-2.25,22.2834999818669,0.0191027531968511,0.000543857063387569,0.000198186425223837,0.00294549285007951,0,0
40111,2022,2,34.23,-111.36,16.9079310344828,21440,0.10540955977555,6.69452095031738,4941.61737459509,12.3146228183551,13.1336236233197,0.53106798668231,8,20.636482971,4,2,0.0464656464755535,0.00218911096453667,0.545936048030853,0.214744716882706,0.000564931833650917,0,7.06164792063646e-05,0,1.1,-1.91,126.399042917377,0.0233616626089349,0.000752428564860341,3.30012528447518e-05,0.00573099916358789,0,0
40112,2022,3,34.23,-111.36,16.8658064516129,21440,0.129190893194372,10.1603870391846,4941.61737459509,12.3146228183551,13.1336236233197,0.77708747561369,8,20.636482971,4,2,0.0464656464755535,0.00218911096453667,0.545936048030853,0.214744716882706,0.000564931833650917,0,7.06164792063646e-05,0,1.8,-1.67,126.399042917377,0.0233616626089349,0.000752428564860341,3.30012528447518e-05,0.00573099916358789,0,0
40113,2022,4,34.23,-111.36,16.8376666666667,21440,0,14.5446920394897,4941.61737459509,12.3146228183551,13.1336236233197,1.29435201526251,8,20.636482971,4,2,0.0464656464755535,0.00218911096453667,0.545936048030853,0.214744716882706,0.000564931833650917,0,7.06164792063646e-05,0,1.7,-2.1,126.399042917377,0.0233616626089349,0.000752428564860341,3.30012528447518e-05,0.00573099916358789,0,0
40140,2022,1,34.93,-112.4,410.901612903226,21441,0.0140956208676105,5.29999208450317,4646.36821955415,0.573354551294443,150.319409205533,0.213026087126044,2,487.762467933,3,2,0.00356074632145464,0.000640934333205223,0.00249252235516906,0.669135451316833,0.0959977209568024,0,0,0,0.5,-2.4,33.9768815744768,0.038386819163991,0.00121316171994151,0.000330106012210522,0.0116824500468125,0,0
40141,2022,2,34.93,-112.4,410.894642857143,21441,0.0406829266403097,5.42566299438477,4646.36821955415,0.573354551294443,150.319409205533,0.432670724079652,2,487.762467933,3,2,0.00356074632145464,0.000640934333205223,0.00249252235516906,0.669135451316833,0.0959977209568024,0,0,0,1.1,-1.91,33.9768815744768,0.038386819163991,0.00121316171994151,0.000330106012210522,0.0116824500468125,0,0
40142,2022,3,34.93,-112.4,410.8625,21441,0.0637120025081314,9.62908840179443,4646.36821955415,0.573354551294443,150.319409205533,0.710858623954367,2,487.762467933,3,2,0.00356074632145464,0.000640934333205223,0.00249252235516906,0.669135451316833,0.0959977209568024,0,0,0,1.8,-1.67,33.9768815744768,0.038386819163991,0.00121316171994151,0.000330106012210522,0.0116824500468125,0,0
40143,2022,4,34.93,-112.4,410.849333333333,21441,0,14.234751701355,4646.36821955415,0.573354551294443,150.319409205533,1.14171486374789,2,487.762467933,3,2,0.00356074632145464,0.000640934333205223,0.00249252235516906,0.669135451316833,0.0959977209568024,0,0,0,1.7,-2.1,33.9768815744768,0.038386819163991,0.00121316171994151,0.000330106012210522,0.0116824500468125,0,0
40144,2022,5,34.93,-112.4,410.834516129032,21441,0,18.6999530792236,4646.36821955415,0.573354551294443,150.319409205533,1.45151053421499,2,487.762467933,3,2,0.00356074632145464,0.000640934333205223,0.00249252235516906,0.669135451316833,0.0959977209568024,0,0,0,1.4,-2.25,33.9768815744768,0.038386819163991,0.00121316171994151,0.000330106012210522,0.0116824500468125,0,0
40145,2022,6,34.93,-112.4,410.83625,21441,0.0175802523337027,24.0238170623779,4646.36821955415,0.573354551294443,150.319409205533,1.52176864735184,2,487.762467933,3,2,0.00356074632145464,0.000640934333205223,0.00249252235516906,0.669135451316833,0.0959977209568024,0,0,0,1.7,-1.34,33.9768815744768,0.038386819163991,0.00121316171994151,0.000330106012210522,0.0116824500468125,0,0
40299,2022,1,34.64,-109.92,170.661935483871,21442,0.00191333413102026,2.00717663764954,5449.44180332059,1.02089045766351,319.624444916471,0.16893584609992,3,206.167979316,4,2,0.00948003493249416,0.00179546105209738,0.00725366268306971,0.822608470916748,0.0215455330908298,0,0,0,0.5,-2.4,26.2728920532443,0.0530638922437149,0.000543857063387569,0.000198186425223837,0.00591164356403053,0,0
40300,2022,2,34.64,-109.92,170.502413793103,21442,0.0364520606647591,1.9827094078064,5449.44180332059,1.02089045766351,319.624444916471,0.32929770952752,3,206.167979316,4,2,0.00948003493249416,0.00179546105209738,0.00725366268306971,0.822608470916748,0.0215455330908298,0,0,0,1.1,-1.91,26.2728920532443,0.0530638922437149,0.000543857063387569,0.000198186425223837,0.00591164356403053,0,0
40301,2022,3,34.64,-109.92,170.413870967742,21442,0.128245729355993,7.20006895065308,5449.44180332059,1.02089045766351,319.624444916471,0.590734207370398,3,206.167979316,4,2,0.00948003493249416,0.00179546105209738,0.00725366268306971,0.822608470916748,0.0215455330908298,0,0,0,1.8,-1.67,26.2728920532443,0.0530638922437149,0.000543857063387569,0.000198186425223837,0.00591164356403053,0,0
40302,2022,4,34.64,-109.92,173.143333333333,21442,0,13.0805578231812,5449.44180332059,1.02089045766351,319.624444916471,1.08954672591049,3,206.167979316,4,2,0.00948003493249416,0.00179546105209738,0.00725366268306971,0.822608470916748,0.0215455330908298,0,0,0,1.7,-2.1,26.2728920532443,0.0530638922437149,0.000543857063387569,0.000198186425223837,0.00591164356403053,0,0
40303,2022,5,34.64,-109.92,176.05,21442,0,17.9269218444824,5449.44180332059,1.02089045766351,319.624444916471,1.35722964035039,3,206.167979316,4,2,0.00948003493249416,0.00179546105209738,0.00725366268306971,0.822608470916748,0.0215455330908298,0,0,0,1.4,-2.25,26.2728920532443,0.0530638922437149,0.000543857063387569,0.000198186425223837,0.00591164356403053,0,0
40461,2022,6,36.77,-112.43,482.4,21448,0.00688019075212956,22.8256397247314,5657.4690611815,2.42450325672944,47.7047699526212,1.33615989587785,1,65.157480414,2,2,0,0,0.159663870930672,0.753881216049194,0.00056971941376105,0,0,0,1.7,-1.34,5.26500069737667,0.0192887596134397,0.000140990867888643,0.000159414496880106,0.0113046502324318,0,0
40462,2022,12,36.77,-112.43,483.2,21448,0.259866064071165,2.16694378852844,5657.4690611815,2.42450325672944,47.7047699526212,0.138980159820586,1,65.157480414,2,2,0,0,0.159663870930672,0.753881216049194,0.00056971941376105,0,0,0,2.1,-2.21,5.26500069737667,0.0192887596134397,0.000140990867888643,0.000159414496880106,0.0113046502324318,0,0
41536,2022,1,31.59,-109.51,3.57935483870968,21457,0.0148446353627363,7.22164249420166,4763.57581706461,23.4217014210873,146.77333426919,0.264774608263593,2,92.224409589,2,2,0.000847397779580206,0,0.00656733289361,0.753266036510468,0.0613657236099243,0.000211849444895051,0.000423698889790103,0,0.5,-2.4,51.9033837043542,0.00545645996118096,0.0055733625771749,0,0.0079441502419735,0,0
41537,2022,2,31.59,-109.51,3.66793103448276,21457,0.0198878125245224,7.04834985733032,4763.57581706461,23.4217014210873,146.77333426919,0.431289373137259,2,92.224409589,2,2,0.000847397779580206,0,0.00656733289361,0.753266036510468,0.0613657236099243,0.000211849444895051,0.000423698889790103,0,1.1,-1.91,51.9033837043542,0.00545645996118096,0.0055733625771749,0,0.0079441502419735,0,0
41538,2022,3,31.59,-109.51,3.78096774193548,21457,0.00781498713692508,11.4167356491089,4763.57581706461,23.4217014210873,146.77333426919,0.695691848170312,2,92.224409589,2,2,0.000847397779580206,0,0.00656733289361,0.753266036510468,0.0613657236099243,0.000211849444895051,0.000423698889790103,0,1.8,-1.67,51.9033837043542,0.00545645996118096,0.0055733625771749,0,0.0079441502419735,0,4.31804294961397e-05
41539,2022,4,31.59,-109.51,3.97733333333333,21457,0,17.1428375244141,4763.57581706461,23.4217014210873,146.77333426919,0.987269485652655,2,92.224409589,2,2,0.000847397779580206,0,0.00656733289361,0.753266036510468,0.0613657236099243,0.000211849444895051,0.000423698889790103,0,1.7,-2.1,51.9033837043542,0.00545645996118096,0.0055733625771749,0,0.0079441502419735,0,0.000206827641533134
41540,2022,5,31.59,-109.51,4.4478125,21457,0,21.1474933624268,4763.57581706461,23.4217014210873,146.77333426919,1.18390611643285,2,92.224409589,2,2,0.000847397779580206,0,0.00656733289361,0.753266036510468,0.0613657236099243,0.000211849444895051,0.000423698889790103,0,1.4,-2.25,51.9033837043542,0.00545645996118096,0.0055733625771749,0,0.0079441502419735,0,0.000227492106794134
41541,2022,6,31.59,-109.51,5.13166666666667,21457,0.210595944742229,25.1719398498535,4763.57581706461,23.4217014210873,146.77333426919,1.0810575726939,2,92.224409589,2,2,0.000847397779580206,0,0.00656733289361,0.753266036510468,0.0613657236099243,0.000211849444895051,0.000423698889790103,0,1.7,-1.34,51.9033837043542,0.00545645996118096,0.0055733625771749,0,0.0079441502419735,0,0.000241630429723973
41804,2022,1,33.67,-112.43,329.348387096774,21462,0.00609573965298321,12.8658447265625,1328.7401595,0.0638389059378475,124.010359987133,0.331245733248967,2,176.706037014,4,2,0.662740588188171,0.00272910087369382,0.00646365992724895,0.165038779377937,0.0392846874892712,0.00337546691298485,0,0,0.5,-2.4,54.3913253849991,0.0616877100311013,0.0185033144113877,0.0135884835901072,0.00206537936637644,0,0
41805,2022,2,33.67,-112.43,329.42275862069,21462,0.0383954223956102,13.7469749450684,1328.7401595,0.0638389059378475,124.010359987133,0.517445061937015,2,176.706037014,4,2,0.662740588188171,0.00272910087369382,0.00646365992724895,0.165038779377937,0.0392846874892712,0.00337546691298485,0,0,1.1,-1.91,54.3913253849991,0.0616877100311013,0.0185033144113877,0.0135884835901072,0.00206537936637644,0,0
41806,2022,3,33.67,-112.43,329.474193548387,21462,0.00737223257099061,17.8502807617188,1328.7401595,0.0638389059378475,124.010359987133,0.858043161329755,2,176.706037014,4,2,0.662740588188171,0.00272910087369382,0.00646365992724895,0.165038779377937,0.0392846874892712,0.00337546691298485,0,0,1.8,-1.67,54.3913253849991,0.0616877100311013,0.0185033144113877,0.0135884835901072,0.00206537936637644,0,0
41807,2022,4,33.67,-112.43,329.565666666667,21462,0,22.8943634033203,1328.7401595,0.0638389059378475,124.010359987133,1.2836959938478,2,176.706037014,4,2,0.662740588188171,0.00272910087369382,0.00646365992724895,0.165038779377937,0.0392846874892712,0.00337546691298485,0,0,1.7,-2.1,54.3913253849991,0.0616877100311013,0.0185033144113877,0.0135884835901072,0.00206537936637644,0,0
41808,2022,5,33.67,-112.43,329.631875,21462,0,26.8341121673584,1328.7401595,0.0638389059378475,124.010359987133,1.5823622599947,2,176.706037014,4,2,0.662740588188171,0.00272910087369382,0.00646365992724895,0.165038779377937,0.0392846874892712,0.00337546691298485,0,0,1.4,-2.25,54.3913253849991,0.0616877100311013,0.0185033144113877,0.0135884835901072,0.00206537936637644,0,0
41809,2022,6,33.67,-112.43,329.781666666667,21462,0.0568514984974978,32.7788505554199,1328.7401595,0.0638389059378475,124.010359987133,1.71765185039011,2,176.706037014,4,2,0.662740588188171,0.00272910087369382,0.00646365992724895,0.165038779377937,0.0392846874892712,0.00337546691298485,0,0,1.7,-1.34,54.3913253849991,0.0616877100311013,0.0185033144113877,0.0135884835901072,0.00206537936637644,0,0
41994,2022,2,32.05,-110.69,169.3525,21463,0.0331966677241656,10.6427230834961,3272.69526225562,7.01183927971939,237.444585160841,0.48808666113203,2,91.240157619,4,2,0.273780107498169,0.00981569103896618,0.0146882282570004,0.531671464443207,0.0115104867145419,0,0,0,1.1,-1.91,319.391436323909,0.0122089510479867,0.00419509267238584,0.000501338774332208,0.0075086657680509,0,0
41995,2022,3,32.05,-110.69,173.1834375,21463,0.0534459988462772,14.6445388793945,3272.69526225562,7.01183927971939,237.444585160841,0.759608953233838,2,91.240157619,4,2,0.273780107498169,0.00981569103896618,0.0146882282570004,0.531671464443207,0.0115104867145419,0,0,0,1.8,-1.67,319.391436323909,0.0122089510479867,0.00419509267238584,0.000501338774332208,0.0075086657680509,0,0
43624,2022,3,36.82,-114.01,142.9,21477,0.0253040396707037,15.2739696502686,1732.2834672,0.062217798809188,87.2734418135987,0.722983203695284,2,837.828085263,1,1,0.017936585471034,0.00550808571279049,0.00423698872327805,0.100557871162891,0.443753957748413,0.00233034393750131,0.0660970285534859,0,1.8,-1.67,96.1497576115002,0.0296412911852451,0.00109304939954939,0.000666537847574264,0.00240294039662617,0,0
43625,2022,5,36.82,-114.01,146.7,21477,0,24.6587352752686,1732.2834672,0.062217798809188,87.2734418135987,1.38901998575837,2,837.828085263,1,1,0.017936585471034,0.00550808571279049,0.00423698872327805,0.100557871162891,0.443753957748413,0.00233034393750131,0.0660970285534859,0,1.4,-2.25,96.1497576115002,0.0296412911852451,0.00109304939954939,0.000666537847574264,0.00240294039662617,0,0
43626,2022,6,36.82,-114.01,145.5,21477,0,31.5783767700195,1732.2834672,0.062217798809188,87.2734418135987,1.51471606307096,2,837.828085263,1,1,0.017936585471034,0.00550808571279049,0.00423698872327805,0.100557871162891,0.443753957748413,0.00233034393750131,0.0660970285534859,0,1.7,-1.34,96.1497576115002,0.0296412911852451,0.00109304939954939,0.000666537847574264,0.00240294039662617,0,0
43627,2022,9,36.82,-114.01,146.2,21477,0.170651371031304,29.9228286743164,1732.2834672,0.062217798809188,87.2734418135987,0.936848499190219,2,837.828085263,1,1,0.017936585471034,0.00550808571279049,0.00423698872327805,0.100557871162891,0.443753957748413,0.00233034393750131,0.0660970285534859,0,1.6,-2.29,96.1497576115002,0.0296412911852451,0.00109304939954939,0.000666537847574264,0.00240294039662617,0,0
43628,2022,10,36.82,-114.01,145.9,21477,0.0176234930786921,22.3993892669678,1732.2834672,0.062217798809188,87.2734418135987,0.63634527107905,2,837.828085263,1,1,0.017936585471034,0.00550808571279049,0.00423698872327805,0.100557871162891,0.443753957748413,0.00233034393750131,0.0660970285534859,0,1.7,-1.8,96.1497576115002,0.0296412911852451,0.00109304939954939,0.000666537847574264,0.00240294039662617,0,0
43629,2022,12,36.82,-114.01,145.8,21477,0.0531189899300818,8.35009765625,1732.2834672,0.062217798809188,87.2734418135987,0.188528296489375,2,837.828085263,1,1,0.017936585471034,0.00550808571279049,0.00423698872327805,0.100557871162891,0.443753957748413,0.00233034393750131,0.0660970285534859,0,2.1,-2.21,96.1497576115002,0.0296412911852451,0.00109304939954939,0.000666537847574264,0.00240294039662617,0,0
44026,2022,1,32.01,-109.37,16.0490322580645,21479,0.0426089795577541,5.39531850814819,5263.69443432615,10.8323467964966,177.669444718053,0.401773253122909,10,2.198162733,2,1,0.00441532535478473,0.000640934333205223,0.160589665174484,0.465460747480392,0.138726681470871,0,7.12149267201312e-05,0,0.5,-2.4,11.6205606737327,0.0450293433929197,0.0055733625771749,0,0.00536673530438294,0,0
44027,2022,2,32.01,-109.37,16.1958620689655,21479,0.0256850635363293,5.104163646698,5263.69443432615,10.8323467964966,177.669444718053,0.66206559209258,10,2.198162733,2,1,0.00441532535478473,0.000640934333205223,0.160589665174484,0.465460747480392,0.138726681470871,0,7.12149267201312e-05,0,1.1,-1.91,11.6205606737327,0.0450293433929197,0.0055733625771749,0,0.00536673530438294,0,0
44372,2022,1,35.76,-114.15,654.791290322581,21482,0,8.48371887207031,3024.24585719822,1.75944096450795,89.1310819612684,0.152595712988806,2,637.401575772,1,1,0.00451945466920733,0.000706164806615561,0.00282465922646224,0.970270454883575,0,0,0,0,0.5,-2.4,228.39013081821,0.0954740319584407,0.00109304939954939,0.000666537847574264,0.00243444815865407,0,0
44373,2022,2,35.76,-114.15,654.902413793104,21482,0.0270659842614698,9.38524055480957,3024.24585719822,1.75944096450795,89.1310819612684,0.358260423098472,2,637.401575772,1,1,0.00451945466920733,0.000706164806615561,0.00282465922646224,0.970270454883575,0,0,0,0,1.1,-1.91,228.39013081821,0.0954740319584407,0.00109304939954939,0.000666537847574264,0.00243444815865407,0,0
44374,2022,3,35.76,-114.15,654.932258064516,21482,0.0316858073087909,13.5403079986572,3024.24585719822,1.75944096450795,89.1310819612684,0.677159478122997,2,637.401575772,1,1,0.00451945466920733,0.000706164806615561,0.00282465922646224,0.970270454883575,0,0,0,0,1.8,-1.67,228.39013081821,0.0954740319584407,0.00109304939954939,0.000666537847574264,0.00243444815865407,0,0
44375,2022,4,35.76,-114.15,655.053,21482,0.00541103872611043,18.1305370330811,3024.24585719822,1.75944096450795,89.1310819612684,1.03530623625881,2,637.401575772,1,1,0.00451945466920733,0.000706164806615561,0.00282465922646224,0.970270454883575,0,0,0,0,1.7,-2.1,228.39013081821,0.0954740319584407,0.00109304939954939,0.000666537847574264,0.00243444815865407,0,0
44376,2022,5,35.76,-114.15,655.246451612903,21482,0,22.5706195831299,3024.24585719822,1.75944096450795,89.1310819612684,1.30905732281234,2,637.401575772,1,1,0.00451945466920733,0.000706164806615561,0.00282465922646224,0.970270454883575,0,0,0,0,1.4,-2.25,228.39013081821,0.0954740319584407,0.00109304939954939,0.000666537847574264,0.00243444815865407,0,0
44377,2022,6,35.76,-114.15,655.685161290323,21482,0,29.1421222686768,3024.24585719822,1.75944096450795,89.1310819612684,1.40612014223301,2,637.401575772,1,1,0.00451945466920733,0.000706164806615561,0.00282465922646224,0.970270454883575,0,0,0,0,1.7,-1.34,228.39013081821,0.0954740319584407,0.00109304939954939,0.000666537847574264,0.00243444815865407,0,0
51677,2022,2,32.413528,-114.544278,180.95,21543,0.00354211474879446,15.6381368637085,200.651595313978,0.459598757119774,209.700697431827,0.334614356241689,2,206.496063306,1,1,0.00142429850529879,0.47728243470192,0.00420168088749051,0.00334710162132978,0.00405925093218684,0.0487822256982327,0,0.00056971941376105,1.1,-1.91,93.5465771552616,32805.1181601,0.00327668394860896,0.0259543813140394,0.00100637089494771,0,5.81005206084687e-06
51678,2022,4,32.413528,-114.544278,181.15,21543,0,23.1482887268066,200.651595313978,0.459598757119774,209.700697431827,0.701542302194261,2,206.496063306,1,1,0.00142429850529879,0.47728243470192,0.00420168088749051,0.00334710162132978,0.00405925093218684,0.0487822256982327,0,0.00056971941376105,1.7,-2.1,93.5465771552616,32805.1181601,0.00327668394860896,0.0259543813140394,0.00100637089494771,0,1.29349759714314e-05
51679,2022,6,32.413528,-114.544278,180.65,21543,0,32.6338424682617,200.651595313978,0.459598757119774,209.700697431827,1.00056565804768,2,206.496063306,1,1,0.00142429850529879,0.47728243470192,0.00420168088749051,0.00334710162132978,0.00405925093218684,0.0487822256982327,0,0.00056971941376105,1.7,-1.34,93.5465771552616,32805.1181601,0.00327668394860896,0.0259543813140394,0.00100637089494771,0,1.66558629485888e-05
51680,2022,9,32.413528,-114.544278,183.15,21543,0.0314894905719157,32.2927665710449,200.651595313978,0.459598757119774,209.700697431827,0.716544475292903,2,206.496063306,1,1,0.00142429850529879,0.47728243470192,0.00420168088749051,0.00334710162132978,0.00405925093218684,0.0487822256982327,0,0.00056971941376105,1.6,-2.29,93.5465771552616,32805.1181601,0.00327668394860896,0.0259543813140394,0.00100637089494771,0,6.71693589134116e-06
51681,2022,10,32.413528,-114.544278,187.5,21543,0.000722053953201985,25.7286434173584,200.651595313978,0.459598757119774,209.700697431827,0.453798790367432,2,206.496063306,1,1,0.00142429850529879,0.47728243470192,0.00420168088749051,0.00334710162132978,0.00405925093218684,0.0487822256982327,0,0.00056971941376105,1.7,-1.8,93.5465771552616,32805.1181601,0.00327668394860896,0.0259543813140394,0.00100637089494771,0,6.02785463202254e-06
51682,2022,12,32.413528,-114.544278,182.1,21543,0.020145348394282,13.7290906906128,200.651595313978,0.459598757119774,209.700697431827,0.160659392293196,2,206.496063306,1,1,0.00142429850529879,0.47728243470192,0.00420168088749051,0.00334710162132978,0.00405925093218684,0.0487822256982327,0,0.00056971941376105,2.1,-2.21,93.5465771552616,32805.1181601,0.00327668394860896,0.0259543813140394,0.00100637089494771,0,4.60541362251467e-06
63294,2022,1,36.4908336348382,-109.948172719957,374.461612903226,21648,0,0.791521012783051,5863.32095880449,2.1771841254253,75.2756727031135,0.0645139086945505,2,110.367454236,1,3,0.00840336177498102,0.000776781293097883,0.00501377042382956,0.809547364711761,0.0177953541278839,0,0,0,0.5,-2.4,57.385618692552,0.0269562845988476,0.000381713722908356,2.34644310689383e-05,0.00307038698999211,0,0
63295,2022,2,36.4908336348382,-109.948172719957,374.42,21648,0.0517226642984322,1.18478620052338,5863.32095880449,2.1771841254253,75.2756727031135,0.181143790993477,2,110.367454236,1,3,0.00840336177498102,0.000776781293097883,0.00501377042382956,0.809547364711761,0.0177953541278839,0,0,0,1.1,-1.91,57.385618692552,0.0269562845988476,0.000381713722908356,2.34644310689383e-05,0.00307038698999211,0,0
63296,2022,3,36.4908336348382,-109.948172719957,374.365806451613,21648,0.0842972128439816,6.50403499603271,5863.32095880449,2.1771841254253,75.2756727031135,0.316711236028404,2,110.367454236,1,3,0.00840336177498102,0.000776781293097883,0.00501377042382956,0.809547364711761,0.0177953541278839,0,0,0,1.8,-1.67,57.385618692552,0.0269562845988476,0.000381713722908356,2.34644310689383e-05,0.00307038698999211,0,0
63297,2022,4,36.4908336348382,-109.948172719957,374.331666666667,21648,0,12.1287841796875,5863.32095880449,2.1771841254253,75.2756727031135,0.728294143382039,2,110.367454236,1,3,0.00840336177498102,0.000776781293097883,0.00501377042382956,0.809547364711761,0.0177953541278839,0,0,0,1.7,-2.1,57.385618692552,0.0269562845988476,0.000381713722908356,2.34644310689383e-05,0.00307038698999211,0,0
63298,2022,5,36.4908336348382,-109.948172719957,374.320967741935,21648,0,17.3048419952393,5863.32095880449,2.1771841254253,75.2756727031135,1.06322801806644,2,110.367454236,1,3,0.00840336177498102,0.000776781293097883,0.00501377042382956,0.809547364711761,0.0177953541278839,0,0,0,1.4,-2.25,57.385618692552,0.0269562845988476,0.000381713722908356,2.34644310689383e-05,0.00307038698999211,0,0
63520,2022,1,36.5280532914231,-110.599030055646,216.843225806452,21649,0.00736587083113897,0.94836688041687,6340.00620673846,0.981637911946629,262.545624431946,0.118143314631261,2,74.507874129,1,2,0.00348953134380281,0.00242130761034787,0.00306224194355309,0.970801889896393,0.000142429853440262,0,0,0,0.5,-2.4,7.27278746186006,0.0221160550214117,0.000543857063387569,0.000198186425223837,0.00527309022577479,0,0
63521,2022,2,36.5280532914231,-110.599030055646,216.764642857143,21649,0.0368066910930216,1.00710439682007,6340.00620673846,0.981637911946629,262.545624431946,0.239604389624959,2,74.507874129,1,2,0.00348953134380281,0.00242130761034787,0.00306224194355309,0.970801889896393,0.000142429853440262,0,0,0,1.1,-1.91,7.27278746186006,0.0221160550214117,0.000543857063387569,0.000198186425223837,0.00527309022577479,0,0
63522,2022,3,36.5280532914231,-110.599030055646,216.742580645161,21649,0.0707419213797054,6.27163457870483,6340.00620673846,0.981637911946629,262.545624431946,0.396864608807192,2,74.507874129,1,2,0.00348953134380281,0.00242130761034787,0.00306224194355309,0.970801889896393,0.000142429853440262,0,0,0,1.8,-1.67,7.27278746186006,0.0221160550214117,0.000543857063387569,0.000198186425223837,0.00527309022577479,0,0
63523,2022,4,36.5280532914231,-110.599030055646,216.749,21649,0,12.0161333084106,6340.00620673846,0.981637911946629,262.545624431946,0.811626906139298,2,74.507874129,1,2,0.00348953134380281,0.00242130761034787,0.00306224194355309,0.970801889896393,0.000142429853440262,0,0,0,1.7,-2.1,7.27278746186006,0.0221160550214117,0.000543857063387569,0.000198186425223837,0.00527309022577479,0,0
63554,2022,3,36.61,-113.95,23.3,21650,0.0116688584269775,11.6714611053467,3857.93620328603,11.5422325892044,201.371713013012,0.799612662261717,4,162.139107858,2,2,0,0,0.000142429853440262,0.997365057468414,0,0,0,0,1.8,-1.67,265.355473518716,0.0453314752683789,0.00109304939954939,0.000666537847574264,0.0042781099287731,0,0
63555,2022,5,36.61,-113.95,21.5,21650,0,20.5666236877441,3857.93620328603,11.5422325892044,201.371713013012,1.56989641002675,4,162.139107858,2,2,0,0,0.000142429853440262,0.997365057468414,0,0,0,0,1.4,-2.25,265.355473518716,0.0453314752683789,0.00109304939954939,0.000666537847574264,0.0042781099287731,0,0
63557,2022,10,36.61,-113.95,9.4,21650,0.0222174139185316,18.8474769592285,3857.93620328603,11.5422325892044,201.371713013012,0.718678803422429,4,162.139107858,2,2,0,0,0.000142429853440262,0.997365057468414,0,0,0,0,1.7,-1.8,265.355473518716,0.0453314752683789,0.00109304939954939,0.000666537847574264,0.0042781099287731,0,0
63787,2022,1,36.89,-113.96,267.876774193548,21652,0,8.20279502868652,2050.5229850574,0.721600337168864,228.93126478006,0.156414002183185,2,1736.614175868,2,2,0.0136995976790786,0.00211849436163902,0.00628486694768071,0.236918300390244,0.251606523990631,0.000918014266062528,0.0591766126453876,0,0.5,-2.4,257.020184764902,0.0673222699789703,0.00109304939954939,0.000666537847574264,0.00397848713045319,0,0
64056,2022,1,32.55364444,-117.0616028,12.44,21658,0.0169372026946229,14.3854570388794,36.0951433442664,1.17084933804448,108.788038358202,0.327013772174954,4,19.061679819,4,4,0.269904583692551,0.00128186866641045,0.00263495231047273,0.0674405321478844,0.0451502650976181,0.0254949443042278,0.00249252235516906,0.000498504494316876,0.5,-2.4,4.83757907433804,0.00357336998161262,0.00373462921037062,0.0172452395388864,0.00261608356619875,1,0
64057,2022,3,32.55364444,-117.0616028,12.485,21658,0.173265790326616,15.0366811752319,36.0951433442664,1.17084933804448,108.788038358202,0.6476327200093,4,19.061679819,4,4,0.269904583692551,0.00128186866641045,0.00263495231047273,0.0674405321478844,0.0451502650976181,0.0254949443042278,0.00249252235516906,0.000498504494316876,1.8,-1.67,4.83757907433804,0.00357336998161262,0.00373462921037062,0.0172452395388864,0.00261608356619875,1,0
64058,2022,5,32.55364444,-117.0616028,13.45,21658,0.000808846372922695,17.219123840332,36.0951433442664,1.17084933804448,108.788038358202,0.955435886984271,4,19.061679819,4,4,0.269904583692551,0.00128186866641045,0.00263495231047273,0.0674405321478844,0.0451502650976181,0.0254949443042278,0.00249252235516906,0.000498504494316876,1.4,-2.25,4.83757907433804,0.00357336998161262,0.00373462921037062,0.0172452395388864,0.00261608356619875,1,0
64059,2022,6,32.55364444,-117.0616028,14.45,21658,0,20.6056976318359,36.0951433442664,1.17084933804448,108.788038358202,1.01628471388814,4,19.061679819,4,4,0.269904583692551,0.00128186866641045,0.00263495231047273,0.0674405321478844,0.0451502650976181,0.0254949443042278,0.00249252235516906,0.000498504494316876,1.7,-1.34,4.83757907433804,0.00357336998161262,0.00373462921037062,0.0172452395388864,0.00261608356619875,1,0
64060,2022,7,32.55364444,-117.0616028,15.16,21658,0,20.7875137329102,36.0951433442664,1.17084933804448,108.788038358202,0.977977644036456,4,19.061679819,4,4,0.269904583692551,0.00128186866641045,0.00263495231047273,0.0674405321478844,0.0451502650976181,0.0254949443042278,0.00249252235516906,0.000498504494316876,0.8,-2.62,4.83757907433804,0.00357336998161262,0.00373462921037062,0.0172452395388864,0.00261608356619875,1,0
64061,2022,8,32.55364444,-117.0616028,14.85,21658,0,22.9104232788086,36.0951433442664,1.17084933804448,108.788038358202,0.929911857676795,4,19.061679819,4,4,0.269904583692551,0.00128186866641045,0.00263495231047273,0.0674405321478844,0.0451502650976181,0.0254949443042278,0.00249252235516906,0.000498504494316876,1,-2.38,4.83757907433804,0.00357336998161262,0.00373462921037062,0.0172452395388864,0.00261608356619875,1,0
72683,2022,2,34.10414167,-117.28645,136.996666666667,23649,0.0189397685771882,15.2167224884033,1013.93866511323,1.15965998204658,185.778204067356,0.43687760427003,4,40.190288775,1,1,0.838570713996887,0.016029940918088,0.00833274517208338,0.0261987149715424,0.00932137575000525,0,0,0,1.1,-1.91,0.394771629053403,0.0181200057426343,0.0025995716983368,0.000673003726592424,0.00309863858582762,0,1.19779338962543e-06
72684,2022,4,34.10414167,-117.28645,138.226666666667,23649,0.0411572482016275,18.3218975067139,1013.93866511323,1.15965998204658,185.778204067356,0.804973663592455,4,40.190288775,1,1,0.838570713996887,0.016029940918088,0.00833274517208338,0.0261987149715424,0.00932137575000525,0,0,0,1.7,-2.1,0.394771629053403,0.0181200057426343,0.0025995716983368,0.000673003726592424,0.00309863858582762,0,3.63631081255856e-07
72685,2022,6,34.10414167,-117.28645,143.163333333333,23649,0,26.1693916320801,1013.93866511323,1.15965998204658,185.778204067356,1.25758183788106,4,40.190288775,1,1,0.838570713996887,0.016029940918088,0.00833274517208338,0.0261987149715424,0.00932137575000525,0,0,0,1.7,-1.34,0.394771629053403,0.0181200057426343,0.0025995716983368,0.000673003726592424,0.00309863858582762,0,1.88212490845486e-06
72686,2022,8,34.10414167,-117.28645,148.733333333333,23649,0,29.4440670013428,1013.93866511323,1.15965998204658,185.778204067356,1.19019435953342,4,40.190288775,1,1,0.838570713996887,0.016029940918088,0.00833274517208338,0.0261987149715424,0.00932137575000525,0,0,0,1,-2.38,0.394771629053403,0.0181200057426343,0.0025995716983368,0.000673003726592424,0.00309863858582762,0,1.76290471032615e-06
72687,2022,10,34.10414167,-117.28645,150.76,23649,0.0304012161376562,22.2177467346191,1013.93866511323,1.15965998204658,185.778204067356,0.584356754420251,4,40.190288775,1,1,0.838570713996887,0.016029940918088,0.00833274517208338,0.0261987149715424,0.00932137575000525,0,0,0,1.7,-1.8,0.394771629053403,0.0181200057426343,0.0025995716983368,0.000673003726592424,0.00309863858582762,0,1.39519853485763e-06
72688,2022,12,34.10414167,-117.28645,146.11,23649,0.221023009228185,12.0933055877686,1013.93866511323,1.15965998204658,185.778204067356,0.180119029141167,4,40.190288775,1,1,0.838570713996887,0.016029940918088,0.00833274517208338,0.0261987149715424,0.00932137575000525,0,0,0,2.1,-2.21,0.394771629053403,0.0181200057426343,0.0025995716983368,0.000673003726592424,0.00309863858582762,0,7.81944240667727e-07
78730,2022,1,34.42044444,-119.744361,7.79,24082,0.00665838246969616,12.7856092453003,124.848475852802,10.6210717270028,213.400314530451,0.345606116071761,2,29.921259888,1,1,0.543958783149719,0.00543746910989285,0.0323423482477665,0.0724525079131126,0.00303650880232453,0.000282465916825458,0.00169479555916041,0.18925216794014,0.5,-2.4,7.86362202405353,0.0403350892538946,0.00395018565434386,0.0023598511701275,0.0179819165504972,0,8.59025628370843e-07
78731,2022,2,34.42044444,-119.744361,7.03,24082,0.00233710477400755,13.489465713501,124.848475852802,10.6210717270028,213.400314530451,0.5685377755384,2,29.921259888,1,1,0.543958783149719,0.00543746910989285,0.0323423482477665,0.0724525079131126,0.00303650880232453,0.000282465916825458,0.00169479555916041,0.18925216794014,1.1,-1.91,7.86362202405353,0.0403350892538946,0.00395018565434386,0.0023598511701275,0.0179819165504972,0,3.6218569578327e-06
78732,2022,3,34.42044444,-119.744361,6.99,24082,0.122481669214146,14.9601917266846,124.848475852802,10.6210717270028,213.400314530451,0.665824170261099,2,29.921259888,1,1,0.543958783149719,0.00543746910989285,0.0323423482477665,0.0724525079131126,0.00303650880232453,0.000282465916825458,0.00169479555916041,0.18925216794014,1.8,-1.67,7.86362202405353,0.0403350892538946,0.00395018565434386,0.0023598511701275,0.0179819165504972,0,2.41872822210037e-06
78733,2022,4,34.42044444,-119.744361,7.09,24082,0.0212608078656501,16.173547744751,124.848475852802,10.6210717270028,213.400314530451,0.891137912933331,2,29.921259888,1,1,0.543958783149719,0.00543746910989285,0.0323423482477665,0.0724525079131126,0.00303650880232453,0.000282465916825458,0.00169479555916041,0.18925216794014,1.7,-2.1,7.86362202405353,0.0403350892538946,0.00395018565434386,0.0023598511701275,0.0179819165504972,0,1.3785406713209e-06
78734,2022,5,34.42044444,-119.744361,7,24082,0,16.8308620452881,124.848475852802,10.6210717270028,213.400314530451,1.04885071440798,2,29.921259888,1,1,0.543958783149719,0.00543746910989285,0.0323423482477665,0.0724525079131126,0.00303650880232453,0.000282465916825458,0.00169479555916041,0.18925216794014,1.4,-2.25,7.86362202405353,0.0403350892538946,0.00395018565434386,0.0023598511701275,0.0179819165504972,0,1.22042723504229e-05
78735,2022,6,34.42044444,-119.744361,7.04,24082,0,20.5106678009033,124.848475852802,10.6210717270028,213.400314530451,1.07526193617011,2,29.921259888,1,1,0.543958783149719,0.00543746910989285,0.0323423482477665,0.0724525079131126,0.00303650880232453,0.000282465916825458,0.00169479555916041,0.18925216794014,1.7,-1.34,7.86362202405353,0.0403350892538946,0.00395018565434386,0.0023598511701275,0.0179819165504972,0,9.70048912847772e-06
89460,2022,8,34.6572051,-120.4926649,42.33,24858,0,17.3847312927246,65.9057463139039,0.143381628722598,91.2651182002284,0.814151715091882,4,46.653543378,4,2,0.0875943601131439,0.00270616728812456,0.00776242697611451,0.0545506328344345,0.136447802186012,0.441105246543884,0.036675687879324,0.000213644772884436,1,-2.38,8.414764742488,0.0310794290144651,0.00395018565434386,0.0023598511701275,0.0527385461511711,1,0.000671081510229781
105880,2022,8,36.67328277,-119.7793089,94.69,27366,0.014188422640142,29.4159317016602,278.8713915,0.13966384367277,273.765504961516,1.35265430646031,4,58.267716624,3,2,0.154579475522041,0.00487253721803427,0.00946260895580053,0.00706164818257093,0.0182896684855223,0.614928305149078,0.000353082403307781,0.000211849444895051,1,-2.38,2.85852241356127,0.0456133142592929,0.0239872796145598,0.0196674441862379,0.00661747080321113,0,0.00490303908691737
105996,2022,2,36.7601083,-120.313261,72.15,27423,0.00619305753335112,11.7192859649658,167.3228349,0.0134453489218493,207.142386588847,0.384327370934933,4,73.982939745,4,6,0.016450647264719,0.00932915508747101,0.00519868964329362,0.00441532535478473,0.0566870830953121,0.64919525384903,0.0556900724768639,0.0256373733282089,1.1,-1.91,1.39441116487387,0.0441056003091665,0.0239872796145598,0.0196674441862379,0.00673681891905144,1,0.00105452991184417
105997,2022,4,36.7601083,-120.313261,89.74,27423,0.088816796835787,17.1559085845947,167.3228349,0.0134453489218493,207.142386588847,0.86125932158573,4,73.982939745,4,6,0.016450647264719,0.00932915508747101,0.00519868964329362,0.00441532535478473,0.0566870830953121,0.64919525384903,0.0556900724768639,0.0256373733282089,1.7,-2.1,1.39441116487387,0.0441056003091665,0.0239872796145598,0.0196674441862379,0.00673681891905144,1,0.00155947383330893
105998,2022,12,36.7601083,-120.313261,63.01,27423,0.610407682530638,8.70512676239014,167.3228349,0.0134453489218493,207.142386588847,0.106807168236827,4,73.982939745,4,6,0.016450647264719,0.00932915508747101,0.00519868964329362,0.00441532535478473,0.0566870830953121,0.64919525384903,0.0556900724768639,0.0256373733282089,2.1,-2.21,1.39441116487387,0.0441056003091665,0.0239872796145598,0.0196674441862379,0.00673681891905144,1,0.000172813879064071
106114,2022,6,36.8903333,-120.6554167,149.21,27629,0,24.9780044555664,160.783334147575,0.0698192575698412,43.1963623445157,1.43999945992107,4,45.472441014,4,5,0.00363196129910648,0.00270616728812456,0.00206523295491934,0.0019940179772675,0.00391682097688317,0.934624671936035,0,0,1.7,-1.34,3.00578225929347,0.078932458024833,0.0239872796145598,0.0196674441862379,0.0056233822088999,1,0.00544405279015119
106115,2022,9,36.8903333,-120.6554167,154.21,27629,0.0143064898986207,25.8758964538574,160.783334147575,0.0698192575698412,43.1963623445157,1.06024814877006,4,45.472441014,4,5,0.00363196129910648,0.00270616728812456,0.00206523295491934,0.0019940179772675,0.00391682097688317,0.934624671936035,0,0,1.6,-2.29,3.00578225929347,0.078932458024833,0.0239872796145598,0.0196674441862379,0.0056233822088999,1,0.00405722519962795
106841,2022,1,37.63160016,-118.8390193,39.21,28265,0,0.326566129922867,7093.1758638,0.188702281380145,242.332375547056,0.0249881741635733,10,158.661417564,1,2,0.0661447867751122,0.00237000873312354,0.00797184742987156,0.810902059078217,0.00244182697497308,0.00100545817986131,0.0158000569790602,0,0.5,-2.4,9.8252992766834,0.0570651465355579,0.00192185004993283,0.00133803757061528,0.0119286210997899,0,0
106842,2022,6,37.63160016,-118.8390193,38.78,28265,0,15.7036075592041,7093.1758638,0.188702281380145,242.332375547056,1.05532298411183,10,158.661417564,1,2,0.0661447867751122,0.00237000873312354,0.00797184742987156,0.810902059078217,0.00244182697497308,0.00100545817986131,0.0158000569790602,0,1.7,-1.34,9.8252992766834,0.0570651465355579,0.00192185004993283,0.00133803757061528,0.0119286210997899,0,0
106843,2022,10,37.63160016,-118.8390193,39.03,28265,0.0246493991966157,9.87155532836914,7093.1758638,0.188702281380145,242.332375547056,0.498847912122386,10,158.661417564,1,2,0.0661447867751122,0.00237000873312354,0.00797184742987156,0.810902059078217,0.00244182697497308,0.00100545817986131,0.0158000569790602,0,1.7,-1.8,9.8252992766834,0.0570651465355579,0.00192185004993283,0.00133803757061528,0.0119286210997899,0,0
106844,2022,11,37.63160016,-118.8390193,39.21,28265,0.147237715356707,0.253479093313217,7093.1758638,0.188702281380145,242.332375547056,0.107690818830163,10,158.661417564,1,2,0.0661447867751122,0.00237000873312354,0.00797184742987156,0.810902059078217,0.00244182697497308,0.00100545817986131,0.0158000569790602,0,0.3,-2.41,9.8252992766834,0.0570651465355579,0.00192185004993283,0.00133803757061528,0.0119286210997899,0,0
108085,2022,11,38.50075,-121.2113056,183.7,28935,0.123128227861584,10.6131391525269,194.904120428056,1.235763203733,304.417873161765,0.213248460948612,2,8.169291351,2,4,0.0109455548226833,0.00409575598314404,0.00557870185002685,0.0136289810761809,0.644163548946381,0.161076188087463,0.00388390640728176,0.000141232958412729,0.3,-2.41,60.0261889391396,0.0165070520615737,0.082147911019395,0.0460512835945273,0.00636128069898734,0,5.65777035955336e-05
109471,2022,1,41.61124606,-121.2118976,330.32,30548,0.0345366583620718,2.91287422180176,4408.84487092887,0.838409718884701,294.342637957038,0.0927811533918943,9,96.227034267,2,2,0.0109455548226833,0.0013417131267488,0.0545865409076214,0.418755739927292,0.232045754790306,0,0,0,0.5,-2.4,29.4371853172016,0.064805612272061,0.00418290052960676,0.00176152749352692,0.00398117064120558,0,0
109472,2022,4,41.61124606,-121.2118976,330.91,30548,0.215393677485704,5.61189079284668,4408.84487092887,0.838409718884701,294.342637957038,0.594713156895726,9,96.227034267,2,2,0.0109455548226833,0.0013417131267488,0.0545865409076214,0.418755739927292,0.232045754790306,0,0,0,1.7,-2.1,29.4371853172016,0.064805612272061,0.00418290052960676,0.00176152749352692,0.00398117064120558,0,0
109473,2022,7,41.61124606,-121.2118976,331.9,30548,0,22.9643154144287,4408.84487092887,0.838409718884701,294.342637957038,1.20681082040391,9,96.227034267,2,2,0.0109455548226833,0.0013417131267488,0.0545865409076214,0.418755739927292,0.232045754790306,0,0,0,0.8,-2.62,29.4371853172016,0.064805612272061,0.00418290052960676,0.00176152749352692,0.00398117064120558,0,1.53324015634378e-05
109474,2022,10,41.61124606,-121.2118976,333.44,30548,0.00997977073689516,13.8671646118164,4408.84487092887,0.838409718884701,294.342637957038,0.56040921634341,9,96.227034267,2,2,0.0109455548226833,0.0013417131267488,0.0545865409076214,0.418755739927292,0.232045754790306,0,0,0,1.7,-1.8,29.4371853172016,0.064805612272061,0.00418290052960676,0.00176152749352692,0.00398117064120558,0,4.16709062807656e-06
113380,2022,2,33.94188889,-118.067611,107.66,31241,0.0300849423152421,16.4098968505859,145.534187089895,0.320256149062005,275.633222423473,0.686532319479158,4,18.503937036,4,2,0.988819241523743,0.000712149252649397,0.00078336417209357,0.000498504494316876,0.000427289545768872,0.000284859706880525,7.12149267201312e-05,0,1.1,-1.91,15.8429114765273,0.107053224420595,0.0257893802889793,0.0425448183108258,0.00472975861463075,0,3.75208227310291e-06
113381,2022,4,33.94188889,-118.067611,107.66,31241,0.0187299164233214,19.134147644043,145.534187089895,0.320256149062005,275.633222423473,1.05073413357787,4,18.503937036,4,2,0.988819241523743,0.000712149252649397,0.00078336417209357,0.000498504494316876,0.000427289545768872,0.000284859706880525,7.12149267201312e-05,0,1.7,-2.1,15.8429114765273,0.107053224420595,0.0257893802889793,0.0425448183108258,0.00472975861463075,0,6.99087430482386e-06
113382,2022,11,33.94188889,-118.067611,107.15,31241,0.133933871014742,16.4733963012695,145.534187089895,0.320256149062005,275.633222423473,0.503241422121529,4,18.503937036,4,2,0.988819241523743,0.000712149252649397,0.00078336417209357,0.000498504494316876,0.000427289545768872,0.000284859706880525,7.12149267201312e-05,0,0.3,-2.41,15.8429114765273,0.107053224420595,0.0257893802889793,0.0425448183108258,0.00472975861463075,0,2.08222290798597e-06
120081,2022,1,34.75575,-120.29465,107.304301075269,31755,0.0162084209257977,12.6048440933228,591.340621420525,1.91053340214341,276.14874569607,0.422862346420848,2,21.358267749,2,4,0.0629899054765701,0.00275404285639524,0.0253513175994158,0.191300049424171,0.244686111807823,0.240307882428169,0,0.000211849444895051,0.5,-2.4,43.5443125407961,0.00618602010868097,0.00395018565434386,0.0023598511701275,0.00528341330129653,0,0
120082,2022,2,34.75575,-120.29465,107.326111111111,31755,0.0122827072655653,12.7083168029785,591.340621420525,1.91053340214341,276.14874569607,0.748548834228909,2,21.358267749,2,4,0.0629899054765701,0.00275404285639524,0.0253513175994158,0.191300049424171,0.244686111807823,0.240307882428169,0,0.000211849444895051,1.1,-1.91,43.5443125407961,0.00618602010868097,0.00395018565434386,0.0023598511701275,0.00528341330129653,0,0.000479720175659753
120083,2022,3,34.75575,-120.29465,107.195080213904,31755,0.0733842187530104,13.5286779403687,591.340621420525,1.91053340214341,276.14874569607,0.977981448721399,2,21.358267749,2,4,0.0629899054765701,0.00275404285639524,0.0253513175994158,0.191300049424171,0.244686111807823,0.240307882428169,0,0.000211849444895051,1.8,-1.67,43.5443125407961,0.00618602010868097,0.00395018565434386,0.0023598511701275,0.00528341330129653,0,0.000111835733413434
120084,2022,4,34.75575,-120.29465,107.194722222222,31755,0.0258390140425584,14.6572532653809,591.340621420525,1.91053340214341,276.14874569607,1.31173972582018,2,21.358267749,2,4,0.0629899054765701,0.00275404285639524,0.0253513175994158,0.191300049424171,0.244686111807823,0.240307882428169,0,0.000211849444895051,1.7,-2.1,43.5443125407961,0.00618602010868097,0.00395018565434386,0.0023598511701275,0.00528341330129653,0,0.000133963975961995
120085,2022,5,34.75575,-120.29465,107.20247311828,31755,0,15.2177677154541,591.340621420525,1.91053340214341,276.14874569607,1.50048103460469,2,21.358267749,2,4,0.0629899054765701,0.00275404285639524,0.0253513175994158,0.191300049424171,0.244686111807823,0.240307882428169,0,0.000211849444895051,1.4,-2.25,43.5443125407961,0.00618602010868097,0.00395018565434386,0.0023598511701275,0.00528341330129653,0,0.000885544071022114
124212,2022,1,36.45320686,-116.8281934,87.16,32355,0,11.2543754577637,515.906299055719,3.82908383972751,269.620280960936,0.122196743367423,4,618.405512751,1,3,0.00583962397649884,0.610739231109619,0.028842044994235,0.126121640205383,0.0207947585731745,0,0.000213644772884436,0,0.5,-2.4,260.245781640768,0.0443886466445705,0.000651253505809617,0.000220694762551898,0.00125014934817329,0,0
124213,2022,2,36.45320686,-116.8281934,87.15,32355,0.00476595181278452,14.446665763855,515.906299055719,3.82908383972751,269.620280960936,0.25077819862337,4,618.405512751,1,3,0.00583962397649884,0.610739231109619,0.028842044994235,0.126121640205383,0.0207947585731745,0,0.000213644772884436,0,1.1,-1.91,260.245781640768,0.0443886466445705,0.000651253505809617,0.000220694762551898,0.00125014934817329,0,0
124214,2022,3,36.45320686,-116.8281934,87.1333333333333,32355,0,19.8069744110107,515.906299055719,3.82908383972751,269.620280960936,0.517838596520357,4,618.405512751,1,3,0.00583962397649884,0.610739231109619,0.028842044994235,0.126121640205383,0.0207947585731745,0,0.000213644772884436,0,1.8,-1.67,260.245781640768,0.0443886466445705,0.000651253505809617,0.000220694762551898,0.00125014934817329,0,0
124215,2022,4,36.45320686,-116.8281934,87.1233333333333,32355,0,24.0933246612549,515.906299055719,3.82908383972751,269.620280960936,0.785478708254654,4,618.405512751,1,3,0.00583962397649884,0.610739231109619,0.028842044994235,0.126121640205383,0.0207947585731745,0,0.000213644772884436,0,1.7,-2.1,260.245781640768,0.0443886466445705,0.000651253505809617,0.000220694762551898,0.00125014934817329,0,0
124216,2022,6,36.45320686,-116.8281934,87.1766666666667,32355,0.00674939219181576,32.4739990234375,515.906299055719,3.82908383972751,269.620280960936,1.16630834721704,4,618.405512751,1,3,0.00583962397649884,0.610739231109619,0.028842044994235,0.126121640205383,0.0207947585731745,0,0.000213644772884436,0,1.7,-1.34,260.245781640768,0.0443886466445705,0.000651253505809617,0.000220694762551898,0.00125014934817329,0,0
124217,2022,7,36.45320686,-116.8281934,87.21,32355,0.00749537248198836,38.0216178894043,515.906299055719,3.82908383972751,269.620280960936,1.22975046740246,4,618.405512751,1,3,0.00583962397649884,0.610739231109619,0.028842044994235,0.126121640205383,0.0207947585731745,0,0.000213644772884436,0,0.8,-2.62,260.245781640768,0.0443886466445705,0.000651253505809617,0.000220694762551898,0.00125014934817329,0,0
124296,2022,3,36.48078889,-121.1560194,25.9,32358,0.0839891960639717,13.0660848617554,974.352671329998,12.8816485407955,318.806648095073,0.790543945392746,2,18.602362233,3,1,0.00384560599923134,0.0011394388275221,0.032402791082859,0.807862102985382,0.0155960693955421,0.00142429850529879,0.00705027766525745,0,1.8,-1.67,39.3760987126888,0.098389395153817,0.00198119349583089,0.000708677569004783,0.00649174836265544,0,0
124798,2022,2,37.646,-118.96175,351.47,32545,0.00409573278085989,-0.449308753013611,7804.30062569415,0.845212979158851,82.8385848428146,0.157398301711747,10,72.014435805,1,1,0.082056351006031,0.0053668525069952,0.663724303245544,0.0993573889136314,0,7.06164792063646e-05,0,0,1.1,-1.91,216.778783051396,0.0528656633142797,0.00192185004993283,0.00133803757061528,0.0204146668583403,0,0
125092,2022,6,38.2291111,-122.3415278,21.86,32605,0.0270673046373299,20.9428863525391,91.576045647962,2.79049950401522,263.333232045631,0.932918760260925,2,20.144356986,2,4,0.0110383136197925,0.00206523295491934,0.00356074632145464,0.00370317627675831,0.0356074646115303,0.304087728261948,0.235792621970177,0.252029627561569,1.7,-1.34,49.2032213283116,0.0049959411844311,0.0147745138148628,0.00849955314312192,0.00888212165868531,1,0.00161860921396171
125133,2022,5,38.2468611,-122.9056944,11.55,32611,0.00484971628525751,13.909987449646,96.5104734057384,3.25987478870436,148.998961890337,0.783093521227135,2,31.036745454,2,4,0.0213261768221855,0.00218911096453667,0.00840336177498102,0.567827105522156,0.135583639144897,0.00141232961323112,0.017583504319191,0,1.4,-2.25,3.61861910957029,0.0157662084202245,0.00824426014680496,0.0111649584906049,0.0245974318206807,0,2.49342041885305e-05
125506,2022,1,38.6583583,-122.8299306,16.2,32736,0.0812732454969584,10.8839874267578,162.6958468939,4.31365615884024,73.3764336169128,0.237266210481139,10,45.866141802,3,2,0.0220766272395849,0.00541233457624912,0.0205811131745577,0.0997008979320526,0.0764848291873932,0.515453636646271,0.0296254102140665,0.00206523295491934,0.5,-2.4,3.80824714148154,0.0103670845945309,0.0188290530759266,0.00988176667392455,0.0266610854546229,0,0
125507,2022,2,38.6583583,-122.8299306,17.89,32736,0.00751036829100051,12.2271509170532,162.6958468939,4.31365615884024,73.3764336169128,0.434608660379837,10,45.866141802,3,2,0.0220766272395849,0.00541233457624912,0.0205811131745577,0.0997008979320526,0.0764848291873932,0.515453636646271,0.0296254102140665,0.00206523295491934,1.1,-1.91,3.80824714148154,0.0103670845945309,0.0188290530759266,0.00988176667392455,0.0266610854546229,0,1.81810154474374e-05
125508,2022,3,38.6583583,-122.8299306,18.96,32736,0.101604943667684,13.707802772522,162.6958468939,4.31365615884024,73.3764336169128,0.640449024282825,10,45.866141802,3,2,0.0220766272395849,0.00541233457624912,0.0205811131745577,0.0997008979320526,0.0764848291873932,0.515453636646271,0.0296254102140665,0.00206523295491934,1.8,-1.67,3.80824714148154,0.0103670845945309,0.0188290530759266,0.00988176667392455,0.0266610854546229,0,4.59086130030748e-05
125511,2022,8,38.6583583,-122.8299306,20.58,32736,0,23.215274810791,162.6958468939,4.31365615884024,73.3764336169128,1.4770475795499,10,45.866141802,3,2,0.0220766272395849,0.00541233457624912,0.0205811131745577,0.0997008979320526,0.0764848291873932,0.515453636646271,0.0296254102140665,0.00206523295491934,1,-2.38,3.80824714148154,0.0103670845945309,0.0188290530759266,0.00988176667392455,0.0266610854546229,0,0.000120496137344469
125679,2022,7,39.23185119,-120.0821366,69.9,32847,0,18.4641265869141,6313.17521702919,5.68682325839041,146.842937646327,1.21732446650313,9,44.980315029,3,2,0.062953993678093,0.00341831636615098,0.800883054733276,0.0104685937985778,0.0055547640658915,0.000142429853440262,0.000498504494316876,0.0272041019052267,0.8,-2.62,0.807010909678888,0.0172146538965075,0.00937775510688717,0.00941510142049572,0.0614873646232982,0,0
125687,2022,6,39.3254722,-120.176,72.85,32855,0.037515560842953,13.7661371231079,5875.17062969808,2.67612537940428,31.0408656056997,1.05473666213752,4,58.39895022,4,2,0.294829785823822,0.011536817997694,0.236148700118065,0.151189282536507,0.00270616728812456,0,0.000284859706880525,0.000427289545768872,1.7,-1.34,42.5056335514589,0.0139879966773313,0.00602865305322918,0.00336074141046224,0.0357338501948615,0,0
125747,2022,12,40.0718611,-122.1619167,42.2,32906,0.593967288462039,8.05434131622314,249.779695365014,0.773430484162297,167.594963709953,0.117746062970853,4,28.379265135,2,2,0.0342573970556259,0.00926457904279232,0.00933639798313379,0.00560183869674802,0.2116489559412,0.540936529636383,0.00452456204220653,0.000502729089930654,2.1,-2.21,8.14345331628835,0.00880428750442582,0.00971126424480561,0.0164718038033363,0.0245333432997266,1,0.000311641891366715
125788,2022,5,40.54291667,-124.06975,13.88,32941,0.195469906620965,12.5470390319824,134.5144359,0.382062204773302,142.814957424424,0.688577487820752,4,76.017060483,3,2,0.0589647628366947,0.0293764565140009,0.0749947056174278,0.0312831029295921,0.0473836585879326,0.343266725540161,0.0977332144975662,0.000141232958412729,1.4,-2.25,0.310644894098083,0.0186037198813288,0.00217901707919113,0.000813820743388511,0.0957595761008064,0,1.70061083765011e-10
143218,2022,4,37.9391111,-105.2803611,139.06,33886,0.0694941599342777,4.34942579269409,9079.77397039133,1.95483744130399,270.136141061764,0.534823160659039,3,119.291338764,3,2,7.18184455763549e-05,7.18184455763549e-05,0.0129991378635168,0.151321455836296,0.596883058547974,0.000502729089930654,0.000574547564610839,0,1.7,-2.1,46.4316929499201,0.0152912418018516,0.000141923856413118,0.00676957353466405,0.0130091641148056,0,0
143219,2022,9,37.9391111,-105.2803611,139.21,33886,0.0844654700294048,13.9793729782104,9079.77397039133,1.95483744130399,270.136141061764,0.504547780721237,3,119.291338764,3,2,7.18184455763549e-05,7.18184455763549e-05,0.0129991378635168,0.151321455836296,0.596883058547974,0.000502729089930654,0.000574547564610839,0,1.6,-2.29,46.4316929499201,0.0152912418018516,0.000141923856413118,0.00676957353466405,0.0130091641148056,0,0
144753,2022,4,38.0345,-105.5066194,21.22,34009,0.0930299722778955,3.2535412311554,8768.17835458297,6.04110548502831,63.7413624421513,0.309815194508249,2,35.10498693,4,2,0.00600240100175142,0.00197726138867438,0.303297787904739,0.0859402567148209,0.191864982247353,0.0739354565739632,0.0908834114670753,0,1.7,-2.1,45.3850979631283,0.0182733077551376,0.000141923856413118,0.00676957353466405,0.0159272563314686,0,0
144754,2022,9,38.0345,-105.5066194,21.39,34009,0.0672833438704531,12.7113914489746,8768.17835458297,6.04110548502831,63.7413624421513,0.683437809018059,2,35.10498693,4,2,0.00600240100175142,0.00197726138867438,0.303297787904739,0.0859402567148209,0.191864982247353,0.0739354565739632,0.0908834114670753,0,1.6,-2.29,45.3850979631283,0.0182733077551376,0.000141923856413118,0.00676957353466405,0.0159272563314686,0,3.55823908172429e-07
150517,2022,4,38.53827778,-106.0660556,25.94,34910,0.0557262128640718,6.1588659286499,7576.85974321528,1.3875208506732,131.547361968322,0.522891418370741,2,106.29921276,1,2,0.0355200916528702,0.00303650880232453,0.112492054700851,0.211496368050575,0.0443471521139145,0.25104159116745,0.0247863847762346,0,1.7,-2.1,164.32750907104,0.0154623261302285,0.000290555267783803,0.0196103545612522,0.00321943629145001,1,0
150518,2022,9,38.53827778,-106.0660556,14.74,34910,0.0661718126737112,15.6545600891113,7576.85974321528,1.3875208506732,131.547361968322,0.572481231358145,2,106.29921276,1,2,0.0355200916528702,0.00303650880232453,0.112492054700851,0.211496368050575,0.0443471521139145,0.25104159116745,0.0247863847762346,0,1.6,-2.29,164.32750907104,0.0154623261302285,0.000290555267783803,0.0196103545612522,0.00321943629145001,1,0
152104,2022,2,38.7029111,-104.3880583,28.75,35135,0.0277323860930408,-2.78748869895935,5604.2698989604,0.295072547792838,236.826251789658,0.121279789265428,4,142.093176069,3,2,0.00310712517239153,0.000847397779580206,0.00183602853212506,0.0367205701768398,0.747475445270538,0.0207612458616495,0.000494315347168595,0,1.1,-1.91,13.1580132086201,0.0181419394317424,0.00164721263911135,0.00538958786800298,0.00491810954666386,0,0
152106,2022,6,38.7029111,-104.3880583,28.73,35135,0.0312897978029245,20.2710609436035,5604.2698989604,0.295072547792838,236.826251789658,0.884512654845474,4,142.093176069,3,2,0.00310712517239153,0.000847397779580206,0.00183602853212506,0.0367205701768398,0.747475445270538,0.0207612458616495,0.000494315347168595,0,1.7,-1.34,13.1580132086201,0.0181419394317424,0.00164721263911135,0.00538958786800298,0.00491810954666386,0,0.000677494137274236
152107,2022,8,38.7029111,-104.3880583,28.46,35135,0.20538779412598,22.0881328582764,5604.2698989604,0.295072547792838,236.826251789658,0.768217954026123,4,142.093176069,3,2,0.00310712517239153,0.000847397779580206,0.00183602853212506,0.0367205701768398,0.747475445270538,0.0207612458616495,0.000494315347168595,0,1,-2.38,13.1580132086201,0.0181419394317424,0.00164721263911135,0.00538958786800298,0.00491810954666386,0,0.000558930772985116
152108,2022,10,38.7029111,-104.3880583,28.9,35135,0.00684311462926862,10.9590454101562,5604.2698989604,0.295072547792838,236.826251789658,0.384769715621157,4,142.093176069,3,2,0.00310712517239153,0.000847397779580206,0.00183602853212506,0.0367205701768398,0.747475445270538,0.0207612458616495,0.000494315347168595,0,1.7,-1.8,13.1580132086201,0.0181419394317424,0.00164721263911135,0.00538958786800298,0.00491810954666386,0,0
163239,2022,9,39.5358171,-103.9132909,10.69,36281,0.0778066330938469,18.6232891082764,5334.27487889551,4.75314187855609,285.446264952288,0.610794358668755,2,117.027559233,3,2,0,0,0,0.00183602853212506,0.918508589267731,0.0469599589705467,0.00197726138867438,0,1.6,-2.29,43.4514888662953,0.0179128077414663,0.000531581660519043,0.000910061585479239,0.0055979302335903,0,0
163960,2022,4,39.55942805,-103.9105128,12.27,36326,0,7.82865428924561,5277.62980253854,1.06022707821665,236.037303856374,0.641418317833603,2,88.615485699,3,2,0,0,0,0.00183602853212506,0.918508589267731,0.0469599589705467,0.00197726138867438,0,1.7,-2.1,22.6647225296421,0.0161748979174664,0.000531581660519043,0.000910061585479239,0.00554889982620254,0,0
163961,2022,6,39.55942805,-103.9105128,12.19,36326,0.0474116026980752,20.2116527557373,5277.62980253854,1.06022707821665,236.037303856374,0.90052957746763,2,88.615485699,3,2,0,0,0,0.00183602853212506,0.918508589267731,0.0469599589705467,0.00197726138867438,0,1.7,-1.34,22.6647225296421,0.0161748979174664,0.000531581660519043,0.000910061585479239,0.00554889982620254,0,0
163963,2022,12,39.55942805,-103.9105128,12.4,36326,0.128423635923294,-3.38456511497498,5277.62980253854,1.06022707821665,236.037303856374,0.0347932055143627,2,88.615485699,3,2,0,0,0,0.00183602853212506,0.918508589267731,0.0469599589705467,0.00197726138867438,0,2.1,-2.21,22.6647225296421,0.0161748979174664,0.000531581660519043,0.000910061585479239,0.00554889982620254,0,0
169425,2022,3,40.23151,-103.867823,61.96,38232,0.133212445178729,3.59020590782166,4396.325466,0.823470125717058,10.0910317928903,0.35546673305606,2,126.345144549,4,2,0.04109101369977,0.0019940179772675,0.00626691337674856,0.0045577553100884,0.2350804656744,0.579547047615051,0.00270616728812456,0.000640934333205223,1.8,-1.67,24.5890858666021,0.100953214989079,0.00207464108555197,0.0137497782985108,0.00576842877869184,1,0
169426,2022,10,40.23151,-103.867823,68.48,38232,0.0226420524270501,10.8055601119995,4396.325466,0.823470125717058,10.0910317928903,0.394937310606354,2,126.345144549,4,2,0.04109101369977,0.0019940179772675,0.00626691337674856,0.0045577553100884,0.2350804656744,0.579547047615051,0.00270616728812456,0.000640934333205223,1.7,-1.8,24.5890858666021,0.100953214989079,0.00207464108555197,0.0137497782985108,0.00576842877869184,1,0.000250994108677787
169641,2022,1,40.257877,-104.093548,97.6029032258065,38234,0.0915268276133995,-3.49682974815369,4523.26823582093,0.77257463465572,189.239794921341,0.052893837686273,4,110.23622064,4,2,0.062455490231514,0.00320467166602612,0.00484261522069573,0.00534111959859729,0.0897308066487312,0.71350234746933,0,0.00142429850529879,0.5,-2.4,16.7172255732608,0.0832127662482026,0.00207464108555197,0.0137497782985108,0.00573515568977843,1,0
169642,2022,2,40.257877,-104.093548,97.2510714285714,38234,0.0512046483084764,-3.23224711418152,4523.26823582093,0.77257463465572,189.239794921341,0.128868183321854,4,110.23622064,4,2,0.062455490231514,0.00320467166602612,0.00484261522069573,0.00534111959859729,0.0897308066487312,0.71350234746933,0,0.00142429850529879,1.1,-1.91,16.7172255732608,0.0832127662482026,0.00207464108555197,0.0137497782985108,0.00573515568977843,1,0
169643,2022,3,40.257877,-104.093548,96.9793548387097,38234,0.0889245107205196,3.87408304214478,4523.26823582093,0.77257463465572,189.239794921341,0.335704098107888,4,110.23622064,4,2,0.062455490231514,0.00320467166602612,0.00484261522069573,0.00534111959859729,0.0897308066487312,0.71350234746933,0,0.00142429850529879,1.8,-1.67,16.7172255732608,0.0832127662482026,0.00207464108555197,0.0137497782985108,0.00573515568977843,1,0
169644,2022,4,40.257877,-104.093548,97.0356666666667,38234,0.00449295354384663,9.06733417510986,4523.26823582093,0.77257463465572,189.239794921341,0.649860312981564,4,110.23622064,4,2,0.062455490231514,0.00320467166602612,0.00484261522069573,0.00534111959859729,0.0897308066487312,0.71350234746933,0,0.00142429850529879,1.7,-2.1,16.7172255732608,0.0832127662482026,0.00207464108555197,0.0137497782985108,0.00573515568977843,1,1.04802058763153e-05
169645,2022,5,40.257877,-104.093548,98.0732258064516,38234,0.17924730573451,14.219916343689,4523.26823582093,0.77257463465572,189.239794921341,0.782451630827998,4,110.23622064,4,2,0.062455490231514,0.00320467166602612,0.00484261522069573,0.00534111959859729,0.0897308066487312,0.71350234746933,0,0.00142429850529879,1.4,-2.25,16.7172255732608,0.0832127662482026,0.00207464108555197,0.0137497782985108,0.00573515568977843,1,9.31880517263066e-05
169646,2022,6,40.257877,-104.093548,97.8456666666667,38234,0.0653690867278719,21.5325965881348,4523.26823582093,0.77257463465572,189.239794921341,0.95492996401019,4,110.23622064,4,2,0.062455490231514,0.00320467166602612,0.00484261522069573,0.00534111959859729,0.0897308066487312,0.71350234746933,0,0.00142429850529879,1.7,-1.34,16.7172255732608,0.0832127662482026,0.00207464108555197,0.0137497782985108,0.00573515568977843,1,0.000215235572930111
169871,2022,1,40.335753,-103.489293,10.27,38236,0.0531901713301186,-3.02409553527832,4155.19021393782,0.657972848898942,232.461767294333,0.0635256793269361,2,73.917322947,2,2,0.0242130756378174,0.00163794332183897,0.00562597904354334,0.00384560599923134,0.271756172180176,0.583962380886078,0.00249252235516906,0.00306224194355309,0.5,-2.4,0.404184366997625,0.0324727280616945,0.00207464108555197,0.0137497782985108,0.00616898814569538,1,0
169872,2022,2,40.335753,-103.489293,10.6092857142857,38236,0.0355144842942962,-2.93352937698364,4155.19021393782,0.657972848898942,232.461767294333,0.153145001861987,2,73.917322947,2,2,0.0242130756378174,0.00163794332183897,0.00562597904354334,0.00384560599923134,0.271756172180176,0.583962380886078,0.00249252235516906,0.00306224194355309,1.1,-1.91,0.404184366997625,0.0324727280616945,0.00207464108555197,0.0137497782985108,0.00616898814569538,1,0
169874,2022,4,40.335753,-103.489293,10.9253333333333,38236,0.00552967504468278,8.58023548126221,4155.19021393782,0.657972848898942,232.461767294333,0.681472388875328,2,73.917322947,2,2,0.0242130756378174,0.00163794332183897,0.00562597904354334,0.00384560599923134,0.271756172180176,0.583962380886078,0.00249252235516906,0.00306224194355309,1.7,-2.1,0.404184366997625,0.0324727280616945,0.00207464108555197,0.0137497782985108,0.00616898814569538,1,1.93918045221314e-05
169875,2022,5,40.335753,-103.489293,10.2441935483871,38236,0.172655388701545,14.3426141738892,4155.19021393782,0.657972848898942,232.461767294333,0.807838491230965,2,73.917322947,2,2,0.0242130756378174,0.00163794332183897,0.00562597904354334,0.00384560599923134,0.271756172180176,0.583962380886078,0.00249252235516906,0.00306224194355309,1.4,-2.25,0.404184366997625,0.0324727280616945,0.00207464108555197,0.0137497782985108,0.00616898814569538,1,0.000108381236855815
172284,2022,1,37.00006,-107.601475,2.78566666666667,38273,0.00780606599552486,0.276959657669067,6146.29872485475,10.1042395156179,86.0759183525835,0.118104892319505,4,60.793963347,4,2,0.00141232961323112,0.000494315347168595,0.274133175611496,0.50653201341629,0.00331897474825382,0.0230915900319815,0.0144057618454099,0.000494315347168595,0.5,-2.4,13.5839189025019,0.00266451581364652,0.000202291241946838,0.0279128057611834,0.00444666159815465,0,0
172285,2022,2,37.00006,-107.601475,2.77,38273,0.0440287090079653,0.05217070505023,6146.29872485475,10.1042395156179,86.0759183525835,0.202156903231263,4,60.793963347,4,2,0.00141232961323112,0.000494315347168595,0.274133175611496,0.50653201341629,0.00331897474825382,0.0230915900319815,0.0144057618454099,0.000494315347168595,1.1,-1.91,13.5839189025019,0.00266451581364652,0.000202291241946838,0.0279128057611834,0.00444666159815465,0,0
172286,2022,11,37.00006,-107.601475,2.77,38273,0.0794876530371162,2.1048412322998,6146.29872485475,10.1042395156179,86.0759183525835,0.316871333165858,4,60.793963347,4,2,0.00141232961323112,0.000494315347168595,0.274133175611496,0.50653201341629,0.00331897474825382,0.0230915900319815,0.0144057618454099,0.000494315347168595,0.3,-2.41,13.5839189025019,0.00266451581364652,0.000202291241946838,0.0279128057611834,0.00444666159815465,0,0
172322,2022,3,39.260112,-103.190833,69,38275,0.165459152533252,2.49873542785645,5154.1994829,0.59056002610072,165.305268732944,0.325880576801779,2,174.048556695,3,2,0.00299102696590126,0.00056971941376105,0.0022788776550442,0.0150263495743275,0.226036176085472,0.665218651294708,0,0,1.8,-1.67,115.463627467607,0.0106911781747152,0.000270858579210715,6.67413336864186e-05,0.00626017658593754,0,0
172647,2022,8,38.908077,-107.741736,295.51,38295,0.218412419648637,18.2200012207031,8319.9521770084,4.10563924564945,229.080208444855,0.967472208046848,2,50.590551258,4,2,0.000213644772884436,0.000213644772884436,0.545862436294556,0.295613169670105,0.00213644769974053,0.000284859706880525,0.000356074626324698,0.00299102696590126,1,-2.38,136.554410346031,0.00195149941830421,0.000483435270689578,0.0446413647369412,0.0234066181315482,0,0
172692,2022,8,37.159407,-107.678401,31.84,38298,0.104435848284691,20.8917560577393,6624.06181728789,1.16953395527201,162.525296793383,0.679258412670227,2,103.740157638,4,2,0.00550808571279049,0.000847397779580206,0.0377092026174068,0.355765849351883,0.0151119269430637,0.389802992343903,0.00501377042382956,0,1,-2.38,8.76010951800506,0.0261494000518534,0.000202291241946838,0.0279128057611834,0.00845747460621099,0,0
173893,2022,3,37.260349,-102.441051,123.43,38327,0.0352767196450567,5.81358957290649,4183.0708725,0.345054688023603,124.877567962767,0.53378973814232,2,188.746719447,4,2,0.00649671629071236,0.00148294609971344,0.00451945466920733,0.030506320297718,0.216510131955147,0.624814629554749,0,0,1.8,-1.67,117.86482170579,0.0931115175437605,0.00710504536241072,1.12501707899782e-05,0.00621911854041119,1,0
174268,2022,2,37.375613,-102.613021,218.39,38350,0.0340137613618278,-0.811846137046814,4405.71424193015,1.63142779533845,109.735487531174,0.246315052877449,2,181.364829672,3,2,0.0298707727342844,0.00254219328053296,0.00571993505582213,0.0547277741134167,0.681307792663574,0.0199138484895229,7.06164792063646e-05,0,1.1,-1.91,84.0297084493641,0.0611488712448492,0.00710504536241072,1.12501707899782e-05,0.00498329041614508,0,0
178675,2022,1,39.97335,-102.980392,274,38437,0.0476174999820674,-2.29517006874084,4439.15343615402,1.2003344522308,65.6294881872668,0.107130466333662,2,261.876640818,4,2,0.00313345668837428,0.00078336417209357,0.00220766267739236,0.00213644769974053,0.0522717572748661,0.882851421833038,0,0,0.5,-2.4,112.651714986786,0.0825470477583455,0.0024616297630504,0.000315754315519779,0.00643320561114699,0,0
182143,2022,8,39.920914,-108.21841,351.03,38579,0.0811459887979563,20.6265525817871,7122.1490927214,4.20300899868129,31.3756518439473,0.717961620310744,2,70.013123466,4,2,0.0229312069714069,0.00185158813837916,0.559678137302399,0.27488961815834,7.12149267201312e-05,0,0,0,1,-2.38,154.236545947369,0.213854240018628,0.000568655115576295,0.00608871619432986,0.00599182551069806,0,0
189981,2022,1,37.0012696740436,-105.664985114203,125.62,39023,0.0567577956153746,-3.6785671710968,7506.2230987909,0.473690537759242,29.5029228734899,0.058557711963101,2,188.254593462,3,2,7.06164792063646e-05,0.000564931833650917,0.00169479555916041,0.981710314750671,0.000706164806615561,0,0,0,0.5,-2.4,2.75792940657848,0.0742381830862672,0.00410644260941787,0.00683744897771883,0.00523665874732037,0,0
190309,2022,2,37.1327897345165,-105.946132207551,4.3,39029,0.0169337155882343,-5.2657322883606,7739.81483078257,0.95206987491088,244.384140994483,0.142399157342566,4,186.482939916,7,5,0.00229819025844336,0.000574547564610839,0.00229819025844336,0.00459638051688671,0.0202528014779091,0.537058293819427,0.140333235263824,0,1.1,-1.91,4.74803639305108,0.00242569646957945,0.00677376925133226,0.0278750800446336,0.00408866562970603,1,0
190310,2022,3,37.1327897345165,-105.946132207551,4.07,39029,0.0383065254313093,0.536691129207611,7739.81483078257,0.95206987491088,244.384140994483,0.348792890142719,4,186.482939916,7,5,0.00229819025844336,0.000574547564610839,0.00229819025844336,0.00459638051688671,0.0202528014779091,0.537058293819427,0.140333235263824,0,1.8,-1.67,4.74803639305108,0.00242569646957945,0.00677376925133226,0.0278750800446336,0.00408866562970603,1,0
190312,2022,5,37.1327897345165,-105.946132207551,0.82,39029,0.0377740291108317,11.9481630325317,7739.81483078257,0.95206987491088,244.384140994483,1.01545769552956,4,186.482939916,7,5,0.00229819025844336,0.000574547564610839,0.00229819025844336,0.00459638051688671,0.0202528014779091,0.537058293819427,0.140333235263824,0,1.4,-2.25,4.74803639305108,0.00242569646957945,0.00677376925133226,0.0278750800446336,0.00408866562970603,1,0.00123907546302866
190558,2022,3,37.1375109478187,-106.020578589111,44.82,39030,0.0499774747141362,0.34225732088089,7822.1270112358,0.891135896415248,183.738636056182,0.422305310508261,4,161.646981873,5,6,0.00797607190907001,0.00178037316072732,0.00484261522069573,0.0917960405349731,0.027987465262413,0.525067627429962,0.0853154808282852,0,1.8,-1.67,21.8951608585144,0.00493062399955492,0.00677376925133226,0.0278750800446336,0.00275774818421031,0,0
190559,2022,4,37.1375109478187,-106.020578589111,43.81,39030,0.0104150528202521,5.90611505508423,7822.1270112358,0.891135896415248,183.738636056182,0.848943055810007,4,161.646981873,5,6,0.00797607190907001,0.00178037316072732,0.00484261522069573,0.0917960405349731,0.027987465262413,0.525067627429962,0.0853154808282852,0,1.7,-2.1,21.8951608585144,0.00493062399955492,0.00677376925133226,0.0278750800446336,0.00275774818421031,0,0
196925,2022,1,39.8601333333333,-108.350955555556,59.6096774193548,39126,0.0276465303736118,-3.92966794967651,6404.49776715389,9.84050510713599,173.586718131558,0.0152537046999764,4,56.922572265,1,1,0.000635548320133239,7.06164792063646e-05,0.417343407869339,0.379281133413315,0.00155356258619577,0.0209730956703424,0,0,0.5,-2.4,80.4888984321659,0.0096362378522127,0.000568655115576295,0.00608871619432986,0.010060106236351,0,0
196926,2022,2,39.8601333333333,-108.350955555556,59.4453571428571,39126,0.0750224234752642,-4.23462677001953,6404.49776715389,9.84050510713599,173.586718131558,0.0881189187455624,4,56.922572265,1,1,0.000635548320133239,7.06164792063646e-05,0.417343407869339,0.379281133413315,0.00155356258619577,0.0209730956703424,0,0,1.1,-1.91,80.4888984321659,0.0096362378522127,0.000568655115576295,0.00608871619432986,0.010060106236351,0,0
196927,2022,3,39.8601333333333,-108.350955555556,59.2548387096774,39126,0.170720143214724,2.19986295700073,6404.49776715389,9.84050510713599,173.586718131558,0.241910053731013,4,56.922572265,1,1,0.000635548320133239,7.06164792063646e-05,0.417343407869339,0.379281133413315,0.00155356258619577,0.0209730956703424,0,0,1.8,-1.67,80.4888984321659,0.0096362378522127,0.000568655115576295,0.00608871619432986,0.010060106236351,0,0
196928,2022,4,39.8601333333333,-108.350955555556,59.13,39126,0.118789435239314,6.75844764709473,6404.49776715389,9.84050510713599,173.586718131558,0.541480908753841,4,56.922572265,1,1,0.000635548320133239,7.06164792063646e-05,0.417343407869339,0.379281133413315,0.00155356258619577,0.0209730956703424,0,0,1.7,-2.1,80.4888984321659,0.0096362378522127,0.000568655115576295,0.00608871619432986,0.010060106236351,0,0
196929,2022,5,39.8601333333333,-108.350955555556,59.1377419354839,39126,0.116888619648142,11.4861755371094,6404.49776715389,9.84050510713599,173.586718131558,0.821730297066087,4,56.922572265,1,1,0.000635548320133239,7.06164792063646e-05,0.417343407869339,0.379281133413315,0.00155356258619577,0.0209730956703424,0,0,1.4,-2.25,80.4888984321659,0.0096362378522127,0.000568655115576295,0.00608871619432986,0.010060106236351,0,0
197174,2022,1,41.18255,-73.3049194,4.85,39129,0.295725820395152,-2.93650317192078,165.625801471328,1.96252581983605,200.966009512966,0.230847256428131,6,37.204724466,5,5,0.478920370340347,0.0152399940416217,0.172197699546814,0.00327588664367795,0.00534111959859729,0.00754878204315901,0.0335422307252884,0.00284859701059759,0.5,-2.4,1.13168462618059,0.000307832714777617,0.00277624256063813,0.0995490840885822,0.146511989206473,0,0
197175,2022,2,41.18255,-73.3049194,4.28,39129,0.319449808200792,0.547336935997009,165.625801471328,1.96252581983605,200.966009512966,0.296749606045404,6,37.204724466,5,5,0.478920370340347,0.0152399940416217,0.172197699546814,0.00327588664367795,0.00534111959859729,0.00754878204315901,0.0335422307252884,0.00284859701059759,1.1,-1.91,1.13168462618059,0.000307832714777617,0.00277624256063813,0.0995490840885822,0.146511989206473,0,0
197176,2022,3,41.18255,-73.3049194,4.41,39129,0.28648611798116,5.23448944091797,165.625801471328,1.96252581983605,200.966009512966,0.55144122350213,6,37.204724466,5,5,0.478920370340347,0.0152399940416217,0.172197699546814,0.00327588664367795,0.00534111959859729,0.00754878204315901,0.0335422307252884,0.00284859701059759,1.8,-1.67,1.13168462618059,0.000307832714777617,0.00277624256063813,0.0995490840885822,0.146511989206473,0,0
197177,2022,4,41.18255,-73.3049194,4.29,39129,0.373090334080172,9.51969623565674,165.625801471328,1.96252581983605,200.966009512966,0.717282183678621,6,37.204724466,5,5,0.478920370340347,0.0152399940416217,0.172197699546814,0.00327588664367795,0.00534111959859729,0.00754878204315901,0.0335422307252884,0.00284859701059759,1.7,-2.1,1.13168462618059,0.000307832714777617,0.00277624256063813,0.0995490840885822,0.146511989206473,0,0
197178,2022,5,41.18255,-73.3049194,5.06,39129,0.311736535373454,16.6299781799316,165.625801471328,1.96252581983605,200.966009512966,0.704973627396071,6,37.204724466,5,5,0.478920370340347,0.0152399940416217,0.172197699546814,0.00327588664367795,0.00534111959859729,0.00754878204315901,0.0335422307252884,0.00284859701059759,1.4,-2.25,1.13168462618059,0.000307832714777617,0.00277624256063813,0.0995490840885822,0.146511989206473,0,0
197179,2022,6,41.18255,-73.3049194,5.37,39129,0.371448136941811,19.985200881958,165.625801471328,1.96252581983605,200.966009512966,0.790702290372661,6,37.204724466,5,5,0.478920370340347,0.0152399940416217,0.172197699546814,0.00327588664367795,0.00534111959859729,0.00754878204315901,0.0335422307252884,0.00284859701059759,1.7,-1.34,1.13168462618059,0.000307832714777617,0.00277624256063813,0.0995490840885822,0.146511989206473,0,0
197896,2022,1,41.49626667,-71.8508306,4.37,39250,0.371912383597277,-3.16502904891968,317.261120765826,1.55544307723358,119.087460257232,0.216052939275302,6,39.69816279,5,4,0.0165242571383715,0.00353082409128547,0.675234794616699,0.0133465146645904,0.0108749382197857,0.0398983135819435,0.0633429810404778,0.000353082403307781,0.5,-2.4,7.03165382042327,0.000462604862277963,0.0012353112393805,0.445304318689013,0.130215261390607,0,0
197897,2022,2,41.49626667,-71.8508306,3.74,39250,0.569657354144412,-0.219864651560783,317.261120765826,1.55544307723358,119.087460257232,0.213565025754332,6,39.69816279,5,4,0.0165242571383715,0.00353082409128547,0.675234794616699,0.0133465146645904,0.0108749382197857,0.0398983135819435,0.0633429810404778,0.000353082403307781,1.1,-1.91,7.03165382042327,0.000462604862277963,0.0012353112393805,0.445304318689013,0.130215261390607,0,0
197898,2022,3,41.49626667,-71.8508306,3.99,39250,0.33123169095783,4.06653785705566,317.261120765826,1.55544307723358,119.087460257232,0.476868046962254,6,39.69816279,5,4,0.0165242571383715,0.00353082409128547,0.675234794616699,0.0133465146645904,0.0108749382197857,0.0398983135819435,0.0633429810404778,0.000353082403307781,1.8,-1.67,7.03165382042327,0.000462604862277963,0.0012353112393805,0.445304318689013,0.130215261390607,0,0
197899,2022,4,41.49626667,-71.8508306,4.3,39250,0.293254927833135,8.41285228729248,317.261120765826,1.55544307723358,119.087460257232,0.67061091447372,6,39.69816279,5,4,0.0165242571383715,0.00353082409128547,0.675234794616699,0.0133465146645904,0.0108749382197857,0.0398983135819435,0.0633429810404778,0.000353082403307781,1.7,-2.1,7.03165382042327,0.000462604862277963,0.0012353112393805,0.445304318689013,0.130215261390607,0,0
197900,2022,5,41.49626667,-71.8508306,4.67,39250,0.210674992078077,14.794135093689,317.261120765826,1.55544307723358,119.087460257232,0.707317463505661,6,39.69816279,5,4,0.0165242571383715,0.00353082409128547,0.675234794616699,0.0133465146645904,0.0108749382197857,0.0398983135819435,0.0633429810404778,0.000353082403307781,1.4,-2.25,7.03165382042327,0.000462604862277963,0.0012353112393805,0.445304318689013,0.130215261390607,0,0
197901,2022,6,41.49626667,-71.8508306,4.75,39250,0.392236134482021,18.3568134307861,317.261120765826,1.55544307723358,119.087460257232,0.750501538714069,6,39.69816279,5,4,0.0165242571383715,0.00353082409128547,0.675234794616699,0.0133465146645904,0.0108749382197857,0.0398983135819435,0.0633429810404778,0.000353082403307781,1.7,-1.34,7.03165382042327,0.000462604862277963,0.0012353112393805,0.445304318689013,0.130215261390607,0,0
210495,2022,1,42.0233833333333,-73.3248388888889,9.64,40036,0.185939596363659,-6.58352327346802,680.939630470195,2.26126374469541,275.703865335464,0.0961833677477285,1,50.754593253,1,3,0.126332879066467,0.0122166518121958,0.336628764867783,0.00790904555469751,0.0216086432337761,0.0980156734585762,0.102746978402138,0.0111574037000537,0.5,-2.4,4.80346089064457,0.00289295439605411,0.00169653981691265,0.00201787725081621,0.123284542714556,0,0
210496,2022,2,42.0233833333333,-73.3248388888889,9.37,40036,0.362312662870589,-2.6772038936615,680.939630470195,2.26126374469541,275.703865335464,0.189419180990267,1,50.754593253,1,3,0.126332879066467,0.0122166518121958,0.336628764867783,0.00790904555469751,0.0216086432337761,0.0980156734585762,0.102746978402138,0.0111574037000537,1.1,-1.91,4.80346089064457,0.00289295439605411,0.00169653981691265,0.00201787725081621,0.123284542714556,0,0
210497,2022,3,42.0233833333333,-73.3248388888889,9.3,40036,0.277005669121259,2.50734806060791,680.939630470195,2.26126374469541,275.703865335464,0.414802271554825,1,50.754593253,1,3,0.126332879066467,0.0122166518121958,0.336628764867783,0.00790904555469751,0.0216086432337761,0.0980156734585762,0.102746978402138,0.0111574037000537,1.8,-1.67,4.80346089064457,0.00289295439605411,0.00169653981691265,0.00201787725081621,0.123284542714556,0,0
210498,2022,4,42.0233833333333,-73.3248388888889,9.13,40036,0.418261606246442,7.56327152252197,680.939630470195,2.26126374469541,275.703865335464,0.595155701828526,1,50.754593253,1,3,0.126332879066467,0.0122166518121958,0.336628764867783,0.00790904555469751,0.0216086432337761,0.0980156734585762,0.102746978402138,0.0111574037000537,1.7,-2.1,4.80346089064457,0.00289295439605411,0.00169653981691265,0.00201787725081621,0.123284542714556,0,0
210499,2022,5,42.0233833333333,-73.3248388888889,9.67,40036,0.310239967557436,15.5555124282837,680.939630470195,2.26126374469541,275.703865335464,0.73104658262981,1,50.754593253,1,3,0.126332879066467,0.0122166518121958,0.336628764867783,0.00790904555469751,0.0216086432337761,0.0980156734585762,0.102746978402138,0.0111574037000537,1.4,-2.25,4.80346089064457,0.00289295439605411,0.00169653981691265,0.00201787725081621,0.123284542714556,0,0
210500,2022,6,42.0233833333333,-73.3248388888889,9.91,40036,0.211955894331821,18.147891998291,680.939630470195,2.26126374469541,275.703865335464,0.74502824911588,1,50.754593253,1,3,0.126332879066467,0.0122166518121958,0.336628764867783,0.00790904555469751,0.0216086432337761,0.0980156734585762,0.102746978402138,0.0111574037000537,1.7,-1.34,4.80346089064457,0.00289295439605411,0.00169653981691265,0.00201787725081621,0.123284542714556,0,0
210555,2022,5,38.8908333,-76.9134722,14.9,40042,0.461793434664771,18.7652130126953,77.4224431848117,2.3451050739462,278.200110760041,0.643465939195752,2,49.179790101,3,4,0.840264916419983,0.00491382973268628,0.065802589058876,0.00056971941376105,0.00056971941376105,0.000284859706880525,0,0,1.4,-2.25,0.76770704366076,0.00327748641629412,0,0.000116618642630764,0.108746637599866,0,0
211047,2022,9,38.47591667,-75.3602,5.62,40082,0.42602829484791,21.4158267974854,36.0892389,0.262968833833674,99.7580953145869,0.791142382284906,3,67.782152334,7,6,0.030718170106411,0.00254219328053296,0.0176541209220886,0.00600240100175142,0.0135583644732833,0.558435142040253,0.172516062855721,0,1.6,-2.29,0.108103818006456,0.0127934970812243,0.0148719311356717,0.00325619268244588,0.0614923023441931,1,5.48706553945944e-05
211158,2022,10,38.5523375,-75.6393725,16.12,40094,0.255060671896161,14.176851272583,25.5757471839252,0.454656955287283,343.183151242196,0.306302444042503,3,61.482939726,1,4,0.0252100843936205,0.00353082409128547,0.0780312120914459,0.00939199235290289,0.0183602850884199,0.568180203437805,0.0608007907867432,0.00762658007442951,1.7,-1.8,7.10620343044424,0.00936645780354148,0.0148719311356717,0.00325619268244588,0.0974275398486853,0,0
213268,2022,1,39.1393611,-75.4914722,15.82,40685,0.341844208803916,-0.0887785330414772,22.9661546946727,0.257867177837677,312.483427912016,0.16090937511242,3,58.333333422,4,4,0.57969069480896,0.0052256197668612,0.0163124073296785,0.00409575598314404,0.00882706046104431,0.0520443469285965,0.121460348367691,0.0299413874745369,0.5,-2.4,7.62844337161102,0.0174906274440398,0.0102808039018502,0.00102904890680319,0.125047822401424,0,0
213269,2022,3,39.1393611,-75.4914722,15.25,40685,0.247714501104142,8.47174835205078,22.9661546946727,0.257867177837677,312.483427912016,0.342221072859812,3,58.333333422,4,4,0.57969069480896,0.0052256197668612,0.0163124073296785,0.00409575598314404,0.00882706046104431,0.0520443469285965,0.121460348367691,0.0299413874745369,1.8,-1.67,7.62844337161102,0.0174906274440398,0.0102808039018502,0.00102904890680319,0.125047822401424,0,0
213270,2022,4,39.1393611,-75.4914722,14.1,40685,0.425723920052499,11.9194221496582,22.9661546946727,0.257867177837677,312.483427912016,0.48000500969745,3,58.333333422,4,4,0.57969069480896,0.0052256197668612,0.0163124073296785,0.00409575598314404,0.00882706046104431,0.0520443469285965,0.121460348367691,0.0299413874745369,1.7,-2.1,7.62844337161102,0.0174906274440398,0.0102808039018502,0.00102904890680319,0.125047822401424,0,0
213271,2022,6,39.1393611,-75.4914722,14.11,40685,0.145452442039846,22.5606994628906,22.9661546946727,0.257867177837677,312.483427912016,0.659849463236787,3,58.333333422,4,4,0.57969069480896,0.0052256197668612,0.0163124073296785,0.00409575598314404,0.00882706046104431,0.0520443469285965,0.121460348367691,0.0299413874745369,1.7,-1.34,7.62844337161102,0.0174906274440398,0.0102808039018502,0.00102904890680319,0.125047822401424,0,0.000586431705366857
215691,2022,2,25.43688889,-80.5016667,6.66,40952,0.16151246773747,22.0883083343506,3.2808399,0.0277928293748088,295.264289489615,0.509227242830804,1,12.204724428,2,4,0.108184449374676,0.00225972733460367,0.00783842988312244,0.0124285006895661,0.00981569103896618,0.342631161212921,0.334086567163467,0.00353082409128547,1.1,-1.91,2.29628400106611,0.0206349045995081,0.0325642658108638,0.0013494800962194,0.0699028421207269,0,0.000549244534151342
215692,2022,6,25.43688889,-80.5016667,5.47,40952,1.64347180794043,27.8320617675781,3.2808399,0.0277928293748088,295.264289489615,0.792219658801753,1,12.204724428,2,4,0.108184449374676,0.00225972733460367,0.00783842988312244,0.0124285006895661,0.00981569103896618,0.342631161212921,0.334086567163467,0.00353082409128547,1.7,-1.34,2.29628400106611,0.0206349045995081,0.0325642658108638,0.0013494800962194,0.0699028421207269,0,0.000891476901662182
215693,2022,10,25.43688889,-80.5016667,6.18,40952,0.170279425531929,25.9138832092285,3.2808399,0.0277928293748088,295.264289489615,0.593985811270312,1,12.204724428,2,4,0.108184449374676,0.00225972733460367,0.00783842988312244,0.0124285006895661,0.00981569103896618,0.342631161212921,0.334086567163467,0.00353082409128547,1.7,-1.8,2.29628400106611,0.0206349045995081,0.0325642658108638,0.0013494800962194,0.0699028421207269,0,7.46332689403122e-05
215814,2022,9,25.4391111,-80.5084444,5.33,40953,0.910516474948874,28.3350429534912,3.2808399,0.0694910877049836,132.372252218121,0.705228441163939,1,12.303149625,2,4,0.526940166950226,0.006708565633744,0.022032342851162,0.0149000780656934,0.0134877478703856,0.216933831572533,0.0195607654750347,0.00444883853197098,1.6,-2.29,1.41559535574005,0.00118286501854992,0.0325642658108638,0.0013494800962194,0.0897945240779718,0,0.000267630535539218
215928,2022,4,25.61571667,-80.5830167,1.57,40954,0.325940100096474,24.6503086090088,6.5616798,0.00650688548534086,228.248153792162,0.769927058551666,1,24.704724447,7,7,0.00550808571279049,0.000776781293097883,0.00303650880232453,0.00225972733460367,0.00451945466920733,0.00783842988312244,0.890262007713318,0,1.7,-2.1,3.25802371909534,0,0.0325642658108638,0.0013494800962194,0.0166386262845745,0,2.30315233604798e-05
215930,2022,8,25.61571667,-80.5830167,0.9,40954,0.229806750188789,29.1073360443115,6.5616798,0.00650688548534086,228.248153792162,0.841763314953406,1,24.704724447,7,7,0.00550808571279049,0.000776781293097883,0.00303650880232453,0.00225972733460367,0.00451945466920733,0.00783842988312244,0.890262007713318,0,1,-2.38,3.25802371909534,0,0.0325642658108638,0.0013494800962194,0.0166386262845745,0,1.53694166916249e-05
217572,2022,2,26.00938889,-80.23213889,6.59,41139,0.266144419997049,22.3936290740967,6.5616798,0.00834449182524388,102.876950726192,0.650196526982547,1,64.468504035,5,5,0.923381090164185,0.000918014266062528,0.00303650880232453,0.00155356258619577,0.00247157691046596,0.000847397779580206,0.00254219328053296,0.0102393897250295,1.1,-1.91,2.44524692046018,0.000759454808864345,0.0293657263675507,0.0486166306902402,0.162029094892542,0,0
217573,2022,4,26.00938889,-80.23213889,7.53,41139,0.271614630804133,25.1998729705811,6.5616798,0.00834449182524388,102.876950726192,1.00573362167922,1,64.468504035,5,5,0.923381090164185,0.000918014266062528,0.00303650880232453,0.00155356258619577,0.00247157691046596,0.000847397779580206,0.00254219328053296,0.0102393897250295,1.7,-2.1,2.44524692046018,0.000759454808864345,0.0293657263675507,0.0486166306902402,0.162029094892542,0,0
217574,2022,6,26.00938889,-80.23213889,5.925,41139,1.30682667607979,27.835994720459,6.5616798,0.00834449182524388,102.876950726192,0.995032344538358,1,64.468504035,5,5,0.923381090164185,0.000918014266062528,0.00303650880232453,0.00155356258619577,0.00247157691046596,0.000847397779580206,0.00254219328053296,0.0102393897250295,1.7,-1.34,2.44524692046018,0.000759454808864345,0.0293657263675507,0.0486166306902402,0.162029094892542,0,0
217575,2022,8,26.00938889,-80.23213889,6.52,41139,0.465292593394176,29.540018081665,6.5616798,0.00834449182524388,102.876950726192,1.12357722976338,1,64.468504035,5,5,0.923381090164185,0.000918014266062528,0.00303650880232453,0.00155356258619577,0.00247157691046596,0.000847397779580206,0.00254219328053296,0.0102393897250295,1,-2.38,2.44524692046018,0.000759454808864345,0.0293657263675507,0.0486166306902402,0.162029094892542,0,0
217576,2022,10,26.00938889,-80.23213889,4.93,41139,0.462891036209074,25.8013477325439,6.5616798,0.00834449182524388,102.876950726192,0.693682173534302,1,64.468504035,5,5,0.923381090164185,0.000918014266062528,0.00303650880232453,0.00155356258619577,0.00247157691046596,0.000847397779580206,0.00254219328053296,0.0102393897250295,1.7,-1.8,2.44524692046018,0.000759454808864345,0.0293657263675507,0.0486166306902402,0.162029094892542,0,0
217577,2022,12,26.00938889,-80.23213889,6.115,41139,0.125127064151673,21.6182327270508,6.5616798,0.00834449182524388,102.876950726192,0.533533622771709,1,64.468504035,5,5,0.923381090164185,0.000918014266062528,0.00303650880232453,0.00155356258619577,0.00247157691046596,0.000847397779580206,0.00254219328053296,0.0102393897250295,2.1,-2.21,2.44524692046018,0.000759454808864345,0.0293657263675507,0.0486166306902402,0.162029094892542,0,0
241278,2022,2,28.5317361,-82.52698889,43.7,44181,0.0860296836418533,17.7459888458252,59.1818941857715,1.40318655463697,202.542435763952,0.460537938695348,2,37.893700845,1,3,0.645349681377411,0.0152399940416217,0.143711715936661,0.00776242697611451,0.00562597904354334,0.00705027766525745,0.0215781219303608,0.00249252235516906,1.1,-1.91,26.036907721219,0.00153967315940723,0.00897678095745149,0.000176766280750604,0.11691353833129,0,0
241279,2022,4,28.5317361,-82.52698889,43.9,44181,0.244761790249622,22.088005065918,59.1818941857715,1.40318655463697,202.542435763952,0.827237528458896,2,37.893700845,1,3,0.645349681377411,0.0152399940416217,0.143711715936661,0.00776242697611451,0.00562597904354334,0.00705027766525745,0.0215781219303608,0.00249252235516906,1.7,-2.1,26.036907721219,0.00153967315940723,0.00897678095745149,0.000176766280750604,0.11691353833129,0,0
241280,2022,6,28.5317361,-82.52698889,44.825,44181,0.504622022139262,27.5300636291504,59.1818941857715,1.40318655463697,202.542435763952,0.82102037289278,2,37.893700845,1,3,0.645349681377411,0.0152399940416217,0.143711715936661,0.00776242697611451,0.00562597904354334,0.00705027766525745,0.0215781219303608,0.00249252235516906,1.7,-1.34,26.036907721219,0.00153967315940723,0.00897678095745149,0.000176766280750604,0.11691353833129,0,0
241281,2022,7,28.5317361,-82.52698889,44.46,44181,0.771659792173169,28.0291175842285,59.1818941857715,1.40318655463697,202.542435763952,0.699664239620279,2,37.893700845,1,3,0.645349681377411,0.0152399940416217,0.143711715936661,0.00776242697611451,0.00562597904354334,0.00705027766525745,0.0215781219303608,0.00249252235516906,0.8,-2.62,26.036907721219,0.00153967315940723,0.00897678095745149,0.000176766280750604,0.11691353833129,0,0
241282,2022,10,28.5317361,-82.52698889,40.86,44181,0.0122480849454726,22.2751846313477,59.1818941857715,1.40318655463697,202.542435763952,0.582244503475722,2,37.893700845,1,3,0.645349681377411,0.0152399940416217,0.143711715936661,0.00776242697611451,0.00562597904354334,0.00705027766525745,0.0215781219303608,0.00249252235516906,1.7,-1.8,26.036907721219,0.00153967315940723,0.00897678095745149,0.000176766280750604,0.11691353833129,0,0
241283,2022,12,28.5317361,-82.52698889,42.9033333333333,44181,0.259292883278394,15.7449626922607,59.1818941857715,1.40318655463697,202.542435763952,0.326596908865517,2,37.893700845,1,3,0.645349681377411,0.0152399940416217,0.143711715936661,0.00776242697611451,0.00562597904354334,0.00705027766525745,0.0215781219303608,0.00249252235516906,2.1,-2.21,26.036907721219,0.00153967315940723,0.00897678095745149,0.000176766280750604,0.11691353833129,0,0
241778,2022,2,29.24630278,-81.6439861,16.49,44219,0.0938436492083559,16.7763957977295,3.42614953015813,2.44748384621527,134.763440417817,0.699018894967708,2,17.683727061,1,3,0.00882706046104431,0.00120048015378416,0.132758989930153,0.00656733289361,0.0026834262534976,0.00218911096453667,0.104794859886169,0.673539996147156,1.1,-1.91,11.0590794436028,0.00168556569565917,0.00464872934291632,0.000293303414712197,0.0788924030046662,0,0
241779,2022,4,29.24630278,-81.6439861,16.22,44219,0.23099911842515,21.6556987762451,3.42614953015813,2.44748384621527,134.763440417817,1.1054708342447,2,17.683727061,1,3,0.00882706046104431,0.00120048015378416,0.132758989930153,0.00656733289361,0.0026834262534976,0.00218911096453667,0.104794859886169,0.673539996147156,1.7,-2.1,11.0590794436028,0.00168556569565917,0.00464872934291632,0.000293303414712197,0.0788924030046662,0,0
241780,2022,6,29.24630278,-81.6439861,16.33,44219,0.466224991513339,27.7390480041504,3.42614953015813,2.44748384621527,134.763440417817,1.18895533384487,2,17.683727061,1,3,0.00882706046104431,0.00120048015378416,0.132758989930153,0.00656733289361,0.0026834262534976,0.00218911096453667,0.104794859886169,0.673539996147156,1.7,-1.34,11.0590794436028,0.00168556569565917,0.00464872934291632,0.000293303414712197,0.0788924030046662,0,0
241781,2022,8,29.24630278,-81.6439861,16.88,44219,0.730351927257916,28.191915512085,3.42614953015813,2.44748384621527,134.763440417817,1.01100631426998,2,17.683727061,1,3,0.00882706046104431,0.00120048015378416,0.132758989930153,0.00656733289361,0.0026834262534976,0.00218911096453667,0.104794859886169,0.673539996147156,1,-2.38,11.0590794436028,0.00168556569565917,0.00464872934291632,0.000293303414712197,0.0788924030046662,0,0
241782,2022,10,29.24630278,-81.6439861,13.95,44219,0.105366744554535,21.9503746032715,3.42614953015813,2.44748384621527,134.763440417817,0.801100544382504,2,17.683727061,1,3,0.00882706046104431,0.00120048015378416,0.132758989930153,0.00656733289361,0.0026834262534976,0.00218911096453667,0.104794859886169,0.673539996147156,1.7,-1.8,11.0590794436028,0.00168556569565917,0.00464872934291632,0.000293303414712197,0.0788924030046662,0,0
241783,2022,12,29.24630278,-81.6439861,15.05,44219,0.0841841736518704,15.6875867843628,3.42614953015813,2.44748384621527,134.763440417817,0.499313235103198,2,17.683727061,1,3,0.00882706046104431,0.00120048015378416,0.132758989930153,0.00656733289361,0.0026834262534976,0.00218911096453667,0.104794859886169,0.673539996147156,2.1,-2.21,11.0590794436028,0.00168556569565917,0.00464872934291632,0.000293303414712197,0.0788924030046662,0,0
242281,2022,1,27.31483472,-82.17755,3.9,44326,0.132559491156273,16.1421737670898,59.0551182,0.364284929614463,245.815521884162,0.401654106410232,3,26.771653584,1,6,0.0430760532617569,0.00169479555916041,0.0230915900319815,0.00579055165871978,0.0123578840866685,0.587811589241028,0.15104866027832,0.000282465916825458,0.5,-2.4,17.9681847061978,0.0169511629168419,0.0143717318411556,0.00562322066832561,0.0524937011940281,1,0.000157642560715285
242282,2022,2,27.31483472,-82.17755,4.7,44326,0.0750568095669743,18.841121673584,59.0551182,0.364284929614463,245.815521884162,0.538407073751706,3,26.771653584,1,6,0.0430760532617569,0.00169479555916041,0.0230915900319815,0.00579055165871978,0.0123578840866685,0.587811589241028,0.15104866027832,0.000282465916825458,1.1,-1.91,17.9681847061978,0.0169511629168419,0.0143717318411556,0.00562322066832561,0.0524937011940281,1,5.95084778101863e-05
242283,2022,3,27.31483472,-82.17755,4.8,44326,0.195125056986396,21.9216957092285,59.0551182,0.364284929614463,245.815521884162,0.840034386016846,3,26.771653584,1,6,0.0430760532617569,0.00169479555916041,0.0230915900319815,0.00579055165871978,0.0123578840866685,0.587811589241028,0.15104866027832,0.000282465916825458,1.8,-1.67,17.9681847061978,0.0169511629168419,0.0143717318411556,0.00562322066832561,0.0524937011940281,1,0.000373846562299169
242284,2022,4,27.31483472,-82.17755,5.2,44326,0.168159427547993,23.2176990509033,59.0551182,0.364284929614463,245.815521884162,0.934577903265775,3,26.771653584,1,6,0.0430760532617569,0.00169479555916041,0.0230915900319815,0.00579055165871978,0.0123578840866685,0.587811589241028,0.15104866027832,0.000282465916825458,1.7,-2.1,17.9681847061978,0.0169511629168419,0.0143717318411556,0.00562322066832561,0.0524937011940281,1,0.000223485894206933
242285,2022,5,27.31483472,-82.17755,5.6,44326,0.439718302196141,25.8159351348877,59.0551182,0.364284929614463,245.815521884162,0.97546915517981,3,26.771653584,1,6,0.0430760532617569,0.00169479555916041,0.0230915900319815,0.00579055165871978,0.0123578840866685,0.587811589241028,0.15104866027832,0.000282465916825458,1.4,-2.25,17.9681847061978,0.0169511629168419,0.0143717318411556,0.00562322066832561,0.0524937011940281,1,1.86986448419168e-05
242286,2022,6,27.31483472,-82.17755,5,44326,0.879201414788855,27.5934925079346,59.0551182,0.364284929614463,245.815521884162,0.819016705654047,3,26.771653584,1,6,0.0430760532617569,0.00169479555916041,0.0230915900319815,0.00579055165871978,0.0123578840866685,0.587811589241028,0.15104866027832,0.000282465916825458,1.7,-1.34,17.9681847061978,0.0169511629168419,0.0143717318411556,0.00562322066832561,0.0524937011940281,1,2.58370184070191e-05
242597,2022,1,30.27523528,-83.15327583,48.49,44330,0.245907050478996,11.0385675430298,82.9021629879058,0.010581979990433,10.939846226261,0.390202455287721,3,55.643044704,1,4,0.0131035465747118,0.00348953134380281,0.161800310015678,0.146489098668098,0.16806723177433,0.2662014067173,0,0,0.5,-2.4,5.45160391089295,0.0291922826369576,0.00752252147881037,0.0280037291294057,0.0684765252186855,0,0
242598,2022,2,30.27523528,-83.15327583,48.7,44330,0.129162445665179,14.5775470733643,82.9021629879058,0.010581979990433,10.939846226261,0.504781368352057,3,55.643044704,1,4,0.0131035465747118,0.00348953134380281,0.161800310015678,0.146489098668098,0.16806723177433,0.2662014067173,0,0,1.1,-1.91,5.45160391089295,0.0291922826369576,0.00752252147881037,0.0280037291294057,0.0684765252186855,0,2.36509713348492e-05
242599,2022,3,30.27523528,-83.15327583,49.4,44330,0.925424331910254,17.9457912445068,82.9021629879058,0.010581979990433,10.939846226261,0.689657217358154,3,55.643044704,1,4,0.0131035465747118,0.00348953134380281,0.161800310015678,0.146489098668098,0.16806723177433,0.2662014067173,0,0,1.8,-1.67,5.45160391089295,0.0291922826369576,0.00752252147881037,0.0280037291294057,0.0684765252186855,0,0.000144679970994204
242600,2022,4,30.27523528,-83.15327583,46.94,44330,0.17220574753071,20.2746315002441,82.9021629879058,0.010581979990433,10.939846226261,0.898581578777005,3,55.643044704,1,4,0.0131035465747118,0.00348953134380281,0.161800310015678,0.146489098668098,0.16806723177433,0.2662014067173,0,0,1.7,-2.1,5.45160391089295,0.0291922826369576,0.00752252147881037,0.0280037291294057,0.0684765252186855,0,0.000110872372465033
242601,2022,5,30.27523528,-83.15327583,47.28,44330,0.305989558767616,24.0302715301514,82.9021629879058,0.010581979990433,10.939846226261,1.00222830536761,3,55.643044704,1,4,0.0131035465747118,0.00348953134380281,0.161800310015678,0.146489098668098,0.16806723177433,0.2662014067173,0,0,1.4,-2.25,5.45160391089295,0.0291922826369576,0.00752252147881037,0.0280037291294057,0.0684765252186855,0,0.000547965741683033
242602,2022,6,30.27523528,-83.15327583,47.85,44330,0.641287707004454,27.7122631072998,82.9021629879058,0.010581979990433,10.939846226261,1.02314055590818,3,55.643044704,1,4,0.0131035465747118,0.00348953134380281,0.161800310015678,0.146489098668098,0.16806723177433,0.2662014067173,0,0,1.7,-1.34,5.45160391089295,0.0291922826369576,0.00752252147881037,0.0280037291294057,0.0684765252186855,0,0.000208319519723575
250612,2022,3,32.14602269,-82.3379029,154.44,45870,0.284233744495125,16.2403450012207,232.469699645891,1.32446676900523,179.101720068143,0.790038272726885,2,52.001312415,3,2,0.0584674552083015,0.00327588664367795,0.186298251152039,0.0383848436176777,0.0367469005286694,0.247471868991852,0.126691356301308,0.00591083895415068,1.8,-1.67,26.6391367829106,0.00434966843485953,0.00311367164074797,0.00165959086206741,0.0395463696076473,0,8.73034161194601e-09
250705,2022,3,32.40333333,-81.3458333,66.83,45961,0.261079007643203,16.5597248077393,88.5826773,0.174266946250793,83.4737079418045,0.804483359851295,4,35.43307092,1,4,0.015465009957552,0.00360144046135247,0.213756084442139,0.0193489156663418,0.0550102405250072,0.0680742859840393,0.339029729366302,0.000211849444895051,1.8,-1.67,22.8866864724997,0.00853768238226862,0.00192141491713311,0.0348744254804299,0.0177169133070608,0,0
250973,2022,6,33.2485,-82.2131667,100.49,46473,0.157897178509438,26.8974018096924,369.78665578319,1.97710691572738,78.9035181654937,1.24740690886502,3,34.383202152,3,2,0.0292693339288235,0.00356074632145464,0.327588677406311,0.0502065233886242,0.113018088042736,0.094359777867794,0.0960689336061478,0.000854579091537744,1.7,-1.34,46.0790399565948,0.0100749311461538,0.00349736121459219,0.0115378463320807,0.038822154246966,0,8.09830259983271e-05
251157,2022,1,33.32955556,-82.0492778,214.74,46511,0.372971462706537,7.29356050491333,429.332901050344,2.01805673706074,247.199074926648,0.342368804771203,2,46.817585373,3,2,0.0681557059288025,0.00495547242462635,0.316288411617279,0.0226228088140488,0.0465383492410183,0.146222352981567,0.0713875293731689,0.00890548713505268,0.5,-2.4,82.7737869559673,0.0196936144572309,0.0049865167994674,0.0425408110100305,0.038437052757442,0,0
251158,2022,2,33.32955556,-82.0492778,214.68,46511,0.141016567374483,11.7193193435669,429.332901050344,2.01805673706074,247.199074926648,0.484141703462965,2,46.817585373,3,2,0.0681557059288025,0.00495547242462635,0.316288411617279,0.0226228088140488,0.0465383492410183,0.146222352981567,0.0713875293731689,0.00890548713505268,1.1,-1.91,82.7737869559673,0.0196936144572309,0.0049865167994674,0.0425408110100305,0.038437052757442,0,0
251160,2022,9,33.32955556,-82.0492778,215.43,46511,0.206017169114121,23.2939376831055,429.332901050344,2.01805673706074,247.199074926648,0.842468483270535,2,46.817585373,3,2,0.0681557059288025,0.00495547242462635,0.316288411617279,0.0226228088140488,0.0465383492410183,0.146222352981567,0.0713875293731689,0.00890548713505268,1.6,-2.29,82.7737869559673,0.0196936144572309,0.0049865167994674,0.0425408110100305,0.038437052757442,0,0
251161,2022,11,33.32955556,-82.0492778,215.65,46511,0.381446899032678,14.1223678588867,429.332901050344,2.01805673706074,247.199074926648,0.428886814719278,2,46.817585373,3,2,0.0681557059288025,0.00495547242462635,0.316288411617279,0.0226228088140488,0.0465383492410183,0.146222352981567,0.0713875293731689,0.00890548713505268,0.3,-2.41,82.7737869559673,0.0196936144572309,0.0049865167994674,0.0425408110100305,0.038437052757442,0,0
251263,2022,6,33.34969444,-81.99463889,84.56,46524,0.147805114029599,26.9608039855957,214.713918526641,2.09307649132167,79.650710027108,1.22484532740182,2,35.137795329,1,1,0.327873528003693,0.00626691337674856,0.25281298160553,0.0109670991078019,0.0365332588553429,0.0268480274826288,0.0861700624227524,0.00170915818307549,1.7,-1.34,18.2401899554945,0.00517210922360964,0.0049865167994674,0.0425408110100305,0.0417549445350468,0,0
255126,2022,2,34.03483478,-83.2237633,13.47,47220,0.321111153917976,9.69867515563965,730.155907997904,2.81489552510326,196.951535497162,0.409227481973463,6,40.321522371,3,2,0.173787161707878,0.00692041544243693,0.300120055675507,0.0249982345849276,0.0266224145889282,0.196808129549026,0.00197726138867438,0.00105924718081951,1.1,-1.91,16.4460619853535,0.0250730857825009,0.00138018109814988,0.000256895021918409,0.056171692156593,0,0
255127,2022,3,34.03483478,-83.2237633,12.57,47220,0.527656736199738,13.2419481277466,730.155907997904,2.81489552510326,196.951535497162,0.618929926493903,6,40.321522371,3,2,0.173787161707878,0.00692041544243693,0.300120055675507,0.0249982345849276,0.0266224145889282,0.196808129549026,0.00197726138867438,0.00105924718081951,1.8,-1.67,16.4460619853535,0.0250730857825009,0.00138018109814988,0.000256895021918409,0.056171692156593,0,0
255128,2022,6,34.03483478,-83.2237633,13.78,47220,0.155722926218836,26.1477661132812,730.155907997904,2.81489552510326,196.951535497162,1.13281039913283,6,40.321522371,3,2,0.173787161707878,0.00692041544243693,0.300120055675507,0.0249982345849276,0.0266224145889282,0.196808129549026,0.00197726138867438,0.00105924718081951,1.7,-1.34,16.4460619853535,0.0250730857825009,0.00138018109814988,0.000256895021918409,0.056171692156593,0,0
255129,2022,8,34.03483478,-83.2237633,14.72,47220,0.214503005746799,25.8246154785156,730.155907997904,2.81489552510326,196.951535497162,0.903280865297589,6,40.321522371,3,2,0.173787161707878,0.00692041544243693,0.300120055675507,0.0249982345849276,0.0266224145889282,0.196808129549026,0.00197726138867438,0.00105924718081951,1,-2.38,16.4460619853535,0.0250730857825009,0.00138018109814988,0.000256895021918409,0.056171692156593,0,0
255130,2022,9,34.03483478,-83.2237633,15.635,47220,0.388342439936394,22.3190612792969,730.155907997904,2.81489552510326,196.951535497162,0.850436394649988,6,40.321522371,3,2,0.173787161707878,0.00692041544243693,0.300120055675507,0.0249982345849276,0.0266224145889282,0.196808129549026,0.00197726138867438,0.00105924718081951,1.6,-2.29,16.4460619853535,0.0250730857825009,0.00138018109814988,0.000256895021918409,0.056171692156593,0,0
255131,2022,12,34.03483478,-83.2237633,16.06,47220,0.418386735325575,6.83708429336548,730.155907997904,2.81489552510326,196.951535497162,0.268638140668721,6,40.321522371,3,2,0.173787161707878,0.00692041544243693,0.300120055675507,0.0249982345849276,0.0266224145889282,0.196808129549026,0.00197726138867438,0.00105924718081951,2.1,-2.21,16.4460619853535,0.0250730857825009,0.00138018109814988,0.000256895021918409,0.056171692156593,0,0
255415,2022,1,30.735236134823,-81.5512076059245,2.29322580645161,47463,0.157898818028278,11.7106733322144,6.64326541147888,0.274695092957531,53.3250485792678,0.404363492644178,2,30.577427868,7,7,0.286996155977249,0.00626691337674856,0.125765562057495,0.0095428004860878,0.0118928924202919,0.00690784770995378,0.232231870293617,0.0764848291873932,0.5,-2.4,1.40268267822211,0.0100961417919537,0.00117519001331607,3.79814262858806e-05,0.132061757155855,0,0
255416,2022,2,30.735236134823,-81.5512076059245,2.17821428571429,47463,0.167803188889418,14.7593078613281,6.64326541147888,0.274695092957531,53.3250485792678,0.5106480924103,2,30.577427868,7,7,0.286996155977249,0.00626691337674856,0.125765562057495,0.0095428004860878,0.0118928924202919,0.00690784770995378,0.232231870293617,0.0764848291873932,1.1,-1.91,1.40268267822211,0.0100961417919537,0.00117519001331607,3.79814262858806e-05,0.132061757155855,0,0
255417,2022,3,30.735236134823,-81.5512076059245,2.11161290322581,47463,0.615452344333054,18.0875644683838,6.64326541147888,0.274695092957531,53.3250485792678,0.703856101317462,2,30.577427868,7,7,0.286996155977249,0.00626691337674856,0.125765562057495,0.0095428004860878,0.0118928924202919,0.00690784770995378,0.232231870293617,0.0764848291873932,1.8,-1.67,1.40268267822211,0.0100961417919537,0.00117519001331607,3.79814262858806e-05,0.132061757155855,0,0
255418,2022,4,30.735236134823,-81.5512076059245,2.428,47463,0.353801557623111,20.6010093688965,6.64326541147888,0.274695092957531,53.3250485792678,0.88290737816955,2,30.577427868,7,7,0.286996155977249,0.00626691337674856,0.125765562057495,0.0095428004860878,0.0118928924202919,0.00690784770995378,0.232231870293617,0.0764848291873932,1.7,-2.1,1.40268267822211,0.0100961417919537,0.00117519001331607,3.79814262858806e-05,0.132061757155855,0,0
255419,2022,5,30.735236134823,-81.5512076059245,3.71225806451613,47463,0.208523367650555,24.74267578125,6.64326541147888,0.274695092957531,53.3250485792678,0.982650798378882,2,30.577427868,7,7,0.286996155977249,0.00626691337674856,0.125765562057495,0.0095428004860878,0.0118928924202919,0.00690784770995378,0.232231870293617,0.0764848291873932,1.4,-2.25,1.40268267822211,0.0100961417919537,0.00117519001331607,3.79814262858806e-05,0.132061757155855,0,0
255420,2022,6,30.735236134823,-81.5512076059245,4.56166666666667,47463,0.144257020043201,27.8099918365479,6.64326541147888,0.274695092957531,53.3250485792678,1.07559604758204,2,30.577427868,7,7,0.286996155977249,0.00626691337674856,0.125765562057495,0.0095428004860878,0.0118928924202919,0.00690784770995378,0.232231870293617,0.0764848291873932,1.7,-1.34,1.40268267822211,0.0100961417919537,0.00117519001331607,3.79814262858806e-05,0.132061757155855,0,0
257266,2022,1,33.2651141972895,-84.2821459990498,13.6929032258065,47474,0.330440892198669,6.68166971206665,944.748828504098,0.0524745501161578,81.4596361221436,0.320753738810767,6,32.841207399,3,2,0.551020383834839,0.00600240100175142,0.177882924675941,0.0113692535087466,0.00769719667732716,0.0619306564331055,0.00529623636975884,0.000776781293097883,0.5,-2.4,27.255933783001,0.0119130421934031,0.000410823629529829,0.00493709098645496,0.0691570751564701,0,0
258193,2022,1,34.4895323020576,-84.8543842643617,17.7674193548387,47479,0.294428047367386,4.43643712997437,693.492385385048,1.58855659735644,340.052836069609,0.260664922755006,1,46.423884585,3,2,0.165595650672913,0.00579055165871978,0.241155281662941,0.0216086432337761,0.0302238538861275,0.240307882428169,7.06164792063646e-05,0.0117223355919123,0.5,-2.4,2.710226135356,5.83488597891496e-05,0.00190920515685191,0.00338121837652554,0.0593305787289143,0,0
258194,2022,2,34.4895323020576,-84.8543842643617,16.7017857142857,47479,0.754926487425632,8.4565486907959,693.492385385048,1.58855659735644,340.052836069609,0.369808292700716,1,46.423884585,3,2,0.165595650672913,0.00579055165871978,0.241155281662941,0.0216086432337761,0.0302238538861275,0.240307882428169,7.06164792063646e-05,0.0117223355919123,1.1,-1.91,2.710226135356,5.83488597891496e-05,0.00190920515685191,0.00338121837652554,0.0593305787289143,0,0
258195,2022,3,34.4895323020576,-84.8543842643617,16.2964516129032,47479,0.503900934219347,12.2796020507812,693.492385385048,1.58855659735644,340.052836069609,0.567526680514897,1,46.423884585,3,2,0.165595650672913,0.00579055165871978,0.241155281662941,0.0216086432337761,0.0302238538861275,0.240307882428169,7.06164792063646e-05,0.0117223355919123,1.8,-1.67,2.710226135356,5.83488597891496e-05,0.00190920515685191,0.00338121837652554,0.0593305787289143,0,0
258196,2022,4,34.4895323020576,-84.8543842643617,17.1436666666667,47479,0.386631232821803,15.2541542053223,693.492385385048,1.58855659735644,340.052836069609,0.690110125051259,1,46.423884585,3,2,0.165595650672913,0.00579055165871978,0.241155281662941,0.0216086432337761,0.0302238538861275,0.240307882428169,7.06164792063646e-05,0.0117223355919123,1.7,-2.1,2.710226135356,5.83488597891496e-05,0.00190920515685191,0.00338121837652554,0.0593305787289143,0,0
259005,2022,4,41.6469,-93.65375,8.82,47664,0.285877443482806,7.7328519821167,800.224336226646,0.568960716816676,158.302999372142,0.464022279178134,3,83.595800652,5,6,0.166937366127968,0.0187133681029081,0.0253513175994158,0.00571993505582213,0.0157474763691425,0.231410205364227,0.196313813328743,0.100063554942608,1.7,-2.1,2.72130012300074,0.00296928167519244,0.0114881804840123,0.00282827135963301,0.037031505245765,0,0
259006,2022,11,41.6469,-93.65375,11.04,47664,0.262191277249194,3.38752841949463,800.224336226646,0.568960716816676,158.302999372142,0.179402584438731,3,83.595800652,5,6,0.166937366127968,0.0187133681029081,0.0253513175994158,0.00571993505582213,0.0157474763691425,0.231410205364227,0.196313813328743,0.100063554942608,0.3,-2.41,2.72130012300074,0.00296928167519244,0.0114881804840123,0.00282827135963301,0.037031505245765,0,0
259011,2022,5,41.65249167,-93.6540667,11.04,47668,0.297348443430716,17.2946701049805,800.975770312405,0.851258049036167,61.6090951243995,0.579339976953534,3,83.595800652,4,2,0.166937366127968,0.0187133681029081,0.0253513175994158,0.00571993505582213,0.0157474763691425,0.231410205364227,0.196313813328743,0.100063554942608,1.4,-2.25,0.0559479143255169,0.00615242731181232,0.0114881804840123,0.00282827135963301,0.037031505245765,0,0
260377,2022,2,41.98194444,-92.6630556,7.42,47868,0.0228567668180886,-6.73971700668335,823.4908149,0.0357815060076024,155.979264970691,0.0953484584225143,1,73.589238957,6,5,0.0609420239925385,0.00331897474825382,0.149000778794289,0.00826212856918573,0.0360144041478634,0.362191945314407,0.106842733919621,0.0127815827727318,1.1,-1.91,0.0558152986350808,0.0217229638703549,0.00104591369614821,7.9688662563673e-05,0.0242419179532677,0,0
260378,2022,6,41.98194444,-92.6630556,3.795,47868,0.3282175044045,21.8498630523682,823.4908149,0.0357815060076024,155.979264970691,0.736538995775999,1,73.589238957,6,5,0.0609420239925385,0.00331897474825382,0.149000778794289,0.00826212856918573,0.0360144041478634,0.362191945314407,0.106842733919621,0.0127815827727318,1.7,-1.34,0.0558152986350808,0.0217229638703549,0.00104591369614821,7.9688662563673e-05,0.0242419179532677,0,0
262240,2022,1,40.9141666666667,-91.8091666666667,18.2158064516129,48308,0.0782144665342512,-8.61745834350586,707.20859187734,5.51777303144156,104.369912904937,0.0756930304849297,1,80.150918757,2,4,0.00569719402119517,0.00135308364406228,0.276812434196472,0.0142429852858186,0.0299814846366644,0.44039312005043,0.00975644495338202,0.00135308364406228,0.5,-2.4,58.5815287902254,0.00555383936119774,0.000740863167472156,3.95127022651816e-05,0.0329762512218952,0,0
262241,2022,2,40.9141666666667,-91.8091666666667,18.8478571428571,48308,0.0742212807289158,-3.89505839347839,707.20859187734,5.51777303144156,104.369912904937,0.191866632187489,1,80.150918757,2,4,0.00569719402119517,0.00135308364406228,0.276812434196472,0.0142429852858186,0.0299814846366644,0.44039312005043,0.00975644495338202,0.00135308364406228,1.1,-1.91,58.5815287902254,0.00555383936119774,0.000740863167472156,3.95127022651816e-05,0.0329762512218952,0,0
262242,2022,3,40.9141666666667,-91.8091666666667,18.9929032258065,48308,0.325996769877461,4.26704978942871,707.20859187734,5.51777303144156,104.369912904937,0.387167693398714,1,80.150918757,2,4,0.00569719402119517,0.00135308364406228,0.276812434196472,0.0142429852858186,0.0299814846366644,0.44039312005043,0.00975644495338202,0.00135308364406228,1.8,-1.67,58.5815287902254,0.00555383936119774,0.000740863167472156,3.95127022651816e-05,0.0329762512218952,0,0
262243,2022,4,40.9141666666667,-91.8091666666667,17.097,48308,0.291023279867709,8.41127300262451,707.20859187734,5.51777303144156,104.369912904937,0.647482434954067,1,80.150918757,2,4,0.00569719402119517,0.00135308364406228,0.276812434196472,0.0142429852858186,0.0299814846366644,0.44039312005043,0.00975644495338202,0.00135308364406228,1.7,-2.1,58.5815287902254,0.00555383936119774,0.000740863167472156,3.95127022651816e-05,0.0329762512218952,0,0
262244,2022,5,40.9141666666667,-91.8091666666667,15.341935483871,48308,0.23405403012586,17.8213500976562,707.20859187734,5.51777303144156,104.369912904937,0.785570020693277,1,80.150918757,2,4,0.00569719402119517,0.00135308364406228,0.276812434196472,0.0142429852858186,0.0299814846366644,0.44039312005043,0.00975644495338202,0.00135308364406228,1.4,-2.25,58.5815287902254,0.00555383936119774,0.000740863167472156,3.95127022651816e-05,0.0329762512218952,0,0
262245,2022,6,40.9141666666667,-91.8091666666667,16.7426666666667,48308,0.179525573382583,23.0526523590088,707.20859187734,5.51777303144156,104.369912904937,1.0055158535279,1,80.150918757,2,4,0.00569719402119517,0.00135308364406228,0.276812434196472,0.0142429852858186,0.0299814846366644,0.44039312005043,0.00975644495338202,0.00135308364406228,1.7,-1.34,58.5815287902254,0.00555383936119774,0.000740863167472156,3.95127022651816e-05,0.0329762512218952,0,0
262283,2022,1,41.0158248171841,-95.1308217194993,14.9238709677419,48309,0.0620072408302036,-7.39376878738403,1274.00305863113,1.33566777710187,162.218415367375,0.08889572527523,2,167.519685294,4,2,0.0129228159785271,0.00190664501860738,0.011016171425581,0.00473130447790027,0.048089824616909,0.778476119041443,0.000282465916825458,0.00127109664026648,0.5,-2.4,58.7305247581266,0.0510446299276535,0.000632916197745654,3.04612073781331e-05,0.0313779900043706,0,0
262284,2022,2,41.0158248171841,-95.1308217194993,15.5910714285714,48309,0.0224930142196368,-3.86300230026245,1274.00305863113,1.33566777710187,162.218415367375,0.179814141213906,2,167.519685294,4,2,0.0129228159785271,0.00190664501860738,0.011016171425581,0.00473130447790027,0.048089824616909,0.778476119041443,0.000282465916825458,0.00127109664026648,1.1,-1.91,58.7305247581266,0.0510446299276535,0.000632916197745654,3.04612073781331e-05,0.0313779900043706,0,0
262285,2022,3,41.0158248171841,-95.1308217194993,15.5951612903226,48309,0.252982813301047,3.25094723701477,1274.00305863113,1.33566777710187,162.218415367375,0.315983765248881,2,167.519685294,4,2,0.0129228159785271,0.00190664501860738,0.011016171425581,0.00473130447790027,0.048089824616909,0.778476119041443,0.000282465916825458,0.00127109664026648,1.8,-1.67,58.7305247581266,0.0510446299276535,0.000632916197745654,3.04612073781331e-05,0.0313779900043706,0,0
262286,2022,4,41.0158248171841,-95.1308217194993,14.268,48309,0.266250851052155,7.932044506073,1274.00305863113,1.33566777710187,162.218415367375,0.551352013652554,2,167.519685294,4,2,0.0129228159785271,0.00190664501860738,0.011016171425581,0.00473130447790027,0.048089824616909,0.778476119041443,0.000282465916825458,0.00127109664026648,1.7,-2.1,58.7305247581266,0.0510446299276535,0.000632916197745654,3.04612073781331e-05,0.0313779900043706,0,0
262287,2022,5,41.0158248171841,-95.1308217194993,10.6987096774194,48309,0.399477426129897,16.7634506225586,1274.00305863113,1.33566777710187,162.218415367375,0.605299993118449,2,167.519685294,4,2,0.0129228159785271,0.00190664501860738,0.011016171425581,0.00473130447790027,0.048089824616909,0.778476119041443,0.000282465916825458,0.00127109664026648,1.4,-2.25,58.7305247581266,0.0510446299276535,0.000632916197745654,3.04612073781331e-05,0.0313779900043706,0,0
262288,2022,6,41.0158248171841,-95.1308217194993,9.666,48309,0.161822887476391,22.8301277160645,1274.00305863113,1.33566777710187,162.218415367375,0.783180177932867,2,167.519685294,4,2,0.0129228159785271,0.00190664501860738,0.011016171425581,0.00473130447790027,0.048089824616909,0.778476119041443,0.000282465916825458,0.00127109664026648,1.7,-1.34,58.7305247581266,0.0510446299276535,0.000632916197745654,3.04612073781331e-05,0.0313779900043706,0,0
262449,2022,1,41.9108333333333,-93.1633333333333,15.6167741935484,48310,0.0788664944162939,-9.89140796661377,1011.02233930097,2.58549809416729,47.3987942783826,0.0339266760032684,3,160.662729903,4,4,0.0327588655054569,0.00178037316072732,0.0112519580870867,0.00391682097688317,0.0142429852858186,0.839766442775726,0,0,0.5,-2.4,70.9444269873179,0.0410333450626988,0.00203282279103649,0.000501931553342343,0.0465093993929525,0,0
262617,2022,1,42.0366666666667,-95.3991666666667,26.9406451612903,48312,0.0337839314831594,-8.30831813812256,1422.12839433975,3.32959726502237,249.86373898904,0.0883992326633337,2,248.162730036,4,2,0.00519868964329362,0.00163794332183897,0.0314769968390465,0.00306224194355309,0.0507050268352032,0.802805840969086,0.000213644772884436,0.000427289545768872,0.5,-2.4,93.8796310149679,0.0164150012795768,0.00108236907915873,0.000118698467788782,0.0365503137520949,0,0
262618,2022,2,42.0366666666667,-95.3991666666667,27.665,48312,0.0136669023351075,-5.49161529541016,1422.12839433975,3.32959726502237,249.86373898904,0.160689429279585,2,248.162730036,4,2,0.00519868964329362,0.00163794332183897,0.0314769968390465,0.00306224194355309,0.0507050268352032,0.802805840969086,0.000213644772884436,0.000427289545768872,1.1,-1.91,93.8796310149679,0.0164150012795768,0.00108236907915873,0.000118698467788782,0.0365503137520949,0,0
262619,2022,3,42.0366666666667,-95.3991666666667,28.1083870967742,48312,0.118140048108991,2.27201676368713,1422.12839433975,3.32959726502237,249.86373898904,0.323147686625983,2,248.162730036,4,2,0.00519868964329362,0.00163794332183897,0.0314769968390465,0.00306224194355309,0.0507050268352032,0.802805840969086,0.000213644772884436,0.000427289545768872,1.8,-1.67,93.8796310149679,0.0164150012795768,0.00108236907915873,0.000118698467788782,0.0365503137520949,0,0
262620,2022,4,42.0366666666667,-95.3991666666667,28.4573333333333,48312,0.211647639759002,6.73949575424194,1422.12839433975,3.32959726502237,249.86373898904,0.540984247183896,2,248.162730036,4,2,0.00519868964329362,0.00163794332183897,0.0314769968390465,0.00306224194355309,0.0507050268352032,0.802805840969086,0.000213644772884436,0.000427289545768872,1.7,-2.1,93.8796310149679,0.0164150012795768,0.00108236907915873,0.000118698467788782,0.0365503137520949,0,0
262621,2022,5,42.0366666666667,-95.3991666666667,27.501935483871,48312,0.390282729133846,16.0153102874756,1422.12839433975,3.32959726502237,249.86373898904,0.618497694259763,2,248.162730036,4,2,0.00519868964329362,0.00163794332183897,0.0314769968390465,0.00306224194355309,0.0507050268352032,0.802805840969086,0.000213644772884436,0.000427289545768872,1.4,-2.25,93.8796310149679,0.0164150012795768,0.00108236907915873,0.000118698467788782,0.0365503137520949,0,0
262622,2022,6,42.0366666666667,-95.3991666666667,25.8106666666667,48312,0.221571484599651,22.4126834869385,1422.12839433975,3.32959726502237,249.86373898904,0.809070708535936,2,248.162730036,4,2,0.00519868964329362,0.00163794332183897,0.0314769968390465,0.00306224194355309,0.0507050268352032,0.802805840969086,0.000213644772884436,0.000427289545768872,1.7,-1.34,93.8796310149679,0.0164150012795768,0.00108236907915873,0.000118698467788782,0.0365503137520949,0,8.79888333995173e-05
262752,2022,1,43.0341666666667,-91.8366666666667,13.2064516129032,48313,0.060058103237178,-11.9610223770142,1203.81276472912,1.01673885643351,49.8305212667175,0.0824624473343382,1,39.435695598,4,2,0.0195841044187546,0.00619569839909673,0.147984623908997,0.00854579079896212,0.0286283995956182,0.570146679878235,0.00683663273230195,0.00327588664367795,0.5,-2.4,237.404906265791,0.020176160197925,0.000704183024646933,0.00023603900267495,0.0457523432994882,0,0
262753,2022,2,43.0341666666667,-91.8366666666667,14.5564285714286,48313,0.0107162549589749,-8.41230487823486,1203.81276472912,1.01673885643351,49.8305212667175,0.10692462536902,1,39.435695598,4,2,0.0195841044187546,0.00619569839909673,0.147984623908997,0.00854579079896212,0.0286283995956182,0.570146679878235,0.00683663273230195,0.00327588664367795,1.1,-1.91,237.404906265791,0.020176160197925,0.000704183024646933,0.00023603900267495,0.0457523432994882,0,0
262754,2022,3,43.0341666666667,-91.8366666666667,6.33193548387097,48313,0.306688043855273,1.25927650928497,1203.81276472912,1.01673885643351,49.8305212667175,0.361742060252483,1,39.435695598,4,2,0.0195841044187546,0.00619569839909673,0.147984623908997,0.00854579079896212,0.0286283995956182,0.570146679878235,0.00683663273230195,0.00327588664367795,1.8,-1.67,237.404906265791,0.020176160197925,0.000704183024646933,0.00023603900267495,0.0457523432994882,0,0
262755,2022,4,43.0341666666667,-91.8366666666667,3.638,48313,0.282611096428738,5.31834030151367,1203.81276472912,1.01673885643351,49.8305212667175,0.568333524030954,1,39.435695598,4,2,0.0195841044187546,0.00619569839909673,0.147984623908997,0.00854579079896212,0.0286283995956182,0.570146679878235,0.00683663273230195,0.00327588664367795,1.7,-2.1,237.404906265791,0.020176160197925,0.000704183024646933,0.00023603900267495,0.0457523432994882,0,0
262756,2022,5,43.0341666666667,-91.8366666666667,3.53032258064516,48313,0.354326003405466,15.8199806213379,1203.81276472912,1.01673885643351,49.8305212667175,0.73500330478521,1,39.435695598,4,2,0.0195841044187546,0.00619569839909673,0.147984623908997,0.00854579079896212,0.0286283995956182,0.570146679878235,0.00683663273230195,0.00327588664367795,1.4,-2.25,237.404906265791,0.020176160197925,0.000704183024646933,0.00023603900267495,0.0457523432994882,0,0
262757,2022,6,43.0341666666667,-91.8366666666667,6.75533333333333,48313,0.350731176874411,20.7955284118652,1203.81276472912,1.01673885643351,49.8305212667175,0.900909645468741,1,39.435695598,4,2,0.0195841044187546,0.00619569839909673,0.147984623908997,0.00854579079896212,0.0286283995956182,0.570146679878235,0.00683663273230195,0.00327588664367795,1.7,-1.34,237.404906265791,0.020176160197925,0.000704183024646933,0.00023603900267495,0.0457523432994882,0,0
262926,2022,1,43.0861111111111,-93.7141666666667,3.82161290322581,48314,0.0781145247197468,-12.1005048751831,1254.53129749665,1.18154558286888,240.061636504281,0.0471651711267214,1,110.925197019,6,5,0.0141232963651419,0.000776781293097883,0.00557870185002685,0.00289527582935989,0.0141232963651419,0.883341550827026,0.0026128098834306,0.000353082403307781,0.5,-2.4,26.6919486884588,0.0386297520721687,0.000956451932877324,0.00039412848677622,0.0408226767563323,0,0
262927,2022,2,43.0861111111111,-93.7141666666667,4.08821428571429,48314,0.0236936817379148,-9.24265575408936,1254.53129749665,1.18154558286888,240.061636504281,0.0499058803055366,1,110.925197019,6,5,0.0141232963651419,0.000776781293097883,0.00557870185002685,0.00289527582935989,0.0141232963651419,0.883341550827026,0.0026128098834306,0.000353082403307781,1.1,-1.91,26.6919486884588,0.0386297520721687,0.000956451932877324,0.00039412848677622,0.0408226767563323,0,0
262928,2022,3,43.0861111111111,-93.7141666666667,3.40645161290323,48314,0.103328190607652,0.607842743396759,1254.53129749665,1.18154558286888,240.061636504281,0.289854791035526,1,110.925197019,6,5,0.0141232963651419,0.000776781293097883,0.00557870185002685,0.00289527582935989,0.0141232963651419,0.883341550827026,0.0026128098834306,0.000353082403307781,1.8,-1.67,26.6919486884588,0.0386297520721687,0.000956451932877324,0.00039412848677622,0.0408226767563323,0,0
262929,2022,4,43.0861111111111,-93.7141666666667,2.77266666666667,48314,0.425571782716438,4.63867568969727,1254.53129749665,1.18154558286888,240.061636504281,0.418572514086392,1,110.925197019,6,5,0.0141232963651419,0.000776781293097883,0.00557870185002685,0.00289527582935989,0.0141232963651419,0.883341550827026,0.0026128098834306,0.000353082403307781,1.7,-2.1,26.6919486884588,0.0386297520721687,0.000956451932877324,0.00039412848677622,0.0408226767563323,0,0
262930,2022,5,43.0861111111111,-93.7141666666667,3.07870967741935,48314,0.200548485187178,15.248327255249,1254.53129749665,1.18154558286888,240.061636504281,0.646503779875864,1,110.925197019,6,5,0.0141232963651419,0.000776781293097883,0.00557870185002685,0.00289527582935989,0.0141232963651419,0.883341550827026,0.0026128098834306,0.000353082403307781,1.4,-2.25,26.6919486884588,0.0386297520721687,0.000956451932877324,0.00039412848677622,0.0408226767563323,0,0
262931,2022,6,43.0861111111111,-93.7141666666667,3.363,48314,0.343931829419607,21.1201477050781,1254.53129749665,1.18154558286888,240.061636504281,0.737789886074176,1,110.925197019,6,5,0.0141232963651419,0.000776781293097883,0.00557870185002685,0.00289527582935989,0.0141232963651419,0.883341550827026,0.0026128098834306,0.000353082403307781,1.7,-1.34,26.6919486884588,0.0386297520721687,0.000956451932877324,0.00039412848677622,0.0408226767563323,0,0
263106,2022,11,42.14503889,-113.1893417,430.59,48398,0.207118262458093,-2.29645156860352,5700.47775906933,10.3539728224892,224.861902019639,0.114472119062312,4,78.477690408,3,2,0.0108749382197857,0.00162417907267809,0.00790904555469751,0.8077113032341,0.00628486694768071,0.0816326513886452,0,0,0.3,-2.41,49.328218995629,0.0354785197796491,0.0327191970615692,0.0223406708751683,0.0204097148783505,0,0
266020,2022,6,42.62372778,-113.8336028,135.04,49695,0.033675779559042,17.3769207000732,4176.5091927,1.064878678389,61.7703813085409,0.835723327545342,4,144.324147201,4,2,0.0158887077122927,0.00218911096453667,0.00692041544243693,0.198573544621468,0.0107337050139904,0.656097710132599,0,0.000706164806615561,1.7,-1.34,14.5400071302535,0.0479492092969642,0.0928138562030924,0.0633307200078147,0.0266745419662694,1,0.00590923052793388
277274,2022,4,43.38514444,-112.975336,688.92,52213,0.07676035099233,3.69650292396545,5113.11596282685,1.0129300218871,105.637445138426,0.43442753735191,9,115.944882066,4,2,0,0,0,0.963822841644287,0.0121777523308992,0.0011394388275221,0,0,1.7,-2.1,51.4616491444159,0.162839726723894,0.00654132928397332,0.00590769624791893,0.00582935330831756,0,0
277275,2022,10,43.38514444,-112.975336,689.95,52213,0.0257890212333369,8.56085109710693,5113.11596282685,1.0129300218871,105.637445138426,0.320856890828192,9,115.944882066,4,2,0,0,0,0.963822841644287,0.0121777523308992,0.0011394388275221,0,0,1.7,-1.8,51.4616491444159,0.162839726723894,0.00654132928397332,0.00590769624791893,0.00582935330831756,0,0
277526,2022,1,43.433075,-113.0926028,635,52315,0.0084100221839339,-9.30289077758789,5045.90509278063,0.694744808820759,122.133292107734,0.0106622853779097,9,94.324147125,4,2,0,0,0,0.836348116397858,0.0410197973251343,0,0,0,0.5,-2.4,0.575862121800283,0.0414190880262116,0.00654132928397332,0.00590769624791893,0.00296634677650717,0,0
277528,2022,7,43.433075,-113.0926028,635.68,52315,0,22.8827686309814,5045.90509278063,0.694744808820759,122.133292107734,1.10022637642115,9,94.324147125,4,2,0,0,0,0.836348116397858,0.0410197973251343,0,0,0,0.8,-2.62,0.575862121800283,0.0414190880262116,0.00654132928397332,0.00590769624791893,0.00296634677650717,0,1.75445869717452e-05
292040,2022,4,43.98999444,-114.0408278,40.31,56819,0.0855029850855194,-0.137297391891479,6683.28151753107,2.82325764852231,149.318157762867,0.267075816883333,4,148.982939859,1,1,0.00289527582935989,0.00112986366730183,0.00649671629071236,0.910317063331604,0.0125697338953614,0.00148294609971344,0.00762658007442951,0,1.7,-2.1,26.4847466728704,0.0171980623104914,0.000379252975596949,0.00384903903190329,0.0101253140962621,0,0
292041,2022,11,43.98999444,-114.0408278,40.94,56819,0.201063031279436,-7.4752721786499,6683.28151753107,2.82325764852231,149.318157762867,0.0353040877200511,4,148.982939859,1,1,0.00289527582935989,0.00112986366730183,0.00649671629071236,0.910317063331604,0.0125697338953614,0.00148294609971344,0.00762658007442951,0,0.3,-2.41,26.4847466728704,0.0171980623104914,0.000379252975596949,0.00384903903190329,0.0101253140962621,0,0
292195,2022,4,44.00085556,-113.86125,29.24,56866,0.0673504515042109,1.81894719600677,6251.86057759535,0.335976884518926,66.0668409613468,0.303454011592397,4,170.045932017,1,1,7.06164792063646e-05,0,7.06164792063646e-05,0.853047072887421,0.0123578840866685,0.075347788631916,0.00155356258619577,0,1.7,-2.1,1.70760873837596,0.0593006536124467,0.000379252975596949,0.00384903903190329,0.00376424473743265,0,0
292196,2022,10,44.00085556,-113.86125,28.39,56866,0.0430428356664708,7.3388466835022,6251.86057759535,0.335976884518926,66.0668409613468,0.208216940327742,4,170.045932017,1,1,7.06164792063646e-05,0,7.06164792063646e-05,0.853047072887421,0.0123578840866685,0.075347788631916,0.00155356258619577,0,1.7,-1.8,1.70760873837596,0.0593006536124467,0.000379252975596949,0.00384903903190329,0.00376424473743265,0,0
292206,2022,11,44.0053361,-113.804025,20.68,56884,0.148847184695316,-5.91137075424194,6177.29937603166,0.621492702254561,141.150343425851,0.0277057814581172,4,183.234908415,1,1,0.01052185613662,0.00127109664026648,0.00388390640728176,0.127533361315727,0.0319186486303806,0.300614356994629,0.332956701517105,0,0.3,-2.41,3.9156653496294,0.0440396753287513,0.000379252975596949,0.00384903903190329,0.00372836427114904,1,0
298246,2022,3,40.32041667,-89.89575,16.1775,59022,0.35227440214262,5.91690492630005,483.074954674856,0.746037763732198,55.7893408248134,0.263945762655006,1,87.500000133,1,2,0.00663794949650764,0.00141232961323112,0.0370030365884304,0.00374267343431711,0.0127815827727318,0.808911800384521,0.0242214538156986,0,1.8,-1.67,13.9152925682821,0.0208093297090908,0.0188834184931471,0.000571760711336164,0.0622824395380418,0,0
298247,2022,4,40.32041667,-89.89575,15.2,59022,0.218525458840748,9.96839237213135,483.074954674856,0.746037763732198,55.7893408248134,0.463956448116298,1,87.500000133,1,2,0.00663794949650764,0.00141232961323112,0.0370030365884304,0.00374267343431711,0.0127815827727318,0.808911800384521,0.0242214538156986,0,1.7,-2.1,13.9152925682821,0.0208093297090908,0.0188834184931471,0.000571760711336164,0.0622824395380418,0,0
298248,2022,6,40.32041667,-89.89575,15.335,59022,0.142365253094179,23.0777969360352,483.074954674856,0.746037763732198,55.7893408248134,0.733677271959416,1,87.500000133,1,2,0.00663794949650764,0.00141232961323112,0.0370030365884304,0.00374267343431711,0.0127815827727318,0.808911800384521,0.0242214538156986,0,1.7,-1.34,13.9152925682821,0.0208093297090908,0.0188834184931471,0.000571760711336164,0.0622824395380418,0,0.000470632512987645
298249,2022,7,40.32041667,-89.89575,16.31,59022,0.381038671356828,23.97287940979,483.074954674856,0.746037763732198,55.7893408248134,0.709318527538907,1,87.500000133,1,2,0.00663794949650764,0.00141232961323112,0.0370030365884304,0.00374267343431711,0.0127815827727318,0.808911800384521,0.0242214538156986,0,0.8,-2.62,13.9152925682821,0.0208093297090908,0.0188834184931471,0.000571760711336164,0.0622824395380418,0,0.0023841662479531
298250,2022,8,40.32041667,-89.89575,17.31,59022,0.199808649181591,23.3063869476318,483.074954674856,0.746037763732198,55.7893408248134,0.769672044537222,1,87.500000133,1,2,0.00663794949650764,0.00141232961323112,0.0370030365884304,0.00374267343431711,0.0127815827727318,0.808911800384521,0.0242214538156986,0,1,-2.38,13.9152925682821,0.0208093297090908,0.0188834184931471,0.000571760711336164,0.0622824395380418,0,0.00592793464139827
298251,2022,10,40.32041667,-89.89575,17.975,59022,0.240631854806044,11.6256723403931,483.074954674856,0.746037763732198,55.7893408248134,0.451120242106178,1,87.500000133,1,2,0.00663794949650764,0.00141232961323112,0.0370030365884304,0.00374267343431711,0.0127815827727318,0.808911800384521,0.0242214538156986,0,1.7,-1.8,13.9152925682821,0.0208093297090908,0.0188834184931471,0.000571760711336164,0.0622824395380418,0,0.00048995187941288
299132,2022,5,42.3555611,-88.5523667,32.31,60110,0.36403983964961,16.2034664154053,884.031081696299,1.85450461876442,227.87718363858,0.558218668987692,1,77.75590563,3,2,0.0105924727395177,0.00141232961323112,0.177812308073044,0.00854459404945374,0.0196313820779324,0.536190927028656,0.0188546013087034,0.00621425034478307,1.4,-2.25,5.77880759817206,0.00403626110679129,0.00665514726945063,0.00116529816002054,0.0673955147090554,0,0
299133,2022,9,42.3555611,-88.5523667,32.86,60110,0.320985924715556,17.4079456329346,884.031081696299,1.85450461876442,227.87718363858,0.442698772232249,1,77.75590563,3,2,0.0105924727395177,0.00141232961323112,0.177812308073044,0.00854459404945374,0.0196313820779324,0.536190927028656,0.0188546013087034,0.00621425034478307,1.6,-2.29,5.77880759817206,0.00403626110679129,0.00665514726945063,0.00116529816002054,0.0673955147090554,0,7.69955821355112e-05
300982,2022,2,37.2031111111111,-89.2681111111111,11.75,60209,0.661857335653615,2.51955270767212,329.651520645937,0.823238109575973,107.168326195211,0.157736568240133,2,88.418635305,3,2,0.0100275408476591,0.00120048015378416,0.0442765355110168,0.00416637258604169,0.0107337050139904,0.460772544145584,0.294400125741959,0.00240096030756831,1.1,-1.91,10.9023904090053,0.00965932476694595,0.00193605045650752,0.000370127293155849,0.0627465038216114,0,0
300983,2022,4,37.2031111111111,-89.2681111111111,10.64,60209,0.562679361713059,13.566312789917,329.651520645937,0.823238109575973,107.168326195211,0.459812094919254,2,88.418635305,3,2,0.0100275408476591,0.00120048015378416,0.0442765355110168,0.00416637258604169,0.0107337050139904,0.460772544145584,0.294400125741959,0.00240096030756831,1.7,-2.1,10.9023904090053,0.00965932476694595,0.00193605045650752,0.000370127293155849,0.0627465038216114,0,0
300984,2022,6,37.2031111111111,-89.2681111111111,12.5,60209,0.309448467935259,25.1534156799316,329.651520645937,0.823238109575973,107.168326195211,0.746984808347626,2,88.418635305,3,2,0.0100275408476591,0.00120048015378416,0.0442765355110168,0.00416637258604169,0.0107337050139904,0.460772544145584,0.294400125741959,0.00240096030756831,1.7,-1.34,10.9023904090053,0.00965932476694595,0.00193605045650752,0.000370127293155849,0.0627465038216114,0,1.90790093319085e-05
300985,2022,8,37.2031111111111,-89.2681111111111,13.73,60209,0.311999684405045,25.4184627532959,329.651520645937,0.823238109575973,107.168326195211,0.703501464631494,2,88.418635305,3,2,0.0100275408476591,0.00120048015378416,0.0442765355110168,0.00416637258604169,0.0107337050139904,0.460772544145584,0.294400125741959,0.00240096030756831,1,-2.38,10.9023904090053,0.00965932476694595,0.00193605045650752,0.000370127293155849,0.0627465038216114,0,5.40427930871242e-05
300986,2022,10,37.2031111111111,-89.2681111111111,14.38,60209,0.142320197614595,14.6667318344116,329.651520645937,0.823238109575973,107.168326195211,0.545045698298506,2,88.418635305,3,2,0.0100275408476591,0.00120048015378416,0.0442765355110168,0.00416637258604169,0.0107337050139904,0.460772544145584,0.294400125741959,0.00240096030756831,1.7,-1.8,10.9023904090053,0.00965932476694595,0.00193605045650752,0.000370127293155849,0.0627465038216114,0,1.36626211588367e-05
300987,2022,11,37.2031111111111,-89.2681111111111,14.52,60209,0.23506282231374,8.14338111877441,329.651520645937,0.823238109575973,107.168326195211,0.259205600802111,2,88.418635305,3,2,0.0100275408476591,0.00120048015378416,0.0442765355110168,0.00416637258604169,0.0107337050139904,0.460772544145584,0.294400125741959,0.00240096030756831,0.3,-2.41,10.9023904090053,0.00965932476694595,0.00193605045650752,0.000370127293155849,0.0627465038216114,0,0
301075,2022,1,38.51438889,-89.4411944,3.49064516129032,60210,0.0982424907725824,-2.83263754844666,406.8241476,0.0876832814284841,280.273938924535,0.151577446634802,3,65.387139207,2,5,0.0063381283544004,0.00106822384987026,0.0147414896637201,0.00242130761034787,0.00526990462094545,0.545150279998779,0.304301381111145,0.00384560599923134,0.5,-2.4,0.0473028269589409,0.0202972311168426,0.00101783878192965,0.00196420012130807,0.0394959087074796,0,0
301076,2022,2,38.51438889,-89.4411944,2.91461538461538,60210,0.461009018765218,-0.0183794908225536,406.8241476,0.0876832814284841,280.273938924535,0.126590566251841,3,65.387139207,2,5,0.0063381283544004,0.00106822384987026,0.0147414896637201,0.00242130761034787,0.00526990462094545,0.545150279998779,0.304301381111145,0.00384560599923134,1.1,-1.91,0.0473028269589409,0.0202972311168426,0.00101783878192965,0.00196420012130807,0.0394959087074796,0,0
301077,2022,3,38.51438889,-89.4411944,2.14935483870968,60210,0.453502675743279,8.08772659301758,406.8241476,0.0876832814284841,280.273938924535,0.359553665547457,3,65.387139207,2,5,0.0063381283544004,0.00106822384987026,0.0147414896637201,0.00242130761034787,0.00526990462094545,0.545150279998779,0.304301381111145,0.00384560599923134,1.8,-1.67,0.0473028269589409,0.0202972311168426,0.00101783878192965,0.00196420012130807,0.0394959087074796,0,0
301078,2022,4,38.51438889,-89.4411944,1.79766666666667,60210,0.314422217418974,12.2658853530884,406.8241476,0.0876832814284841,280.273938924535,0.486773394025452,3,65.387139207,2,5,0.0063381283544004,0.00106822384987026,0.0147414896637201,0.00242130761034787,0.00526990462094545,0.545150279998779,0.304301381111145,0.00384560599923134,1.7,-2.1,0.0473028269589409,0.0202972311168426,0.00101783878192965,0.00196420012130807,0.0394959087074796,0,0
301079,2022,5,38.51438889,-89.4411944,2.97903225806452,60210,0.468166882683398,19.7690486907959,406.8241476,0.0876832814284841,280.273938924535,0.626271566707141,3,65.387139207,2,5,0.0063381283544004,0.00106822384987026,0.0147414896637201,0.00242130761034787,0.00526990462094545,0.545150279998779,0.304301381111145,0.00384560599923134,1.4,-2.25,0.0473028269589409,0.0202972311168426,0.00101783878192965,0.00196420012130807,0.0394959087074796,0,0
301080,2022,6,38.51438889,-89.4411944,3.99266666666667,60210,0.249598470952114,24.4685840606689,406.8241476,0.0876832814284841,280.273938924535,0.770237590929286,3,65.387139207,2,5,0.0063381283544004,0.00106822384987026,0.0147414896637201,0.00242130761034787,0.00526990462094545,0.545150279998779,0.304301381111145,0.00384560599923134,1.7,-1.34,0.0473028269589409,0.0202972311168426,0.00101783878192965,0.00196420012130807,0.0394959087074796,0,0
301479,2022,1,39.6304722222222,-90.5588166666667,6.657,60218,0.0931263033963278,-4.96700572967529,426.509187,0.0076992651090578,147.490455985038,0.106719422690338,1,81.955380702,6,5,0.00776781281456351,0.00183602853212506,0.0714638829231262,0.00480192061513662,0.0100275408476591,0.794859111309052,0.00346020772121847,0,0.5,-2.4,2.08894724925613,0.053850899564793,0.00283552206970008,1.70814582512053e-05,0.0318107535374165,0,0
301480,2022,2,39.6304722222222,-90.5588166666667,6.33892857142857,60218,0.254025822622588,-2.19583058357239,426.509187,0.0076992651090578,147.490455985038,0.117506405365701,1,81.955380702,6,5,0.00776781281456351,0.00183602853212506,0.0714638829231262,0.00480192061513662,0.0100275408476591,0.794859111309052,0.00346020772121847,0,1.1,-1.91,2.08894724925613,0.053850899564793,0.00283552206970008,1.70814582512053e-05,0.0318107535374165,0,0
301481,2022,3,39.6304722222222,-90.5588166666667,6.00677419354839,60218,0.385353008866013,6.65043878555298,426.509187,0.0076992651090578,147.490455985038,0.310163873858583,1,81.955380702,6,5,0.00776781281456351,0.00183602853212506,0.0714638829231262,0.00480192061513662,0.0100275408476591,0.794859111309052,0.00346020772121847,0,1.8,-1.67,2.08894724925613,0.053850899564793,0.00283552206970008,1.70814582512053e-05,0.0318107535374165,0,0
301482,2022,4,39.6304722222222,-90.5588166666667,5.233,60218,0.324579374551401,10.6401500701904,426.509187,0.0076992651090578,147.490455985038,0.488962389470206,1,81.955380702,6,5,0.00776781281456351,0.00183602853212506,0.0714638829231262,0.00480192061513662,0.0100275408476591,0.794859111309052,0.00346020772121847,0,1.7,-2.1,2.08894724925613,0.053850899564793,0.00283552206970008,1.70814582512053e-05,0.0318107535374165,0,0
301483,2022,5,39.6304722222222,-90.5588166666667,5.18903225806452,60218,0.541818073926059,18.8190727233887,426.509187,0.0076992651090578,147.490455985038,0.611777419171628,1,81.955380702,6,5,0.00776781281456351,0.00183602853212506,0.0714638829231262,0.00480192061513662,0.0100275408476591,0.794859111309052,0.00346020772121847,0,1.4,-2.25,2.08894724925613,0.053850899564793,0.00283552206970008,1.70814582512053e-05,0.0318107535374165,0,0
301484,2022,6,39.6304722222222,-90.5588166666667,5.204,60218,0.273085592089254,23.8797016143799,426.509187,0.0076992651090578,147.490455985038,0.707109407313272,1,81.955380702,6,5,0.00776781281456351,0.00183602853212506,0.0714638829231262,0.00480192061513662,0.0100275408476591,0.794859111309052,0.00346020772121847,0,1.7,-1.34,2.08894724925613,0.053850899564793,0.00283552206970008,1.70814582512053e-05,0.0318107535374165,0,0
302291,2022,1,42.1822222222222,-88.6355555555556,9.07548387096774,60230,0.0490395228813435,-9.09049797058105,810.3674553,0.111113281697507,166.912480037862,0.0599062099516314,1,78.051181221,3,2,0.0228599905967712,0.00242130761034787,0.0176613014191389,0.00498504471033812,0.013317191042006,0.8177610039711,0.00284859701059759,0.000356074626324698,0.5,-2.4,6.00090138841878,0.0120437712544614,0.00665514726945063,0.00116529816002054,0.0664848066819708,0,0
302292,2022,2,42.1822222222222,-88.6355555555556,9.05785714285714,60230,0.110876716822351,-5.04653358459473,810.3674553,0.111113281697507,166.912480037862,0.0737959382285288,1,78.051181221,3,2,0.0228599905967712,0.00242130761034787,0.0176613014191389,0.00498504471033812,0.013317191042006,0.8177610039711,0.00284859701059759,0.000356074626324698,1.1,-1.91,6.00090138841878,0.0120437712544614,0.00665514726945063,0.00116529816002054,0.0664848066819708,0,0
302293,2022,3,42.1822222222222,-88.6355555555556,8.37387096774193,60230,0.230595946975342,2.93491196632385,810.3674553,0.111113281697507,166.912480037862,0.239191381062108,1,78.051181221,3,2,0.0228599905967712,0.00242130761034787,0.0176613014191389,0.00498504471033812,0.013317191042006,0.8177610039711,0.00284859701059759,0.000356074626324698,1.8,-1.67,6.00090138841878,0.0120437712544614,0.00665514726945063,0.00116529816002054,0.0664848066819708,0,0
302294,2022,4,42.1822222222222,-88.6355555555556,6.96366666666667,60230,0.424087054479222,6.88713693618774,810.3674553,0.111113281697507,166.912480037862,0.41005407480807,1,78.051181221,3,2,0.0228599905967712,0.00242130761034787,0.0176613014191389,0.00498504471033812,0.013317191042006,0.8177610039711,0.00284859701059759,0.000356074626324698,1.7,-2.1,6.00090138841878,0.0120437712544614,0.00665514726945063,0.00116529816002054,0.0664848066819708,0,0
303408,2022,3,38.3847222,-85.6380556,33.535,60245,0.20693153252604,9.43935108184814,447.385920826144,5.85593134020215,82.6748005304057,0.499882636241849,1,47.736220545,3,2,0.0815620347857475,0.0092507591471076,0.293411493301392,0.00896829273551702,0.0124991172924638,0.123225763440132,0.000353082403307781,0.241084665060043,1.8,-1.67,39.0686451261738,0.0120448043855981,0.00863302329669378,0.00300245854477934,0.0780842382407188,0,0
303409,2022,7,38.3847222,-85.6380556,39.42,60245,0.541376880657646,26.2358303070068,447.385920826144,5.85593134020215,82.6748005304057,0.851564984351917,1,47.736220545,3,2,0.0815620347857475,0.0092507591471076,0.293411493301392,0.00896829273551702,0.0124991172924638,0.123225763440132,0.000353082403307781,0.241084665060043,0.8,-2.62,39.0686451261738,0.0120448043855981,0.00863302329669378,0.00300245854477934,0.0780842382407188,0,0
303424,2022,12,38.5675,-85.5905556,48.15,60250,0.257566457424033,2.43769788742065,698.909882888278,0.803069575187684,279.772872804825,0.20117937454005,1,34.383202152,2,4,0.0125338267534971,0.00334710162132978,0.35208660364151,0.0108958836644888,0.0232160668820143,0.376299679279327,0.00178037316072732,0.000356074626324698,2.1,-2.21,45.782036738261,0.0266450160602511,0.00863302329669378,0.00300245854477934,0.0475371908860405,0,0
303449,2022,4,38.66277778,-86.7991667,22.93,60260,0.411161388311307,12.0637292861938,468.41291762911,0.746815287414804,123.546287751426,0.565375131179842,2,49.573490889,1,2,0.0682861357927322,0.00692041544243693,0.447355419397354,0.00755596347153187,0.015465009957552,0.213261768221855,0.00487253721803427,0.0240096040070057,1.7,-2.1,1.43505163767566,0.0339082299688633,0.00043949815172636,5.4937268965795e-05,0.077159042973121,0,0
303450,2022,9,38.66277778,-86.7991667,30.2,60260,0.264426729899563,20.1395683288574,468.41291762911,0.746815287414804,123.546287751426,0.703497659946552,2,49.573490889,1,2,0.0682861357927322,0.00692041544243693,0.447355419397354,0.00755596347153187,0.015465009957552,0.213261768221855,0.00487253721803427,0.0240096040070057,1.6,-2.29,1.43505163767566,0.0339082299688633,0.00043949815172636,5.4937268965795e-05,0.077159042973121,0,0
303451,2022,12,38.66277778,-86.7991667,33.19,60260,0.296454167253445,1.78024423122406,468.41291762911,0.746815287414804,123.546287751426,0.212503793994381,2,49.573490889,1,2,0.0682861357927322,0.00692041544243693,0.447355419397354,0.00755596347153187,0.015465009957552,0.213261768221855,0.00487253721803427,0.0240096040070057,2.1,-2.21,1.43505163767566,0.0339082299688633,0.00043949815172636,5.4937268965795e-05,0.077159042973121,0,0
303497,2022,6,38.92841667,-86.01563889,6.89,60396,0.273253473812347,23.0881175994873,541.3385835,0.167851288996585,165.263458030039,0.679715175109918,1,50.229658869,3,2,0.017164608463645,0.00366274057887495,0.163171499967575,0.00890548713505268,0.0178109742701054,0.58036482334137,0.00359092210419476,0.0168055165559053,1.7,-1.34,1.81921159152213,0.0357242501980016,0.00244932142594709,0.000341505387389195,0.0840569412865241,0,0.000245728825701866
303540,2022,8,38.93366619,-85.6158002,39.05,60397,0.355329514089906,23.3688735961914,730.959350063826,1.223719632351,301.441564369793,0.73521942090228,3,34.875328137,6,4,0.015524853952229,0.00270616728812456,0.232587948441505,0.0102549493312836,0.0187295265495777,0.498290836811066,0.0148839196190238,0.00220766267739236,1,-2.38,19.8674483864064,0.00591829599547875,0.000250943877729664,0.000676788033876973,0.0572145453280211,0,0
303756,2022,2,39.27421786,-85.8955466,16.62,60417,0.453020181618581,0.311133205890656,658.547667514612,0.381058898742066,186.073771394217,0.106512104907198,1,68.044619526,3,2,0.0331897474825382,0.00218911096453667,0.0107337050139904,0.00381329003721476,0.0100981565192342,0.835675418376923,0.00105924718081951,7.06164792063646e-05,1.1,-1.91,3.85696924538037,0.0442221653175458,0.00549727273294945,0.00101163868823606,0.0791148611826698,0,0
303757,2022,4,39.27421786,-85.8955466,14.84,60417,0.241987774433295,11.0053071975708,658.547667514612,0.381058898742066,186.073771394217,0.409675208286415,1,68.044619526,3,2,0.0331897474825382,0.00218911096453667,0.0107337050139904,0.00381329003721476,0.0100981565192342,0.835675418376923,0.00105924718081951,7.06164792063646e-05,1.7,-2.1,3.85696924538037,0.0442221653175458,0.00549727273294945,0.00101163868823606,0.0791148611826698,0,0
303890,2022,1,39.6045333,-86.22921389,13.83,60469,0.103487743324728,-3.6610996723175,649.123212685157,0.555229969420189,339.532572282582,0.146636412435429,1,74.343832134,3,2,0.0325541980564594,0.00282465922646224,0.16178235411644,0.00762658007442951,0.0161711741238832,0.576442360877991,0.00331897474825382,0.0201963130384684,0.5,-2.4,2.39961534086405,0.0105001535524104,0.00573555270961115,0.000719738103076691,0.0824485316673915,0,0
303891,2022,3,39.6045333,-86.22921389,10.87,60469,0.398283831383258,6.97248649597168,649.123212685157,0.555229969420189,339.532572282582,0.311871376411519,1,74.343832134,3,2,0.0325541980564594,0.00282465922646224,0.16178235411644,0.00762658007442951,0.0161711741238832,0.576442360877991,0.00331897474825382,0.0201963130384684,1.8,-1.67,2.39961534086405,0.0105001535524104,0.00573555270961115,0.000719738103076691,0.0824485316673915,0,0
305419,2022,4,40.0000363,-86.0422076,21.76,60605,0.394176724049336,9.78057098388672,754.593177,0.147014480714719,198.426219824744,0.570785843723053,1,79.002624792,3,2,0.385424762964249,0.0193489156663418,0.0402513928711414,0.00677918223664165,0.0168773382902145,0.222300678491592,0.00974507443606853,0.0479485914111137,1.7,-2.1,11.9583046837096,0.00832629243614678,0.0113162520288043,0.0133750521452261,0.0954461448967457,0,0
305420,2022,6,40.0000363,-86.0422076,21.8,60605,0.198615492474337,22.4429359436035,754.593177,0.147014480714719,198.426219824744,0.986635805363132,1,79.002624792,3,2,0.385424762964249,0.0193489156663418,0.0402513928711414,0.00677918223664165,0.0168773382902145,0.222300678491592,0.00974507443606853,0.0479485914111137,1.7,-1.34,11.9583046837096,0.00832629243614678,0.0113162520288043,0.0133750521452261,0.0954461448967457,0,0
305421,2022,9,40.0000363,-86.0422076,21.78,60605,0.358723017719687,18.9335021972656,754.593177,0.147014480714719,198.426219824744,0.745398354849838,1,79.002624792,3,2,0.385424762964249,0.0193489156663418,0.0402513928711414,0.00677918223664165,0.0168773382902145,0.222300678491592,0.00974507443606853,0.0479485914111137,1.6,-2.29,11.9583046837096,0.00832629243614678,0.0113162520288043,0.0133750521452261,0.0954461448967457,0,0
305422,2022,10,40.0000363,-86.0422076,21.49,60605,0.117709417847459,11.4428272247314,754.593177,0.147014480714719,198.426219824744,0.692044657159653,1,79.002624792,3,2,0.385424762964249,0.0193489156663418,0.0402513928711414,0.00677918223664165,0.0168773382902145,0.222300678491592,0.00974507443606853,0.0479485914111137,1.7,-1.8,11.9583046837096,0.00832629243614678,0.0113162520288043,0.0133750521452261,0.0954461448967457,0,0
305423,2022,12,40.0000363,-86.0422076,22.73,60605,0.216022576888227,-0.368124574422836,754.593177,0.147014480714719,198.426219824744,0.19817500006894,1,79.002624792,3,2,0.385424762964249,0.0193489156663418,0.0402513928711414,0.00677918223664165,0.0168773382902145,0.222300678491592,0.00974507443606853,0.0479485914111137,2.1,-2.21,11.9583046837096,0.00832629243614678,0.0113162520288043,0.0133750521452261,0.0954461448967457,0,0
305456,2022,3,40.021625,-86.0471222,88.28,60610,0.446385962496451,6.08133888244629,787.401576,0.29338892435004,104.249341100552,0.415890761879924,1,74.671916124,4,4,0.451168715953827,0.00981569103896618,0.0680742859840393,0.00593178439885378,0.0140526797622442,0.179718941450119,0.026834262534976,0.020266929641366,1.8,-1.67,28.9116976268815,0.0118240698250264,0.0113162520288043,0.0133750521452261,0.0452472657846908,0,0
305733,2022,1,40.1113333,-85.6937778,16.1,60617,0.100305030504638,-4.88402509689331,845.843073815988,0.621050343849898,303.640463021731,0.138363763313648,1,76.837270458,3,2,0.437680959701538,0.00480192061513662,0.0529623627662659,0.00473130447790027,0.0139114465564489,0.304710119962692,0.00621425034478307,0.00225972733460367,0.5,-2.4,9.4735254909806,0.0427966707586205,0.00589194766431687,0.00013975509284633,0.12848174654603,0,0
305734,2022,3,40.1113333,-85.6937778,15.45,60617,0.455923356476381,6.00604343414307,845.843073815988,0.621050343849898,303.640463021731,0.295615684778391,1,76.837270458,3,2,0.437680959701538,0.00480192061513662,0.0529623627662659,0.00473130447790027,0.0139114465564489,0.304710119962692,0.00621425034478307,0.00225972733460367,1.8,-1.67,9.4735254909806,0.0427966707586205,0.00589194766431687,0.00013975509284633,0.12848174654603,0,0
305735,2022,5,40.1113333,-85.6937778,15.31,60617,0.404604964983925,18.400785446167,845.843073815988,0.621050343849898,303.640463021731,0.609443645452478,1,76.837270458,3,2,0.437680959701538,0.00480192061513662,0.0529623627662659,0.00473130447790027,0.0139114465564489,0.304710119962692,0.00621425034478307,0.00225972733460367,1.4,-2.25,9.4735254909806,0.0427966707586205,0.00589194766431687,0.00013975509284633,0.12848174654603,0,0
305736,2022,7,40.1113333,-85.6937778,16.4,60617,0.502154433645749,23.9587707519531,845.843073815988,0.621050343849898,303.640463021731,0.67786910192644,1,76.837270458,3,2,0.437680959701538,0.00480192061513662,0.0529623627662659,0.00473130447790027,0.0139114465564489,0.304710119962692,0.00621425034478307,0.00225972733460367,0.8,-2.62,9.4735254909806,0.0427966707586205,0.00589194766431687,0.00013975509284633,0.12848174654603,0,0
305737,2022,9,40.1113333,-85.6937778,16.6,60617,0.164715148895803,18.7750606536865,845.843073815988,0.621050343849898,303.640463021731,0.537910562366693,1,76.837270458,3,2,0.437680959701538,0.00480192061513662,0.0529623627662659,0.00473130447790027,0.0139114465564489,0.304710119962692,0.00621425034478307,0.00225972733460367,1.6,-2.29,9.4735254909806,0.0427966707586205,0.00589194766431687,0.00013975509284633,0.12848174654603,0,0
305738,2022,11,40.1113333,-85.6937778,17.12,60617,0.0941069734557009,5.9502272605896,845.843073815988,0.621050343849898,303.640463021731,0.21006842016877,1,76.837270458,3,2,0.437680959701538,0.00480192061513662,0.0529623627662659,0.00473130447790027,0.0139114465564489,0.304710119962692,0.00621425034478307,0.00225972733460367,0.3,-2.41,9.4735254909806,0.0427966707586205,0.00589194766431687,0.00013975509284633,0.12848174654603,0,0
338434,2022,1,37.99330556,-102.0441389,44.18,62836,0.0289283055772725,-0.897917032241821,3398.97117782512,0.554298342926399,301.414693843453,0.137385183327911,2,89.927821659,1,3,0.00211849436163902,0.000282465916825458,0.00183602853212506,0.305839985609055,0.128098294138908,0.422851502895355,0,0,0.5,-2.4,16.407295499795,0.11658407145247,0.00524294899866323,0.000608505081803048,0.00506656556791936,0,0
338436,2022,4,37.99330556,-102.0441389,43.96,62836,0.00739096579461129,11.7280368804932,3398.97117782512,0.554298342926399,301.414693843453,0.862326836082001,2,89.927821659,1,3,0.00211849436163902,0.000282465916825458,0.00183602853212506,0.305839985609055,0.128098294138908,0.422851502895355,0,0,1.7,-2.1,16.407295499795,0.11658407145247,0.00524294899866323,0.000608505081803048,0.00506656556791936,0,4.23129932877137e-05
338437,2022,5,37.99330556,-102.0441389,44.45,62836,0.162706012422465,17.4081840515137,3398.97117782512,0.554298342926399,301.414693843453,1.00486935745752,2,89.927821659,1,3,0.00211849436163902,0.000282465916825458,0.00183602853212506,0.305839985609055,0.128098294138908,0.422851502895355,0,0,1.4,-2.25,16.407295499795,0.11658407145247,0.00524294899866323,0.000608505081803048,0.00506656556791936,0,4.31224331398819e-05
338438,2022,7,37.99330556,-102.0441389,44.39,62836,0.36902207458198,26.8076572418213,3398.97117782512,0.554298342926399,301.414693843453,1.14048384792238,2,89.927821659,1,3,0.00211849436163902,0.000282465916825458,0.00183602853212506,0.305839985609055,0.128098294138908,0.422851502895355,0,0,0.8,-2.62,16.407295499795,0.11658407145247,0.00524294899866323,0.000608505081803048,0.00506656556791936,0,0.000169930577655673
353989,2022,2,38.70725,-99.3438333,15.54,63755,0.00204429167616436,0.0388883799314499,1922.45016179375,0.73461251097134,170.539259649258,0.274365042555322,2,40.551181164,1,3,0.0226678904145956,0.00204787799157202,0.00713226478546858,0.00360144046135247,0.374267339706421,0.460631310939789,0.000423698889790103,0.0026128098834306,1.1,-1.91,6.39432528859477,0.00773407988573874,0.000731751552759244,6.39084325553925e-06,0.00755997406586384,0,0
353990,2022,4,38.70725,-99.3438333,15.1,63755,0.031904263807717,12.214451789856,1922.45016179375,0.73461251097134,170.539259649258,0.837225276988087,2,40.551181164,1,3,0.0226678904145956,0.00204787799157202,0.00713226478546858,0.00360144046135247,0.374267339706421,0.460631310939789,0.000423698889790103,0.0026128098834306,1.7,-2.1,6.39432528859477,0.00773407988573874,0.000731751552759244,6.39084325553925e-06,0.00755997406586384,0,1.07896700165962e-06
353991,2022,5,38.70725,-99.3438333,15.92,63755,0.387120460237617,17.8521976470947,1922.45016179375,0.73461251097134,170.539259649258,0.805947262444615,2,40.551181164,1,3,0.0226678904145956,0.00204787799157202,0.00713226478546858,0.00360144046135247,0.374267339706421,0.460631310939789,0.000423698889790103,0.0026128098834306,1.4,-2.25,6.39432528859477,0.00773407988573874,0.000731751552759244,6.39084325553925e-06,0.00755997406586384,0,1.92630444208613e-06
353992,2022,8,38.70725,-99.3438333,15.55,63755,0.138303701856281,26.7194805145264,1922.45016179375,0.73461251097134,170.539259649258,1.03006207880512,2,40.551181164,1,3,0.0226678904145956,0.00204787799157202,0.00713226478546858,0.00360144046135247,0.374267339706421,0.460631310939789,0.000423698889790103,0.0026128098834306,1,-2.38,6.39432528859477,0.00773407988573874,0.000731751552759244,6.39084325553925e-06,0.00755997406586384,0,1.72478543841067e-05
353993,2022,9,38.70725,-99.3438333,15.5,63755,0.192600723619429,22.3260250091553,1922.45016179375,0.73461251097134,170.539259649258,0.75670958306098,2,40.551181164,1,3,0.0226678904145956,0.00204787799157202,0.00713226478546858,0.00360144046135247,0.374267339706421,0.460631310939789,0.000423698889790103,0.0026128098834306,1.6,-2.29,6.39432528859477,0.00773407988573874,0.000731751552759244,6.39084325553925e-06,0.00755997406586384,0,1.12322341560665e-05
353994,2022,11,38.70725,-99.3438333,14.86,63755,0.0243326310154673,4.24942302703857,1922.45016179375,0.73461251097134,170.539259649258,0.302919553481245,2,40.551181164,1,3,0.0226678904145956,0.00204787799157202,0.00713226478546858,0.00360144046135247,0.374267339706421,0.460631310939789,0.000423698889790103,0.0026128098834306,0.3,-2.41,6.39432528859477,0.00773407988573874,0.000731751552759244,6.39084325553925e-06,0.00755997406586384,0,3.65247168836764e-07
355982,2022,1,39.28550278,-95.74975,9.29,64206,0.0386758771117553,-2.67454385757446,1023.89996088002,0.00914522911419285,18.7352520890561,0.160895270244228,2,87.565616931,2,6,0.00235009263269603,0.00056971941376105,0.165788352489471,0.0111807435750961,0.0330437272787094,0.563238859176636,0.000356074626324698,0.00078336417209357,0.5,-2.4,29.2766032075713,0.018858394713048,0.000218615883376565,0.000233918995212924,0.0100416875596469,0,0
355983,2022,2,39.28550278,-95.74975,9.26,64206,0.0305471301855998,-1.22963619232178,1023.89996088002,0.00914522911419285,18.7352520890561,0.335256396825758,2,87.565616931,2,6,0.00235009263269603,0.00056971941376105,0.165788352489471,0.0111807435750961,0.0330437272787094,0.563238859176636,0.000356074626324698,0.00078336417209357,1.1,-1.91,29.2766032075713,0.018858394713048,0.000218615883376565,0.000233918995212924,0.0100416875596469,0,0
355984,2022,3,39.28550278,-95.74975,8.52,64206,0.315233716667921,5.77036905288696,1023.89996088002,0.00914522911419285,18.7352520890561,0.466858021001491,2,87.565616931,2,6,0.00235009263269603,0.00056971941376105,0.165788352489471,0.0111807435750961,0.0330437272787094,0.563238859176636,0.000356074626324698,0.00078336417209357,1.8,-1.67,29.2766032075713,0.018858394713048,0.000218615883376565,0.000233918995212924,0.0100416875596469,0,0
355985,2022,4,39.28550278,-95.74975,8.96,64206,0.12139623264933,10.964955329895,1023.89996088002,0.00914522911419285,18.7352520890561,0.852646516108502,2,87.565616931,2,6,0.00235009263269603,0.00056971941376105,0.165788352489471,0.0111807435750961,0.0330437272787094,0.563238859176636,0.000356074626324698,0.00078336417209357,1.7,-2.1,29.2766032075713,0.018858394713048,0.000218615883376565,0.000233918995212924,0.0100416875596469,0,0
355986,2022,6,39.28550278,-95.74975,8.57,64206,0.35827761927318,24.1631183624268,1023.89996088002,0.00914522911419285,18.7352520890561,1.01216363935555,2,87.565616931,2,6,0.00235009263269603,0.00056971941376105,0.165788352489471,0.0111807435750961,0.0330437272787094,0.563238859176636,0.000356074626324698,0.00078336417209357,1.7,-1.34,29.2766032075713,0.018858394713048,0.000218615883376565,0.000233918995212924,0.0100416875596469,0,3.2917724847812e-07
355987,2022,7,39.28550278,-95.74975,9.19,64206,0.245679019690659,25.7493877410889,1023.89996088002,0.00914522911419285,18.7352520890561,1.12067986205628,2,87.565616931,2,6,0.00235009263269603,0.00056971941376105,0.165788352489471,0.0111807435750961,0.0330437272787094,0.563238859176636,0.000356074626324698,0.00078336417209357,0.8,-2.62,29.2766032075713,0.018858394713048,0.000218615883376565,0.000233918995212924,0.0100416875596469,0,0
357349,2022,1,38.952774,-100.791719,34.87,64743,0.0654349052742971,-2.34822773933411,2943.17101112083,0.48555648767659,192.456085224774,0.0764691173784651,3,113.123359752,4,2,0.00529623636975884,0.0013417131267488,0.00346020772121847,0.00183602853212506,0.208389237523079,0.706094205379486,0,7.06164792063646e-05,0.5,-2.4,62.9849134486433,0.0203569842627668,0.00249116272720773,0,0.00687299785951773,0,0
357360,2022,1,37.761496,-100.966772,320.74,64744,0.03482639325547,-0.860694110393524,2955.23531393194,0.70273506405085,52.8115213016027,0.175252424090984,2,139.468504149,1,1,0.00494315382093191,0.00141232961323112,0.00275404285639524,0.00593178439885378,0.184026554226875,0.712802767753601,0,0,0.5,-2.4,36.8955223514148,0.196964907391578,0.0255294532549584,0,0.00777268156915903,1,0
357409,2022,1,37.702797,-99.955603,102.81,64751,0.029778424255699,-0.722294509410858,2517.12478025224,1.21239849429907,231.348622754831,0.144027975506573,2,137.106299421,1,2,0.015253160148859,0.00183602853212506,0.00783842988312244,0.00338959111832082,0.202245607972145,0.614292800426483,0.00642609968781471,0.0170185714960098,0.5,-2.4,23.1171405572914,0.0116359801932444,0.0111527698908537,0,0.00780862365510315,1,0
357708,2022,2,37.77311,-100.95103,304.627857142857,64776,0.00750612947773898,-0.441119492053986,2939.6325504,0.408233580233971,72.002825251451,0.300928251468576,2,131.824147182,1,2,0.00405925093218684,0.00056971941376105,0.00242130761034787,0.00220766267739236,0.189858987927437,0.722048163414001,0,0,1.1,-1.91,30.6985885606144,0.140619402974568,0.0255294532549584,0,0.00773837927913914,1,0
357709,2022,3,37.77311,-100.95103,309.360967741935,64776,0.0514740456590069,6.01351642608643,2939.6325504,0.408233580233971,72.002825251451,0.57672931228152,2,131.824147182,1,2,0.00405925093218684,0.00056971941376105,0.00242130761034787,0.00220766267739236,0.189858987927437,0.722048163414001,0,0,1.8,-1.67,30.6985885606144,0.140619402974568,0.0255294532549584,0,0.00773837927913914,1,0
357710,2022,4,37.77311,-100.95103,322.260666666667,64776,0.0427985004264587,12.3572235107422,2939.6325504,0.408233580233971,72.002825251451,0.929354871825852,2,131.824147182,1,2,0.00405925093218684,0.00056971941376105,0.00242130761034787,0.00220766267739236,0.189858987927437,0.722048163414001,0,0,1.7,-2.1,30.6985885606144,0.140619402974568,0.0255294532549584,0,0.00773837927913914,1,0.00204284032112638
357711,2022,5,37.77311,-100.95103,330.825161290323,64776,0.164013635078684,18.0858936309814,2939.6325504,0.408233580233971,72.002825251451,1.03319994264991,2,131.824147182,1,2,0.00405925093218684,0.00056971941376105,0.00242130761034787,0.00220766267739236,0.189858987927437,0.722048163414001,0,0,1.4,-2.25,30.6985885606144,0.140619402974568,0.0255294532549584,0,0.00773837927913914,1,0.00375422375224172
357712,2022,6,37.77311,-100.95103,339.633,64776,0.124353223774411,24.4786624908447,2939.6325504,0.408233580233971,72.002825251451,1.1344102691512,2,131.824147182,1,2,0.00405925093218684,0.00056971941376105,0.00242130761034787,0.00220766267739236,0.189858987927437,0.722048163414001,0,0,1.7,-1.34,30.6985885606144,0.140619402974568,0.0255294532549584,0,0.00773837927913914,1,0.00697551896282356
358110,2022,10,38.03001,-100.199028,72.49,64803,0,14.3387422561646,2611.5485604,0.00102702900850149,74.1780604765748,0.521032829776268,3,130.347769227,4,2,0.00534111959859729,0.00156672834418714,0.00583962397649884,0.00327588664367795,0.247187003493309,0.634168922901154,0.00135308364406228,0,1.7,-1.8,48.7016380729929,0.029736632923907,0.00319708212382468,1.00326844889896e-05,0.00708709715233495,1,0.000205521561940333
358414,2022,12,39.835627,-100.7227,156.57,64836,0.0821599123043444,-2.99733662605286,2903.64789715581,0.472328448717778,322.238433767875,0.141721760722435,3,205.05249375,4,2,0.00437822192907333,0.0013417131267488,0.00409575598314404,0.00254219328053296,0.279358804225922,0.608714044094086,0,0,2.1,-2.21,175.382133810542,0.141760151057339,0.00167640978825937,0,0.00696907054904848,0,0
358463,2022,4,37.850646,-99.063982,17.19,64837,0,13.2880697250366,2060.3674572,0.407242750423046,333.345605577517,0.834533262144603,2,180.544619697,4,6,0.0142645295709372,0.00162417907267809,0.00451945466920733,0.00296589219942689,0.0139114465564489,0.87253725528717,0.00374267343431711,0,1.7,-2.1,3.00132247080655,0.0131471615533826,0.0233020596168453,0,0.0100725574818005,1,8.90470747449102e-07
358464,2022,10,37.850646,-99.063982,21.98,64837,0.0194100945935457,14.8158235549927,2060.3674572,0.407242750423046,333.345605577517,0.543310311409872,2,180.544619697,4,6,0.0142645295709372,0.00162417907267809,0.00451945466920733,0.00296589219942689,0.0139114465564489,0.87253725528717,0.00374267343431711,0,1.7,-1.8,3.00132247080655,0.0131471615533826,0.0233020596168453,0,0.0100725574818005,1,0.00215577640354665
358525,2022,3,39.951594,-100.613978,18.98,64840,0.0490838493382367,3.49260878562927,2562.3359619,0.476503435705604,152.310095338245,0.475873722589485,2,65.387139207,3,2,0.00550808571279049,0.00148294609971344,0.00388390640728176,0.00225972733460367,0.266224145889282,0.590777516365051,0.0118635687977076,0,1.8,-1.67,0.177714326187957,0.0341395016608159,0.00167640978825937,0,0.00669607355510816,0,0
358802,2022,2,39.676831,-101.773023,165.78,64855,0.00180849390198417,-1.76526284217834,3557.03461706604,0.221097781173795,271.64912346564,0.190900454974048,3,237.926509548,4,2,0.00508438656106591,0.00120048015378416,0.00360144046135247,0.00233034393750131,0.20238684117794,0.713438332080841,0.00105924718081951,0,1.1,-1.91,199.241763640551,0.0447014179554133,0.00712683169899222,0,0.00675041751239449,0,0
358906,2022,2,37.987444,-99.113763,36.4721428571429,64858,0.0200741091104693,0.384721696376801,2080.0524966,0.231294688802514,93.6753903253211,0.297376227643126,2,137.13910782,4,2,0.00543746910989285,0.000918014266062528,0.00324835814535618,0.00254219328053296,0.0389096811413765,0.875150084495544,0,0.000282465916825458,1.1,-1.91,5.31610151157782,0.0381415726114529,0.0233020596168453,0,0.00980892209297667,0,0
358907,2022,3,37.987444,-99.113763,36.3516129032258,64858,0.200777379538875,6.76172208786011,2080.0524966,0.231294688802514,93.6753903253211,0.492230864144142,2,137.13910782,4,2,0.00543746910989285,0.000918014266062528,0.00324835814535618,0.00254219328053296,0.0389096811413765,0.875150084495544,0,0.000282465916825458,1.8,-1.67,5.31610151157782,0.0381415726114529,0.0233020596168453,0,0.00980892209297667,0,0
358909,2022,5,37.987444,-99.113763,36.3512903225806,64858,0.300282331107099,18.6194190979004,2080.0524966,0.231294688802514,93.6753903253211,0.839832937961462,2,137.13910782,4,2,0.00543746910989285,0.000918014266062528,0.00324835814535618,0.00254219328053296,0.0389096811413765,0.875150084495544,0,0.000282465916825458,1.4,-2.25,5.31610151157782,0.0381415726114529,0.0233020596168453,0,0.00980892209297667,0,0.00078255470329176
359025,2022,1,37.50285,-97.92667,12.77,64868,1.80774050846407e-05,-0.432976752519608,1495.14338615098,0.0977503857957981,107.840136327073,0.175001903109088,2,56.528871477,4,6,0.00494315382093191,0.00141232961323112,0.00684979883953929,0.00275404285639524,0.370877772569656,0.521926403045654,0,0,0.5,-2.4,50.0343103243195,0.0118410520355509,0.00282177492719444,5.80953661481207e-05,0.010794741939952,0,0
359534,2022,4,38.52561,-100.61293,82.827,64903,0.0229889983929614,11.5597581863403,2850.20332323655,0.418445194417163,160.821486828185,0.837308229132166,3,133.694225925,4,2,0.00204787799157202,0.000494315347168595,0.00162417907267809,0.00169479555916041,0.142433449625969,0.802697539329529,0,7.06164792063646e-05,1.7,-2.1,31.0853648220188,0.0482144923370656,0.00259193888687417,0,0.00716754034599289,0,0.000119025901778784
360325,2022,1,39.145417,-96.637213,23.8222580645161,64952,0.0229650485895952,-1.69323480129242,1029.20434012961,1.30922182362254,285.278080103426,0.188755939299972,2,87.696850527,3,2,0.0080502787604928,0.00303650880232453,0.0785961449146271,0.00677918223664165,0.0701927840709686,0.642680585384369,0.0103100063279271,0.0115104867145419,0.5,-2.4,10.1049060737335,0.0432260960184596,0.00111233955926977,2.31255625627811e-05,0.0191264900315801,0,0
360326,2022,2,39.145417,-96.637213,23.8164285714286,64952,0.00984889395526264,-0.323262602090836,1029.20434012961,1.30922182362254,285.278080103426,0.411574647182378,2,87.696850527,3,2,0.0080502787604928,0.00303650880232453,0.0785961449146271,0.00677918223664165,0.0701927840709686,0.642680585384369,0.0103100063279271,0.0115104867145419,1.1,-1.91,10.1049060737335,0.0432260960184596,0.00111233955926977,2.31255625627811e-05,0.0191264900315801,0,0
360327,2022,3,39.145417,-96.637213,24.1525806451613,64952,0.225765974533143,6.35650777816772,1029.20434012961,1.30922182362254,285.278080103426,0.503984987719592,2,87.696850527,3,2,0.0080502787604928,0.00303650880232453,0.0785961449146271,0.00677918223664165,0.0701927840709686,0.642680585384369,0.0103100063279271,0.0115104867145419,1.8,-1.67,10.1049060737335,0.0432260960184596,0.00111233955926977,2.31255625627811e-05,0.0191264900315801,0,0
360328,2022,4,39.145417,-96.637213,24.354,64952,0.111242467193283,12.0992298126221,1029.20434012961,1.30922182362254,285.278080103426,0.975236668905157,2,87.696850527,3,2,0.0080502787604928,0.00303650880232453,0.0785961449146271,0.00677918223664165,0.0701927840709686,0.642680585384369,0.0103100063279271,0.0115104867145419,1.7,-2.1,10.1049060737335,0.0432260960184596,0.00111233955926977,2.31255625627811e-05,0.0191264900315801,0,0
360329,2022,5,39.145417,-96.637213,24.1087096774194,64952,0.715134238781932,19.0165786743164,1029.20434012961,1.30922182362254,285.278080103426,0.8665734652177,2,87.696850527,3,2,0.0080502787604928,0.00303650880232453,0.0785961449146271,0.00677918223664165,0.0701927840709686,0.642680585384369,0.0103100063279271,0.0115104867145419,1.4,-2.25,10.1049060737335,0.0432260960184596,0.00111233955926977,2.31255625627811e-05,0.0191264900315801,0,3.75425198007524e-06
360330,2022,6,39.145417,-96.637213,22.507,64952,0.495431154858975,24.6181564331055,1029.20434012961,1.30922182362254,285.278080103426,1.07753763838224,2,87.696850527,3,2,0.0080502787604928,0.00303650880232453,0.0785961449146271,0.00677918223664165,0.0701927840709686,0.642680585384369,0.0103100063279271,0.0115104867145419,1.7,-1.34,10.1049060737335,0.0432260960184596,0.00111233955926977,2.31255625627811e-05,0.0191264900315801,0,1.6101641921407e-05
372387,2022,3,37.963251,-97.628907,10.35,65415,0.253508961179297,7.29186677932739,1429.09310058248,1.01873385135543,176.714882438923,0.429611657262492,2,152.624672148,4,6,0.00526990462094545,0.00206523295491934,0.00427289539948106,0.00277738203294575,0.117860704660416,0.765774130821228,0.0065517732873559,0.00391682097688317,1.8,-1.67,2.23956787394722,0.0143432295141245,0.00895224333519423,0.000130359561195993,0.00998428146171073,0,0
372388,2022,6,37.963251,-97.628907,9.22,65415,0.358392510746118,25.1784820556641,1429.09310058248,1.01873385135543,176.714882438923,0.867877671166718,2,152.624672148,4,6,0.00526990462094545,0.00206523295491934,0.00427289539948106,0.00277738203294575,0.117860704660416,0.765774130821228,0.0065517732873559,0.00391682097688317,1.7,-1.34,2.23956787394722,0.0143432295141245,0.00895224333519423,0.000130359561195993,0.00998428146171073,0,0.000723921083644283
372389,2022,8,37.963251,-97.628907,11.28,65415,0.0439932497197623,27.4443778991699,1429.09310058248,1.01873385135543,176.714882438923,1.00928529507317,2,152.624672148,4,6,0.00526990462094545,0.00206523295491934,0.00427289539948106,0.00277738203294575,0.117860704660416,0.765774130821228,0.0065517732873559,0.00391682097688317,1,-2.38,2.23956787394722,0.0143432295141245,0.00895224333519423,0.000130359561195993,0.00998428146171073,0,0.00323524980671308
372390,2022,10,37.963251,-97.628907,11.5,65415,0.0401344387534327,14.9809455871582,1429.09310058248,1.01873385135543,176.714882438923,0.545881127013277,2,152.624672148,4,6,0.00526990462094545,0.00206523295491934,0.00427289539948106,0.00277738203294575,0.117860704660416,0.765774130821228,0.0065517732873559,0.00391682097688317,1.7,-1.8,2.23956787394722,0.0143432295141245,0.00895224333519423,0.000130359561195993,0.00998428146171073,0,0.00080727689525616
390313,2022,1,37.61799167,-86.5031167,91.92,66797,0.35653712609686,-0.960755825042725,539.067202351463,2.4212450703626,276.54217761297,0.219033108941547,1,24.573490851,4,4,0.0499856360256672,0.00876185018569231,0.385665029287338,0.0157282389700413,0.0199655275791883,0.150028720498085,0,0.0914248749613762,0.5,-2.4,15.4071436387811,0.00591801778471717,4.7855184574217e-05,0.000917693539482043,0.0858336000785232,0,0
390314,2022,2,37.61799167,-86.5031167,91.86,66797,0.506901529036336,2.74782109260559,539.067202351463,2.4212450703626,276.54217761297,0.23286156176621,1,24.573490851,4,4,0.0499856360256672,0.00876185018569231,0.385665029287338,0.0157282389700413,0.0199655275791883,0.150028720498085,0,0.0914248749613762,1.1,-1.91,15.4071436387811,0.00591801778471717,4.7855184574217e-05,0.000917693539482043,0.0858336000785232,0,0
390315,2022,3,37.61799167,-86.5031167,91.82,66797,0.444874601464636,9.27016353607178,539.067202351463,2.4212450703626,276.54217761297,0.510819503479294,1,24.573490851,4,4,0.0499856360256672,0.00876185018569231,0.385665029287338,0.0157282389700413,0.0199655275791883,0.150028720498085,0,0.0914248749613762,1.8,-1.67,15.4071436387811,0.00591801778471717,4.7855184574217e-05,0.000917693539482043,0.0858336000785232,0,0
390316,2022,4,37.61799167,-86.5031167,91.6,66797,0.469992981270927,12.5111217498779,539.067202351463,2.4212450703626,276.54217761297,0.566896754848673,1,24.573490851,4,4,0.0499856360256672,0.00876185018569231,0.385665029287338,0.0157282389700413,0.0199655275791883,0.150028720498085,0,0.0914248749613762,1.7,-2.1,15.4071436387811,0.00591801778471717,4.7855184574217e-05,0.000917693539482043,0.0858336000785232,0,0
390317,2022,5,37.61799167,-86.5031167,91.29,66797,0.282760555466846,19.974536895752,539.067202351463,2.4212450703626,276.54217761297,0.779132143338844,1,24.573490851,4,4,0.0499856360256672,0.00876185018569231,0.385665029287338,0.0157282389700413,0.0199655275791883,0.150028720498085,0,0.0914248749613762,1.4,-2.25,15.4071436387811,0.00591801778471717,4.7855184574217e-05,0.000917693539482043,0.0858336000785232,0,0
390318,2022,6,37.61799167,-86.5031167,91.19,66797,0.261462229527885,23.51975440979,539.067202351463,2.4212450703626,276.54217761297,0.896181423317935,1,24.573490851,4,4,0.0499856360256672,0.00876185018569231,0.385665029287338,0.0157282389700413,0.0199655275791883,0.150028720498085,0,0.0914248749613762,1.7,-1.34,15.4071436387811,0.00591801778471717,4.7855184574217e-05,0.000917693539482043,0.0858336000785232,0,0
390796,2022,1,37.97590526,-85.9655194,36.89,67066,0.327893830845335,-0.599892199039459,439.482872457316,0.307591090746776,313.437286691799,0.207143856473578,2,44.324147049,6,4,0.0247827935963869,0.00968523044139147,0.645776927471161,0.00804728642106056,0.0170203670859337,0.0708588510751724,0.0572567991912365,7.12149267201312e-05,0.5,-2.4,1.85550393676947,0.00101990929059226,0.00179211373063984,0.00176243541408147,0.0598182194075485,0,0
390797,2022,2,37.97590526,-85.9655194,37.03,67066,0.569328148773587,3.26120805740356,439.482872457316,0.307591090746776,313.437286691799,0.227067201814343,2,44.324147049,6,4,0.0247827935963869,0.00968523044139147,0.645776927471161,0.00804728642106056,0.0170203670859337,0.0708588510751724,0.0572567991912365,7.12149267201312e-05,1.1,-1.91,1.85550393676947,0.00101990929059226,0.00179211373063984,0.00176243541408147,0.0598182194075485,0,0
390798,2022,4,37.97590526,-85.9655194,36.02,67066,0.382753908433759,12.6749258041382,439.482872457316,0.307591090746776,313.437286691799,0.572442283399127,2,44.324147049,6,4,0.0247827935963869,0.00968523044139147,0.645776927471161,0.00804728642106056,0.0170203670859337,0.0708588510751724,0.0572567991912365,7.12149267201312e-05,1.7,-2.1,1.85550393676947,0.00101990929059226,0.00179211373063984,0.00176243541408147,0.0598182194075485,0,0
390799,2022,7,37.97590526,-85.9655194,35.91,67066,0.49056401164612,26.3663864135742,439.482872457316,0.307591090746776,313.437286691799,0.904528701835483,2,44.324147049,6,4,0.0247827935963869,0.00968523044139147,0.645776927471161,0.00804728642106056,0.0170203670859337,0.0708588510751724,0.0572567991912365,7.12149267201312e-05,0.8,-2.62,1.85550393676947,0.00101990929059226,0.00179211373063984,0.00176243541408147,0.0598182194075485,0,0
390800,2022,9,37.97590526,-85.9655194,36.61,67066,0.19754274653627,20.9807739257812,439.482872457316,0.307591090746776,313.437286691799,0.768452993444618,2,44.324147049,6,4,0.0247827935963869,0.00968523044139147,0.645776927471161,0.00804728642106056,0.0170203670859337,0.0708588510751724,0.0572567991912365,7.12149267201312e-05,1.6,-2.29,1.85550393676947,0.00101990929059226,0.00179211373063984,0.00176243541408147,0.0598182194075485,0,0
390897,2022,12,37.98229448,-85.9716306,43.86,67068,0.311165557293018,3.17458128929138,436.3517067,4.59629242138087e-05,3.21971467609977,0.200554204730003,2,53.215223178,6,4,0.043640986084938,0.00275404285639524,0.351881921291351,0.00649671629071236,0.00854459404945374,0.224560409784317,0.0728762075304985,0.12626226246357,2.1,-2.21,9.31429191688507,0.00429950297661399,0.00179211373063984,0.00176243541408147,0.0486607342390219,0,0
395525,2022,3,30.3186111,-90.9897222,17.54,68288,0.293311647675767,16.1025505065918,22.9658793,0.0183344349846809,34.7636699158409,0.658597872075595,3,64.698162828,6,6,0.644779920578003,0.00384560599923134,0.0220054127275944,0.00890186615288258,0.00947158504277468,0.0250676535069942,0.0970659479498863,0.00548354955390096,1.8,-1.67,4.75565045621545,0.000643198683526875,0.00281340270328249,0.0868115324001034,0.127299390537242,0,0
395526,2022,6,30.3186111,-90.9897222,13.2,68288,0.414641373431067,28.6131057739258,22.9658793,0.0183344349846809,34.7636699158409,0.922602857655432,3,64.698162828,6,6,0.644779920578003,0.00384560599923134,0.0220054127275944,0.00890186615288258,0.00947158504277468,0.0250676535069942,0.0970659479498863,0.00548354955390096,1.7,-1.34,4.75565045621545,0.000643198683526875,0.00281340270328249,0.0868115324001034,0.127299390537242,0,0.00013254772754782
395527,2022,9,30.3186111,-90.9897222,20.64,68288,0.174904420572844,25.7640686035156,22.9658793,0.0183344349846809,34.7636699158409,0.797861606078517,3,64.698162828,6,6,0.644779920578003,0.00384560599923134,0.0220054127275944,0.00890186615288258,0.00947158504277468,0.0250676535069942,0.0970659479498863,0.00548354955390096,1.6,-2.29,4.75565045621545,0.000643198683526875,0.00281340270328249,0.0868115324001034,0.127299390537242,0,4.87649903865801e-06
395528,2022,12,30.3186111,-90.9897222,22.73,68288,0.793059743249414,13.4121923446655,22.9658793,0.0183344349846809,34.7636699158409,0.333090930353675,3,64.698162828,6,6,0.644779920578003,0.00384560599923134,0.0220054127275944,0.00890186615288258,0.00947158504277468,0.0250676535069942,0.0970659479498863,0.00548354955390096,2.1,-2.21,4.75565045621545,0.000643198683526875,0.00281340270328249,0.0868115324001034,0.127299390537242,0,0
395825,2022,4,30.47416667,-91.5033333,9.33,68721,0.430933484910191,20.3149318695068,13.8965977892737,0.756631024097009,51.4550966719909,0.787728428473558,3,71.653543416,4,6,0.0201963130384684,0.00190664501860738,0.00861521065235138,0.00487253721803427,0.0103806229308248,0.799237370491028,0.028952756896615,0.000847397779580206,1.7,-2.1,1.56789627213392,0.0101542059480131,0.00651906870522066,0.112782752672408,0.0361673307566841,0,0
395826,2022,10,30.47416667,-91.5033333,15.08,68721,0.108714379203018,19.8040657043457,13.8965977892737,0.756631024097009,51.4550966719909,0.768605180842323,3,71.653543416,4,6,0.0201963130384684,0.00190664501860738,0.00861521065235138,0.00487253721803427,0.0103806229308248,0.799237370491028,0.028952756896615,0.000847397779580206,1.7,-1.8,1.56789627213392,0.0101542059480131,0.00651906870522066,0.112782752672408,0.0361673307566841,0,0
395860,2022,1,30.47694444,-93.3269444,52.68,68734,0.309265442564861,9.65940856933594,72.1784778,0.323877935084085,188.7875546327,0.389379692168877,3,38.418635229,6,5,0.016806723549962,0.00367205706425011,0.550031781196594,0.0422992743551731,0.0451945476233959,0.062354352325201,0.0707577168941498,0.00183602853212506,0.5,-2.4,11.8730199799072,0.00323120490756563,0.00543238290638878,1.23379125741285e-05,0.0610138445227345,0,0
395861,2022,4,30.47694444,-93.3269444,53.89,68734,0.121162695080154,20.6157302856445,72.1784778,0.323877935084085,188.7875546327,0.875581757682385,3,38.418635229,6,5,0.016806723549962,0.00367205706425011,0.550031781196594,0.0422992743551731,0.0451945476233959,0.062354352325201,0.0707577168941498,0.00183602853212506,1.7,-2.1,11.8730199799072,0.00323120490756563,0.00543238290638878,1.23379125741285e-05,0.0610138445227345,0,7.01377585465174e-06
395862,2022,7,30.47694444,-93.3269444,54.27,68734,0.545742906814243,28.8926792144775,72.1784778,0.323877935084085,188.7875546327,0.973600754503116,3,38.418635229,6,5,0.016806723549962,0.00367205706425011,0.550031781196594,0.0422992743551731,0.0451945476233959,0.062354352325201,0.0707577168941498,0.00183602853212506,0.8,-2.62,11.8730199799072,0.00323120490756563,0.00543238290638878,1.23379125741285e-05,0.0610138445227345,0,1.03156910643903e-05
395863,2022,12,30.47694444,-93.3269444,55.09,68734,0.68451638713765,12.6839437484741,72.1784778,0.323877935084085,188.7875546327,0.323962189573569,3,38.418635229,6,5,0.016806723549962,0.00367205706425011,0.550031781196594,0.0422992743551731,0.0451945476233959,0.062354352325201,0.0707577168941498,0.00183602853212506,2.1,-2.21,11.8730199799072,0.00323120490756563,0.00543238290638878,1.23379125741285e-05,0.0610138445227345,0,0
398452,2022,2,30.86055556,-92.4427778,51.83,70138,0.185114993479399,10.6150884628296,118.1102364,0.320264539539917,276.999118260813,0.448337966118594,3,42.552493503,6,5,0.00790904555469751,0.00162417907267809,0.44474259018898,0.0180778186768293,0.0329072810709476,0.00656733289361,0.293129026889801,0.0159593243151903,1.1,-1.91,16.5932932803044,0.0218268354690364,0.0254679721013042,0.0391808443064359,0.0154714745450765,0,0
398453,2022,5,30.86055556,-92.4427778,52.1,70138,0.385351607139981,25.2888011932373,118.1102364,0.320264539539917,276.999118260813,1.05978838263173,3,42.552493503,6,5,0.00790904555469751,0.00162417907267809,0.44474259018898,0.0180778186768293,0.0329072810709476,0.00656733289361,0.293129026889801,0.0159593243151903,1.4,-2.25,16.5932932803044,0.0218268354690364,0.0254679721013042,0.0391808443064359,0.0154714745450765,0,0
420772,2022,1,42.0156564362704,-70.9653205243108,8.8,81928,0.357193584434395,-3.03912401199341,79.2562650848207,4.55188956826741,60.3275751227848,0.213078176266608,2,36.318897693,1,3,0.40542659163475,0.00925794057548046,0.163936764001846,0.00669420324265957,0.018658310174942,0.0142429852858186,0.119427435100079,0.00163794332183897,0.5,-2.4,29.6464993083956,0.00882149836436012,0.025116183282854,0.0919265652297652,0.147323779854576,0,0
420773,2022,2,42.0156564362704,-70.9653205243108,5.07,81928,0.49836631910728,0.0195019003003836,79.2562650848207,4.55188956826741,60.3275751227848,0.206009847598689,2,36.318897693,1,3,0.40542659163475,0.00925794057548046,0.163936764001846,0.00669420324265957,0.018658310174942,0.0142429852858186,0.119427435100079,0.00163794332183897,1.1,-1.91,29.6464993083956,0.00882149836436012,0.025116183282854,0.0919265652297652,0.147323779854576,0,0
420774,2022,3,42.0156564362704,-70.9653205243108,5.44,81928,0.269670261582697,4.99468755722046,79.2562650848207,4.55188956826741,60.3275751227848,0.478751566255431,2,36.318897693,1,3,0.40542659163475,0.00925794057548046,0.163936764001846,0.00669420324265957,0.018658310174942,0.0142429852858186,0.119427435100079,0.00163794332183897,1.8,-1.67,29.6464993083956,0.00882149836436012,0.025116183282854,0.0919265652297652,0.147323779854576,0,0
420775,2022,4,42.0156564362704,-70.9653205243108,6.38,81928,0.261682726038803,9.45150089263916,79.2562650848207,4.55188956826741,60.3275751227848,0.735273737786,2,36.318897693,1,3,0.40542659163475,0.00925794057548046,0.163936764001846,0.00669420324265957,0.018658310174942,0.0142429852858186,0.119427435100079,0.00163794332183897,1.7,-2.1,29.6464993083956,0.00882149836436012,0.025116183282854,0.0919265652297652,0.147323779854576,0,0
420776,2022,5,42.0156564362704,-70.9653205243108,8.5,81928,0.115450811686748,15.8794956207275,79.2562650848207,4.55188956826741,60.3275751227848,0.846185059719754,2,36.318897693,1,3,0.40542659163475,0.00925794057548046,0.163936764001846,0.00669420324265957,0.018658310174942,0.0142429852858186,0.119427435100079,0.00163794332183897,1.4,-2.25,29.6464993083956,0.00882149836436012,0.025116183282854,0.0919265652297652,0.147323779854576,0,0
420777,2022,6,42.0156564362704,-70.9653205243108,11.025,81928,0.339473789961372,19.3125820159912,79.2562650848207,4.55188956826741,60.3275751227848,0.8746541154194,2,36.318897693,1,3,0.40542659163475,0.00925794057548046,0.163936764001846,0.00669420324265957,0.018658310174942,0.0142429852858186,0.119427435100079,0.00163794332183897,1.7,-1.34,29.6464993083956,0.00882149836436012,0.025116183282854,0.0919265652297652,0.147323779854576,0,0
432166,2022,4,38.72616667,-76.6634167,83.46,82355,0.374231939809536,12.5894784927368,141.317107845196,2.06027993653829,61.2049157775939,0.592319309203798,2,60.531496155,4,2,0.116799660027027,0.00706164818257093,0.373631805181503,0.0100275408476591,0.0153237767517567,0.125909194350243,0.0675799697637558,0.0026128098834306,1.7,-2.1,71.5311557124916,0.0275361390935282,0.0050265305245257,2.20701874400439,0.0847253669195374,0,0
432167,2022,9,38.72616667,-76.6634167,84.77,82355,0.349968888221498,21.1703643798828,141.317107845196,2.06027993653829,61.2049157775939,0.683689168532492,2,60.531496155,4,2,0.116799660027027,0.00706164818257093,0.373631805181503,0.0100275408476591,0.0153237767517567,0.125909194350243,0.0675799697637558,0.0026128098834306,1.6,-2.29,71.5311557124916,0.0275361390935282,0.0050265305245257,2.20701874400439,0.0847253669195374,0,0
432750,2022,10,39.03727778,-76.5725556,57.75,82638,0.365311580622505,13.3531808853149,67.2961781424392,4.82717173393124,170.426695992657,0.374608678711322,2,49.671916086,3,2,0.143640503287315,0.0104685937985778,0.399159669876099,0.00541233457624912,0.00576840899884701,0.0145278451964259,0.0370317623019218,0.133029475808144,1.7,-1.8,25.559853107025,0.00482068255339043,0.0184009114823984,0.115539081534977,0,0,0
432947,2022,3,39.1158333,-76.77388889,56.55,82730,0.247220167400642,8.48093795776367,172.737699895492,1.3456799021153,293.746832933959,0.48744862547948,2,47.047244166,4,2,0.648188710212708,0.00466068787500262,0.0865758061408997,0.00331897474825382,0.00621425034478307,0.0117223355919123,0.0851634740829468,0.00275404285639524,1.8,-1.67,18.8069957107899,0.0268241865952675,0.0184009114823984,0.115539081534977,0.111351969808439,0,0
433679,2022,10,39.23694444,-79.4486111,239.53,83293,0.195837258964505,7.80007362365723,2635.41689134864,10.4968917248158,327.43735074804,0.434861071188794,3,41.863517124,4,2,0.0133884064853191,0.0200113952159882,0.694986462593079,0.0309784933924675,0.0385984890162945,0.0189431700855494,0.00783364195376635,0,1.7,-1.8,13.0526013772975,0.00137416754046472,0.000614549442876513,0.00121160281620494,0.143359995888074,0,0
433833,2022,3,39.2389955,-79.4467175,70.45,83304,0.344761300798743,3.76128077507019,2684.98415099501,7.12419156544034,170.001670119462,0.473621549350026,3,41.863517124,1,2,0.0133884064853191,0.0200113952159882,0.694986462593079,0.0309784933924675,0.0385984890162945,0.0189431700855494,0.00783364195376635,0,1.8,-1.67,17.4651590497619,0.00469374908151114,0.000614549442876513,0.00121160281620494,0.142257971546451,0,0
433834,2022,9,39.2389955,-79.4467175,73.34,83304,0.349984056899625,15.3959627151489,2684.98415099501,7.12419156544034,170.001670119462,0.520169867157307,3,41.863517124,1,2,0.0133884064853191,0.0200113952159882,0.694986462593079,0.0309784933924675,0.0385984890162945,0.0189431700855494,0.00783364195376635,0,1.6,-2.29,17.4651590497619,0.00469374908151114,0.000614549442876513,0.00121160281620494,0.142257971546451,0,0
433836,2022,12,39.2389955,-79.4467175,69.74,83304,0.336068747122652,-1.41337537765503,2684.98415099501,7.12419156544034,170.001670119462,0.119330338787128,3,41.863517124,1,2,0.0133884064853191,0.0200113952159882,0.694986462593079,0.0309784933924675,0.0385984890162945,0.0189431700855494,0.00783364195376635,0,2.1,-2.21,17.4651590497619,0.00469374908151114,0.000614549442876513,0.00121160281620494,0.142257971546451,0,0
434740,2022,1,39.34641667,-76.85613889,18.03,84202,0.275050786954587,-1.49202466011047,467.637984078323,3.68461844601012,207.656888695313,0.236469704694564,7,38.484252027,3,2,0.0617894232273102,0.00346020772121847,0.556528508663177,0.00797966215759516,0.0158887077122927,0.162417903542519,0.000353082403307781,0.000141232958412729,0.5,-2.4,67.5595652488289,0.00717129278544105,0.0039837036146314,0.0883204123825793,0.0741190854010979,0,0
438647,2022,1,39.67338889,-78.4592778,8.21,86045,0.211029478579113,-3.64555907249451,739.878462237011,0.739458410906707,35.9819371415591,0.16768026252262,3,35.793963309,1,2,0.049219686537981,0.00600240100175142,0.825082957744598,0.000988630694337189,0.00473130447790027,0.00515500316396356,0,0.000141232958412729,0.5,-2.4,6.7102064399889,0.00491195641976932,0.000363077624686737,0.0126640130758791,0.053468909218808,0,0
438648,2022,2,39.67338889,-78.4592778,7.44,86045,0.256855632141133,0.561286330223083,739.878462237011,0.739458410906707,35.9819371415591,0.235607868462593,3,35.793963309,1,2,0.049219686537981,0.00600240100175142,0.825082957744598,0.000988630694337189,0.00473130447790027,0.00515500316396356,0,0.000141232958412729,1.1,-1.91,6.7102064399889,0.00491195641976932,0.000363077624686737,0.0126640130758791,0.053468909218808,0,0
445787,2022,5,44.5574177,-70.7114154,7.43,86570,0.212767143272548,13.0137939453125,636.476389283863,0.558237952648654,59.4178696855519,0.699089982502162,8,61.515748125,1,1,0.00526990462094545,0.00149551348295063,0.768195390701294,0.0067654182203114,0.00519868964329362,0.0383136309683323,0.077196978032589,0.000640934333205223,1.4,-2.25,10.2962455880984,0.00804283139168705,0.000388766482554569,0.00247739457505437,0.157508375119766,0,0
445788,2022,11,44.5574177,-70.7114154,9.38,86570,0.396648567782588,3.17614960670471,636.476389283863,0.558237952648654,59.4178696855519,0.252564498203934,8,61.515748125,1,1,0.00526990462094545,0.00149551348295063,0.768195390701294,0.0067654182203114,0.00519868964329362,0.0383136309683323,0.077196978032589,0.000640934333205223,0.3,-2.41,10.2962455880984,0.00804283139168705,0.000388766482554569,0.00247739457505437,0.157508375119766,0,0
445790,2022,5,44.9428717,-68.3951802,54.12,86571,0.167216904461334,13.0359210968018,316.294005613367,2.07180308014685,206.761684732259,0.723911847191148,2,32.972440995,1,3,0.000211849444895051,0.000141232958412729,0.731163024902344,0.00614363374188542,0.00889767706394196,0.0126403504982591,0.118423841893673,0,1.4,-2.25,28.0993129126064,0.0117592587016995,0.000148717882860364,0.00611103026085074,0.13448366851449,0,0
445791,2022,10,44.9428717,-68.3951802,56.24,86571,0.465391815572548,10.4369268417358,316.294005613367,2.07180308014685,206.761684732259,0.335330387935563,2,32.972440995,1,3,0.000211849444895051,0.000141232958412729,0.731163024902344,0.00614363374188542,0.00889767706394196,0.0126403504982591,0.118423841893673,0,1.7,-1.8,28.0993129126064,0.0117592587016995,0.000148717882860364,0.00611103026085074,0.13448366851449,0,0
445792,2022,7,45.05039,-70.2955239,58.25,86573,0.320330042086926,18.2272682189941,2032.3393603543,9.26077735371123,296.040321502846,0.744354519511171,4,42.060367518,4,2,0.0359092205762863,0.0014363689115271,0.89478600025177,0.00588911212980747,0.00545820174738765,0,0,0.00215455330908298,0.8,-2.62,22.5916857199252,0.0100948678215122,0.000217781152616497,0.00332611214905195,0.241507318555911,0,0
445794,2022,10,44.8179858,-67.8894309,18.65,86574,0.49267551166599,10.9214696884155,267.626254291933,0.476597602863805,164.599734603843,0.352868884164906,8,34.022309763,3,4,0.00692041544243693,0.00141232961323112,0.296589225530624,0.0259162485599518,0.0236565209925175,0.131699740886688,0.243203163146973,0.00741473073139787,1.7,-1.8,1.06924504517082,0.00727677612680873,0.000358978641307027,0.00213247922532241,0.151371342115204,0,0
445848,2022,4,44.31966227,-69.70564351,9.47,86577,0.429478893782652,6.86701631546021,306.597800885355,4.80178042238632,282.558347513558,0.516861743661337,7,30.150918681,6,2,0.0280347429215908,0.00579055165871978,0.509568512439728,0.0156062422320247,0.0171598047018051,0.0586822964251041,0.128451377153397,0.00374267343431711,1.7,-2.1,54.1528630015966,0.0138983561388092,0.00129611124004978,0.000565630809543311,0.126169874660472,0,0
445904,2022,11,45.30393756,-68.96754264,6.05,86578,0.450047070644138,3.02770185470581,507.43476802353,2.05561753194401,70.7098281939519,0.266386117614194,1,30.118110282,4,2,0.00968523044139147,0.00220766267739236,0.759008705615997,0.00562597904354334,0.0083321463316679,0.015097564086318,0.0685799717903137,7.12149267201312e-05,0.3,-2.41,24.9381046974595,0.031758582155819,3.18723366322738e-05,2.33292360916643e-05,0.123638983075817,0,0
446045,2022,6,45.65046958,-68.59135565,9.46,86582,0.206047055915578,15.8268117904663,426.606690595229,0.618691587257611,118.436222109236,0.720700192483131,6,36.056430501,2,5,0.00571993505582213,0.00225972733460367,0.483299195766449,0.0252100843936205,0.0388390645384789,0.0253513175994158,0.152602210640907,0.0196313820779324,1.7,-1.34,44.9961346336524,0.0425574090896216,0.00028853664838483,0.00085670699106688,0.129065766484737,0,0
446106,2022,7,45.4435394,-69.65399056,6.86,86583,0.476499843570767,19.3753910064697,1251.31727858238,2.26013280879469,97.179198044931,0.772226990599484,3,38.221784835,2,6,0.00628486694768071,0.000635548320133239,0.882211685180664,0.00289527582935989,0.00480192061513662,0.00120048015378416,0.0134877478703856,0.0270461123436689,0.8,-2.62,16.7251791169484,0.0471394422612845,3.18723366322738e-05,2.33292360916643e-05,0.152255960072478,0,0
446276,2022,4,46.85871278,-67.90304517,14.35,86586,0.32658752230727,3.48495173454285,626.369911339113,3.40732813156284,281.795463830547,0.42300091705139,1,26.345144397,3,2,0.011536817997694,0.00192280299961567,0.172340124845505,0.0118216779083014,0.0171627979725599,0.501994013786316,0.104970805346966,0.000284859706880525,1.7,-2.1,58.668573473699,0.0180026217989519,0.000122627733568538,0.000396538478652902,0.106444315233926,0,0
446277,2022,7,46.85871278,-67.90304517,34.56,86586,0.408912694356104,19.4249629974365,626.369911339113,3.40732813156284,281.795463830547,0.763579592526265,1,26.345144397,3,2,0.011536817997694,0.00192280299961567,0.172340124845505,0.0118216779083014,0.0171627979725599,0.501994013786316,0.104970805346966,0.000284859706880525,0.8,-2.62,58.668573473699,0.0180026217989519,0.000122627733568538,0.000396538478652902,0.106444315233926,0,7.96420256385422e-09
446278,2022,10,46.85871278,-67.90304517,38.73,86586,0.402291541323054,9.54910850524902,626.369911339113,3.40732813156284,281.795463830547,0.326762437691343,1,26.345144397,3,2,0.011536817997694,0.00192280299961567,0.172340124845505,0.0118216779083014,0.0171627979725599,0.501994013786316,0.104970805346966,0.000284859706880525,1.7,-1.8,58.668573473699,0.0180026217989519,0.000122627733568538,0.000396538478652902,0.106444315233926,0,0
446406,2022,11,46.60023482,-68.04072045,16.45,86590,0.464790174735173,1.17221176624298,728.637278065403,0.795394172888948,231.903100774148,0.1317266781624,2,29.5275591,2,1,0.00543746910989285,0.000635548320133239,0.404067516326904,0.0147588448598981,0.013417131267488,0.0366499535739422,0.361627012491226,0.000141232958412729,0.3,-2.41,72.6757275942616,0.0228441680525053,0.000122627733568538,0.000396538478652902,0.0806937666972478,0,0
447185,2022,1,44.1397931041032,-70.4870028658956,10.3783870967742,86593,0.277546334876264,-9.49327754974365,329.238935495036,0.685748060404347,145.273109534222,0.126312786704796,8,56.889763866,1,1,0.068144902586937,0.00600240100175142,0.426594167947769,0.00974507443606853,0.0123578840866685,0.0455476306378841,0.0487253740429878,0.159875720739365,0.5,-2.4,12.0895866517731,0.0132474181898867,0.000388766482554569,0.00247739457505437,0.147178663007816,0,0
447186,2022,2,44.1397931041032,-70.4870028658956,10.5171428571429,86593,0.363289365544677,-5.00613212585449,329.238935495036,0.685748060404347,145.273109534222,0.120649963722491,8,56.889763866,1,1,0.068144902586937,0.00600240100175142,0.426594167947769,0.00974507443606853,0.0123578840866685,0.0455476306378841,0.0487253740429878,0.159875720739365,1.1,-1.91,12.0895866517731,0.0132474181898867,0.000388766482554569,0.00247739457505437,0.147178663007816,0,0
447187,2022,3,44.1397931041032,-70.4870028658956,9.80709677419355,86593,0.307981836982343,0.292820870876312,329.238935495036,0.685748060404347,145.273109534222,0.381701562615614,8,56.889763866,1,1,0.068144902586937,0.00600240100175142,0.426594167947769,0.00974507443606853,0.0123578840866685,0.0455476306378841,0.0487253740429878,0.159875720739365,1.8,-1.67,12.0895866517731,0.0132474181898867,0.000388766482554569,0.00247739457505437,0.147178663007816,0,0
448307,2022,1,44.874240312155,-67.8663921558273,4.83129032258064,86598,0.286094110277959,-8.80701351165771,261.82351600554,0.91782068361695,183.755994043521,0.129710908521235,8,29.691601095,3,4,0.0173764415085316,0.00213644769974053,0.629967212677002,0.0148839196190238,0.0111807435750961,0.0212932638823986,0.100626692175865,0.0238570012152195,0.5,-2.4,0.00539264111472436,0.00639549707792982,0.000358978641307027,0.00213247922532241,0.167890137002468,0,0
448308,2022,2,44.874240312155,-67.8663921558273,4.40535714285714,86598,0.420054188563325,-4.51484298706055,261.82351600554,0.91782068361695,183.755994043521,0.158305356123644,8,29.691601095,3,4,0.0173764415085316,0.00213644769974053,0.629967212677002,0.0148839196190238,0.0111807435750961,0.0212932638823986,0.100626692175865,0.0238570012152195,1.1,-1.91,0.00539264111472436,0.00639549707792982,0.000358978641307027,0.00213247922532241,0.167890137002468,0,0
448309,2022,3,44.874240312155,-67.8663921558273,3.77193548387097,86598,0.303239347263002,0.566472232341766,261.82351600554,0.91782068361695,183.755994043521,0.355985596965111,8,29.691601095,3,4,0.0173764415085316,0.00213644769974053,0.629967212677002,0.0148839196190238,0.0111807435750961,0.0212932638823986,0.100626692175865,0.0238570012152195,1.8,-1.67,0.00539264111472436,0.00639549707792982,0.000358978641307027,0.00213247922532241,0.167890137002468,0,0
448310,2022,4,44.874240312155,-67.8663921558273,3.46366666666667,86598,0.488706123914662,6.10326480865479,261.82351600554,0.91782068361695,183.755994043521,0.560844151906325,8,29.691601095,3,4,0.0173764415085316,0.00213644769974053,0.629967212677002,0.0148839196190238,0.0111807435750961,0.0212932638823986,0.100626692175865,0.0238570012152195,1.7,-2.1,0.00539264111472436,0.00639549707792982,0.000358978641307027,0.00213247922532241,0.167890137002468,0,0
448311,2022,5,44.874240312155,-67.8663921558273,3.91354838709677,86598,0.192845762851309,12.816725730896,261.82351600554,0.91782068361695,183.755994043521,0.74249067444408,8,29.691601095,3,4,0.0173764415085316,0.00213644769974053,0.629967212677002,0.0148839196190238,0.0111807435750961,0.0212932638823986,0.100626692175865,0.0238570012152195,1.4,-2.25,0.00539264111472436,0.00639549707792982,0.000358978641307027,0.00213247922532241,0.167890137002468,0,0
450077,2022,4,42.09015,-84.45696389,0.395,86676,0.283067633591032,6.50548410415649,1035.38873709351,0.729087766303031,81.5940490592131,0.535801515367378,2,118.405511991,6,7,0.0465033464133739,0.0022788776550442,0.0675117522478104,0.00669420324265957,0.0147414896637201,0.308289408683777,0.263067930936813,0.0494231581687927,1.7,-2.1,0.885027875205499,0.0347287410294937,0.00426694359452949,0.000413571420159429,0.0575614854053159,0,0
450078,2022,9,42.09015,-84.45696389,0.655,86676,0.135945034984661,17.1796798706055,1035.38873709351,0.729087766303031,81.5940490592131,0.675895321489165,2,118.405511991,6,7,0.0465033464133739,0.0022788776550442,0.0675117522478104,0.00669420324265957,0.0147414896637201,0.308289408683777,0.263067930936813,0.0494231581687927,1.6,-2.29,0.885027875205499,0.0347287410294937,0.00426694359452949,0.000413571420159429,0.0575614854053159,0,0.000100299993438267
450159,2022,3,42.1147683,-85.3185992,12.09,86679,0.278853269184879,3.39643263816833,904.522144271252,2.04584112590248,96.6789385400875,0.22988069123695,1,136.187664249,3,2,0.0176613014191389,0.00135308364406228,0.0355362482368946,0.00598205393180251,0.0108958836644888,0.711009800434113,0.0784076377749443,0.000498504494316876,1.8,-1.67,5.23656881244768,0.0488848463777827,0.0151985404908022,0.00192119864302262,0.0643244886060556,1,0
450160,2022,6,42.1147683,-85.3185992,12.24,86679,0.269021112245183,20.6231708526611,904.522144271252,2.04584112590248,96.6789385400875,0.683048179242947,1,136.187664249,3,2,0.0176613014191389,0.00135308364406228,0.0355362482368946,0.00598205393180251,0.0108958836644888,0.711009800434113,0.0784076377749443,0.000498504494316876,1.7,-1.34,5.23656881244768,0.0488848463777827,0.0151985404908022,0.00192119864302262,0.0643244886060556,1,4.65761926613974e-05
450162,2022,11,42.1147683,-85.3185992,13.32,86679,0.194945273107446,5.22915029525757,904.522144271252,2.04584112590248,96.6789385400875,0.123487119787291,1,136.187664249,3,2,0.0176613014191389,0.00135308364406228,0.0355362482368946,0.00598205393180251,0.0108958836644888,0.711009800434113,0.0784076377749443,0.000498504494316876,0.3,-2.41,5.23656881244768,0.0488848463777827,0.0151985404908022,0.00192119864302262,0.0643244886060556,1,5.96420212976884e-07
450332,2022,4,42.15817778,-86.378925,0.3,86688,0.422260755645117,7.51363754272461,589.968482971476,0.571592195677084,211.530265161269,0.544466334892703,1,84.186351834,7,7,0.110020481050014,0.00459007127210498,0.137419670820236,0.0092507591471076,0.0227385070174932,0.297860324382782,0.181625589728355,7.06164792063646e-05,1.7,-2.1,14.2716829762158,0.0152070483622879,0.00390276878635046,0.523854850505784,0.078580894741416,0,0
450333,2022,9,42.15817778,-86.378925,0.545,86688,0.247199942496474,18.0749473571777,589.968482971476,0.571592195677084,211.530265161269,0.682733792118741,1,84.186351834,7,7,0.110020481050014,0.00459007127210498,0.137419670820236,0.0092507591471076,0.0227385070174932,0.297860324382782,0.181625589728355,7.06164792063646e-05,1.6,-2.29,14.2716829762158,0.0152070483622879,0.00390276878635046,0.523854850505784,0.078580894741416,0,0
451292,2022,1,42.225596,-85.6719502,8.66,86717,0.0936829012695299,-6.2593879699707,897.473524766644,5.71696694560757,140.769176294722,0.135626104766263,1,98.622047394,7,7,0.459193855524063,0.00598205393180251,0.136447802186012,0.00890186615288258,0.0106822391971946,0.153040871024132,0.0401652194559574,0.00861700624227524,0.5,-2.4,25.3739038237332,0.00339633181802332,0.0151985404908022,0.00192119864302262,0.0827774604706963,0,0
455238,2022,1,43.5260961388179,-86.1405098305228,43.0193548387097,87203,0.119666915735029,-6.39622354507446,716.545109683917,2.42504416029782,83.967480664183,0.109681019486665,3,99.08136498,1,3,0.0135308364406228,0.00363196129910648,0.492237567901611,0.0144566297531128,0.0612448379397392,0.0912975370883942,0.134952291846275,0.00149551348295063,0.5,-2.4,15.4714744157242,0.0341452951040662,0.00193894462786397,0.000245335850872584,0.0810151829945048,0,0
455239,2022,2,43.5260961388179,-86.1405098305228,43.3646428571429,87203,0.156923554626455,-4.24314165115356,716.545109683917,2.42504416029782,83.967480664183,0.18299859993383,3,99.08136498,1,3,0.0135308364406228,0.00363196129910648,0.492237567901611,0.0144566297531128,0.0612448379397392,0.0912975370883942,0.134952291846275,0.00149551348295063,1.1,-1.91,15.4714744157242,0.0341452951040662,0.00193894462786397,0.000245335850872584,0.0810151829945048,0,0
455240,2022,3,43.5260961388179,-86.1405098305228,43.71,87203,0.318208479676616,1.12566208839417,716.545109683917,2.42504416029782,83.967480664183,0.352915191185589,3,99.08136498,1,3,0.0135308364406228,0.00363196129910648,0.492237567901611,0.0144566297531128,0.0612448379397392,0.0912975370883942,0.134952291846275,0.00149551348295063,1.8,-1.67,15.4714744157242,0.0341452951040662,0.00193894462786397,0.000245335850872584,0.0810151829945048,0,0
455242,2022,5,43.5260961388179,-86.1405098305228,43.0445161290323,87203,0.222280157231859,15.2732257843018,716.545109683917,2.42504416029782,83.967480664183,0.77222128357207,3,99.08136498,1,3,0.0135308364406228,0.00363196129910648,0.492237567901611,0.0144566297531128,0.0612448379397392,0.0912975370883942,0.134952291846275,0.00149551348295063,1.4,-2.25,15.4714744157242,0.0341452951040662,0.00193894462786397,0.000245335850872584,0.0810151829945048,0,0
455348,2022,1,44.6558376801464,-85.3597830092892,25.7132258064516,87204,0.107040392920728,-9.0326681137085,961.2860907,0.211638172959233,175.285834812027,0.118380068661063,1,92.84776917,1,3,0.0108749382197857,0.00162417907267809,0.585198760032654,0.0721700415015221,0.0292352233082056,0.00353082409128547,0.0790198445320129,0,0.5,-2.4,8.41072148252328,0.133896755302604,0.00218884483718248,0.00179567431683067,0.0945327887520194,0,0
455349,2022,2,44.6558376801464,-85.3597830092892,25.8125,87204,0.108315350354249,-7.13690900802612,961.2860907,0.211638172959233,175.285834812027,0.0969033605691822,1,92.84776917,1,3,0.0108749382197857,0.00162417907267809,0.585198760032654,0.0721700415015221,0.0292352233082056,0.00353082409128547,0.0790198445320129,0,1.1,-1.91,8.41072148252328,0.133896755302604,0.00218884483718248,0.00179567431683067,0.0945327887520194,0,0
455350,2022,3,44.6558376801464,-85.3597830092892,25.9296774193548,87204,0.514791944990904,-2.07895112037659,961.2860907,0.211638172959233,175.285834812027,0.257623102174198,1,92.84776917,1,3,0.0108749382197857,0.00162417907267809,0.585198760032654,0.0721700415015221,0.0292352233082056,0.00353082409128547,0.0790198445320129,0,1.8,-1.67,8.41072148252328,0.133896755302604,0.00218884483718248,0.00179567431683067,0.0945327887520194,0,0
455351,2022,4,44.6558376801464,-85.3597830092892,25.1923333333333,87204,0.252069889161392,3.78348922729492,961.2860907,0.211638172959233,175.285834812027,0.54382824917851,1,92.84776917,1,3,0.0108749382197857,0.00162417907267809,0.585198760032654,0.0721700415015221,0.0292352233082056,0.00353082409128547,0.0790198445320129,0,1.7,-2.1,8.41072148252328,0.133896755302604,0.00218884483718248,0.00179567431683067,0.0945327887520194,0,0
455352,2022,5,44.6558376801464,-85.3597830092892,24.3138709677419,87204,0.100518130407658,14.3047380447388,961.2860907,0.211638172959233,175.285834812027,0.781290801427345,1,92.84776917,1,3,0.0108749382197857,0.00162417907267809,0.585198760032654,0.0721700415015221,0.0292352233082056,0.00353082409128547,0.0790198445320129,0,1.4,-2.25,8.41072148252328,0.133896755302604,0.00218884483718248,0.00179567431683067,0.0945327887520194,0,0
455353,2022,6,44.6558376801464,-85.3597830092892,24.344,87204,0.225645951741696,17.5103816986084,961.2860907,0.211638172959233,175.285834812027,0.903269451242761,1,92.84776917,1,3,0.0108749382197857,0.00162417907267809,0.585198760032654,0.0721700415015221,0.0292352233082056,0.00353082409128547,0.0790198445320129,0,1.7,-1.34,8.41072148252328,0.133896755302604,0.00218884483718248,0.00179567431683067,0.0945327887520194,0,0
455455,2022,1,46.3665189,-84.7391692,26.028064516129,87206,0.192194198039473,-12.1163454055786,849.7044472316,0.0989930258881095,152.703067817934,0.0224181751907365,1,86.482939764,1,3,0.0254949443042278,0.00541233457624912,0.620922923088074,0.137800887227058,0.0192992445081472,0.000712149252649397,0.00783364195376635,0,0.5,-2.4,4.47087518553082,0.0423510067750035,0.000234738530830719,0.00107452017407395,0.0928698605016867,0,0
455456,2022,2,46.3665189,-84.7391692,26.2521428571429,87206,0.19161897723471,-11.3773174285889,849.7044472316,0.0989930258881095,152.703067817934,0.0343580008701113,1,86.482939764,1,3,0.0254949443042278,0.00541233457624912,0.620922923088074,0.137800887227058,0.0192992445081472,0.000712149252649397,0.00783364195376635,0,1.1,-1.91,4.47087518553082,0.0423510067750035,0.000234738530830719,0.00107452017407395,0.0928698605016867,0,0
455457,2022,3,46.3665189,-84.7391692,26.5283870967742,87206,0.257238578686773,-4.48072528839111,849.7044472316,0.0989930258881095,152.703067817934,0.0559766712689135,1,86.482939764,1,3,0.0254949443042278,0.00541233457624912,0.620922923088074,0.137800887227058,0.0192992445081472,0.000712149252649397,0.00783364195376635,0,1.8,-1.67,4.47087518553082,0.0423510067750035,0.000234738530830719,0.00107452017407395,0.0928698605016867,0,0
455458,2022,4,46.3665189,-84.7391692,26.3953333333333,87206,0.462597374605476,1.89896750450134,849.7044472316,0.0989930258881095,152.703067817934,0.369861983813887,1,86.482939764,1,3,0.0254949443042278,0.00541233457624912,0.620922923088074,0.137800887227058,0.0192992445081472,0.000712149252649397,0.00783364195376635,0,1.7,-2.1,4.47087518553082,0.0423510067750035,0.000234738530830719,0.00107452017407395,0.0928698605016867,0,0
455459,2022,5,46.3665189,-84.7391692,23.8416129032258,87206,0.243125450323606,11.5388336181641,849.7044472316,0.0989930258881095,152.703067817934,0.689603050659366,1,86.482939764,1,3,0.0254949443042278,0.00541233457624912,0.620922923088074,0.137800887227058,0.0192992445081472,0.000712149252649397,0.00783364195376635,0,1.4,-2.25,4.47087518553082,0.0423510067750035,0.000234738530830719,0.00107452017407395,0.0928698605016867,0,0
455460,2022,6,46.3665189,-84.7391692,23.161,87206,0.402148665391129,14.5529108047485,849.7044472316,0.0989930258881095,152.703067817934,0.742714449992679,1,86.482939764,1,3,0.0254949443042278,0.00541233457624912,0.620922923088074,0.137800887227058,0.0192992445081472,0.000712149252649397,0.00783364195376635,0,1.7,-1.34,4.47087518553082,0.0423510067750035,0.000234738530830719,0.00107452017407395,0.0928698605016867,0,0
455529,2022,1,46.406161323503,-87.4072780838163,126.603870967742,87207,0.145643777643145,-12.4813079833984,1210.6299231,0.251541031989861,87.9865618991169,0.0192449553098867,6,94.81627311,1,2,0.0245745349675417,0.01313466578722,0.653837978839874,0.0127109671011567,0.0771838128566742,0.00120048015378416,0.0103806229308248,0.000918014266062528,0.5,-2.4,10.52491544461,0.0467186742120885,0.00101230433459891,0.019179167153917,0.0970605433357755,0,0
455530,2022,2,46.406161323503,-87.4072780838163,126.563928571429,87207,0.184724249832709,-11.5585441589355,1210.6299231,0.251541031989861,87.9865618991169,0.0334435811388428,6,94.81627311,1,2,0.0245745349675417,0.01313466578722,0.653837978839874,0.0127109671011567,0.0771838128566742,0.00120048015378416,0.0103806229308248,0.000918014266062528,1.1,-1.91,10.52491544461,0.0467186742120885,0.00101230433459891,0.019179167153917,0.0970605433357755,0,0
455531,2022,3,46.406161323503,-87.4072780838163,126.45935483871,87207,0.209676537619679,-4.72910404205322,1210.6299231,0.251541031989861,87.9865618991169,0.0545280499924192,6,94.81627311,1,2,0.0245745349675417,0.01313466578722,0.653837978839874,0.0127109671011567,0.0771838128566742,0.00120048015378416,0.0103806229308248,0.000918014266062528,1.8,-1.67,10.52491544461,0.0467186742120885,0.00101230433459891,0.019179167153917,0.0970605433357755,0,0
455532,2022,4,46.406161323503,-87.4072780838163,126.441,87207,0.404020069766462,1.73882246017456,1210.6299231,0.251541031989861,87.9865618991169,0.11297889286103,6,94.81627311,1,2,0.0245745349675417,0.01313466578722,0.653837978839874,0.0127109671011567,0.0771838128566742,0.00120048015378416,0.0103806229308248,0.000918014266062528,1.7,-2.1,10.52491544461,0.0467186742120885,0.00101230433459891,0.019179167153917,0.0970605433357755,0,0
455533,2022,5,46.406161323503,-87.4072780838163,126.407741935484,87207,0.341353454507961,11.518214225769,1210.6299231,0.251541031989861,87.9865618991169,0.533291224291548,6,94.81627311,1,2,0.0245745349675417,0.01313466578722,0.653837978839874,0.0127109671011567,0.0771838128566742,0.00120048015378416,0.0103806229308248,0.000918014266062528,1.4,-2.25,10.52491544461,0.0467186742120885,0.00101230433459891,0.019179167153917,0.0970605433357755,0,0
455534,2022,6,46.406161323503,-87.4072780838163,126.416,87207,0.372195907717969,16.0810127258301,1210.6299231,0.251541031989861,87.9865618991169,0.699876050435967,6,94.81627311,1,2,0.0245745349675417,0.01313466578722,0.653837978839874,0.0127109671011567,0.0771838128566742,0.00120048015378416,0.0103806229308248,0.000918014266062528,1.7,-1.34,10.52491544461,0.0467186742120885,0.00101230433459891,0.019179167153917,0.0970605433357755,0,0
456701,2022,9,44.42805556,-93.2394444,28.48,89946,0.0566574783385403,17.1852760314941,996.203162118184,0.996634539509728,307.617495186301,0.573469147840485,1,99.901574955,4,2,0.00626691337674856,0.00149551348295063,0.0420168079435825,0.0065517732873559,0.0122489677742124,0.787209808826447,0.0019940179772675,0.00213644769974053,1.6,-2.29,9.9403096460264,0.0418318973660779,0.00235880341058365,3.62463881058953e-05,0.0481033910300334,0,0.000391365602757253
459519,2022,8,47.5703833,-95.0935139,17.7,117352,0.36160233820413,19.0437088012695,1410.761157,0.222999600641039,152.094032432166,0.831265988950122,8,157.217848008,1,1,0.00975644495338202,0.00213644769974053,0.425224334001541,0.0354650318622589,0.0349665284156799,0.0155960693955421,0.147130042314529,0.0398803576827049,1,-2.38,11.3869057725789,0.0140307312499684,0.000190210649267286,0.000146895352899488,0.0622539050519466,0,0
459698,2022,4,47.5703722,-95.0935361,17.2,117357,0.538273809655426,0.000727703038137406,1410.761157,0.231903284505048,156.16387760442,0.400842882500327,8,157.217848008,1,1,0.00975644495338202,0.00213644769974053,0.425224334001541,0.0354650318622589,0.0349665284156799,0.0155960693955421,0.147130042314529,0.0398803576827049,1.7,-2.1,11.3869057725789,0.0140623987711124,0.000190210649267286,0.000146895352899488,0.0622539050519466,0,0
459700,2022,10,47.5703722,-95.0935361,17.9,117357,0.0745956291872017,7.26299524307251,1410.761157,0.231903284505048,156.16387760442,0.497117080843355,8,157.217848008,1,1,0.00975644495338202,0.00213644769974053,0.425224334001541,0.0354650318622589,0.0349665284156799,0.0155960693955421,0.147130042314529,0.0398803576827049,1.7,-1.8,11.3869057725789,0.0140623987711124,0.000190210649267286,0.000146895352899488,0.0622539050519466,0,0
464441,2022,1,47.5738361,-95.0899472,29.01,117519,0.045421793148167,-17.5790004730225,1413.33741148232,0.612375600790339,253.476846948055,0.0415859479610141,8,161.581365075,1,1,0.00975644495338202,0.00213644769974053,0.425224334001541,0.0354650318622589,0.0349665284156799,0.0155960693955421,0.147130042314529,0.0398803576827049,0.5,-2.4,14.1612407318862,0.0133104379148841,0.000190210649267286,0.000146895352899488,0.0594468270193537,0,0
464443,2022,7,47.5738361,-95.0899472,27.49,117519,0.212313910178757,20.081901550293,1413.33741148232,0.612375600790339,253.476846948055,0.966304269892749,8,161.581365075,1,1,0.00975644495338202,0.00213644769974053,0.425224334001541,0.0354650318622589,0.0349665284156799,0.0155960693955421,0.147130042314529,0.0398803576827049,0.8,-2.62,14.1612407318862,0.0133104379148841,0.000190210649267286,0.000146895352899488,0.0594468270193537,0,0
470945,2022,4,47.65925556,-96.4104111,10.79,117908,0.583770682754155,1.01791942119598,999.70806603743,1.9623246701163,259.191323681603,0.314421666740891,9,243.667979373,1,3,0.00363196129910648,0.00156672834418714,0.00313345668837428,0.00284859701059759,0.00356074632145464,0.76584529876709,0.0824668854475021,0.00056971941376105,1.7,-2.1,12.0766089527839,0.00953303206048758,0.000209539222891161,0.000967048715954741,0.024466345923394,0,0
471195,2022,10,47.69030556,-96.2016278,21.61,117987,0.0309286843917664,7.46826839447021,1180.04974504063,0.843471901256634,201.086331000582,0.549004923536105,7,240.616798266,1,3,0.00441532535478473,0.00106822384987026,0.0267055965960026,0.00299102696590126,0.00947158504277468,0.417177051305771,0.323529422283173,0.000213644772884436,1.7,-1.8,9.82272266644471,0.0190481802406658,0.000209539222891161,0.000967048715954741,0.0432070378068089,0,1.99982600618178e-06
472637,2022,1,45.600177,-95.709496,31.5938709677419,119045,0.0373088344129824,-14.9334001541138,1147.3348478615,1.34347812411886,265.82929336052,0.018368743563961,6,204.39632577,4,4,0.00508438656106591,0.00183602853212506,0.00430760532617569,0.00416637258604169,0.00776781281456351,0.78412538766861,0.0362262539565563,0.0217498764395714,0.5,-2.4,23.7506894349993,0.0147361706421168,0.00442527825224252,1.4042134073299e-05,0.0335143894669414,0,0
472638,2022,2,45.600177,-95.709496,31.73,119045,0.0491188862313186,-13.3506422042847,1147.3348478615,1.34347812411886,265.82929336052,0.0347144178732934,6,204.39632577,4,4,0.00508438656106591,0.00183602853212506,0.00430760532617569,0.00416637258604169,0.00776781281456351,0.78412538766861,0.0362262539565563,0.0217498764395714,1.1,-1.91,23.7506894349993,0.0147361706421168,0.00442527825224252,1.4042134073299e-05,0.0335143894669414,0,0
472639,2022,3,45.600177,-95.709496,31.4712903225806,119045,0.0457630070558424,-2.70676946640015,1147.3348478615,1.34347812411886,265.82929336052,0.149390203347588,6,204.39632577,4,4,0.00508438656106591,0.00183602853212506,0.00430760532617569,0.00416637258604169,0.00776781281456351,0.78412538766861,0.0362262539565563,0.0217498764395714,1.8,-1.67,23.7506894349993,0.0147361706421168,0.00442527825224252,1.4042134073299e-05,0.0335143894669414,0,0
472640,2022,4,45.600177,-95.709496,30.758,119045,0.281418628069089,2.65240597724915,1147.3348478615,1.34347812411886,265.82929336052,0.375983071085202,6,204.39632577,4,4,0.00508438656106591,0.00183602853212506,0.00430760532617569,0.00416637258604169,0.00776781281456351,0.78412538766861,0.0362262539565563,0.0217498764395714,1.7,-2.1,23.7506894349993,0.0147361706421168,0.00442527825224252,1.4042134073299e-05,0.0335143894669414,0,0
472641,2022,5,45.600177,-95.709496,30.0770967741935,119045,0.496726850328516,14.0387563705444,1147.3348478615,1.34347812411886,265.82929336052,0.561044348420609,6,204.39632577,4,4,0.00508438656106591,0.00183602853212506,0.00430760532617569,0.00416637258604169,0.00776781281456351,0.78412538766861,0.0362262539565563,0.0217498764395714,1.4,-2.25,23.7506894349993,0.0147361706421168,0.00442527825224252,1.4042134073299e-05,0.0335143894669414,0,0
472642,2022,6,45.600177,-95.709496,29.7767741935484,119045,0.16459341149305,21.112024307251,1147.3348478615,1.34347812411886,265.82929336052,0.777902879670868,6,204.39632577,4,4,0.00508438656106591,0.00183602853212506,0.00430760532617569,0.00416637258604169,0.00776781281456351,0.78412538766861,0.0362262539565563,0.0217498764395714,1.7,-1.34,23.7506894349993,0.0147361706421168,0.00442527825224252,1.4042134073299e-05,0.0335143894669414,0,3.23628555638513e-06
472846,2022,1,46.981689,-96.387692,7.11258064516129,119047,0.0430471503544115,-16.7824420928955,1128.6089256,0.202401278608318,336.405499432345,0.0233235102980487,8,238.681102725,3,4,0.00363196129910648,0.00206523295491934,0.0140293408185244,0.0055547640658915,0.00883065070956945,0.723258793354034,0.0622418448328972,0.00890186615288258,0.5,-2.4,1.81735011968985,0.0428122463961114,0.000485148931757242,0.00056167946747106,0.0379873657156527,0,0
472847,2022,2,46.981689,-96.387692,7.58857142857143,119047,0.069288344000457,-15.7258796691895,1128.6089256,0.202401278608318,336.405499432345,0.0462540116600172,8,238.681102725,3,4,0.00363196129910648,0.00206523295491934,0.0140293408185244,0.0055547640658915,0.00883065070956945,0.723258793354034,0.0622418448328972,0.00890186615288258,1.1,-1.91,1.81735011968985,0.0428122463961114,0.000485148931757242,0.00056167946747106,0.0379873657156527,0,0
472848,2022,3,46.981689,-96.387692,7.11709677419355,119047,0.0458051182849895,-4.30061388015747,1128.6089256,0.202401278608318,336.405499432345,0.195160050075539,8,238.681102725,3,4,0.00363196129910648,0.00206523295491934,0.0140293408185244,0.0055547640658915,0.00883065070956945,0.723258793354034,0.0622418448328972,0.00890186615288258,1.8,-1.67,1.81735011968985,0.0428122463961114,0.000485148931757242,0.00056167946747106,0.0379873657156527,0,0
472850,2022,5,46.981689,-96.387692,2.28806451612903,119047,0.32448192956139,12.8364133834839,1128.6089256,0.202401278608318,336.405499432345,0.814614234620631,8,238.681102725,3,4,0.00363196129910648,0.00206523295491934,0.0140293408185244,0.0055547640658915,0.00883065070956945,0.723258793354034,0.0622418448328972,0.00890186615288258,1.4,-2.25,1.81735011968985,0.0428122463961114,0.000485148931757242,0.00056167946747106,0.0379873657156527,0,0
473037,2022,5,47.596328,-95.269979,13.77,119048,0.34312045532477,11.6954078674316,1439.65836099334,0.309826914487819,118.82318987991,0.820247921726138,8,190.748031786,1,1,0.00697906268760562,0.00170915818307549,0.369391828775406,0.0276313908398151,0.0201538242399693,0.322603613138199,0.0308360625058413,0,1.4,-2.25,9.9542862312556,0.0138745383111484,0.000148073540190357,0.0010812162274277,0.0443028614791234,0,0
473237,2022,1,46.024003,-93.370057,9.26258064516129,119049,0.0319496008840482,-15.9294996261597,1170.57408821027,0.54814937284852,34.2350273523761,0.0391835522433761,8,92.454068382,3,2,0.00413046590983868,0.00149551348295063,0.529198110103607,0.00904429610818624,0.0153824239969254,0.177182734012604,0.0481412895023823,0.000356074626324698,0.5,-2.4,25.3441609495025,0.0031524920053036,0.000396242360162944,0,0.0686557579687238,0,0
473238,2022,2,46.024003,-93.370057,9.78071428571429,119049,0.0823598459949972,-13.9756259918213,1170.57408821027,0.54814937284852,34.2350273523761,0.0718103557586844,8,92.454068382,3,2,0.00413046590983868,0.00149551348295063,0.529198110103607,0.00904429610818624,0.0153824239969254,0.177182734012604,0.0481412895023823,0.000356074626324698,1.1,-1.91,25.3441609495025,0.0031524920053036,0.000396242360162944,0,0.0686557579687238,0,0
473239,2022,3,46.024003,-93.370057,9.66064516129032,119049,0.0966597793826826,-3.33176755905151,1170.57408821027,0.54814937284852,34.2350273523761,0.174753271954251,8,92.454068382,3,2,0.00413046590983868,0.00149551348295063,0.529198110103607,0.00904429610818624,0.0153824239969254,0.177182734012604,0.0481412895023823,0.000356074626324698,1.8,-1.67,25.3441609495025,0.0031524920053036,0.000396242360162944,0,0.0686557579687238,0,0
473240,2022,4,46.024003,-93.370057,7.593,119049,0.341973042444704,2.7076735496521,1170.57408821027,0.54814937284852,34.2350273523761,0.462782202195058,8,92.454068382,3,2,0.00413046590983868,0.00149551348295063,0.529198110103607,0.00904429610818624,0.0153824239969254,0.177182734012604,0.0481412895023823,0.000356074626324698,1.7,-2.1,25.3441609495025,0.0031524920053036,0.000396242360162944,0,0.0686557579687238,0,0
473241,2022,5,46.024003,-93.370057,3.48838709677419,119049,0.534585518035057,13.2723016738892,1170.57408821027,0.54814937284852,34.2350273523761,0.711074439701573,8,92.454068382,3,2,0.00413046590983868,0.00149551348295063,0.529198110103607,0.00904429610818624,0.0153824239969254,0.177182734012604,0.0481412895023823,0.000356074626324698,1.4,-2.25,25.3441609495025,0.0031524920053036,0.000396242360162944,0,0.0686557579687238,0,0
473242,2022,6,46.024003,-93.370057,2.90903225806452,119049,0.244079525134614,18.8134727478027,1170.57408821027,0.54814937284852,34.2350273523761,0.960183733299518,8,92.454068382,3,2,0.00413046590983868,0.00149551348295063,0.529198110103607,0.00904429610818624,0.0153824239969254,0.177182734012604,0.0481412895023823,0.000356074626324698,1.7,-1.34,25.3441609495025,0.0031524920053036,0.000396242360162944,0,0.0686557579687238,0,0
473391,2022,3,45.99498,-92.90621,19.15,119050,0.123917049185807,-2.94393587112427,1010.4986892,0.301967086827937,83.6450635682899,0.182408097812241,2,88.746719295,3,1,0.167355075478554,0.0037743910215795,0.0789061412215233,0.00961401499807835,0.0199401788413525,0.434553474187851,0.0641646459698677,0.00106822384987026,1.8,-1.67,2.09397766226313,0.0273936610702473,0.000281769813431224,3.00821864873193e-06,0.0678736099420985,0,0
473392,2022,4,45.99498,-92.90621,19.29,119050,0.41863408990849,3.06267333030701,1010.4986892,0.301967086827937,83.6450635682899,0.471344145042,2,88.746719295,3,1,0.167355075478554,0.0037743910215795,0.0789061412215233,0.00961401499807835,0.0199401788413525,0.434553474187851,0.0641646459698677,0.00106822384987026,1.7,-2.1,2.09397766226313,0.0273936610702473,0.000281769813431224,3.00821864873193e-06,0.0678736099420985,0,0
473393,2022,6,45.99498,-92.90621,18.94,119050,0.202495319944581,18.7106952667236,1010.4986892,0.301967086827937,83.6450635682899,0.988904198575241,2,88.746719295,3,1,0.167355075478554,0.0037743910215795,0.0789061412215233,0.00961401499807835,0.0199401788413525,0.434553474187851,0.0641646459698677,0.00106822384987026,1.7,-1.34,2.09397766226313,0.0273936610702473,0.000281769813431224,3.00821864873193e-06,0.0678736099420985,0,0
473394,2022,7,45.99498,-92.90621,18.6,119050,0.247989189344671,20.5923137664795,1010.4986892,0.301967086827937,83.6450635682899,0.95693723568729,2,88.746719295,3,1,0.167355075478554,0.0037743910215795,0.0789061412215233,0.00961401499807835,0.0199401788413525,0.434553474187851,0.0641646459698677,0.00106822384987026,0.8,-2.62,2.09397766226313,0.0273936610702473,0.000281769813431224,3.00821864873193e-06,0.0678736099420985,0,0
473395,2022,8,45.99498,-92.90621,18.7,119050,0.343338573907599,19.4002952575684,1010.4986892,0.301967086827937,83.6450635682899,0.7725259086757,2,88.746719295,3,1,0.167355075478554,0.0037743910215795,0.0789061412215233,0.00961401499807835,0.0199401788413525,0.434553474187851,0.0641646459698677,0.00106822384987026,1,-2.38,2.09397766226313,0.0273936610702473,0.000281769813431224,3.00821864873193e-06,0.0678736099420985,0,0
477859,2022,3,48.137973,-96.347399,9.35,119082,0.0245791126484651,-6.18215322494507,1118.7664059,0.456815954837392,178.018627721491,0.228491981232891,8,280.643045046,1,4,0.00473130447790027,0.00120048015378416,0.069133535027504,0.00508438656106591,0.0139114465564489,0.522773802280426,0.117858909070492,0.000282465916825458,1.8,-1.67,7.46821638676772,0.01271070692434,0.000125646578762355,0.000386246890269461,0.0433936038057009,0,0
477860,2022,4,48.137973,-96.347399,6.99,119082,0.525193803439114,0.416706472635269,1118.7664059,0.456815954837392,178.018627721491,0.428048983045596,8,280.643045046,1,4,0.00473130447790027,0.00120048015378416,0.069133535027504,0.00508438656106591,0.0139114465564489,0.522773802280426,0.117858909070492,0.000282465916825458,1.7,-2.1,7.46821638676772,0.01271070692434,0.000125646578762355,0.000386246890269461,0.0433936038057009,0,0
477861,2022,5,48.137973,-96.347399,7.08,119082,0.494602884959294,12.2001209259033,1118.7664059,0.456815954837392,178.018627721491,0.7600917477284,8,280.643045046,1,4,0.00473130447790027,0.00120048015378416,0.069133535027504,0.00508438656106591,0.0139114465564489,0.522773802280426,0.117858909070492,0.000282465916825458,1.4,-2.25,7.46821638676772,0.01271070692434,0.000125646578762355,0.000386246890269461,0.0433936038057009,0,0
477862,2022,6,48.137973,-96.347399,7.39,119082,0.347582449652879,18.2617130279541,1118.7664059,0.456815954837392,178.018627721491,0.991625849911963,8,280.643045046,1,4,0.00473130447790027,0.00120048015378416,0.069133535027504,0.00508438656106591,0.0139114465564489,0.522773802280426,0.117858909070492,0.000282465916825458,1.7,-1.34,7.46821638676772,0.01271070692434,0.000125646578762355,0.000386246890269461,0.0433936038057009,0,0
477863,2022,7,48.137973,-96.347399,8.56,119082,0.285572417886024,20.4056816101074,1118.7664059,0.456815954837392,178.018627721491,0.931259717379364,8,280.643045046,1,4,0.00473130447790027,0.00120048015378416,0.069133535027504,0.00508438656106591,0.0139114465564489,0.522773802280426,0.117858909070492,0.000282465916825458,0.8,-2.62,7.46821638676772,0.01271070692434,0.000125646578762355,0.000386246890269461,0.0433936038057009,0,0
477864,2022,8,48.137973,-96.347399,9.73,119082,0.122245941448046,19.3090648651123,1118.7664059,0.456815954837392,178.018627721491,0.932813330438699,8,280.643045046,1,4,0.00473130447790027,0.00120048015378416,0.069133535027504,0.00508438656106591,0.0139114465564489,0.522773802280426,0.117858909070492,0.000282465916825458,1,-2.38,7.46821638676772,0.01271070692434,0.000125646578762355,0.000386246890269461,0.0433936038057009,0,0
479225,2022,7,44.705312,-96.282834,8.55,119096,0.228275639838423,23.1651306152344,1246.68534681349,0.689947671348089,269.411556856655,0.834525752898006,3,119.75065635,1,1,0.10376014560461,0.00526990462094545,0.00605326890945435,0.00370317627675831,0.0237857848405838,0.664506494998932,0.017305226996541,0.0333285853266716,0.8,-2.62,2.04710040816636,0.00593493560377176,0.000608792891206705,5.65442313814277e-06,0.0429664379859467,0,0
485016,2022,1,45.115504,-96.102801,39.2567741935484,119138,0.0605933247883999,-13.1384878158569,1003.32699422862,4.23154747502788,31.1788880184208,0.0241124286167072,3,169.094488446,3,2,0.00416637258604169,0.00141232961323112,0.00812089536339045,0.00317774177528918,0.0125697338953614,0.596568048000336,0.218628630042076,0.0227385070174932,0.5,-2.4,10.6319910433819,0.0103789069360187,0.000676730929900889,1.84899161175106e-05,0.0177869682407628,0,0
485017,2022,2,45.115504,-96.102801,39.1378571428571,119138,0.0124035568563508,-11.3020267486572,1003.32699422862,4.23154747502788,31.1788880184208,0.034518129296093,3,169.094488446,3,2,0.00416637258604169,0.00141232961323112,0.00812089536339045,0.00317774177528918,0.0125697338953614,0.596568048000336,0.218628630042076,0.0227385070174932,1.1,-1.91,10.6319910433819,0.0103789069360187,0.000676730929900889,1.84899161175106e-05,0.0177869682407628,0,0
485018,2022,3,45.115504,-96.102801,39.2638709677419,119138,0.0120848159335442,-1.39787411689758,1003.32699422862,4.23154747502788,31.1788880184208,0.172446043421823,3,169.094488446,3,2,0.00416637258604169,0.00141232961323112,0.00812089536339045,0.00317774177528918,0.0125697338953614,0.596568048000336,0.218628630042076,0.0227385070174932,1.8,-1.67,10.6319910433819,0.0103789069360187,0.000676730929900889,1.84899161175106e-05,0.0177869682407628,0,0
485019,2022,4,45.115504,-96.102801,39.341,119138,0.246171851544839,3.50473928451538,1003.32699422862,4.23154747502788,31.1788880184208,0.397759761063233,3,169.094488446,3,2,0.00416637258604169,0.00141232961323112,0.00812089536339045,0.00317774177528918,0.0125697338953614,0.596568048000336,0.218628630042076,0.0227385070174932,1.7,-2.1,10.6319910433819,0.0103789069360187,0.000676730929900889,1.84899161175106e-05,0.0177869682407628,0,0
485020,2022,5,45.115504,-96.102801,39.1303225806452,119138,0.543675511102721,14.6013298034668,1003.32699422862,4.23154747502788,31.1788880184208,0.571754987088899,3,169.094488446,3,2,0.00416637258604169,0.00141232961323112,0.00812089536339045,0.00317774177528918,0.0125697338953614,0.596568048000336,0.218628630042076,0.0227385070174932,1.4,-2.25,10.6319910433819,0.0103789069360187,0.000676730929900889,1.84899161175106e-05,0.0177869682407628,0,1.05260911275973e-05
485884,2022,4,43.590136,-96.014239,26.15,119143,0.170634875719612,4.80507802963257,1507.81628908513,1.33819046570803,133.724009916077,0.493166666455096,3,244.586614545,1,1,0.00183602853212506,0.00317774177528918,0.0117929521948099,0.000776781293097883,0.0165948737412691,0.857001602649689,0.0231622066348791,0,1.7,-2.1,8.68531585746968,0.00338730820291774,0.000854104573358423,2.78728765198553e-05,0.0404380845202009,0,0
485885,2022,5,43.590136,-96.014239,25.91,119143,0.383951382957806,14.9541358947754,1507.81628908513,1.33819046570803,133.724009916077,0.660049359381207,3,244.586614545,1,1,0.00183602853212506,0.00317774177528918,0.0117929521948099,0.000776781293097883,0.0165948737412691,0.857001602649689,0.0231622066348791,0,1.4,-2.25,8.68531585746968,0.00338730820291774,0.000854104573358423,2.78728765198553e-05,0.0404380845202009,0,0
485886,2022,6,43.590136,-96.014239,25.39,119143,0.205690629525838,21.7624435424805,1507.81628908513,1.33819046570803,133.724009916077,0.799434743179005,3,244.586614545,1,1,0.00183602853212506,0.00317774177528918,0.0117929521948099,0.000776781293097883,0.0165948737412691,0.857001602649689,0.0231622066348791,0,1.7,-1.34,8.68531585746968,0.00338730820291774,0.000854104573358423,2.78728765198553e-05,0.0404380845202009,0,0
485887,2022,7,43.590136,-96.014239,25.75,119143,0.200026054385994,23.5396518707275,1507.81628908513,1.33819046570803,133.724009916077,0.847763303107928,3,244.586614545,1,1,0.00183602853212506,0.00317774177528918,0.0117929521948099,0.000776781293097883,0.0165948737412691,0.857001602649689,0.0231622066348791,0,0.8,-2.62,8.68531585746968,0.00338730820291774,0.000854104573358423,2.78728765198553e-05,0.0404380845202009,0,0
485888,2022,8,43.590136,-96.014239,25.96,119143,0.356794267731173,21.5691986083984,1507.81628908513,1.33819046570803,133.724009916077,0.722513475289801,3,244.586614545,1,1,0.00183602853212506,0.00317774177528918,0.0117929521948099,0.000776781293097883,0.0165948737412691,0.857001602649689,0.0231622066348791,0,1,-2.38,8.68531585746968,0.00338730820291774,0.000854104573358423,2.78728765198553e-05,0.0404380845202009,0,0
485889,2022,9,43.590136,-96.014239,26.25,119143,0.0872458687053394,18.0054340362549,1507.81628908513,1.33819046570803,133.724009916077,0.68351175006622,3,244.586614545,1,1,0.00183602853212506,0.00317774177528918,0.0117929521948099,0.000776781293097883,0.0165948737412691,0.857001602649689,0.0231622066348791,0,1.6,-2.29,8.68531585746968,0.00338730820291774,0.000854104573358423,2.78728765198553e-05,0.0404380845202009,0,0
488811,2022,1,47.7412611111111,-91.9961166666667,5.56434782608696,119175,0.0720675724854635,-18.6527709960938,1483.22240603955,2.70941638128824,183.056857377516,0.0240431871053747,6,57.578740245,3,4,0.0163830239325762,0.00515500316396356,0.379563599824905,0.0174422711133957,0.0146176116541028,0.00586116779595613,0.216792598366737,0.142433449625969,0.5,-2.4,11.0515365618384,0.0432635253521779,0.000214047114931917,0.00165790385128404,0.0632944034356872,0,0
488812,2022,2,47.7412611111111,-91.9961166666667,6.18357142857143,119175,0.129922293812948,-17.5405673980713,1483.22240603955,2.70941638128824,183.056857377516,0.0313803468014769,6,57.578740245,3,4,0.0163830239325762,0.00515500316396356,0.379563599824905,0.0174422711133957,0.0146176116541028,0.00586116779595613,0.216792598366737,0.142433449625969,1.1,-1.91,11.0515365618384,0.0432635253521779,0.000214047114931917,0.00165790385128404,0.0632944034356872,0,0
488813,2022,3,47.7412611111111,-91.9961166666667,5.99870967741936,119175,0.12657949011311,-6.00332117080688,1483.22240603955,2.70941638128824,183.056857377516,0.053439784944718,6,57.578740245,3,4,0.0163830239325762,0.00515500316396356,0.379563599824905,0.0174422711133957,0.0146176116541028,0.00586116779595613,0.216792598366737,0.142433449625969,1.8,-1.67,11.0515365618384,0.0432635253521779,0.000214047114931917,0.00165790385128404,0.0632944034356872,0,0
488814,2022,4,47.7412611111111,-91.9961166666667,4.04366666666667,119175,0.352303763296816,-0.121343947947025,1483.22240603955,2.70941638128824,183.056857377516,0.305353750858223,6,57.578740245,3,4,0.0163830239325762,0.00515500316396356,0.379563599824905,0.0174422711133957,0.0146176116541028,0.00586116779595613,0.216792598366737,0.142433449625969,1.7,-2.1,11.0515365618384,0.0432635253521779,0.000214047114931917,0.00165790385128404,0.0632944034356872,0,0
488815,2022,5,47.7412611111111,-91.9961166666667,2.6558064516129,119175,0.424911669878893,10.5784883499146,1483.22240603955,2.70941638128824,183.056857377516,0.697857715135547,6,57.578740245,3,4,0.0163830239325762,0.00515500316396356,0.379563599824905,0.0174422711133957,0.0146176116541028,0.00586116779595613,0.216792598366737,0.142433449625969,1.4,-2.25,11.0515365618384,0.0432635253521779,0.000214047114931917,0.00165790385128404,0.0632944034356872,0,0
488816,2022,6,47.7412611111111,-91.9961166666667,2.75366666666667,119175,0.247688819480779,15.9140167236328,1483.22240603955,2.70941638128824,183.056857377516,0.944200652348694,6,57.578740245,3,4,0.0163830239325762,0.00515500316396356,0.379563599824905,0.0174422711133957,0.0146176116541028,0.00586116779595613,0.216792598366737,0.142433449625969,1.7,-1.34,11.0515365618384,0.0432635253521779,0.000214047114931917,0.00165790385128404,0.0632944034356872,0,0
489302,2022,9,36.09998056,-90.0228333,15.25,119187,0.0757754256932184,22.3195495605469,242.215437877059,0.398760137036257,71.3770786827925,0.726117513163348,3,177.788714181,2,5,0.00423698872327805,0.00112986366730183,0.00310712517239153,0.0026128098834306,0.00515500316396356,0.866605460643768,0.0256337821483612,0.00176541204564273,1.6,-2.29,1.36965538859486,0.0633792152101816,0.0485531313621583,2.62889876886449e-06,0.0444288589165111,0,0.00415807939745113
489916,2022,2,37.2632222,-93.2465,18,120245,0.344001690443784,0.921933233737946,1211.8986845231,3.33248561422016,234.783760447459,0.265307113970629,1,62.893700883,4,2,0.651474177837372,0.00235009263269603,0.0582538098096848,0.00512747466564178,0.0103973792865872,0.149480134248734,0.000640934333205223,0.00313345668837428,1.1,-1.91,7.84014780630512,0.00130811458190303,0.00290305298917217,0.0182565532645089,0.0632250594197214,0,0
489917,2022,8,37.2632222,-93.2465,18.64,120245,0.568712090182745,25.4654579162598,1211.8986845231,3.33248561422016,234.783760447459,1.00643278259908,1,62.893700883,4,2,0.651474177837372,0.00235009263269603,0.0582538098096848,0.00512747466564178,0.0103973792865872,0.149480134248734,0.000640934333205223,0.00313345668837428,1,-2.38,7.84014780630512,0.00130811458190303,0.00290305298917217,0.0182565532645089,0.0632250594197214,0,0
490068,2022,2,37.4998333,-94.2694444,284.82,120479,0.232505473292567,1.00220358371735,975.533826716052,0.637722174070681,91.8398651153318,0.136231450165292,3,65.091863616,2,6,0.156459197402,0.00263495231047273,0.0453639067709446,0.0055547640658915,0.0136020509526134,0.57491809129715,0.018658310174942,0.027488961815834,1.1,-1.91,21.7623316727666,0.010215157220153,0.00330029643879182,0.000911257891792043,0.0576225917384028,0,0
490069,2022,8,37.4998333,-94.2694444,363.98,120479,0.251578108601736,26.3379211425781,975.533826716052,0.637722174070681,91.8398651153318,0.895708841398746,3,65.091863616,2,6,0.156459197402,0.00263495231047273,0.0453639067709446,0.0055547640658915,0.0136020509526134,0.57491809129715,0.018658310174942,0.027488961815834,1,-2.38,21.7623316727666,0.010215157220153,0.00330029643879182,0.000911257891792043,0.0576225917384028,0,1.72301980450963e-05
490535,2022,4,38.6186111,-92.5213889,240.66,121885,0.467984057559576,12.0311937332153,891.763558843312,1.5544925458037,311.04583518382,0.531696010006064,1,43.897637862,2,4,0.116658426821232,0.00353082409128547,0.123720079660416,0.01313466578722,0.0257750153541565,0.482734262943268,0.000141232958412729,0.000423698889790103,1.7,-2.1,66.2123938938641,0.0160896146837738,0.00102686121635651,0.000298785705093701,0.0526640036765734,0,0
490536,2022,10,38.6186111,-92.5213889,248.39,121885,0.287574307936395,13.5209474563599,891.763558843312,1.5544925458037,311.04583518382,0.489939092144293,1,43.897637862,2,4,0.116658426821232,0.00353082409128547,0.123720079660416,0.01313466578722,0.0257750153541565,0.482734262943268,0.000141232958412729,0.000423698889790103,1.7,-1.8,66.2123938938641,0.0160896146837738,0.00102686121635651,0.000298785705093701,0.0526640036765734,0,0
490728,2022,6,38.82392288,-92.4204648,10.29,122341,0.115173319994156,24.6982383728027,564.199521228621,0.41741522132963,105.70131795152,0.973351147146222,3,76.706036862,6,6,0.0121777523308992,0.00427289539948106,0.204101979732513,0.00583962397649884,0.0163794327527285,0.334710150957108,0.0883777216076851,0.104472294449806,1.7,-1.34,0.0560099841641307,0.040922985597636,0.0050834784739215,5.82872224692064e-05,0.0534259608246883,0,2.4243924595416e-05
491035,2022,9,38.8533677,-92.442131,14.73,122429,0.163338729025342,21.2401790618896,569.113060993756,0.541639499565579,224.430040916152,0.939236039115006,3,77.75590563,3,2,0.0151119269430637,0.00331897474825382,0.361909478902817,0.011016171425581,0.0232328232377768,0.231975138187408,0.0396158471703529,0.0629899054765701,1.6,-2.29,1.42922884271001,0.0172930103335032,0.0050834784739215,5.82872224692064e-05,0.0584464659510056,0,0.000143996548820346
492916,2022,5,39.47030556,-92.2132222,132.82,122790,0.567404830473445,18.5168437957764,790.871616712405,1.0659350325686,48.6359438516927,0.579238151569675,2,107.545931922,2,6,0.0475248917937279,0.00169479555916041,0.095402866601944,0.00656733289361,0.0151119269430637,0.623755395412445,0.0254925508052111,0.0013417131267488,1.4,-2.25,43.2090997726931,0.0063311263431863,0.000176016423430492,0.0012342615057626,0.0103078620858863,0,0
492918,2022,11,39.47030556,-92.2132222,133.57,122790,0.193425464173209,5.83086252212524,790.871616712405,1.0659350325686,48.6359438516927,0.212869369149559,2,107.545931922,2,6,0.0475248917937279,0.00169479555916041,0.095402866601944,0.00656733289361,0.0151119269430637,0.623755395412445,0.0254925508052111,0.0013417131267488,0.3,-2.41,43.2090997726931,0.0063311263431863,0.000176016423430492,0.0012342615057626,0.0103078620858863,0,0
493237,2022,1,36.049,-90.2922777777778,7.29290322580645,122901,0.393743815983003,1.87710464000702,242.806232720949,0.0789249672326946,251.556734342579,0.160970650564653,3,154.494750891,6,6,0.0574704445898533,0.00242130761034787,0.00697906268760562,0.00413046590983868,0.00897308066487312,0.809144020080566,0.000498504494316876,0,0.5,-2.4,4.35750746388098,0.045521165338221,0.0485531313621583,2.62889876886449e-06,0.0789004695784052,0,0
493238,2022,2,36.049,-90.2922777777778,7.00392857142857,122901,0.480007462718005,4.10855627059937,242.806232720949,0.0789249672326946,251.556734342579,0.157863962608656,3,154.494750891,6,6,0.0574704445898533,0.00242130761034787,0.00697906268760562,0.00413046590983868,0.00897308066487312,0.809144020080566,0.000498504494316876,0,1.1,-1.91,4.35750746388098,0.045521165338221,0.0485531313621583,2.62889876886449e-06,0.0789004695784052,0,0
494019,2022,1,36.5756388888889,-92.6530277777778,39.2977419354839,122904,0.21586583388092,0.986402630805969,702.471872262063,5.96451722104539,155.414794633973,0.272125309634393,1,38.418635229,2,4,0.0552927069365978,0.00776781281456351,0.442271023988724,0.00692041544243693,0.0226678904145956,0.143139615654945,7.06164792063646e-05,0.107407666742802,0.5,-2.4,28.5746106759819,0.00440053688391979,0.00020189238867158,0.00247794337416722,0.0481108220555385,0,0
494021,2022,3,36.5756388888889,-92.6530277777778,38.338064516129,122904,0.558587222810687,9.74897384643555,702.471872262063,5.96451722104539,155.414794633973,0.559270764497617,1,38.418635229,2,4,0.0552927069365978,0.00776781281456351,0.442271023988724,0.00692041544243693,0.0226678904145956,0.143139615654945,7.06164792063646e-05,0.107407666742802,1.8,-1.67,28.5746106759819,0.00440053688391979,0.00020189238867158,0.00247794337416722,0.0481108220555385,0,0
494022,2022,4,36.5756388888889,-92.6530277777778,34.8426666666667,122904,0.428596757554047,13.8832082748413,702.471872262063,5.96451722104539,155.414794633973,0.682395525590355,1,38.418635229,2,4,0.0552927069365978,0.00776781281456351,0.442271023988724,0.00692041544243693,0.0226678904145956,0.143139615654945,7.06164792063646e-05,0.107407666742802,1.7,-2.1,28.5746106759819,0.00440053688391979,0.00020189238867158,0.00247794337416722,0.0481108220555385,0,0
494023,2022,5,36.5756388888889,-92.6530277777778,17.8909677419355,122904,0.597464644972261,19.8370113372803,702.471872262063,5.96451722104539,155.414794633973,0.705508335815442,1,38.418635229,2,4,0.0552927069365978,0.00776781281456351,0.442271023988724,0.00692041544243693,0.0226678904145956,0.143139615654945,7.06164792063646e-05,0.107407666742802,1.4,-2.25,28.5746106759819,0.00440053688391979,0.00020189238867158,0.00247794337416722,0.0481108220555385,0,0
494730,2022,1,36.7205833333333,-94.2051666666667,194.726129032258,122908,0.0855704056045521,0.768903136253357,1287.2921678976,1.1388419088824,200.387259603509,0.181930084204679,1,53.707349163,3,2,0.0134877478703856,0.00275404285639524,0.0471718087792397,0.00868582725524902,0.0172304213047028,0.757785439491272,0,0,0.5,-2.4,19.0246465301332,0.00279828862596272,0.0015860947470258,0.000277233367547366,0.0381614692655206,0,0
494732,2022,3,36.7205833333333,-94.2051666666667,194.644193548387,122908,0.401855704650547,8.45459938049316,1287.2921678976,1.1388419088824,200.387259603509,0.375326262316159,1,53.707349163,3,2,0.0134877478703856,0.00275404285639524,0.0471718087792397,0.00868582725524902,0.0172304213047028,0.757785439491272,0,0,1.8,-1.67,19.0246465301332,0.00279828862596272,0.0015860947470258,0.000277233367547366,0.0381614692655206,0,0
494733,2022,4,36.7205833333333,-94.2051666666667,194.721333333333,122908,0.483498861892593,13.475380897522,1287.2921678976,1.1388419088824,200.387259603509,0.551702695468648,1,53.707349163,3,2,0.0134877478703856,0.00275404285639524,0.0471718087792397,0.00868582725524902,0.0172304213047028,0.757785439491272,0,0,1.7,-2.1,19.0246465301332,0.00279828862596272,0.0015860947470258,0.000277233367547366,0.0381614692655206,0,0
494734,2022,5,36.7205833333333,-94.2051666666667,194.59935483871,122908,1.04171703026385,19.1542778015137,1287.2921678976,1.1388419088824,200.387259603509,0.560288968274565,1,53.707349163,3,2,0.0134877478703856,0.00275404285639524,0.0471718087792397,0.00868582725524902,0.0172304213047028,0.757785439491272,0,0,1.4,-2.25,19.0246465301332,0.00279828862596272,0.0015860947470258,0.000277233367547366,0.0381614692655206,0,0
507121,2022,1,30.59155556,-88.9068333,9.13,124131,0.2324417698506,9.40340518951416,48.54383711671,0.604493801704626,143.175615104323,0.387507737115461,2,30.51181107,6,5,0.0105924727395177,0.00409575598314404,0.382247030735016,0.0110867880284786,0.0738648399710655,0.0095332246273756,0.294047027826309,7.06164792063646e-05,0.5,-2.4,0.196270317411324,0.0324501971794424,0.00808096151016627,0.000532293726925781,0.0657137807494402,0,0
507122,2022,2,30.59155556,-88.9068333,8.62,124131,0.471788992810423,12.5486440658569,48.54383711671,0.604493801704626,143.175615104323,0.483562039687299,2,30.51181107,6,5,0.0105924727395177,0.00409575598314404,0.382247030735016,0.0110867880284786,0.0738648399710655,0.0095332246273756,0.294047027826309,7.06164792063646e-05,1.1,-1.91,0.196270317411324,0.0324501971794424,0.00808096151016627,0.000532293726925781,0.0657137807494402,0,0
507123,2022,3,30.59155556,-88.9068333,9.37,124131,0.364859874408856,16.2181415557861,48.54383711671,0.604493801704626,143.175615104323,0.622034198975578,2,30.51181107,6,5,0.0105924727395177,0.00409575598314404,0.382247030735016,0.0110867880284786,0.0738648399710655,0.0095332246273756,0.294047027826309,7.06164792063646e-05,1.8,-1.67,0.196270317411324,0.0324501971794424,0.00808096151016627,0.000532293726925781,0.0657137807494402,0,0
507124,2022,4,30.59155556,-88.9068333,7.85,124131,0.26461188288983,19.9585914611816,48.54383711671,0.604493801704626,143.175615104323,0.846864195982013,2,30.51181107,6,5,0.0105924727395177,0.00409575598314404,0.382247030735016,0.0110867880284786,0.0738648399710655,0.0095332246273756,0.294047027826309,7.06164792063646e-05,1.7,-2.1,0.196270317411324,0.0324501971794424,0.00808096151016627,0.000532293726925781,0.0657137807494402,0,0
507125,2022,5,30.59155556,-88.9068333,9.21,124131,0.794219621478832,25.3084564208984,48.54383711671,0.604493801704626,143.175615104323,0.879789639105643,2,30.51181107,6,5,0.0105924727395177,0.00409575598314404,0.382247030735016,0.0110867880284786,0.0738648399710655,0.0095332246273756,0.294047027826309,7.06164792063646e-05,1.4,-2.25,0.196270317411324,0.0324501971794424,0.00808096151016627,0.000532293726925781,0.0657137807494402,0,0
507126,2022,7,30.59155556,-88.9068333,8.82,124131,0.903587042312183,28.3167705535889,48.54383711671,0.604493801704626,143.175615104323,0.80129988984884,2,30.51181107,6,5,0.0105924727395177,0.00409575598314404,0.382247030735016,0.0110867880284786,0.0738648399710655,0.0095332246273756,0.294047027826309,7.06164792063646e-05,0.8,-2.62,0.196270317411324,0.0324501971794424,0.00808096151016627,0.000532293726925781,0.0657137807494402,0,0
531182,2022,1,33.7058333333333,-89.7408333333333,11.0722580645161,139957,0.322079996913959,4.90693044662476,210.622619293387,0.903003248992154,299.009975726143,0.331832230439037,3,49.343832096,6,4,0.0672268941998482,0.00282465922646224,0.276534140110016,0.0159593243151903,0.0240802206099033,0.218840479850769,0.100416637957096,0.000353082403307781,0.5,-2.4,3.77040601412351,0.0170336904335684,0.00187898276529862,0.00135722094120377,0.0759863179644942,0,0
531183,2022,2,33.7058333333333,-89.7408333333333,11.055,139957,0.647306768645334,7.20105791091919,210.622619293387,0.903003248992154,299.009975726143,0.38221319261711,3,49.343832096,6,4,0.0672268941998482,0.00282465922646224,0.276534140110016,0.0159593243151903,0.0240802206099033,0.218840479850769,0.100416637957096,0.000353082403307781,1.1,-1.91,3.77040601412351,0.0170336904335684,0.00187898276529862,0.00135722094120377,0.0759863179644942,0,0
531184,2022,3,33.7058333333333,-89.7408333333333,10.4693548387097,139957,0.539213416651323,12.7164974212646,210.622619293387,0.903003248992154,299.009975726143,0.580971535992549,3,49.343832096,6,4,0.0672268941998482,0.00282465922646224,0.276534140110016,0.0159593243151903,0.0240802206099033,0.218840479850769,0.100416637957096,0.000353082403307781,1.8,-1.67,3.77040601412351,0.0170336904335684,0.00187898276529862,0.00135722094120377,0.0759863179644942,0,0
531185,2022,4,33.7058333333333,-89.7408333333333,9.89666666666667,139957,0.449710155780139,16.7854423522949,210.622619293387,0.903003248992154,299.009975726143,0.735462620368744,3,49.343832096,6,4,0.0672268941998482,0.00282465922646224,0.276534140110016,0.0159593243151903,0.0240802206099033,0.218840479850769,0.100416637957096,0.000353082403307781,1.7,-2.1,3.77040601412351,0.0170336904335684,0.00187898276529862,0.00135722094120377,0.0759863179644942,0,0
531186,2022,5,33.7058333333333,-89.7408333333333,9.83967741935484,139957,0.335457744757853,23.1957912445068,210.622619293387,0.903003248992154,299.009975726143,0.89120729837189,3,49.343832096,6,4,0.0672268941998482,0.00282465922646224,0.276534140110016,0.0159593243151903,0.0240802206099033,0.218840479850769,0.100416637957096,0.000353082403307781,1.4,-2.25,3.77040601412351,0.0170336904335684,0.00187898276529862,0.00135722094120377,0.0759863179644942,0,4.31435953346762e-05
531187,2022,6,33.7058333333333,-89.7408333333333,10.2103333333333,139957,0.0856340715002861,26.9176540374756,210.622619293387,0.903003248992154,299.009975726143,1.04153220267426,3,49.343832096,6,4,0.0672268941998482,0.00282465922646224,0.276534140110016,0.0159593243151903,0.0240802206099033,0.218840479850769,0.100416637957096,0.000353082403307781,1.7,-1.34,3.77040601412351,0.0170336904335684,0.00187898276529862,0.00135722094120377,0.0759863179644942,0,3.96062068803739e-05
531408,2022,1,34.5312085618344,-88.3583800270769,72.2548387096774,139959,0.467046402967795,4.48701810836792,474.5204668181,2.21760122518291,162.53584087856,0.271764665551147,2,46.161417393,3,2,0.0153237767517567,0.00247157691046596,0.513099372386932,0.0333309806883335,0.094414234161377,0.0243626870214939,0.138620153069496,7.06164792063646e-05,0.5,-2.4,40.4365701614219,0.0115905115012462,0.00114890547972413,2.06390205938466e-05,0.0994094481280446,0,0
531409,2022,2,34.5312085618344,-88.3583800270769,72.1735714285714,139959,0.629064305578317,7.27171802520752,474.5204668181,2.21760122518291,162.53584087856,0.333810916917423,2,46.161417393,3,2,0.0153237767517567,0.00247157691046596,0.513099372386932,0.0333309806883335,0.094414234161377,0.0243626870214939,0.138620153069496,7.06164792063646e-05,1.1,-1.91,40.4365701614219,0.0115905115012462,0.00114890547972413,2.06390205938466e-05,0.0994094481280446,0,0
531410,2022,3,34.5312085618344,-88.3583800270769,72.1393548387097,139959,0.55208441550401,12.7950391769409,474.5204668181,2.21760122518291,162.53584087856,0.560668936152388,2,46.161417393,3,2,0.0153237767517567,0.00247157691046596,0.513099372386932,0.0333309806883335,0.094414234161377,0.0243626870214939,0.138620153069496,7.06164792063646e-05,1.8,-1.67,40.4365701614219,0.0115905115012462,0.00114890547972413,2.06390205938466e-05,0.0994094481280446,0,0
531412,2022,5,34.5312085618344,-88.3583800270769,72.7870967741935,139959,0.325793870034402,22.4784717559814,474.5204668181,2.21760122518291,162.53584087856,0.848089805149979,2,46.161417393,3,2,0.0153237767517567,0.00247157691046596,0.513099372386932,0.0333309806883335,0.094414234161377,0.0243626870214939,0.138620153069496,7.06164792063646e-05,1.4,-2.25,40.4365701614219,0.0115905115012462,0.00114890547972413,2.06390205938466e-05,0.0994094481280446,0,0
531522,2022,2,45.0899198,-112.6361282,175.35,140217,0.00390480471063148,-4.59433555603027,5521.60132954655,1.85124878411914,62.113770962659,0.112362909362654,4,138.877952967,3,2,0.00112986366730183,0.000282465916825458,0.00833274517208338,0.0192076824605465,0.596073746681213,0.313395947217941,0,0,1.1,-1.91,40.1149772893347,0.0210979031388602,0.000111769962329329,0.021491066405665,0.00377018874303127,0,0
531523,2022,6,45.0899198,-112.6361282,174.5,140217,0.105405792636841,13.7643985748291,5521.60132954655,1.85124878411914,62.113770962659,0.747200023355104,4,138.877952967,3,2,0.00112986366730183,0.000282465916825458,0.00833274517208338,0.0192076824605465,0.596073746681213,0.313395947217941,0,0,1.7,-1.34,40.1149772893347,0.0210979031388602,0.000111769962329329,0.021491066405665,0.00377018874303127,0,3.89690661252203e-06
531919,2022,5,45.6772084,-111.013835,2.28,141079,0.414712135564835,8.80006980895996,4796.5879338,0.364317408876518,107.047032687282,0.578765069034045,4,93.569553948,4,6,0.271802842617035,0.00367205706425011,0.0290233734995127,0.181131273508072,0.0419461913406849,0.225407809019089,0.00847397744655609,0,1.4,-2.25,0.927970205863971,0.0187691057772823,0.0007990742962637,0.0256320968211614,0.0204946339000762,0,8.9120207962285e-09
531920,2022,6,45.6772084,-111.013835,2.67,141079,0.232000151058213,14.9968090057373,4796.5879338,0.364317408876518,107.047032687282,0.705416172328871,4,93.569553948,4,6,0.271802842617035,0.00367205706425011,0.0290233734995127,0.181131273508072,0.0419461913406849,0.225407809019089,0.00847397744655609,0,1.7,-1.34,0.927970205863971,0.0187691057772823,0.0007990742962637,0.0256320968211614,0.0204946339000762,0,4.54035630922141e-07
531921,2022,8,45.6772084,-111.013835,3.61,141079,0.0978095764485432,21.2024269104004,4796.5879338,0.364317408876518,107.047032687282,0.749165293312903,4,93.569553948,4,6,0.271802842617035,0.00367205706425011,0.0290233734995127,0.181131273508072,0.0419461913406849,0.225407809019089,0.00847397744655609,0,1,-2.38,0.927970205863971,0.0187691057772823,0.0007990742962637,0.0256320968211614,0.0204946339000762,0,1.38061525024145e-05
532154,2022,3,45.69245019,-108.6984748,3.26,141101,0.0528693137384274,3.85436940193176,3280.88043584667,1.36475742240165,104.761221911159,0.260231964627029,4,102.723097269,3,2,0.0656601637601852,0.011109528131783,0.00790485646575689,0.0333285853266716,0.0504913814365864,0.596567451953888,0.0269192419946194,0.00883065070956945,1.8,-1.67,19.8779597672163,0.0328560415000724,0.000211254839585167,0.0252919290209779,0.00407288590408241,0,0
532155,2022,5,45.69245019,-108.6984748,3.04,141101,0.16721332505379,11.916729927063,3280.88043584667,1.36475742240165,104.761221911159,0.617654205620311,4,102.723097269,3,2,0.0656601637601852,0.011109528131783,0.00790485646575689,0.0333285853266716,0.0504913814365864,0.596567451953888,0.0269192419946194,0.00883065070956945,1.4,-2.25,19.8779597672163,0.0328560415000724,0.000211254839585167,0.0252919290209779,0.00407288590408241,0,3.99515726941181e-06
532156,2022,6,45.69245019,-108.6984748,3.57,141101,0.199101378275415,17.8863945007324,3280.88043584667,1.36475742240165,104.761221911159,0.730801580944162,4,102.723097269,3,2,0.0656601637601852,0.011109528131783,0.00790485646575689,0.0333285853266716,0.0504913814365864,0.596567451953888,0.0269192419946194,0.00883065070956945,1.7,-1.34,19.8779597672163,0.0328560415000724,0.000211254839585167,0.0252919290209779,0.00407288590408241,0,7.78354173405992e-06
532157,2022,7,45.69245019,-108.6984748,3.84,141101,0.0326723783844483,23.9645309448242,3280.88043584667,1.36475742240165,104.761221911159,0.865811627119583,4,102.723097269,3,2,0.0656601637601852,0.011109528131783,0.00790485646575689,0.0333285853266716,0.0504913814365864,0.596567451953888,0.0269192419946194,0.00883065070956945,0.8,-2.62,19.8779597672163,0.0328560415000724,0.000211254839585167,0.0252919290209779,0.00407288590408241,0,1.46853745089688e-05
532158,2022,8,45.69245019,-108.6984748,3.455,141101,0.0562159659271471,23.6552314758301,3280.88043584667,1.36475742240165,104.761221911159,0.791252417778378,4,102.723097269,3,2,0.0656601637601852,0.011109528131783,0.00790485646575689,0.0333285853266716,0.0504913814365864,0.596567451953888,0.0269192419946194,0.00883065070956945,1,-2.38,19.8779597672163,0.0328560415000724,0.000211254839585167,0.0252919290209779,0.00407288590408241,0,1.07626983794532e-05
532159,2022,9,45.69245019,-108.6984748,3.25,141101,0.107864382549849,18.7948722839355,3280.88043584667,1.36475742240165,104.761221911159,0.535434062900551,4,102.723097269,3,2,0.0656601637601852,0.011109528131783,0.00790485646575689,0.0333285853266716,0.0504913814365864,0.596567451953888,0.0269192419946194,0.00883065070956945,1.6,-2.29,19.8779597672163,0.0328560415000724,0.000211254839585167,0.0252919290209779,0.00407288590408241,0,7.71129771893989e-06
533294,2022,3,45.83777778,-107.6011111,5.65,141499,0.0279238875255355,3.31788086891174,2837.9265135,0.173435027602517,98.2550222302129,0.242183565522908,4,119.520997557,3,2,0.00501377042382956,0.00112986366730183,0.00557870185002685,0.198079228401184,0.183249771595001,0.172021746635437,0.0864345729351044,0.0186427515000105,1.8,-1.67,0.949894859288496,0.0196435874957375,0.000131060083980027,0.00934828349561697,0.00471874906553576,0,0
533295,2022,5,45.83777778,-107.6011111,4.82,141499,0.102961401457607,12.633490562439,2837.9265135,0.173435027602517,98.2550222302129,0.620260164497791,4,119.520997557,3,2,0.00501377042382956,0.00112986366730183,0.00557870185002685,0.198079228401184,0.183249771595001,0.172021746635437,0.0864345729351044,0.0186427515000105,1.4,-2.25,0.949894859288496,0.0196435874957375,0.000131060083980027,0.00934828349561697,0.00471874906553576,0,2.23111717643141e-06
533296,2022,6,45.83777778,-107.6011111,5.15,141499,0.212417938274952,18.2434482574463,2837.9265135,0.173435027602517,98.2550222302129,0.730161893257361,4,119.520997557,3,2,0.00501377042382956,0.00112986366730183,0.00557870185002685,0.198079228401184,0.183249771595001,0.172021746635437,0.0864345729351044,0.0186427515000105,1.7,-1.34,0.949894859288496,0.0196435874957375,0.000131060083980027,0.00934828349561697,0.00471874906553576,0,4.49227570055029e-06
533297,2022,7,45.83777778,-107.6011111,5.85,141499,0.0717292183492006,24.3975830078125,2837.9265135,0.173435027602517,98.2550222302129,0.912150987624884,4,119.520997557,3,2,0.00501377042382956,0.00112986366730183,0.00557870185002685,0.198079228401184,0.183249771595001,0.172021746635437,0.0864345729351044,0.0186427515000105,0.8,-2.62,0.949894859288496,0.0196435874957375,0.000131060083980027,0.00934828349561697,0.00471874906553576,0,6.54284636687323e-06
533298,2022,8,45.83777778,-107.6011111,7.25,141499,0.0568777057681223,24.0946750640869,2837.9265135,0.173435027602517,98.2550222302129,0.815651261575717,4,119.520997557,3,2,0.00501377042382956,0.00112986366730183,0.00557870185002685,0.198079228401184,0.183249771595001,0.172021746635437,0.0864345729351044,0.0186427515000105,1,-2.38,0.949894859288496,0.0196435874957375,0.000131060083980027,0.00934828349561697,0.00471874906553576,0,5.62081573205479e-06
533299,2022,9,45.83777778,-107.6011111,7.23,141499,0.0830924793815563,19.2886695861816,2837.9265135,0.173435027602517,98.2550222302129,0.555894907597339,4,119.520997557,3,2,0.00501377042382956,0.00112986366730183,0.00557870185002685,0.198079228401184,0.183249771595001,0.172021746635437,0.0864345729351044,0.0186427515000105,1.6,-2.29,0.949894859288496,0.0196435874957375,0.000131060083980027,0.00934828349561697,0.00471874906553576,0,1.95288654900805e-06
533465,2022,5,45.9999444,-112.6616667,1.55,141694,0.152124470218593,7.44654512405396,5352.69403261945,1.03714565066484,316.192044280304,0.528620222599814,4,103.116798057,3,6,0.0798672437667847,0.01970199868083,0.0127109671011567,0.100487254559994,0.356189548969269,0.112280204892159,0.00317774177528918,0.00444883853197098,1.4,-2.25,10.9815261349429,0.0102124138169336,0.000364354432779966,0.0053672210674895,0.00472562093081574,0,0
533501,2022,5,46.0021944,-112.6594722,6.82,141695,0.148165094796062,7.51111173629761,5338.86115138509,1.7476392317783,241.7458071103,0.528620222599814,4,103.116798057,3,2,0.0798672437667847,0.01970199868083,0.0127109671011567,0.100487254559994,0.356189548969269,0.112280204892159,0.00317774177528918,0.00444883853197098,1.4,-2.25,4.70834337597231,0.0204762382843063,0.000364354432779966,0.0053672210674895,0.00472562093081574,0,0
533502,2022,7,46.0021944,-112.6594722,7.49,141695,0.077749506500358,18.9959278106689,5338.86115138509,1.7476392317783,241.7458071103,0.695448949073712,4,103.116798057,3,2,0.0798672437667847,0.01970199868083,0.0127109671011567,0.100487254559994,0.356189548969269,0.112280204892159,0.00317774177528918,0.00444883853197098,0.8,-2.62,4.70834337597231,0.0204762382843063,0.000364354432779966,0.0053672210674895,0.00472562093081574,0,5.27806113886201e-08
533503,2022,9,46.0021944,-112.6594722,7.86,141695,0.124403310449215,14.3949422836304,5338.86115138509,1.7476392317783,241.7458071103,0.462363386481505,4,103.116798057,3,2,0.0798672437667847,0.01970199868083,0.0127109671011567,0.100487254559994,0.356189548969269,0.112280204892159,0.00317774177528918,0.00444883853197098,1.6,-2.29,4.70834337597231,0.0204762382843063,0.000364354432779966,0.0053672210674895,0.00472562093081574,0,7.74026665117564e-09
534183,2022,5,46.4632817,-110.2960225,6.55,142331,0.121976697411301,8.36882495880127,4780.1837343,0.593091753585686,98.0336103211312,0.552802800095151,3,120.898950315,3,2,0.00466068787500262,0.00105924718081951,0.00275404285639524,0.00543746910989285,0.445660620927811,0.20747122168541,0.0545865409076214,0.138620153069496,1.4,-2.25,38.454955076863,0.0150458218004615,4.26499730865666e-05,0.0126051695105425,0.00437463177979613,1,3.37738297816315e-07
534184,2022,6,46.4632817,-110.2960225,4.71,142331,0.135295510184817,13.8332557678223,4780.1837343,0.593091753585686,98.0336103211312,0.701558722413487,3,120.898950315,3,2,0.00466068787500262,0.00105924718081951,0.00275404285639524,0.00543746910989285,0.445660620927811,0.20747122168541,0.0545865409076214,0.138620153069496,1.7,-1.34,38.454955076863,0.0150458218004615,4.26499730865666e-05,0.0126051695105425,0.00437463177979613,1,3.76116155026796e-06
534185,2022,7,46.4632817,-110.2960225,6.15,142331,0.168904507510787,19.9033985137939,4780.1837343,0.593091753585686,98.0336103211312,0.77600864718588,3,120.898950315,3,2,0.00466068787500262,0.00105924718081951,0.00275404285639524,0.00543746910989285,0.445660620927811,0.20747122168541,0.0545865409076214,0.138620153069496,0.8,-2.62,38.454955076863,0.0150458218004615,4.26499730865666e-05,0.0126051695105425,0.00437463177979613,1,7.63775264535922e-06
534186,2022,9,46.4632817,-110.2960225,9.84,142331,0.0847516411595221,15.3425331115723,4780.1837343,0.593091753585686,98.0336103211312,0.509932561332866,3,120.898950315,3,2,0.00466068787500262,0.00105924718081951,0.00275404285639524,0.00543746910989285,0.445660620927811,0.20747122168541,0.0545865409076214,0.138620153069496,1.6,-2.29,38.454955076863,0.0150458218004615,4.26499730865666e-05,0.0126051695105425,0.00437463177979613,1,1.93566467472914e-06
536442,2022,7,47.0346944,-114.3508333,10.1,143509,0.0250904172492745,22.1234397888184,3025.73692316868,3.78670849066803,221.745312418162,1.11055649653354,4,86.089238976,2,2,0.0368893332779408,0.00441532535478473,0.176470592617989,0.0319042876362801,0.198974505066872,0.166571706533432,0.031049707904458,0.0172340124845505,0.8,-2.62,32.3833443540659,0.0398842803368708,0.00215566327394297,0.00740552483888081,0.00439830442375193,0,2.22644441739018e-06
536443,2022,8,47.0346944,-114.3508333,10.615,143509,0.0186131273011907,22.3865871429443,3025.73692316868,3.78670849066803,221.745312418162,1.03973999581971,4,86.089238976,2,2,0.0368893332779408,0.00441532535478473,0.176470592617989,0.0319042876362801,0.198974505066872,0.166571706533432,0.031049707904458,0.0172340124845505,1,-2.38,32.3833443540659,0.0398842803368708,0.00215566327394297,0.00740552483888081,0.00439830442375193,0,3.34178033913975e-06
536559,2022,5,47.0351944,-114.3525278,5.37,143513,0.159358628082202,10.3345918655396,3034.4272998818,4.47445750041151,218.550118980434,0.816035634878211,4,86.089238976,2,2,0.0368893332779408,0.00441532535478473,0.176470592617989,0.0319042876362801,0.198974505066872,0.166571706533432,0.031049707904458,0.0172340124845505,1.4,-2.25,32.3833443540659,0.0362500398959793,0.00215566327394297,0.00740552483888081,0.00439830442375193,0,0
536562,2022,9,47.0351944,-114.3525278,5.69,143513,0.169686220081565,16.419189453125,3034.4272998818,4.47445750041151,218.550118980434,0.749398680697147,4,86.089238976,2,2,0.0368893332779408,0.00441532535478473,0.176470592617989,0.0319042876362801,0.198974505066872,0.166571706533432,0.031049707904458,0.0172340124845505,1.6,-2.29,32.3833443540659,0.0362500398959793,0.00215566327394297,0.00740552483888081,0.00439830442375193,0,1.37391348541482e-06
536563,2022,12,47.0351944,-114.3525278,5.74,143513,0.156255607141626,-4.89722776412964,3034.4272998818,4.47445750041151,218.550118980434,0.0604441911509777,4,86.089238976,2,2,0.0368893332779408,0.00441532535478473,0.176470592617989,0.0319042876362801,0.198974505066872,0.166571706533432,0.031049707904458,0.0172340124845505,2.1,-2.21,32.3833443540659,0.0362500398959793,0.00215566327394297,0.00740552483888081,0.00439830442375193,0,0
537566,2022,3,48.12666667,-106.3338889,23.48,144391,0.0191041334697919,0.989762008190155,2046.94953863959,0.377840102590387,244.074891809769,0.253529136021822,4,156.791338821,4,2,0.0157474763691425,0.00141232961323112,0.00466068787500262,0.0295176897197962,0.243626862764359,0.393828123807907,0.0476661249995232,0.00395452277734876,1.8,-1.67,6.11125837151102,0.00127506569984164,8.78163884051727e-05,0.00692982140735188,0.00472260462297127,0,0
537567,2022,10,48.12666667,-106.3338889,24.17,144391,0.148055522372796,10.0204639434814,2046.94953863959,0.377840102590387,244.074891809769,0.25872142961234,4,156.791338821,4,2,0.0157474763691425,0.00141232961323112,0.00466068787500262,0.0295176897197962,0.243626862764359,0.393828123807907,0.0476661249995232,0.00395452277734876,1.7,-1.8,6.11125837151102,0.00127506569984164,8.78163884051727e-05,0.00692982140735188,0.00472260462297127,0,6.00283879654579e-08
537576,2022,4,48.1465833,-104.6450833,20.25,144421,0.105398145720723,2.55308532714844,1919.2913415,0.342452451383129,279.109329945376,0.452835904707083,4,200.853018678,4,4,0.00576840899884701,0.00156672834418714,0.00498504471033812,0.00754878204315901,0.31049707531929,0.385771244764328,0.0972795933485031,0.000997008988633752,1.7,-2.1,8.7566310159615,0.0212985437082924,0.000120207059019345,0.00716446213882468,0.00555535919623449,0,0
537577,2022,10,48.1465833,-104.6450833,21.37,144421,0.13379706505715,8.91110897064209,1919.2913415,0.342452451383129,279.109329945376,0.298877250945458,4,200.853018678,4,4,0.00576840899884701,0.00156672834418714,0.00498504471033812,0.00754878204315901,0.31049707531929,0.385771244764328,0.0972795933485031,0.000997008988633752,1.7,-1.8,8.7566310159615,0.0212985437082924,0.000120207059019345,0.00716446213882468,0.00555535919623449,0,0
537710,2022,4,48.53,-106.4711111,7.61,145021,0.0531513172366831,2.16458296775818,2619.09432786998,1.31931427975249,285.459795629733,0.4700922034493,3,144.192913605,2,2,0,0,0.000213644772884436,0.101053982973099,0.639153957366943,0.0630964264273643,0.0095428004860878,0.000427289545768872,1.7,-2.1,7.39362766608739,0.0118411298656035,8.78163884051727e-05,0.00692982140735188,0.008460481238241,0,0
538044,2022,5,48.554959,-104.18183,9.89,145445,0.273633466720992,11.7457056045532,1977.605638741,0.922783325797754,303.403404049916,0.715108857528433,11,178.576115757,1,1,0.00797607190907001,0.00220766267739236,0.0045577553100884,0.00306224194355309,0.356715559959412,0.42636376619339,0.0175900869071484,0.0556900724768639,1.4,-2.25,6.28771901773524,0.00626035916994882,0.000551479120728417,0.00115608237693985,0.00765465903989971,0,3.97334211727725e-06
538045,2022,6,48.554959,-104.18183,9.82,145445,0.204779082081393,17.440954208374,1977.605638741,0.922783325797754,303.403404049916,0.777484514512111,11,178.576115757,1,1,0.00797607190907001,0.00220766267739236,0.0045577553100884,0.00306224194355309,0.356715559959412,0.42636376619339,0.0175900869071484,0.0556900724768639,1.7,-1.34,6.28771901773524,0.00626035916994882,0.000551479120728417,0.00115608237693985,0.00765465903989971,0,5.53163654478155e-05
538046,2022,7,48.554959,-104.18183,9.87,145445,0.273938292071198,21.4426574707031,1977.605638741,0.922783325797754,303.403404049916,0.883938748158865,11,178.576115757,1,1,0.00797607190907001,0.00220766267739236,0.0045577553100884,0.00306224194355309,0.356715559959412,0.42636376619339,0.0175900869071484,0.0556900724768639,0.8,-2.62,6.28771901773524,0.00626035916994882,0.000551479120728417,0.00115608237693985,0.00765465903989971,0,0.000109280762538843
538047,2022,8,48.554959,-104.18183,10.02,145445,0.0482067130163238,22.1457271575928,1977.605638741,0.922783325797754,303.403404049916,0.860464643049161,11,178.576115757,1,1,0.00797607190907001,0.00220766267739236,0.0045577553100884,0.00306224194355309,0.356715559959412,0.42636376619339,0.0175900869071484,0.0556900724768639,1,-2.38,6.28771901773524,0.00626035916994882,0.000551479120728417,0.00115608237693985,0.00765465903989971,0,0.000123186302817016
538231,2022,3,46.62112925,-113.2066994,32,145446,0.0857845067404518,2.5531644821167,4248.70495454097,0.566162698943533,84.2317629052706,0.265869156047614,4,126.804462135,3,2,0.00543746910989285,0.000635548320133239,0.00233034393750131,0.00374267343431711,0.200409576296806,0.68031919002533,0.00112986366730183,0,1.8,-1.67,44.1475178045454,0.0449991520398554,4.73209159662029e-05,0.0101748271242418,0.00434117230414102,1,0
538232,2022,6,46.62112925,-113.2066994,31.86,145446,0.237879090157587,13.583514213562,4248.70495454097,0.566162698943533,84.2317629052706,0.656176190109613,4,126.804462135,3,2,0.00543746910989285,0.000635548320133239,0.00233034393750131,0.00374267343431711,0.200409576296806,0.68031919002533,0.00112986366730183,0,1.7,-1.34,44.1475178045454,0.0449991520398554,4.73209159662029e-05,0.0101748271242418,0.00434117230414102,1,8.87853363135399e-06
538233,2022,12,46.62112925,-113.2066994,21.5,145446,0.108601552772894,-5.01329946517944,4248.70495454097,0.566162698943533,84.2317629052706,0.0548059234050465,4,126.804462135,3,2,0.00543746910989285,0.000635548320133239,0.00233034393750131,0.00374267343431711,0.200409576296806,0.68031919002533,0.00112986366730183,0,2.1,-2.21,44.1475178045454,0.0449991520398554,4.73209159662029e-05,0.0101748271242418,0.00434117230414102,1,0
538579,2022,1,45.80254,-111.0454,56.8687096774194,145451,0.0821770459019972,-4.38844966888428,4623.24484116649,1.19769048357475,310.68432178097,0.0438287377710794,4,153.904199709,4,2,0.0149706937372684,0.00317774177528918,0.0409575589001179,0.289951264858246,0.146246731281281,0.255349189043045,0,7.06164792063646e-05,0.5,-2.4,0.494291952870736,0.0266082051466453,0.0007990742962637,0.0256320968211614,0.00701938783975939,0,0
538580,2022,2,45.80254,-111.0454,57.4278571428571,145451,0.0563069592227898,-4.35330820083618,4623.24484116649,1.19769048357475,310.68432178097,0.108104102732056,4,153.904199709,4,2,0.0149706937372684,0.00317774177528918,0.0409575589001179,0.289951264858246,0.146246731281281,0.255349189043045,0,7.06164792063646e-05,1.1,-1.91,0.494291952870736,0.0266082051466453,0.0007990742962637,0.0256320968211614,0.00701938783975939,0,0
538581,2022,3,45.80254,-111.0454,57.9425806451613,145451,0.0539555888357803,2.55314683914185,4623.24484116649,1.19769048357475,310.68432178097,0.287887368427036,4,153.904199709,4,2,0.0149706937372684,0.00317774177528918,0.0409575589001179,0.289951264858246,0.146246731281281,0.255349189043045,0,7.06164792063646e-05,1.8,-1.67,0.494291952870736,0.0266082051466453,0.0007990742962637,0.0256320968211614,0.00701938783975939,0,0
538645,2022,3,47.0028002,-109.3428159,28.87,145452,0.0301401884682289,1.54264640808105,4210.10926778653,7.06777172609677,247.061742726853,0.397636409172462,4,70.898950239,4,2,0.000423698889790103,0.000282465916825458,0.174281477928162,0.491985023021698,0.0418755747377872,0.0319186486303806,0.0197726152837276,0.00183602853212506,1.8,-1.67,6.99279659813504,0.00205742094040746,9.35872244777696e-05,0.0041006416378952,0.0157808429255709,0,0
538646,2022,6,47.0028002,-109.3428159,28,145452,0.219823682423309,15.0836982727051,4210.10926778653,7.06777172609677,247.061742726853,1.02284989800322,4,70.898950239,4,2,0.000423698889790103,0.000282465916825458,0.174281477928162,0.491985023021698,0.0418755747377872,0.0319186486303806,0.0197726152837276,0.00183602853212506,1.7,-1.34,6.99279659813504,0.00205742094040746,9.35872244777696e-05,0.0041006416378952,0.0157808429255709,0,3.57681961903396e-07
538647,2022,9,47.0028002,-109.3428159,28.12,145452,0.155339566664634,16.5898590087891,4210.10926778653,7.06777172609677,247.061742726853,0.757090852541547,4,70.898950239,4,2,0.000423698889790103,0.000282465916825458,0.174281477928162,0.491985023021698,0.0418755747377872,0.0319186486303806,0.0197726152837276,0.00183602853212506,1.6,-2.29,6.99279659813504,0.00205742094040746,9.35872244777696e-05,0.0041006416378952,0.0157808429255709,0,6.03339800407372e-08
538648,2022,12,47.0028002,-109.3428159,28.27,145452,0.038454905015219,-8.32578468322754,4210.10926778653,7.06777172609677,247.061742726853,0.0412887632692208,4,70.898950239,4,2,0.000423698889790103,0.000282465916825458,0.174281477928162,0.491985023021698,0.0418755747377872,0.0319186486303806,0.0197726152837276,0.00183602853212506,2.1,-2.21,6.99279659813504,0.00205742094040746,9.35872244777696e-05,0.0041006416378952,0.0157808429255709,0,0
538721,2022,5,46.94732,-104.08065,38.96,145453,0.435966382226271,11.3200874328613,2815.30722732958,0.710160222655467,196.096753333865,0.711395985640869,3,188.845144644,4,2,0.0143351461738348,0.00105924718081951,0.00346020772121847,0.00211849436163902,0.0878469049930573,0.807781934738159,0.000141232958412729,0,1.4,-2.25,32.6842054478391,0.0182981714793224,0.000256924700948158,0.000265004094059735,0.00539010799809049,0,0
538722,2022,8,46.94732,-104.08065,37.25,145453,0.162343290780994,22.7200717926025,2815.30722732958,0.710160222655467,196.096753333865,0.815740521486937,3,188.845144644,4,2,0.0143351461738348,0.00105924718081951,0.00346020772121847,0.00211849436163902,0.0878469049930573,0.807781934738159,0.000141232958412729,0,1,-2.38,32.6842054478391,0.0182981714793224,0.000256924700948158,0.000265004094059735,0.00539010799809049,0,0
538723,2022,11,46.94732,-104.08065,37.67,145453,0.091867753666622,-4.80121183395386,2815.30722732958,0.710160222655467,196.096753333865,0.0930291462607698,3,188.845144644,4,2,0.0143351461738348,0.00105924718081951,0.00346020772121847,0.00211849436163902,0.0878469049930573,0.807781934738159,0.000141232958412729,0,0.3,-2.41,32.6842054478391,0.0182981714793224,0.000256924700948158,0.000265004094059735,0.00539010799809049,0,0
538966,2022,1,46.25538698,-114.1551702,16.4435483870968,145454,0.175536361220239,-2.14606094360352,3558.85937749299,0.454499050593842,149.812663886406,0.0438781799022171,4,135.761155062,3,2,0.369394809007645,0.00374267343431711,0.017583504319191,0.0642609968781471,0.0726643577218056,0.104371160268784,0.0835392996668816,0.00614363374188542,0.5,-2.4,1.78093848693146,0.0293868206639921,0.000502215433128903,0.0228154433642212,0.00474125806548943,0,0
539150,2022,1,46.359151,-108.441229,144.61,145456,0.0245140090448929,-2.99605369567871,3825.79414484085,3.16073208917674,64.4465018564038,0.00332670145027317,3,116.568241647,4,2,0.00165182421915233,0.000861821288708597,0.400746911764145,0.190247058868408,0.0944412499666214,0.00395001424476504,0,0,0.5,-2.4,157.957277513038,0.0195267949876532,0.00020444029225128,0.00553525934132978,0.00744509668555731,0,0
539151,2022,4,46.359151,-108.441229,144.82,145456,0.271343622094437,2.33405256271362,3825.79414484085,3.16073208917674,64.4465018564038,0.454979143809238,3,116.568241647,4,2,0.00165182421915233,0.000861821288708597,0.400746911764145,0.190247058868408,0.0944412499666214,0.00395001424476504,0,0,1.7,-2.1,157.957277513038,0.0195267949876532,0.00020444029225128,0.00553525934132978,0.00744509668555731,0,1.55930825785365e-09
539569,2022,6,48.36987,-106.79305,48.56,145461,0.155271420251763,17.5394515991211,2256.76840403381,2.29758254106934,264.586810284029,0.834654411323039,3,155.675853255,4,2,0.00270616728812456,0.000712149252649397,0.00106822384987026,0.058040164411068,0.655889451503754,0.0608887635171413,0.0133884064853191,0,1.7,-1.34,71.3347763985615,0.0473021793576605,8.78163884051727e-05,0.00692982140735188,0.00474427131781355,0,6.49229332551636e-10
539570,2022,9,48.36987,-106.79305,48.65,145461,0.00329430452669817,17.804235458374,2256.76840403381,2.29758254106934,264.586810284029,0.604710317013986,3,155.675853255,4,2,0.00270616728812456,0.000712149252649397,0.00106822384987026,0.058040164411068,0.655889451503754,0.0608887635171413,0.0133884064853191,0,1.6,-2.29,71.3347763985615,0.0473021793576605,8.78163884051727e-05,0.00692982140735188,0.00474427131781355,0,3.60682962528687e-10
539571,2022,12,48.36987,-106.79305,47.85,145461,0.0766352093977861,-14.1539764404297,2256.76840403381,2.29758254106934,264.586810284029,0.00700353403855598,3,155.675853255,4,2,0.00270616728812456,0.000712149252649397,0.00106822384987026,0.058040164411068,0.655889451503754,0.0608887635171413,0.0133884064853191,0,2.1,-2.21,71.3347763985615,0.0473021793576605,8.78163884051727e-05,0.00692982140735188,0.00474427131781355,0,0
540677,2022,7,48.60748,-108.25394,29.9,145472,0.211480734237966,21.6735324859619,2836.81306682971,3.95081928285132,193.423668344978,0.933548035125778,3,151.509186582,4,2,0.000776781293097883,0.000353082403307781,0.000706164806615561,0.0243626870214939,0.779535353183746,0.00430760532617569,0.0271873455494642,0.00896829273551702,0.8,-2.62,7.33224661507323,0.00560847685947633,5.18884285541035e-05,0.00870621590590766,0.00531998075040678,0,0
541331,2022,3,46.77860688,-105.3031415,33.47,145477,0.0213071931076521,2.18581914901733,2266.34644191925,0.0976753373178023,93.0964385875781,0.303771727815928,3,123.786089427,4,2,0.0709300637245178,0.00235009263269603,0.00669420324265957,0.0398803576827049,0.327659875154495,0.283649057149887,0.0176613014191389,0.0368893332779408,1.8,-1.67,1.81053762948908,0.0165210197923692,8.09082017939885e-05,0.00587244938123102,0.00442426819872111,1,0
542013,2022,4,47.52064673,-111.716063,34.29,145483,0.0839911422103815,3.12659215927124,3443.8412048516,1.50829589736589,51.2647335985968,0.418820970025475,3,111.5485566,4,2,0.00526990462094545,0.000925794069189578,0.00256373733282089,0.0735650211572647,0.207805156707764,0.5860276222229,7.12149267201312e-05,0,1.7,-2.1,21.982815668274,0.0187767216177138,0.000214869281992295,0.00986276531416486,0.00410565381363034,0,5.3194343719611e-08
542186,2022,3,46.11777849,-111.5297679,20.92,145485,0.00835624893837862,3.58238291740417,4041.39090387328,0.832226395427345,331.475988035026,0.282073259156619,4,117.618110415,3,2,0.00381329003721476,0.000706164806615561,0.00254219328053296,0.0583292134106159,0.175270110368729,0.644163548946381,0.00162417907267809,0,1.8,-1.67,0.830732991230992,0.0266583491251007,0.000246319517792795,0.0229751044567676,0.00370734229110181,1,0
543222,2022,5,47.119618,-106.104213,31.1,145493,0.126363874612479,12.0643749237061,2653.53205564424,3.14090365430494,339.426782116015,0.759041204129439,3,86.843832153,4,2,0.00370317627675831,0.000997008988633752,0.00220766267739236,0.0446517579257488,0.500427305698395,0.284147560596466,7.12149267201312e-05,7.12149267201312e-05,1.4,-2.25,8.93054829600749,0.0184052139379497,2.04696506687762e-05,0.000346797414953613,0.00492244023751467,0,0
543223,2022,8,47.119618,-106.104213,32.08,145493,0.061508933483713,23.7973690032959,2653.53205564424,3.14090365430494,339.426782116015,0.879446216227927,3,86.843832153,4,2,0.00370317627675831,0.000997008988633752,0.00220766267739236,0.0446517579257488,0.500427305698395,0.284147560596466,7.12149267201312e-05,7.12149267201312e-05,1,-2.38,8.93054829600749,0.0184052139379497,2.04696506687762e-05,0.000346797414953613,0.00492244023751467,0,0
544009,2022,2,46.2438319,-105.2725355,77.8,145500,0.0377627808851995,-4.37896108627319,2558.94921206742,4.55071894345345,96.9389465820164,0.102518368423778,11,96.981627444,3,2,0.00398803595453501,0.00106822384987026,0.00341831636615098,0.0483549349009991,0.226463466882706,0.42201966047287,0.00526990462094545,0.00363196129910648,1.1,-1.91,61.3687483651526,0.0201999181158417,3.86826671134486e-05,0.00508070285606737,0.00936118752869467,0,0
544447,2022,1,48.82924814,-108.5641232,45.2867741935484,145504,0.021471847419135,-6.97047090530396,3106.9553853,0.104307301139417,49.6233729196243,0.00192131876768208,3,214.23884547,4,2,0.00320467166602612,0.00078336417209357,0.00263495231047273,0.00434411037713289,0.0180885922163725,0.922945439815521,0,0,0.5,-2.4,10.270114192153,0.0500944568950412,8.31476896344162e-05,0.0116315133340422,0.00457984714717915,0,0
544448,2022,2,48.82924814,-108.5641232,45.2071428571429,145504,0.027607954748071,-6.77921056747437,3106.9553853,0.104307301139417,49.6233729196243,0.0465527764224486,3,214.23884547,4,2,0.00320467166602612,0.00078336417209357,0.00263495231047273,0.00434411037713289,0.0180885922163725,0.922945439815521,0,0,1.1,-1.91,10.270114192153,0.0500944568950412,8.31476896344162e-05,0.0116315133340422,0.00457984714717915,0,0
544449,2022,3,48.82924814,-108.5641232,45.1096774193548,145504,0.0299178803515689,-0.441197842359543,3106.9553853,0.104307301139417,49.6233729196243,0.227111331153513,3,214.23884547,4,2,0.00320467166602612,0.00078336417209357,0.00263495231047273,0.00434411037713289,0.0180885922163725,0.922945439815521,0,0,1.8,-1.67,10.270114192153,0.0500944568950412,8.31476896344162e-05,0.0116315133340422,0.00457984714717915,0,0
544450,2022,4,48.82924814,-108.5641232,45.0053333333333,145504,0.0391587122814028,2.26131629943848,3106.9553853,0.104307301139417,49.6233729196243,0.511113665699332,3,214.23884547,4,2,0.00320467166602612,0.00078336417209357,0.00263495231047273,0.00434411037713289,0.0180885922163725,0.922945439815521,0,0,1.7,-2.1,10.270114192153,0.0500944568950412,8.31476896344162e-05,0.0116315133340422,0.00457984714717915,0,0
544451,2022,5,48.82924814,-108.5641232,44.9103225806452,145504,0.0772696656427912,10.8859395980835,3106.9553853,0.104307301139417,49.6233729196243,0.769472699070886,3,214.23884547,4,2,0.00320467166602612,0.00078336417209357,0.00263495231047273,0.00434411037713289,0.0180885922163725,0.922945439815521,0,0,1.4,-2.25,10.270114192153,0.0500944568950412,8.31476896344162e-05,0.0116315133340422,0.00457984714717915,0,0
545160,2022,4,48.32927139,-111.1441447,32.97,145512,0.0320952489795081,2.78857803344727,3016.87758379329,1.54887627475014,214.299137774066,0.474482109010075,3,126.738845337,3,2,0.0121065378189087,0.00235009263269603,0.00548354955390096,0.046004842966795,0.169135451316833,0.10667996108532,0.000213644772884436,0.460974216461182,1.7,-2.1,15.1893441989322,0.0101708803841933,3.77742261716503e-05,0.00386291165534298,0.00352493994794786,0,0
545161,2022,7,48.32927139,-111.1441447,23.48,145512,0.144194117587538,21.9308834075928,3016.87758379329,1.54887627475014,214.299137774066,0.951155015684088,3,126.738845337,3,2,0.0121065378189087,0.00235009263269603,0.00548354955390096,0.046004842966795,0.169135451316833,0.10667996108532,0.000213644772884436,0.460974216461182,0.8,-2.62,15.1893441989322,0.0101708803841933,3.77742261716503e-05,0.00386291165534298,0.00352493994794786,0,1.03265452532112e-06
547665,2022,1,46.1387542,-107.5540911,7.44548387096774,145535,0.0149184528212141,-3.45252442359924,2726.04701444515,0.645302475543991,37.9349367167993,0.0119838940059162,4,120.833333517,4,2,0.0472424253821373,0.00211849436163902,0.0395452305674553,0.0858696401119232,0.151401743292809,0.318127244710922,0.037073653191328,0.0312831029295921,0.5,-2.4,0.770170281875633,0.0129603206367601,0.000211254839585167,0.0252919290209779,0.00520751875894144,1,0
547666,2022,2,46.1387542,-107.5540911,7.66035714285714,145535,0.0686518227126377,-4.02536916732788,2726.04701444515,0.645302475543991,37.9349367167993,0.0985941112445005,4,120.833333517,4,2,0.0472424253821373,0.00211849436163902,0.0395452305674553,0.0858696401119232,0.151401743292809,0.318127244710922,0.037073653191328,0.0312831029295921,1.1,-1.91,0.770170281875633,0.0129603206367601,0.000211254839585167,0.0252919290209779,0.00520751875894144,1,0
547667,2022,3,46.1387542,-107.5540911,7.57193548387097,145535,0.0195617751171055,2.82042479515076,2726.04701444515,0.645302475543991,37.9349367167993,0.391351870633546,4,120.833333517,4,2,0.0472424253821373,0.00211849436163902,0.0395452305674553,0.0858696401119232,0.151401743292809,0.318127244710922,0.037073653191328,0.0312831029295921,1.8,-1.67,0.770170281875633,0.0129603206367601,0.000211254839585167,0.0252919290209779,0.00520751875894144,1,0
547668,2022,4,46.1387542,-107.5540911,7.62533333333333,145535,0.228671677503964,3.90818357467651,2726.04701444515,0.645302475543991,37.9349367167993,0.605068708323253,4,120.833333517,4,2,0.0472424253821373,0.00211849436163902,0.0395452305674553,0.0858696401119232,0.151401743292809,0.318127244710922,0.037073653191328,0.0312831029295921,1.7,-2.1,0.770170281875633,0.0129603206367601,0.000211254839585167,0.0252919290209779,0.00520751875894144,1,1.2855491840183e-08
547969,2022,6,47.3183,-104.10047,61.9036666666667,145537,0.217541397104995,17.7780590057373,2261.90762471848,3.99282842438528,151.904922646178,0.768084139251759,3,97.178477838,4,2,0,0,0.00204787799157202,0.121742814779282,0.53943932056427,0,0,0,1.7,-1.34,19.3004486422407,0.0109920928246476,0.000256924700948158,0.000265004094059735,0.00676924511957293,0,0
548133,2022,2,45.42749433,-105.9176576,33.5,145540,0.0505461812474765,-3.90401172637939,3730.3967435304,0.646236079313008,138.651272766131,0.118391420138836,3,105.413385987,3,2,0,0,0.341571927070618,0.343761026859283,0.0429348200559616,0.000706164806615561,0.000776781293097883,0,1.1,-1.91,18.7100654170562,0.00257229671613758,0.000150447315123906,0.0034136277762027,0.009333077759929,0,0
548134,2022,5,45.42749433,-105.9176576,32.68,145540,0.216860658870129,11.2350559234619,3730.3967435304,0.646236079313008,138.651272766131,0.67375849027744,3,105.413385987,3,2,0,0,0.341571927070618,0.343761026859283,0.0429348200559616,0.000706164806615561,0.000776781293097883,0,1.4,-2.25,18.7100654170562,0.00257229671613758,0.000150447315123906,0.0034136277762027,0.009333077759929,0,0
548135,2022,8,45.42749433,-105.9176576,33,145540,0.132799499192933,23.2384414672852,3730.3967435304,0.646236079313008,138.651272766131,0.780487762596231,3,105.413385987,3,2,0,0,0.341571927070618,0.343761026859283,0.0429348200559616,0.000706164806615561,0.000776781293097883,0,1,-2.38,18.7100654170562,0.00257229671613758,0.000150447315123906,0.0034136277762027,0.009333077759929,0,0
548136,2022,11,45.42749433,-105.9176576,33.19,145540,0.0555098714696039,-2.99006795883179,3730.3967435304,0.646236079313008,138.651272766131,0.122950020924419,3,105.413385987,3,2,0,0,0.341571927070618,0.343761026859283,0.0429348200559616,0.000706164806615561,0.000776781293097883,0,0.3,-2.41,18.7100654170562,0.00257229671613758,0.000150447315123906,0.0034136277762027,0.009333077759929,0,0
549624,2022,3,34.93599444,-80.6975722,30.25,146004,0.40305085130815,12.9247951507568,679.441650103318,4.51447507409805,238.28782569021,0.629651929155377,6,37.434383259,3,2,0.0557612888514996,0.00669420324265957,0.488107115030289,0.0271328873932362,0.0319755002856255,0.133670419454575,0,0.000498504494316876,1.8,-1.67,19.5075520989676,0.00991019480856743,0.00142584575018091,0.00243113447310025,0.0388674737248818,0,0
549625,2022,6,34.93599444,-80.6975722,29.65,146004,0.16506285204408,25.3753890991211,679.441650103318,4.51447507409805,238.28782569021,1.22570668804818,6,37.434383259,3,2,0.0557612888514996,0.00669420324265957,0.488107115030289,0.0271328873932362,0.0319755002856255,0.133670419454575,0,0.000498504494316876,1.7,-1.34,19.5075520989676,0.00991019480856743,0.00142584575018091,0.00243113447310025,0.0388674737248818,0,0
549626,2022,8,34.93599444,-80.6975722,31.49,146004,0.131462177466422,25.7859516143799,679.441650103318,4.51447507409805,238.28782569021,1.00077651769213,6,37.434383259,3,2,0.0557612888514996,0.00669420324265957,0.488107115030289,0.0271328873932362,0.0319755002856255,0.133670419454575,0,0.000498504494316876,1,-2.38,19.5075520989676,0.00991019480856743,0.00142584575018091,0.00243113447310025,0.0388674737248818,0,0
549627,2022,11,34.93599444,-80.6975722,32.49,146004,0.407441157362077,12.6115255355835,679.441650103318,4.51447507409805,238.28782569021,0.377567046531612,6,37.434383259,3,2,0.0557612888514996,0.00669420324265957,0.488107115030289,0.0271328873932362,0.0319755002856255,0.133670419454575,0,0.000498504494316876,0.3,-2.41,19.5075520989676,0.00991019480856743,0.00142584575018091,0.00243113447310025,0.0388674737248818,0,0
549710,2022,11,34.94177778,-77.27625,4.86,146006,0.195815682395948,14.3121204376221,39.3700788,0.283800945593825,166.731692749222,0.370018301297221,1,57.775590639,5,6,0.00811850186437368,0.00106822384987026,0.457342267036438,0.0546218492090702,0.0409485846757889,0.144922375679016,0.0960689336061478,0.000427289545768872,0.3,-2.41,3.73752959386475,0.0139706565422,0.00115096006543878,0.000334051734032364,0.0873755786110957,0,0
550014,2022,1,35.19055556,-79.50388889,78.35,146330,0.442530615170114,5.17865800857544,571.694935154471,1.58626491459966,218.120805773983,0.273217279243749,2,34.645669344,1,1,0.437116026878357,0.00889767706394196,0.248005077242851,0.0127815827727318,0.0243626870214939,0.00557870185002685,0.017583504319191,0.00635548355057836,0.5,-2.4,37.8209337423901,0.0431083876885562,0.00147588696735666,0.00229740968537425,0.0780039147216082,0,0
550015,2022,3,35.19055556,-79.50388889,86.87,146330,0.548429364815245,13.2355070114136,571.694935154471,1.58626491459966,218.120805773983,0.69565925804008,2,34.645669344,1,1,0.437116026878357,0.00889767706394196,0.248005077242851,0.0127815827727318,0.0243626870214939,0.00557870185002685,0.017583504319191,0.00635548355057836,1.8,-1.67,37.8209337423901,0.0431083876885562,0.00147588696735666,0.00229740968537425,0.0780039147216082,0,0
550016,2022,5,35.19055556,-79.50388889,81.64,146330,0.558524245262558,22.0792446136475,571.694935154471,1.58626491459966,218.120805773983,0.971814454922552,2,34.645669344,1,1,0.437116026878357,0.00889767706394196,0.248005077242851,0.0127815827727318,0.0243626870214939,0.00557870185002685,0.017583504319191,0.00635548355057836,1.4,-2.25,37.8209337423901,0.0431083876885562,0.00147588696735666,0.00229740968537425,0.0780039147216082,0,0
550017,2022,6,35.19055556,-79.50388889,88.27,146330,0.149600074274571,25.5417175292969,571.694935154471,1.58626491459966,218.120805773983,1.11475817031294,2,34.645669344,1,1,0.437116026878357,0.00889767706394196,0.248005077242851,0.0127815827727318,0.0243626870214939,0.00557870185002685,0.017583504319191,0.00635548355057836,1.7,-1.34,37.8209337423901,0.0431083876885562,0.00147588696735666,0.00229740968537425,0.0780039147216082,0,0
550018,2022,7,35.19055556,-79.50388889,89.43,146330,0.603871383984137,27.4564800262451,571.694935154471,1.58626491459966,218.120805773983,1.02893599218539,2,34.645669344,1,1,0.437116026878357,0.00889767706394196,0.248005077242851,0.0127815827727318,0.0243626870214939,0.00557870185002685,0.017583504319191,0.00635548355057836,0.8,-2.62,37.8209337423901,0.0431083876885562,0.00147588696735666,0.00229740968537425,0.0780039147216082,0,0
550019,2022,8,35.19055556,-79.50388889,78.23,146330,0.350707422624342,25.9890022277832,571.694935154471,1.58626491459966,218.120805773983,0.947050561617297,2,34.645669344,1,1,0.437116026878357,0.00889767706394196,0.248005077242851,0.0127815827727318,0.0243626870214939,0.00557870185002685,0.017583504319191,0.00635548355057836,1,-2.38,37.8209337423901,0.0431083876885562,0.00147588696735666,0.00229740968537425,0.0780039147216082,0,0
552707,2022,3,35.69034444,-76.5283,1.66,146946,0.485657269672874,13.3217306137085,9.8425197,0.0400331473844827,219.563076692087,0.606286357689825,4,48.88451451,7,7,0.00141232961323112,0.000353082403307781,0.000847397779580206,0.000353082403307781,0.000706164806615561,0.000706164806615561,0.494950920343399,0.455123215913773,1.8,-1.67,1.79899978942432,0.0291631701550236,0.000319302436973556,0.00010503369637288,0.0133709142992646,0,0
552708,2022,6,35.69034444,-76.5283,1.33,146946,0.39971319144223,24.3342323303223,9.8425197,0.0400331473844827,219.563076692087,1.06666575115868,4,48.88451451,7,7,0.00141232961323112,0.000353082403307781,0.000847397779580206,0.000353082403307781,0.000706164806615561,0.000706164806615561,0.494950920343399,0.455123215913773,1.7,-1.34,1.79899978942432,0.0291631701550236,0.000319302436973556,0.00010503369637288,0.0133709142992646,0,0
552709,2022,10,35.69034444,-76.5283,1.68,146946,0.133224222180476,16.1195430755615,9.8425197,0.0400331473844827,219.563076692087,0.502485341112469,4,48.88451451,7,7,0.00141232961323112,0.000353082403307781,0.000847397779580206,0.000353082403307781,0.000706164806615561,0.000706164806615561,0.494950920343399,0.455123215913773,1.7,-1.8,1.79899978942432,0.0291631701550236,0.000319302436973556,0.00010503369637288,0.0133709142992646,0,0
553599,2022,1,35.77105,-81.1473472,38.1,147040,0.414738943575188,3.03934526443481,1014.32241490232,5.91776427805823,49.6712134019074,0.169048297067714,6,50.557742859,1,2,0.0408773683011532,0.00427289539948106,0.267910540103912,0.0255661588162184,0.0289844758808613,0.341333150863647,0,0.00056971941376105,0.5,-2.4,29.2018705596645,0.0265670934878229,0.00160789164022766,0.295520109979391,0.054215319879353,0,0
553600,2022,2,35.77105,-81.1473472,38.525,147040,0.371197553382859,6.51315689086914,1014.32241490232,5.91776427805823,49.6712134019074,0.229448809434318,6,50.557742859,1,2,0.0408773683011532,0.00427289539948106,0.267910540103912,0.0255661588162184,0.0289844758808613,0.341333150863647,0,0.00056971941376105,1.1,-1.91,29.2018705596645,0.0265670934878229,0.00160789164022766,0.295520109979391,0.054215319879353,0,0
554573,2022,9,35.9335833,-76.5901111,9.25,147175,0.600880050571284,23.0112438201904,9.8425197,0.0521695764170894,188.418186305345,0.791067039510713,4,76.213910877,5,6,0.0237857848405838,0.00220766267739236,0.169847592711449,0.0191568154841661,0.0532687641680241,0.353297263383865,0.154180318117142,7.12149267201312e-05,1.6,-2.29,6.74091534750588,0.00871619231810426,0.00138951712437051,0.000629504995571169,0.0651283267531792,0,5.2492723561376e-05
555146,2022,1,36.06444444,-78.6955556,26.34,147476,0.541321061924606,3.32308340072632,382.852174389723,1.38650263267521,245.012948167735,0.287310007486993,4,34.678477743,6,4,0.0207235440611839,0.00370317627675831,0.564520716667175,0.0135308364406228,0.0226463470607996,0.0549779236316681,0.0412334427237511,0.0434411056339741,0.5,-2.4,65.8503981462307,0.00782911046176902,0.00317245990150792,0.0140427510772567,0.0214892220719655,0,0
555147,2022,3,36.06444444,-78.6955556,22.71,147476,0.349966510293409,11.785924911499,382.852174389723,1.38650263267521,245.012948167735,0.669559519826811,4,34.678477743,6,4,0.0207235440611839,0.00370317627675831,0.564520716667175,0.0135308364406228,0.0226463470607996,0.0549779236316681,0.0412334427237511,0.0434411056339741,1.8,-1.67,65.8503981462307,0.00782911046176902,0.00317245990150792,0.0140427510772567,0.0214892220719655,0,0
555148,2022,5,36.06444444,-78.6955556,22.565,147476,0.391007596707882,20.5024642944336,382.852174389723,1.38650263267521,245.012948167735,0.924088587125528,4,34.678477743,6,4,0.0207235440611839,0.00370317627675831,0.564520716667175,0.0135308364406228,0.0226463470607996,0.0549779236316681,0.0412334427237511,0.0434411056339741,1.4,-2.25,65.8503981462307,0.00782911046176902,0.00317245990150792,0.0140427510772567,0.0214892220719655,0,0
555149,2022,7,36.06444444,-78.6955556,26.17,147476,0.57162072175974,26.6591644287109,382.852174389723,1.38650263267521,245.012948167735,1.02137307950576,4,34.678477743,6,4,0.0207235440611839,0.00370317627675831,0.564520716667175,0.0135308364406228,0.0226463470607996,0.0549779236316681,0.0412334427237511,0.0434411056339741,0.8,-2.62,65.8503981462307,0.00782911046176902,0.00317245990150792,0.0140427510772567,0.0214892220719655,0,0
555150,2022,9,36.06444444,-78.6955556,29.11,147476,0.551937034024127,21.484977722168,382.852174389723,1.38650263267521,245.012948167735,0.88321715962251,4,34.678477743,6,4,0.0207235440611839,0.00370317627675831,0.564520716667175,0.0135308364406228,0.0226463470607996,0.0549779236316681,0.0412334427237511,0.0434411056339741,1.6,-2.29,65.8503981462307,0.00782911046176902,0.00317245990150792,0.0140427510772567,0.0214892220719655,0,0
555151,2022,10,36.06444444,-78.6955556,29.28,147476,0.106508813354106,14.2227363586426,382.852174389723,1.38650263267521,245.012948167735,0.59243675382058,4,34.678477743,6,4,0.0207235440611839,0.00370317627675831,0.564520716667175,0.0135308364406228,0.0226463470607996,0.0549779236316681,0.0412334427237511,0.0434411056339741,1.7,-1.8,65.8503981462307,0.00782911046176902,0.00317245990150792,0.0140427510772567,0.0214892220719655,0,0
555449,2022,2,36.27952778,-81.71763889,29.44,147864,0.575074724886273,1.95938920974731,4066.21015518477,12.8347724511769,228.217161156353,0.261129494811159,6,47.506561752,1,2,0.0178109742701054,0.00344728515483439,0.834027588367462,0.00517092784866691,0.00502729089930654,0.0344010330736637,0,0,1.1,-1.91,14.7559621114069,0.00865321736098754,0.000835621518508685,0.00172174763428987,0.122786778078477,0,0
555450,2022,3,36.27952778,-81.71763889,29.42,147864,0.371702124692553,5.96957349777222,4066.21015518477,12.8347724511769,228.217161156353,0.462823653236275,6,47.506561752,1,2,0.0178109742701054,0.00344728515483439,0.834027588367462,0.00517092784866691,0.00502729089930654,0.0344010330736637,0,0,1.8,-1.67,14.7559621114069,0.00865321736098754,0.000835621518508685,0.00172174763428987,0.122786778078477,0,0
555451,2022,4,36.27952778,-81.71763889,29.51,147864,0.212622790522126,8.88696193695068,4066.21015518477,12.8347724511769,228.217161156353,0.586145707267946,6,47.506561752,1,2,0.0178109742701054,0.00344728515483439,0.834027588367462,0.00517092784866691,0.00502729089930654,0.0344010330736637,0,0,1.7,-2.1,14.7559621114069,0.00865321736098754,0.000835621518508685,0.00172174763428987,0.122786778078477,0,0
555452,2022,6,36.27952778,-81.71763889,29.6,147864,0.121616378728741,18.2365398406982,4066.21015518477,12.8347724511769,228.217161156353,0.70058792701339,6,47.506561752,1,2,0.0178109742701054,0.00344728515483439,0.834027588367462,0.00517092784866691,0.00502729089930654,0.0344010330736637,0,0,1.7,-1.34,14.7559621114069,0.00865321736098754,0.000835621518508685,0.00172174763428987,0.122786778078477,0,0
555453,2022,8,36.27952778,-81.71763889,29.94,147864,0.512297373271285,19.0077495574951,4066.21015518477,12.8347724511769,228.217161156353,0.565177087316249,6,47.506561752,1,2,0.0178109742701054,0.00344728515483439,0.834027588367462,0.00517092784866691,0.00502729089930654,0.0344010330736637,0,0,1,-2.38,14.7559621114069,0.00865321736098754,0.000835621518508685,0.00172174763428987,0.122786778078477,0,0
555454,2022,10,36.27952778,-81.71763889,30.06,147864,0.122385012695028,8.55432891845703,4066.21015518477,12.8347724511769,228.217161156353,0.453320301174252,6,47.506561752,1,2,0.0178109742701054,0.00344728515483439,0.834027588367462,0.00517092784866691,0.00502729089930654,0.0344010330736637,0,0,1.7,-1.8,14.7559621114069,0.00865321736098754,0.000835621518508685,0.00172174763428987,0.122786778078477,0,0
556469,2022,1,35.28194,-77.8708,12.4012903225806,147927,0.401769323283856,4.46946239471436,62.1848548902488,0.957766611536831,171.703008164839,0.151367450553709,3,60.958005342,1,2,0.128400519490242,0.00484261522069573,0.0967098698019981,0.0225039161741734,0.0229312069714069,0.192351520061493,0.276527553796768,0.0231448505073786,0.5,-2.4,7.09616685303905,0.0323929376366716,0.00275986053143166,0.00365746003137392,0.0391648940022786,0,0
558529,2022,1,36.165368,-76.650354,5.6990625,147944,0.463997398541075,4.12434482574463,36.0892389,0.397109091231859,210.617445669803,0.16173160006859,3,57.841207437,1,4,0.0212555602192879,0.00289527582935989,0.0775368958711624,0.0167361069470644,0.0193489156663418,0.416496008634567,0.201327592134476,0.00579055165871978,0.5,-2.4,26.1858786582982,0.0222609072987972,0.00123878331788871,0.00256902043776921,0.0733165020543337,0,0
558530,2022,2,36.165368,-76.650354,4.98071428571429,147944,0.144423988141292,8.16936874389648,36.0892389,0.397109091231859,210.617445669803,0.241238852239325,3,57.841207437,1,4,0.0212555602192879,0.00289527582935989,0.0775368958711624,0.0167361069470644,0.0193489156663418,0.416496008634567,0.201327592134476,0.00579055165871978,1.1,-1.91,26.1858786582982,0.0222609072987972,0.00123878331788871,0.00256902043776921,0.0733165020543337,0,0
558531,2022,3,36.165368,-76.650354,4.89903225806452,147944,0.308018557198203,12.8414936065674,36.0892389,0.397109091231859,210.617445669803,0.423298683709795,3,57.841207437,1,4,0.0212555602192879,0.00289527582935989,0.0775368958711624,0.0167361069470644,0.0193489156663418,0.416496008634567,0.201327592134476,0.00579055165871978,1.8,-1.67,26.1858786582982,0.0222609072987972,0.00123878331788871,0.00256902043776921,0.0733165020543337,0,0
558532,2022,4,36.165368,-76.650354,5.203,147944,0.210301331967396,15.7284574508667,36.0892389,0.397109091231859,210.617445669803,0.616314405842422,3,57.841207437,1,4,0.0212555602192879,0.00289527582935989,0.0775368958711624,0.0167361069470644,0.0193489156663418,0.416496008634567,0.201327592134476,0.00579055165871978,1.7,-2.1,26.1858786582982,0.0222609072987972,0.00123878331788871,0.00256902043776921,0.0733165020543337,0,0
558533,2022,5,36.165368,-76.650354,4.9865625,147944,0.378225332119153,21.0937347412109,36.0892389,0.397109091231859,210.617445669803,0.600948084345456,3,57.841207437,1,4,0.0212555602192879,0.00289527582935989,0.0775368958711624,0.0167361069470644,0.0193489156663418,0.416496008634567,0.201327592134476,0.00579055165871978,1.4,-2.25,26.1858786582982,0.0222609072987972,0.00123878331788871,0.00256902043776921,0.0733165020543337,0,0
558534,2022,6,36.165368,-76.650354,5.36266666666667,147944,0.200993946210741,23.9482574462891,36.0892389,0.397109091231859,210.617445669803,0.824157736121127,3,57.841207437,1,4,0.0212555602192879,0.00289527582935989,0.0775368958711624,0.0167361069470644,0.0193489156663418,0.416496008634567,0.201327592134476,0.00579055165871978,1.7,-1.34,26.1858786582982,0.0222609072987972,0.00123878331788871,0.00256902043776921,0.0733165020543337,0,0
581390,2022,10,46.4145444,-100.6354972,18.49,148740,0.0359366635245541,8.97586822509766,1622.21968334427,2.31088400647515,333.662000324388,0.359586706232485,2,114.599737707,1,1,0.00713226478546858,0.0162417907267809,0.00988630764186382,0.00437822192907333,0.578278362751007,0.0617188066244125,0.136854737997055,0.0133465146645904,1.7,-1.8,0.234397245912635,0.00656339295800785,5.99284100617374e-05,3.69771040806465e-05,0.0125061755574246,0,0
583593,2022,7,47.4769444,-102.0111111,43.94,149451,0.234178358218689,22.0878982543945,1879.47498215492,0.747801228448015,165.874904007625,0.846764773557065,3,122.244094674,4,6,0.00356074632145464,0.000997008988633752,0.0135308364406228,0.337345093488693,0.171699181199074,0.177111521363258,0.00178037316072732,0,0.8,-2.62,15.9825944142215,0.0257937519343509,0.000281864389834971,0.0590260235080097,0.0119783120088279,0,0
588853,2022,1,46.7625722222222,-100.373997222222,7.53709677419355,150619,0.046328059089172,-11.7040071487427,1719.1601076,0.211431423405324,302.634531896374,0.0116924147771105,3,183.956693193,3,4,0.00669420324265957,0.000925794069189578,0.00583962397649884,0.00391682097688317,0.349380433559418,0.424654603004456,0.0587523132562637,0.00356074632145464,0.5,-2.4,5.5102566023101,0.04022705380688,0.000432816229068919,0.00121309249860552,0.00602407652805249,0,0
588854,2022,2,46.7625722222222,-100.373997222222,7.48321428571429,150619,0.0136199335620678,-10.9688930511475,1719.1601076,0.211431423405324,302.634531896374,0.0150894180286915,3,183.956693193,3,4,0.00669420324265957,0.000925794069189578,0.00583962397649884,0.00391682097688317,0.349380433559418,0.424654603004456,0.0587523132562637,0.00356074632145464,1.1,-1.91,5.5102566023101,0.04022705380688,0.000432816229068919,0.00121309249860552,0.00602407652805249,0,0
588855,2022,3,46.7625722222222,-100.373997222222,7.40258064516129,150619,0.0113344826269848,-1.44260799884796,1719.1601076,0.211431423405324,302.634531896374,0.207985480316792,3,183.956693193,3,4,0.00669420324265957,0.000925794069189578,0.00583962397649884,0.00391682097688317,0.349380433559418,0.424654603004456,0.0587523132562637,0.00356074632145464,1.8,-1.67,5.5102566023101,0.04022705380688,0.000432816229068919,0.00121309249860552,0.00602407652805249,0,0
588856,2022,4,46.7625722222222,-100.373997222222,7.15366666666667,150619,0.293958569270123,1.71133172512054,1719.1601076,0.211431423405324,302.634531896374,0.34265918733712,3,183.956693193,3,4,0.00669420324265957,0.000925794069189578,0.00583962397649884,0.00391682097688317,0.349380433559418,0.424654603004456,0.0587523132562637,0.00356074632145464,1.7,-2.1,5.5102566023101,0.04022705380688,0.000432816229068919,0.00121309249860552,0.00602407652805249,0,0
588857,2022,5,46.7625722222222,-100.373997222222,6.8541935483871,150619,0.218094378024419,12.2716979980469,1719.1601076,0.211431423405324,302.634531896374,0.642396822726874,3,183.956693193,3,4,0.00669420324265957,0.000925794069189578,0.00583962397649884,0.00391682097688317,0.349380433559418,0.424654603004456,0.0587523132562637,0.00356074632145464,1.4,-2.25,5.5102566023101,0.04022705380688,0.000432816229068919,0.00121309249860552,0.00602407652805249,0,0
589239,2022,1,46.9614583333333,-102.685586111111,19.1974193548387,150621,0.0168200271591777,-8.92188549041748,2415.11854292396,2.11564766588953,90.9938083496099,0.0177332954726346,3,133.169291541,4,2,0.00541233457624912,0.00149551348295063,0.00398803595453501,0.0452214777469635,0.175687223672867,0.631035447120667,0.000712149252649397,0.000284859706880525,0.5,-2.4,18.9985706713241,0.00862966656423258,0.000362766503297363,6.86895154172522e-05,0.00594519928857684,0,0
589240,2022,2,46.9614583333333,-102.685586111111,19.2782142857143,150621,0.0167913621747189,-8.68515872955322,2415.11854292396,2.11564766588953,90.9938083496099,0.101233943081839,3,133.169291541,4,2,0.00541233457624912,0.00149551348295063,0.00398803595453501,0.0452214777469635,0.175687223672867,0.631035447120667,0.000712149252649397,0.000284859706880525,1.1,-1.91,18.9985706713241,0.00862966656423258,0.000362766503297363,6.86895154172522e-05,0.00594519928857684,0,0
589241,2022,3,46.9614583333333,-102.685586111111,19.328064516129,150621,0.0178886320606314,-0.996622145175934,2415.11854292396,2.11564766588953,90.9938083496099,0.280369361042049,3,133.169291541,4,2,0.00541233457624912,0.00149551348295063,0.00398803595453501,0.0452214777469635,0.175687223672867,0.631035447120667,0.000712149252649397,0.000284859706880525,1.8,-1.67,18.9985706713241,0.00862966656423258,0.000362766503297363,6.86895154172522e-05,0.00594519928857684,0,0
589242,2022,4,46.9614583333333,-102.685586111111,19.133,150621,0.439367069701964,1.00043344497681,2415.11854292396,2.11564766588953,90.9938083496099,0.302489023343001,3,133.169291541,4,2,0.00541233457624912,0.00149551348295063,0.00398803595453501,0.0452214777469635,0.175687223672867,0.631035447120667,0.000712149252649397,0.000284859706880525,1.7,-2.1,18.9985706713241,0.00862966656423258,0.000362766503297363,6.86895154172522e-05,0.00594519928857684,0,0
589243,2022,5,46.9614583333333,-102.685586111111,17.0216129032258,150621,0.224949869612949,11.0394983291626,2415.11854292396,2.11564766588953,90.9938083496099,0.675183695219962,3,133.169291541,4,2,0.00541233457624912,0.00149551348295063,0.00398803595453501,0.0452214777469635,0.175687223672867,0.631035447120667,0.000712149252649397,0.000284859706880525,1.4,-2.25,18.9985706713241,0.00862966656423258,0.000362766503297363,6.86895154172522e-05,0.00594519928857684,0,0
590154,2022,1,48.3703916666667,-99.7996805555556,9.6258064516129,150625,0.0607610938727943,-15.9061059951782,1602.76777667514,1.26689655890335,106.865014009315,0.010624362118167,3,140.223097326,1,2,0.00621425034478307,0.00127109664026648,0.0139820631593466,0.00444883853197098,0.313113480806351,0.317350476980209,0.0746416226029396,0.0457594804465771,0.5,-2.4,7.76693108755517,0.00924209154278814,9.9940420917111e-05,1.29922547192244e-05,0.0237848467372855,0,0
590155,2022,2,48.3703916666667,-99.7996805555556,9.71428571428571,150625,0.0377103694728032,-16.3075180053711,1602.76777667514,1.26689655890335,106.865014009315,0.016372964163008,3,140.223097326,1,2,0.00621425034478307,0.00127109664026648,0.0139820631593466,0.00444883853197098,0.313113480806351,0.317350476980209,0.0746416226029396,0.0457594804465771,1.1,-1.91,7.76693108755517,0.00924209154278814,9.9940420917111e-05,1.29922547192244e-05,0.0237848467372855,0,0
590156,2022,3,48.3703916666667,-99.7996805555556,9.39935483870968,150625,0,-5.20417499542236,1602.76777667514,1.26689655890335,106.865014009315,0.103552354133992,3,140.223097326,1,2,0.00621425034478307,0.00127109664026648,0.0139820631593466,0.00444883853197098,0.313113480806351,0.317350476980209,0.0746416226029396,0.0457594804465771,1.8,-1.67,7.76693108755517,0.00924209154278814,9.9940420917111e-05,1.29922547192244e-05,0.0237848467372855,0,0
590157,2022,4,48.3703916666667,-99.7996805555556,8.76966666666667,150625,0.263822185486837,-0.147408977150917,1602.76777667514,1.26689655890335,106.865014009315,0.278614249865687,3,140.223097326,1,2,0.00621425034478307,0.00127109664026648,0.0139820631593466,0.00444883853197098,0.313113480806351,0.317350476980209,0.0746416226029396,0.0457594804465771,1.7,-2.1,7.76693108755517,0.00924209154278814,9.9940420917111e-05,1.29922547192244e-05,0.0237848467372855,0,0
590158,2022,5,48.3703916666667,-99.7996805555556,7.99225806451613,150625,0.319441197598027,11.5582437515259,1602.76777667514,1.26689655890335,106.865014009315,0.570073166159326,3,140.223097326,1,2,0.00621425034478307,0.00127109664026648,0.0139820631593466,0.00444883853197098,0.313113480806351,0.317350476980209,0.0746416226029396,0.0457594804465771,1.4,-2.25,7.76693108755517,0.00924209154278814,9.9940420917111e-05,1.29922547192244e-05,0.0237848467372855,0,0
590159,2022,6,48.3703916666667,-99.7996805555556,8.10933333333333,150625,0.170607053960969,18.1074295043945,1602.76777667514,1.26689655890335,106.865014009315,0.775125059169598,3,140.223097326,1,2,0.00621425034478307,0.00127109664026648,0.0139820631593466,0.00444883853197098,0.313113480806351,0.317350476980209,0.0746416226029396,0.0457594804465771,1.7,-1.34,7.76693108755517,0.00924209154278814,9.9940420917111e-05,1.29922547192244e-05,0.0237848467372855,0,0
590663,2022,1,48.5248388888889,-103.625922222222,26.648064516129,150627,0.0245766189528242,-11.2444839477539,1999.54886321028,1.15550139286612,222.63113995665,0.0084402281283715,3,163.451443818,4,2,0.006708565633744,0.00120048015378416,0.00515500316396356,0.00430760532617569,0.27130851149559,0.47701433300972,0.0463950298726559,0.000706164806615561,0.5,-2.4,14.56847030371,0.0052919698037787,0.000985902524528843,0.0014587606646901,0.00515937547096362,0,0
590664,2022,2,48.5248388888889,-103.625922222222,26.6039285714286,150627,0.00838857624497995,-10.5206346511841,1999.54886321028,1.15550139286612,222.63113995665,0.0129139079392851,3,163.451443818,4,2,0.006708565633744,0.00120048015378416,0.00515500316396356,0.00430760532617569,0.27130851149559,0.47701433300972,0.0463950298726559,0.000706164806615561,1.1,-1.91,14.56847030371,0.0052919698037787,0.000985902524528843,0.0014587606646901,0.00515937547096362,0,0
590665,2022,3,48.5248388888889,-103.625922222222,26.5370967741936,150627,0,-1.74632215499878,1999.54886321028,1.15550139286612,222.63113995665,0.174709493046589,3,163.451443818,4,2,0.006708565633744,0.00120048015378416,0.00515500316396356,0.00430760532617569,0.27130851149559,0.47701433300972,0.0463950298726559,0.000706164806615561,1.8,-1.67,14.56847030371,0.0052919698037787,0.000985902524528843,0.0014587606646901,0.00515937547096362,0,0
590666,2022,4,48.5248388888889,-103.625922222222,26.367,150627,0.185136895448641,1.02559900283813,1999.54886321028,1.15550139286612,222.63113995665,0.325857223044862,3,163.451443818,4,2,0.006708565633744,0.00120048015378416,0.00515500316396356,0.00430760532617569,0.27130851149559,0.47701433300972,0.0463950298726559,0.000706164806615561,1.7,-2.1,14.56847030371,0.0052919698037787,0.000985902524528843,0.0014587606646901,0.00515937547096362,0,0
590667,2022,5,48.5248388888889,-103.625922222222,25.6658064516129,150627,0.469597344098538,11.9306221008301,1999.54886321028,1.15550139286612,222.63113995665,0.677093246568008,3,163.451443818,4,2,0.006708565633744,0.00120048015378416,0.00515500316396356,0.00430760532617569,0.27130851149559,0.47701433300972,0.0463950298726559,0.000706164806615561,1.4,-2.25,14.56847030371,0.0052919698037787,0.000985902524528843,0.0014587606646901,0.00515937547096362,0,0.000106617182509516
590668,2022,6,48.5248388888889,-103.625922222222,25.4693333333333,150627,0.21671810833889,17.6332950592041,1999.54886321028,1.15550139286612,222.63113995665,0.771055498068663,3,163.451443818,4,2,0.006708565633744,0.00120048015378416,0.00515500316396356,0.00430760532617569,0.27130851149559,0.47701433300972,0.0463950298726559,0.000706164806615561,1.7,-1.34,14.56847030371,0.0052919698037787,0.000985902524528843,0.0014587606646901,0.00515937547096362,0,0.000509355503129778
590686,2022,4,40.00223506,-97.915043,10.42,150628,0.0429370460261787,10.6732597351074,1525.77521933399,1.87299821161945,246.218496500553,0.759106834944699,1,95.898950277,3,2,0.0282465927302837,0.00204787799157202,0.0473130419850349,0.00621425034478307,0.0716051161289215,0.63463032245636,0.0269754957407713,0.00388390640728176,1.7,-2.1,7.82421255925512,0.0153310996857705,0.01236633754681,0.00268811701017527,0.00900222194178651,0,8.09550713314882e-06
590687,2022,10,40.00223506,-97.915043,16.07,150628,0.0527107559965256,12.43492603302,1525.77521933399,1.87299821161945,246.218496500553,0.460396364366167,1,95.898950277,3,2,0.0282465927302837,0.00204787799157202,0.0473130419850349,0.00621425034478307,0.0716051161289215,0.63463032245636,0.0269754957407713,0.00388390640728176,1.7,-1.8,7.82421255925512,0.0153310996857705,0.01236633754681,0.00268811701017527,0.00900222194178651,0,0.00047076571188869
590809,2022,4,40.01056598,-99.4131556,16.2,150644,0.142649302862132,10.3395862579346,1987.21956099584,1.68420178979098,116.701812013309,0.817480764355037,3,50.85301845,3,2,0.0120048020035028,0.00127109664026648,0.0102393897250295,0.00550808571279049,0.181908056139946,0.641974449157715,0.0112280203029513,0,1.7,-2.1,17.9667391762279,0.00924117484370538,0.0133439133895898,0.00107753666807956,0.00925457431244353,0,5.04627633113336e-08
590889,2022,3,40.0249993,-101.1607158,88.2,150661,0.0688149235487309,3.20673537254333,3045.89935760882,1.85326182114483,100.002337541366,0.451082395503328,3,182.152231248,4,2,0.00348953134380281,0.000498504494316876,0.00192280299961567,0.00149551348295063,0.287565886974335,0.640364646911621,0,0,1.8,-1.67,152.911501839044,0.0523405777764081,0.00514165963890303,0.000546601667219832,0.0074816137185817,0,0
590911,2022,4,40.0249939,-101.629336,9.29,150662,0,9.4088773727417,3046.3581823663,1.3160390340078,41.0754167400197,0.828267596845468,3,88.385826906,1,3,0.00550808571279049,0.00120048015378416,0.00317774177528918,0.00247157691046596,0.672763228416443,0.197161212563515,0.0138408308848739,0.000353082403307781,1.7,-2.1,4.14703970823587,0.0384406219048864,0.015852985982624,0.000349927952316494,0.00648626981465767,0,0.000121904832346838
591331,2022,1,40.0286722,-101.8712611,18.22,150672,0.0240394590773244,-1.50285649299622,3207.23316336931,0.774542400655915,38.6096756934604,0.0772981569759224,3,62.893700883,1,1,0.00211849436163902,0.000706164806615561,0.00197726138867438,0.0013417131267488,0.763434767723083,0.123437613248825,0.0197726152837276,7.06164792063646e-05,0.5,-2.4,15.371604564833,0.114649239991852,0.015852985982624,0.000349927952316494,0.00796240239281828,0,0
591332,2022,6,40.0286722,-101.8712611,19.79,150672,0.104638041007028,23.3317947387695,3207.23316336931,0.774542400655915,38.6096756934604,1.10617600256183,3,62.893700883,1,1,0.00211849436163902,0.000706164806615561,0.00197726138867438,0.0013417131267488,0.763434767723083,0.123437613248825,0.0197726152837276,7.06164792063646e-05,1.7,-1.34,15.371604564833,0.114649239991852,0.015852985982624,0.000349927952316494,0.00796240239281828,0,0.000242311620123503
591333,2022,10,40.0286722,-101.8712611,20.16,150672,0.00317024903516479,12.1083498001099,3207.23316336931,0.774542400655915,38.6096756934604,0.461226987163115,3,62.893700883,1,1,0.00211849436163902,0.000706164806615561,0.00197726138867438,0.0013417131267488,0.763434767723083,0.123437613248825,0.0197726152837276,7.06164792063646e-05,1.7,-1.8,15.371604564833,0.114649239991852,0.015852985982624,0.000349927952316494,0.00796240239281828,0,8.45929915133396e-05
591514,2022,5,40.04459706,-98.2553255,9.2,150684,0.474954740990909,16.9585418701172,1607.611551,0.275613553453452,57.6323121139055,0.658119082512552,1,73.228346568,4,2,0.00423698872327805,0.00162417907267809,0.0334015972912312,0.00466068787500262,0.246804609894753,0.525739729404449,0.0427935868501663,0.00162417907267809,1.4,-2.25,2.0019974091315,0.0358789031362289,0.01236633754681,0.00268811701017527,0.0107198317844048,1,2.66248926880184e-05
594049,2022,2,40.14832705,-101.59628,145.26,150844,0.00324198443769144,-1.90394270420074,3289.67625077444,0.936259518802667,77.9668038040086,0.239696152618378,3,247.112861268,1,2,0.0040251393802464,0.00141232961323112,0.00197726138867438,0.00162417907267809,0.223148077726364,0.701151072978973,0,0,1.1,-1.91,178.699881657567,0.088524124877995,0.015852985982624,0.000349927952316494,0.00866141633085907,1,0
594485,2022,3,40.1547241,-96.881139,71.83,150859,0.24096396375222,4.44410228729248,1384.71908159759,1.82329479189774,189.427202010849,0.398722196168786,2,176.082677433,2,4,0.00591083895415068,0.00170915818307549,0.00648055830970407,0.00320467166602612,0.0320467166602612,0.862199127674103,0.00121065380517393,0.00747756706550717,1.8,-1.67,34.7526743558538,0.0127569561812016,0.00730342839235251,0.00173803529538577,0.0102608722568428,0,0
595374,2022,6,40.17806508,-99.552885,22.9,150916,0.134325953810408,23.4781150817871,2020.65731263353,0.600606614351526,52.9916471546881,1.10424212125481,3,71.751968613,3,2,0.00548354955390096,0.00149551348295063,0.00434411037713289,0.00291981198824942,0.378720968961716,0.443597763776779,0.0395954996347427,0.000640934333205223,1.7,-1.34,23.3685204092676,0.015099533525904,0.0133439133895898,0.00107753666807956,0.00832804378245026,0,0.00273012752075195
597399,2022,3,40.23723398,-99.2200928,161.4,151057,0.0788749673495378,3.8240532875061,2211.73923738641,1.29036625920488,106.609183595353,0.461968900726927,3,240.288714276,4,2,0.00222637178376317,0.000933639763388783,0.00337546691298485,0.00201091635972261,0.677894294261932,0.245044529438019,0.000646365981083363,0.000933639763388783,1.8,-1.67,101.135997475389,0.0147836881030814,0.0133439133895898,0.00107753666807956,0.0126181817671036,1,0
599586,2022,10,40.27723156,-98.0386528,72.05,151180,0.0402349844365176,12.077579498291,1727.08130415694,2.63986459417843,78.2626789998225,0.475367349060608,1,156.791338821,4,2,0.00548354955390096,0.00206523295491934,0.0329725109040737,0.00519868964329362,0.350733518600464,0.445947885513306,0.00121065380517393,0.00277738203294575,1.7,-1.8,89.2348991709131,0.0020783760155968,0.01236633754681,0.00268811701017527,0.00899053253941238,0,0.000247838257661773
617403,2022,11,40.58472387,-96.7094653,89.51,152188,0.0441643166149541,2.96762943267822,1383.97185971531,3.69694466664606,183.02241668679,0.236494059684361,1,175.623359847,4,2,0.0152973281219602,0.0014363689115271,0.00840275827795267,0.00524274632334709,0.140764147043228,0.693335235118866,0,0.00165182421915233,0.3,-2.41,74.8312568300137,0.0108708977228558,0.00158915723999289,0.000164864440940439,0.0159929041863109,0,0
623958,2022,9,40.66066389,-99.8510694,4.28,152486,0.183428329085771,19.8642406463623,2518.48843644545,2.22650526335421,234.590869811557,0.68355109851839,3,371.522310276,3,2,0.0472424253821373,0.00162417907267809,0.00444883853197098,0.00367205706425011,0.208389237523079,0.432455331087112,0.0212555602192879,0.144269466400146,1.6,-2.29,2.98633409281967,0.0247947088658704,0.0198406404612048,0.00328604778556776,0.00784512744753932,0,0.00256826742578056
651616,2022,6,41.0472207,-96.3166809,8.46,154109,0.236914051846548,23.6670684814453,1053.1496079,0.365225597182112,226.27693762059,0.839271546685849,1,117.027559233,4,6,0.042652353644371,0.0121460352092981,0.118918158113956,0.0122872674837708,0.108890615403652,0.268766343593597,0.049219686537981,0.0993573889136314,1.7,-1.34,0.0548485748012876,0.0155963208709833,0.0202772941635694,0.000244094684686132,0,0,0.000249592690739988
652324,2022,12,41.04833185,-96.3152921,14.37,154116,0.0970298413127026,-4.31244897842407,1051.72810395916,1.41119725059349,65.8944003142077,0.10597379204946,1,111.22047261,4,6,0.042652353644371,0.0121460352092981,0.118918158113956,0.0122872674837708,0.108890615403652,0.268766343593597,0.049219686537981,0.0993573889136314,2.1,-2.21,0.0548485748012876,0.00984135828018196,0.0202772941635694,0.000244094684686132,0,0,0
690838,2022,3,42.00019444,-103.8534306,56.945,156269,0.0635273438765986,3.09585618972778,4097.70477106803,0.720861031276503,220.52609282573,0.284782420113167,3,97.178477838,3,2,0.0163794327527285,0.00256373733282089,0.00534111959859729,0.00462897028774023,0.288562893867493,0.532402813434601,0.0120353223755956,0,1.8,-1.67,49.4989792632514,0.0637106398990055,0.00842606118630956,0.0231325961902142,0.00536864602311204,1,0
690839,2022,10,42.00019444,-103.8534306,56.485,156269,0.00405925074891465,10.3710527420044,4097.70477106803,0.720861031276503,220.52609282573,0.357421615222733,3,97.178477838,3,2,0.0163794327527285,0.00256373733282089,0.00534111959859729,0.00462897028774023,0.288562893867493,0.532402813434601,0.0120353223755956,0,1.7,-1.8,49.4989792632514,0.0637106398990055,0.00842606118630956,0.0231325961902142,0.00536864602311204,1,4.6991914695033e-07
690913,2022,3,42.00124444,-104.0436056,22.57,156272,0.08524928518923,3.27630734443665,4087.44063680414,3.41102666155716,248.662422027312,0.312288339844244,3,45.472441014,1,3,0.0238683708012104,0.00367205706425011,0.00734411412850022,0.00579055165871978,0.210437119007111,0.413671344518661,0.101122803986073,0.00812089536339045,1.8,-1.67,53.8171308439373,0.00342402905189088,0.00842606118630956,0.0231325961902142,0.00478125635470574,0,0
690914,2022,10,42.00124444,-104.0436056,21.17,156272,0.0177054205234949,10.4788837432861,4087.44063680414,3.41102666155716,248.662422027312,0.37385923087009,3,45.472441014,1,3,0.0238683708012104,0.00367205706425011,0.00734411412850022,0.00579055165871978,0.210437119007111,0.413671344518661,0.101122803986073,0.00812089536339045,1.7,-1.8,53.8171308439373,0.00342402905189088,0.00842606118630956,0.0231325961902142,0.00478125635470574,0,0.000446016175956715
691192,2022,4,42.00861156,-100.3384681,65.39,156283,0.256540143660759,7.63534688949585,2837.9265135,0.334653625213182,84.6343371366911,0.679489547280492,3,559.678478541,1,3,0,0,0.000423698889790103,7.06164792063646e-05,0.956782698631287,0.0334015972912312,0,0.000211849444895051,1.7,-2.1,36.9776954111584,0.0187319724114122,0.000433561566620511,5.44472665058316e-05,0.0123799285858745,1,0
691227,2022,3,42.00945195,-98.3239616,50.84,156286,0.0310975454457702,2.54251146316528,2023.07003402605,0.975342161276486,239.86341228759,0.40269643989958,3,447.440945562,1,1,0.00550808571279049,0.00155356258619577,0.00480192061513662,0.0026128098834306,0.456606179475784,0.43132546544075,0.00367205706425011,0,1.8,-1.67,58.736525897699,0.0804472371265449,0.0140956813260849,9.9969371106985e-05,0.0265505387651672,0,0
691228,2022,10,42.00945195,-98.3239616,59.89,156286,0.10869919800948,10.9277095794678,2023.07003402605,0.975342161276486,239.86341228759,0.470931336725725,3,447.440945562,1,1,0.00550808571279049,0.00155356258619577,0.00480192061513662,0.0026128098834306,0.456606179475784,0.43132546544075,0.00367205706425011,0,1.7,-1.8,58.736525897699,0.0804472371265449,0.0140956813260849,9.9969371106985e-05,0.0265505387651672,0,0.00175414597625034
691257,2022,3,42.00971898,-101.1379415,91.73,156287,0.0474496088724157,2.35941457748413,3325.00945860978,0.988886591405332,166.842907858681,0.363793085806423,3,648.654856629,1,3,0.000282465916825458,0.000423698889790103,7.06164792063646e-05,0,0.899300873279572,0.0867170393466949,0,0,1.8,-1.67,18.6366484517303,32805.1181601,0.000823447771702963,5.3833147302615e-05,0.0151070548543334,0,0
692451,2022,11,42.04305809,-99.5078925,7.73,156348,0.0291616428998723,0.384206116199493,2370.27328224121,0.459613407127065,49.6742448039764,0.201007062361464,3,459.481627995,1,4,0.00183602853212506,0.000706164806615561,0.00148294609971344,0.00162417907267809,0.857778429985046,0.00487253721803427,0.0569168850779533,0.000282465916825458,0.3,-2.41,10.7287265660319,0.023462457050033,0.00227213691312655,0.000796003619232804,0.0242237620513141,0,3.94505950980238e-06
692594,2022,4,42.04722867,-98.5531359,4.45,156353,0.187798597966695,7.35503911972046,2060.3674572,0.293495465685212,18.5934515470333,0.69214217724213,3,436.220473104,1,6,0.000640934333205223,0.000142429853440262,0.00078336417209357,0.000427289545768872,0.718914687633514,0.0503489524126053,0.0761287584900856,0.00156672834418714,1.7,-2.1,14.1055956501739,0.0221513834051924,0.0140956813260849,9.9969371106985e-05,0.0295014340298623,0,0
693288,2022,12,42.0780624,-98.3675749,37.39,156393,0.0977723493585371,-6.57377481460571,1981.4973395912,1.2106246632566,73.2307718830701,0.0866216375511177,3,378.904200051,1,1,0.00323182996362448,0.00114909512922168,0.00373455905355513,0.00186727952677757,0.20762711763382,0.618787705898285,0.027793737128377,7.18184455763549e-05,2.1,-2.21,27.5884901551203,0.0137830172404384,0.0140956813260849,9.9969371106985e-05,0.0393623580237726,1,0
695400,2022,2,42.2046083,-98.6712333,7.81,156501,0.00571788883515154,-4.53467893600464,2058.15808768979,0.618709801752771,99.345534845112,0.167317002718476,3,400.721785386,1,3,0.00282465922646224,0.00162417907267809,0.00487253721803427,0.00338959111832082,0.560906708240509,0.270178645849228,0.0176541209220886,0.000282465916825458,1.1,-1.91,2.79313916877471,0.0063734910151339,0.015773080006408,0.000847951069873296,0.034735155403614,0,0
699012,2022,9,42.4369443,-100.5190233,6.9,156691,0.102450309618785,19.5723361968994,2919.947511,0.321748224787147,204.218510162542,0.717749959679988,3,470.47244166,1,6,0.00178037316072732,0.000427289545768872,0.00121065380517393,0.00106822384987026,0.817262470722198,0.00861700624227524,0.0627403482794762,0.0121777523308992,1.6,-2.29,1.49299750170151,0.0143046005242036,0.00150905187206932,0.000144106793620833,0.0131353601610164,0,0
701445,2022,10,42.9119495,-100.2417935,147.35,156838,0.0286672841655507,10.7563800811768,2585.3018412,0.594730430588163,104.51377497067,0.455496330653215,3,360.203412621,3,2,0.00480192061513662,0.0013417131267488,0.0771838128566742,0.00607301760464907,0.455546915531158,0.326954305171967,0.000706164806615561,0,1.7,-1.8,6.45385718763435,0.0284282611618133,0.00150905187206932,0.000144106793620833,0.0831450273474058,1,0.000347099018271641
704586,2022,11,42.7208311,-101.942662,10.26,157025,0.0254643824230987,-1.07354378700256,3444.14882379336,1.2031428499716,13.7859186366623,0.178656703489633,3,411.154856268,3,4,0.00141232961323112,0.000141232958412729,0.000706164806615561,0.000847397779580206,0.85022246837616,0.101758353412151,0.0136995976790786,0,0.3,-2.41,10.6475070241636,0.00324284783551312,0.00150905187206932,0.000144106793620833,0.00761363918837781,0,0
719021,2022,2,42.03272778,-101.3377222,3.82,158085,0.0144391798504211,-3.30333113670349,3441.99620863916,2.95851062955615,128.208263866561,0.171896504240422,3,610.531496991,1,3,0.00106822384987026,0.00056971941376105,0.000925794069189578,0.000640934333205223,0.978635549545288,7.12149267201312e-05,0.00220766267739236,0,1.1,-1.91,21.232066224299,0.0411846688887162,0.000823447771702963,5.3833147302615e-05,0.0183974204675605,0,0
723566,2022,1,42.1523132,-102.875145,106.580967741935,158418,0.0168944422285305,-2.67900109291077,3953.39632736424,0.987983864232613,85.2091364469138,0.100521622207326,3,280.675853445,4,2,0.00473130447790027,0.00141232961323112,0.00395452277734876,0.00275404285639524,0.022032342851162,0.888072848320007,0.000423698889790103,0,0.5,-2.4,4.88859501840838,0.0750854508260722,0.0119871000362305,0.000448415231816236,0.00734804062772542,1,0
723567,2022,2,42.1523132,-102.875145,106.186071428571,158418,0.0122116142556186,-3.72664070129395,3953.39632736424,0.987983864232613,85.2091364469138,0.192064275557929,3,280.675853445,4,2,0.00473130447790027,0.00141232961323112,0.00395452277734876,0.00275404285639524,0.022032342851162,0.888072848320007,0.000423698889790103,0,1.1,-1.91,4.88859501840838,0.0750854508260722,0.0119871000362305,0.000448415231816236,0.00734804062772542,1,0
723569,2022,4,42.1523132,-102.875145,105.732333333333,158418,0.101503706508142,6.15326356887817,3953.39632736424,0.987983864232613,85.2091364469138,0.681550434978296,3,280.675853445,4,2,0.00473130447790027,0.00141232961323112,0.00395452277734876,0.00275404285639524,0.022032342851162,0.888072848320007,0.000423698889790103,0,1.7,-2.1,4.88859501840838,0.0750854508260722,0.0119871000362305,0.000448415231816236,0.00734804062772542,1,0
723570,2022,5,42.1523132,-102.875145,105.844193548387,158418,0.324027995604584,12.190598487854,3953.39632736424,0.987983864232613,85.2091364469138,0.703447047624486,3,280.675853445,4,2,0.00473130447790027,0.00141232961323112,0.00395452277734876,0.00275404285639524,0.022032342851162,0.888072848320007,0.000423698889790103,0,1.4,-2.25,4.88859501840838,0.0750854508260722,0.0119871000362305,0.000448415231816236,0.00734804062772542,1,2.1223559628225e-05
748752,2022,6,40.26774444,-74.81005,8.91,173349,0.315037800424198,21.2210731506348,143.936688659888,1.09872029958542,120.742661848459,0.850050219128311,2,29.790026292,2,4,0.820324718952179,0.00434411037713289,0.0359635390341282,0.00135308364406228,0.00263495231047273,0.00263495231047273,0.00719270762056112,0.0249964389950037,1.7,-1.34,1.563051048099,0.0177060888842951,0.00859899532321577,0.0802698613139366,0.119362134567698,0,0
751216,2022,1,40.31038498,-74.85377538,64.61,173507,0.311361848999071,-2.36627697944641,185.339664146974,3.26158671109317,179.016726138637,0.233159528671191,3,28.051181145,3,2,0.371866405010223,0.00783842988312244,0.158887088298798,0.00910952594131231,0.0145469950512052,0.154297009110451,0.0213261768221855,0.00197726138867438,0.5,-2.4,23.9766285852744,0.00210419604429418,0.00859899532321577,0.0802698613139366,0.106243750877778,0,0
751217,2022,2,40.31038498,-74.85377538,66.17,173507,0.269494369996566,1.5267893075943,185.339664146974,3.26158671109317,179.016726138637,0.301612719295919,3,28.051181145,3,2,0.371866405010223,0.00783842988312244,0.158887088298798,0.00910952594131231,0.0145469950512052,0.154297009110451,0.0213261768221855,0.00197726138867438,1.1,-1.91,23.9766285852744,0.00210419604429418,0.00859899532321577,0.0802698613139366,0.106243750877778,0,0
751219,2022,7,40.31038498,-74.85377538,71.45,173507,0.178088841746535,25.753698348999,185.339664146974,3.26158671109317,179.016726138637,0.915784661991669,3,28.051181145,3,2,0.371866405010223,0.00783842988312244,0.158887088298798,0.00910952594131231,0.0145469950512052,0.154297009110451,0.0213261768221855,0.00197726138867438,0.8,-2.62,23.9766285852744,0.00210419604429418,0.00859899532321577,0.0802698613139366,0.106243750877778,0,0
751220,2022,12,40.31038498,-74.85377538,62.38,173507,0.336253324404014,1.55387353897095,185.339664146974,3.26158671109317,179.016726138637,0.2034697823601,3,28.051181145,3,2,0.371866405010223,0.00783842988312244,0.158887088298798,0.00910952594131231,0.0145469950512052,0.154297009110451,0.0213261768221855,0.00197726138867438,2.1,-2.21,23.9766285852744,0.00210419604429418,0.00859899532321577,0.0802698613139366,0.106243750877778,0,0
751289,2022,5,40.3257222,-74.5910556,27.74,173533,0.599909805849271,17.6183528900146,67.6814243731168,2.25134899593094,331.070602042007,0.486364039962611,2,47.24409456,3,2,0.464321315288544,0.00320467166602612,0.0549067072570324,0.00576840899884701,0.011109528131783,0.125979200005531,0.163438260555267,0.00754878204315901,1.4,-2.25,21.8740536178705,0.00390263987683096,0.017877772344176,0.0165991459712197,0.132005519285202,1,0
762527,2022,3,31.82318056,-107.1458889,280.35,174570,0.00508218848007224,11.7599411010742,4145.37875878573,0.845138430557943,186.19495518201,0.645811978017677,9,36.0892389,2,2,0,0,0,0.8861985206604,0.0190143845975399,0,0,0,1.8,-1.67,195.682956462341,0.116904539969033,0.00587864051959107,0.0096486628361319,0.00504050197928523,0,0
762757,2022,1,31.85910498,-106.6434468,57.86,174648,0.0161865705826259,6.84650707244873,3802.26834922846,0.971655082995796,40.0804451197647,0.259943108941253,4,259.809711681,1,1,0.331006973981857,0.00420168088749051,0.0116080334410071,0.0451502650976181,0.0165218636393547,0.391041159629822,0.000142429853440262,0.00128186866641045,0.5,-2.4,58.487006148682,0.00806332767866046,0.00587864051959107,0.0096486628361319,0.00271158283640941,0,0
762833,2022,2,31.879,-106.657,75.12,174671,0.017486593255518,7.49693727493286,3828.15382306309,2.02081803426342,107.385675815214,0.409908545609015,4,245.997375702,1,1,0.10119342058897,0.0161711741238832,0.0114398701116443,0.519031167030334,0.0705458670854568,0.0230915900319815,0,0,1.1,-1.91,64.3801877857693,0.0422939042473576,0.00587864051959107,0.0096486628361319,0.00395044305537517,0,0
763371,2022,1,32.02098056,-105.1435194,139.33,174906,0,6.41471147537231,3697.25595878042,1.06974466833632,140.274292912633,0.267334685644363,1,91.174540821,4,2,0.0019940179772675,0.00277738203294575,0.0022788776550442,0.354009389877319,0.260575413703918,0.0940036997199059,0,0,0.5,-2.4,32.4617878213328,0.0294726733581515,0.000431334469903317,0.000240956850323443,0.00336923674166203,0,0
763534,2022,1,32.03955278,-106.6225056,14.9,174958,0.0161499223303784,6.56746006011963,3799.2126042,0.0110698826454186,257.16596073734,0.200532503007337,4,132.086614374,3,2,0.0639510005712509,0.00697906268760562,0.0172340124845505,0.167996019124985,0.0136020509526134,0.527987480163574,0,0.000213644772884436,0.5,-2.4,1.57113600360208,0.000517279378706212,0.00587864051959107,0.0096486628361319,0.00827000773806746,0,0
763548,2022,1,32.05241667,-103.1209722,95.65,174979,0.0147078481782612,5.74448204040527,3005.28998770767,0.442146457220872,242.098116358632,0.303658188007377,2,124.278215412,1,3,0.00190664501860738,0.00296589219942689,0.0026834262534976,0.970764756202698,0,0,0,0,0.5,-2.4,23.1471087089201,0.109577806198054,0.00776080001785223,1.63667805851201e-06,0.0106786403144896,0,0
763868,2022,3,32.1034472,-107.0101167,436.53,175153,0.0968773222566061,11.6196403503418,4265.46637069128,0.436751010125495,149.056143281004,0.603328916009949,4,379.068242046,2,2,0,0,7.06164792063646e-05,0.747616708278656,0.184662103652954,0,0,0,1.8,-1.67,319.604373526586,0.213581160315129,0.00587864051959107,0.0096486628361319,0.0067356420344611,0,0
764150,2022,2,32.165475,-106.6871,22.18,175420,0.0172003783214623,7.07885265350342,3835.3018431,0.00171950187489676,28.8368751556681,0.34442608803064,4,137.664042204,4,2,0.0594644621014595,0.00327588664367795,0.0095428004860878,0.401367336511612,0.0182310212403536,0.333926796913147,0,0.000498504494316876,1.1,-1.91,5.62361102633575,0.0471542352586823,0.00587864051959107,0.0096486628361319,0.00783671610925347,0,0
764571,2022,4,32.2103738,-106.7727799,25.36,175591,0,19.0325126647949,3856.13638557653,1.07888356865593,212.517430618914,0.961741151043796,4,110.203412241,1,2,0.0135308364406228,0.00341831636615098,0.00605326890945435,0.581327438354492,0.0103973792865872,0.231947019696236,0.000284859706880525,0.0101125193759799,1.7,-2.1,16.1348303091442,0.0217416380105079,0.00587864051959107,0.0096486628361319,0.00792056977288177,1,0.000854977562658895
764572,2022,5,32.2103738,-106.7727799,16.52,175591,0,23.5353088378906,3856.13638557653,1.07888356865593,212.517430618914,1.21329560551875,4,110.203412241,1,2,0.0135308364406228,0.00341831636615098,0.00605326890945435,0.581327438354492,0.0103973792865872,0.231947019696236,0.000284859706880525,0.0101125193759799,1.4,-2.25,16.1348303091442,0.0217416380105079,0.00587864051959107,0.0096486628361319,0.00792056977288177,1,0.00149833857382793
764573,2022,6,32.2103738,-106.7727799,34.09,175591,0.0353054331267331,27.9665546417236,3856.13638557653,1.07888356865593,212.517430618914,1.16538681247462,4,110.203412241,1,2,0.0135308364406228,0.00341831636615098,0.00605326890945435,0.581327438354492,0.0103973792865872,0.231947019696236,0.000284859706880525,0.0101125193759799,1.7,-1.34,16.1348303091442,0.0217416380105079,0.00587864051959107,0.0096486628361319,0.00792056977288177,1,0.0015885582549681
768426,2022,2,32.52405556,-103.5446111,78.08,176817,0.0113051715344333,4.72871923446655,3772.63065602427,1.46441757972811,14.6286077438149,0.49593372370291,4,223.031496402,2,2,0.0347433090209961,0.00218911096453667,0.00663794949650764,0.851987838745117,0.00875644385814667,0,0,0.000494315347168595,1.1,-1.91,52.7184967782263,0.0219907201211227,0.00776080001785223,1.63667805851201e-06,0.0136098936758315,0,0
769566,2022,12,32.72755556,-103.4425556,93.77,177496,0.0235249755621221,6.56217241287231,3891.04588324854,0.589226295284936,107.867187783305,0.345112383107989,4,91.305774417,2,2,0.00988630764186382,0.00141232961323112,0.00416637258604169,0.640632748603821,0.0635548308491707,7.06164792063646e-05,0.000706164806615561,0,2.1,-2.21,158.351212589532,0.0184595225578157,0.00776080001785223,1.63667805851201e-06,0.00526020866120855,0,0
769699,2022,2,32.74628056,-105.9456889,113.66,177588,0.0340560102604958,5.25720930099487,4088.15553475529,0.595863375162298,234.559599952297,0.440694954808585,4,626.96850489,4,2,0.0141005553305149,0.0037743910215795,0.0130323311313987,0.847315192222595,0.00598205393180251,0.00056971941376105,0,0,1.1,-1.91,24.8672940664734,0.02673037660231,0.000431334469903317,0.000240956850323443,0.00762306597792854,0,0
775532,2022,3,34.0039722,-104.4999722,60.7,181803,0.0104611721097705,9.06131935119629,4056.00703701839,1.57522631276324,210.157880364368,0.613140447552324,1,110.433071034,4,2,0,7.12149267201312e-05,0,0.769833385944366,0.0747756734490395,7.12149267201312e-05,0.000925794069189578,0,1.8,-1.67,6.22601765042092,0.0450976167962387,0.000505942446880051,0.00179945425686937,0.00415494266711486,0,0
775536,2022,2,34.01075,-106.4618333,136.17,181813,0.00965449676954892,2.96321964263916,5242.06788766287,0.785856560050167,269.107901442542,0.319581044800491,4,228.182415045,3,2,0,7.12149267201312e-05,0.000213644772884436,0.898020207881927,0.013317191042006,0,0,0,1.1,-1.91,181.547851037466,0.0478766276826806,0.000645457056533018,0.00204304576861708,0.00584219515111918,0,0
775571,2022,1,34.0254611,-103.3639111,97.17,181828,0.0109422613795841,2.70071268081665,4180.13179431972,0.492827792689108,55.8514933584921,0.258731316787026,4,182.119422849,3,2,0.00409575598314404,0.00211849436163902,0.00353082409128547,0.103664994239807,0.0411694087088108,0.751429975032806,7.06164792063646e-05,0,0.5,-2.4,187.368968938042,0.0323964163689604,0.0101390705608729,2.9318924761069e-06,0.00533483159784228,0,0
775651,2022,1,34.03428889,-106.91795,261.82,181849,0,2.8764283657074,4827.5656565822,2.23838736418934,18.2245462748455,0.251357161536021,4,131.692913586,3,2,0.18268483877182,0.0184309016913176,0.0232328232377768,0.5570228099823,0.00628486694768071,0.000211849444895051,0,0,0.5,-2.4,182.01168468437,0.057487632961725,0.000645457056533018,0.00204304576861708,0.00305792148544764,0,0
776629,2022,3,34.25743889,-106.8931,14.26,182670,0.0568960596183472,9.1663932800293,4675.1968575,0.0901968482739466,96.751092913613,0.619126118076668,4,157.447506801,4,2,0.00699103157967329,0.00346020772121847,0.00494315382093191,0.68476802110672,0.0130640491843224,0.0111574037000537,0.0945554673671722,0.00141232961323112,1.8,-1.67,12.9322445808198,0.0306295899066948,0.000645457056533018,0.00204304576861708,0.0159370859404529,0,7.39536945237889e-07
776630,2022,9,34.25743889,-106.8931,14.68,182670,0.113209814709307,22.0319480895996,4675.1968575,0.0901968482739466,96.751092913613,0.670986526988516,4,157.447506801,4,2,0.00699103157967329,0.00346020772121847,0.00494315382093191,0.68476802110672,0.0130640491843224,0.0111574037000537,0.0945554673671722,0.00141232961323112,1.6,-2.29,12.9322445808198,0.0306295899066948,0.000645457056533018,0.00204304576861708,0.0159370859404529,0,9.24783015074216e-05
778101,2022,1,34.44168889,-104.1980694,27.43,183759,0.0086835644821435,3.17645049095154,4010.29712387107,0.660358525068987,256.04788238474,0.24228831951294,4,125.688976569,1,2,0.0280586816370487,0.00299102696590126,0.00989887490868568,0.459834784269333,0.0114656034857035,0.341404348611832,0.00106822384987026,0,0.5,-2.4,24.0774871536342,0.0374542465559462,0.000505942446880051,0.00179945425686937,0.00936828550248096,1,0
781231,2022,2,35.04141667,-103.3479167,55.76,185766,0.00794215779247656,1.8140594959259,4163.37673246377,0.806529232388798,38.7330687341835,0.321550544967206,4,210.072178797,3,2,0.00484261522069573,0.00185158813837916,0.00384560599923134,0.8644779920578,0.00989887490868568,0.000997008988633752,0.00583962397649884,0,1.1,-1.91,8.66625566873674,0.0025792082508889,0.000435388643762245,0.00160674387113177,0.00597005238189672,0,0
781278,2022,5,35.04902778,-106.6533056,22.87,185809,0,20.1318798065186,4940.9448894,0.152068383372249,261.028860544765,1.79588958933111,4,180.905512086,4,2,0.513099372386932,0.00529623636975884,0.0126403504982591,0.0461831800639629,0.0110867880284786,0.138549536466599,0.0523268133401871,0.0149000780656934,1.4,-2.25,3.17197127304974,0.0206992756703737,0.00701173190501554,0.0100690441820531,0.00231516089859419,0,7.40989269363163e-06
781279,2022,8,35.04902778,-106.6533056,23.4,185809,0.1500707663667,24.8979339599609,4940.9448894,0.152068383372249,261.028860544765,1.1866208592627,4,180.905512086,4,2,0.513099372386932,0.00529623636975884,0.0126403504982591,0.0461831800639629,0.0110867880284786,0.138549536466599,0.0523268133401871,0.0149000780656934,1,-2.38,3.17197127304974,0.0206992756703737,0.00701173190501554,0.0100690441820531,0.00231516089859419,0,7.01377093913355e-06
781943,2022,7,35.07055556,-104.8141667,371.19,185981,0.174879514904963,26.1170024871826,5147.72798634984,0.956299448625255,81.9245836703471,1.23859806198996,2,41.830708725,2,2,0.000712149252649397,7.12149267201312e-05,0.00078336417209357,0.907847881317139,0.038883350789547,0,0,0.00128186866641045,0.8,-2.62,241.866274823351,0.00297452835056787,0.000122926926111636,0.00100097639833761,0.00499069292346016,0,0
781944,2022,8,35.07055556,-104.8141667,370.05,185981,0.51012044268273,22.8423519134521,5147.72798634984,0.956299448625255,81.9245836703471,1.0097317448142,2,41.830708725,2,2,0.000712149252649397,7.12149267201312e-05,0.00078336417209357,0.907847881317139,0.038883350789547,0,0,0.00128186866641045,1,-2.38,241.866274823351,0.00297452835056787,0.000122926926111636,0.00100097639833761,0.00499069292346016,0,0
781945,2022,9,35.07055556,-104.8141667,369.04,185981,0,21.0803527832031,5147.72798634984,0.956299448625255,81.9245836703471,0.894030074229456,2,41.830708725,2,2,0.000712149252649397,7.12149267201312e-05,0.00078336417209357,0.907847881317139,0.038883350789547,0,0,0.00128186866641045,1.6,-2.29,241.866274823351,0.00297452835056787,0.000122926926111636,0.00100097639833761,0.00499069292346016,0,0
782776,2022,3,35.14069444,-103.0569167,34.08,186430,0.0313844925313691,8.54826354980469,3955.38489687476,1.36995584389319,25.3901422503264,0.604658403089177,3,48.720472515,3,2,0.00213644769974053,0.000356074626324698,0.00163794332183897,0.338911831378937,0.359136879444122,0,0,0,1.8,-1.67,80.8850612518169,0.0425722398950904,0.000435388643762245,0.00160674387113177,0.0171883918030808,0,0
784510,2022,12,35.25525,-108.5910833,16.76,187034,0.118722965891517,0.373092323541641,6759.6584734893,1.95423556147268,207.62616584865,0.18489460960718,3,56.791338669,4,2,0,7.06164792063646e-05,0.220535278320312,0.668385028839111,0.000847397779580206,0,0,0,2.1,-2.21,4.63134035428963,0.000187363673748704,0.000282647043792698,2.82119717218458e-05,0.00868727825514972,0,0
785299,2022,11,35.4969722,-105.2453889,40.18,187544,0.00606558416129619,2.96881508827209,6380.48982160547,3.56825143876143,48.1430056367378,0.256991924966874,4,14.337270363,2,2,0.0298001561313868,0.00381329003721476,0.519313633441925,0.268201410770416,0.000706164806615561,0,0,0,0.3,-2.41,71.4820514974508,0.0070228748194018,6.46251598298453e-05,0.00105402725468959,0.00759623901845887,0,0
787333,2022,4,32.01149444,-103.2919722,178.67,188735,0,20.0119380950928,2906.24547670536,0.315247717895971,176.492371522478,1.00260526954679,2,255.183727422,1,2,0.00306224194355309,0.000142429853440262,0.00170915818307549,0.984973669052124,7.12149267201312e-05,0,0,0,1.7,-2.1,0.256117570586161,0.0161532420410556,0.00776080001785223,1.63667805851201e-06,0.0107419425482055,0,0
787334,2022,6,32.01149444,-103.2919722,178.89,188735,0.279308454682784,28.9779300689697,2906.24547670536,0.315247717895971,176.492371522478,1.22588741058295,2,255.183727422,1,2,0.00306224194355309,0.000142429853440262,0.00170915818307549,0.984973669052124,7.12149267201312e-05,0,0,0,1.7,-1.34,0.256117570586161,0.0161532420410556,0.00776080001785223,1.63667805851201e-06,0.0107419425482055,0,0
787335,2022,8,32.01149444,-103.2919722,176.95,188735,0.222235276968029,27.9907455444336,2906.24547670536,0.315247717895971,176.492371522478,0.985733894785153,2,255.183727422,1,2,0.00306224194355309,0.000142429853440262,0.00170915818307549,0.984973669052124,7.12149267201312e-05,0,0,0,1,-2.38,0.256117570586161,0.0161532420410556,0.00776080001785223,1.63667805851201e-06,0.0107419425482055,0,0
788812,2022,10,32.022416,-105.114177,90.7,189229,0.167486548991232,16.8193397521973,3653.13201212419,0.850930020312186,113.311461370211,0.521553921428476,4,173.129921523,2,2,0.0019940179772675,0.00277738203294575,0.0022788776550442,0.354009389877319,0.260575413703918,0.0940036997199059,0,0,1.7,-1.8,22.7993476768677,0.0637576723554418,0.000431334469903317,0.000240956850323443,0.0326169973975668,0,0.00122225871786118
789065,2022,11,32.8542,-105.795,263.05,189232,0.0315238797924786,2.16466045379639,9073.13891695329,8.92619389755823,236.758694133658,0.503450629731729,1,30.150918681,4,2,0.00519868964329362,0.00078336417209357,0.966244101524353,0.00235009263269603,0.000213644772884436,0,0,0,0.3,-2.41,161.532742703283,0.0809142159094069,0.000431334469903317,0.000240956850323443,0.042750249735713,0,0
790634,2022,4,31.99831944,-106.6516694,19.1803333333333,189255,0.0241396871818554,19.4857082366943,3794.91379246787,0.447069333761966,188.335194672042,0.946613022848895,4,172.440945144,4,2,0.0295541938394308,0.00313345668837428,0.011109528131783,0.171912834048271,0.0158809293061495,0.600911557674408,0,0.00263495231047273,1.7,-2.1,6.65574015354974,0.0658533601899921,0.00587864051959107,0.0096486628361319,0.00757146536866824,1,0.000711732184994677
790635,2022,5,31.99831944,-106.6516694,20.2664516129032,189255,0,24.0074615478516,3794.91379246787,0.447069333761966,188.335194672042,1.18135137061717,4,172.440945144,4,2,0.0295541938394308,0.00313345668837428,0.011109528131783,0.171912834048271,0.0158809293061495,0.600911557674408,0,0.00263495231047273,1.4,-2.25,6.65574015354974,0.0658533601899921,0.00587864051959107,0.0096486628361319,0.00757146536866824,1,0.00104682027665329
790636,2022,6,31.99831944,-106.6516694,21.032,189255,0.122369919109368,28.3338947296143,3794.91379246787,0.447069333761966,188.335194672042,1.17275698782492,4,172.440945144,4,2,0.0295541938394308,0.00313345668837428,0.011109528131783,0.171912834048271,0.0158809293061495,0.600911557674408,0,0.00263495231047273,1.7,-1.34,6.65574015354974,0.0658533601899921,0.00587864051959107,0.0096486628361319,0.00757146536866824,1,0.00123048824234001
791886,2022,3,33.4946222222222,-105.530733333333,18.3929032258065,189268,0.0681129278882887,6.66966962814331,6206.81763365137,2.02219455550068,153.918253024718,0.711397938044984,4,23.982939669,3,2,0.00583962397649884,0.000712149252649397,0.142287418246269,0.682808697223663,0.0116792479529977,0,0,0.000284859706880525,1.8,-1.67,6.40137029166545,0.025319968472443,0.000267381556403869,0.000440077884593451,0.00823763195363184,0,0
791887,2022,4,33.4946222222222,-105.530733333333,18.005,189268,0,13.0743589401245,6206.81763365137,2.02219455550068,153.918253024718,1.21305000309337,4,23.982939669,3,2,0.00583962397649884,0.000712149252649397,0.142287418246269,0.682808697223663,0.0116792479529977,0,0,0.000284859706880525,1.7,-2.1,6.40137029166545,0.025319968472443,0.000267381556403869,0.000440077884593451,0.00823763195363184,0,0
809751,2022,4,38.37173889,-118.5534389,238,190808,0.01491943840983,9.49918365478516,5566.6287477386,1.70153763640065,71.6868425422323,0.52219791441666,4,217.814960961,4,2,0.00320467166602612,0.000213644772884436,0.00192280299961567,0.976997554302216,7.12149267201312e-05,0,0,0,1.7,-2.1,100.556702904346,0.117397243700097,0.000395540499356323,2.26454484364307e-06,0.00294975402784223,0,0
809752,2022,12,38.37173889,-118.5534389,209.97,190808,0.253197377507153,1.57290947437286,5566.6287477386,1.70153763640065,71.6868425422323,0.037518439387482,4,217.814960961,4,2,0.00320467166602612,0.000213644772884436,0.00192280299961567,0.976997554302216,7.12149267201312e-05,0,0,0,2.1,-2.21,100.556702904346,0.117397243700097,0.000395540499356323,2.26454484364307e-06,0.00294975402784223,0,0
810648,2022,3,38.7021111,-119.31825,104.19,191001,0.0215295872677627,7.27126884460449,5142.43606873287,1.09212291111233,27.984207952861,0.266773719892724,4,192.027559347,4,2,0.0100413048639894,0.00106822384987026,0.00733513757586479,0.846246957778931,0.00242130761034787,0.0783364176750183,0,0,1.8,-1.67,15.1672451119669,0.00697443178553552,0.00319581541078324,0.0187247376167909,0.00569858518514782,0,0
811542,2022,6,38.82130556,-119.77525,16.61,191134,0.0043263151486143,17.3942241668701,4997.01680855496,1.21204219727672,6.58688852784827,1.18038407953215,4,137.565617007,1,4,0.00903890933841467,0.00148294609971344,0.0257043987512589,0.552715182304382,0.00847397744655609,0.119906783103943,0.158251538872719,0,1.7,-1.34,3.09922896659784,0.0227742278424908,0.00133751886988487,0.000569074598764329,0.00400887860904448,0,0.000297530544954736
811543,2022,9,38.82130556,-119.77525,19.58,191134,0.0456848577007339,18.4260864257812,4997.01680855496,1.21204219727672,6.58688852784827,0.998319392082211,4,137.565617007,1,4,0.00903890933841467,0.00148294609971344,0.0257043987512589,0.552715182304382,0.00847397744655609,0.119906783103943,0.158251538872719,0,1.6,-2.29,3.09922896659784,0.0227742278424908,0.00133751886988487,0.000569074598764329,0.00400887860904448,0,0.000302880333543386
811785,2022,11,38.8674722,-118.7555833,4.24,191190,0.0244561659441246,2.69108772277832,4025.5905573,0.168384235939662,140.858069792799,0.1037602038221,4,348.720472971,4,5,0.000494315347168595,0.0257750153541565,0.00409575598314404,0.423133969306946,0.0353082418441772,0.0325541980564594,0.205776423215866,0,0.3,-2.41,4.38194849712878,0.0337289252664911,0.000395540499356323,2.26454484364307e-06,0.00781475812147061,0,0
817406,2022,3,39.21402778,-114.8275833,38.38,192017,0.0628338148916948,3.6055543422699,6440.83810589929,1.70127827410072,71.5532001068116,0.28585474052726,4,132.053805975,3,2,0.00699103157967329,0.00120048015378416,0.0040251393802464,0.644728481769562,0.00282465922646224,0.00727349752560258,0.22957418859005,0.000423698889790103,1.8,-1.67,8.99369949546433,0,0.00167630319644705,0.000163975635847705,0.00337507151240793,0,0
819018,2022,3,39.29298017,-117.5782434,9.1,192214,0.00463788434981389,4.77767562866211,6057.88368073036,0.814099934403881,147.051773961243,0.237402728584277,4,274.245407241,1,1,0.00190664501860738,0.00141232961323112,0.00148294609971344,0.934114813804626,0.00190664501860738,0.000847397779580206,0.0225266572088003,0,1.8,-1.67,16.2010884593807,0.00957698748296253,0.00384374905961628,0.000239517587861904,0.00219081165981169,0,0
827851,2022,4,39.5527147,-114.7980753,12.38,193147,0.0485224956088563,6.7323431968689,6050.35628533199,0.716596165016952,323.222351404289,0.656418388343198,4,154.85564328,4,6,0.0026834262534976,0.000353082403307781,0.00148294609971344,0.973095118999481,0.000353082403307781,0.000282465916825458,0.0013417131267488,0,1.7,-2.1,0.744373477621083,0.0873783270629332,0.00167630319644705,0.000163975635847705,0.00694653099389126,0,0
827852,2022,5,39.5527147,-114.7980753,12.25,193147,0.0271802186753311,10.2837409973145,6050.35628533199,0.716596165016952,323.222351404289,0.837343422467885,4,154.85564328,4,6,0.0026834262534976,0.000353082403307781,0.00148294609971344,0.973095118999481,0.000353082403307781,0.000282465916825458,0.0013417131267488,0,1.4,-2.25,0.744373477621083,0.0873783270629332,0.00167630319644705,0.000163975635847705,0.00694653099389126,0,0
827853,2022,7,39.5527147,-114.7980753,13.37,193147,0.014428759206341,23.1495494842529,6050.35628533199,0.716596165016952,323.222351404289,1.13860052887578,4,154.85564328,4,6,0.0026834262534976,0.000353082403307781,0.00148294609971344,0.973095118999481,0.000353082403307781,0.000282465916825458,0.0013417131267488,0,0.8,-2.62,0.744373477621083,0.0873783270629332,0.00167630319644705,0.000163975635847705,0.00694653099389126,0,0.000226054950528953
827854,2022,10,39.5527147,-114.7980753,13.6,193147,0.0315464482073562,9.8716983795166,6050.35628533199,0.716596165016952,323.222351404289,0.351622674630441,4,154.85564328,4,6,0.0026834262534976,0.000353082403307781,0.00148294609971344,0.973095118999481,0.000353082403307781,0.000282465916825458,0.0013417131267488,0,1.7,-1.8,0.744373477621083,0.0873783270629332,0.00167630319644705,0.000163975635847705,0.00694653099389126,0,0
827855,2022,11,39.5527147,-114.7980753,13.3,193147,0.115012909971427,-0.319982498884201,6050.35628533199,0.716596165016952,323.222351404289,0.16959488261212,4,154.85564328,4,6,0.0026834262534976,0.000353082403307781,0.00148294609971344,0.973095118999481,0.000353082403307781,0.000282465916825458,0.0013417131267488,0,0.3,-2.41,0.744373477621083,0.0873783270629332,0.00167630319644705,0.000163975635847705,0.00694653099389126,0,0
828612,2022,1,39.57306944,-116.0727056,47.225,193198,0,-1.36269474029541,6004.67542725531,9.75160943233641,199.417602693909,0.0015023945220495,4,137.237533017,4,2,0.00306224194355309,0.000640934333205223,0.0832502469420433,0.815339684486389,0.000356074626324698,0,0,0,0.5,-2.4,136.643144609989,0.0010599356126052,0.00705580663408415,7.64017692306449e-05,0.00551135053655133,0,0
828613,2022,4,39.57306944,-116.0727056,46.83,193198,0.0488654022258688,6.58042097091675,6004.67542725531,9.75160943233641,199.417602693909,0.573728367033023,4,137.237533017,4,2,0.00306224194355309,0.000640934333205223,0.0832502469420433,0.815339684486389,0.000356074626324698,0,0,0,1.7,-2.1,136.643144609989,0.0010599356126052,0.00705580663408415,7.64017692306449e-05,0.00551135053655133,0,0
828614,2022,7,39.57306944,-116.0727056,47.2,193198,0.0144294475539458,22.9450950622559,6004.67542725531,9.75160943233641,199.417602693909,1.03196412090657,4,137.237533017,4,2,0.00306224194355309,0.000640934333205223,0.0832502469420433,0.815339684486389,0.000356074626324698,0,0,0,0.8,-2.62,136.643144609989,0.0010599356126052,0.00705580663408415,7.64017692306449e-05,0.00551135053655133,0,0.00223402758947558
828615,2022,10,39.57306944,-116.0727056,47.88,193198,0.0544650787019955,10.1601390838623,6004.67542725531,9.75160943233641,199.417602693909,0.345338161122347,4,137.237533017,4,2,0.00306224194355309,0.000640934333205223,0.0832502469420433,0.815339684486389,0.000356074626324698,0,0,0,1.7,-1.8,136.643144609989,0.0010599356126052,0.00705580663408415,7.64017692306449e-05,0.00551135053655133,0,2.6104747178895e-05
829431,2022,5,39.6343083,-116.2827222,4.68,193374,0.014226840258619,10.0513134002686,6138.4514529,0.0857734103946539,251.19516007632,0.794541617972923,4,179.035433343,3,2,0,0,0,1,0,0,0,0,1.4,-2.25,0.323778717950548,0.0901867027440392,0.00705580663408415,7.64017692306449e-05,0.00617876886635398,0,0
830370,2022,3,40.01935147,-119.3693449,3.9,193835,0,8.18813228607178,3784.52181443131,1.26403527488403,108.873988741105,0.303763818076179,5,1361.515750101,1,1,0.00204787799157202,0.00120048015378416,0.00247157691046596,0.877621650695801,0.0359437875449657,0.000494315347168595,0.0157474763691425,0,1.8,-1.67,11.6664492103608,0,0.00108975627519976,0.00170666169435926,0.00285155622390409,0,0
830531,2022,4,40.14684969,-119.8157534,209.32,194008,0.0681848289244577,8.30701446533203,4176.56807493983,5.30552074139642,293.334030887918,0.601407800422142,4,133.661417526,3,2,0,0.034610453993082,0.00370317627675831,0.875017821788788,0.00733513757586479,0.000142429853440262,0.00356074632145464,0,1.7,-2.1,91.8271974772911,0.137752437894751,0.00108975627519976,0.00170666169435926,0.00601862038720399,0,0
830867,2022,4,40.62166667,-115.2367222,6.38,194251,0.110405937122345,5.03467226028442,6007.2178569,0.0183458117620085,107.400272986339,0.420398812920497,4,170.505249603,3,2,0.00331897474825382,0.000918014266062528,0.00282465922646224,0.515359103679657,0.0350963920354843,0.0750653222203255,0.198432311415672,0,1.7,-2.1,3.4620204205959,0.0296588844669319,0.000573414657502524,0.00273837485410203,0.0129700249360626,0,0
830891,2022,4,40.65927778,-116.8664722,9.97,194278,0.0414237670076291,9.13273239135742,4517.7165423,0.111869611222469,210.637769740429,0.688670352170338,4,192.027559347,4,5,0.000213644772884436,0.000356074626324698,0.000427289545768872,0.151972651481628,0.0202962532639503,0.00591083895415068,0.645420908927917,0.000997008988633752,1.7,-2.1,0.506308409629422,0.00235131858691718,0.00384374905961628,0.000239517587861904,0.00274481722206498,0,1.81962302114148e-05
830904,2022,3,40.69046195,-117.729016,79.6,194307,0.0890795328588152,6.41041088104248,4442.2572246,0.179775103016027,339.150329965836,0.283587573825428,4,187.204724694,4,4,0.0037743910215795,0.000427289545768872,0.00242130761034787,0.769904553890228,0.0539097003638744,0.0576840899884701,0,0,1.8,-1.67,0.0516582449847339,0.100999178959949,0.00132036444598088,0.00270664042293369,0.00524495652209967,0,0
831690,2022,10,41.05452778,-119.025361,3.79,194731,0,13.4564399719238,3992.82133719001,2.81618563461202,258.460965537697,0.213751730655563,4,218.569554138,1,3,0,0.144551932811737,0.0144763784483075,0.321022540330887,0.176611825823784,0.000141232958412729,0.00543746910989285,0,1.7,-1.8,81.8738725860426,0.0816247389377179,0.00583005849619263,0.00116553505870334,0.00298004569276857,0,0
831789,2022,2,41.4104532,-117.5051267,14.22,195084,0.0261425831583857,1.5324774980545,4409.4488256,0.114494883442758,250.167465921434,0.0362279033961245,4,146.916010722,2,7,0.00121065380517393,0.000213644772884436,0.000640934333205223,0.134525001049042,0.0108246691524982,0.326876521110535,0.249750748276711,0,1.1,-1.91,0.026441974302471,0.00565439410708549,0.00583005849619263,0.00116553505870334,0.00948279214631766,1,0
837750,2022,1,40.2553388888889,-119.785855555556,252.937096774194,195344,0,2.17436003684998,4177.77433438633,1.64819974941192,173.652694099476,0.0300955397395025,4,191.27296617,4,2,0,0.0261358786374331,0.00106822384987026,0.8427574634552,0.0512035340070724,0.000213644772884436,0.00847457628697157,0,0.5,-2.4,91.8350947016293,0.0641301631752338,0.00108975627519976,0.00170666169435926,0.00445011484540999,0,0
837751,2022,2,40.2553388888889,-119.785855555556,252.935357142857,195344,0.0339173144758438,2.79027152061462,4177.77433438633,1.64819974941192,173.652694099476,0.110254300402724,4,191.27296617,4,2,0,0.0261358786374331,0.00106822384987026,0.8427574634552,0.0512035340070724,0.000213644772884436,0.00847457628697157,0,1.1,-1.91,91.8350947016293,0.0641301631752338,0.00108975627519976,0.00170666169435926,0.00445011484540999,0,0
837754,2022,5,40.2553388888889,-119.785855555556,252.910967741935,195344,0.00626851803062861,12.727518081665,4177.77433438633,1.64819974941192,173.652694099476,0.872629322166907,4,191.27296617,4,2,0,0.0261358786374331,0.00106822384987026,0.8427574634552,0.0512035340070724,0.000213644772884436,0.00847457628697157,0,1.4,-2.25,91.8350947016293,0.0641301631752338,0.00108975627519976,0.00170666169435926,0.00445011484540999,0,0
861114,2022,1,42.13755556,-76.2652222,41.8,199880,0.142314265309783,-7.44936275482178,889.783447698553,6.07762965994119,285.334213344967,0.114456675045144,3,49.967191677,3,2,0.127261072397232,0.00697906268760562,0.572211921215057,0.00776242697611451,0.0120353223755956,0.0760575383901596,0.00705027766525745,0.00213644769974053,0.5,-2.4,27.9246509656062,0.0206490486607173,0.00139994624699934,0.000390554748671722,0.0878839275696874,0,0
861115,2022,2,42.13755556,-76.2652222,40.25,199880,0.25250334790581,-3.52076601982117,889.783447698553,6.07762965994119,285.334213344967,0.127607067932894,3,49.967191677,3,2,0.127261072397232,0.00697906268760562,0.572211921215057,0.00776242697611451,0.0120353223755956,0.0760575383901596,0.00705027766525745,0.00213644769974053,1.1,-1.91,27.9246509656062,0.0206490486607173,0.00139994624699934,0.000390554748671722,0.0878839275696874,0,0
861116,2022,4,42.13755556,-76.2652222,38.795,199880,0.308373369099925,7.2501540184021,889.783447698553,6.07762965994119,285.334213344967,0.540854086909543,3,49.967191677,3,2,0.127261072397232,0.00697906268760562,0.572211921215057,0.00776242697611451,0.0120353223755956,0.0760575383901596,0.00705027766525745,0.00213644769974053,1.7,-2.1,27.9246509656062,0.0206490486607173,0.00139994624699934,0.000390554748671722,0.0878839275696874,0,0
861117,2022,8,42.13755556,-76.2652222,47.18,199880,0.281952410348046,21.5592174530029,889.783447698553,6.07762965994119,285.334213344967,0.667287822546199,3,49.967191677,3,2,0.127261072397232,0.00697906268760562,0.572211921215057,0.00776242697611451,0.0120353223755956,0.0760575383901596,0.00705027766525745,0.00213644769974053,1,-2.38,27.9246509656062,0.0206490486607173,0.00139994624699934,0.000390554748671722,0.0878839275696874,0,0
861118,2022,11,42.13755556,-76.2652222,44.67,199880,0.352510818256325,5.46877908706665,889.783447698553,6.07762965994119,285.334213344967,0.223089328614361,3,49.967191677,3,2,0.127261072397232,0.00697906268760562,0.572211921215057,0.00776242697611451,0.0120353223755956,0.0760575383901596,0.00705027766525745,0.00213644769974053,0.3,-2.41,27.9246509656062,0.0206490486607173,0.00139994624699934,0.000390554748671722,0.0878839275696874,0,0
861302,2022,4,42.19924216,-75.89797408,66.2,200015,0.397597361090156,6.74520635604858,1094.87723355108,8.06711810713896,247.576671909844,0.553365743281728,3,44.750656236,2,6,0.0333998017013073,0.00391682097688317,0.636234164237976,0.00975644495338202,0.014171770773828,0.114869676530361,0.00356074632145464,0.000498504494316876,1.7,-2.1,35.2126157099379,0.00902139204251829,0.00340261937989058,0.00134536191793546,0.0688516453417142,0,0
861303,2022,7,42.19924216,-75.89797408,67.15,200015,0.227812269261726,21.05078125,1094.87723355108,8.06711810713896,247.576671909844,0.750685315009126,3,44.750656236,2,6,0.0333998017013073,0.00391682097688317,0.636234164237976,0.00975644495338202,0.014171770773828,0.114869676530361,0.00356074632145464,0.000498504494316876,0.8,-2.62,35.2126157099379,0.00902139204251829,0.00340261937989058,0.00134536191793546,0.0688516453417142,0,0
861304,2022,8,42.19924216,-75.89797408,68.05,200015,0.337365869349046,21.3232173919678,1094.87723355108,8.06711810713896,247.576671909844,0.68178922902009,3,44.750656236,2,6,0.0333998017013073,0.00391682097688317,0.636234164237976,0.00975644495338202,0.014171770773828,0.114869676530361,0.00356074632145464,0.000498504494316876,1,-2.38,35.2126157099379,0.00902139204251829,0.00340261937989058,0.00134536191793546,0.0688516453417142,0,0
861305,2022,11,42.19924216,-75.89797408,68.34,200015,0.330805340966858,5.13970279693604,1094.87723355108,8.06711810713896,247.576671909844,0.233193044941837,3,44.750656236,2,6,0.0333998017013073,0.00391682097688317,0.636234164237976,0.00975644495338202,0.014171770773828,0.114869676530361,0.00356074632145464,0.000498504494316876,0.3,-2.41,35.2126157099379,0.00902139204251829,0.00340261937989058,0.00134536191793546,0.0688516453417142,0,0
861306,2022,12,42.19924216,-75.89797408,67.62,200015,0.317687337962764,-1.83964478969574,1094.87723355108,8.06711810713896,247.576671909844,0.145523204173614,3,44.750656236,2,6,0.0333998017013073,0.00391682097688317,0.636234164237976,0.00975644495338202,0.014171770773828,0.114869676530361,0.00356074632145464,0.000498504494316876,2.1,-2.21,35.2126157099379,0.00902139204251829,0.00340261937989058,0.00134536191793546,0.0688516453417142,0,0
861566,2022,2,42.3175,-74.2561111,19,200299,0.289753316083175,-5.52987098693848,1702.76915812237,6.37571714260191,16.5928483489473,0.0400774936334032,3,47.736220545,2,6,0.0397379286587238,0.00626691337674856,0.632887065410614,0.00733513757586479,0.0140293408185244,0.0289132595062256,0.0440108254551888,0.00235009263269603,1.1,-1.91,55.9590933741703,0.00693086158054803,0.000487491960067288,0.000795726786836292,0.11114569366624,0,0
862315,2022,3,42.48888889,-76.4647222,3.58,201177,0.279870021174152,2.02695369720459,1053.38433795752,1.07528429625687,225.599434490743,0.376368295435643,1,57.480315048,2,6,0.211213901638985,0.00473130447790027,0.198573544621468,0.0116517199203372,0.0184309016913176,0.134595021605492,0.144551932811737,0.00254219328053296,1.8,-1.67,0.12807529732458,0.0087450784819605,0.000942351029138256,0.0426223614545639,0.0749656845370928,0,0
864319,2022,3,42.9079722,-78.4900556,1.26,203642,0.19369301862947,2.40545964241028,822.4590093086,2.04367394250456,160.946297163363,0.299207732888205,1,57.775590639,5,5,0.115246094763279,0.00296589219942689,0.176753059029579,0.0143351461738348,0.0222441926598549,0.17908339202404,0.190170183777809,0.00169479555916041,1.8,-1.67,1.41294257749225,0.0167639123635717,0.00320065916025918,0.0436676093768407,0.101054450658957,0,0
864320,2022,7,42.9079722,-78.4900556,3.13,203642,0.240483371969994,21.7884941101074,822.4590093086,2.04367394250456,160.946297163363,0.800012254303981,1,57.775590639,5,5,0.115246094763279,0.00296589219942689,0.176753059029579,0.0143351461738348,0.0222441926598549,0.17908339202404,0.190170183777809,0.00169479555916041,0.8,-2.62,1.41294257749225,0.0167639123635717,0.00320065916025918,0.0436676093768407,0.101054450658957,0,0
864321,2022,8,42.9079722,-78.4900556,3.14,203642,0.533724708066788,21.706033706665,822.4590093086,2.04367394250456,160.946297163363,0.730491298874762,1,57.775590639,5,5,0.115246094763279,0.00296589219942689,0.176753059029579,0.0143351461738348,0.0222441926598549,0.17908339202404,0.190170183777809,0.00169479555916041,1,-2.38,1.41294257749225,0.0167639123635717,0.00320065916025918,0.0436676093768407,0.101054450658957,0,0
864322,2022,10,42.9079722,-78.4900556,2.52,203642,0.24237845550293,10.4864597320557,822.4590093086,2.04367394250456,160.946297163363,0.388943580157329,1,57.775590639,5,5,0.115246094763279,0.00296589219942689,0.176753059029579,0.0143351461738348,0.0222441926598549,0.17908339202404,0.190170183777809,0.00169479555916041,1.7,-1.8,1.41294257749225,0.0167639123635717,0.00320065916025918,0.0436676093768407,0.101054450658957,0,0
864323,2022,11,42.9079722,-78.4900556,2.07,203642,0.626472464084441,6.25826787948608,822.4590093086,2.04367394250456,160.946297163363,0.169836755445019,1,57.775590639,5,5,0.115246094763279,0.00296589219942689,0.176753059029579,0.0143351461738348,0.0222441926598549,0.17908339202404,0.190170183777809,0.00169479555916041,0.3,-2.41,1.41294257749225,0.0167639123635717,0.00320065916025918,0.0436676093768407,0.101054450658957,0,0
864661,2022,4,42.95280278,-78.6031667,11.03,203848,0.249767429000553,7.32644844055176,780.588596879889,0.788982411605653,250.001304684811,0.518948112735928,1,54.724409532,1,2,0.145681798458099,0.0406750924885273,0.158110305666924,0.013417131267488,0.0284584425389767,0.0949791669845581,0.160087570548058,0.0303650870919228,1.7,-2.1,19.4535684380649,0.00301212176955546,0.00320065916025918,0.0436676093768407,0.111945433342059,0,0
866260,2022,4,44.00369444,-74.4114444,4.99,205302,0.369734526868309,3.62397003173828,1657.57354669217,2.68223816703648,41.97744123765,0.537369446056892,6,49.573490889,1,3,0.0278450362384319,0.00697906268760562,0.659379005432129,0.00405925093218684,0.00498504471033812,0.00142429850529879,0.0376014821231365,0.105896599590778,1.7,-2.1,32.439260081541,0.00962527283936795,4.77443592767475e-05,3.1829572851165e-05,0.140700324305495,0,0
866261,2022,6,44.00369444,-74.4114444,6.77,205302,0.470086997038326,14.9887275695801,1657.57354669217,2.68223816703648,41.97744123765,0.648969365903618,6,49.573490889,1,3,0.0278450362384319,0.00697906268760562,0.659379005432129,0.00405925093218684,0.00498504471033812,0.00142429850529879,0.0376014821231365,0.105896599590778,1.7,-1.34,32.439260081541,0.00962527283936795,4.77443592767475e-05,3.1829572851165e-05,0.140700324305495,0,0
866262,2022,9,44.00369444,-74.4114444,7.56,205302,0.39188938250498,13.2279939651489,1657.57354669217,2.68223816703648,41.97744123765,0.369273934712853,6,49.573490889,1,3,0.0278450362384319,0.00697906268760562,0.659379005432129,0.00405925093218684,0.00498504471033812,0.00142429850529879,0.0376014821231365,0.105896599590778,1.6,-2.29,32.439260081541,0.00962527283936795,4.77443592767475e-05,3.1829572851165e-05,0.140700324305495,0,0
866263,2022,10,44.00369444,-74.4114444,7.4,205302,0.178859690940569,7.13020849227905,1657.57354669217,2.68223816703648,41.97744123765,0.35114453586877,6,49.573490889,1,3,0.0278450362384319,0.00697906268760562,0.659379005432129,0.00405925093218684,0.00498504471033812,0.00142429850529879,0.0376014821231365,0.105896599590778,1.7,-1.8,32.439260081541,0.00962527283936795,4.77443592767475e-05,3.1829572851165e-05,0.140700324305495,0,0
866306,2022,1,44.30952778,-73.9156944,8.82,205346,0.209646650818222,-14.2534255981445,1653.62814125405,6.1874763455666,218.614173493705,0.0166515853714422,6,40.780839957,1,2,0.00690784770995378,0.00135308364406228,0.851944148540497,0.00270616728812456,0.00448654033243656,0.00313345668837428,0.0393818542361259,0.0150263495743275,0.5,-2.4,12.8980164961736,0.0183584066976226,0.000191428206140843,0.00154493822838375,0.127420690621336,0,0
866307,2022,4,44.30952778,-73.9156944,6.825,205346,0.504977609996466,2.85780048370361,1653.62814125405,6.1874763455666,218.614173493705,0.498526566429666,6,40.780839957,1,2,0.00690784770995378,0.00135308364406228,0.851944148540497,0.00270616728812456,0.00448654033243656,0.00313345668837428,0.0393818542361259,0.0150263495743275,1.7,-2.1,12.8980164961736,0.0183584066976226,0.000191428206140843,0.00154493822838375,0.127420690621336,0,0
866308,2022,6,44.30952778,-73.9156944,8.65,205346,0.403108322075441,14.687744140625,1653.62814125405,6.1874763455666,218.614173493705,0.654759445584924,6,40.780839957,1,2,0.00690784770995378,0.00135308364406228,0.851944148540497,0.00270616728812456,0.00448654033243656,0.00313345668837428,0.0393818542361259,0.0150263495743275,1.7,-1.34,12.8980164961736,0.0183584066976226,0.000191428206140843,0.00154493822838375,0.127420690621336,0,0
866309,2022,7,44.30952778,-73.9156944,9.94,205346,0.398137075673925,17.7780933380127,1653.62814125405,6.1874763455666,218.614173493705,0.693704501027518,6,40.780839957,1,2,0.00690784770995378,0.00135308364406228,0.851944148540497,0.00270616728812456,0.00448654033243656,0.00313345668837428,0.0393818542361259,0.0150263495743275,0.8,-2.62,12.8980164961736,0.0183584066976226,0.000191428206140843,0.00154493822838375,0.127420690621336,0,0
866310,2022,8,44.30952778,-73.9156944,10.18,205346,0.444285926593053,18.381160736084,1653.62814125405,6.1874763455666,218.614173493705,0.596317932955211,6,40.780839957,1,2,0.00690784770995378,0.00135308364406228,0.851944148540497,0.00270616728812456,0.00448654033243656,0.00313345668837428,0.0393818542361259,0.0150263495743275,1,-2.38,12.8980164961736,0.0183584066976226,0.000191428206140843,0.00154493822838375,0.127420690621336,0,0
866311,2022,10,44.30952778,-73.9156944,8.64,205346,0.276140679005717,6.51064920425415,1653.62814125405,6.1874763455666,218.614173493705,0.346071213775175,6,40.780839957,1,2,0.00690784770995378,0.00135308364406228,0.851944148540497,0.00270616728812456,0.00448654033243656,0.00313345668837428,0.0393818542361259,0.0150263495743275,1.7,-1.8,12.8980164961736,0.0183584066976226,0.000191428206140843,0.00154493822838375,0.127420690621336,0,0
876648,2022,1,44.02052778,-75.7603333,17.5629032258065,206224,0.267435359610411,-12.0878143310547,615.111671802657,1.29544470597544,203.19146459818,0.0867120739109711,1,56.955380664,2,1,0.0434411056339741,0.00947158504277468,0.316621571779251,0.0419455915689468,0.0249964389950037,0.232160657644272,0.0406637229025364,0.000142429853440262,0.5,-2.4,10.6962326480217,0.0154503619623625,0.000607972043662167,0.0018574440010414,0.14427976455152,0,0
876649,2022,2,44.02052778,-75.7603333,16.1475,206224,0.389548324816631,-6.48482275009155,615.111671802657,1.29544470597544,203.19146459818,0.0782514683468594,1,56.955380664,2,1,0.0434411056339741,0.00947158504277468,0.316621571779251,0.0419455915689468,0.0249964389950037,0.232160657644272,0.0406637229025364,0.000142429853440262,1.1,-1.91,10.6962326480217,0.0154503619623625,0.000607972043662167,0.0018574440010414,0.14427976455152,0,0
877594,2022,1,38.95061944,-83.0259722,34.51,206230,0.255974121683077,-2.64490389823914,547.885523810084,0.709852695488788,227.040924015468,0.210122461713448,3,55.7742783,3,2,0.0276816617697477,0.00303650880232453,0.288538932800293,0.00918014254420996,0.0134877478703856,0.46839913725853,0.000564931833650917,0.0297295395284891,0.5,-2.4,6.03549789547623,0.00700843475307408,0.00089622615593126,0.0015847332288472,0.0511911410144468,0,0
877595,2022,4,38.95061944,-83.0259722,28.79,206230,0.310869617884618,10.7043209075928,547.885523810084,0.709852695488788,227.040924015468,0.662899669142963,3,55.7742783,3,2,0.0276816617697477,0.00303650880232453,0.288538932800293,0.00918014254420996,0.0134877478703856,0.46839913725853,0.000564931833650917,0.0297295395284891,1.7,-2.1,6.03549789547623,0.00700843475307408,0.00089622615593126,0.0015847332288472,0.0511911410144468,0,0
877596,2022,7,38.95061944,-83.0259722,32.5,206230,0.506108102040866,24.4230327606201,547.885523810084,0.709852695488788,227.040924015468,0.82416204142251,3,55.7742783,3,2,0.0276816617697477,0.00303650880232453,0.288538932800293,0.00918014254420996,0.0134877478703856,0.46839913725853,0.000564931833650917,0.0297295395284891,0.8,-2.62,6.03549789547623,0.00700843475307408,0.00089622615593126,0.0015847332288472,0.0511911410144468,0,0
878134,2022,2,39.84391667,-82.9828056,36.06,206744,0.537468117557181,0.143753364682198,713.118019003116,6.64786670891052,93.392414798853,0.1182533125785,3,80.741469939,3,2,0.177040308713913,0.0184446666389704,0.0788349211215973,0.00890186615288258,0.0197977498173714,0.396311074495316,0.00242130761034787,0.0729240849614143,1.1,-1.91,20.2421566627584,0.00333476460483918,0.0150938801076487,0.034736564546477,0.0824405954625209,0,0
878135,2022,5,39.84391667,-82.9828056,32.34,206744,0.657031993913484,18.7676830291748,713.118019003116,6.64786670891052,93.392414798853,0.60519991989213,3,80.741469939,3,2,0.177040308713913,0.0184446666389704,0.0788349211215973,0.00890186615288258,0.0197977498173714,0.396311074495316,0.00242130761034787,0.0729240849614143,1.4,-2.25,20.2421566627584,0.00333476460483918,0.0150938801076487,0.034736564546477,0.0824405954625209,0,0
878136,2022,8,39.84391667,-82.9828056,33.96,206744,0.179846280789343,22.9337482452393,713.118019003116,6.64786670891052,93.392414798853,0.586362273939812,3,80.741469939,3,2,0.177040308713913,0.0184446666389704,0.0788349211215973,0.00890186615288258,0.0197977498173714,0.396311074495316,0.00242130761034787,0.0729240849614143,1,-2.38,20.2421566627584,0.00333476460483918,0.0150938801076487,0.034736564546477,0.0824405954625209,0,0
878669,2022,1,40.1467316,-82.4196,20.91,206971,0.193778736679379,-4.87388610839844,892.232934597985,3.87046708076567,240.177193935995,0.19324444126857,3,75.721784892,3,2,0.05253866314888,0.0112280203029513,0.321587473154068,0.00826212856918573,0.0210437122732401,0.33938279747963,0.000635548320133239,0.030506320297718,0.5,-2.4,18.4349891987865,0.0212844351507907,0.00231261459208377,0.00201542792052187,0.0673408412648241,0,0
878670,2022,4,40.1467316,-82.4196,20.6,206971,0.294988963057381,9.13974285125732,892.232934597985,3.87046708076567,240.177193935995,0.559181404463109,3,75.721784892,3,2,0.05253866314888,0.0112280203029513,0.321587473154068,0.00826212856918573,0.0210437122732401,0.33938279747963,0.000635548320133239,0.030506320297718,1.7,-2.1,18.4349891987865,0.0212844351507907,0.00231261459208377,0.00201542792052187,0.0673408412648241,0,0
878671,2022,7,40.1467316,-82.4196,22.05,206971,0.540246588859822,22.9931564331055,892.232934597985,3.87046708076567,240.177193935995,0.787903393919275,3,75.721784892,3,2,0.05253866314888,0.0112280203029513,0.321587473154068,0.00826212856918573,0.0210437122732401,0.33938279747963,0.000635548320133239,0.030506320297718,0.8,-2.62,18.4349891987865,0.0212844351507907,0.00231261459208377,0.00201542792052187,0.0673408412648241,0,0
879536,2022,2,41.42671994,-81.34372048,10.48,207539,0.356087347256504,-2.32727885246277,1150.90863404035,2.16603912202321,191.657366715564,0.131857526784358,3,71.062992234,2,6,0.464534968137741,0.0103261647745967,0.252385705709457,0.00370317627675831,0.0047714002430439,0.0465745627880096,0.00192280299961567,0.0095428004860878,1.1,-1.91,48.8354372030929,0.00266816110509563,0.0028432993627794,0.00022901419898471,0.0491011447210113,0,0
879537,2022,4,41.42671994,-81.34372048,9.83,207539,0.351202106759349,7.82074689865112,1150.90863404035,2.16603912202321,191.657366715564,0.583166038218141,3,71.062992234,2,6,0.464534968137741,0.0103261647745967,0.252385705709457,0.00370317627675831,0.0047714002430439,0.0465745627880096,0.00192280299961567,0.0095428004860878,1.7,-2.1,48.8354372030929,0.00266816110509563,0.0028432993627794,0.00022901419898471,0.0491011447210113,0,0
879538,2022,6,41.42671994,-81.34372048,10.98,207539,0.220755004217127,20.0864181518555,1150.90863404035,2.16603912202321,191.657366715564,0.84988751878537,3,71.062992234,2,6,0.464534968137741,0.0103261647745967,0.252385705709457,0.00370317627675831,0.0047714002430439,0.0465745627880096,0.00192280299961567,0.0095428004860878,1.7,-1.34,48.8354372030929,0.00266816110509563,0.0028432993627794,0.00022901419898471,0.0491011447210113,0,0
879539,2022,8,41.42671994,-81.34372048,11.47,207539,0.349438560195976,21.4992332458496,1150.90863404035,2.16603912202321,191.657366715564,0.734138690131998,3,71.062992234,2,6,0.464534968137741,0.0103261647745967,0.252385705709457,0.00370317627675831,0.0047714002430439,0.0465745627880096,0.00192280299961567,0.0095428004860878,1,-2.38,48.8354372030929,0.00266816110509563,0.0028432993627794,0.00022901419898471,0.0491011447210113,0,0
879540,2022,10,41.42671994,-81.34372048,11.02,207539,0.370158548992836,10.2524280548096,1150.90863404035,2.16603912202321,191.657366715564,0.494957321398686,3,71.062992234,2,6,0.464534968137741,0.0103261647745967,0.252385705709457,0.00370317627675831,0.0047714002430439,0.0465745627880096,0.00192280299961567,0.0095428004860878,1.7,-1.8,48.8354372030929,0.00266816110509563,0.0028432993627794,0.00022901419898471,0.0491011447210113,0,0
880650,2022,10,41.5297222,-83.9280556,7.81,207722,0.0938626225714251,11.405611038208,679.11646544654,0.538537818648384,74.7861900784968,0.41701442050992,3,76.377952872,1,4,0.0451945476233959,0.00423698872327805,0.272226542234421,0.0115104867145419,0.0278228931128979,0.319539576768875,0.0213967934250832,0.00487253721803427,1.7,-1.8,2.80615050293089,0.0282631525957159,0.000540487929356581,0.000999726039267402,0.0713686444938183,0,0
882728,2022,1,39.8257555555556,-81.7380388888889,27.9070967741935,208166,0.257027894258075,-4.45457887649536,1069.86076130517,7.59846787167292,164.720776124894,0.206880907688563,3,28.772965923,2,2,0.015535625629127,0.00324835814535618,0.291222363710403,0.0132758989930153,0.342984259128571,0.0633429810404778,0,0.0264105647802353,0.5,-2.4,76.9967420752127,0.0112611229599975,0.00258155396779317,0.00190354849323606,0.052271259312133,0,0
882729,2022,2,39.8257555555556,-81.7380388888889,27.4407142857143,208166,0.508315870602113,-0.0552952736616135,1069.86076130517,7.59846787167292,164.720776124894,0.216051112025297,3,28.772965923,2,2,0.015535625629127,0.00324835814535618,0.291222363710403,0.0132758989930153,0.342984259128571,0.0633429810404778,0,0.0264105647802353,1.1,-1.91,76.9967420752127,0.0112611229599975,0.00258155396779317,0.00190354849323606,0.052271259312133,0,0
882730,2022,3,39.8257555555556,-81.7380388888889,26.9232258064516,208166,0.182202269363009,6.53198146820068,1069.86076130517,7.59846787167292,164.720776124894,0.505583906566731,3,28.772965923,2,2,0.015535625629127,0.00324835814535618,0.291222363710403,0.0132758989930153,0.342984259128571,0.0633429810404778,0,0.0264105647802353,1.8,-1.67,76.9967420752127,0.0112611229599975,0.00258155396779317,0.00190354849323606,0.052271259312133,0,0
882731,2022,4,39.8257555555556,-81.7380388888889,28.1173333333333,208166,0.317835670613882,9.57252883911133,1069.86076130517,7.59846787167292,164.720776124894,0.611548537335342,3,28.772965923,2,2,0.015535625629127,0.00324835814535618,0.291222363710403,0.0132758989930153,0.342984259128571,0.0633429810404778,0,0.0264105647802353,1.7,-2.1,76.9967420752127,0.0112611229599975,0.00258155396779317,0.00190354849323606,0.052271259312133,0,0
882732,2022,5,39.8257555555556,-81.7380388888889,29.2106451612903,208166,0.505237129558868,17.8948097229004,1069.86076130517,7.59846787167292,164.720776124894,0.761278859492143,3,28.772965923,2,2,0.015535625629127,0.00324835814535618,0.291222363710403,0.0132758989930153,0.342984259128571,0.0633429810404778,0,0.0264105647802353,1.4,-2.25,76.9967420752127,0.0112611229599975,0.00258155396779317,0.00190354849323606,0.052271259312133,0,0
882733,2022,6,39.8257555555556,-81.7380388888889,29.3753333333333,208166,0.618823495438797,20.9866580963135,1069.86076130517,7.59846787167292,164.720776124894,0.848339012013721,3,28.772965923,2,2,0.015535625629127,0.00324835814535618,0.291222363710403,0.0132758989930153,0.342984259128571,0.0633429810404778,0,0.0264105647802353,1.7,-1.34,76.9967420752127,0.0112611229599975,0.00258155396779317,0.00190354849323606,0.052271259312133,0,0
883652,2022,2,40.0943888888889,-82.9010333333333,19.8714285714286,208170,0.550443294690994,-0.395388633012772,840.071908987505,4.99016470159584,239.735151796309,0.177867356518148,3,52.066929213,4,2,0.811565279960632,0.00398803595453501,0.101481273770332,0.00128186866641045,0.000997008988633752,0.000427289545768872,0.000498504494316876,0.000284859706880525,1.1,-1.91,5.64104382053268,0.00984723719088644,0.0150938801076487,0.034736564546477,0.0784834440122048,0,0
883653,2022,3,40.0943888888889,-82.9010333333333,19.7177419354839,208170,0.240412459651293,6.88106203079224,840.071908987505,4.99016470159584,239.735151796309,0.470288645340285,3,52.066929213,4,2,0.811565279960632,0.00398803595453501,0.101481273770332,0.00128186866641045,0.000997008988633752,0.000427289545768872,0.000498504494316876,0.000284859706880525,1.8,-1.67,5.64104382053268,0.00984723719088644,0.0150938801076487,0.034736564546477,0.0784834440122048,0,0
883909,2022,1,41.3919981981415,-81.2081571462512,12.7045161290323,208172,0.278314330556591,-6.12378883361816,1149.20740973923,3.04506325113933,71.8774216768052,0.161040811958694,3,79.560367575,6,4,0.0870246440172195,0.00470018526539207,0.390685081481934,0.00726392259821296,0.0145990597084165,0.0732089430093765,0.00733513757586479,0.203745901584625,0.5,-2.4,8.51839469217017,0.00862966420970502,0.0028432993627794,0.00022901419898471,0.0981183318907023,0,0
884350,2022,3,33.78791944,-96.4670222,3.23,208177,0.223445817581156,12.4399404525757,540.549657379506,1.06748686071978,25.3286717086832,0.737682704094411,4,57.250656255,3,2,0.00861521065235138,0.00557870185002685,0.222865611314774,0.0384859815239906,0.258738785982132,0.16326530277729,0.00233034393750131,0.0456182472407818,1.8,-1.67,21.9141076263352,0.00414008633598453,0.000446658038909554,0.0022409123453824,0.0112712299692879,0,0
884351,2022,6,33.78791944,-96.4670222,3.01,208177,0.315518642514645,27.7218246459961,540.549657379506,1.06748686071978,25.3286717086832,1.48149525624783,4,57.250656255,3,2,0.00861521065235138,0.00557870185002685,0.222865611314774,0.0384859815239906,0.258738785982132,0.16326530277729,0.00233034393750131,0.0456182472407818,1.7,-1.34,21.9141076263352,0.00414008633598453,0.000446658038909554,0.0022409123453824,0.0112712299692879,0,7.94733271329992e-06
884352,2022,9,33.78791944,-96.4670222,5.84,208177,0,25.7503414154053,540.549657379506,1.06748686071978,25.3286717086832,1.16588913101033,4,57.250656255,3,2,0.00861521065235138,0.00557870185002685,0.222865611314774,0.0384859815239906,0.258738785982132,0.16326530277729,0.00233034393750131,0.0456182472407818,1.6,-2.29,21.9141076263352,0.00414008633598453,0.000446658038909554,0.0022409123453824,0.0112712299692879,0,1.18753247440114e-06
884353,2022,12,33.78791944,-96.4670222,3.27,208177,0.134384475872223,8.01966762542725,540.549657379506,1.06748686071978,25.3286717086832,0.292981716411104,4,57.250656255,3,2,0.00861521065235138,0.00557870185002685,0.222865611314774,0.0384859815239906,0.258738785982132,0.16326530277729,0.00233034393750131,0.0456182472407818,2.1,-2.21,21.9141076263352,0.00414008633598453,0.000446658038909554,0.0022409123453824,0.0112712299692879,0,7.35341721359628e-07
884441,2022,3,33.92437778,-95.5490833,22,208191,0.397143627379926,11.8270807266235,411.359238225705,1.55188697241044,67.7093914602289,0.716207209997397,4,109.514435862,2,6,0.0210437122732401,0.00225972733460367,0.0665207281708717,0.0115811033174396,0.0242214538156986,0.564861238002777,0.0471718087792397,0.0757008716464043,1.8,-1.67,7.50667702697003,0,0.000161931857744401,0.0015509473486186,0.0280954933745662,0,0
884442,2022,7,33.92437778,-95.5490833,22.16,208191,0.0453800167062641,30.9683990478516,411.359238225705,1.55188697241044,67.7093914602289,1.6987081238142,4,109.514435862,2,6,0.0210437122732401,0.00225972733460367,0.0665207281708717,0.0115811033174396,0.0242214538156986,0.564861238002777,0.0471718087792397,0.0757008716464043,0.8,-2.62,7.50667702697003,0,0.000161931857744401,0.0015509473486186,0.0280954933745662,0,0.000344022250211293
884443,2022,9,33.92437778,-95.5490833,23.39,208191,0.0213901014477917,25.1392154693604,411.359238225705,1.55188697241044,67.7093914602289,1.15817282945353,4,109.514435862,2,6,0.0210437122732401,0.00225972733460367,0.0665207281708717,0.0115811033174396,0.0242214538156986,0.564861238002777,0.0471718087792397,0.0757008716464043,1.6,-2.29,7.50667702697003,0,0.000161931857744401,0.0015509473486186,0.0280954933745662,0,5.46846571338102e-05
884444,2022,12,33.92437778,-95.5490833,22.93,208191,0.20465696921631,7.73642778396606,411.359238225705,1.55188697241044,67.7093914602289,0.281826305066856,4,109.514435862,2,6,0.0210437122732401,0.00225972733460367,0.0665207281708717,0.0115811033174396,0.0242214538156986,0.564861238002777,0.0471718087792397,0.0757008716464043,2.1,-2.21,7.50667702697003,0,0.000161931857744401,0.0015509473486186,0.0280954933745662,0,0
884473,2022,6,33.9877361,-94.8448806,21.37,208198,0.3073454033024,26.8485946655273,410.1049875,0.546112098159513,173.935279396737,1.1185592508172,2,47.309711358,3,2,0.0109455548226833,0.00324835814535618,0.324835807085037,0.0523268133401871,0.0367205701768398,0.308240950107574,0.0176541209220886,0.000494315347168595,1.7,-1.34,13.8743124194037,0.0123649046212553,0.000271451296524082,0.00302452698076972,0.0231324809192618,0,0
884475,2022,11,33.9877361,-94.8448806,24.95,208198,0.528351742003139,10.5669870376587,410.1049875,0.546112098159513,173.935279396737,0.377946538823817,2,47.309711358,3,2,0.0109455548226833,0.00324835814535618,0.324835807085037,0.0523268133401871,0.0367205701768398,0.308240950107574,0.0176541209220886,0.000494315347168595,0.3,-2.41,13.8743124194037,0.0123649046212553,0.000271451296524082,0.00302452698076972,0.0231324809192618,0,0
884492,2022,3,34.0251333,-96.0238778,132.24,208201,0.35725601130444,11.607403755188,617.074718045894,1.82463247674913,119.317647920636,0.693553565170912,4,57.545931846,2,4,0.00940037053078413,0.00270616728812456,0.355932205915451,0.0251388698816299,0.142358645796776,0.219270765781403,0.00121065380517393,0.000213644772884436,1.8,-1.67,7.59898365855403,0.00596168341490165,0.000446658038909554,0.0022409123453824,0.0145242571237683,0,0
884493,2022,6,34.0251333,-96.0238778,133.22,208201,0.428202822477553,27.0102367401123,617.074718045894,1.82463247674913,119.317647920636,1.30944840437512,4,57.545931846,2,4,0.00940037053078413,0.00270616728812456,0.355932205915451,0.0251388698816299,0.142358645796776,0.219270765781403,0.00121065380517393,0.000213644772884436,1.7,-1.34,7.59898365855403,0.00596168341490165,0.000446658038909554,0.0022409123453824,0.0145242571237683,0,0
884494,2022,9,34.0251333,-96.0238778,135.31,208201,0.0211166553618041,25.089298248291,617.074718045894,1.82463247674913,119.317647920636,1.15012682190947,4,57.545931846,2,4,0.00940037053078413,0.00270616728812456,0.355932205915451,0.0251388698816299,0.142358645796776,0.219270765781403,0.00121065380517393,0.000213644772884436,1.6,-2.29,7.59898365855403,0.00596168341490165,0.000446658038909554,0.0022409123453824,0.0145242571237683,0,0
884495,2022,11,34.0251333,-96.0238778,134.88,208201,0.495535333140102,10.3243551254272,617.074718045894,1.82463247674913,119.317647920636,0.343432514582531,4,57.545931846,2,4,0.00940037053078413,0.00270616728812456,0.355932205915451,0.0251388698816299,0.142358645796776,0.219270765781403,0.00121065380517393,0.000213644772884436,0.3,-2.41,7.59898365855403,0.00596168341490165,0.000446658038909554,0.0022409123453824,0.0145242571237683,0,0
884521,2022,3,34.05680278,-95.2960583,50.74,208207,0.408235185097275,11.2444248199463,535.519757774355,0.425952716362845,240.576047838604,0.690988456594922,1,44.127296655,3,2,0.0145469950512052,0.00218911096453667,0.161005571484566,0.0288821402937174,0.0215380266308784,0.589859485626221,0.00310712517239153,0.000988630694337189,1.8,-1.67,39.9075593829065,0.00554523742624372,0.000161931857744401,0.0015509473486186,0.0218847225157668,0,0
884522,2022,6,34.05680278,-95.2960583,50.9,208207,0.37828250251658,26.6232013702393,535.519757774355,0.425952716362845,240.576047838604,1.23994742354185,1,44.127296655,3,2,0.0145469950512052,0.00218911096453667,0.161005571484566,0.0288821402937174,0.0215380266308784,0.589859485626221,0.00310712517239153,0.000988630694337189,1.7,-1.34,39.9075593829065,0.00554523742624372,0.000161931857744401,0.0015509473486186,0.0218847225157668,0,0
884523,2022,9,34.05680278,-95.2960583,51.96,208207,0.0208111885967846,24.6045169830322,535.519757774355,0.425952716362845,240.576047838604,1.13294556557158,1,44.127296655,3,2,0.0145469950512052,0.00218911096453667,0.161005571484566,0.0288821402937174,0.0215380266308784,0.589859485626221,0.00310712517239153,0.000988630694337189,1.6,-2.29,39.9075593829065,0.00554523742624372,0.000161931857744401,0.0015509473486186,0.0218847225157668,0,0
884524,2022,11,34.05680278,-95.2960583,53.9542857142857,208207,0.491936001061089,10.1416912078857,535.519757774355,0.425952716362845,240.576047838604,0.359191769923112,1,44.127296655,3,2,0.0145469950512052,0.00218911096453667,0.161005571484566,0.0288821402937174,0.0215380266308784,0.589859485626221,0.00310712517239153,0.000988630694337189,0.3,-2.41,39.9075593829065,0.00554523742624372,0.000161931857744401,0.0015509473486186,0.0218847225157668,0,0
884624,2022,2,34.35010278,-96.6423667,25.04,208242,0.229307635598289,5.19240188598633,919.185687602923,0.819252313827949,218.473645221775,0.423575574662659,1,38.123359638,2,2,0.00501377042382956,0.00204787799157202,0.210084035992622,0.0331191308796406,0.277452170848846,0.20895417034626,7.06164792063646e-05,0.00586116779595613,1.1,-1.91,22.2286496287528,0.0196881563949522,0.000819391325259755,0.00141809325358288,0.0206357378301024,0,0
884646,2022,1,34.36527778,-96.6888889,18.24,208250,0.0265602490185534,4.20265340805054,941.034852035271,0.713056115622143,249.628757352822,0.35371114629408,1,40.748031558,2,4,0.00384560599923134,0.00128186866641045,0.500569701194763,0.0170915815979242,0.19755020737648,0.0595356784760952,0,0.00106822384987026,0.5,-2.4,22.3184273651025,0.00870493838557403,0.000819391325259755,0.00141809325358288,0.0105594159472237,0,0
890402,2022,2,36.48368309,-96.3186245,4.65,212485,0.142913478157425,2.97781825065613,817.316670197096,1.31867627031838,216.882970076344,0.394558919670316,3,75.229658907,2,4,0.00240096030756831,0.000706164806615561,0.088694304227829,0.00621425034478307,0.825012385845184,0.00473130447790027,0,0.000494315347168595,1.1,-1.91,4.15749828965557,0.00890481160185552,0.000151718807205551,0.00116255316467793,0.0204995064365367,0,0
894011,2022,1,35.81087905,-99.85057286,110.28,214049,0.00353636782850797,1.51957678794861,2390.61230932452,3.57409977096706,290.258425772007,0.193357555553148,2,70.177165461,1,2,0.00712149264290929,0.00220766267739236,0.0545506328344345,0.186440676450729,0.426791042089462,0.0506338141858578,0.00591083895415068,0.00754878204315901,0.5,-2.4,110.627697689774,0.0378787999174839,0.000451731634709173,0.000174418603401597,0.010037210203819,0,0
894055,2022,9,35.17536756,-98.87450247,31.3,214051,0.104103238722075,24.9280433654785,1541.59550032686,0.929043697301581,129.541804853452,0.79205265315743,2,23.818897674,4,2,0.00541233457624912,0.00185158813837916,0.0349665284156799,0.135949298739433,0.229312062263489,0.354935199022293,0,0.00277738203294575,1.6,-2.29,12.6706146072384,0.0162555220618803,0.00113803232204412,0.00130203447371714,0.00902075876527776,0,3.10364034453513e-05
894868,2022,5,35.51878925,-99.70455496,85,214092,0.414460776050402,21.2523365020752,2361.16710535043,1.11181809913881,247.5115385753,1.29679702595458,2,123.064304649,1,2,0.00705027766525745,0.00334710162132978,0.0169491525739431,0.149408921599388,0.459122627973557,0.0759863257408142,0.000284859706880525,0,1.4,-2.25,86.3111740082582,0.0493055139489601,0.000451731634709173,0.000174418603401597,0.0196990578799943,0,3.37713865391757e-05
895413,2022,2,34.49334363,-99.6510207,35.94,214122,0.0716484939482798,4.74190282821655,1462.23272881217,0.727849689691565,257.730899031178,0.471476758336908,1,32.972440995,3,2,0.00621425034478307,0.00197726138867438,0.0139820631593466,0.255066722631454,0.0177953541278839,0.54840761423111,0.000988630694337189,0.00155356258619577,1.1,-1.91,20.527551837394,0.0377204044136342,0.00231993110978195,0.0101561826070485,0.00721492179089536,0,0
897679,2022,2,34.1391671,-95.20967871,41.15,214247,0.349607693460168,5.24641227722168,591.418154422151,3.19040191477152,313.860223746702,0.406416745941275,2,45.045931827,3,2,0.00534111959859729,0.0019940179772675,0.55561888217926,0.036675687879324,0.162013962864876,0.0681526884436607,0.0134596209973097,7.12149267201312e-05,1.1,-1.91,39.4187043005702,0.0185773682960854,0.000161931857744401,0.0015509473486186,0.0413904535488288,0,0
899420,2022,1,34.0117736248255,-95.0885607737821,73.4132258064516,214341,0.0590840287993996,4.94741773605347,541.295977856475,0.90098737864634,134.497488408016,0.230051751874436,2,43.274278281,3,2,0.0836063250899315,0.00363196129910648,0.280301958322525,0.0129611166194081,0.0232872813940048,0.332288861274719,0.00605326890945435,0.00163794332183897,0.5,-2.4,61.8193845111614,0.00895333866318257,0.000271451296524082,0.00302452698076972,0.0355718302094936,0,0
900214,2022,3,35.2188666666667,-98.5709805555556,69.0487096774194,214345,0.0957348154176504,10.4026660919189,1439.71783839365,1.68222361782675,112.906817702323,0.563513238516866,2,34.580052546,1,1,0.00487253721803427,0.00127109664026648,0.00734411412850022,0.00310712517239153,0.199774026870728,0.688016355037689,0.000494315347168595,0.00105924718081951,1.8,-1.67,37.1749101287725,0.00578401952608174,0.00705695774277085,0.00121314110035309,0.00911345103078832,0,0.000343476564972189
900215,2022,4,35.2188666666667,-98.5709805555556,69.3253333333333,214345,0.0707478599422228,17.0000305175781,1439.71783839365,1.68222361782675,112.906817702323,0.873393463100647,2,34.580052546,1,1,0.00487253721803427,0.00127109664026648,0.00734411412850022,0.00310712517239153,0.199774026870728,0.688016355037689,0.000494315347168595,0.00105924718081951,1.7,-2.1,37.1749101287725,0.00578401952608174,0.00705695774277085,0.00121314110035309,0.00911345103078832,0,0.000853148297221255
902198,2022,1,42.18378815,-121.6991117,18.71,214710,0.057141630755195,1.62377059459686,4163.51966864904,2.21065564776758,308.084627127241,0.0742162057297571,2,80.511811146,4,2,0.197867378592491,0.00317774177528918,0.00847397744655609,0.00882706046104431,0.0185721348971128,0.617117464542389,0,0,0.5,-2.4,75.9476377485163,0.0714802955466422,0.00365751264070491,0.0123622708397474,0.0143815989523878,0,0
902199,2022,4,42.18378815,-121.6991117,19,214710,0.155813087239648,4.62665843963623,4163.51966864904,2.21065564776758,308.084627127241,0.423563109313307,2,80.511811146,4,2,0.197867378592491,0.00317774177528918,0.00847397744655609,0.00882706046104431,0.0185721348971128,0.617117464542389,0,0,1.7,-2.1,75.9476377485163,0.0714802955466422,0.00365751264070491,0.0123622708397474,0.0143815989523878,0,0
902200,2022,7,42.18378815,-121.6991117,19.52,214710,0.0246264443684236,21.1054840087891,4163.51966864904,2.21065564776758,308.084627127241,0.888714528871454,2,80.511811146,4,2,0.197867378592491,0.00317774177528918,0.00847397744655609,0.00882706046104431,0.0185721348971128,0.617117464542389,0,0,0.8,-2.62,75.9476377485163,0.0714802955466422,0.00365751264070491,0.0123622708397474,0.0143815989523878,0,0.000873094768166765
902201,2022,10,42.18378815,-121.6991117,20.14,214710,0.012121264721429,11.6660289764404,4163.51966864904,2.21065564776758,308.084627127241,0.408379462755231,2,80.511811146,4,2,0.197867378592491,0.00317774177528918,0.00847397744655609,0.00882706046104431,0.0185721348971128,0.617117464542389,0,0,1.7,-1.8,75.9476377485163,0.0714802955466422,0.00365751264070491,0.0123622708397474,0.0143815989523878,0,0.00028937157356376
902893,2022,1,42.4313189,-122.1445145,48.95,215254,0.201054858716056,2.21813821792603,4198.80633735898,2.78893102487463,44.9446246032568,0.0051704096121794,2,57.513123447,1,2,0.011964107863605,0.00213644769974053,0.920096874237061,0.00925794057548046,0.00170915818307549,0,0.00213644769974053,0,0.5,-2.4,8.72124916686409,0.0186153846473899,0.00365751264070491,0.0123622708397474,0.0213678079151114,0,0
902894,2022,4,42.4313189,-122.1445145,48.12,215254,0.433184056177043,4.10421228408813,4198.80633735898,2.78893102487463,44.9446246032568,0.284199226991599,2,57.513123447,1,2,0.011964107863605,0.00213644769974053,0.920096874237061,0.00925794057548046,0.00170915818307549,0,0.00213644769974053,0,1.7,-2.1,8.72124916686409,0.0186153846473899,0.00365751264070491,0.0123622708397474,0.0213678079151114,0,0
902895,2022,10,42.4313189,-122.1445145,49.05,215254,0.124370257248776,12.3107690811157,4198.80633735898,2.78893102487463,44.9446246032568,0.560580627412404,2,57.513123447,1,2,0.011964107863605,0.00213644769974053,0.920096874237061,0.00925794057548046,0.00170915818307549,0,0.00213644769974053,0,1.7,-1.8,8.72124916686409,0.0186153846473899,0.00365751264070491,0.0123622708397474,0.0213678079151114,0,0
903038,2022,7,42.45968546,-122.1064473,8.58,215319,0.0207595562687227,19.9570999145508,4150.2624735,0.158219444802747,142.909233505027,1.10879472715853,2,72.736220583,3,2,0.023938987404108,0.00317774177528918,0.69310075044632,0.0198432318866253,0.022385424003005,0.0141232963651419,0.0326248146593571,0,0.8,-2.62,1.85611777856814,0.00928572601257231,0.00365751264070491,0.0123622708397474,0.014760164683871,0,0
906212,2022,3,45.4604816,-122.491007,114.1,217984,0.35742309204123,8.7009105682373,395.590064297054,0.925718612983726,85.1578232428876,0.319307833378459,2,56.75853027,4,4,0.422446936368942,0.00904429610818624,0.198048710823059,0.00804728642106056,0.0166642926633358,0.11230593919754,0.00398803595453501,0,1.8,-1.67,0.527551657591233,0.000926621111772637,0.00518540759867207,0.0162652338836201,0.122311819846332,0,0
906213,2022,6,45.4604816,-122.491007,112.84,217984,0.411456226363538,16.7517223358154,395.590064297054,0.925718612983726,85.1578232428876,0.632697379205374,2,56.75853027,4,4,0.422446936368942,0.00904429610818624,0.198048710823059,0.00804728642106056,0.0166642926633358,0.11230593919754,0.00398803595453501,0,1.7,-1.34,0.527551657591233,0.000926621111772637,0.00518540759867207,0.0162652338836201,0.122311819846332,0,0
906214,2022,9,45.4604816,-122.491007,115.21,217984,0.0240019300530281,19.0903606414795,395.590064297054,0.925718612983726,85.1578232428876,0.717915113043485,2,56.75853027,4,4,0.422446936368942,0.00904429610818624,0.198048710823059,0.00804728642106056,0.0166642926633358,0.11230593919754,0.00398803595453501,0,1.6,-2.29,0.527551657591233,0.000926621111772637,0.00518540759867207,0.0162652338836201,0.122311819846332,0,7.79991594862181e-09
906215,2022,12,45.4604816,-122.491007,113.95,217984,0.680437314324358,3.39275860786438,395.590064297054,0.925718612983726,85.1578232428876,0.116354787307541,2,56.75853027,4,4,0.422446936368942,0.00904429610818624,0.198048710823059,0.00804728642106056,0.0166642926633358,0.11230593919754,0.00398803595453501,0,2.1,-2.21,0.527551657591233,0.000926621111772637,0.00518540759867207,0.0162652338836201,0.122311819846332,0,0
909518,2022,2,44.030417,-118.937861,10.9,218913,0.0534311055071926,-0.320130795240402,4571.11805706837,1.50380011314489,277.531802064039,0.161504658121009,3,101.738845299,2,5,0.00170915818307549,0.000498504494316876,0.0105398092418909,0.454351246356964,0.0746332406997681,0.00470018526539207,0.307862132787704,0,1.1,-1.91,6.35182725502664,0.00487742168021552,6.92503602786669e-05,0.00117820911134668,0.00446279627339294,0,0
909519,2022,6,44.030417,-118.937861,9.5,218913,0.124060413218761,13.3423843383789,4571.11805706837,1.50380011314489,277.531802064039,0.890833438014633,3,101.738845299,2,5,0.00170915818307549,0.000498504494316876,0.0105398092418909,0.454351246356964,0.0746332406997681,0.00470018526539207,0.307862132787704,0,1.7,-1.34,6.35182725502664,0.00487742168021552,6.92503602786669e-05,0.00117820911134668,0.00446279627339294,0,0
909520,2022,8,44.030417,-118.937861,11.1,218913,0.0141877327281109,21.4684658050537,4571.11805706837,1.50380011314489,277.531802064039,1.17147080406774,3,101.738845299,2,5,0.00170915818307549,0.000498504494316876,0.0105398092418909,0.454351246356964,0.0746332406997681,0.00470018526539207,0.307862132787704,0,1,-2.38,6.35182725502664,0.00487742168021552,6.92503602786669e-05,0.00117820911134668,0.00446279627339294,0,0
909521,2022,10,44.030417,-118.937861,11.2,218913,0.0654149557091703,10.2655591964722,4571.11805706837,1.50380011314489,277.531802064039,0.482801753500145,3,101.738845299,2,5,0.00170915818307549,0.000498504494316876,0.0105398092418909,0.454351246356964,0.0746332406997681,0.00470018526539207,0.307862132787704,0,1.7,-1.8,6.35182725502664,0.00487742168021552,6.92503602786669e-05,0.00117820911134668,0.00446279627339294,0,0
909585,2022,1,45.0227062768,-122.744413068,212.64,218915,0.362122228376882,4.9522500038147,318.427913107591,1.46679253545956,330.091545709379,0.0875962689246855,2,64.698162828,4,4,0.0210084039717913,0.0121065378189087,0.0153112094849348,0.00548354955390096,0.0131747610867023,0.760361790657043,0.0134596209973097,0.000925794069189578,0.5,-2.4,29.1196443094242,0.0350632607255403,0.0228191063173661,0.026764967973811,0.0934448442481955,0,0
909586,2022,4,45.0227062768,-122.744413068,208.24,218915,0.39165617033649,8.28699684143066,318.427913107591,1.46679253545956,330.091545709379,0.349817301563521,2,64.698162828,4,4,0.0210084039717913,0.0121065378189087,0.0153112094849348,0.00548354955390096,0.0131747610867023,0.760361790657043,0.0134596209973097,0.000925794069189578,1.7,-2.1,29.1196443094242,0.0350632607255403,0.0228191063173661,0.026764967973811,0.0934448442481955,0,0
909631,2022,3,44.3222646873,-117.968924706,35.64,218916,0.0263939192064234,4.63790321350098,3848.67997930391,7.29230618900355,23.862566127432,0.263730898079036,2,108.038057907,4,2,0.0157474763691425,0.00240096030756831,0.00628486694768071,0.514794170856476,0.0590353794395924,0.140244334936142,0.0211849454790354,0,1.8,-1.67,30.3927275601485,0.0266961028945479,0.0009447036334213,0.00876266584436754,0.00366332726575124,0,0
909632,2022,9,44.3222646873,-117.968924706,36.54,218916,0.0467445250343104,18.1863670349121,3848.67997930391,7.29230618900355,23.862566127432,0.550930344425295,2,108.038057907,4,2,0.0157474763691425,0.00240096030756831,0.00628486694768071,0.514794170856476,0.0590353794395924,0.140244334936142,0.0211849454790354,0,1.6,-2.29,30.3927275601485,0.0266961028945479,0.0009447036334213,0.00876266584436754,0.00366332726575124,0,3.00762632202148e-05
909659,2022,4,45.842782,-119.37261,28.01,218917,0.168104622563244,8.63290405273438,542.276849406863,0.73388650086704,87.5999429744958,0.59416983787359,3,85.137795405,1,3,0.0482310578227043,0.00240096030756831,0.00579055165871978,0.199138477444649,0.0320598818361759,0.523691833019257,0,0.000988630694337189,1.7,-2.1,14.0047683703415,0.0148339434800607,0.00575189645259623,0.00878031155723303,0.0035972302494167,0,0.00110674436091189
909660,2022,7,45.842782,-119.37261,27.84,218917,0.000763118385551244,25.2735710144043,542.276849406863,0.73388650086704,87.5999429744958,1.13568854316864,3,85.137795405,1,3,0.0482310578227043,0.00240096030756831,0.00579055165871978,0.199138477444649,0.0320598818361759,0.523691833019257,0,0.000988630694337189,0.8,-2.62,14.0047683703415,0.0148339434800607,0.00575189645259623,0.00878031155723303,0.0035972302494167,0,0.00239394699009288
909830,2022,3,44.24481,-120.96769,289.56,218919,0.0502472725578186,5.99341869354248,3242.93333966601,1.83991826379757,9.86573706731961,0.323154044454769,9,69.520997481,4,2,0.017371654510498,0.0040251393802464,0.0115811033174396,0.492479354143143,0.00783842988312244,0.322011142969131,0.000847397779580206,0,1.8,-1.67,126.784830461312,0.021854068269898,0.000753694468119993,0.00623230678079286,0.00489645762016997,1,0
909831,2022,8,44.24481,-120.96769,288.82,218919,0.0504233268442921,22.5882415771484,3242.93333966601,1.83991826379757,9.86573706731961,0.979585223548004,9,69.520997481,4,2,0.017371654510498,0.0040251393802464,0.0115811033174396,0.492479354143143,0.00783842988312244,0.322011142969131,0.000847397779580206,0,1,-2.38,126.784830461312,0.021854068269898,0.000753694468119993,0.00623230678079286,0.00489645762016997,1,0.000593601811048418
909964,2022,3,43.5311294561,-121.471077093,65.86,218923,0.0401999850896688,4.35673761367798,4311.04411473193,0.2186832074912,96.7392094345379,0.469037254425668,3,65.846456793,1,1,0.0265631675720215,0.00320467166602612,0.430850297212601,0.28571429848671,0.00363196129910648,0.000142429853440262,0,0,1.8,-1.67,3.46086900278431,0.0703862293638768,0.00365751264070491,0.0123622708397474,0.0180657294738541,0,0
909965,2022,6,43.5311294561,-121.471077093,65.95,218923,0.199640216780414,13.6651439666748,4311.04411473193,0.2186832074912,96.7392094345379,0.961499353303363,3,65.846456793,1,1,0.0265631675720215,0.00320467166602612,0.430850297212601,0.28571429848671,0.00363196129910648,0.000142429853440262,0,0,1.7,-1.34,3.46086900278431,0.0703862293638768,0.00365751264070491,0.0123622708397474,0.0180657294738541,0,0
910085,2022,7,44.3783302669,-121.352149109,365.84,218925,0.0122730234663075,22.0311813354492,2758.33369577323,1.27850512302467,33.1062396272924,1.11356620256973,2,70.045931865,3,2,0.00344728515483439,0.000574547564610839,0.00366274057887495,0.600330352783203,0.0139327775686979,0.28195920586586,0.000287273782305419,0.00165182421915233,0.8,-2.62,8.79322294885955,0.0125535654452953,0.00229615485813295,0.00359613176242975,0.00336905264656059,0,0.000118896216184341
910157,2022,2,42.2729420564,-123.259955923,9.38,218930,0.0348004800970038,6.5880184173584,1315.5703546715,3.07096287449503,131.664723226458,0.404167200938125,8,47.276902959,4,2,0.0257750153541565,0.00423698872327805,0.171880513429642,0.0693453848361969,0.0238683708012104,0.385071665048599,0.0524680465459824,0.00112986366730183,1.1,-1.91,33.2633811224771,0.00218492979197267,0.000912662812017798,0.00363399361749642,0.0132379910157373,0,0
910227,2022,8,42.1228700138,-123.595759945,25.09,218932,0,23.1107444763184,1387.7952777,0.413354315290897,279.236935006956,0.929562127031937,2,73.851706149,1,3,0.0337546765804291,0.00614363374188542,0.16326530277729,0.0440646857023239,0.0310006346553564,0.262481451034546,0.0871407389640808,0,1,-2.38,3.28065197328177,0.00852811849931445,0.000912662812017798,0.00363399361749642,0.082674428324302,0,3.61159803763467e-05
910302,2022,1,44.60035,-121.12824,479.64,218933,0.0730978473763172,2.94898176193237,2492.40554322467,1.675287428699,19.511219560877,0.0908338367911686,2,61.384514529,2,2,0.0505614019930363,0.00395452277734876,0.0126403504982591,0.387119561433792,0.0300826206803322,0.32928466796875,0,0,0.5,-2.4,64.982254147118,0.0233956146031138,0.000383753659736744,0.0139861349503636,0.00650408044281105,0,0
910303,2022,4,44.60035,-121.12824,480.02,218933,0.0900881248001192,6.1196026802063,2492.40554322467,1.675287428699,19.511219560877,0.536092974258641,2,61.384514529,2,2,0.0505614019930363,0.00395452277734876,0.0126403504982591,0.387119561433792,0.0300826206803322,0.32928466796875,0,0,1.7,-2.1,64.982254147118,0.0233956146031138,0.000383753659736744,0.0139861349503636,0.00650408044281105,0,0
910305,2022,10,44.60035,-121.12824,481.68,218933,0.0474870674975252,13.5253610610962,2492.40554322467,1.675287428699,19.511219560877,0.428040322381187,2,61.384514529,2,2,0.0505614019930363,0.00395452277734876,0.0126403504982591,0.387119561433792,0.0300826206803322,0.32928466796875,0,0,1.7,-1.8,64.982254147118,0.0233956146031138,0.000383753659736744,0.0139861349503636,0.00650408044281105,0,1.9413731531804e-05
911354,2022,2,43.41535728,-118.5777496,64.8,218952,0.0334826824116454,0.614703178405762,4133.858274,0.000638889946060107,8.06752540667427,0.0763312976725828,3,86.417322966,4,2,0.0187839847058058,0.00204787799157202,0.00628486694768071,0.291363596916199,0.0913071110844612,0.416849106550217,0,0,1.1,-1.91,7.05198745222499,0.0137805743258349,0.00212594054498832,0.00380390751169097,0.00325462289998618,0,0
911355,2022,5,43.41535728,-118.5777496,67.51,218952,0.0836715424174953,9.21462726593018,4133.858274,0.000638889946060107,8.06752540667427,0.678639150134171,3,86.417322966,4,2,0.0187839847058058,0.00204787799157202,0.00628486694768071,0.291363596916199,0.0913071110844612,0.416849106550217,0,0,1.4,-2.25,7.05198745222499,0.0137805743258349,0.00212594054498832,0.00380390751169097,0.00325462289998618,0,0.000115179042175592
911356,2022,8,43.41535728,-118.5777496,68.72,218952,0.00911759424218774,23.8747692108154,4133.858274,0.000638889946060107,8.06752540667427,0.862590761069074,3,86.417322966,4,2,0.0187839847058058,0.00204787799157202,0.00628486694768071,0.291363596916199,0.0913071110844612,0.416849106550217,0,0,1,-2.38,7.05198745222499,0.0137805743258349,0.00212594054498832,0.00380390751169097,0.00325462289998618,0,0.000724700597135542
911357,2022,10,43.41535728,-118.5777496,68.1,218952,0.0513719949977497,11.9262466430664,4133.858274,0.000638889946060107,8.06752540667427,0.329826585765367,3,86.417322966,4,2,0.0187839847058058,0.00204787799157202,0.00628486694768071,0.291363596916199,0.0913071110844612,0.416849106550217,0,0,1.7,-1.8,7.05198745222499,0.0137805743258349,0.00212594054498832,0.00380390751169097,0.00325462289998618,0,0.000201559191378965
911453,2022,6,42.4093399989,-118.63452,24.6,218959,0.0945879344425518,17.4826850891113,4078.29639329941,1.18833607209715,189.441975070324,0.69006927474977,10,109.612861059,4,2,7.12149267201312e-05,0.00932915508747101,0.00106822384987026,0.201538249850273,0.382068067789078,0.0670844614505768,0.130465745925903,0,1.7,-1.34,43.2099539494935,0.0695328875259656,0.00212594054498832,0.00380390751169097,0.00653930346296479,0,0
911454,2022,9,42.4093399989,-118.63452,33,218959,0.00341566842265434,19.8902606964111,4078.29639329941,1.18833607209715,189.441975070324,0.53890623840385,10,109.612861059,4,2,7.12149267201312e-05,0.00932915508747101,0.00106822384987026,0.201538249850273,0.382068067789078,0.0670844614505768,0.130465745925903,0,1.6,-2.29,43.2099539494935,0.0695328875259656,0.00212594054498832,0.00380390751169097,0.00653930346296479,0,0
911643,2022,10,41.998906,-117.782527,20.27,218965,0.0386512186232414,11.7544822692871,4458.46264914223,0.608284890732805,86.9712996536668,0.331520821982648,3,143.438320428,4,5,0.00642609968781471,0.00127109664026648,0.0026128098834306,0.266930311918259,0.121601581573486,0.0413812585175037,0.36028528213501,0,1.7,-1.8,19.17445130647,0.0807770370315738,0.0009447036334213,0.00876266584436754,0.00256050212316836,0,3.66895409930305e-05
911853,2022,8,44.063887,-117.265295,44.59,218969,0.0451883087694881,27.232234954834,2336.5644230247,2.0778951089154,252.479401766791,0.911179190991907,2,104.035433229,4,2,0.00282465922646224,0.000211849444895051,0.00141232961323112,0.0804321765899658,0.787656247615814,0.00480192061513662,0,0,1,-2.38,30.5080320416499,0.0335026760489556,0.0009447036334213,0.00876266584436754,0.00317020498359886,0,0.000808981338926218
911898,2022,3,43.99615,-117.22529,10.31,218970,0.0341942586192046,7.77796745300293,2240.8136517,0.31349843135241,168.705978597508,0.30400421409058,2,93.208661559,4,6,0.020367469638586,0.00163794332183897,0.00648055830970407,0.0195841044187546,0.150263488292694,0.646346688270569,0.000356074626324698,0.0065517732873559,1.8,-1.67,6.1423403947183,0.0216183440316788,0.0009447036334213,0.00876266584436754,0.00635474646870668,1,0
911899,2022,8,43.99615,-117.22529,9.02,218970,0.0450302547728788,27.0844268798828,2240.8136517,0.31349843135241,168.705978597508,0.911179190991907,2,93.208661559,4,6,0.020367469638586,0.00163794332183897,0.00648055830970407,0.0195841044187546,0.150263488292694,0.646346688270569,0.000356074626324698,0.0065517732873559,1,-2.38,6.1423403947183,0.0216183440316788,0.0009447036334213,0.00876266584436754,0.00635474646870668,1,0.000608714425727667
911900,2022,11,43.99615,-117.22529,10.87,218970,0.0969222588397854,0.483775079250336,2240.8136517,0.31349843135241,168.705978597508,0.117715700583778,2,93.208661559,4,6,0.020367469638586,0.00163794332183897,0.00648055830970407,0.0195841044187546,0.150263488292694,0.646346688270569,0.000356074626324698,0.0065517732873559,0.3,-2.41,6.1423403947183,0.0216183440316788,0.0009447036334213,0.00876266584436754,0.00635474646870668,1,4.55362112278113e-06
912071,2022,2,45.3776399994,-117.22948,45.5,218975,0.0562665594760963,-1.78471398353577,4027.64706323222,0.745205453076909,21.1015219977158,0.0976186413383961,2,88.188976512,3,2,0.034610453993082,0.00291981198824942,0.133812844753265,0.0179461613297462,0.139723688364029,0.40442955493927,0.0175900869071484,0,1.1,-1.91,4.6703047397845,0.0284452082872328,0.000436395322421169,0.00705855739602358,0.00841162754178047,0,0
912072,2022,5,45.3776399994,-117.22948,45.7,218975,0.279077795658138,8.19202041625977,4027.64706323222,0.745205453076909,21.1015219977158,0.518993568708664,2,88.188976512,3,2,0.034610453993082,0.00291981198824942,0.133812844753265,0.0179461613297462,0.139723688364029,0.40442955493927,0.0175900869071484,0,1.4,-2.25,4.6703047397845,0.0284452082872328,0.000436395322421169,0.00705855739602358,0.00841162754178047,0,0
912073,2022,10,45.3776399994,-117.22948,36.02,218975,0.0634461188592379,10.7649030685425,4027.64706323222,0.745205453076909,21.1015219977158,0.288437671048508,2,88.188976512,3,2,0.034610453993082,0.00291981198824942,0.133812844753265,0.0179461613297462,0.139723688364029,0.40442955493927,0.0175900869071484,0,1.7,-1.8,4.6703047397845,0.0284452082872328,0.000436395322421169,0.00705855739602358,0.00841162754178047,0,0.00011979501340329
928893,2022,2,40.31230556,-78.13125,52.44,227154,0.337279062458382,-0.220443949103355,968.300095737245,5.12571865045579,89.6451948026922,0.250932138178615,2,44.422572246,3,2,0.0238683708012104,0.00416637258604169,0.71640419960022,0.00600240100175142,0.0129228159785271,0.0879175215959549,7.06164792063646e-05,0,1.1,-1.91,2.55649054220012,0.00716099944037947,0.000676185647666374,0.0005467721265819,0.081084449603955,0,0
928894,2022,4,40.31230556,-78.13125,52.43,227154,0.275765341829963,8.84495735168457,968.300095737245,5.12571865045579,89.6451948026922,0.605593003920676,2,44.422572246,3,2,0.0238683708012104,0.00416637258604169,0.71640419960022,0.00600240100175142,0.0129228159785271,0.0879175215959549,7.06164792063646e-05,0,1.7,-2.1,2.55649054220012,0.00716099944037947,0.000676185647666374,0.0005467721265819,0.081084449603955,0,0
928895,2022,6,40.31230556,-78.13125,53.29,227154,0.37330189458764,20.6961345672607,968.300095737245,5.12571865045579,89.6451948026922,0.84283903955929,2,44.422572246,3,2,0.0238683708012104,0.00416637258604169,0.71640419960022,0.00600240100175142,0.0129228159785271,0.0879175215959549,7.06164792063646e-05,0,1.7,-1.34,2.55649054220012,0.00716099944037947,0.000676185647666374,0.0005467721265819,0.081084449603955,0,0
928896,2022,8,40.31230556,-78.13125,54.38,227154,0.383477499435873,22.4052314758301,968.300095737245,5.12571865045579,89.6451948026922,0.784466712121559,2,44.422572246,3,2,0.0238683708012104,0.00416637258604169,0.71640419960022,0.00600240100175142,0.0129228159785271,0.0879175215959549,7.06164792063646e-05,0,1,-2.38,2.55649054220012,0.00716099944037947,0.000676185647666374,0.0005467721265819,0.081084449603955,0,0
928897,2022,10,40.31230556,-78.13125,54.72,227154,0.141535543922233,10.2652235031128,968.300095737245,5.12571865045579,89.6451948026922,0.449368434998319,2,44.422572246,3,2,0.0238683708012104,0.00416637258604169,0.71640419960022,0.00600240100175142,0.0129228159785271,0.0879175215959549,7.06164792063646e-05,0,1.7,-1.8,2.55649054220012,0.00716099944037947,0.000676185647666374,0.0005467721265819,0.081084449603955,0,0
928898,2022,12,40.31230556,-78.13125,53.81,227154,0.351877588521597,-0.481240749359131,968.300095737245,5.12571865045579,89.6451948026922,0.116352446925684,2,44.422572246,3,2,0.0238683708012104,0.00416637258604169,0.71640419960022,0.00600240100175142,0.0129228159785271,0.0879175215959549,7.06164792063646e-05,0,2.1,-2.21,2.55649054220012,0.00716099944037947,0.000676185647666374,0.0005467721265819,0.081084449603955,0,0
931651,2022,2,41.11766667,-76.5635,22.34,231003,0.41894965348133,-1.33591508865356,730.807327545558,8.21900709315719,52.5236631528033,0.202591963948288,3,36.450131289,2,1,0.01595214381814,0.0045577553100884,0.692280292510986,0.0100413048639894,0.0131035465747118,0.124341264367104,0,0,1.1,-1.91,9.22606296264603,0.00220465493705186,0.00163685970109695,0.00116457580884496,0.0948921994263927,0,0
931652,2022,4,41.11766667,-76.5635,22.21,231003,0.341681208091111,8.57532119750977,730.807327545558,8.21900709315719,52.5236631528033,0.526393831107005,3,36.450131289,2,1,0.01595214381814,0.0045577553100884,0.692280292510986,0.0100413048639894,0.0131035465747118,0.124341264367104,0,0,1.7,-2.1,9.22606296264603,0.00220465493705186,0.00163685970109695,0.00116457580884496,0.0948921994263927,0,0
931653,2022,5,41.11766667,-76.5635,23.69,231003,0.416454656237737,16.2700233459473,730.807327545558,8.21900709315719,52.5236631528033,0.644483442109685,3,36.450131289,2,1,0.01595214381814,0.0045577553100884,0.692280292510986,0.0100413048639894,0.0131035465747118,0.124341264367104,0,0,1.4,-2.25,9.22606296264603,0.00220465493705186,0.00163685970109695,0.00116457580884496,0.0948921994263927,0,0
931654,2022,8,41.11766667,-76.5635,24.74,231003,0.205205356979899,22.7913112640381,730.807327545558,8.21900709315719,52.5236631528033,0.73174974848118,3,36.450131289,2,1,0.01595214381814,0.0045577553100884,0.692280292510986,0.0100413048639894,0.0131035465747118,0.124341264367104,0,0,1,-2.38,9.22606296264603,0.00220465493705186,0.00163685970109695,0.00116457580884496,0.0948921994263927,0,0
931655,2022,10,41.11766667,-76.5635,23.685,231003,0.312511364468184,9.91632461547852,730.807327545558,8.21900709315719,52.5236631528033,0.34813525535655,3,36.450131289,2,1,0.01595214381814,0.0045577553100884,0.692280292510986,0.0100413048639894,0.0131035465747118,0.124341264367104,0,0,1.7,-1.8,9.22606296264603,0.00220465493705186,0.00163685970109695,0.00116457580884496,0.0948921994263927,0,0
931656,2022,12,41.11766667,-76.5635,22.92,231003,0.378523324054955,-0.678628265857697,730.807327545558,8.21900709315719,52.5236631528033,0.150103731959262,3,36.450131289,2,1,0.01595214381814,0.0045577553100884,0.692280292510986,0.0100413048639894,0.0131035465747118,0.124341264367104,0,0,2.1,-2.21,9.22606296264603,0.00220465493705186,0.00163685970109695,0.00116457580884496,0.0948921994263927,0,0
957414,2022,1,33.94289,-81.03233,14.3551612903226,235098,0.314768143378889,6.72850513458252,131.245273573504,0.615049648217263,196.706542819459,0.312063688216875,2,31.955380626,4,2,0.424303352832794,0.0480465367436409,0.0441683419048786,0.0417983345687389,0.0310973860323429,0.0356219485402107,0.145432353019714,0.0412237867712975,0.5,-2.4,12.0905675471098,0.00532424415815847,0.00491588075511994,0.0400618648328604,0.0191589702129612,0,0
957415,2022,2,33.94289,-81.03233,14.6671428571429,235098,0.130414737689388,11.4654731750488,131.245273573504,0.615049648217263,196.706542819459,0.4836123516395,2,31.955380626,4,2,0.424303352832794,0.0480465367436409,0.0441683419048786,0.0417983345687389,0.0310973860323429,0.0356219485402107,0.145432353019714,0.0412237867712975,1.1,-1.91,12.0905675471098,0.00532424415815847,0.00491588075511994,0.0400618648328604,0.0191589702129612,0,0
957417,2022,4,33.94289,-81.03233,12.3858064516129,235098,0.473962268898967,17.3405055999756,131.245273573504,0.615049648217263,196.706542819459,0.869982563049582,2,31.955380626,4,2,0.424303352832794,0.0480465367436409,0.0441683419048786,0.0417983345687389,0.0310973860323429,0.0356219485402107,0.145432353019714,0.0412237867712975,1.7,-2.1,12.0905675471098,0.00532424415815847,0.00491588075511994,0.0400618648328604,0.0191589702129612,0,0
957418,2022,5,33.94289,-81.03233,14.1845161290323,235098,0.27636650708172,23.4673080444336,131.245273573504,0.615049648217263,196.706542819459,1.02988846502379,2,31.955380626,4,2,0.424303352832794,0.0480465367436409,0.0441683419048786,0.0417983345687389,0.0310973860323429,0.0356219485402107,0.145432353019714,0.0412237867712975,1.4,-2.25,12.0905675471098,0.00532424415815847,0.00491588075511994,0.0400618648328604,0.0191589702129612,0,0
957670,2022,5,33.1558333333333,-79.3638888888889,8,235105,0.256682393822134,23.7548923492432,2.36763899767793,0.594924137699298,305.36416807688,0.983276068312216,3,30.314960676,1,4,0.0082591213285923,0.00165182421915233,0.129201382398605,0.00459638051688671,0.00840275827795267,0.00632002297788858,0.612180411815643,0.0691611617803574,1.4,-2.25,3.27657097153076,0.00352165998153403,0.00186807836656152,0.00108971238049422,0.0889488130798936,0,0
957671,2022,11,33.1558333333333,-79.3638888888889,8.05181818181818,235105,0.223544464050623,16.347770690918,2.36763899767793,0.594924137699298,305.36416807688,0.430750559663081,3,30.314960676,1,4,0.0082591213285923,0.00165182421915233,0.129201382398605,0.00459638051688671,0.00840275827795267,0.00632002297788858,0.612180411815643,0.0691611617803574,0.3,-2.41,3.27657097153076,0.00352165998153403,0.00186807836656152,0.00108971238049422,0.0889488130798936,0,0
957672,2022,12,33.1558333333333,-79.3638888888889,8.22666666666667,235105,0.174169015022749,10.4316072463989,2.36763899767793,0.594924137699298,305.36416807688,0.292042334692605,3,30.314960676,1,4,0.0082591213285923,0.00165182421915233,0.129201382398605,0.00459638051688671,0.00840275827795267,0.00632002297788858,0.612180411815643,0.0691611617803574,2.1,-2.21,3.27657097153076,0.00352165998153403,0.00186807836656152,0.00108971238049422,0.0889488130798936,0,0
958412,2022,1,33.2719444444444,-79.9644444444445,4.7,235116,0.38086495745221,7.35794830322266,50.7100280321504,0.982305055611666,151.804124360078,0.383504632846912,1,26.377952796,5,6,0.0322717316448689,0.00324835814535618,0.185721352696419,0.0134877478703856,0.0247863847762346,0.0309300199151039,0.265800446271896,0.194477796554565,0.5,-2.4,0.333673885877987,0.00749204640495746,0.00156366043763824,0.0589540018464676,0.049045693137596,0,0
958636,2022,2,33.4041666666667,-79.9338888888889,13.0189285714286,235117,0.112807469276625,11.8659992218018,75.4593177,0.396551060815163,62.4184310082848,0.557177837347664,1,46.620734979,5,5,0.0939199179410934,0.00642609968781471,0.119483090937138,0.0234446711838245,0.0183602850884199,0.0880587548017502,0.323705941438675,0.0325541980564594,1.1,-1.91,1.12522080750801,0.0105102036259821,0.00156366043763824,0.0589540018464676,0.04724157132864,0,0
958637,2022,3,33.4041666666667,-79.9338888888889,12.8741935483871,235117,0.221142931896343,15.1366519927979,75.4593177,0.396551060815163,62.4184310082848,0.779507906038573,1,46.620734979,5,5,0.0939199179410934,0.00642609968781471,0.119483090937138,0.0234446711838245,0.0183602850884199,0.0880587548017502,0.323705941438675,0.0325541980564594,1.8,-1.67,1.12522080750801,0.0105102036259821,0.00156366043763824,0.0589540018464676,0.04724157132864,0,0
972315,2022,4,44.1017833,-102.9498889,9.53,240192,0.138913490226213,4.89463520050049,2929.93063993736,0.390586170555841,151.804961217676,0.603636895243726,3,167.290026501,4,2,0.00233034393750131,0.000918014266062528,0.00296589219942689,0.00762658007442951,0.732363522052765,0.112350821495056,0.00833274517208338,0.000564931833650917,1.7,-2.1,8.9426765114753,0.019490100165747,0.000281564301882139,0.000755315613489334,0.00534431746078655,0,0
972316,2022,5,44.1017833,-102.9498889,9.32,240192,0.185765707243287,12.7542514801025,2929.93063993736,0.390586170555841,151.804961217676,0.689169917315634,3,167.290026501,4,2,0.00233034393750131,0.000918014266062528,0.00296589219942689,0.00762658007442951,0.732363522052765,0.112350821495056,0.00833274517208338,0.000564931833650917,1.4,-2.25,8.9426765114753,0.019490100165747,0.000281564301882139,0.000755315613489334,0.00534431746078655,0,0
972317,2022,10,44.1017833,-102.9498889,11.67,240192,0.0256434920342814,10.2492418289185,2929.93063993736,0.390586170555841,151.804961217676,0.384906684279092,3,167.290026501,4,2,0.00233034393750131,0.000918014266062528,0.00296589219942689,0.00762658007442951,0.732363522052765,0.112350821495056,0.00833274517208338,0.000564931833650917,1.7,-1.8,8.9426765114753,0.019490100165747,0.000281564301882139,0.000755315613489334,0.00534431746078655,0,0
972318,2022,11,44.1017833,-102.9498889,11.64,240192,0.0136324677461798,-0.826391577720642,2929.93063993736,0.390586170555841,151.804961217676,0.193028099874102,3,167.290026501,4,2,0.00233034393750131,0.000918014266062528,0.00296589219942689,0.00762658007442951,0.732363522052765,0.112350821495056,0.00833274517208338,0.000564931833650917,0.3,-2.41,8.9426765114753,0.019490100165747,0.000281564301882139,0.000755315613489334,0.00534431746078655,0,0
972345,2022,3,44.1256111,-103.0966944,10.71,240297,0.0289272448961906,2.46238613128662,3128.72411739678,2.1109387109944,231.324821079232,0.337048929080997,3,187.401575088,4,2,0.408304512500763,0.00692041544243693,0.0100981565192342,0.0260574817657471,0.280700504779816,0.0295176897197962,0.00162417907267809,0.00127109664026648,1.8,-1.67,72.5009874259426,0.00731322700048618,0.000281564301882139,0.000755315613489334,0.00679504695196326,0,0
972347,2022,9,44.1256111,-103.0966944,11.35,240297,0.0515323674742458,19.4958782196045,3128.72411739678,2.1109387109944,231.324821079232,0.61334469905977,3,187.401575088,4,2,0.408304512500763,0.00692041544243693,0.0100981565192342,0.0260574817657471,0.280700504779816,0.0295176897197962,0.00162417907267809,0.00127109664026648,1.6,-2.29,72.5009874259426,0.00731322700048618,0.000281564301882139,0.000755315613489334,0.00679504695196326,0,0
981429,2022,1,44.3816512,-98.2962028,13.1637931034483,246076,0.0175807779809645,-8.84045505523682,1308.95618945943,0.40012541538692,189.954229569834,0.0445157962884985,3,172.998687927,4,2,0.011964107863605,0.00156672834418714,0.00470018526539207,0.00341831636615098,0.021720552816987,0.785358190536499,0.0368893332779408,0.00056971941376105,0.5,-2.4,4.40210143768426,0.0155042021204168,0.000949690240026869,0.000541380304494359,0.0124777327369402,0,0
981430,2022,2,44.3816512,-98.2962028,12.1945833333333,246076,0.018911227182413,-7.83323431015015,1308.95618945943,0.40012541538692,189.954229569834,0.129564903736561,3,172.998687927,4,2,0.011964107863605,0.00156672834418714,0.00470018526539207,0.00341831636615098,0.021720552816987,0.785358190536499,0.0368893332779408,0.00056971941376105,1.1,-1.91,4.40210143768426,0.0155042021204168,0.000949690240026869,0.000541380304494359,0.0124777327369402,0,0
981431,2022,3,44.3816512,-98.2962028,11.6029032258065,246076,0.0518314889258906,0.154635921120644,1308.95618945943,0.40012541538692,189.954229569834,0.281460404510992,3,172.998687927,4,2,0.011964107863605,0.00156672834418714,0.00470018526539207,0.00341831636615098,0.021720552816987,0.785358190536499,0.0368893332779408,0.00056971941376105,1.8,-1.67,4.40210143768426,0.0155042021204168,0.000949690240026869,0.000541380304494359,0.0124777327369402,0,0
981432,2022,4,44.3816512,-98.2962028,11.1688888888889,246076,0.283936128021652,5.14736604690552,1308.95618945943,0.40012541538692,189.954229569834,0.458854565854811,3,172.998687927,4,2,0.011964107863605,0.00156672834418714,0.00470018526539207,0.00341831636615098,0.021720552816987,0.785358190536499,0.0368893332779408,0.00056971941376105,1.7,-2.1,4.40210143768426,0.0155042021204168,0.000949690240026869,0.000541380304494359,0.0124777327369402,0,0
981433,2022,5,44.3816512,-98.2962028,10.5941935483871,246076,0.480092968005927,14.2801876068115,1308.95618945943,0.40012541538692,189.954229569834,0.610887022771765,3,172.998687927,4,2,0.011964107863605,0.00156672834418714,0.00470018526539207,0.00341831636615098,0.021720552816987,0.785358190536499,0.0368893332779408,0.00056971941376105,1.4,-2.25,4.40210143768426,0.0155042021204168,0.000949690240026869,0.000541380304494359,0.0124777327369402,0,1.08049195256118e-05
981434,2022,6,44.3816512,-98.2962028,10.3156666666667,246076,0.122527075125238,21.3485584259033,1308.95618945943,0.40012541538692,189.954229569834,0.802715933510513,3,172.998687927,4,2,0.011964107863605,0.00156672834418714,0.00470018526539207,0.00341831636615098,0.021720552816987,0.785358190536499,0.0368893332779408,0.00056971941376105,1.7,-1.34,4.40210143768426,0.0155042021204168,0.000949690240026869,0.000541380304494359,0.0124777327369402,0,9.75374305991014e-05
989421,2022,1,30.8528611,-102.8927806,106.29,248815,0.00473443996343086,8.26211738586426,3010.55757917672,0.511734663805086,17.8069656075524,0.376364265473302,2,26.377952796,4,2,0.00299102696590126,0.000712149252649397,0.00213644769974053,0.980985641479492,0,0,0,0,0.5,-2.4,166.629894139413,0.0192265941943819,0.00498934928676556,8.09116306942497e-05,0.0135151572672029,0,0
989422,2022,2,30.8528611,-102.8927806,92.27,248815,0.00273468476840052,7.87172842025757,3010.55757917672,0.511734663805086,17.8069656075524,0.486403538599713,2,26.377952796,4,2,0.00299102696590126,0.000712149252649397,0.00213644769974053,0.980985641479492,0,0,0,0,1.1,-1.91,166.629894139413,0.0192265941943819,0.00498934928676556,8.09116306942497e-05,0.0135151572672029,0,0
989423,2022,3,30.8528611,-102.8927806,91.34,248815,0,14.4604539871216,3010.55757917672,0.511734663805086,17.8069656075524,0.736015250856661,2,26.377952796,4,2,0.00299102696590126,0.000712149252649397,0.00213644769974053,0.980985641479492,0,0,0,0,1.8,-1.67,166.629894139413,0.0192265941943819,0.00498934928676556,8.09116306942497e-05,0.0135151572672029,0,0
989424,2022,4,30.8528611,-102.8927806,95.34,248815,0,21.5876922607422,3010.55757917672,0.511734663805086,17.8069656075524,0.982803987009467,2,26.377952796,4,2,0.00299102696590126,0.000712149252649397,0.00213644769974053,0.980985641479492,0,0,0,0,1.7,-2.1,166.629894139413,0.0192265941943819,0.00498934928676556,8.09116306942497e-05,0.0135151572672029,0,0
989425,2022,6,30.8528611,-102.8927806,100.99,248815,0.0442276508522967,29.0567283630371,3010.55757917672,0.511734663805086,17.8069656075524,1.17601339764266,2,26.377952796,4,2,0.00299102696590126,0.000712149252649397,0.00213644769974053,0.980985641479492,0,0,0,0,1.7,-1.34,166.629894139413,0.0192265941943819,0.00498934928676556,8.09116306942497e-05,0.0135151572672029,0,0
989426,2022,8,30.8528611,-102.8927806,107.28,248815,0.396074210541183,27.658073425293,3010.55757917672,0.511734663805086,17.8069656075524,0.944765748185962,2,26.377952796,4,2,0.00299102696590126,0.000712149252649397,0.00213644769974053,0.980985641479492,0,0,0,0,1,-2.38,166.629894139413,0.0192265941943819,0.00498934928676556,8.09116306942497e-05,0.0135151572672029,0,0
995595,2022,3,32.93065589,-101.6379214,16.34,249837,0.0247581909711203,11.7649698257446,2946.1942302,0.243413617796987,278.621732613957,0.679888488521384,2,131.56167999,3,2,0.00381329003721476,0.000776781293097883,0.00360144046135247,0.0722406581044197,0.0412400253117085,0.757997334003448,0.00183602853212506,0.000564931833650917,1.8,-1.67,90.3683949139521,0.0420235635238496,0.0010574126157346,1.2701653041857e-05,0.00676384754286458,0,0
995596,2022,6,32.93065589,-101.6379214,17.03,249837,0.0967568864565966,27.8405418395996,2946.1942302,0.243413617796987,278.621732613957,1.23332757211154,2,131.56167999,3,2,0.00381329003721476,0.000776781293097883,0.00360144046135247,0.0722406581044197,0.0412400253117085,0.757997334003448,0.00183602853212506,0.000564931833650917,1.7,-1.34,90.3683949139521,0.0420235635238496,0.0010574126157346,1.2701653041857e-05,0.00676384754286458,0,0.000125709620034124
995597,2022,9,32.93065589,-101.6379214,17.72,249837,0.0712931626570015,24.5295906066895,2946.1942302,0.243413617796987,278.621732613957,0.738418810507521,2,131.56167999,3,2,0.00381329003721476,0.000776781293097883,0.00360144046135247,0.0722406581044197,0.0412400253117085,0.757997334003448,0.00183602853212506,0.000564931833650917,1.6,-2.29,90.3683949139521,0.0420235635238496,0.0010574126157346,1.2701653041857e-05,0.00676384754286458,0,0.000298142127583845
1027937,2022,2,27.38642619,-98.267507,48.99,255231,0.0207336665766522,12.9897184371948,245.353528431681,0.615483178269792,203.599403395723,0.698068775026575,2,21.227034153,4,2,0.00405925093218684,0.000640934333205223,0.0222902726382017,0.101053982973099,0.022219056263566,0.66158664226532,0.0192992445081472,7.12149267201312e-05,1.1,-1.91,14.6788280690154,0.00957116344686444,0.000668161181800318,4.00576248081725e-06,0.00754509011695782,0,0.000108802772268321
1027938,2022,3,27.38642619,-98.267507,49,255231,0.00599316960216973,18.4969348907471,245.353528431681,0.615483178269792,203.599403395723,1.05910664316399,2,21.227034153,4,2,0.00405925093218684,0.000640934333205223,0.0222902726382017,0.101053982973099,0.022219056263566,0.66158664226532,0.0192992445081472,7.12149267201312e-05,1.8,-1.67,14.6788280690154,0.00957116344686444,0.000668161181800318,4.00576248081725e-06,0.00754509011695782,0,0.000118556977829678
1027939,2022,4,27.38642619,-98.267507,48.54,255231,0.173735468670455,25.477388381958,245.353528431681,0.615483178269792,203.599403395723,1.38668410945018,2,21.227034153,4,2,0.00405925093218684,0.000640934333205223,0.0222902726382017,0.101053982973099,0.022219056263566,0.66158664226532,0.0192992445081472,7.12149267201312e-05,1.7,-2.1,14.6788280690154,0.00957116344686444,0.000668161181800318,4.00576248081725e-06,0.00754509011695782,0,0.000228196499030598
1027940,2022,6,27.38642619,-98.267507,49.59,255231,0,30.413366317749,245.353528431681,0.615483178269792,203.599403395723,1.83555122714566,2,21.227034153,4,2,0.00405925093218684,0.000640934333205223,0.0222902726382017,0.101053982973099,0.022219056263566,0.66158664226532,0.0192992445081472,7.12149267201312e-05,1.7,-1.34,14.6788280690154,0.00957116344686444,0.000668161181800318,4.00576248081725e-06,0.00754509011695782,0,0.00019435766292139
1027941,2022,10,27.38642619,-98.267507,50.85,255231,0.123785136753915,22.7362041473389,245.353528431681,0.615483178269792,203.599403395723,0.869525900733179,2,21.227034153,4,2,0.00405925093218684,0.000640934333205223,0.0222902726382017,0.101053982973099,0.022219056263566,0.66158664226532,0.0192992445081472,7.12149267201312e-05,1.7,-1.8,14.6788280690154,0.00957116344686444,0.000668161181800318,4.00576248081725e-06,0.00754509011695782,0,0.000232156989639991
1027942,2022,12,27.38642619,-98.267507,51.29,255231,0.0234995958730496,15.7638998031616,245.353528431681,0.615483178269792,203.599403395723,0.506316658849695,2,21.227034153,4,2,0.00405925093218684,0.000640934333205223,0.0222902726382017,0.101053982973099,0.022219056263566,0.66158664226532,0.0192992445081472,7.12149267201312e-05,2.1,-2.21,14.6788280690154,0.00957116344686444,0.000668161181800318,4.00576248081725e-06,0.00754509011695782,0,3.72256238378994e-05
1028440,2022,1,29.5877273,-98.5486304,258.71,255289,0.0316886013742956,9.47814846038818,972.532301829218,0.683591654373844,151.578225314011,0.554545095490654,1,24.015748068,2,2,0.771186411380768,0.00925794057548046,0.0932915508747101,0.000997008988633752,0.000498504494316876,0,0,0,0.5,-2.4,187.427904008419,0.0066829817709521,0.0268897530467062,0.0885464141064819,0.00948299992170185,0,0
1028441,2022,5,29.5877273,-98.5486304,263.26,255289,0.0748831519817064,27.1802539825439,972.532301829218,0.683591654373844,151.578225314011,1.55922216617364,1,24.015748068,2,2,0.771186411380768,0.00925794057548046,0.0932915508747101,0.000997008988633752,0.000498504494316876,0,0,0,1.4,-2.25,187.427904008419,0.0066829817709521,0.0268897530467062,0.0885464141064819,0.00948299992170185,0,0
1028442,2022,8,29.5877273,-98.5486304,264.82,255289,0.276951076898497,29.2998867034912,972.532301829218,0.683591654373844,151.578225314011,1.37721504961428,1,24.015748068,2,2,0.771186411380768,0.00925794057548046,0.0932915508747101,0.000997008988633752,0.000498504494316876,0,0,0,1,-2.38,187.427904008419,0.0066829817709521,0.0268897530467062,0.0885464141064819,0.00948299992170185,0,0
1028443,2022,11,29.5877273,-98.5486304,266.58,255289,0.220027333191028,14.6712207794189,972.532301829218,0.683591654373844,151.578225314011,0.507042252317569,1,24.015748068,2,2,0.771186411380768,0.00925794057548046,0.0932915508747101,0.000997008988633752,0.000498504494316876,0,0,0,0.3,-2.41,187.427904008419,0.0066829817709521,0.0268897530467062,0.0885464141064819,0.00948299992170185,0,0
1028549,2022,6,29.65931389,-95.2502,26.975,255303,0.0539521032938181,29.669189453125,31.8006102396701,0.282446265030292,87.1990514840444,1.19045978636982,3,32.972440995,2,6,0.999281823635101,0,0,0,0,0,0,7.18184455763549e-05,1.7,-1.34,5.69989754073894,0.0508743442213579,0.0176033148684218,0.0102227390938772,0.00475259557376926,0,0
1028550,2022,7,29.65931389,-95.2502,27.28,255303,0.212687720474371,30.5168991088867,31.8006102396701,0.282446265030292,87.1990514840444,1.06333074455989,3,32.972440995,2,6,0.999281823635101,0,0,0,0,0,0,7.18184455763549e-05,0.8,-2.62,5.69989754073894,0.0508743442213579,0.0176033148684218,0.0102227390938772,0.00475259557376926,0,0
1028551,2022,9,29.65931389,-95.2502,26.04,255303,0.123226799238585,27.0672798156738,31.8006102396701,0.282446265030292,87.1990514840444,0.706466215311392,3,32.972440995,2,6,0.999281823635101,0,0,0,0,0,0,7.18184455763549e-05,1.6,-2.29,5.69989754073894,0.0508743442213579,0.0176033148684218,0.0102227390938772,0.00475259557376926,0,0
1028552,2022,10,29.65931389,-95.2502,26.52,255303,0.274646464086967,21.5043773651123,31.8006102396701,0.282446265030292,87.1990514840444,0.617261271776697,3,32.972440995,2,6,0.999281823635101,0,0,0,0,0,0,7.18184455763549e-05,1.7,-1.8,5.69989754073894,0.0508743442213579,0.0176033148684218,0.0102227390938772,0.00475259557376926,0,0
1039451,2022,2,35.176389,-101.559723,201.4,256756,0.00555680650018802,1.8477338552475,3523.6220526,0.0969658442171043,128.106446865655,0.362316467555532,2,140.912073705,4,2,0.0115104867145419,0.00162417907267809,0.0053668525069952,0.0466774962842464,0.408375114202499,0.368053108453751,0.0180778186768293,0.00882706046104431,1.1,-1.91,67.8122326237112,0.0278974476168136,0.000709957397230718,4.72255474876309e-06,0.00647313769742226,0,0
1039452,2022,11,35.176389,-101.559723,201.4,256756,0.0312332531760469,6.30481195449829,3523.6220526,0.0969658442171043,128.106446865655,0.279727245365515,2,140.912073705,4,2,0.0115104867145419,0.00162417907267809,0.0053668525069952,0.0466774962842464,0.408375114202499,0.368053108453751,0.0180778186768293,0.00882706046104431,0.3,-2.41,67.8122326237112,0.0278974476168136,0.000709957397230718,4.72255474876309e-06,0.00647313769742226,0,0
1039480,2022,3,35.179722,-101.126111,366.4,256757,0.128183890710265,8.54669952392578,3297.2440995,0.248666175346387,88.7673034942638,0.841017796951227,2,143.208661635,4,2,0.00240096030756831,0.000706164806615561,0.00169479555916041,0.0372148863971233,0.309723883867264,0.528140664100647,0.00127109664026648,0,1.8,-1.67,69.0620841427752,0.006874269171046,0.000709957397230718,4.72255474876309e-06,0.00798238702370475,0,0.000265233940622658
1039689,2022,1,30.916943,-97.591944,73.6951612903226,256760,0.155782449513531,8.32378578186035,729.206330257202,1.25158433463715,353.029342968206,0.535814681579746,1,19.35695541,2,2,0.0132052823901176,0.00197726138867438,0.128239527344704,0.0109455548226833,0.56182473897934,0.0668031945824623,0.01052185613662,7.06164792063646e-05,0.5,-2.4,51.5541661913472,0.0097974583663029,0.000402424542990845,0.0020780939515101,0.0106098564772556,0,0
1039690,2022,2,30.916943,-97.591944,73.7396428571429,256760,0.125380814109606,8.19692802429199,729.206330257202,1.25158433463715,353.029342968206,0.566638036272574,1,19.35695541,2,2,0.0132052823901176,0.00197726138867438,0.128239527344704,0.0109455548226833,0.56182473897934,0.0668031945824623,0.01052185613662,7.06164792063646e-05,1.1,-1.91,51.5541661913472,0.0097974583663029,0.000402424542990845,0.0020780939515101,0.0106098564772556,0,0
1039691,2022,3,30.916943,-97.591944,73.7748387096774,256760,0.128566123877478,14.8600597381592,729.206330257202,1.25158433463715,353.029342968206,0.924412886455243,1,19.35695541,2,2,0.0132052823901176,0.00197726138867438,0.128239527344704,0.0109455548226833,0.56182473897934,0.0668031945824623,0.01052185613662,7.06164792063646e-05,1.8,-1.67,51.5541661913472,0.0097974583663029,0.000402424542990845,0.0020780939515101,0.0106098564772556,0,0
1039692,2022,4,30.916943,-97.591944,73.8303333333333,256760,0.10823829296875,21.5590782165527,729.206330257202,1.25158433463715,353.029342968206,1.34785249369285,1,19.35695541,2,2,0.0132052823901176,0.00197726138867438,0.128239527344704,0.0109455548226833,0.56182473897934,0.0668031945824623,0.01052185613662,7.06164792063646e-05,1.7,-2.1,51.5541661913472,0.0097974583663029,0.000402424542990845,0.0020780939515101,0.0106098564772556,0,0
1039693,2022,5,30.916943,-97.591944,73.8554838709677,256760,0.197946506210395,26.4173698425293,729.206330257202,1.25158433463715,353.029342968206,1.67544878315717,1,19.35695541,2,2,0.0132052823901176,0.00197726138867438,0.128239527344704,0.0109455548226833,0.56182473897934,0.0668031945824623,0.01052185613662,7.06164792063646e-05,1.4,-2.25,51.5541661913472,0.0097974583663029,0.000402424542990845,0.0020780939515101,0.0106098564772556,0,0
1039694,2022,6,30.916943,-97.591944,73.8943333333333,256760,0.0662487198742785,29.887092590332,729.206330257202,1.25158433463715,353.029342968206,1.90869108875669,1,19.35695541,2,2,0.0132052823901176,0.00197726138867438,0.128239527344704,0.0109455548226833,0.56182473897934,0.0668031945824623,0.01052185613662,7.06164792063646e-05,1.7,-1.34,51.5541661913472,0.0097974583663029,0.000402424542990845,0.0020780939515101,0.0106098564772556,0,0
1039756,2022,1,29.949721,-96.534166,77.32,256763,0.257236476097726,10.1057481765747,318.443738747067,3.7310823993936,69.3843199106365,0.466504335486758,3,33.628608975,4,2,0.0128186866641045,0.00128186866641045,0.0126050421968102,0.00548354955390096,0.0165930781513453,0.811921358108521,0.00235009263269603,0.000640934333205223,0.5,-2.4,25.8459241138543,0.00565963358215907,0.00188918360234882,0.000208204689353988,0.0116864955557634,0,0
1040257,2022,6,29.6677444,-99.2366528,200.622727272727,256777,0.0368287338606374,28.8972568511963,1445.34155312437,2.1528370227448,186.913799429878,1.69856274480007,1,14.271653565,4,2,0.00470018526539207,0.0022788776550442,0.318900436162949,0.454636096954346,0.0154536394402385,0.00306224194355309,0.000142429853440262,0.000213644772884436,1.7,-1.34,14.6645730158916,0.00841680991430274,0.000443615987307952,1.08199021294622e-05,0.0272544878778358,0,0
1040258,2022,7,29.6677444,-99.2366528,201.89935483871,256777,0.0111923497975882,29.7485084533691,1445.34155312437,2.1528370227448,186.913799429878,1.66900164439861,1,14.271653565,4,2,0.00470018526539207,0.0022788776550442,0.318900436162949,0.454636096954346,0.0154536394402385,0.00306224194355309,0.000142429853440262,0.000213644772884436,0.8,-2.62,14.6645730158916,0.00841680991430274,0.000443615987307952,1.08199021294622e-05,0.0272544878778358,0,0
1040299,2022,12,35.111667,-101.2775,284,256779,0.0140838078840571,4.18387269973755,3369.38843030145,0.362388049252352,46.8132192378193,0.209318471711098,2,128.510498883,4,2,0.00491382973268628,0.00242130761034787,0.00420168088749051,0.00363196129910648,0.399515748023987,0.448582828044891,0.0362483970820904,0.000427289545768872,2.1,-2.21,109.204858159931,0.00207547008650117,0.000709957397230718,4.72255474876309e-06,0.00643587613593787,0,0
1040440,2022,11,31.805277,-95.578888,211.72,256788,0.37264060530146,13.0163793563843,405.523386066126,4.13320868388122,63.8870472488481,0.496628429136447,2,48.064304535,3,2,0.0294117648154497,0.00441532535478473,0.246759727597237,0.0170203670859337,0.0256373733282089,0.257228314876556,0.131890043616295,0.00605326890945435,0.3,-2.41,30.1188246616596,0.00971203991951952,0.00140784583149707,0.000545790469272322,0.0316127313742042,0,0
1040525,2022,2,28.276667,-97.848334,65.45,256796,0.0417211456882928,11.4919338226318,242.7821526,0.136650225917818,84.4055326894808,0.587847602916756,2,37.565616855,4,2,0.00317774177528918,0.00105924718081951,0.0191370658576488,0.194477796554565,0.0169479548931122,0.624390959739685,0.00409575598314404,0.000141232958412729,1.1,-1.91,40.1397484165475,0.0466322563116947,0.000794167170920138,1.63408882905378e-05,0.00817113619189089,0,0.000334450243405841
1040578,2022,1,34.778333,-101.616667,147.24,256800,0.00965942862369432,2.15589952468872,3452.45588741295,0.142293163105211,89.827837904231,0.272175496432484,2,129.232283661,4,2,0.00598205393180251,0.00156672834418714,0.00320467166602612,0.00341831636615098,0.342828661203384,0.546360909938812,0.00847457628697157,0.00185158813837916,0.5,-2.4,29.5080162857306,0.0392430848713293,0.000709957397230718,4.72255474876309e-06,0.00699397609546781,0,0
1041531,2022,4,34.146666,-102.658333,151.077333333333,256840,0,15.079948425293,3840.43877334951,0.15045868704989,88.9147890166763,0.940078977076373,2,146.522309934,1,3,0.0148839196190238,0.00206523295491934,0.00612448388710618,0.627902030944824,0.0881640762090683,0.099843330681324,0,0.000427289545768872,1.7,-2.1,115.311577739423,0.0468066585583508,0.0101069077772671,5.38803338083029e-05,0.00617942121994992,0,0.000596177311421057
1041532,2022,5,34.146666,-102.658333,150.984838709677,256840,0.316178555105614,20.9622688293457,3840.43877334951,0.15045868704989,88.9147890166763,1.09689287167169,2,146.522309934,1,3,0.0148839196190238,0.00206523295491934,0.00612448388710618,0.627902030944824,0.0881640762090683,0.099843330681324,0,0.000427289545768872,1.4,-2.25,115.311577739423,0.0468066585583508,0.0101069077772671,5.38803338083029e-05,0.00617942121994992,0,0.00120486066501796
1041533,2022,6,34.146666,-102.658333,151.354666666667,256840,0.0142948709039377,25.2329559326172,3840.43877334951,0.15045868704989,88.9147890166763,1.16448069671854,2,146.522309934,1,3,0.0148839196190238,0.00206523295491934,0.00612448388710618,0.627902030944824,0.0881640762090683,0.099843330681324,0,0.000427289545768872,1.7,-1.34,115.311577739423,0.0468066585583508,0.0101069077772671,5.38803338083029e-05,0.00617942121994992,0,0.00144012649718701
1041759,2022,4,35.18111,-101.169166,363.033333333333,256844,0.000238615672742976,15.242618560791,3326.7716586,0.219124665826532,179.060176882288,1.25428848257007,2,109.842519852,4,2,0.00420168088749051,0.00648055830970407,0.00299102696590126,0.0121777523308992,0.742985308170319,0.134881064295769,0,0,1.7,-2.1,109.401437720437,0.0413122271234901,0.000709957397230718,4.72255474876309e-06,0.0082408697867021,0,4.86686905431818e-05
1044702,2022,1,30.7478611,-98.0858611,204.564838709677,256950,0.104596921624203,7.97141218185425,1293.1144326383,0.771785017326946,133.897183429356,0.500524476579341,1,26.377952796,4,2,0.0309300199151039,0.00466068787500262,0.258032619953156,0.24984110891819,0.12329638004303,0,0,0.00112986366730183,0.5,-2.4,88.0782499175325,0.00796683287178806,0.000402655240672344,0.000706758499361947,0.0132110983625799,0,0
1044703,2022,2,30.7478611,-98.0858611,204.182142857143,256950,0.0434935813223259,7.843177318573,1293.1144326383,0.771785017326946,133.897183429356,0.566647748231506,1,26.377952796,4,2,0.0309300199151039,0.00466068787500262,0.258032619953156,0.24984110891819,0.12329638004303,0,0,0.00112986366730183,1.1,-1.91,88.0782499175325,0.00796683287178806,0.000402655240672344,0.000706758499361947,0.0132110983625799,0,0
1044704,2022,3,30.7478611,-98.0858611,203.995806451613,256950,0.0534357236938499,14.7333850860596,1293.1144326383,0.771785017326946,133.897183429356,0.917408861969019,1,26.377952796,4,2,0.0309300199151039,0.00466068787500262,0.258032619953156,0.24984110891819,0.12329638004303,0,0,0.00112986366730183,1.8,-1.67,88.0782499175325,0.00796683287178806,0.000402655240672344,0.000706758499361947,0.0132110983625799,0,0
1044705,2022,4,30.7478611,-98.0858611,207.425333333333,256950,0.0347046339507477,21.4965000152588,1293.1144326383,0.771785017326946,133.897183429356,1.33417985773508,1,26.377952796,4,2,0.0309300199151039,0.00466068787500262,0.258032619953156,0.24984110891819,0.12329638004303,0,0,0.00112986366730183,1.7,-2.1,88.0782499175325,0.00796683287178806,0.000402655240672344,0.000706758499361947,0.0132110983625799,0,0
1044706,2022,5,30.7478611,-98.0858611,210.692903225806,256950,0.340875165561358,26.5951347351074,1293.1144326383,0.771785017326946,133.897183429356,1.58873220369825,1,26.377952796,4,2,0.0309300199151039,0.00466068787500262,0.258032619953156,0.24984110891819,0.12329638004303,0,0,0.00112986366730183,1.4,-2.25,88.0782499175325,0.00796683287178806,0.000402655240672344,0.000706758499361947,0.0132110983625799,0,0
1044707,2022,6,30.7478611,-98.0858611,214.041666666667,256950,0.152225870078478,29.1769466400146,1293.1144326383,0.771785017326946,133.897183429356,1.69799124107238,1,26.377952796,4,2,0.0309300199151039,0.00466068787500262,0.258032619953156,0.24984110891819,0.12329638004303,0,0,0.00112986366730183,1.7,-1.34,88.0782499175325,0.00796683287178806,0.000402655240672344,0.000706758499361947,0.0132110983625799,0,0
1045867,2022,2,29.575278,-102.936111,384.72,256973,0.034116869575314,10.1542997360229,2258.3389858425,4.13478216549331,23.2306580211931,0.563216172721477,10,0.098425197,2,2,0,0,0,0.929101049900055,0.00508438656106591,0,0,0,1.1,-1.91,27.5854739410704,0.0142157128222969,4.71591798923256e-05,2.90389038745847e-05,0.00465852068529775,0,0
1045894,2022,6,29.781944,-97.453334,64.74,256974,0.0930784882686195,30.1846733093262,489.311970149591,3.5753327802145,283.116150819311,1.82489630708712,2,29.954068287,1,4,0.00946260895580053,0.0026128098834306,0.46868160367012,0.0747122392058372,0.0189252179116011,0.170397564768791,0.00105924718081951,0.000211849444895051,1.7,-1.34,0.625568934325165,0.00162283713651199,0.00750268001481967,0.000194806428454967,0.0264553674541414,0,0
1046279,2022,1,32.9295556,-101.6366056,15.4567741935484,256988,0.0075913054539083,5.2031044960022,2946.1942302,0.102786461623636,176.525676254961,0.297606235866401,2,131.56167999,3,2,0.00381329003721476,0.000776781293097883,0.00360144046135247,0.0722406581044197,0.0412400253117085,0.757997334003448,0.00183602853212506,0.000564931833650917,0.5,-2.4,90.3683949139521,0.0396870636669516,0.0010574126157346,1.2701653041857e-05,0.00678674001062289,0,0
1046280,2022,2,32.9295556,-101.6366056,15.7364285714286,256988,0.022475400343087,4.83998489379883,2946.1942302,0.102786461623636,176.525676254961,0.420732473777637,2,131.56167999,3,2,0.00381329003721476,0.000776781293097883,0.00360144046135247,0.0722406581044197,0.0412400253117085,0.757997334003448,0.00183602853212506,0.000564931833650917,1.1,-1.91,90.3683949139521,0.0396870636669516,0.0010574126157346,1.2701653041857e-05,0.00678674001062289,0,0
1046282,2022,4,32.9295556,-101.6366056,16.2846666666667,256988,0,18.9293231964111,2946.1942302,0.102786461623636,176.525676254961,0.995609655416757,2,131.56167999,3,2,0.00381329003721476,0.000776781293097883,0.00360144046135247,0.0722406581044197,0.0412400253117085,0.757997334003448,0.00183602853212506,0.000564931833650917,1.7,-2.1,90.3683949139521,0.0396870636669516,0.0010574126157346,1.2701653041857e-05,0.00678674001062289,0,0.000132688215535628
1048228,2022,2,31.715555,-100.722777,37.01,257078,0.118548951617036,5.24465227127075,2303.06909358202,4.0777989585785,286.574958965021,0.3979172549952,2,17.814960657,2,2,0.00459007127210498,0.00176541204564273,0.0117929521948099,0.921545088291168,0.00105924718081951,0.0113692535087466,0,0,1.1,-1.91,15.9442487593577,0.0188086920419422,0.000882041964042382,6.04563033350666e-05,0.0263572689546148,0,0
1051912,2022,1,30.713055,-101.213055,312.056666666667,257254,0.0197901469503928,6.99335432052612,2399.23385240354,2.07170799020458,174.224959186635,0.365693425811977,1,8.464566942,2,2,0.343407958745956,0.00374267343431711,0.0122166518121958,0.543323218822479,0,0,0,0,0.5,-2.4,61.4966120615879,0.0230691456745336,0.000648209787758574,1.02483760910446e-06,0.0228837778584162,0,0
1051914,2022,3,30.713055,-101.213055,319.07,257254,0,13.7308139801025,2399.23385240354,2.07170799020458,174.224959186635,0.745449117356836,1,8.464566942,2,2,0.343407958745956,0.00374267343431711,0.0122166518121958,0.543323218822479,0,0,0,0,1.8,-1.67,61.4966120615879,0.0230691456745336,0.000648209787758574,1.02483760910446e-06,0.0228837778584162,0,0
1051915,2022,4,30.713055,-101.213055,320.09,257254,0.128516425180415,21.0541820526123,2399.23385240354,2.07170799020458,174.224959186635,0.975636961810437,1,8.464566942,2,2,0.343407958745956,0.00374267343431711,0.0122166518121958,0.543323218822479,0,0,0,0,1.7,-2.1,61.4966120615879,0.0230691456745336,0.000648209787758574,1.02483760910446e-06,0.0228837778584162,0,0
1051916,2022,5,30.713055,-101.213055,320.056774193548,257254,0.0631055807837563,26.4700088500977,2399.23385240354,2.07170799020458,174.224959186635,1.15956163958088,1,8.464566942,2,2,0.343407958745956,0.00374267343431711,0.0122166518121958,0.543323218822479,0,0,0,0,1.4,-2.25,61.4966120615879,0.0230691456745336,0.000648209787758574,1.02483760910446e-06,0.0228837778584162,0,0
1051917,2022,6,30.713055,-101.213055,320.473,257254,0.0928195506728285,28.8505458831787,2399.23385240354,2.07170799020458,174.224959186635,1.25768236166218,1,8.464566942,2,2,0.343407958745956,0.00374267343431711,0.0122166518121958,0.543323218822479,0,0,0,0,1.7,-1.34,61.4966120615879,0.0230691456745336,0.000648209787758574,1.02483760910446e-06,0.0228837778584162,0,0
1054200,2022,4,33.6969444,-97.1822222,451,257363,0.409911073722036,18.2663955688477,869.4225735,0.696310294301631,280.548769830314,0.776780797982657,1,21.522309744,2,4,0.0298707727342844,0.00183602853212506,0.234376102685928,0.0194901488721371,0.413177043199539,0.0658145621418953,0.000353082403307781,0.0105924727395177,1.7,-2.1,20.514257342064,0.0130594259171272,0.00151138364014769,0.000252964634685736,0.00985132965999345,0,0
1060146,2022,1,29.7242222,-95.7478333,31.1193548387097,257651,0.388197711723642,11.724814414978,98.425197,0.0301350484130886,191.189895910692,0.290710169315424,11,77.263779645,6,6,0.748611330986023,0.00405925093218684,0.0196553189307451,0.00669420324265957,0.0103261647745967,0.0338983051478863,0.0505625978112221,0.0011394388275221,0.5,-2.4,1.95542208932499,0.000915261267155633,0.0125564406953974,0.132111566208763,0.0469130010397236,0,0
1060147,2022,2,29.7242222,-95.7478333,31.2125,257651,0.0712031330480055,11.092472076416,98.425197,0.0301350484130886,191.189895910692,0.30460830794851,11,77.263779645,6,6,0.748611330986023,0.00405925093218684,0.0196553189307451,0.00669420324265957,0.0103261647745967,0.0338983051478863,0.0505625978112221,0.0011394388275221,1.1,-1.91,1.95542208932499,0.000915261267155633,0.0125564406953974,0.132111566208763,0.0469130010397236,0,0
1060219,2022,3,29.911111,-96.666943,42.2,257655,0.329689567045789,15.7898874282837,380.102561759633,1.08704695775342,44.2048237501984,0.726044773594643,3,31.889763828,4,4,0.0447708480060101,0.00289527582935989,0.132123440504074,0.0511969476938248,0.0365793369710445,0.374973505735397,0.0295883063226938,0.00155356258619577,1.8,-1.67,78.720746197546,0.00785305248437758,0.000650468556154284,0.00169811261318619,0.0110423215878134,0,0
1060584,2022,1,29.7567778,-100.3970389,35.3777419354839,257664,0,9.1191349029541,1754.24880518368,2.68659713732116,274.451704389652,0.596480833544728,1,7.480314972,2,2,0.00720288092270494,0.00169479555916041,0.105995342135429,0.781936287879944,0,0,7.06164792063646e-05,0.000988630694337189,0.5,-2.4,20.6110421441448,0.00410380983382965,3.8001446541201e-05,6.78597259664304e-06,0.0296575161206722,0,0
1060585,2022,2,29.7567778,-100.3970389,35.4396428571429,257664,0.0175806058940633,9.1044397354126,1754.24880518368,2.68659713732116,274.451704389652,0.679446994883107,1,7.480314972,2,2,0.00720288092270494,0.00169479555916041,0.105995342135429,0.781936287879944,0,0,7.06164792063646e-05,0.000988630694337189,1.1,-1.91,20.6110421441448,0.00410380983382965,3.8001446541201e-05,6.78597259664304e-06,0.0296575161206722,0,0
1060586,2022,3,29.7567778,-100.3970389,35.5648387096774,257664,0,14.9600744247437,1754.24880518368,2.68659713732116,274.451704389652,1.08280142000036,1,7.480314972,2,2,0.00720288092270494,0.00169479555916041,0.105995342135429,0.781936287879944,0,0,7.06164792063646e-05,0.000988630694337189,1.8,-1.67,20.6110421441448,0.00410380983382965,3.8001446541201e-05,6.78597259664304e-06,0.0296575161206722,0,0
1060587,2022,4,29.7567778,-100.3970389,35.622,257664,0.0475015540857525,22.0005683898926,1754.24880518368,2.68659713732116,274.451704389652,1.33619383767247,1,7.480314972,2,2,0.00720288092270494,0.00169479555916041,0.105995342135429,0.781936287879944,0,0,7.06164792063646e-05,0.000988630694337189,1.7,-2.1,20.6110421441448,0.00410380983382965,3.8001446541201e-05,6.78597259664304e-06,0.0296575161206722,0,0
1060588,2022,5,29.7567778,-100.3970389,35.586,257664,0.201847359571112,26.7712917327881,1754.24880518368,2.68659713732116,274.451704389652,1.459299925772,1,7.480314972,2,2,0.00720288092270494,0.00169479555916041,0.105995342135429,0.781936287879944,0,0,7.06164792063646e-05,0.000988630694337189,1.4,-2.25,20.6110421441448,0.00410380983382965,3.8001446541201e-05,6.78597259664304e-06,0.0296575161206722,0,0
1060589,2022,6,29.7567778,-100.3970389,35.6825,257664,0.0380412143624688,29.2697353363037,1754.24880518368,2.68659713732116,274.451704389652,1.7373619206121,1,7.480314972,2,2,0.00720288092270494,0.00169479555916041,0.105995342135429,0.781936287879944,0,0,7.06164792063646e-05,0.000988630694337189,1.7,-1.34,20.6110421441448,0.00410380983382965,3.8001446541201e-05,6.78597259664304e-06,0.0296575161206722,0,0
1061050,2022,1,32.198333,-98.180554,196.089032258065,257677,0.0150935449854672,6.51617670059204,1220.60240944425,1.24794442895884,246.082231829538,0.353377310221186,1,9.776902902,3,2,0.111856505274773,0.00579055165871978,0.0668031945824623,0.0608714073896408,0.338676661252975,0.0224560406059027,0.00706164818257093,0.00409575598314404,0.5,-2.4,0.237785573442203,0.00612809752145382,0.0013820346082952,0.000415798377853857,0.00887846216380596,0,0
1061051,2022,2,32.198333,-98.180554,195.642857142857,257677,0.0865776020775301,6.33965444564819,1220.60240944425,1.24794442895884,246.082231829538,0.385044654169906,1,9.776902902,3,2,0.111856505274773,0.00579055165871978,0.0668031945824623,0.0608714073896408,0.338676661252975,0.0224560406059027,0.00706164818257093,0.00409575598314404,1.1,-1.91,0.237785573442203,0.00612809752145382,0.0013820346082952,0.000415798377853857,0.00887846216380596,0,0
1061052,2022,3,32.198333,-98.180554,196.115806451613,257677,0.080067441966893,13.6230916976929,1220.60240944425,1.24794442895884,246.082231829538,0.670429140644421,1,9.776902902,3,2,0.111856505274773,0.00579055165871978,0.0668031945824623,0.0608714073896408,0.338676661252975,0.0224560406059027,0.00706164818257093,0.00409575598314404,1.8,-1.67,0.237785573442203,0.00612809752145382,0.0013820346082952,0.000415798377853857,0.00887846216380596,0,0
1061053,2022,4,32.198333,-98.180554,197.248333333333,257677,0.118005820326065,20.1597537994385,1220.60240944425,1.24794442895884,246.082231829538,0.955121399736777,1,9.776902902,3,2,0.111856505274773,0.00579055165871978,0.0668031945824623,0.0608714073896408,0.338676661252975,0.0224560406059027,0.00706164818257093,0.00409575598314404,1.7,-2.1,0.237785573442203,0.00612809752145382,0.0013820346082952,0.000415798377853857,0.00887846216380596,0,0.000157040552732454
1061054,2022,5,32.198333,-98.180554,199.053870967742,257677,0.160126498608419,25.8621234893799,1220.60240944425,1.24794442895884,246.082231829538,1.19530705511001,1,9.776902902,3,2,0.111856505274773,0.00579055165871978,0.0668031945824623,0.0608714073896408,0.338676661252975,0.0224560406059027,0.00706164818257093,0.00409575598314404,1.4,-2.25,0.237785573442203,0.00612809752145382,0.0013820346082952,0.000415798377853857,0.00887846216380596,0,0.00010380332029468
1061055,2022,6,32.198333,-98.180554,201.785,257677,0.1267933534562,29.5935955047607,1220.60240944425,1.24794442895884,246.082231829538,1.29434470626248,1,9.776902902,3,2,0.111856505274773,0.00579055165871978,0.0668031945824623,0.0608714073896408,0.338676661252975,0.0224560406059027,0.00706164818257093,0.00409575598314404,1.7,-1.34,0.237785573442203,0.00612809752145382,0.0013820346082952,0.000415798377853857,0.00887846216380596,0,0.000177522331243735
1061816,2022,1,32.200833,-97.942499,313.9,257700,0.00898555274511945,6.19576501846313,1095.24279809583,2.21428481001266,26.0401013564156,0.566641090032857,2,28.641732327,3,2,0.00550808571279049,0.00218911096453667,0.234234869480133,0.017936585471034,0.489089757204056,0.00360144046135247,0.000494315347168595,0.00790904555469751,0.5,-2.4,125.653962954583,0.0025480247396768,0.0013820346082952,0.000415798377853857,0.00954487624591837,0,0
1072603,2022,5,30.504722,-94.164166,33.86,258144,0.374585475139336,25.7124347686768,111.618843136334,0.846732263960692,104.324924599762,1.12866118995632,2,45.111548625,4,2,0.0350377447903156,0.00669420324265957,0.445805430412292,0.0106110237538815,0.0278450362384319,0.0400940030813217,0.167782366275787,0.000142429853440262,1.4,-2.25,38.4273554667652,0.0046513361596947,0.00114274841984933,3.36573868398822e-05,0.0647327713100116,0,0
1072607,2022,3,30.0152777777778,-95.7280555555556,135.57,258145,0.341070706342751,16.3787689208984,170.6036748,0.18092441113582,19.460798933008,0.689974558119356,2,41.732283528,6,6,0.659307777881622,0.00548354955390096,0.0154536394402385,0.00583962397649884,0.0095428004860878,0.10732089728117,0.0286996159702539,0.00327588664367795,1.8,-1.67,3.72436572813706,0.00630025283244384,0.0176033148684218,0.0102227390938772,0.0190655731407553,0,4.9388841293325e-05
1074798,2022,2,31.9435306,-105.2019611,141.158333333333,258242,0.0108972872501719,6.49536466598511,3701.84413329305,0.678382739214098,125.83936111079,0.375150821284824,2,169.455380835,3,2,0.0288115236908197,0.011016171425581,0.00741473073139787,0.0574112012982368,0.0276110451668501,0.698679447174072,0,0.000211849444895051,1.1,-1.91,8.71831664962521,0.0282373483826189,0.00236799756055132,0.000222796315331606,0.00323647132668644,1,0
1074799,2022,3,31.9435306,-105.2019611,141.425806451613,258242,0.00896756653509257,12.3737726211548,3701.84413329305,0.678382739214098,125.83936111079,0.638827177202742,2,169.455380835,3,2,0.0288115236908197,0.011016171425581,0.00741473073139787,0.0574112012982368,0.0276110451668501,0.698679447174072,0,0.000211849444895051,1.8,-1.67,8.71831664962521,0.0282373483826189,0.00236799756055132,0.000222796315331606,0.00323647132668644,1,0.000295889253858282
1074800,2022,4,31.9435306,-105.2019611,145.439666666667,258242,0,19.4966430664062,3701.84413329305,0.678382739214098,125.83936111079,0.958867011939505,2,169.455380835,3,2,0.0288115236908197,0.011016171425581,0.00741473073139787,0.0574112012982368,0.0276110451668501,0.698679447174072,0,0.000211849444895051,1.7,-2.1,8.71831664962521,0.0282373483826189,0.00236799756055132,0.000222796315331606,0.00323647132668644,1,0.00215075658183472
1074801,2022,5,31.9435306,-105.2019611,148.999666666667,258242,0,24.5117740631104,3701.84413329305,0.678382739214098,125.83936111079,1.18442946085904,2,169.455380835,3,2,0.0288115236908197,0.011016171425581,0.00741473073139787,0.0574112012982368,0.0276110451668501,0.698679447174072,0,0.000211849444895051,1.4,-2.25,8.71831664962521,0.0282373483826189,0.00236799756055132,0.000222796315331606,0.00323647132668644,1,0.00251916587216572
1074802,2022,6,31.9435306,-105.2019611,154.892272727273,258242,0.111238462261765,28.0897369384766,3701.84413329305,0.678382739214098,125.83936111079,1.11602683249473,2,169.455380835,3,2,0.0288115236908197,0.011016171425581,0.00741473073139787,0.0574112012982368,0.0276110451668501,0.698679447174072,0,0.000211849444895051,1.7,-1.34,8.71831664962521,0.0282373483826189,0.00236799756055132,0.000222796315331606,0.00323647132668644,1,0.00241755965926742
1074803,2022,9,31.9435306,-105.2019611,155.686,258242,0.0655278947779936,23.7506008148193,3701.84413329305,0.678382739214098,125.83936111079,0.66078486505459,2,169.455380835,3,2,0.0288115236908197,0.011016171425581,0.00741473073139787,0.0574112012982368,0.0276110451668501,0.698679447174072,0,0.000211849444895051,1.6,-2.29,8.71831664962521,0.0282373483826189,0.00236799756055132,0.000222796315331606,0.00323647132668644,1,0.0017237602562896
1081057,2022,10,31.579721,-95.866388,122.52,258448,0.24402893784337,19.7335186004639,358.952688365341,1.63537379264506,305.174635907171,0.719816304096986,2,40.944881952,1,2,0.0399689301848412,0.00225972733460367,0.132688373327255,0.00889767706394196,0.0287409089505672,0.488807290792465,0.0651083961129189,0.00939199235290289,1.7,-1.8,18.7592478534157,0.00550382742355611,0.00104500338244435,0.000428651068977171,0.0215659787803143,0,0
1082209,2022,3,27.258333,-97.863333,67.9,258480,0.00870703557103915,18.5563507080078,46.8928697833583,0.614082717301542,329.557066562442,0.912081802432901,3,15.944881914,1,2,0.00541233457624912,0.00356074632145464,0.0579689517617226,0.403931051492691,0.0334710143506527,0.275957852602005,0.000925794069189578,0.000427289545768872,1.8,-1.67,19.9081500673901,0.00638261371662415,0.000816057254654024,4.85748365865491e-06,0.00803868855103229,0,0.000235145915730285
1082474,2022,4,28.81221,-97.850093,194.969666666667,258489,0.0493119333170712,23.5981254577637,278.736175075073,2.58595254477217,270.89532185445,1.31790822146834,2,16.765091889,2,4,0.130569875240326,0.00346020772121847,0.0398983135819435,0.223218694329262,0.0153237767517567,0.36713507771492,0.000564931833650917,0.000847397779580206,1.7,-2.1,22.2159120692122,0.000576751909105009,0.0029895161085958,0.000251989863559799,0.0164108515011519,0,1.0260356883273e-07
1082475,2022,5,28.81221,-97.850093,205.650967741935,258489,0.0820939435729872,28.1759033203125,278.736175075073,2.58595254477217,270.89532185445,1.72749817477506,2,16.765091889,2,4,0.130569875240326,0.00346020772121847,0.0398983135819435,0.223218694329262,0.0153237767517567,0.36713507771492,0.000564931833650917,0.000847397779580206,1.4,-2.25,22.2159120692122,0.000576751909105009,0.0029895161085958,0.000251989863559799,0.0164108515011519,0,2.12807402023439e-07
1083535,2022,2,30.2581944444444,-95.0735277777778,83.23,258512,0.187599615447277,10.1857709884644,124.6719162,0.284042934018044,114.809362861659,0.449917461047868,2,52.624671996,5,4,0.0903717428445816,0.00313345668837428,0.272966802120209,0.0356074646115303,0.0938612744212151,0.020865973085165,0.16500498354435,0.00106822384987026,1.1,-1.91,20.0501780802196,0.0152555272670532,0.00135494940066141,0.00157262177730196,0.0459592142496506,0,0
1091584,2022,2,29.5742389,-104.2732889,143.46,258926,0.000157296838688146,11.2550983428955,2784.07864352123,1.0913806784167,213.878254664524,0.562635808082794,2,40.190288775,1,2,0,0,0,0.999858796596527,0,0,0,0,1.1,-1.91,83.0654523515116,0.0343778088967425,0.000164150920787385,3.95454490987792e-05,0.00513371521101644,0,0
1091585,2022,11,29.5742389,-104.2732889,144,258926,0.0316808261752147,13.6835260391235,2784.07864352123,1.0913806784167,213.878254664524,0.475247501484915,2,40.190288775,1,2,0,0,0,0.999858796596527,0,0,0,0,0.3,-2.41,83.0654523515116,0.0343778088967425,0.000164150920787385,3.95454490987792e-05,0.00513371521101644,0,0
1093828,2022,1,30.693055,-94.746388,188.59,258979,0.473238727958496,9.30082416534424,363.035119070178,2.32002659641944,86.5796456678287,0.44627067053036,3,45.734908206,4,4,0.0571855865418911,0.00712149264290929,0.384275734424591,0.0987038910388947,0.0479988604784012,0.0524141862988472,0.0454351231455803,0.00178037316072732,0.5,-2.4,53.3761378221005,0.0159426087141278,0.000768752427976372,0.0724377393221513,0.0715479098360737,0,0
1116153,2022,3,38.1196894,-113.3466303,66.96,260275,0.0559931916114275,6.43916368484497,5117.1815610498,1.1261553089243,130.912661643888,0.365577583167803,4,158.300525175,4,2,0.0210084039717913,0.00192280299961567,0.00576840899884701,0.855861008167267,0.00847457628697157,0.000213644772884436,0.00149551348295063,0.00484261522069573,1.8,-1.67,12.5732314120693,0.00372199653288841,0.00640922772713251,0.00124994322871046,0.00343981264158462,0,0
1116824,2022,3,38.30553586,-111.5021245,17.24,260366,0.0100703252109398,3.13646960258484,6905.73759501983,2.86371009661535,145.993412997988,0.253335572675365,4,85.892388582,1,2,0.0095428004860878,0.0321891456842422,0.291055411100388,0.384916692972183,0.00391682097688317,0.0398091450333595,0.00541233457624912,0,1.8,-1.67,17.9861912537676,0.0243732999370474,0.00090582403112566,0.00268949297272445,0.00357358917917125,0,0
1117149,2022,6,38.4126111,-113.8371389,1.49,260410,0,19.4239063262939,6279.36658759672,5.10402729209703,199.229087649968,1.25314046895027,4,128.248031691,2,2,0,0.000427289545768872,0.0489958710968494,0.898589968681335,0.00348953134380281,0,0.000284859706880525,0,1.7,-1.34,322.963559899418,0.0636496684359863,0.00406082887588066,0.00197003346863335,0.0136681492084265,0,0
1117150,2022,9,38.4126111,-113.8371389,1.42,260410,0.0543192303599596,18.6336517333984,6279.36658759672,5.10402729209703,199.229087649968,0.776968679332521,4,128.248031691,2,2,0,0.000427289545768872,0.0489958710968494,0.898589968681335,0.00348953134380281,0,0.000284859706880525,0,1.6,-2.29,322.963559899418,0.0636496684359863,0.00406082887588066,0.00197003346863335,0.0136681492084265,0,0
1120839,2022,2,39.55829038,-111.8960413,114.74,261242,0.0437575594998954,-2.07152986526489,5196.86208743219,0.485620009461643,316.392188856797,0.12527538428738,4,76.870078857,3,2,0.00697906268760562,0.000997008988633752,0.0037743910215795,0.296823799610138,0.0630964264273643,0.424084901809692,0.0022788776550442,0,1.1,-1.91,129.429086496438,0.0317797151656608,0.00154549310142536,0.00127094526979746,0.00643777259557198,0,0
1120841,2022,5,39.55829038,-111.8960413,122.9,261242,0.0893493588621723,12.9097528457642,5196.86208743219,0.485620009461643,316.392188856797,0.833859282231674,4,76.870078857,3,2,0.00697906268760562,0.000997008988633752,0.0037743910215795,0.296823799610138,0.0630964264273643,0.424084901809692,0.0022788776550442,0,1.4,-2.25,129.429086496438,0.0317797151656608,0.00154549310142536,0.00127094526979746,0.00643777259557198,0,0.000699494686358634
1120842,2022,7,39.55829038,-111.8960413,151.6,261242,0,26.0482501983643,5196.86208743219,0.485620009461643,316.392188856797,1.07467401222318,4,76.870078857,3,2,0.00697906268760562,0.000997008988633752,0.0037743910215795,0.296823799610138,0.0630964264273643,0.424084901809692,0.0022788776550442,0,0.8,-2.62,129.429086496438,0.0317797151656608,0.00154549310142536,0.00127094526979746,0.00643777259557198,0,0.0010022324160413
1120843,2022,8,39.55829038,-111.8960413,157.76,261242,0.100230257181646,23.9381217956543,5196.86208743219,0.485620009461643,316.392188856797,0.844343492084235,4,76.870078857,3,2,0.00697906268760562,0.000997008988633752,0.0037743910215795,0.296823799610138,0.0630964264273643,0.424084901809692,0.0022788776550442,0,1,-2.38,129.429086496438,0.0317797151656608,0.00154549310142536,0.00127094526979746,0.00643777259557198,0,0.00101848126379841
1120844,2022,10,39.55829038,-111.8960413,139.37,261242,0.0684254752470789,11.1739959716797,5196.86208743219,0.485620009461643,316.392188856797,0.387414272026147,4,76.870078857,3,2,0.00697906268760562,0.000997008988633752,0.0037743910215795,0.296823799610138,0.0630964264273643,0.424084901809692,0.0022788776550442,0,1.7,-1.8,129.429086496438,0.0317797151656608,0.00154549310142536,0.00127094526979746,0.00643777259557198,0,0.000309466085397759
1122137,2022,3,40.0041189,-111.9654972,257.03,261513,0.0957413171736626,5.80235958099365,4701.87379423858,1.58172345515502,107.310660192787,0.277453070033526,3,226.541995095,1,2,0.00564931845292449,0.00197726138867438,0.00409575598314404,0.416001707315445,0.0730880573391914,0.338041096925735,0,0,1.8,-1.67,201.793680973352,0.00817828981266066,0.00953067576454056,0.0211806958019365,0.00407704879594035,0,0
1122218,2022,9,40.02938666,-113.129142,32.65,261537,0.0307332937953049,20.9606304168701,4339.74829031493,0.339344698351896,181.516887125437,0.397671252076673,3,253.674541068,2,2,0,0.121036648750305,0.0127815827727318,0.784619748592377,0.000423698889790103,0,0,0,1.6,-2.29,20.1189987608574,0.132022176512682,0.00155479169332865,0.00338618823267044,0.00377457799802224,0,0
1122245,2022,3,40.0335485,-113.978058,12.9,261542,0.140457929489289,5.42080783843994,5311.5854127189,0.797756678172244,314.58586098985,0.207311062364478,4,92.814960771,4,2,0.00120048015378416,0.000141232958412729,0.000494315347168595,0.939834773540497,0.00508438656106591,0.00494315382093191,0.00120048015378416,0,1.8,-1.67,92.1391816425865,0.026935477497438,0.00155479169332865,0.00338618823267044,0.00827386787878349,0,0
1122933,2022,1,40.3865833,-109.9166389,12.67,261929,0,-3.56385159492493,5492.73972622759,0.877625239932423,158.102409969495,0.0314837240962996,4,121.358267901,3,2,0.0095428004860878,0.00121065380517393,0.00605326890945435,0.0792622119188309,0.0149551341310143,0.583107829093933,0.0806865096092224,0.000284859706880525,0.5,-2.4,11.9227796895989,0.00731493827522632,0.00142255371556452,0.00623125796826758,0.00281061657979153,0,0
1122934,2022,3,40.3865833,-109.9166389,12.98,261929,0.0623161024004557,3.26709461212158,5492.73972622759,0.877625239932423,158.102409969495,0.223389122769347,4,121.358267901,3,2,0.0095428004860878,0.00121065380517393,0.00605326890945435,0.0792622119188309,0.0149551341310143,0.583107829093933,0.0806865096092224,0.000284859706880525,1.8,-1.67,11.9227796895989,0.00731493827522632,0.00142255371556452,0.00623125796826758,0.00281061657979153,0,0
1122935,2022,5,40.3865833,-109.9166389,10.67,261929,0.0283201473396217,12.0980854034424,5492.73972622759,0.877625239932423,158.102409969495,0.709623002457605,4,121.358267901,3,2,0.0095428004860878,0.00121065380517393,0.00605326890945435,0.0792622119188309,0.0149551341310143,0.583107829093933,0.0806865096092224,0.000284859706880525,1.4,-2.25,11.9227796895989,0.00731493827522632,0.00142255371556452,0.00623125796826758,0.00281061657979153,0,6.72179641148523e-06
1122936,2022,6,40.3865833,-109.9166389,11.57,261929,0.0596701943310785,18.9270267486572,5492.73972622759,0.877625239932423,158.102409969495,0.875693194901889,4,121.358267901,3,2,0.0095428004860878,0.00121065380517393,0.00605326890945435,0.0792622119188309,0.0149551341310143,0.583107829093933,0.0806865096092224,0.000284859706880525,1.7,-1.34,11.9227796895989,0.00731493827522632,0.00142255371556452,0.00623125796826758,0.00281061657979153,0,9.3930307519839e-06
1122937,2022,9,40.3865833,-109.9166389,13.085,261929,0.132286867958558,18.3643035888672,5492.73972622759,0.877625239932423,158.102409969495,0.510969037609868,4,121.358267901,3,2,0.0095428004860878,0.00121065380517393,0.00605326890945435,0.0792622119188309,0.0149551341310143,0.583107829093933,0.0806865096092224,0.000284859706880525,1.6,-2.29,11.9227796895989,0.00731493827522632,0.00142255371556452,0.00623125796826758,0.00281061657979153,0,4.48977420639553e-06
1122938,2022,11,40.3865833,-109.9166389,12.82,261929,0.0353075357157804,-1.32294607162476,5492.73972622759,0.877625239932423,158.102409969495,0.124096332448318,4,121.358267901,3,2,0.0095428004860878,0.00121065380517393,0.00605326890945435,0.0792622119188309,0.0149551341310143,0.583107829093933,0.0806865096092224,0.000284859706880525,0.3,-2.41,11.9227796895989,0.00731493827522632,0.00142255371556452,0.00623125796826758,0.00281061657979153,0,6.01866578155506e-10
1123461,2022,8,40.46369444,-111.3916944,93.93,262112,0.141078155711992,20.1982307434082,5853.98673490749,1.66309853986636,315.475300473464,0.70375172278976,4,104.461942416,3,2,0.041522491723299,0.00614363374188542,0.251888990402222,0.350822687149048,0.0165948737412691,0.12746274471283,0,0.000423698889790103,1,-2.38,234.877419015253,0.00718650828717021,0.0017356832654079,0.00920853235525264,0.00575478435254345,0,5.26278671657639e-06
1124729,2022,2,40.5219,-111.9886028,95.48,262284,0.0335152819284359,0.0422965809702873,4666.97359107986,2.19274685311685,51.254134968802,0.0753665659891125,4,81.03674553,2,4,0.737165451049805,0.00614363374188542,0.01052185613662,0.034955158829689,0.0183602850884199,0.0414518751204014,0,0.0040251393802464,1.1,-1.91,31.0505219178074,0.0144703242382351,0.0197318986980582,0.0219528977914697,0.00880092527925968,0,0
1125709,2022,2,40.58411407,-112.0213275,263.12,262436,0.0564675632343893,-0.193927884101868,4861.75789398349,1.03639341285788,99.3645530659605,0.0753665659891125,3,66.305774379,3,2,0.472226172685623,0.00448654033243656,0.0123913967981935,0.108104258775711,0.0237857848405838,0.207520291209221,0,0,1.1,-1.91,86.4884235164818,0.0336973506877029,0.0197318986980582,0.0219528977914697,0.0148625714670991,0,0
1127309,2022,1,41.2622222,-111.7702778,27.25,263344,0.188881731695888,-3.26353359222412,4921.80481339931,0.466794134808971,342.941671963807,0.0317729959194909,3,128.838582873,1,2,0.0700229853391647,0.00373455905355513,0.0142200514674187,0.193335250020027,0.0174518823623657,0.520181000232697,0.0038781960029155,0.00014363689115271,0.5,-2.4,10.7644275581097,0.00978308641375481,0.00563343544711805,0.0448320303926221,0.0177215128837029,0,0
1127311,2022,4,41.2622222,-111.7702778,23.16,263344,0.186890016674656,6.40969705581665,4921.80481339931,0.466794134808971,342.941671963807,0.448677584311368,3,128.838582873,1,2,0.0700229853391647,0.00373455905355513,0.0142200514674187,0.193335250020027,0.0174518823623657,0.520181000232697,0.0038781960029155,0.00014363689115271,1.7,-2.1,10.7644275581097,0.00978308641375481,0.00563343544711805,0.0448320303926221,0.0177215128837029,0,0
1127312,2022,6,41.2622222,-111.7702778,18.81,263344,0.0441944724977477,18.1500053405762,4921.80481339931,0.466794134808971,342.941671963807,0.791528958299735,3,128.838582873,1,2,0.0700229853391647,0.00373455905355513,0.0142200514674187,0.193335250020027,0.0174518823623657,0.520181000232697,0.0038781960029155,0.00014363689115271,1.7,-1.34,10.7644275581097,0.00978308641375481,0.00563343544711805,0.0448320303926221,0.0177215128837029,0,2.5902127343378e-05
1129431,2022,2,37.2859222,-75.93582778,14.4,263985,0.117879740075696,6.89085531234741,17.789571094757,2.15409828945065,330.643971651358,0.184651197378728,2,68.208661521,1,1,0.0145791443064809,0.00229819025844336,0.0290864687412977,0.00509910937398672,0.0116345873102546,0.193478882312775,0.166259691119194,0.412740588188171,1.1,-1.91,6.58220976731172,0.00252800591480057,0.00106652866540172,0.00126109808408988,0.0914535982986291,0,0
1130299,2022,9,37.51374576,-75.811041,11.84,264106,0.248018300190646,22.375862121582,15.3274818935295,3.44443143534493,79.3011341216092,0.635492370850529,2,73.392388563,1,2,0.0278935097157955,0.00155356258619577,0.0357319414615631,0.00480192061513662,0.0115811033174396,0.0740766897797585,0.42271026968956,0.224277943372726,1.6,-2.29,12.6229809529896,0.00193838972318257,0.00106652866540172,0.00126109808408988,0.0953862892899911,0,0
1130509,2022,5,37.7206853,-75.67020679,2.5,264132,0.378631156836092,18.6913642883301,33.3735438033147,1.17849698538629,69.47934026902,0.603309642277016,2,67.125984354,7,7,0.0700515508651733,0.00324835814535618,0.144622549414635,0.0105924727395177,0.0217498764395714,0.397217720746994,0.0824800506234169,0.0206906292587519,1.4,-2.25,2.58719690752425,0.0180697280970198,0.00253855850686375,0.00309416753855469,0.084064193054835,0,0
1130510,2022,8,37.7206853,-75.67020679,3.58,264132,0.213666700953259,25.6984157562256,33.3735438033147,1.17849698538629,69.47934026902,0.779729278628261,2,67.125984354,7,7,0.0700515508651733,0.00324835814535618,0.144622549414635,0.0105924727395177,0.0217498764395714,0.397217720746994,0.0824800506234169,0.0206906292587519,1,-2.38,2.58719690752425,0.0180697280970198,0.00253855850686375,0.00309416753855469,0.084064193054835,0,1.55857582690303e-06
1130511,2022,10,37.7206853,-75.67020679,3.65,264132,0.458454823627615,14.6544008255005,33.3735438033147,1.17849698538629,69.47934026902,0.409511181309908,2,67.125984354,7,7,0.0700515508651733,0.00324835814535618,0.144622549414635,0.0105924727395177,0.0217498764395714,0.397217720746994,0.0824800506234169,0.0206906292587519,1.7,-1.8,2.58719690752425,0.0180697280970198,0.00253855850686375,0.00309416753855469,0.084064193054835,0,0
1136775,2022,6,37.2187508698201,-75.9763204424821,7.89,265021,0.201331962430907,23.246976852417,26.2493510823059,0.176799696846516,311.733088763161,0.790099748425694,2,71.128609032,1,2,0.0235152877867222,0.00169479555916041,0.0767601132392883,0.00889767706394196,0.0151119269430637,0.499117285013199,0.176258742809296,0.00353082409128547,1.7,-1.34,7.33591206606853,0.017157141395567,0.00106652866540172,0.00126109808408988,0.0961884896782041,0,3.68381507604798e-05
1145606,2022,2,46.0011,-118.4979806,28.15,265304,0.0417126727550488,3.76251673698425,664.818028569696,0.662271394383208,259.188585406027,0.0870072060753611,4,94.81627311,4,2,0.00790904555469751,0.00197726138867438,0.0053668525069952,0.00310712517239153,0.00819151196628809,0.886731147766113,7.06164792063646e-05,0,1.1,-1.91,25.8762833720766,0.0235181851269878,0.00594700997710778,0.00929151093257622,0.00565294691460828,0,0
1145607,2022,4,46.0011,-118.4979806,27.52,265304,0.274363816045045,8.11210346221924,664.818028569696,0.662271394383208,259.188585406027,0.482150000957144,4,94.81627311,4,2,0.00790904555469751,0.00197726138867438,0.0053668525069952,0.00310712517239153,0.00819151196628809,0.886731147766113,7.06164792063646e-05,0,1.7,-2.1,25.8762833720766,0.0235181851269878,0.00594700997710778,0.00929151093257622,0.00565294691460828,0,0.000332159047791075
1145608,2022,7,46.0011,-118.4979806,27.73,265304,0.0292373955537752,25.0298252105713,664.818028569696,0.662271394383208,259.188585406027,1.00646111748957,4,94.81627311,4,2,0.00790904555469751,0.00197726138867438,0.0053668525069952,0.00310712517239153,0.00819151196628809,0.886731147766113,7.06164792063646e-05,0,0.8,-2.62,25.8762833720766,0.0235181851269878,0.00594700997710778,0.00929151093257622,0.00565294691460828,0,0.00203992826442582
1145609,2022,10,46.0011,-118.4979806,30.9,265304,0.196685115482394,14.302396774292,664.818028569696,0.662271394383208,259.188585406027,0.344512644613085,4,94.81627311,4,2,0.00790904555469751,0.00197726138867438,0.0053668525069952,0.00310712517239153,0.00819151196628809,0.886731147766113,7.06164792063646e-05,0,1.7,-1.8,25.8762833720766,0.0235181851269878,0.00594700997710778,0.00929151093257622,0.00565294691460828,0,0.000281001237865474
1146366,2022,2,46.24718056,-117.9953722,386.86,266086,0.182109730414109,1.80219185352325,2015.67738593658,4.11794541362501,120.375941982608,0.106894826175439,3,91.20734922,3,2,0.00706164818257093,0.00112986366730183,0.00317774177528918,0.0117223355919123,0.0258456319570541,0.858060896396637,0,0,1.1,-1.91,13.7916888048643,0.0521749147052901,0.00033433902385998,0.000630797271617598,0.00729153794530779,0,0
1146367,2022,4,46.24718056,-117.9953722,386.37,266086,0.389793076194058,5.4054594039917,2015.67738593658,4.11794541362501,120.375941982608,0.424427623843231,3,91.20734922,3,2,0.00706164818257093,0.00112986366730183,0.00317774177528918,0.0117223355919123,0.0258456319570541,0.858060896396637,0,0,1.7,-2.1,13.7916888048643,0.0521749147052901,0.00033433902385998,0.000630797271617598,0.00729153794530779,0,0
1146368,2022,10,46.24718056,-117.9953722,386.58,266086,0.237262731196882,12.7181930541992,2015.67738593658,4.11794541362501,120.375941982608,0.321012582540976,3,91.20734922,3,2,0.00706164818257093,0.00112986366730183,0.00317774177528918,0.0117223355919123,0.0258456319570541,0.858060896396637,0,0,1.7,-1.8,13.7916888048643,0.0521749147052901,0.00033433902385998,0.000630797271617598,0.00729153794530779,0,0
1168331,2022,1,48.99337,-122.3646,6.86483870967742,295437,0.674244038162421,4.24079370498657,150.926494700904,1.52693621344992,231.54071419821,0.0347910028020275,4,123.622047432,3,2,0.00640934333205223,0.000925794069189578,0.00384560599923134,0.00277738203294575,0.00626691337674856,0.439609736204147,0.0193704608827829,0.000213644772884436,0.5,-2.4,2.15932257860352,0.0128580841594393,0.00265693952746353,0.00460327901618338,0.172576343757709,0,0
1168332,2022,2,48.99337,-122.3646,7.41821428571429,295437,0.281125216773711,4.67619323730469,150.926494700904,1.52693621344992,231.54071419821,0.0861791864838999,4,123.622047432,3,2,0.00640934333205223,0.000925794069189578,0.00384560599923134,0.00277738203294575,0.00626691337674856,0.439609736204147,0.0193704608827829,0.000213644772884436,1.1,-1.91,2.15932257860352,0.0128580841594393,0.00265693952746353,0.00460327901618338,0.172576343757709,0,0
1168333,2022,3,48.99337,-122.3646,7.63193548387097,295437,0.553400285816075,7.73229455947876,150.926494700904,1.52693621344992,231.54071419821,0.193343137799681,4,123.622047432,3,2,0.00640934333205223,0.000925794069189578,0.00384560599923134,0.00277738203294575,0.00626691337674856,0.439609736204147,0.0193704608827829,0.000213644772884436,1.8,-1.67,2.15932257860352,0.0128580841594393,0.00265693952746353,0.00460327901618338,0.172576343757709,0,0
1168334,2022,4,48.99337,-122.3646,7.49774193548387,295437,0.25612275470406,8.31660556793213,150.926494700904,1.52693621344992,231.54071419821,0.341971065009766,4,123.622047432,3,2,0.00640934333205223,0.000925794069189578,0.00384560599923134,0.00277738203294575,0.00626691337674856,0.439609736204147,0.0193704608827829,0.000213644772884436,1.7,-2.1,2.15932257860352,0.0128580841594393,0.00265693952746353,0.00460327901618338,0.172576343757709,0,0
1168335,2022,5,48.99337,-122.3646,8.59193548387097,295437,0.427440633947928,11.4502220153809,150.926494700904,1.52693621344992,231.54071419821,0.345667892140434,4,123.622047432,3,2,0.00640934333205223,0.000925794069189578,0.00384560599923134,0.00277738203294575,0.00626691337674856,0.439609736204147,0.0193704608827829,0.000213644772884436,1.4,-2.25,2.15932257860352,0.0128580841594393,0.00265693952746353,0.00460327901618338,0.172576343757709,0,2.04653136563343e-08
1168336,2022,6,48.99337,-122.3646,9.20066666666667,295437,0.340295251477471,16.124719619751,150.926494700904,1.52693621344992,231.54071419821,0.409468403635126,4,123.622047432,3,2,0.00640934333205223,0.000925794069189578,0.00384560599923134,0.00277738203294575,0.00626691337674856,0.439609736204147,0.0193704608827829,0.000213644772884436,1.7,-1.34,2.15932257860352,0.0128580841594393,0.00265693952746353,0.00460327901618338,0.172576343757709,0,8.04969003815815e-08
1169288,2022,3,46.39,-118.96,78.55,295458,0.0714563511009716,9.10545825958252,594.210107088637,3.12342095548339,325.953236856689,0.344642254209354,4,87.762467325,1,3,0.00363196129910648,0.00078336417209357,0.00313345668837428,0.142572283744812,0.0136732654646039,0.749038577079773,0,0.000284859706880525,1.8,-1.67,90.6211686698279,0.127631907621494,0.011280108302359,0.0323767197669282,0.00380343586002166,1,0
1169354,2022,4,48.66,-119.52,35.52,295462,0.0831952371635347,6.19594144821167,1650.35331990118,17.7154891315591,282.542011324174,0.393205928649239,4,59.251968594,3,2,0.0179546102881432,0.00373455905355513,0.0177391562610865,0.556736588478088,0.0271473713219166,0.161160588264465,0.00158000574447215,0.0131427748128772,1.7,-2.1,153.263622927402,0.0256459634150317,0.00084833360126279,0.000915756220705635,0.0103975141086429,0,0
1170223,2022,3,46.72707481,-122.9784524,17.32,295472,0.212215639171621,7.99785232543945,180.4461945,0.183283690278119,254.289839950934,0.314847866546931,4,93.339895155,1,1,0.517732501029968,0.00327588664367795,0.131747618317604,0.00719270762056112,0.00690784770995378,0.120495654642582,0.0364620424807072,0.0108246691524982,1.8,-1.67,1.66888605675593,0.00775725261352987,0.000880954287984444,0.00478147977486463,0.103544716044962,0,0
1170224,2022,9,46.72707481,-122.9784524,25.3,295472,0.0386606990470705,17.8552837371826,180.4461945,0.183283690278119,254.289839950934,0.630550886096361,4,93.339895155,1,1,0.517732501029968,0.00327588664367795,0.131747618317604,0.00719270762056112,0.00690784770995378,0.120495654642582,0.0364620424807072,0.0108246691524982,1.6,-2.29,1.66888605675593,0.00775725261352987,0.000880954287984444,0.00478147977486463,0.103544716044962,0,7.14598691386661e-06
1170225,2022,10,46.72707481,-122.9784524,25.39,295472,0.276325156163791,13.8196954727173,180.4461945,0.183283690278119,254.289839950934,0.391481154829129,4,93.339895155,1,1,0.517732501029968,0.00327588664367795,0.131747618317604,0.00719270762056112,0.00690784770995378,0.120495654642582,0.0364620424807072,0.0108246691524982,1.7,-1.8,1.66888605675593,0.00775725261352987,0.000880954287984444,0.00478147977486463,0.103544716044962,0,4.0037058716249e-07
1170889,2022,1,46.3262055555556,-118.138558333333,39.3732258064516,295481,0.22975773983933,0.919436156749725,1391.74576588011,9.22429946087017,319.590802548653,0.0245732366630027,4,58.136483028,4,2,0.00579055165871978,0.000635548320133239,0.00310712517239153,0.0149706937372684,0.0266224145889282,0.848033308982849,7.06164792063646e-05,0,0.5,-2.4,63.4074274661453,0.0314992158066387,0.00033433902385998,0.000630797271617598,0.00582546464941154,0,0
1171152,2022,1,46.8424138888889,-122.960038888889,14.2764516129032,295482,0.957772364032196,4.93117046356201,222.618502645633,0.207146694972913,278.201537157821,0.096215457261521,4,127.919947701,1,1,0.0860814899206161,0.00324835814535618,0.114963635802269,0.0502789355814457,0.0344608426094055,0.425181835889816,0.0130640491843224,0,0.5,-2.4,5.70096760837905,0.0218206111535085,0.00713025511835853,0.00228754212153365,0.127929878829519,0,0
1171153,2022,2,46.8424138888889,-122.960038888889,17.535,295482,0.457248087699431,4.96977663040161,222.618502645633,0.207146694972913,278.201537157821,0.182663136857507,4,127.919947701,1,1,0.0860814899206161,0.00324835814535618,0.114963635802269,0.0502789355814457,0.0344608426094055,0.425181835889816,0.0130640491843224,0,1.1,-1.91,5.70096760837905,0.0218206111535085,0.00713025511835853,0.00228754212153365,0.127929878829519,0,0
1171155,2022,4,46.8424138888889,-122.960038888889,18.7456666666667,295482,0.568595546675555,7.37885475158691,222.618502645633,0.207146694972913,278.201537157821,0.516658243078551,4,127.919947701,1,1,0.0860814899206161,0.00324835814535618,0.114963635802269,0.0502789355814457,0.0344608426094055,0.425181835889816,0.0130640491843224,0,1.7,-2.1,5.70096760837905,0.0218206111535085,0.00713025511835853,0.00228754212153365,0.127929878829519,0,0
1171888,2022,1,47.66965,-117.126894444444,99.3416129032258,295487,0.138349182859838,-1.30129528045654,2053.9356260211,0.264598887512477,70.5521436671039,0.00382147671311696,4,83.103674667,3,2,0.412191987037659,0.00363196129910648,0.0154536394402385,0.163509473204613,0.0790485665202141,0.111166499555111,7.12149267201312e-05,0.00605326890945435,0.5,-2.4,5.63406452336973,0.0278811320494003,0.0134945989393959,0.00203788071611277,0.0269482921459774,0,0
1171890,2022,3,47.66965,-117.126894444444,97.5438709677419,295487,0.136599353186916,5.61840677261353,2053.9356260211,0.264598887512477,70.5521436671039,0.236357641704511,4,83.103674667,3,2,0.412191987037659,0.00363196129910648,0.0154536394402385,0.163509473204613,0.0790485665202141,0.111166499555111,7.12149267201312e-05,0.00605326890945435,1.8,-1.67,5.63406452336973,0.0278811320494003,0.0134945989393959,0.00203788071611277,0.0269482921459774,0,0
1171892,2022,5,47.66965,-117.126894444444,95.2432258064516,295487,0.202630473867921,10.5615892410278,2053.9356260211,0.264598887512477,70.5521436671039,0.531046410113754,4,83.103674667,3,2,0.412191987037659,0.00363196129910648,0.0154536394402385,0.163509473204613,0.0790485665202141,0.111166499555111,7.12149267201312e-05,0.00605326890945435,1.4,-2.25,5.63406452336973,0.0278811320494003,0.0134945989393959,0.00203788071611277,0.0269482921459774,0,1.4477598448281e-06
1174863,2022,1,44.1155722,-89.3639028,100.71,295845,0.036387884766027,-11.8785734176636,1097.02956616309,1.07058849047736,113.157810998582,0.0292502113346346,1,91.272966018,1,3,0.0156768597662449,0.00233034393750131,0.3605677485466,0.00974507443606853,0.0170891880989075,0.325188905000687,0.0357319414615631,0.00826212856918573,0.5,-2.4,29.5347617190279,0.0466902590434101,0.0120563810132223,0.000112845198551314,0.0783539143932859,0,0
1174864,2022,4,44.1155722,-89.3639028,101.16,295845,0.277770961472811,4.60250902175903,1097.02956616309,1.07058849047736,113.157810998582,0.575173846941357,1,91.272966018,1,3,0.0156768597662449,0.00233034393750131,0.3605677485466,0.00974507443606853,0.0170891880989075,0.325188905000687,0.0357319414615631,0.00826212856918573,1.7,-2.1,29.5347617190279,0.0466902590434101,0.0120563810132223,0.000112845198551314,0.0783539143932859,0,0
1174865,2022,6,44.1155722,-89.3639028,101.73,295845,0.32949194870617,18.8289966583252,1097.02956616309,1.07058849047736,113.157810998582,0.90033533828898,1,91.272966018,1,3,0.0156768597662449,0.00233034393750131,0.3605677485466,0.00974507443606853,0.0170891880989075,0.325188905000687,0.0357319414615631,0.00826212856918573,1.7,-1.34,29.5347617190279,0.0466902590434101,0.0120563810132223,0.000112845198551314,0.0783539143932859,0,0
1174866,2022,10,44.1155722,-89.3639028,101.92,295845,0.0849302047859001,8.65313053131104,1097.02956616309,1.07058849047736,113.157810998582,0.471739081351373,1,91.272966018,1,3,0.0156768597662449,0.00233034393750131,0.3605677485466,0.00974507443606853,0.0170891880989075,0.325188905000687,0.0357319414615631,0.00826212856918573,1.7,-1.8,29.5347617190279,0.0466902590434101,0.0120563810132223,0.000112845198551314,0.0783539143932859,0,2.22073845116929e-06
1174939,2022,2,44.1961111,-89.4175,3.01,295906,0.0311345691603476,-8.68321514129639,1121.24439134895,3.44329430562768,184.684869919048,0.0382105666463542,1,94.422572322,1,1,0.00868822075426579,0.00220766267739236,0.133314341306686,0.00683663273230195,0.0165218636393547,0.663865566253662,0.00733513757586479,0.0156672839075327,1.1,-1.91,25.2673663876342,0.00116508573842119,0.0120563810132223,0.000112845198551314,0.0738556588061651,0,0
1174941,2022,7,44.1961111,-89.4175,3.4,295906,0.351789079535037,20.9057464599609,1121.24439134895,3.44329430562768,184.684869919048,0.674565784348293,1,94.422572322,1,1,0.00868822075426579,0.00220766267739236,0.133314341306686,0.00683663273230195,0.0165218636393547,0.663865566253662,0.00733513757586479,0.0156672839075327,0.8,-2.62,25.2673663876342,0.00116508573842119,0.0120563810132223,0.000112845198551314,0.0738556588061651,0,0.00271988803760552
1182834,2022,1,44.0070555555556,-90.6505027777778,6.62709677419355,297791,0.0530600611174095,-12.9101800918579,908.716948829455,0.294870956926315,245.484343586256,0.0706915343350376,1,86.515748163,1,4,0.121954664587975,0.00847397744655609,0.24659276008606,0.0165242571383715,0.181766822934151,0.0146176116541028,0.0732999071478844,0.00112986366730183,0.5,-2.4,2.66246556701757,0.0124990500813345,0.00147326307659871,0.0053116678449844,0.0692711071761449,0,0
1182835,2022,2,44.0070555555556,-90.6505027777778,5.905,297791,0.0352536099386536,-9.29047203063965,908.716948829455,0.294870956926315,245.484343586256,0.0958039505479895,1,86.515748163,1,4,0.121954664587975,0.00847397744655609,0.24659276008606,0.0165242571383715,0.181766822934151,0.0146176116541028,0.0732999071478844,0.00112986366730183,1.1,-1.91,2.66246556701757,0.0124990500813345,0.00147326307659871,0.0053116678449844,0.0692711071761449,0,0
1182836,2022,3,44.0070555555556,-90.6505027777778,6.41838709677419,297791,0.219887536050208,-0.540633261203766,908.716948829455,0.294870956926315,245.484343586256,0.32617679154922,1,86.515748163,1,4,0.121954664587975,0.00847397744655609,0.24659276008606,0.0165242571383715,0.181766822934151,0.0146176116541028,0.0732999071478844,0.00112986366730183,1.8,-1.67,2.66246556701757,0.0124990500813345,0.00147326307659871,0.0053116678449844,0.0692711071761449,0,0
1182837,2022,4,44.0070555555556,-90.6505027777778,6,297791,0.290634300893969,4.68194007873535,908.716948829455,0.294870956926315,245.484343586256,0.548538649384058,1,86.515748163,1,4,0.121954664587975,0.00847397744655609,0.24659276008606,0.0165242571383715,0.181766822934151,0.0146176116541028,0.0732999071478844,0.00112986366730183,1.7,-2.1,2.66246556701757,0.0124990500813345,0.00147326307659871,0.0053116678449844,0.0692711071761449,0,0
1182838,2022,5,44.0070555555556,-90.6505027777778,6.33096774193548,297791,0.395610364378869,14.7644605636597,908.716948829455,0.294870956926315,245.484343586256,0.703385922357184,1,86.515748163,1,4,0.121954664587975,0.00847397744655609,0.24659276008606,0.0165242571383715,0.181766822934151,0.0146176116541028,0.0732999071478844,0.00112986366730183,1.4,-2.25,2.66246556701757,0.0124990500813345,0.00147326307659871,0.0053116678449844,0.0692711071761449,0,0
1182839,2022,6,44.0070555555556,-90.6505027777778,6.24466666666667,297791,0.509918143579399,19.0971603393555,908.716948829455,0.294870956926315,245.484343586256,0.84258232344895,1,86.515748163,1,4,0.121954664587975,0.00847397744655609,0.24659276008606,0.0165242571383715,0.181766822934151,0.0146176116541028,0.0732999071478844,0.00112986366730183,1.7,-1.34,2.66246556701757,0.0124990500813345,0.00147326307659871,0.0053116678449844,0.0692711071761449,0,0
1183026,2022,1,44.07373889,-87.7017056,25.52,297793,0.0162978763903142,-9.3444128036499,679.1338593,0.40271628594673,311.291248625608,0.155058921088471,1,109.678477857,2,2,0.465856939554214,0.00360144046135247,0.0485135242342949,0.00910952594131231,0.0151119269430637,0.227950006723404,0.0287409089505672,0.006708565633744,0.5,-2.4,3.39035170174345,0.0496653482644677,0.00135720630818986,0.243508455872624,0.0754791993620992,0,0
1183027,2022,7,44.07373889,-87.7017056,25.94,297793,0.240413385791707,20.5924777984619,679.1338593,0.40271628594673,311.291248625608,0.755776984695241,1,109.678477857,2,2,0.465856939554214,0.00360144046135247,0.0485135242342949,0.00910952594131231,0.0151119269430637,0.227950006723404,0.0287409089505672,0.006708565633744,0.8,-2.62,3.39035170174345,0.0496653482644677,0.00135720630818986,0.243508455872624,0.0754791993620992,0,0
1183028,2022,10,44.07373889,-87.7017056,26.71,297793,0.0743928607559584,8.61269092559814,679.1338593,0.40271628594673,311.291248625608,0.384686888631189,1,109.678477857,2,2,0.465856939554214,0.00360144046135247,0.0485135242342949,0.00910952594131231,0.0151119269430637,0.227950006723404,0.0287409089505672,0.006708565633744,1.7,-1.8,3.39035170174345,0.0496653482644677,0.00135720630818986,0.243508455872624,0.0754791993620992,0,0
1188314,2022,2,37.9756861,-82.3555778,29.54,298207,0.434499425872668,3.27773380279541,799.459969805551,17.6826578933084,209.3398755823,0.302978375912924,2,17.486876667,1,2,0.0101982187479734,0.00265728239901364,0.943048000335693,0.00114909512922168,7.18184455763549e-05,0,0,0,1.1,-1.91,56.2297266215366,0.00167135968952538,0.000224722505375625,0.00103653255604507,0.0755696753568451,0,0
1188315,2022,6,37.9756861,-82.3555778,30.12,298207,0.261563103740508,22.101167678833,799.459969805551,17.6826578933084,209.3398755823,0.869721341391284,2,17.486876667,1,2,0.0101982187479734,0.00265728239901364,0.943048000335693,0.00114909512922168,7.18184455763549e-05,0,0,0,1.7,-1.34,56.2297266215366,0.00167135968952538,0.000224722505375625,0.00103653255604507,0.0755696753568451,0,0
1188316,2022,7,37.9756861,-82.3555778,29.88,298207,0.923547621000659,24.2035999298096,799.459969805551,17.6826578933084,209.3398755823,0.76961632592747,2,17.486876667,1,2,0.0101982187479734,0.00265728239901364,0.943048000335693,0.00114909512922168,7.18184455763549e-05,0,0,0,0.8,-2.62,56.2297266215366,0.00167135968952538,0.000224722505375625,0.00103653255604507,0.0755696753568451,0,0
1188317,2022,11,37.9756861,-82.3555778,29.91,298207,0.292075049976947,7.96446990966797,799.459969805551,17.6826578933084,209.3398755823,0.341272379675533,2,17.486876667,1,2,0.0101982187479734,0.00265728239901364,0.943048000335693,0.00114909512922168,7.18184455763549e-05,0,0,0,0.3,-2.41,56.2297266215366,0.00167135968952538,0.000224722505375625,0.00103653255604507,0.0755696753568451,0,0
1193056,2022,3,43.5974143,-110.7437613,54.53,301360,0.0886152298839993,-1.63067996501923,6404.1994848,0.359701226491581,212.495449277619,0.175785004890486,4,98.851706187,3,2,0.256088882684708,0.00719270762056112,0.0185158811509609,0.533399820327759,0.00235009263269603,0.0140293408185244,0.0274177473038435,0.00056971941376105,1.8,-1.67,2.45574617696561,0.0786828162101491,0.000271862848102705,0.00353217037905083,0.0342550313050548,0,0
1193057,2022,5,43.5974143,-110.7437613,52.84,301360,0.231696752464861,6.56511402130127,6404.1994848,0.359701226491581,212.495449277619,0.587093624496744,4,98.851706187,3,2,0.256088882684708,0.00719270762056112,0.0185158811509609,0.533399820327759,0.00235009263269603,0.0140293408185244,0.0274177473038435,0.00056971941376105,1.4,-2.25,2.45574617696561,0.0786828162101491,0.000271862848102705,0.00353217037905083,0.0342550313050548,0,0
1193058,2022,8,43.5974143,-110.7437613,47.35,301360,0.179680201285432,17.6649379730225,6404.1994848,0.359701226491581,212.495449277619,0.622025438187881,4,98.851706187,3,2,0.256088882684708,0.00719270762056112,0.0185158811509609,0.533399820327759,0.00235009263269603,0.0140293408185244,0.0274177473038435,0.00056971941376105,1,-2.38,2.45574617696561,0.0786828162101491,0.000271862848102705,0.00353217037905083,0.0342550313050548,0,0
1193059,2022,11,43.5974143,-110.7437613,51.1,301360,0.248834054679332,-6.98384046554565,6404.1994848,0.359701226491581,212.495449277619,0.0707048632477478,4,98.851706187,3,2,0.256088882684708,0.00719270762056112,0.0185158811509609,0.533399820327759,0.00235009263269603,0.0140293408185244,0.0274177473038435,0.00056971941376105,0.3,-2.41,2.45574617696561,0.0786828162101491,0.000271862848102705,0.00353217037905083,0.0342550313050548,0,0
1193574,2022,9,37.48979,-122.03262,2.22,301952,0.0388300794906306,22.147066116333,3.33696877846523,0.698362095562494,198.423549469794,1.27162182618237,4,83.202099864,2,7,0.0870701223611832,0.0125697338953614,0.00254219328053296,0.00211849436163902,0.00494315382093191,0.00360144046135247,0.0840336158871651,0.708918869495392,1.6,-2.29,1.03892822201394,0,0.00677776017009474,0.028772672658298,0,0,4.44165699100088e-06
1193579,2022,3,37.50807,-122.00223,1.82,301957,0.0520861650242377,13.363597869873,15.6175103089039,0.909042859335999,256.132831770861,0.483174262193015,4,37.171916067,4,5,0.297037452459335,0.0128186866641045,0.0047714002430439,0.00277738203294575,0.0419455915689468,0.108033046126366,0.0787637084722519,0.298319339752197,1.8,-1.67,3.25739227749996,0.0211795650314383,0.00677776017009474,0.028772672658298,0.00297293116824701,0,2.3365255454076e-05
1195162,2022,1,37.67622,-122.15183,10.0133333333333,302132,0.0258019621683063,11.1241264343262,15.5734446395572,0.594624450568644,320.596101928285,0.206919930740047,4,35.826771708,3,5,0.218843474984169,0.00356074632145464,0.00142429850529879,0.00142429850529879,0.025281298905611,0.0055547640658915,0.121350236237049,0.563310086727142,0.5,-2.4,2.18249466650836,0.0119917114707208,0.00677776017009474,0.028772672658298,0.0175489941303929,0,0
1195163,2022,4,37.67622,-122.15183,9.58,302132,0.142922076244779,14.1624193191528,15.5734446395572,0.594624450568644,320.596101928285,0.79554144912653,4,35.826771708,3,5,0.218843474984169,0.00356074632145464,0.00142429850529879,0.00142429850529879,0.025281298905611,0.0055547640658915,0.121350236237049,0.563310086727142,1.7,-2.1,2.18249466650836,0.0119917114707208,0.00677776017009474,0.028772672658298,0.0175489941303929,0,5.07194591418084e-07
1195164,2022,7,37.67622,-122.15183,11.1133333333333,302132,0,18.796932220459,15.5734446395572,0.594624450568644,320.596101928285,1.31614815418922,4,35.826771708,3,5,0.218843474984169,0.00356074632145464,0.00142429850529879,0.00142429850529879,0.025281298905611,0.0055547640658915,0.121350236237049,0.563310086727142,0.8,-2.62,2.18249466650836,0.0119917114707208,0.00677776017009474,0.028772672658298,0.0175489941303929,0,1.53988312456962e-06
1195165,2022,10,37.67622,-122.15183,11.9133333333333,302132,0,17.0257129669189,15.5734446395572,0.594624450568644,320.596101928285,0.735521442800423,4,35.826771708,3,5,0.218843474984169,0.00356074632145464,0.00142429850529879,0.00142429850529879,0.025281298905611,0.0055547640658915,0.121350236237049,0.563310086727142,1.7,-1.8,2.18249466650836,0.0119917114707208,0.00677776017009474,0.028772672658298,0.0175489941303929,0,1.35746597890618e-06
1197429,2022,1,38.014207,-121.909589,64.36,302308,0.0136433186075129,10.9254732131958,67.1889785063589,3.01570569753931,72.251467714626,0.0976477897306046,4,19.192913415,4,4,0.327024936676025,0.00183602853212506,0.00508438656106591,0.106983967125416,0.381258398294449,7.06164792063646e-05,0,0,0.5,-2.4,46.7594746927445,0.00803427820670029,0.00599089998519642,0.044067134157299,0.00867722763019303,0,0
1197430,2022,2,38.014207,-121.909589,63.95,302308,0.00291362229268207,12.3996896743774,67.1889785063589,3.01570569753931,72.251467714626,0.275066105817645,4,19.192913415,4,4,0.327024936676025,0.00183602853212506,0.00508438656106591,0.106983967125416,0.381258398294449,7.06164792063646e-05,0,0,1.1,-1.91,46.7594746927445,0.00803427820670029,0.00599089998519642,0.044067134157299,0.00867722763019303,0,0
1197431,2022,4,38.014207,-121.909589,64.25,302308,0.0735837769813334,16.3594627380371,67.1889785063589,3.01570569753931,72.251467714626,0.62234953727102,4,19.192913415,4,4,0.327024936676025,0.00183602853212506,0.00508438656106591,0.106983967125416,0.381258398294449,7.06164792063646e-05,0,0,1.7,-2.1,46.7594746927445,0.00803427820670029,0.00599089998519642,0.044067134157299,0.00867722763019303,0,0
1211425,2022,3,41.544001,-124.047155,15.95,302795,0.39530236011427,10.4534702301025,29.8153001864944,6.87236268726749,328.318966274315,0.268244105468939,4,53.280839976,3,2,0.0511263310909271,0.00677918223664165,0.570157468318939,0.0115811033174396,0.0171598047018051,0.0308594033122063,0.0891180038452148,0.0410987921059132,1.8,-1.67,30.5252063143885,0.00411099005864372,0.00201845547223334,0.00075851880518832,0.275787910307248,0,0
1211426,2022,10,41.544001,-124.047155,17.85,302795,0.108374673402367,15.9352178573608,29.8153001864944,6.87236268726749,328.318966274315,0.243143297299686,4,53.280839976,3,2,0.0511263310909271,0.00677918223664165,0.570157468318939,0.0115811033174396,0.0171598047018051,0.0308594033122063,0.0891180038452148,0.0410987921059132,1.7,-1.8,30.5252063143885,0.00411099005864372,0.00201845547223334,0.00075851880518832,0.275787910307248,0,2.1553084011793e-05
1269647,2022,3,33.936001,-118.000246,120.56,308796,0.0748304933899429,17.3548355102539,212.931181953537,1.29867119110553,284.906367951923,0.859699901375693,4,14.304461964,4,2,0.96391499042511,0.000564931833650917,0.00148294609971344,0.00127109664026648,0.0026128098834306,0.00254219328053296,0,0,1.8,-1.67,48.801745716693,0.0352087041663781,0.0257893802889793,0.0425448183108258,0.00554223930108051,0,0
1269648,2022,6,33.936001,-118.000246,120.53,308796,0.00834243036021323,23.3074398040771,212.931181953537,1.29867119110553,284.906367951923,1.28812554823061,4,14.304461964,4,2,0.96391499042511,0.000564931833650917,0.00148294609971344,0.00127109664026648,0.0026128098834306,0.00254219328053296,0,0,1.7,-1.34,48.801745716693,0.0352087041663781,0.0257893802889793,0.0425448183108258,0.00554223930108051,0,0
1269649,2022,9,33.936001,-118.000246,120.81,308796,0.0198239557687707,26.7783393859863,212.931181953537,1.29867119110553,284.906367951923,1.00815940870001,4,14.304461964,4,2,0.96391499042511,0.000564931833650917,0.00148294609971344,0.00127109664026648,0.0026128098834306,0.00254219328053296,0,0,1.6,-2.29,48.801745716693,0.0352087041663781,0.0257893802889793,0.0425448183108258,0.00554223930108051,0,0
1278195,2022,3,40.010064,-120.093663,25.5,309496,0.0206411776893956,7.80257606506348,4277.63223016985,0.973263032311301,122.694373577192,0.284483552098595,4,174.278215488,1,2,0.0117929521948099,0.00169479555916041,0.00515500316396356,0.389591127634048,0.218699246644974,0.0898947790265083,0.00487253721803427,0,1.8,-1.67,23.8920510021933,0.0149395840223145,0.00207424767942701,0.00134341518820368,0.00324111673613389,0,0
1278905,2022,11,40.284675,-120.444329,19.9,309524,0.196921256257056,1.71772801876068,4005.9055179,0.394334404424899,146.395668043035,0.189468516740411,4,143.175853236,1,4,0.0103100063279271,0.00148294609971344,0.00684979883953929,0.239319249987602,0.0192782990634441,0.508014976978302,0.0229503568261862,0,0.3,-2.41,12.6570150487654,0.0242438138681498,0.00207424767942701,0.00134341518820368,0.0072141950863041,0,2.49787318225261e-05
1430656,2022,3,40.3779,-122.43754,32.9,318210,0.0514826750348883,14.5573024749756,508.016030721571,1.29413787670734,203.916730199792,0.635032154157404,2,33.497375379,4,2,0.0106630884110928,0.00233034393750131,0.0240096040070057,0.459007143974304,0.198714777827263,0.00783842988312244,0.036085020750761,7.06164792063646e-05,1.8,-1.67,1.52890578027392,0.0134347579017529,0.0049167722083632,0.00423440648362839,0.00807725023642803,0,3.76962827046656e-05
1430657,2022,8,40.3779,-122.43754,37.5,318210,0,29.3365917205811,508.016030721571,1.29413787670734,203.916730199792,1.69150605546438,2,33.497375379,4,2,0.0106630884110928,0.00233034393750131,0.0240096040070057,0.459007143974304,0.198714777827263,0.00783842988312244,0.036085020750761,7.06164792063646e-05,1,-2.38,1.52890578027392,0.0134347579017529,0.0049167722083632,0.00423440648362839,0.00807725023642803,0,0.000118995397262899
1430658,2022,10,40.3779,-122.43754,36.5,318210,0,20.9962520599365,508.016030721571,1.29413787670734,203.916730199792,0.758597708025403,2,33.497375379,4,2,0.0106630884110928,0.00233034393750131,0.0240096040070057,0.459007143974304,0.198714777827263,0.00783842988312244,0.036085020750761,7.06164792063646e-05,1.7,-1.8,1.52890578027392,0.0134347579017529,0.0049167722083632,0.00423440648362839,0.00807725023642803,0,8.74415283384075e-05
1430857,2022,1,40.39085,-122.28773,60.14,318215,0.047225777004467,10.2901458740234,446.1942264,0.544162282810604,200.144572495242,0.165480491308999,4,28.21522314,4,2,0.191441282629967,0.0153943933546543,0.0122872674837708,0.0153237767517567,0.16806723177433,0.265447348356247,0.055998869240284,0.00162417907267809,0.5,-2.4,33.8606196640343,0.044526084916761,0.0049167722083632,0.00423440648362839,0.0078459977615873,0,0
1430858,2022,2,40.39085,-122.28773,60.33,318215,0.000781269544783983,12.4399442672729,446.1942264,0.544162282810604,200.144572495242,0.38178096038297,4,28.21522314,4,2,0.191441282629967,0.0153943933546543,0.0122872674837708,0.0153237767517567,0.16806723177433,0.265447348356247,0.055998869240284,0.00162417907267809,1.1,-1.91,33.8606196640343,0.044526084916761,0.0049167722083632,0.00423440648362839,0.0078459977615873,0,9.54871776196337e-05
