site_id,site_name,state,state_code,county,latitude,longitude,gwd_ft,measurement_time,approval_status,quality_code,agency,site_type,aquifer_code,national_aquifer_code,well_depth_ft,parameter_code,statistic_code,source_url
AR008-362155094254801,,,,,36.3652777777778,-94.43,74.89,2026-08-26,Provisional,,,,,,,72019,00003,https://api.waterdata.usgs.gov/ogcapi/v0/collections/latest-daily/items?parameter_code=72019&statistic_id=00003&limit=10000&f=json
AZ014-331949112371701,,,,,33.3305027777778,-112.622319444444,22.63,2026-04-28,Approved,,,,,,,72019,00003,https://api.waterdata.usgs.gov/ogcapi/v0/collections/latest-daily/items?parameter_code=72019&statistic_id=00003&limit=10000&f=json
AZ014-344354112014901,,,,,34.7307990883614,-112.03226865987,259.49,2025-06-12,Approved,,,,,,,72019,00003,https://api.waterdata.usgs.gov/ogcapi/v0/collections/latest-daily/items?parameter_code=72019&statistic_id=00003&limit=10000&f=json
AZ014-350232112404901,,,,,35.0422100816228,-112.68095554294,11.26,2021-10-06,Approved,,,,,,,72019,00003,https://api.waterdata.usgs.gov/ogcapi/v0/collections/latest-daily/items?parameter_code=72019&statistic_id=00003&limit=10000&f=json
AZ014-350427112414701,,,,,35.0740555555556,-112.697166666667,40.31,2021-10-06,Approved,,,,,,,72019,00003,https://api.waterdata.usgs.gov/ogcapi/v0/collections/latest-daily/items?parameter_code=72019&statistic_id=00003&limit=10000&f=json
MN040-465652094394501,,,,,46.94790277777778,-94.663275,62.08,2018-10-10,Approved,,,,,,,72019,00003,https://api.waterdata.usgs.gov/ogcapi/v0/collections/latest-daily/items?parameter_code=72019&statistic_id=00003&limit=10000&f=json
MN040-465652094394701,,,,,46.94801111111111,-94.66311111111112,65.97,2018-10-10,Approved,,,,,,,72019,00003,https://api.waterdata.usgs.gov/ogcapi/v0/collections/latest-daily/items?parameter_code=72019&statistic_id=00003&limit=10000&f=json
MO005-360252090173201,,,,,36.049,-90.2922777777778,12.66,2026-08-26,Provisional,,,,,,,72019,00003,https://api.waterdata.usgs.gov/ogcapi/v0/collections/latest-daily/items?parameter_code=72019&statistic_id=00003&limit=10000&f=json
MO005-360252090173202,,,,,36.049,-90.29227777777777,-17.57,2026-08-26,Provisional,,,,,,,72019,00003,https://api.waterdata.usgs.gov/ogcapi/v0/collections/latest-daily/items?parameter_code=72019&statistic_id=00003&limit=10000&f=json
MO005-360425089485001,,,,,36.0735277777778,-89.8135555555556,17.31,2026-08-26,Provisional,,,,,,,72019,00003,https://api.waterdata.usgs.gov/ogcapi/v0/collections/latest-daily/items?parameter_code=72019&statistic_id=00003&limit=10000&f=json
MO005-361145089394101,,,,,36.19588888888889,-89.66130555555556,24.64,2026-08-26,Provisional,,,,,,,72019,00003,https://api.waterdata.usgs.gov/ogcapi/v0/collections/latest-daily/items?parameter_code=72019&statistic_id=00003&limit=10000&f=json
MO005-362718089552301,,,,,36.4551111111111,-89.9230277777778,-1.87,2026-08-26,Provisional,,,,,,,72019,00003,https://api.waterdata.usgs.gov/ogcapi/v0/collections/latest-daily/items?parameter_code=72019&statistic_id=00003&limit=10000&f=json
MO005-362955089581801,,,,,36.4995,-89.97188888888888,17.5,2026-08-27,Provisional,,,,,,,72019,00003,https://api.waterdata.usgs.gov/ogcapi/v0/collections/latest-daily/items?parameter_code=72019&statistic_id=00003&limit=10000&f=json
MO005-363236094290301,,,,,36.54269444444444,-94.48466666666667,276.25,2026-08-26,Provisional,,,,,,,72019,00003,https://api.waterdata.usgs.gov/ogcapi/v0/collections/latest-daily/items?parameter_code=72019&statistic_id=00003&limit=10000&f=json
MO005-363436092391001,,,,,36.5756388888889,-92.6530277777778,40.88,2026-08-26,Provisional,,,,,,,72019,00003,https://api.waterdata.usgs.gov/ogcapi/v0/collections/latest-daily/items?parameter_code=72019&statistic_id=00003&limit=10000&f=json
MO005-363442090364301,,,,,36.5792222222222,-90.6129444444444,13.39,2026-08-26,Provisional,,,,,,,72019,00003,https://api.waterdata.usgs.gov/ogcapi/v0/collections/latest-daily/items?parameter_code=72019&statistic_id=00003&limit=10000&f=json
MO005-363550094232601,,,,,36.59727222222222,-94.39062777777778,336.01,2026-08-26,Provisional,,,,,,,72019,00003,https://api.waterdata.usgs.gov/ogcapi/v0/collections/latest-daily/items?parameter_code=72019&statistic_id=00003&limit=10000&f=json
MO005-363551090152801,,,,,36.5984722222222,-90.2603888888889,30.13,2026-08-26,Provisional,,,,,,,72019,00003,https://api.waterdata.usgs.gov/ogcapi/v0/collections/latest-daily/items?parameter_code=72019&statistic_id=00003&limit=10000&f=json
MO005-363728093150401,,,,,36.62452777777778,-93.25169444444444,213.76,2026-08-26,Provisional,,,,,,,72019,00003,https://api.waterdata.usgs.gov/ogcapi/v0/collections/latest-daily/items?parameter_code=72019&statistic_id=00003&limit=10000&f=json
MO005-363855093134701,,,,,36.6488611111111,-93.2296666666667,191.58,2026-08-26,Provisional,,,,,,,72019,00003,https://api.waterdata.usgs.gov/ogcapi/v0/collections/latest-daily/items?parameter_code=72019&statistic_id=00003&limit=10000&f=json
MO005-364006093200301,,,,,36.6681666666667,-93.3339166666667,377.3,2026-08-26,Provisional,,,,,,,72019,00003,https://api.waterdata.usgs.gov/ogcapi/v0/collections/latest-daily/items?parameter_code=72019&statistic_id=00003&limit=10000&f=json
MO005-364059093520001,,,,,36.6795555555556,-93.8693333333333,322.67,2026-08-26,Provisional,,,,,,,72019,00003,https://api.waterdata.usgs.gov/ogcapi/v0/collections/latest-daily/items?parameter_code=72019&statistic_id=00003&limit=10000&f=json
MO005-364313094121101,,,,,36.7205833333333,-94.2051666666667,196.17,2026-08-26,Provisional,,,,,,,72019,00003,https://api.waterdata.usgs.gov/ogcapi/v0/collections/latest-daily/items?parameter_code=72019&statistic_id=00003&limit=10000&f=json
MO005-364324091515001,,,,,36.7464444444444,-91.8785,214.74,2026-08-26,Provisional,,,,,,,72019,00003,https://api.waterdata.usgs.gov/ogcapi/v0/collections/latest-daily/items?parameter_code=72019&statistic_id=00003&limit=10000&f=json
MO005-364453093543601,,,,,36.7480833333333,-93.9100555555556,40.65,2026-08-26,Provisional,,,,,,,72019,00003,https://api.waterdata.usgs.gov/ogcapi/v0/collections/latest-daily/items?parameter_code=72019&statistic_id=00003&limit=10000&f=json
MO005-364453093543602,,,,,36.7480833333333,-93.9101111111111,253.76,2026-05-10,Provisional,,,,,,,72019,00003,https://api.waterdata.usgs.gov/ogcapi/v0/collections/latest-daily/items?parameter_code=72019&statistic_id=00003&limit=10000&f=json
MO005-364643089212301,,,,,36.7794722222222,-89.3560277777778,10.52,2026-08-26,Provisional,,,,,,,72019,00003,https://api.waterdata.usgs.gov/ogcapi/v0/collections/latest-daily/items?parameter_code=72019&statistic_id=00003&limit=10000&f=json
MO005-364818094185301,,,,,36.8049166666667,-94.3148055555556,104.32,2026-08-26,Provisional,,,,,,,72019,00003,https://api.waterdata.usgs.gov/ogcapi/v0/collections/latest-daily/items?parameter_code=72019&statistic_id=00003&limit=10000&f=json
MO005-364818094185302,,,,,36.8049166666667,-94.31475,331.11,2026-08-26,Provisional,,,,,,,72019,00003,https://api.waterdata.usgs.gov/ogcapi/v0/collections/latest-daily/items?parameter_code=72019&statistic_id=00003&limit=10000&f=json
MO005-365141090304001,,,,,36.86141388888889,-90.51116111111111,125.2,2026-08-26,Provisional,,,,,,,72019,00003,https://api.waterdata.usgs.gov/ogcapi/v0/collections/latest-daily/items?parameter_code=72019&statistic_id=00003&limit=10000&f=json
MO005-365319089331001,,,,,36.88822222222222,-89.55275,7.26,2026-08-26,Provisional,,,,,,,72019,00003,https://api.waterdata.usgs.gov/ogcapi/v0/collections/latest-daily/items?parameter_code=72019&statistic_id=00003&limit=10000&f=json
MO005-365415093342301,,,,,36.9041666666667,-93.573,39.64,2026-08-26,Provisional,,,,,,,72019,00003,https://api.waterdata.usgs.gov/ogcapi/v0/collections/latest-daily/items?parameter_code=72019&statistic_id=00003&limit=10000&f=json
MO005-365451093555501,,,,,36.91408333333333,-93.93197222222223,272.67,2026-08-26,Provisional,,,,,,,72019,00003,https://api.waterdata.usgs.gov/ogcapi/v0/collections/latest-daily/items?parameter_code=72019&statistic_id=00003&limit=10000&f=json
MO005-365559092030001,,,,,36.9330833333333,-92.05,206.57,2026-08-26,Provisional,,,,,,,72019,00003,https://api.waterdata.usgs.gov/ogcapi/v0/collections/latest-daily/items?parameter_code=72019&statistic_id=00003&limit=10000&f=json
MO005-365602092395101,,,,,36.9340277777778,-92.6642777777778,294.84,2026-08-26,Provisional,,,,,,,72019,00003,https://api.waterdata.usgs.gov/ogcapi/v0/collections/latest-daily/items?parameter_code=72019&statistic_id=00003&limit=10000&f=json
MO005-365644094001301,,,,,36.9455277777778,-94.0035277777778,88.85,2026-08-26,Provisional,,,,,,,72019,00003,https://api.waterdata.usgs.gov/ogcapi/v0/collections/latest-daily/items?parameter_code=72019&statistic_id=00003&limit=10000&f=json
MO005-365645093431601,,,,,36.9436944444444,-93.7201666666667,94.82,2026-08-26,Provisional,,,,,,,72019,00003,https://api.waterdata.usgs.gov/ogcapi/v0/collections/latest-daily/items?parameter_code=72019&statistic_id=00003&limit=10000&f=json
MO005-365654091001301,,,,,36.94841666666667,-91.00372222222222,20.92,2026-08-26,Provisional,,,,,,,72019,00003,https://api.waterdata.usgs.gov/ogcapi/v0/collections/latest-daily/items?parameter_code=72019&statistic_id=00003&limit=10000&f=json
MO005-365949091421401,,,,,36.99688888888889,-91.70341666666667,345.32,2026-08-26,Provisional,,,,,,,72019,00003,https://api.waterdata.usgs.gov/ogcapi/v0/collections/latest-daily/items?parameter_code=72019&statistic_id=00003&limit=10000&f=json
MO005-370005093122401,,,,,37.00069444444444,-93.20738888888889,267.74,2026-08-26,Provisional,,,,,,,72019,00003,https://api.waterdata.usgs.gov/ogcapi/v0/collections/latest-daily/items?parameter_code=72019&statistic_id=00003&limit=10000&f=json
MO005-370224094320201,,,,,37.03938888888889,-94.53347222222222,91.94,2026-08-26,Provisional,,,,,,,72019,00003,https://api.waterdata.usgs.gov/ogcapi/v0/collections/latest-daily/items?parameter_code=72019&statistic_id=00003&limit=10000&f=json
MO005-370236093174401,,,,,37.0431111111111,-93.2950833333333,358.82,2026-08-26,Provisional,,,,,,,72019,00003,https://api.waterdata.usgs.gov/ogcapi/v0/collections/latest-daily/items?parameter_code=72019&statistic_id=00003&limit=10000&f=json
MO005-370248090042601,,,,,37.04597222222222,-90.07472222222222,9.46,2026-08-26,Provisional,,,,,,,72019,00003,https://api.waterdata.usgs.gov/ogcapi/v0/collections/latest-daily/items?parameter_code=72019&statistic_id=00003&limit=10000&f=json
MO005-370354093325901,,,,,37.0648333333333,-93.5498055555556,194.03,2026-08-26,Provisional,,,,,,,72019,00003,https://api.waterdata.usgs.gov/ogcapi/v0/collections/latest-daily/items?parameter_code=72019&statistic_id=00003&limit=10000&f=json
MO005-370539093494001,,,,,37.09422222222222,-93.82783333333333,219.55,2026-08-26,Provisional,,,,,,,72019,00003,https://api.waterdata.usgs.gov/ogcapi/v0/collections/latest-daily/items?parameter_code=72019&statistic_id=00003&limit=10000&f=json
MO005-370539093494002,,,,,37.09419444444445,-93.82788888888888,72.76,2026-08-26,Provisional,,,,,,,72019,00003,https://api.waterdata.usgs.gov/ogcapi/v0/collections/latest-daily/items?parameter_code=72019&statistic_id=00003&limit=10000&f=json
MO005-370600094223501,,,,,37.10008333333334,-94.37633333333332,18.45,2026-08-26,Provisional,,,,,,,72019,00003,https://api.waterdata.usgs.gov/ogcapi/v0/collections/latest-daily/items?parameter_code=72019&statistic_id=00003&limit=10000&f=json
MO005-370624092244701,,,,,37.1066111111111,-92.4131666666667,559.51,2026-08-26,Provisional,,,,,,,72019,00003,https://api.waterdata.usgs.gov/ogcapi/v0/collections/latest-daily/items?parameter_code=72019&statistic_id=00003&limit=10000&f=json
MO005-370655093035301,,,,,37.1154166666667,-93.0650833333333,185.57,2026-08-26,Provisional,,,,,,,72019,00003,https://api.waterdata.usgs.gov/ogcapi/v0/collections/latest-daily/items?parameter_code=72019&statistic_id=00003&limit=10000&f=json
MO005-370828094274101,,,,,37.1411111111111,-94.4611944444444,633.65,2026-08-26,Provisional,,,,,,,72019,00003,https://api.waterdata.usgs.gov/ogcapi/v0/collections/latest-daily/items?parameter_code=72019&statistic_id=00003&limit=10000&f=json
MO005-370907093144101,,,,,37.15188888888889,-93.24461111111111,274.95,2026-08-26,Provisional,,,,,,,72019,00003,https://api.waterdata.usgs.gov/ogcapi/v0/collections/latest-daily/items?parameter_code=72019&statistic_id=00003&limit=10000&f=json
MO005-371036094171301,,,,,37.1765277777778,-94.2870277777778,293.72,2026-08-26,Provisional,,,,,,,72019,00003,https://api.waterdata.usgs.gov/ogcapi/v0/collections/latest-daily/items?parameter_code=72019&statistic_id=00003&limit=10000&f=json
MO005-371125089445301,,,,,37.1905833333333,-89.7479166666667,19.48,2026-08-26,Provisional,,,,,,,72019,00003,https://api.waterdata.usgs.gov/ogcapi/v0/collections/latest-daily/items?parameter_code=72019&statistic_id=00003&limit=10000&f=json
MO005-371435093134701,,,,,37.2414166666667,-93.2317777777778,358.41,2026-08-26,Provisional,,,,,,,72019,00003,https://api.waterdata.usgs.gov/ogcapi/v0/collections/latest-daily/items?parameter_code=72019&statistic_id=00003&limit=10000&f=json
MO005-371548093144701,,,,,37.263222222222225,-93.2465,18.82,2026-08-26,Provisional,,,,,,,72019,00003,https://api.waterdata.usgs.gov/ogcapi/v0/collections/latest-daily/items?parameter_code=72019&statistic_id=00003&limit=10000&f=json
MO005-371548093144702,,,,,37.263222222222225,-93.2465,249.69,2026-08-26,Provisional,,,,,,,72019,00003,https://api.waterdata.usgs.gov/ogcapi/v0/collections/latest-daily/items?parameter_code=72019&statistic_id=00003&limit=10000&f=json
MO005-371800092094801,,,,,37.3000555555556,-92.1635,270.55,2026-08-27,Provisional,,,,,,,72019,00003,https://api.waterdata.usgs.gov/ogcapi/v0/collections/latest-daily/items?parameter_code=72019&statistic_id=00003&limit=10000&f=json
MO005-371801093260401,,,,,37.30038888888889,-93.43433333333334,203.48,2026-08-26,Provisional,,,,,,,72019,00003,https://api.waterdata.usgs.gov/ogcapi/v0/collections/latest-daily/items?parameter_code=72019&statistic_id=00003&limit=10000&f=json
MO005-372153091322301,,,,,37.3646111111111,-91.5400833333333,66.13,2026-08-26,Provisional,,,,,,,72019,00003,https://api.waterdata.usgs.gov/ogcapi/v0/collections/latest-daily/items?parameter_code=72019&statistic_id=00003&limit=10000&f=json
MO005-372202094370201,,,,,37.367222222222225,-94.61738888888888,243.33,2026-08-26,Provisional,,,,,,,72019,00003,https://api.waterdata.usgs.gov/ogcapi/v0/collections/latest-daily/items?parameter_code=72019&statistic_id=00003&limit=10000&f=json
MO005-372202094370202,,,,,37.36725,-94.6173611111111,271.61,2026-08-26,Provisional,,,,,,,72019,00003,https://api.waterdata.usgs.gov/ogcapi/v0/collections/latest-daily/items?parameter_code=72019&statistic_id=00003&limit=10000&f=json
MO005-372338094052801,,,,,37.3939444444444,-94.0913333333333,442.39,2026-08-26,Provisional,,,,,,,72019,00003,https://api.waterdata.usgs.gov/ogcapi/v0/collections/latest-daily/items?parameter_code=72019&statistic_id=00003&limit=10000&f=json
MO005-372521089362401,,,,,37.42241666666666,-89.60669444444444,156.45,2026-08-26,Provisional,,,,,,,72019,00003,https://api.waterdata.usgs.gov/ogcapi/v0/collections/latest-daily/items?parameter_code=72019&statistic_id=00003&limit=10000&f=json
MO005-372715090510701,,,,,37.45422222222223,-90.85205555555555,18.5,2026-08-26,Provisional,,,,,,,72019,00003,https://api.waterdata.usgs.gov/ogcapi/v0/collections/latest-daily/items?parameter_code=72019&statistic_id=00003&limit=10000&f=json
MO005-372853091061801,,,,,37.48133333333333,-91.10563888888888,147.28,2026-08-26,Provisional,,,,,,,72019,00003,https://api.waterdata.usgs.gov/ogcapi/v0/collections/latest-daily/items?parameter_code=72019&statistic_id=00003&limit=10000&f=json
MO005-372958094161001,,,,,37.499833333333335,-94.26944444444445,358.39,2026-08-26,Provisional,,,,,,,72019,00003,https://api.waterdata.usgs.gov/ogcapi/v0/collections/latest-daily/items?parameter_code=72019&statistic_id=00003&limit=10000&f=json
MO005-373056091063801,,,,,37.5155745114187,-91.1112118251159,126.61,2016-06-07,Approved,,,,,,,72019,00003,https://api.waterdata.usgs.gov/ogcapi/v0/collections/latest-daily/items?parameter_code=72019&statistic_id=00003&limit=10000&f=json
MO005-373210090180601,,,,,37.5355277777778,-90.3017777777778,107.06,2026-08-26,Provisional,,,,,,,72019,00003,https://api.waterdata.usgs.gov/ogcapi/v0/collections/latest-daily/items?parameter_code=72019&statistic_id=00003&limit=10000&f=json
MO005-373559090082901,,,,,37.5992777777778,-90.1417777777778,167.21,2026-08-26,Provisional,,,,,,,72019,00003,https://api.waterdata.usgs.gov/ogcapi/v0/collections/latest-daily/items?parameter_code=72019&statistic_id=00003&limit=10000&f=json
MO005-373620093470301,,,,,37.60575,-93.78408333333333,132.75,2026-08-26,Provisional,,,,,,,72019,00003,https://api.waterdata.usgs.gov/ogcapi/v0/collections/latest-daily/items?parameter_code=72019&statistic_id=00003&limit=10000&f=json
MO005-373653091330101,,,,,37.614666666666665,-91.55038888888889,329.14,2026-08-26,Provisional,,,,,,,72019,00003,https://api.waterdata.usgs.gov/ogcapi/v0/collections/latest-daily/items?parameter_code=72019&statistic_id=00003&limit=10000&f=json
MO005-373701093151601,,,,,37.6159444444444,-93.2542777777778,59.28,2026-08-27,Provisional,,,,,,,72019,00003,https://api.waterdata.usgs.gov/ogcapi/v0/collections/latest-daily/items?parameter_code=72019&statistic_id=00003&limit=10000&f=json
MO005-373905091071001,,,,,37.6517129863215,-91.1197710849581,208.95,2016-06-07,Approved,,,,,,,72019,00003,https://api.waterdata.usgs.gov/ogcapi/v0/collections/latest-daily/items?parameter_code=72019&statistic_id=00003&limit=10000&f=json
MO005-373906092385201,,,,,37.6480833333333,-92.6476666666667,226.03,2026-08-26,Provisional,,,,,,,72019,00003,https://api.waterdata.usgs.gov/ogcapi/v0/collections/latest-daily/items?parameter_code=72019&statistic_id=00003&limit=10000&f=json
MO005-373955091065901,,,,,37.66533333333333,-91.11649999999999,213.26,2026-08-26,Provisional,,,,,,,72019,00003,https://api.waterdata.usgs.gov/ogcapi/v0/collections/latest-daily/items?parameter_code=72019&statistic_id=00003&limit=10000&f=json
MO005-374254094524501,,,,,39.7155833333333,-94.8799444444444,22.33,2026-08-26,Provisional,,,,,,,72019,00003,https://api.waterdata.usgs.gov/ogcapi/v0/collections/latest-daily/items?parameter_code=72019&statistic_id=00003&limit=10000&f=json
MO005-374649090242601,,,,,37.7801666666667,-90.4073888888889,83.14,2026-08-26,Provisional,,,,,,,72019,00003,https://api.waterdata.usgs.gov/ogcapi/v0/collections/latest-daily/items?parameter_code=72019&statistic_id=00003&limit=10000&f=json
MO005-375259093181401,,,,,37.88297222222222,-93.30391666666667,51.95,2026-08-26,Provisional,,,,,,,72019,00003,https://api.waterdata.usgs.gov/ogcapi/v0/collections/latest-daily/items?parameter_code=72019&statistic_id=00003&limit=10000&f=json
MO005-375306090125301,,,,,37.8850277777778,-90.2148888888889,317.45,2026-08-26,Provisional,,,,,,,72019,00003,https://api.waterdata.usgs.gov/ogcapi/v0/collections/latest-daily/items?parameter_code=72019&statistic_id=00003&limit=10000&f=json
MO005-375429092300701,,,,,37.9083333333333,-92.5019166666667,17.13,2026-08-26,Provisional,,,,,,,72019,00003,https://api.waterdata.usgs.gov/ogcapi/v0/collections/latest-daily/items?parameter_code=72019&statistic_id=00003&limit=10000&f=json
MO005-375617090465401,,,,,37.9381666666667,-90.7821944444444,219.19,2026-08-26,Provisional,,,,,,,72019,00003,https://api.waterdata.usgs.gov/ogcapi/v0/collections/latest-daily/items?parameter_code=72019&statistic_id=00003&limit=10000&f=json
MO005-375625091480401,,,,,37.9403055555556,-91.8012777777778,211.15,2026-08-26,Provisional,,,,,,,72019,00003,https://api.waterdata.usgs.gov/ogcapi/v0/collections/latest-daily/items?parameter_code=72019&statistic_id=00003&limit=10000&f=json
MO005-375749091475001,,,,,37.9636388888889,-91.7973888888889,372.2,2026-08-26,Provisional,,,,,,,72019,00003,https://api.waterdata.usgs.gov/ogcapi/v0/collections/latest-daily/items?parameter_code=72019&statistic_id=00003&limit=10000&f=json
MO005-380038092442701,,,,,38.0101666666667,-92.741,291.02,2026-08-26,Provisional,,,,,,,72019,00003,https://api.waterdata.usgs.gov/ogcapi/v0/collections/latest-daily/items?parameter_code=72019&statistic_id=00003&limit=10000&f=json
MO005-380229093464701,,,,,38.041694444444445,-93.77994444444444,98.62,2026-08-26,Provisional,,,,,,,72019,00003,https://api.waterdata.usgs.gov/ogcapi/v0/collections/latest-daily/items?parameter_code=72019&statistic_id=00003&limit=10000&f=json
MO005-380322091142601,,,,,38.0561111111111,-91.2405555555556,144.45,2026-08-26,Provisional,,,,,,,72019,00003,https://api.waterdata.usgs.gov/ogcapi/v0/collections/latest-daily/items?parameter_code=72019&statistic_id=00003&limit=10000&f=json
MO005-380435090281301,,,,,38.07627777777778,-90.46955555555556,91.35,2026-07-10,Provisional,,,,,,,72019,00003,https://api.waterdata.usgs.gov/ogcapi/v0/collections/latest-daily/items?parameter_code=72019&statistic_id=00003&limit=10000&f=json
MO005-380501090335501,,,,,38.08358333333334,-90.56544444444444,101.5,2026-08-26,Provisional,,,,,,,72019,00003,https://api.waterdata.usgs.gov/ogcapi/v0/collections/latest-daily/items?parameter_code=72019&statistic_id=00003&limit=10000&f=json
MO005-380545094213501,,,,,38.0948611111111,-94.3603611111111,105.68,2026-08-26,Provisional,,,,,,,72019,00003,https://api.waterdata.usgs.gov/ogcapi/v0/collections/latest-daily/items?parameter_code=72019&statistic_id=00003&limit=10000&f=json
MO005-380717092395401,,,,,38.1216388888889,-92.6651944444445,127.77,2026-08-26,Provisional,,,,,,,72019,00003,https://api.waterdata.usgs.gov/ogcapi/v0/collections/latest-daily/items?parameter_code=72019&statistic_id=00003&limit=10000&f=json
MO005-380758091462401,,,,,38.132789,-91.773511,218.66,2026-08-20,Provisional,,,,,,,72019,00003,https://api.waterdata.usgs.gov/ogcapi/v0/collections/latest-daily/items?parameter_code=72019&statistic_id=00003&limit=10000&f=json
MO005-380900091153901,,,,,38.1500277777778,-91.26075,209.3,2026-08-26,Provisional,,,,,,,72019,00003,https://api.waterdata.usgs.gov/ogcapi/v0/collections/latest-daily/items?parameter_code=72019&statistic_id=00003&limit=10000&f=json
MO005-381045091564801,,,,,38.1791666666667,-91.9466666666667,127.06,2026-08-26,Provisional,,,,,,,72019,00003,https://api.waterdata.usgs.gov/ogcapi/v0/collections/latest-daily/items?parameter_code=72019&statistic_id=00003&limit=10000&f=json
MO005-381217091104501,,,,,38.2046944444444,-91.1794444444444,176.45,2026-08-26,Provisional,,,,,,,72019,00003,https://api.waterdata.usgs.gov/ogcapi/v0/collections/latest-daily/items?parameter_code=72019&statistic_id=00003&limit=10000&f=json
MO005-381405090260301,,,,,38.2240277777778,-90.3964166666667,70.62,2026-08-26,Provisional,,,,,,,72019,00003,https://api.waterdata.usgs.gov/ogcapi/v0/collections/latest-daily/items?parameter_code=72019&statistic_id=00003&limit=10000&f=json
MO005-381652093215501,,,,,38.28088888888889,-93.36530555555555,94.38,2026-08-26,Provisional,,,,,,,72019,00003,https://api.waterdata.usgs.gov/ogcapi/v0/collections/latest-daily/items?parameter_code=72019&statistic_id=00003&limit=10000&f=json
MO005-382100090592801,,,,,38.35025,-90.9903888888889,64.04,2026-08-26,Provisional,,,,,,,72019,00003,https://api.waterdata.usgs.gov/ogcapi/v0/collections/latest-daily/items?parameter_code=72019&statistic_id=00003&limit=10000&f=json
MO005-382726093121601,,,,,38.45733333333334,-93.20444444444445,55.2,2026-08-27,Provisional,,,,,,,72019,00003,https://api.waterdata.usgs.gov/ogcapi/v0/collections/latest-daily/items?parameter_code=72019&statistic_id=00003&limit=10000&f=json
MO005-382745091275701,,,,,38.4619444444444,-91.4661111111111,152.52,2026-08-26,Provisional,,,,,,,72019,00003,https://api.waterdata.usgs.gov/ogcapi/v0/collections/latest-daily/items?parameter_code=72019&statistic_id=00003&limit=10000&f=json
MO005-382748093595101,,,,,38.4635,-93.99847222222222,111.82,2026-08-26,Provisional,,,,,,,72019,00003,https://api.waterdata.usgs.gov/ogcapi/v0/collections/latest-daily/items?parameter_code=72019&statistic_id=00003&limit=10000&f=json
MO005-382836091502301,,,,,38.4768888888889,-91.8397222222222,315.85,2026-08-26,Provisional,,,,,,,72019,00003,https://api.waterdata.usgs.gov/ogcapi/v0/collections/latest-daily/items?parameter_code=72019&statistic_id=00003&limit=10000&f=json
MO005-383031090384101,,,,,38.5091944444444,-90.6443888888889,197.28,2026-08-26,Provisional,,,,,,,72019,00003,https://api.waterdata.usgs.gov/ogcapi/v0/collections/latest-daily/items?parameter_code=72019&statistic_id=00003&limit=10000&f=json
MO005-383226092054001,,,,,38.5406111111111,-92.0946388888889,181.71,2026-08-26,Provisional,,,,,,,72019,00003,https://api.waterdata.usgs.gov/ogcapi/v0/collections/latest-daily/items?parameter_code=72019&statistic_id=00003&limit=10000&f=json
MO005-383302090420201,,,,,38.5505,-90.7005555555556,201.74,2026-08-26,Provisional,,,,,,,72019,00003,https://api.waterdata.usgs.gov/ogcapi/v0/collections/latest-daily/items?parameter_code=72019&statistic_id=00003&limit=10000&f=json
MO005-383550092094201,,,,,38.5971388888889,-92.1618611111111,21.69,2026-08-26,Provisional,,,,,,,72019,00003,https://api.waterdata.usgs.gov/ogcapi/v0/collections/latest-daily/items?parameter_code=72019&statistic_id=00003&limit=10000&f=json
MO005-383628090411901,,,,,38.60794444444445,-90.70894444444444,105.5,2026-08-26,Provisional,,,,,,,72019,00003,https://api.waterdata.usgs.gov/ogcapi/v0/collections/latest-daily/items?parameter_code=72019&statistic_id=00003&limit=10000&f=json
MO005-383644091124901,,,,,38.61222222222222,-91.21333333333334,43.95,2026-08-26,Provisional,,,,,,,72019,00003,https://api.waterdata.usgs.gov/ogcapi/v0/collections/latest-daily/items?parameter_code=72019&statistic_id=00003&limit=10000&f=json
MO005-383707092311701,,,,,38.618611111111115,-92.5213888888889,258.54,2026-08-26,Provisional,,,,,,,72019,00003,https://api.waterdata.usgs.gov/ogcapi/v0/collections/latest-daily/items?parameter_code=72019&statistic_id=00003&limit=10000&f=json
MO005-383906090511401,,,,,38.651718845113,-90.8540233094306,41.22,2026-08-26,Provisional,,,,,,,72019,00003,https://api.waterdata.usgs.gov/ogcapi/v0/collections/latest-daily/items?parameter_code=72019&statistic_id=00003&limit=10000&f=json
MO005-383929092464901,,,,,38.6579722222222,-92.7801388888889,131.85,2026-08-26,Provisional,,,,,,,72019,00003,https://api.waterdata.usgs.gov/ogcapi/v0/collections/latest-daily/items?parameter_code=72019&statistic_id=00003&limit=10000&f=json
MO005-384147093101901,,,,,38.69647222222222,-93.17183333333334,187.42,2026-08-26,Provisional,,,,,,,72019,00003,https://api.waterdata.usgs.gov/ogcapi/v0/collections/latest-daily/items?parameter_code=72019&statistic_id=00003&limit=10000&f=json
MO005-384258091243001,,,,,38.71613888888889,-91.4085,19.9,2026-08-26,Provisional,,,,,,,72019,00003,https://api.waterdata.usgs.gov/ogcapi/v0/collections/latest-daily/items?parameter_code=72019&statistic_id=00003&limit=10000&f=json
MO005-384455093201001,,,,,38.7481111111111,-93.3360833333333,288.03,2026-08-26,Provisional,,,,,,,72019,00003,https://api.waterdata.usgs.gov/ogcapi/v0/collections/latest-daily/items?parameter_code=72019&statistic_id=00003&limit=10000&f=json
MO005-384534093431101,,,,,38.7591666666667,-93.7196388888889,160.99,2026-08-26,Provisional,,,,,,,72019,00003,https://api.waterdata.usgs.gov/ogcapi/v0/collections/latest-daily/items?parameter_code=72019&statistic_id=00003&limit=10000&f=json
MO005-384545093331601,,,,,38.7626388888889,-93.5545,185.9,2026-08-26,Provisional,,,,,,,72019,00003,https://api.waterdata.usgs.gov/ogcapi/v0/collections/latest-daily/items?parameter_code=72019&statistic_id=00003&limit=10000&f=json
MO005-384713091474301,,,,,38.78666666666666,-91.79527777777777,248.61,2026-08-26,Provisional,,,,,,,72019,00003,https://api.waterdata.usgs.gov/ogcapi/v0/collections/latest-daily/items?parameter_code=72019&statistic_id=00003&limit=10000&f=json
MO005-384737090372001,,,,,38.7935,-90.62216666666666,94.5,2026-08-26,Provisional,,,,,,,72019,00003,https://api.waterdata.usgs.gov/ogcapi/v0/collections/latest-daily/items?parameter_code=72019&statistic_id=00003&limit=10000&f=json
MO005-384832093192501,,,,,38.8076111111111,-93.3233611111111,196.92,2026-08-26,Provisional,,,,,,,72019,00003,https://api.waterdata.usgs.gov/ogcapi/v0/collections/latest-daily/items?parameter_code=72019&statistic_id=00003&limit=10000&f=json
MO005-384846090510301,,,,,38.8133333333333,-90.8505555555555,261.9,2026-08-26,Provisional,,,,,,,72019,00003,https://api.waterdata.usgs.gov/ogcapi/v0/collections/latest-daily/items?parameter_code=72019&statistic_id=00003&limit=10000&f=json
MO005-384849090092001,,,,,38.8129444444444,-90.1524166666667,18.68,2026-08-26,Provisional,,,,,,,72019,00003,https://api.waterdata.usgs.gov/ogcapi/v0/collections/latest-daily/items?parameter_code=72019&statistic_id=00003&limit=10000&f=json
MO005-384917091594401,,,,,38.8211111111111,-91.9955555555556,379.41,2026-08-26,Provisional,,,,,,,72019,00003,https://api.waterdata.usgs.gov/ogcapi/v0/collections/latest-daily/items?parameter_code=72019&statistic_id=00003&limit=10000&f=json
MO005-385428091265001,,,,,38.907777777777774,-91.4475,363.1,2026-08-26,Provisional,,,,,,,72019,00003,https://api.waterdata.usgs.gov/ogcapi/v0/collections/latest-daily/items?parameter_code=72019&statistic_id=00003&limit=10000&f=json
MO005-385432091343201,,,,,38.90888888888889,-91.57555555555555,259.13,2026-08-26,Provisional,,,,,,,72019,00003,https://api.waterdata.usgs.gov/ogcapi/v0/collections/latest-daily/items?parameter_code=72019&statistic_id=00003&limit=10000&f=json
MO005-385718092234201,,,,,38.955000000000005,-92.39500000000001,190.62,2026-08-26,Provisional,,,,,,,72019,00003,https://api.waterdata.usgs.gov/ogcapi/v0/collections/latest-daily/items?parameter_code=72019&statistic_id=00003&limit=10000&f=json
MO005-385837090594701,,,,,38.9771111111111,-90.9960833333333,329.51,2026-08-26,Provisional,,,,,,,72019,00003,https://api.waterdata.usgs.gov/ogcapi/v0/collections/latest-daily/items?parameter_code=72019&statistic_id=00003&limit=10000&f=json
MO005-385845090583801,,,,,38.97913888888889,-90.97666666666667,186.3,2026-08-26,Provisional,,,,,,,72019,00003,https://api.waterdata.usgs.gov/ogcapi/v0/collections/latest-daily/items?parameter_code=72019&statistic_id=00003&limit=10000&f=json
MO005-390150090542801,,,,,39.03055555555555,-90.90777777777778,295.67,2026-08-26,Provisional,,,,,,,72019,00003,https://api.waterdata.usgs.gov/ogcapi/v0/collections/latest-daily/items?parameter_code=72019&statistic_id=00003&limit=10000&f=json
MO005-390207092570801,,,,,39.0353055555556,-92.9524166666667,56.97,2026-08-26,Provisional,,,,,,,72019,00003,https://api.waterdata.usgs.gov/ogcapi/v0/collections/latest-daily/items?parameter_code=72019&statistic_id=00003&limit=10000&f=json
MO005-390651092125101,,,,,39.1141666666667,-92.2138888888889,417.73,2026-08-26,Provisional,,,,,,,72019,00003,https://api.waterdata.usgs.gov/ogcapi/v0/collections/latest-daily/items?parameter_code=72019&statistic_id=00003&limit=10000&f=json
MO005-390750093233401,,,,,39.1306111111111,-93.3927777777778,85.41,2026-08-26,Provisional,,,,,,,72019,00003,https://api.waterdata.usgs.gov/ogcapi/v0/collections/latest-daily/items?parameter_code=72019&statistic_id=00003&limit=10000&f=json
MO005-390945091494001,,,,,39.162527777777775,-91.82794444444444,342.95,2026-08-26,Provisional,,,,,,,72019,00003,https://api.waterdata.usgs.gov/ogcapi/v0/collections/latest-daily/items?parameter_code=72019&statistic_id=00003&limit=10000&f=json
MO005-390945094234001,,,,,39.1625,-94.39466666666668,36.54,2026-08-26,Provisional,,,,,,,72019,00003,https://api.waterdata.usgs.gov/ogcapi/v0/collections/latest-daily/items?parameter_code=72019&statistic_id=00003&limit=10000&f=json
MO005-391149092072901,,,,,39.1969444444444,-92.1247222222222,391.29,2026-08-26,Provisional,,,,,,,72019,00003,https://api.waterdata.usgs.gov/ogcapi/v0/collections/latest-daily/items?parameter_code=72019&statistic_id=00003&limit=10000&f=json
MO005-391222093185501,,,,,39.206,-93.31527777777778,57.94,2026-08-26,Provisional,,,,,,,72019,00003,https://api.waterdata.usgs.gov/ogcapi/v0/collections/latest-daily/items?parameter_code=72019&statistic_id=00003&limit=10000&f=json
MO005-391236094170201,,,,,39.21,-94.28411111111112,15.32,2026-08-26,Provisional,,,,,,,72019,00003,https://api.waterdata.usgs.gov/ogcapi/v0/collections/latest-daily/items?parameter_code=72019&statistic_id=00003&limit=10000&f=json
MO005-391825091285101,,,,,39.30694444444444,-91.48055555555555,94.23,2026-08-26,Provisional,,,,,,,72019,00003,https://api.waterdata.usgs.gov/ogcapi/v0/collections/latest-daily/items?parameter_code=72019&statistic_id=00003&limit=10000&f=json
MO005-392045093302401,,,,,39.3456944444444,-93.5064166666667,10.78,2026-08-26,Provisional,,,,,,,72019,00003,https://api.waterdata.usgs.gov/ogcapi/v0/collections/latest-daily/items?parameter_code=72019&statistic_id=00003&limit=10000&f=json
MO005-392147090541901,,,,,39.362861111111116,-90.90530555555556,69.37,2026-08-26,Provisional,,,,,,,72019,00003,https://api.waterdata.usgs.gov/ogcapi/v0/collections/latest-daily/items?parameter_code=72019&statistic_id=00003&limit=10000&f=json
MO005-392321092153901,,,,,39.38919444444444,-92.261,113.29,2026-08-26,Provisional,,,,,,,72019,00003,https://api.waterdata.usgs.gov/ogcapi/v0/collections/latest-daily/items?parameter_code=72019&statistic_id=00003&limit=10000&f=json
MO005-392336094550403,,,,,39.39336111111111,-94.91791666666667,15.78,2026-08-26,Provisional,,,,,,,72019,00003,https://api.waterdata.usgs.gov/ogcapi/v0/collections/latest-daily/items?parameter_code=72019&statistic_id=00003&limit=10000&f=json
MO005-392813092124701,,,,,39.470305555555555,-92.21322222222223,132.31,2026-08-26,Provisional,,,,,,,72019,00003,https://api.waterdata.usgs.gov/ogcapi/v0/collections/latest-daily/items?parameter_code=72019&statistic_id=00003&limit=10000&f=json
MO005-393544093075601,,,,,39.5955555555556,-93.1322222222222,24.08,2026-08-26,Provisional,,,,,,,72019,00003,https://api.waterdata.usgs.gov/ogcapi/v0/collections/latest-daily/items?parameter_code=72019&statistic_id=00003&limit=10000&f=json
MO005-394013093400201,,,,,39.67047222222222,-93.6671388888889,20.26,2026-08-26,Provisional,,,,,,,72019,00003,https://api.waterdata.usgs.gov/ogcapi/v0/collections/latest-daily/items?parameter_code=72019&statistic_id=00003&limit=10000&f=json
MO005-394156092030201,,,,,39.69869444444444,-92.051,29.76,2026-08-27,Provisional,,,,,,,72019,00003,https://api.waterdata.usgs.gov/ogcapi/v0/collections/latest-daily/items?parameter_code=72019&statistic_id=00003&limit=10000&f=json
MO005-394201093181101,,,,,39.7000833333333,-93.3033333333333,19.95,2026-08-26,Provisional,,,,,,,72019,00003,https://api.waterdata.usgs.gov/ogcapi/v0/collections/latest-daily/items?parameter_code=72019&statistic_id=00003&limit=10000&f=json
MO005-395043091262601,,,,,39.8453333333333,-91.4406944444444,24.85,2026-08-26,Provisional,,,,,,,72019,00003,https://api.waterdata.usgs.gov/ogcapi/v0/collections/latest-daily/items?parameter_code=72019&statistic_id=00003&limit=10000&f=json
MO005-395355095051601,,,,,39.89861111111111,-95.08802777777777,5.39,2026-08-26,Provisional,,,,,,,72019,00003,https://api.waterdata.usgs.gov/ogcapi/v0/collections/latest-daily/items?parameter_code=72019&statistic_id=00003&limit=10000&f=json
MO005-400105093591601,,,,,40.01822222222222,-93.98775,77.98,2026-08-26,Provisional,,,,,,,72019,00003,https://api.waterdata.usgs.gov/ogcapi/v0/collections/latest-daily/items?parameter_code=72019&statistic_id=00003&limit=10000&f=json
MO005-400251094485901,,,,,40.0476944444444,-94.8163055555556,11.9,2026-08-26,Provisional,,,,,,,72019,00003,https://api.waterdata.usgs.gov/ogcapi/v0/collections/latest-daily/items?parameter_code=72019&statistic_id=00003&limit=10000&f=json
MO005-400458093582001,,,,,40.082972222222224,-93.97247222222222,133.98,2026-08-26,Provisional,,,,,,,72019,00003,https://api.waterdata.usgs.gov/ogcapi/v0/collections/latest-daily/items?parameter_code=72019&statistic_id=00003&limit=10000&f=json
MO005-401057091494501,,,,,40.18336111111111,-91.82977777777778,63.09,2026-08-26,Provisional,,,,,,,72019,00003,https://api.waterdata.usgs.gov/ogcapi/v0/collections/latest-daily/items?parameter_code=72019&statistic_id=00003&limit=10000&f=json
MO005-401444093442001,,,,,40.24561111111111,-93.73947222222222,5.09,2026-08-27,Provisional,,,,,,,72019,00003,https://api.waterdata.usgs.gov/ogcapi/v0/collections/latest-daily/items?parameter_code=72019&statistic_id=00003&limit=10000&f=json
MO005-401920092130301,,,,,40.322250000000004,-92.21738888888889,27.03,2026-08-26,Provisional,,,,,,,72019,00003,https://api.waterdata.usgs.gov/ogcapi/v0/collections/latest-daily/items?parameter_code=72019&statistic_id=00003&limit=10000&f=json
MO005-402618095222701,,,,,40.43833333333333,-95.37416666666665,47.5,2026-08-26,Provisional,,,,,,,72019,00003,https://api.waterdata.usgs.gov/ogcapi/v0/collections/latest-daily/items?parameter_code=72019&statistic_id=00003&limit=10000&f=json
MO005-402627095220601,,,,,40.44083333333333,-95.36833333333333,4.91,2026-08-26,Provisional,,,,,,,72019,00003,https://api.waterdata.usgs.gov/ogcapi/v0/collections/latest-daily/items?parameter_code=72019&statistic_id=00003&limit=10000&f=json
MO005-402657093470201,,,,,40.4490277777778,-93.7837777777778,16.04,2026-08-26,Provisional,,,,,,,72019,00003,https://api.waterdata.usgs.gov/ogcapi/v0/collections/latest-daily/items?parameter_code=72019&statistic_id=00003&limit=10000&f=json
MO005-403055094364701,,,,,40.51519444444445,-94.61297222222221,12.36,2026-08-26,Provisional,,,,,,,72019,00003,https://api.waterdata.usgs.gov/ogcapi/v0/collections/latest-daily/items?parameter_code=72019&statistic_id=00003&limit=10000&f=json
MO005-403301094492301,,,,,40.5502777777778,-94.8231388888889,3.54,2026-08-26,Provisional,,,,,,,72019,00003,https://api.waterdata.usgs.gov/ogcapi/v0/collections/latest-daily/items?parameter_code=72019&statistic_id=00003&limit=10000&f=json
MO005-403452092292901,,,,,40.58091666666667,-92.49175,13.87,2026-08-26,Provisional,,,,,,,72019,00003,https://api.waterdata.usgs.gov/ogcapi/v0/collections/latest-daily/items?parameter_code=72019&statistic_id=00003&limit=10000&f=json
MO005-403501091420401,,,,,40.58361111111111,-91.70111111111112,100.68,2026-08-26,Provisional,,,,,,,72019,00003,https://api.waterdata.usgs.gov/ogcapi/v0/collections/latest-daily/items?parameter_code=72019&statistic_id=00003&limit=10000&f=json
OH015-391101084172100,,,,,39.1836709108222,-84.289104236593,27.25,2026-08-27,Provisional,,,,,,,72019,00003,https://api.waterdata.usgs.gov/ogcapi/v0/collections/latest-daily/items?parameter_code=72019&statistic_id=00003&limit=10000&f=json
OH015-392016082272400,,,,,39.3379194444444,-82.4565111111111,54.12,2026-08-27,Provisional,,,,,,,72019,00003,https://api.waterdata.usgs.gov/ogcapi/v0/collections/latest-daily/items?parameter_code=72019&statistic_id=00003&limit=10000&f=json
OH015-392743084295500,,,,,39.4620013253994,-84.4985566419138,22.42,2026-08-27,Provisional,,,,,,,72019,00003,https://api.waterdata.usgs.gov/ogcapi/v0/collections/latest-daily/items?parameter_code=72019&statistic_id=00003&limit=10000&f=json
OH015-393637082572200,,,,,39.6103402067605,-82.9560138047238,13.86,2026-08-27,Provisional,,,,,,,72019,00003,https://api.waterdata.usgs.gov/ogcapi/v0/collections/latest-daily/items?parameter_code=72019&statistic_id=00003&limit=10000&f=json
OH015-395830082291700,,,,,39.97502999881346,-82.48790353912892,50.65,2026-08-27,Provisional,,,,,,,72019,00003,https://api.waterdata.usgs.gov/ogcapi/v0/collections/latest-daily/items?parameter_code=72019&statistic_id=00003&limit=10000&f=json
OH015-400514084345700,,,,,40.0872713473779,-84.5824541614072,40.6,2026-08-27,Provisional,,,,,,,72019,00003,https://api.waterdata.usgs.gov/ogcapi/v0/collections/latest-daily/items?parameter_code=72019&statistic_id=00003&limit=10000&f=json
OH015-411823084452801,,,,,41.30651111111111,-84.75786111111111,1.87,2026-08-27,Provisional,,,,,,,72019,00003,https://api.waterdata.usgs.gov/ogcapi/v0/collections/latest-daily/items?parameter_code=72019&statistic_id=00003&limit=10000&f=json
OH015-413508084271001,,,,,41.568883,-84.452894,25.41,2026-08-27,Provisional,,,,,,,72019,00003,https://api.waterdata.usgs.gov/ogcapi/v0/collections/latest-daily/items?parameter_code=72019&statistic_id=00003&limit=10000&f=json
OH015-414049084382900,,,,,41.6804,-84.641511,17.37,2026-08-27,Provisional,,,,,,,72019,00003,https://api.waterdata.usgs.gov/ogcapi/v0/collections/latest-daily/items?parameter_code=72019&statistic_id=00003&limit=10000&f=json
USGS-174225064472000,,,,,17.7049748071257,-64.7884788636908,23.87,1995-09-15,Approved,,,,,,,72019,00003,https://api.waterdata.usgs.gov/ogcapi/v0/collections/latest-daily/items?parameter_code=72019&statistic_id=00003&limit=10000&f=json
USGS-174247064475701,,,,,17.7110857119244,-64.7987567446407,42.06,1992-10-29,Approved,,,,,,,72019,00003,https://api.waterdata.usgs.gov/ogcapi/v0/collections/latest-daily/items?parameter_code=72019&statistic_id=00003&limit=10000&f=json
USGS-174303064481100,,,,,17.7155299985185,-64.802645648004,24.29,1992-10-29,Approved,,,,,,,72019,00003,https://api.waterdata.usgs.gov/ogcapi/v0/collections/latest-daily/items?parameter_code=72019&statistic_id=00003&limit=10000&f=json
USGS-174308064482800,,,,,17.7169188472868,-64.8073679081282,36.52,1992-10-29,Approved,,,,,,,72019,00003,https://api.waterdata.usgs.gov/ogcapi/v0/collections/latest-daily/items?parameter_code=72019&statistic_id=00003&limit=10000&f=json
USGS-174316064480800,,,,,17.7191409687221,-64.8018122832419,24.57,1995-09-14,Approved,,,,,,,72019,00003,https://api.waterdata.usgs.gov/ogcapi/v0/collections/latest-daily/items?parameter_code=72019&statistic_id=00003&limit=10000&f=json
USGS-174319064454401,,,,,17.7199740931468,-64.761811563069,59.88,1992-10-29,Approved,,,,,,,72019,00003,https://api.waterdata.usgs.gov/ogcapi/v0/collections/latest-daily/items?parameter_code=72019&statistic_id=00003&limit=10000&f=json
USGS-175708066163000,,,,,17.9502449563143,-66.2743346771746,-0.04,1998-01-06,Approved,,,,,,,72019,00003,https://api.waterdata.usgs.gov/ogcapi/v0/collections/latest-daily/items?parameter_code=72019&statistic_id=00003&limit=10000&f=json
USGS-175728066072200,,,,,17.9558006006822,-66.1223877270263,23.27,2002-10-29,Approved,,,,,,,72019,00003,https://api.waterdata.usgs.gov/ogcapi/v0/collections/latest-daily/items?parameter_code=72019&statistic_id=00003&limit=10000&f=json
USGS-175735066151800,,,,,17.9577446173649,-66.2546121516653,8.04,2009-03-03,Approved,,,,,,,72019,00003,https://api.waterdata.usgs.gov/ogcapi/v0/collections/latest-daily/items?parameter_code=72019&statistic_id=00003&limit=10000&f=json
USGS-175848066170700,,,,,17.9780492916591,-66.2849458543154,34.09,1997-09-30,Approved,,,,,,,72019,00003,https://api.waterdata.usgs.gov/ogcapi/v0/collections/latest-daily/items?parameter_code=72019&statistic_id=00003&limit=10000&f=json
USGS-175855066050500,,,,,17.9799663903251,-66.0843315892953,31.68,2002-10-29,Approved,,,,,,,72019,00003,https://api.waterdata.usgs.gov/ogcapi/v0/collections/latest-daily/items?parameter_code=72019&statistic_id=00003&limit=10000&f=json
USGS-175903066024100,,,,,17.9821886938606,-66.0443309275811,36.92,2001-05-08,Approved,,,,,,,72019,00003,https://api.waterdata.usgs.gov/ogcapi/v0/collections/latest-daily/items?parameter_code=72019&statistic_id=00003&limit=10000&f=json
USGS-175939066121400,,,,,17.992187611594,-66.2035003635599,33.88,1991-09-29,Approved,,,,,,,72019,00003,https://api.waterdata.usgs.gov/ogcapi/v0/collections/latest-daily/items?parameter_code=72019&statistic_id=00003&limit=10000&f=json
USGS-175946066102000,,,,,17.994132158488,-66.1718332778492,73.3,1995-02-12,Approved,,,,,,,72019,00003,https://api.waterdata.usgs.gov/ogcapi/v0/collections/latest-daily/items?parameter_code=72019&statistic_id=00003&limit=10000&f=json
USGS-175950066125200,,,,,17.9952430160433,-66.2140560595822,24.48,1991-08-22,Approved,,,,,,,72019,00003,https://api.waterdata.usgs.gov/ogcapi/v0/collections/latest-daily/items?parameter_code=72019&statistic_id=00003&limit=10000&f=json
USGS-175955066103000,,,,,17.9966320325549,-66.1746110978404,38.26,1990-11-08,Approved,,,,,,,72019,00003,https://api.waterdata.usgs.gov/ogcapi/v0/collections/latest-daily/items?parameter_code=72019&statistic_id=00003&limit=10000&f=json
USGS-175957066123400,,,,,17.9971873810235,-66.2090559968492,47.91,1996-04-23,Approved,,,,,,,72019,00003,https://api.waterdata.usgs.gov/ogcapi/v0/collections/latest-daily/items?parameter_code=72019&statistic_id=00003&limit=10000&f=json
USGS-180000066125200,,,,,17.9980206703851,-66.2140560621173,22.83,1991-08-22,Approved,,,,,,,72019,00003,https://api.waterdata.usgs.gov/ogcapi/v0/collections/latest-daily/items?parameter_code=72019&statistic_id=00003&limit=10000&f=json
USGS-180001066122000,,,,,17.9982984491801,-66.2051670591545,46.54,1991-08-13,Approved,,,,,,,72019,00003,https://api.waterdata.usgs.gov/ogcapi/v0/collections/latest-daily/items?parameter_code=72019&statistic_id=00003&limit=10000&f=json
USGS-180001066122002,,,,,17.9982984491802,-66.2051670591546,60.02,1996-04-23,Approved,,,,,,,72019,00003,https://api.waterdata.usgs.gov/ogcapi/v0/collections/latest-daily/items?parameter_code=72019&statistic_id=00003&limit=10000&f=json
USGS-180001066122004,,,,,17.9982984491801,-66.2051670591545,46.28,1991-08-22,Approved,,,,,,,72019,00003,https://api.waterdata.usgs.gov/ogcapi/v0/collections/latest-daily/items?parameter_code=72019&statistic_id=00003&limit=10000&f=json
USGS-180002066132200,,,,,17.998576191867,-66.2223895039028,36.55,1996-04-23,Approved,,,,,,,72019,00003,https://api.waterdata.usgs.gov/ogcapi/v0/collections/latest-daily/items?parameter_code=72019&statistic_id=00003&limit=10000&f=json
USGS-180006066123700,,,,,17.9996872753122,-66.2098893444537,31.42,1991-08-22,Approved,,,,,,,72019,00003,https://api.waterdata.usgs.gov/ogcapi/v0/collections/latest-daily/items?parameter_code=72019&statistic_id=00003&limit=10000&f=json
USGS-180012066125500,,,,,18.0013538673692,-66.2148894121024,64.49,1991-08-22,Approved,,,,,,,72019,00003,https://api.waterdata.usgs.gov/ogcapi/v0/collections/latest-daily/items?parameter_code=72019&statistic_id=00003&limit=10000&f=json
USGS-180012066125502,,,,,18.0013538673692,-66.2148894121024,62.73,1991-08-22,Approved,,,,,,,72019,00003,https://api.waterdata.usgs.gov/ogcapi/v0/collections/latest-daily/items?parameter_code=72019&statistic_id=00003&limit=10000&f=json
USGS-180017066132100,,,,,18.0027426894785,-66.2221117310223,23.89,1991-09-29,Approved,,,,,,,72019,00003,https://api.waterdata.usgs.gov/ogcapi/v0/collections/latest-daily/items?parameter_code=72019&statistic_id=00003&limit=10000&f=json
USGS-180048066301800,,,,,18.0113530853573,-66.5057277366703,28.82,1998-02-23,Approved,,,,,,,72019,00003,https://api.waterdata.usgs.gov/ogcapi/v0/collections/latest-daily/items?parameter_code=72019&statistic_id=00003&limit=10000&f=json
USGS-180104066152300,,,,,18.0157976698684,-66.2560010913464,28.21,1995-12-07,Approved,,,,,,,72019,00003,https://api.waterdata.usgs.gov/ogcapi/v0/collections/latest-daily/items?parameter_code=72019&statistic_id=00003&limit=10000&f=json
USGS-180153066302800,,,,,18.0294081024639,-66.507394428907,18.7,1989-11-11,Approved,,,,,,,72019,00003,https://api.waterdata.usgs.gov/ogcapi/v0/collections/latest-daily/items?parameter_code=72019&statistic_id=00003&limit=10000&f=json
USGS-180206066135500,,,,,18.0330192181661,-66.2315563705739,12.57,1996-04-22,Approved,,,,,,,72019,00003,https://api.waterdata.usgs.gov/ogcapi/v0/collections/latest-daily/items?parameter_code=72019&statistic_id=00003&limit=10000&f=json
USGS-180358065503700,,,,,18.0641310133551,-65.8432173374445,2.91,2002-08-27,Approved,,,,,,,72019,00003,https://api.waterdata.usgs.gov/ogcapi/v0/collections/latest-daily/items?parameter_code=72019&statistic_id=00003&limit=10000&f=json
USGS-180444067555900,,,,,18.0769005576553,-67.9326863878454,8.26,1995-08-24,Approved,,,,,,,72019,00003,https://api.waterdata.usgs.gov/ogcapi/v0/collections/latest-daily/items?parameter_code=72019&statistic_id=00003&limit=10000&f=json
USGS-180547067073100,,,,,18.094404054084,-67.1249013854987,20.45,1994-01-24,Approved,,,,,,,72019,00003,https://api.waterdata.usgs.gov/ogcapi/v0/collections/latest-daily/items?parameter_code=72019&statistic_id=00003&limit=10000&f=json
USGS-180547067084800,,,,,18.0944039042003,-67.1462903671354,16.89,1994-01-24,Approved,,,,,,,72019,00003,https://api.waterdata.usgs.gov/ogcapi/v0/collections/latest-daily/items?parameter_code=72019&statistic_id=00003&limit=10000&f=json
USGS-180557067083100,,,,,18.0971815947083,-67.141568144475,6.52,1993-12-28,Approved,,,,,,,72019,00003,https://api.waterdata.usgs.gov/ogcapi/v0/collections/latest-daily/items?parameter_code=72019&statistic_id=00003&limit=10000&f=json
USGS-180604067085100,,,,,18.0991259162783,-67.1471237377538,23.82,1994-01-23,Approved,,,,,,,72019,00003,https://api.waterdata.usgs.gov/ogcapi/v0/collections/latest-daily/items?parameter_code=72019&statistic_id=00003&limit=10000&f=json
USGS-180627067080600,,,,,18.1055146092295,-67.1346237456344,-0.05,1994-01-29,Approved,,,,,,,72019,00003,https://api.waterdata.usgs.gov/ogcapi/v0/collections/latest-daily/items?parameter_code=72019&statistic_id=00003&limit=10000&f=json
USGS-180628067075801,,,,,18.1057923901011,-67.1324015183196,4.49,1994-01-25,Approved,,,,,,,72019,00003,https://api.waterdata.usgs.gov/ogcapi/v0/collections/latest-daily/items?parameter_code=72019&statistic_id=00003&limit=10000&f=json
USGS-180628067075802,,,,,18.1057923901011,-67.1324015183196,7.42,1994-01-25,Approved,,,,,,,72019,00003,https://api.waterdata.usgs.gov/ogcapi/v0/collections/latest-daily/items?parameter_code=72019&statistic_id=00003&limit=10000&f=json
USGS-180643067080400,,,,,18.1099588620623,-67.1340682287569,2,1994-01-25,Approved,,,,,,,72019,00003,https://api.waterdata.usgs.gov/ogcapi/v0/collections/latest-daily/items?parameter_code=72019&statistic_id=00003&limit=10000&f=json
USGS-180650067073700,,,,,18.1119032732663,-67.1265682248401,7.75,1994-01-23,Approved,,,,,,,72019,00003,https://api.waterdata.usgs.gov/ogcapi/v0/collections/latest-daily/items?parameter_code=72019&statistic_id=00003&limit=10000&f=json
USGS-181232067083700,,,,,18.2068989615266,-67.1432351443691,5.82,2002-10-02,Approved,,,,,,,72019,00003,https://api.waterdata.usgs.gov/ogcapi/v0/collections/latest-daily/items?parameter_code=72019&statistic_id=00003&limit=10000&f=json
USGS-181346066021500,,,,,18.2274554326002,-66.0371097358486,241.24,1988-01-21,Approved,,,,,,,72019,00003,https://api.waterdata.usgs.gov/ogcapi/v0/collections/latest-daily/items?parameter_code=72019&statistic_id=00003&limit=10000&f=json
USGS-181446066013400,,,,,18.2441212877348,-66.025720731856,17.71,2002-10-27,Approved,,,,,,,72019,00003,https://api.waterdata.usgs.gov/ogcapi/v0/collections/latest-daily/items?parameter_code=72019&statistic_id=00003&limit=10000&f=json
USGS-181513065554601,,,,,18.2516212985074,-65.9290527419316,18.62,1996-04-18,Approved,,,,,,,72019,00003,https://api.waterdata.usgs.gov/ogcapi/v0/collections/latest-daily/items?parameter_code=72019&statistic_id=00003&limit=10000&f=json
USGS-181539066014500,,,,,18.2588428288005,-66.0287763871827,7.24,2002-11-06,Approved,,,,,,,72019,00003,https://api.waterdata.usgs.gov/ogcapi/v0/collections/latest-daily/items?parameter_code=72019&statistic_id=00003&limit=10000&f=json
USGS-181540065580300,,,,,18.2591207434911,-65.9671087161422,12.41,2002-02-07,Approved,,,,,,,72019,00003,https://api.waterdata.usgs.gov/ogcapi/v0/collections/latest-daily/items?parameter_code=72019&statistic_id=00003&limit=10000&f=json
USGS-181823065401900,,,,,18.3043989458894,-65.6715505531952,16.39,1996-04-17,Approved,,,,,,,72019,00003,https://api.waterdata.usgs.gov/ogcapi/v0/collections/latest-daily/items?parameter_code=72019&statistic_id=00003&limit=10000&f=json
USGS-181917064524600,,,,,18.3193989666264,-64.8790307727644,4.52,1992-10-01,Approved,,,,,,,72019,00003,https://api.waterdata.usgs.gov/ogcapi/v0/collections/latest-daily/items?parameter_code=72019&statistic_id=00003&limit=10000&f=json
USGS-181917065382701,,,,,18.3193983085771,-65.6404392485064,9.38,1996-05-15,Approved,,,,,,,72019,00003,https://api.waterdata.usgs.gov/ogcapi/v0/collections/latest-daily/items?parameter_code=72019&statistic_id=00003&limit=10000&f=json
USGS-181950064422300,,,,,18.3285658379945,-64.7059694511142,52.68,1992-10-14,Approved,,,,,,,72019,00003,https://api.waterdata.usgs.gov/ogcapi/v0/collections/latest-daily/items?parameter_code=72019&statistic_id=00003&limit=10000&f=json
USGS-182018066593200,,,,,18.3363388180587,-66.9918448943277,27.93,1992-10-14,Approved,,,,,,,72019,00003,https://api.waterdata.usgs.gov/ogcapi/v0/collections/latest-daily/items?parameter_code=72019&statistic_id=00003&limit=10000&f=json
USGS-182035064550200,,,,,18.3410663208451,-64.9168107603682,32.92,1992-10-12,Approved,,,,,,,72019,00003,https://api.waterdata.usgs.gov/ogcapi/v0/collections/latest-daily/items?parameter_code=72019&statistic_id=00003&limit=10000&f=json
USGS-182036064545200,,,,,18.3413439600417,-64.9140327770661,71.63,1993-10-04,Approved,,,,,,,72019,00003,https://api.waterdata.usgs.gov/ogcapi/v0/collections/latest-daily/items?parameter_code=72019&statistic_id=00003&limit=10000&f=json
USGS-182038064580000,,,,,18.3419007464792,-64.9662580735659,26.88,1996-05-07,Approved,,,,,,,72019,00003,https://api.waterdata.usgs.gov/ogcapi/v0/collections/latest-daily/items?parameter_code=72019&statistic_id=00003&limit=10000&f=json
USGS-182110064430000,,,,,18.3507871819455,-64.7162475950339,23.7,1992-10-14,Approved,,,,,,,72019,00003,https://api.waterdata.usgs.gov/ogcapi/v0/collections/latest-daily/items?parameter_code=72019&statistic_id=00003&limit=10000&f=json
USGS-182116064451000,,,,,18.3516203724821,-64.7531928995898,59.04,1992-10-14,Approved,,,,,,,72019,00003,https://api.waterdata.usgs.gov/ogcapi/v0/collections/latest-daily/items?parameter_code=72019&statistic_id=00003&limit=10000&f=json
USGS-182131064541000,,,,,18.3566209779043,-64.9023651134924,22.3,1992-10-12,Approved,,,,,,,72019,00003,https://api.waterdata.usgs.gov/ogcapi/v0/collections/latest-daily/items?parameter_code=72019&statistic_id=00003&limit=10000&f=json
USGS-182138065431800,,,,,18.3585625526266,-65.7212733927693,4.92,1996-05-13,Approved,,,,,,,72019,00003,https://api.waterdata.usgs.gov/ogcapi/v0/collections/latest-daily/items?parameter_code=72019&statistic_id=00003&limit=10000&f=json
USGS-182223065455900,,,,,18.3710614455518,-65.7659962757655,14.6,2002-09-10,Approved,,,,,,,72019,00003,https://api.waterdata.usgs.gov/ogcapi/v0/collections/latest-daily/items?parameter_code=72019&statistic_id=00003&limit=10000&f=json
USGS-182234065440000,,,,,18.3741172053178,-65.7329403225871,1.41,2002-10-23,Approved,,,,,,,72019,00003,https://api.waterdata.usgs.gov/ogcapi/v0/collections/latest-daily/items?parameter_code=72019&statistic_id=00003&limit=10000&f=json
USGS-182306065491500,,,,,18.383004775761,-65.8204414009225,0.75,1995-03-28,Approved,,,,,,,72019,00003,https://api.waterdata.usgs.gov/ogcapi/v0/collections/latest-daily/items?parameter_code=72019&statistic_id=00003&limit=10000&f=json
USGS-182330066185700,,,,,18.3895879102454,-66.3155024612109,54.71,1996-04-17,Approved,,,,,,,72019,00003,https://api.waterdata.usgs.gov/ogcapi/v0/collections/latest-daily/items?parameter_code=72019&statistic_id=00003&limit=10000&f=json
USGS-182349066032600,,,,,18.3949482008232,-66.056832508506,16.81,1996-04-30,Approved,,,,,,,72019,00003,https://api.waterdata.usgs.gov/ogcapi/v0/collections/latest-daily/items?parameter_code=72019&statistic_id=00003&limit=10000&f=json
USGS-182417066042700,,,,,18.4027258357194,-66.0737770755031,1.07,1996-04-13,Approved,,,,,,,72019,00003,https://api.waterdata.usgs.gov/ogcapi/v0/collections/latest-daily/items?parameter_code=72019&statistic_id=00003&limit=10000&f=json
USGS-182422067015100,,,,,18.4041411068308,-67.0304569706184,39.49,1996-03-19,Approved,,,,,,,72019,00003,https://api.waterdata.usgs.gov/ogcapi/v0/collections/latest-daily/items?parameter_code=72019&statistic_id=00003&limit=10000&f=json
USGS-182435066052700,,,,,18.4077257778934,-66.090443865374,28.53,1996-04-17,Approved,,,,,,,72019,00003,https://api.waterdata.usgs.gov/ogcapi/v0/collections/latest-daily/items?parameter_code=72019&statistic_id=00003&limit=10000&f=json
USGS-182436066031200,,,,,18.408003069351,-66.052665778557,9.02,1991-02-10,Approved,,,,,,,72019,00003,https://api.waterdata.usgs.gov/ogcapi/v0/collections/latest-daily/items?parameter_code=72019&statistic_id=00003&limit=10000&f=json
USGS-182437066040500,,,,,18.4082810195531,-66.0676659002763,9.67,1994-03-29,Approved,,,,,,,72019,00003,https://api.waterdata.usgs.gov/ogcapi/v0/collections/latest-daily/items?parameter_code=72019&statistic_id=00003&limit=10000&f=json
USGS-182437066040501,,,,,18.4082810195531,-66.0676659002763,12.26,1991-08-18,Approved,,,,,,,72019,00003,https://api.waterdata.usgs.gov/ogcapi/v0/collections/latest-daily/items?parameter_code=72019&statistic_id=00003&limit=10000&f=json
USGS-182442067091700,,,,,18.4093904860927,-67.1540696368106,8.95,1996-04-15,Approved,,,,,,,72019,00003,https://api.waterdata.usgs.gov/ogcapi/v0/collections/latest-daily/items?parameter_code=72019&statistic_id=00003&limit=10000&f=json
USGS-182443066041500,,,,,18.4099476326841,-66.0704436963681,0.14,1989-12-05,Approved,,,,,,,72019,00003,https://api.waterdata.usgs.gov/ogcapi/v0/collections/latest-daily/items?parameter_code=72019&statistic_id=00003&limit=10000&f=json
USGS-182445066043400,,,,,18.4105032231661,-66.0757215160803,5.91,1989-07-28,Approved,,,,,,,72019,00003,https://api.waterdata.usgs.gov/ogcapi/v0/collections/latest-daily/items?parameter_code=72019&statistic_id=00003&limit=10000&f=json
USGS-182511066045401,,,,,18.4177251223931,-66.0812771001304,9.31,1996-04-14,Approved,,,,,,,72019,00003,https://api.waterdata.usgs.gov/ogcapi/v0/collections/latest-daily/items?parameter_code=72019&statistic_id=00003&limit=10000&f=json
USGS-182548066265700,,,,,18.4285304535848,-66.448281868858,257.51,1999-09-13,Approved,,,,,,,72019,00003,https://api.waterdata.usgs.gov/ogcapi/v0/collections/latest-daily/items?parameter_code=72019&statistic_id=00003&limit=10000&f=json
USGS-182620066163403,,,,,18.4368912182156,-66.2757240478913,34.99,1996-04-17,Approved,,,,,,,72019,00003,https://api.waterdata.usgs.gov/ogcapi/v0/collections/latest-daily/items?parameter_code=72019&statistic_id=00003&limit=10000&f=json
USGS-182621066343300,,,,,18.4371686264907,-66.5754505006813,282.76,1987-04-27,Approved,,,,,,,72019,00003,https://api.waterdata.usgs.gov/ogcapi/v0/collections/latest-daily/items?parameter_code=72019&statistic_id=00003&limit=10000&f=json
USGS-182626067023800,,,,,18.4385562397771,-67.0435132657797,33.64,1987-11-23,Approved,,,,,,,72019,00003,https://api.waterdata.usgs.gov/ogcapi/v0/collections/latest-daily/items?parameter_code=72019&statistic_id=00003&limit=10000&f=json
USGS-182647066552400,,,,,18.4443900164588,-66.9229558081125,445.54,1996-02-05,Approved,,,,,,,72019,00003,https://api.waterdata.usgs.gov/ogcapi/v0/collections/latest-daily/items?parameter_code=72019&statistic_id=00003&limit=10000&f=json
USGS-182654066150600,,,,,18.4463352058718,-66.251279119765,10,1996-04-27,Approved,,,,,,,72019,00003,https://api.waterdata.usgs.gov/ogcapi/v0/collections/latest-daily/items?parameter_code=72019&statistic_id=00003&limit=10000&f=json
USGS-182655066142400,,,,,18.4466129095205,-66.2396122677149,2.82,1996-04-28,Approved,,,,,,,72019,00003,https://api.waterdata.usgs.gov/ogcapi/v0/collections/latest-daily/items?parameter_code=72019&statistic_id=00003&limit=10000&f=json
USGS-182657066162700,,,,,18.4471685089164,-66.2737795417559,18.16,1996-05-16,Approved,,,,,,,72019,00003,https://api.waterdata.usgs.gov/ogcapi/v0/collections/latest-daily/items?parameter_code=72019&statistic_id=00003&limit=10000&f=json
USGS-182657066162701,,,,,18.4471685089164,-66.2737795417559,18.17,1996-05-16,Approved,,,,,,,72019,00003,https://api.waterdata.usgs.gov/ogcapi/v0/collections/latest-daily/items?parameter_code=72019&statistic_id=00003&limit=10000&f=json
USGS-182746066170800,,,,,18.4607790973425,-66.2851685812545,20.44,1994-03-07,Approved,,,,,,,72019,00003,https://api.waterdata.usgs.gov/ogcapi/v0/collections/latest-daily/items?parameter_code=72019&statistic_id=00003&limit=10000&f=json
USGS-182804066173500,,,,,18.4657789101354,-66.2926687023902,58.55,1996-04-28,Approved,,,,,,,72019,00003,https://api.waterdata.usgs.gov/ogcapi/v0/collections/latest-daily/items?parameter_code=72019&statistic_id=00003&limit=10000&f=json
USGS-182856066510900,,,,,18.480222109096,-66.8521216969288,99.12,1987-04-01,Approved,,,,,,,72019,00003,https://api.waterdata.usgs.gov/ogcapi/v0/collections/latest-daily/items?parameter_code=72019&statistic_id=00003&limit=10000&f=json
USGS-272310098160200,,,,,27.3864261940113,-98.2675070485592,60.21,2026-08-27,Provisional,,,,,,,72019,00003,https://api.waterdata.usgs.gov/ogcapi/v0/collections/latest-daily/items?parameter_code=72019&statistic_id=00003&limit=10000&f=json
USGS-274143080424100,,,,,27.69527777777778,-80.71138888888889,-0.93,2005-08-31,Approved,,,,,,,72019,00003,https://api.waterdata.usgs.gov/ogcapi/v0/collections/latest-daily/items?parameter_code=72019&statistic_id=00003&limit=10000&f=json
USGS-280256081240100,,,,,28.0488055555556,-81.4001944444445,0.78,2004-09-29,Approved,,,,,,,72019,00003,https://api.waterdata.usgs.gov/ogcapi/v0/collections/latest-daily/items?parameter_code=72019&statistic_id=00003&limit=10000&f=json
USGS-281626080463400,,,,,28.2738888888889,-80.7761111111111,0.99,2004-08-22,Approved,,,,,,,72019,00003,https://api.waterdata.usgs.gov/ogcapi/v0/collections/latest-daily/items?parameter_code=72019&statistic_id=00003&limit=10000&f=json
USGS-283853097290701,,,,,28.6480555555556,-97.4852777777778,7.3,2008-09-30,Approved,,,,,,,72019,00003,https://api.waterdata.usgs.gov/ogcapi/v0/collections/latest-daily/items?parameter_code=72019&statistic_id=00003&limit=10000&f=json
USGS-283939097293201,,,,,28.6608333333333,-97.4922222222222,25.13,2008-09-29,Approved,,,,,,,72019,00003,https://api.waterdata.usgs.gov/ogcapi/v0/collections/latest-daily/items?parameter_code=72019&statistic_id=00003&limit=10000&f=json
USGS-290643097575901,,,,,29.1118611111111,-97.9665111111111,21.96,2008-09-29,Approved,,,,,,,72019,00003,https://api.waterdata.usgs.gov/ogcapi/v0/collections/latest-daily/items?parameter_code=72019&statistic_id=00003&limit=10000&f=json
USGS-290818098163201,,,,,29.1383611111111,-98.2754444444444,148.51,2008-09-29,Approved,,,,,,,72019,00003,https://api.waterdata.usgs.gov/ogcapi/v0/collections/latest-daily/items?parameter_code=72019&statistic_id=00003&limit=10000&f=json
USGS-290955098562101,,,,,29.1657777777778,-98.9394111111111,-19,2012-03-26,Approved,,,,,,,72019,00003,https://api.waterdata.usgs.gov/ogcapi/v0/collections/latest-daily/items?parameter_code=72019&statistic_id=00003&limit=10000&f=json
USGS-291136099375801,,,,,29.1935729206864,-99.6328298257093,167.14,2014-01-14,Approved,,,,,,,72019,00003,https://api.waterdata.usgs.gov/ogcapi/v0/collections/latest-daily/items?parameter_code=72019&statistic_id=00003&limit=10000&f=json
USGS-291756098033101,,,,,29.29885,-98.0585305555555,34.29,2008-11-12,Approved,,,,,,,72019,00003,https://api.waterdata.usgs.gov/ogcapi/v0/collections/latest-daily/items?parameter_code=72019&statistic_id=00003&limit=10000&f=json
USGS-292045099081801,,,,,29.3460676727764,-99.1386470607333,144.29,2005-09-29,Approved,,,,,,,72019,00003,https://api.waterdata.usgs.gov/ogcapi/v0/collections/latest-daily/items?parameter_code=72019&statistic_id=00003&limit=10000&f=json
USGS-292117098524701,,,,,29.3549569124908,-98.8800276266469,45.29,2005-09-29,Approved,,,,,,,72019,00003,https://api.waterdata.usgs.gov/ogcapi/v0/collections/latest-daily/items?parameter_code=72019&statistic_id=00003&limit=10000&f=json
USGS-292338095063601,,,,,29.394166666666667,-95.11027777777777,0,2024-05-30,Provisional,DISCONTINUED,,,,,,72019,00003,https://api.waterdata.usgs.gov/ogcapi/v0/collections/latest-daily/items?parameter_code=72019&statistic_id=00003&limit=10000&f=json
USGS-292458094534206,,,,,29.416325,-94.8950027777778,48.53,2026-08-26,Provisional,,,,,,,72019,00003,https://api.waterdata.usgs.gov/ogcapi/v0/collections/latest-daily/items?parameter_code=72019&statistic_id=00003&limit=10000&f=json
USGS-292505098254002,,,,,29.4182890199825,-98.4280710153198,-18.3,2013-11-23,Approved,,,,,,,72019,00003,https://api.waterdata.usgs.gov/ogcapi/v0/collections/latest-daily/items?parameter_code=72019&statistic_id=00003&limit=10000&f=json
USGS-292536099041001,,,,,29.4267361111111,-99.0694083333333,134.03,2004-06-14,Approved,,,,,,,72019,00003,https://api.waterdata.usgs.gov/ogcapi/v0/collections/latest-daily/items?parameter_code=72019&statistic_id=00003&limit=10000&f=json
USGS-292556098260701,,,,,29.4324551488588,-98.4355712781021,7.47,2013-09-29,Approved,,,,,,,72019,00003,https://api.waterdata.usgs.gov/ogcapi/v0/collections/latest-daily/items?parameter_code=72019&statistic_id=00003&limit=10000&f=json
USGS-292618099165901,,,,,29.43856412355583,-99.28340128203075,260.04,2024-05-06,Approved,,,,,,,72019,00003,https://api.waterdata.usgs.gov/ogcapi/v0/collections/latest-daily/items?parameter_code=72019&statistic_id=00003&limit=10000&f=json
USGS-292628099401401,,,,,29.44606288488159,-99.66480086640308,32.64,2026-08-27,Provisional,,,,,,,72019,00003,https://api.waterdata.usgs.gov/ogcapi/v0/collections/latest-daily/items?parameter_code=72019&statistic_id=00003&limit=10000&f=json
USGS-292843099040201,,,,,29.4787361111111,-99.0671694444444,163.22,2004-06-14,Approved,,,,,,,72019,00003,https://api.waterdata.usgs.gov/ogcapi/v0/collections/latest-daily/items?parameter_code=72019&statistic_id=00003&limit=10000&f=json
USGS-292929098561801,,,,,29.4914416666667,-98.9382666666667,174.13,2026-06-03,Provisional,,,,,,,72019,00003,https://api.waterdata.usgs.gov/ogcapi/v0/collections/latest-daily/items?parameter_code=72019&statistic_id=00003&limit=10000&f=json
USGS-292938098370901,,,,,29.4938138888889,-98.619075,100.94,2012-01-23,Approved,,,,,,,72019,00003,https://api.waterdata.usgs.gov/ogcapi/v0/collections/latest-daily/items?parameter_code=72019&statistic_id=00003&limit=10000&f=json
USGS-292943098354404,,,,,29.4952777777778,-98.5955555555555,203.39,2024-04-08,Approved,,,,,,,72019,00003,https://api.waterdata.usgs.gov/ogcapi/v0/collections/latest-daily/items?parameter_code=72019&statistic_id=00003&limit=10000&f=json
USGS-293026099585401,,,,,29.5071138888889,-98.9815555555556,300.04,2025-09-15,Provisional,,,,,,,72019,00003,https://api.waterdata.usgs.gov/ogcapi/v0/collections/latest-daily/items?parameter_code=72019&statistic_id=00003&limit=10000&f=json
USGS-293058098110501,,,,,29.5162169260285,-98.1849958651534,22.14,2013-10-19,Approved,,,,,,,72019,00003,https://api.waterdata.usgs.gov/ogcapi/v0/collections/latest-daily/items?parameter_code=72019&statistic_id=00003&limit=10000&f=json
USGS-293125099135701,,,,,29.5235972222222,-99.2324888888889,118.81,2004-08-04,Approved,,,,,,,72019,00003,https://api.waterdata.usgs.gov/ogcapi/v0/collections/latest-daily/items?parameter_code=72019&statistic_id=00003&limit=10000&f=json
USGS-293202099063501,,,,,29.534117164433432,-99.11013841670372,197.05,2024-05-06,Approved,,,,,,,72019,00003,https://api.waterdata.usgs.gov/ogcapi/v0/collections/latest-daily/items?parameter_code=72019&statistic_id=00003&limit=10000&f=json
USGS-293252098380801,,,,,29.5477777777778,-98.6355555555556,211.85,2026-08-26,Provisional,,,,,,,72019,00003,https://api.waterdata.usgs.gov/ogcapi/v0/collections/latest-daily/items?parameter_code=72019&statistic_id=00003&limit=10000&f=json
USGS-293305098265301,,,,,29.5513888888889,-98.4480555555556,86.42,2012-01-03,Approved,,,,,,,72019,00003,https://api.waterdata.usgs.gov/ogcapi/v0/collections/latest-daily/items?parameter_code=72019&statistic_id=00003&limit=10000&f=json
USGS-293306095054101,,,,,29.5518611111111,-95.0960277777778,104.14,2023-08-09,Approved,UNAVAIL,,,,,,72019,00003,https://api.waterdata.usgs.gov/ogcapi/v0/collections/latest-daily/items?parameter_code=72019&statistic_id=00003&limit=10000&f=json
USGS-293318099140501,,,,,29.5548694444444,-99.2347444444444,118.69,2003-09-29,Approved,,,,,,,72019,00003,https://api.waterdata.usgs.gov/ogcapi/v0/collections/latest-daily/items?parameter_code=72019&statistic_id=00003&limit=10000&f=json
USGS-293348095070604,,,,,29.5634166666667,-95.1189444444444,128.62,2026-08-26,Provisional,,,,,,,72019,00003,https://api.waterdata.usgs.gov/ogcapi/v0/collections/latest-daily/items?parameter_code=72019&statistic_id=00003&limit=10000&f=json
USGS-293352095011601,,,,,29.5647944444444,-95.0214555555555,100.3,2026-08-26,Provisional,,,,,,,72019,00003,https://api.waterdata.usgs.gov/ogcapi/v0/collections/latest-daily/items?parameter_code=72019&statistic_id=00003&limit=10000&f=json
USGS-293424098134701,,,,,29.5735009193047,-98.2299359077163,72.59,2014-01-06,Approved,,,,,,,72019,00003,https://api.waterdata.usgs.gov/ogcapi/v0/collections/latest-daily/items?parameter_code=72019&statistic_id=00003&limit=10000&f=json
USGS-293516098325501,,,,,29.5877777777778,-98.5486111111111,258.2,2024-08-07,Approved,,,,,,,72019,00003,https://api.waterdata.usgs.gov/ogcapi/v0/collections/latest-daily/items?parameter_code=72019&statistic_id=00003&limit=10000&f=json
USGS-293522098291201,,,,,29.5896717009437,-98.4880733272121,225.75,2005-09-13,Approved,,,,,,,72019,00003,https://api.waterdata.usgs.gov/ogcapi/v0/collections/latest-daily/items?parameter_code=72019&statistic_id=00003&limit=10000&f=json
USGS-293610098152701,,,,,29.6029305555556,-98.2575083333333,238.21,2013-10-20,Approved,,,,,,,72019,00003,https://api.waterdata.usgs.gov/ogcapi/v0/collections/latest-daily/items?parameter_code=72019&statistic_id=00003&limit=10000&f=json
USGS-293636098190901,,,,,29.6102271405112,-98.3194577489264,130.28,2005-09-29,Approved,,,,,,,72019,00003,https://api.waterdata.usgs.gov/ogcapi/v0/collections/latest-daily/items?parameter_code=72019&statistic_id=00003&limit=10000&f=json
USGS-293731083061801,,,,,29.6255093575715,-83.1048520930102,4.69,1978-06-16,Approved,,,,,,,72019,00003,https://api.waterdata.usgs.gov/ogcapi/v0/collections/latest-daily/items?parameter_code=72019&statistic_id=00003&limit=10000&f=json
USGS-293855098234801,,,,,29.6487555555556,-98.3967416666667,298.76,2013-12-31,Approved,DISCONTINUED,,,,,,72019,00003,https://api.waterdata.usgs.gov/ogcapi/v0/collections/latest-daily/items?parameter_code=72019&statistic_id=00003&limit=10000&f=json
USGS-293946098230601,,,,,29.6628611111111,-98.3851388888889,201.82,2010-10-14,Approved,,,,,,,72019,00003,https://api.waterdata.usgs.gov/ogcapi/v0/collections/latest-daily/items?parameter_code=72019&statistic_id=00003&limit=10000&f=json
USGS-293958085211801,,,,,29.6663246638843,-85.3549190420109,6.28,1955-12-31,Approved,,,,,,,72019,00003,https://api.waterdata.usgs.gov/ogcapi/v0/collections/latest-daily/items?parameter_code=72019&statistic_id=00003&limit=10000&f=json
USGS-294053098375201,,,,,29.6813888888889,-98.6311111111111,131.09,2010-10-19,Approved,,,,,,,72019,00003,https://api.waterdata.usgs.gov/ogcapi/v0/collections/latest-daily/items?parameter_code=72019&statistic_id=00003&limit=10000&f=json
USGS-294153098375001,,,,,29.6982788608208,-98.6308554055332,382.31,2009-04-06,Approved,,,,,,,72019,00003,https://api.waterdata.usgs.gov/ogcapi/v0/collections/latest-daily/items?parameter_code=72019&statistic_id=00003&limit=10000&f=json
USGS-294239098081401,,,,,29.7110576602825,-98.1375089043204,-14.91,2005-09-29,Approved,,,,,,,72019,00003,https://api.waterdata.usgs.gov/ogcapi/v0/collections/latest-daily/items?parameter_code=72019&statistic_id=00003&limit=10000&f=json
USGS-294243098264401,,,,,29.7119444444444,-98.4455555555556,182.62,2010-10-19,Approved,,,,,,,72019,00003,https://api.waterdata.usgs.gov/ogcapi/v0/collections/latest-daily/items?parameter_code=72019&statistic_id=00003&limit=10000&f=json
USGS-294253095352701,,,,,29.715,-95.5911111111111,322.79,2004-06-10,Approved,,,,,,,72019,00003,https://api.waterdata.usgs.gov/ogcapi/v0/collections/latest-daily/items?parameter_code=72019&statistic_id=00003&limit=10000&f=json
USGS-294338095270402,,,,,29.727,-95.4507777777778,234.52,2024-03-14,Approved,,,,,,,72019,00003,https://api.waterdata.usgs.gov/ogcapi/v0/collections/latest-daily/items?parameter_code=72019&statistic_id=00003&limit=10000&f=json
USGS-294338095270403,,,,,29.7275,-95.4513888888889,265.37,2026-08-26,Provisional,,,,,,,72019,00003,https://api.waterdata.usgs.gov/ogcapi/v0/collections/latest-daily/items?parameter_code=72019&statistic_id=00003&limit=10000&f=json
USGS-294356099452701,,,,,29.7322777777778,-99.7576111111111,17.13,2013-12-07,Approved,,,,,,,72019,00003,https://api.waterdata.usgs.gov/ogcapi/v0/collections/latest-daily/items?parameter_code=72019&statistic_id=00003&limit=10000&f=json
USGS-294527095014910,,,,,29.7578416666667,-95.03065,109.34,2026-08-26,Provisional,,,,,,,72019,00003,https://api.waterdata.usgs.gov/ogcapi/v0/collections/latest-daily/items?parameter_code=72019&statistic_id=00003&limit=10000&f=json
USGS-294527095014911,,,,,29.7578416666667,-95.03065,110.96,2026-08-26,Provisional,,,,,,,72019,00003,https://api.waterdata.usgs.gov/ogcapi/v0/collections/latest-daily/items?parameter_code=72019&statistic_id=00003&limit=10000&f=json
USGS-294726095351101,,,,,29.7908333333333,-95.5866666666667,14.76,2026-08-26,Provisional,,,,,,,72019,00003,https://api.waterdata.usgs.gov/ogcapi/v0/collections/latest-daily/items?parameter_code=72019&statistic_id=00003&limit=10000&f=json
USGS-294726095351102,,,,,29.7906944444444,-95.5861388888889,360.87,2026-08-26,Provisional,,,,,,,72019,00003,https://api.waterdata.usgs.gov/ogcapi/v0/collections/latest-daily/items?parameter_code=72019&statistic_id=00003&limit=10000&f=json
USGS-294726095351103,,,,,29.7908333333333,-95.5866666666667,157.79,2006-09-29,Approved,,,,,,,72019,00003,https://api.waterdata.usgs.gov/ogcapi/v0/collections/latest-daily/items?parameter_code=72019&statistic_id=00003&limit=10000&f=json
USGS-294726095351104,,,,,29.7908333333333,-95.5866666666667,151.66,2026-08-26,Provisional,,,,,,,72019,00003,https://api.waterdata.usgs.gov/ogcapi/v0/collections/latest-daily/items?parameter_code=72019&statistic_id=00003&limit=10000&f=json
USGS-294728095200103,,,,,29.7913888888889,-95.3338888888889,176.95,2026-08-26,Provisional,,,,,,,72019,00003,https://api.waterdata.usgs.gov/ogcapi/v0/collections/latest-daily/items?parameter_code=72019&statistic_id=00003&limit=10000&f=json
USGS-294857085180801,,,,,29.8160421625045,-85.3021405990915,23.23,1953-02-04,Approved,,,,,,,72019,00003,https://api.waterdata.usgs.gov/ogcapi/v0/collections/latest-daily/items?parameter_code=72019&statistic_id=00003&limit=10000&f=json
USGS-294901095221001,,,,,29.8172222222222,-95.3697222222222,202.56,2009-03-24,Approved,,,,,,,72019,00003,https://api.waterdata.usgs.gov/ogcapi/v0/collections/latest-daily/items?parameter_code=72019&statistic_id=00003&limit=10000&f=json
USGS-295043099392401,,,,,29.8452638888889,-99.6568,99.43,2014-07-21,Approved,,,,,,,72019,00003,https://api.waterdata.usgs.gov/ogcapi/v0/collections/latest-daily/items?parameter_code=72019&statistic_id=00003&limit=10000&f=json
USGS-295054098124601,,,,,29.8485522797297,-98.2130668472693,134.68,2005-09-29,Approved,,,,,,,72019,00003,https://api.waterdata.usgs.gov/ogcapi/v0/collections/latest-daily/items?parameter_code=72019&statistic_id=00003&limit=10000&f=json
USGS-295055098134001,,,,,29.8488299786572,-98.2280672070274,301.05,2004-12-07,Approved,,,,,,,72019,00003,https://api.waterdata.usgs.gov/ogcapi/v0/collections/latest-daily/items?parameter_code=72019&statistic_id=00003&limit=10000&f=json
USGS-295204099340201,,,,,29.8677972222222,-99.5671888888889,248.44,2026-08-26,Provisional,,,,,,,72019,00003,https://api.waterdata.usgs.gov/ogcapi/v0/collections/latest-daily/items?parameter_code=72019&statistic_id=00003&limit=10000&f=json
USGS-295314091312101,,,,,29.887222,-91.5225,8.09,2024-10-27,Approved,,,,,,,72019,00003,https://api.waterdata.usgs.gov/ogcapi/v0/collections/latest-daily/items?parameter_code=72019&statistic_id=00003&limit=10000&f=json
USGS-295314097565701,,,,,29.8872333333333,-97.9492972222222,174.59,2011-01-02,Approved,,,,,,,72019,00003,https://api.waterdata.usgs.gov/ogcapi/v0/collections/latest-daily/items?parameter_code=72019&statistic_id=00003&limit=10000&f=json
USGS-295443097554201,,,,,29.9121628579347,-97.9286162365128,23.22,2010-05-25,Approved,,,,,,,72019,00003,https://api.waterdata.usgs.gov/ogcapi/v0/collections/latest-daily/items?parameter_code=72019&statistic_id=00003&limit=10000&f=json
USGS-295449095084101,,,,,29.9138888888889,-95.145,0,2026-08-26,Provisional,EQUIP,,,,,,72019,00003,https://api.waterdata.usgs.gov/ogcapi/v0/collections/latest-daily/items?parameter_code=72019&statistic_id=00003&limit=10000&f=json
USGS-295507084311901,,,,,29.918817865245,-84.5218460461277,22.59,1979-01-31,Approved,,,,,,,72019,00003,https://api.waterdata.usgs.gov/ogcapi/v0/collections/latest-daily/items?parameter_code=72019&statistic_id=00003&limit=10000&f=json
USGS-295652090020101,,,,,29.9479816230342,-90.0336818800591,34.15,2016-12-14,Approved,,,,,,,72019,00003,https://api.waterdata.usgs.gov/ogcapi/v0/collections/latest-daily/items?parameter_code=72019&statistic_id=00003&limit=10000&f=json
USGS-295802083121001,,,,,29.9674458384682,-83.2026356915553,8.11,1978-10-17,Approved,,,,,,,72019,00003,https://api.waterdata.usgs.gov/ogcapi/v0/collections/latest-daily/items?parameter_code=72019&statistic_id=00003&limit=10000&f=json
USGS-295819098534001,,,,,29.9721591854003,-98.8947557447015,112.53,2005-09-29,Approved,,,,,,,72019,00003,https://api.waterdata.usgs.gov/ogcapi/v0/collections/latest-daily/items?parameter_code=72019&statistic_id=00003&limit=10000&f=json
USGS-295858097521801,,,,,29.9829943910926,-97.871948837562,96.64,2013-12-27,Approved,,,,,,,72019,00003,https://api.waterdata.usgs.gov/ogcapi/v0/collections/latest-daily/items?parameter_code=72019&statistic_id=00003&limit=10000&f=json
USGS-300019099075801,,,,,30.0054908856819,-99.1330956798525,249.73,2004-09-29,Approved,,,,,,,72019,00003,https://api.waterdata.usgs.gov/ogcapi/v0/collections/latest-daily/items?parameter_code=72019&statistic_id=00003&limit=10000&f=json
USGS-300035091443301,,,,,30.0097222222222,-91.7438888888889,18.87,2016-12-12,Approved,,,,,,,72019,00003,https://api.waterdata.usgs.gov/ogcapi/v0/collections/latest-daily/items?parameter_code=72019&statistic_id=00003&limit=10000&f=json
USGS-300259100030801,,,,,30.0497222222222,-100.052222222222,332.93,2014-07-29,Approved,,,,,,,72019,00003,https://api.waterdata.usgs.gov/ogcapi/v0/collections/latest-daily/items?parameter_code=72019&statistic_id=00003&limit=10000&f=json
USGS-300322093452601,,,,,30.0563220884065,-93.7573890197,36.88,2009-03-25,Approved,,,,,,,72019,00003,https://api.waterdata.usgs.gov/ogcapi/v0/collections/latest-daily/items?parameter_code=72019&statistic_id=00003&limit=10000&f=json
USGS-300358083305001,,,,,30.0663255242168,-83.5137565705584,25.75,1978-10-17,Approved,,,,,,,72019,00003,https://api.waterdata.usgs.gov/ogcapi/v0/collections/latest-daily/items?parameter_code=72019&statistic_id=00003&limit=10000&f=json
USGS-300407083314301,,,,,30.0688253100433,-83.5284792864556,22.26,1955-12-31,Approved,,,,,,,72019,00003,https://api.waterdata.usgs.gov/ogcapi/v0/collections/latest-daily/items?parameter_code=72019&statistic_id=00003&limit=10000&f=json
USGS-300747082225801,,,,,30.1299583370315,-82.3826163760076,96.01,1979-06-05,Approved,,,,,,,72019,00003,https://api.waterdata.usgs.gov/ogcapi/v0/collections/latest-daily/items?parameter_code=72019&statistic_id=00003&limit=10000&f=json
USGS-300824095274701,,,,,30.14,-95.4630555555556,131.95,2022-05-09,Approved,DISCONTINUED,,,,,,72019,00003,https://api.waterdata.usgs.gov/ogcapi/v0/collections/latest-daily/items?parameter_code=72019&statistic_id=00003&limit=10000&f=json
USGS-300849095143301,,,,,30.1469444444444,-95.2425,158.21,2026-08-26,Provisional,,,,,,,72019,00003,https://api.waterdata.usgs.gov/ogcapi/v0/collections/latest-daily/items?parameter_code=72019&statistic_id=00003&limit=10000&f=json
USGS-300917084121301,,,,,30.1549269992216,-84.2035045223698,2.99,1955-12-31,Approved,,,,,,,72019,00003,https://api.waterdata.usgs.gov/ogcapi/v0/collections/latest-daily/items?parameter_code=72019&statistic_id=00003&limit=10000&f=json
USGS-301031082381001,,,,,30.1755093674064,-82.6359564240585,97,1956-09-30,Approved,,,,,,,72019,00003,https://api.waterdata.usgs.gov/ogcapi/v0/collections/latest-daily/items?parameter_code=72019&statistic_id=00003&limit=10000&f=json
USGS-301213093191701,,,,,30.2036111111111,-93.3213888888889,79.23,2016-12-06,Approved,,,,,,,72019,00003,https://api.waterdata.usgs.gov/ogcapi/v0/collections/latest-daily/items?parameter_code=72019&statistic_id=00003&limit=10000&f=json
USGS-301228095272501,,,,,30.2077777777778,-95.4575,392.45,2026-08-26,Provisional,,,,,,,72019,00003,https://api.waterdata.usgs.gov/ogcapi/v0/collections/latest-daily/items?parameter_code=72019&statistic_id=00003&limit=10000&f=json
USGS-301237097464801,,,,,30.2103388888889,-97.7815833333333,195.95,2026-08-26,Provisional,,,,,,,72019,00003,https://api.waterdata.usgs.gov/ogcapi/v0/collections/latest-daily/items?parameter_code=72019&statistic_id=00003&limit=10000&f=json
USGS-301300092584503,,,,,30.2166666666667,-92.98,59.41,2017-07-14,Approved,,,,,,,72019,00003,https://api.waterdata.usgs.gov/ogcapi/v0/collections/latest-daily/items?parameter_code=72019&statistic_id=00003&limit=10000&f=json
USGS-301307082355001,,,,,30.2188422691148,-82.597067282735,126.98,1979-06-06,Approved,,,,,,,72019,00003,https://api.waterdata.usgs.gov/ogcapi/v0/collections/latest-daily/items?parameter_code=72019&statistic_id=00003&limit=10000&f=json
USGS-301307082355002,,,,,30.2188422691148,-82.597067282735,1.07,1977-03-19,Approved,,,,,,,72019,00003,https://api.waterdata.usgs.gov/ogcapi/v0/collections/latest-daily/items?parameter_code=72019&statistic_id=00003&limit=10000&f=json
USGS-301336093183001,,,,,30.2266666666667,-93.3083333333333,83.45,2016-12-06,Approved,,,,,,,72019,00003,https://api.waterdata.usgs.gov/ogcapi/v0/collections/latest-daily/items?parameter_code=72019&statistic_id=00003&limit=10000&f=json
USGS-301336093183002,,,,,30.2268723961285,-93.3084883986699,52.29,2016-12-06,Approved,,,,,,,72019,00003,https://api.waterdata.usgs.gov/ogcapi/v0/collections/latest-daily/items?parameter_code=72019&statistic_id=00003&limit=10000&f=json
USGS-301356097473301,,,,,30.232431389262,-97.7927835378854,232.72,2004-09-29,Approved,,,,,,,72019,00003,https://api.waterdata.usgs.gov/ogcapi/v0/collections/latest-daily/items?parameter_code=72019&statistic_id=00003&limit=10000&f=json
USGS-301437082324801,,,,,30.2438423311205,-82.5465110746845,87.29,1978-03-21,Approved,,,,,,,72019,00003,https://api.waterdata.usgs.gov/ogcapi/v0/collections/latest-daily/items?parameter_code=72019&statistic_id=00003&limit=10000&f=json
USGS-301437082324802,,,,,30.2438423311205,-82.5465110746845,59.68,1977-04-05,Approved,,,,,,,72019,00003,https://api.waterdata.usgs.gov/ogcapi/v0/collections/latest-daily/items?parameter_code=72019&statistic_id=00003&limit=10000&f=json
USGS-301505095343702,,,,,30.2513888888889,-95.5769444444444,39.98,2022-03-12,Approved,DISCONTINUED,,,,,,72019,00003,https://api.waterdata.usgs.gov/ogcapi/v0/collections/latest-daily/items?parameter_code=72019&statistic_id=00003&limit=10000&f=json
USGS-301505095343704,,,,,30.2513888888889,-95.5769444444444,340.1,2011-05-04,Approved,,,,,,,72019,00003,https://api.waterdata.usgs.gov/ogcapi/v0/collections/latest-daily/items?parameter_code=72019&statistic_id=00003&limit=10000&f=json
USGS-301635082234001,,,,,30.2766210012837,-82.3942857970715,94.8,1977-03-26,Approved,,,,,,,72019,00003,https://api.waterdata.usgs.gov/ogcapi/v0/collections/latest-daily/items?parameter_code=72019&statistic_id=00003&limit=10000&f=json
USGS-301635082234002,,,,,30.2766210012837,-82.3942857970715,9.74,1977-05-05,Approved,,,,,,,72019,00003,https://api.waterdata.usgs.gov/ogcapi/v0/collections/latest-daily/items?parameter_code=72019&statistic_id=00003&limit=10000&f=json
USGS-301702082271501,,,,,30.2841198979514,-82.4540095456749,83.99,1977-05-05,Approved,,,,,,,72019,00003,https://api.waterdata.usgs.gov/ogcapi/v0/collections/latest-daily/items?parameter_code=72019&statistic_id=00003&limit=10000&f=json
USGS-301702082271502,,,,,30.2841198979514,-82.4540095456749,13.31,1977-05-05,Approved,,,,,,,72019,00003,https://api.waterdata.usgs.gov/ogcapi/v0/collections/latest-daily/items?parameter_code=72019&statistic_id=00003&limit=10000&f=json
USGS-301822082393901,,,,,30.3063384965368,-82.6606807785095,72.85,1979-04-09,Approved,,,,,,,72019,00003,https://api.waterdata.usgs.gov/ogcapi/v0/collections/latest-daily/items?parameter_code=72019&statistic_id=00003&limit=10000&f=json
USGS-301832092234501,,,,,30.3088888888889,-92.3966666666667,85.67,2016-12-07,Approved,,,,,,,72019,00003,https://api.waterdata.usgs.gov/ogcapi/v0/collections/latest-daily/items?parameter_code=72019&statistic_id=00003&limit=10000&f=json
USGS-301933082350501,,,,,30.3260609318555,-82.5845684031297,88.14,1976-09-11,Approved,,,,,,,72019,00003,https://api.waterdata.usgs.gov/ogcapi/v0/collections/latest-daily/items?parameter_code=72019&statistic_id=00003&limit=10000&f=json
USGS-301933082350502,,,,,30.3260609318555,-82.5845684031297,3.01,1976-08-18,Approved,,,,,,,72019,00003,https://api.waterdata.usgs.gov/ogcapi/v0/collections/latest-daily/items?parameter_code=72019&statistic_id=00003&limit=10000&f=json
USGS-301945082292202,,,,,30.3293954118284,-82.4892886833883,74.5,1977-05-12,Approved,,,,,,,72019,00003,https://api.waterdata.usgs.gov/ogcapi/v0/collections/latest-daily/items?parameter_code=72019&statistic_id=00003&limit=10000&f=json
USGS-301948095290002,,,,,30.3302777777778,-95.4836111111111,87.65,2022-08-09,Approved,,,,,,,72019,00003,https://api.waterdata.usgs.gov/ogcapi/v0/collections/latest-daily/items?parameter_code=72019&statistic_id=00003&limit=10000&f=json
USGS-301948095290004,,,,,30.3302777777778,-95.4836111111111,54.51,2022-08-09,Approved,,,,,,,72019,00003,https://api.waterdata.usgs.gov/ogcapi/v0/collections/latest-daily/items?parameter_code=72019&statistic_id=00003&limit=10000&f=json
USGS-302052082312401,,,,,30.3480052917896,-82.5231785245346,75.1,1979-06-06,Approved,,,,,,,72019,00003,https://api.waterdata.usgs.gov/ogcapi/v0/collections/latest-daily/items?parameter_code=72019&statistic_id=00003&limit=10000&f=json
USGS-302052082312402,,,,,30.3480052917896,-82.5231785245346,27.9,1979-06-03,Approved,,,,,,,72019,00003,https://api.waterdata.usgs.gov/ogcapi/v0/collections/latest-daily/items?parameter_code=72019&statistic_id=00003&limit=10000&f=json
USGS-302103088294701,,,,,30.3471443301086,-88.4975131623403,85.28,1995-09-29,Approved,,,,,,,72019,00003,https://api.waterdata.usgs.gov/ogcapi/v0/collections/latest-daily/items?parameter_code=72019&statistic_id=00003&limit=10000&f=json
USGS-302115082232201,,,,,30.3543966462008,-82.3892864697943,76.82,1977-05-05,Approved,,,,,,,72019,00003,https://api.waterdata.usgs.gov/ogcapi/v0/collections/latest-daily/items?parameter_code=72019&statistic_id=00003&limit=10000&f=json
USGS-302115082232202,,,,,30.3543966462008,-82.3892864697943,4.51,1977-05-05,Approved,,,,,,,72019,00003,https://api.waterdata.usgs.gov/ogcapi/v0/collections/latest-daily/items?parameter_code=72019&statistic_id=00003&limit=10000&f=json
USGS-302127082475801,,,,,30.3577237459983,-82.7992954133585,84.99,1979-06-07,Approved,,,,,,,72019,00003,https://api.waterdata.usgs.gov/ogcapi/v0/collections/latest-daily/items?parameter_code=72019&statistic_id=00003&limit=10000&f=json
USGS-302135087094501,,,,,30.3599215653245,-87.1624684699711,9.77,1955-12-31,Approved,,,,,,,72019,00003,https://api.waterdata.usgs.gov/ogcapi/v0/collections/latest-daily/items?parameter_code=72019&statistic_id=00003&limit=10000&f=json
USGS-302243082360201,,,,,30.3788364712759,-82.6004027478261,66.45,1979-06-06,Approved,,,,,,,72019,00003,https://api.waterdata.usgs.gov/ogcapi/v0/collections/latest-daily/items?parameter_code=72019&statistic_id=00003&limit=10000&f=json
USGS-302243082360202,,,,,30.3788364712759,-82.6004027478261,11.64,1979-06-06,Approved,,,,,,,72019,00003,https://api.waterdata.usgs.gov/ogcapi/v0/collections/latest-daily/items?parameter_code=72019&statistic_id=00003&limit=10000&f=json
USGS-302251082194901,,,,,30.3810640155122,-82.3301185864796,75.52,1979-06-06,Approved,,,,,,,72019,00003,https://api.waterdata.usgs.gov/ogcapi/v0/collections/latest-daily/items?parameter_code=72019&statistic_id=00003&limit=10000&f=json
USGS-302251082194902,,,,,30.3810640155122,-82.3301185864796,8.85,1979-06-06,Approved,,,,,,,72019,00003,https://api.waterdata.usgs.gov/ogcapi/v0/collections/latest-daily/items?parameter_code=72019&statistic_id=00003&limit=10000&f=json
USGS-302313084191301,,,,,30.3871448840268,-84.3201782649708,35.25,1978-10-04,Approved,,,,,,,72019,00003,https://api.waterdata.usgs.gov/ogcapi/v0/collections/latest-daily/items?parameter_code=72019&statistic_id=00003&limit=10000&f=json
USGS-302319084220601,,,,,30.3888110825575,-84.3682356335711,82.01,1977-03-08,Approved,,,,,,,72019,00003,https://api.waterdata.usgs.gov/ogcapi/v0/collections/latest-daily/items?parameter_code=72019&statistic_id=00003&limit=10000&f=json
USGS-302334082560201,,,,,30.3929988183755,-82.9337430330271,21.32,1979-06-04,Approved,,,,,,,72019,00003,https://api.waterdata.usgs.gov/ogcapi/v0/collections/latest-daily/items?parameter_code=72019&statistic_id=00003&limit=10000&f=json
USGS-302338086352601,,,,,30.3940889197838,-86.5905079777184,4.12,1977-12-15,Approved,,,,,,,72019,00003,https://api.waterdata.usgs.gov/ogcapi/v0/collections/latest-daily/items?parameter_code=72019&statistic_id=00003&limit=10000&f=json
USGS-302355088540301,,,,,30.3988095542628,-88.9008639513954,48.16,1995-09-29,Approved,,,,,,,72019,00003,https://api.waterdata.usgs.gov/ogcapi/v0/collections/latest-daily/items?parameter_code=72019&statistic_id=00003&limit=10000&f=json
USGS-302406088593201,,,,,30.4054757175157,-88.992811868603,37.79,1995-09-06,Approved,,,,,,,72019,00003,https://api.waterdata.usgs.gov/ogcapi/v0/collections/latest-daily/items?parameter_code=72019&statistic_id=00003&limit=10000&f=json
USGS-302416087505501,,,,,30.404777777777777,-87.8483611111111,5.06,2026-08-26,Provisional,,,,,,,72019,00003,https://api.waterdata.usgs.gov/ogcapi/v0/collections/latest-daily/items?parameter_code=72019&statistic_id=00003&limit=10000&f=json
USGS-302419086362601,,,,,30.4054774597665,-86.6071750563041,118.71,1985-09-30,Approved,,,,,,,72019,00003,https://api.waterdata.usgs.gov/ogcapi/v0/collections/latest-daily/items?parameter_code=72019&statistic_id=00003&limit=10000&f=json
USGS-302431086440301,,,,,30.4088101364083,-86.7341225973499,69.62,1985-09-30,Approved,,,,,,,72019,00003,https://api.waterdata.usgs.gov/ogcapi/v0/collections/latest-daily/items?parameter_code=72019&statistic_id=00003&limit=10000&f=json
USGS-302432087151701,,,,,30.4090869799867,-87.2546937826658,16.3,1957-09-30,Approved,,,,,,,72019,00003,https://api.waterdata.usgs.gov/ogcapi/v0/collections/latest-daily/items?parameter_code=72019&statistic_id=00003&limit=10000&f=json
USGS-302614091083001,,,,,30.4374131585791,-91.1417728001933,164.48,2026-05-21,Provisional,,,,,,,72019,00003,https://api.waterdata.usgs.gov/ogcapi/v0/collections/latest-daily/items?parameter_code=72019&statistic_id=00003&limit=10000&f=json
USGS-302636091083802,,,,,30.4433333333333,-91.1438888888889,104.46,2026-05-21,Provisional,,,,,,,72019,00003,https://api.waterdata.usgs.gov/ogcapi/v0/collections/latest-daily/items?parameter_code=72019&statistic_id=00003&limit=10000&f=json
USGS-302636095422801,,,,,30.4436111111111,-95.7080555555556,16.19,2022-08-10,Approved,,,,,,,72019,00003,https://api.waterdata.usgs.gov/ogcapi/v0/collections/latest-daily/items?parameter_code=72019&statistic_id=00003&limit=10000&f=json
USGS-302636095422803,,,,,30.4436111111111,-95.7080555555556,16.59,2022-08-10,Approved,,,,,,,72019,00003,https://api.waterdata.usgs.gov/ogcapi/v0/collections/latest-daily/items?parameter_code=72019&statistic_id=00003&limit=10000&f=json
USGS-302642091083401,,,,,30.4451907511353,-91.142883988615,88.7,2026-05-21,Provisional,,,,,,,72019,00003,https://api.waterdata.usgs.gov/ogcapi/v0/collections/latest-daily/items?parameter_code=72019&statistic_id=00003&limit=10000&f=json
USGS-302702091103902,,,,,30.4507462176376,-91.1776071780835,210.07,2017-01-08,Approved,,,,,,,72019,00003,https://api.waterdata.usgs.gov/ogcapi/v0/collections/latest-daily/items?parameter_code=72019&statistic_id=00003&limit=10000&f=json
USGS-302747086382001,,,,,30.4632536889562,-86.6388425287684,91.15,1979-01-24,Approved,,,,,,,72019,00003,https://api.waterdata.usgs.gov/ogcapi/v0/collections/latest-daily/items?parameter_code=72019&statistic_id=00003&limit=10000&f=json
USGS-302758086370403,,,,,30.4663092450414,-86.6235643787269,19.18,1978-08-02,Approved,,,,,,,72019,00003,https://api.waterdata.usgs.gov/ogcapi/v0/collections/latest-daily/items?parameter_code=72019&statistic_id=00003&limit=10000&f=json
USGS-302830087113901,,,,,30.475196771887,-87.1941369865835,85.27,1979-01-16,Approved,,,,,,,72019,00003,https://api.waterdata.usgs.gov/ogcapi/v0/collections/latest-daily/items?parameter_code=72019&statistic_id=00003&limit=10000&f=json
USGS-302932091101901,,,,,30.4924118920781,-91.1720517254234,58.22,2019-10-06,Approved,,,,,,,72019,00003,https://api.waterdata.usgs.gov/ogcapi/v0/collections/latest-daily/items?parameter_code=72019&statistic_id=00003&limit=10000&f=json
USGS-302948095422501,,,,,30.4988333333333,-95.7106111111111,50.87,2026-08-26,Provisional,,,,,,,72019,00003,https://api.waterdata.usgs.gov/ogcapi/v0/collections/latest-daily/items?parameter_code=72019&statistic_id=00003&limit=10000&f=json
USGS-303001084134701,,,,,30.5004779290876,-84.2296206477494,158.52,1986-09-30,Approved,,,,,,,72019,00003,https://api.waterdata.usgs.gov/ogcapi/v0/collections/latest-daily/items?parameter_code=72019&statistic_id=00003&limit=10000&f=json
USGS-303026091113001,,,,,30.5074115689151,-91.1917745341093,243.18,2017-01-08,Approved,,,,,,,72019,00003,https://api.waterdata.usgs.gov/ogcapi/v0/collections/latest-daily/items?parameter_code=72019&statistic_id=00003&limit=10000&f=json
USGS-303108087162301,,,,,30.519084479304,-87.273028672129,79.58,1955-11-27,Approved,,,,,,,72019,00003,https://api.waterdata.usgs.gov/ogcapi/v0/collections/latest-daily/items?parameter_code=72019&statistic_id=00003&limit=10000&f=json
USGS-303132097533401,,,,,30.5257516931296,-97.8930687603114,194.14,2004-09-29,Approved,,,,,,,72019,00003,https://api.waterdata.usgs.gov/ogcapi/v0/collections/latest-daily/items?parameter_code=72019&statistic_id=00003&limit=10000&f=json
USGS-303142084214601,,,,,30.5285316307807,-84.3626815291439,88.68,1978-10-04,Approved,,,,,,,72019,00003,https://api.waterdata.usgs.gov/ogcapi/v0/collections/latest-daily/items?parameter_code=72019&statistic_id=00003&limit=10000&f=json
USGS-303142084214602,,,,,30.5285316307807,-84.3626815291439,38.65,1978-10-04,Approved,,,,,,,72019,00003,https://api.waterdata.usgs.gov/ogcapi/v0/collections/latest-daily/items?parameter_code=72019&statistic_id=00003&limit=10000&f=json
USGS-303143095334801,,,,,30.5281666666667,-95.5639166666667,77.64,2022-07-27,Approved,,,,,,,72019,00003,https://api.waterdata.usgs.gov/ogcapi/v0/collections/latest-daily/items?parameter_code=72019&statistic_id=00003&limit=10000&f=json
USGS-303251091115001,,,,,30.5476883795985,-91.1973302953075,71.9,2017-01-08,Approved,,,,,,,72019,00003,https://api.waterdata.usgs.gov/ogcapi/v0/collections/latest-daily/items?parameter_code=72019&statistic_id=00003&limit=10000&f=json
USGS-303431095430001,,,,,30.5753611111111,-95.7167305555556,4.73,2022-04-18,Approved,,,,,,,72019,00003,https://api.waterdata.usgs.gov/ogcapi/v0/collections/latest-daily/items?parameter_code=72019&statistic_id=00003&limit=10000&f=json
USGS-303431095430002,,,,,30.5753611111111,-95.7167305555556,23.45,2022-04-18,Approved,,,,,,,72019,00003,https://api.waterdata.usgs.gov/ogcapi/v0/collections/latest-daily/items?parameter_code=72019&statistic_id=00003&limit=10000&f=json
USGS-303431095430003,,,,,30.5753611111111,-95.7167305555556,23.76,2022-04-18,Approved,,,,,,,72019,00003,https://api.waterdata.usgs.gov/ogcapi/v0/collections/latest-daily/items?parameter_code=72019&statistic_id=00003&limit=10000&f=json
USGS-303512086375101,,,,,30.5868609817009,-86.6307870007142,174.16,1985-09-30,Approved,,,,,,,72019,00003,https://api.waterdata.usgs.gov/ogcapi/v0/collections/latest-daily/items?parameter_code=72019&statistic_id=00003&limit=10000&f=json
USGS-303527087140001,,,,,30.5910271141762,-87.2333053247063,38.14,1955-12-30,Approved,,,,,,,72019,00003,https://api.waterdata.usgs.gov/ogcapi/v0/collections/latest-daily/items?parameter_code=72019&statistic_id=00003&limit=10000&f=json
USGS-303558087155501,,,,,30.5996379688542,-87.2652508946858,51.02,1955-12-31,Approved,,,,,,,72019,00003,https://api.waterdata.usgs.gov/ogcapi/v0/collections/latest-daily/items?parameter_code=72019&statistic_id=00003&limit=10000&f=json
USGS-303610087165001,,,,,30.6029711921444,-87.2805292595041,86.42,1955-12-31,Approved,,,,,,,72019,00003,https://api.waterdata.usgs.gov/ogcapi/v0/collections/latest-daily/items?parameter_code=72019&statistic_id=00003&limit=10000&f=json
USGS-304013095220101,,,,,30.6703055555556,-95.3671888888889,31.14,2020-09-27,Approved,,,,,,,72019,00003,https://api.waterdata.usgs.gov/ogcapi/v0/collections/latest-daily/items?parameter_code=72019&statistic_id=00003&limit=10000&f=json
USGS-304013095220102,,,,,30.6703055555556,-95.3671888888889,31.38,2021-04-06,Approved,,,,,,,72019,00003,https://api.waterdata.usgs.gov/ogcapi/v0/collections/latest-daily/items?parameter_code=72019&statistic_id=00003&limit=10000&f=json
USGS-304120092263001,,,,,30.689086126083,-92.4418002824333,100.18,2016-12-07,Approved,,,,,,,72019,00003,https://api.waterdata.usgs.gov/ogcapi/v0/collections/latest-daily/items?parameter_code=72019&statistic_id=00003&limit=10000&f=json
USGS-304313081330001,,,,,30.7205696101611,-81.5497628793032,-17.04,2026-07-06,Approved,,,,,,,72019,00003,https://api.waterdata.usgs.gov/ogcapi/v0/collections/latest-daily/items?parameter_code=72019&statistic_id=00003&limit=10000&f=json
USGS-304406081330502,,,,,30.735236134823,-81.5512076059245,-7.61,2026-08-27,Provisional,,,,,,,72019,00003,https://api.waterdata.usgs.gov/ogcapi/v0/collections/latest-daily/items?parameter_code=72019&statistic_id=00003&limit=10000&f=json
USGS-304406081330503,,,,,30.735236134823,-81.5512076059245,5.37,2026-08-27,Provisional,,,,,,,72019,00003,https://api.waterdata.usgs.gov/ogcapi/v0/collections/latest-daily/items?parameter_code=72019&statistic_id=00003&limit=10000&f=json
USGS-304406081330504,,,,,30.735,-81.5513888888889,-20.42,2026-08-27,Provisional,,,,,,,72019,00003,https://api.waterdata.usgs.gov/ogcapi/v0/collections/latest-daily/items?parameter_code=72019&statistic_id=00003&limit=10000&f=json
USGS-304406081330505,,,,,30.735,-81.5513888888889,-32.58,2026-08-27,Provisional,,,,,,,72019,00003,https://api.waterdata.usgs.gov/ogcapi/v0/collections/latest-daily/items?parameter_code=72019&statistic_id=00003&limit=10000&f=json
USGS-304510084490201,,,,,30.7528055555556,-84.8171111111111,135.03,2004-01-20,Approved,,,,,,,72019,00003,https://api.waterdata.usgs.gov/ogcapi/v0/collections/latest-daily/items?parameter_code=72019&statistic_id=00003&limit=10000&f=json
USGS-304512081343601,,,,,30.7534579505649,-81.576709114841,-11.94,2008-11-30,Approved,,,,,,,72019,00003,https://api.waterdata.usgs.gov/ogcapi/v0/collections/latest-daily/items?parameter_code=72019&statistic_id=00003&limit=10000&f=json
USGS-304558084401901,,,,,30.7661388888889,-84.6720833333333,213.08,2003-09-29,Approved,,,,,,,72019,00003,https://api.waterdata.usgs.gov/ogcapi/v0/collections/latest-daily/items?parameter_code=72019&statistic_id=00003&limit=10000&f=json
USGS-304712084395801,,,,,30.786801866415427,-84.66602504787302,23.16,2026-08-27,Provisional,,,,,,,72019,00003,https://api.waterdata.usgs.gov/ogcapi/v0/collections/latest-daily/items?parameter_code=72019&statistic_id=00003&limit=10000&f=json
USGS-304756081311101,,,,,30.7991245731617,-81.5195403650081,-27.67,2013-12-09,Approved,,,,,,,72019,00003,https://api.waterdata.usgs.gov/ogcapi/v0/collections/latest-daily/items?parameter_code=72019&statistic_id=00003&limit=10000&f=json
USGS-304806084404101,,,,,30.801861111111112,-84.67811111111112,14.08,2026-08-27,Provisional,,,,,,,72019,00003,https://api.waterdata.usgs.gov/ogcapi/v0/collections/latest-daily/items?parameter_code=72019&statistic_id=00003&limit=10000&f=json
USGS-304850081342001,,,,,30.8144294626123,-81.5715429881622,-11.86,2003-01-30,Approved,,,,,,,72019,00003,https://api.waterdata.usgs.gov/ogcapi/v0/collections/latest-daily/items?parameter_code=72019&statistic_id=00003&limit=10000&f=json
USGS-304942082213801,,,,,30.8288344472243,-82.360405481905,75.89,2026-08-27,Provisional,,,,,,,72019,00003,https://api.waterdata.usgs.gov/ogcapi/v0/collections/latest-daily/items?parameter_code=72019&statistic_id=00003&limit=10000&f=json
USGS-304943082213701,,,,,30.8288344472243,-82.360405481905,64.24,1975-09-29,Approved,,,,,,,72019,00003,https://api.waterdata.usgs.gov/ogcapi/v0/collections/latest-daily/items?parameter_code=72019&statistic_id=00003&limit=10000&f=json
USGS-304949083165301,,,,,30.831049626202436,-83.28266520523903,131.5,2026-08-27,Provisional,,,,,,,72019,00003,https://api.waterdata.usgs.gov/ogcapi/v0/collections/latest-daily/items?parameter_code=72019&statistic_id=00003&limit=10000&f=json
USGS-305001083585501,,,,,30.8339611111111,-83.9819833333333,195.23,1975-01-22,Approved,,,,,,,72019,00003,https://api.waterdata.usgs.gov/ogcapi/v0/collections/latest-daily/items?parameter_code=72019&statistic_id=00003&limit=10000&f=json
USGS-305011084510301,,,,,30.8365475262749,-84.8506888250093,20.06,2003-09-29,Approved,,,,,,,72019,00003,https://api.waterdata.usgs.gov/ogcapi/v0/collections/latest-daily/items?parameter_code=72019&statistic_id=00003&limit=10000&f=json
USGS-305018093251301,,,,,30.8385297487776,-93.4204466005869,36.89,2024-05-22,Approved,,,,,,,72019,00003,https://api.waterdata.usgs.gov/ogcapi/v0/collections/latest-daily/items?parameter_code=72019&statistic_id=00003&limit=10000&f=json
USGS-305049092164102,,,,,30.8469444444444,-92.2780555555556,26.46,2016-12-11,Approved,,,,,,,72019,00003,https://api.waterdata.usgs.gov/ogcapi/v0/collections/latest-daily/items?parameter_code=72019&statistic_id=00003&limit=10000&f=json
USGS-305110102533401,,,,,30.8528611111111,-102.892780555556,111.26,2026-08-26,Provisional,,,,,,,72019,00003,https://api.waterdata.usgs.gov/ogcapi/v0/collections/latest-daily/items?parameter_code=72019&statistic_id=00003&limit=10000&f=json
USGS-305149083172801,,,,,30.8638122106133,-83.2909859547218,94.78,1984-09-29,Approved,,,,,,,72019,00003,https://api.waterdata.usgs.gov/ogcapi/v0/collections/latest-daily/items?parameter_code=72019&statistic_id=00003&limit=10000&f=json
USGS-305235084125101,,,,,30.876604606062863,-84.2143590116952,144.24,2026-08-27,Provisional,,,,,,,72019,00003,https://api.waterdata.usgs.gov/ogcapi/v0/collections/latest-daily/items?parameter_code=72019&statistic_id=00003&limit=10000&f=json
USGS-305241083154401,,,,,30.8782571898399,-83.2620963564135,128.41,1983-09-29,Approved,,,,,,,72019,00003,https://api.waterdata.usgs.gov/ogcapi/v0/collections/latest-daily/items?parameter_code=72019&statistic_id=00003&limit=10000&f=json
USGS-305356084534601,,,,,30.89715998077112,-84.89854564828008,31.06,2026-08-27,Provisional,,,,,,,72019,00003,https://api.waterdata.usgs.gov/ogcapi/v0/collections/latest-daily/items?parameter_code=72019&statistic_id=00003&limit=10000&f=json
USGS-305519090481801,,,,,30.9221243668611,-90.8051005096481,58.62,2026-08-26,Provisional,,,,,,,72019,00003,https://api.waterdata.usgs.gov/ogcapi/v0/collections/latest-daily/items?parameter_code=72019&statistic_id=00003&limit=10000&f=json
USGS-305736084355801,,,,,30.9618537516232,-84.5960261753574,49.55,2026-08-27,Provisional,,,,,,,72019,00003,https://api.waterdata.usgs.gov/ogcapi/v0/collections/latest-daily/items?parameter_code=72019&statistic_id=00003&limit=10000&f=json
USGS-305828085350901,,,,,30.9746267135529,-85.5857661455105,16.32,1955-12-19,Approved,,,,,,,72019,00003,https://api.waterdata.usgs.gov/ogcapi/v0/collections/latest-daily/items?parameter_code=72019&statistic_id=00003&limit=10000&f=json
USGS-310007092431601,,,,,31.0021339259411,-92.7212569170544,73.81,2016-01-05,Approved,,,,,,,72019,00003,https://api.waterdata.usgs.gov/ogcapi/v0/collections/latest-daily/items?parameter_code=72019&statistic_id=00003&limit=10000&f=json
USGS-310007092431602,,,,,31.0021339259411,-92.7212569170544,30.93,2016-01-05,Approved,,,,,,,72019,00003,https://api.waterdata.usgs.gov/ogcapi/v0/collections/latest-daily/items?parameter_code=72019&statistic_id=00003&limit=10000&f=json
USGS-310410081343801,,,,,31.069675,-81.5774722222222,-15.2,2026-08-27,Provisional,,,,,,,72019,00003,https://api.waterdata.usgs.gov/ogcapi/v0/collections/latest-daily/items?parameter_code=72019&statistic_id=00003&limit=10000&f=json
USGS-310418081244701,,,,,31.0731111111111,-81.4141944444444,-17.72,2026-08-27,Provisional,,,,,,,72019,00003,https://api.waterdata.usgs.gov/ogcapi/v0/collections/latest-daily/items?parameter_code=72019&statistic_id=00003&limit=10000&f=json
USGS-310423081244901,,,,,31.0731194444444,-81.4135694444444,4.99,2014-08-11,Approved,,,,,,,72019,00003,https://api.waterdata.usgs.gov/ogcapi/v0/collections/latest-daily/items?parameter_code=72019&statistic_id=00003&limit=10000&f=json
USGS-310427084591101,,,,,31.074377278616144,-84.98632587489215,55.02,2026-08-27,Provisional,,,,,,,72019,00003,https://api.waterdata.usgs.gov/ogcapi/v0/collections/latest-daily/items?parameter_code=72019&statistic_id=00003&limit=10000&f=json
USGS-310428084310501,,,,,31.0746291744357,-84.517968311241,55.63,2026-08-27,Provisional,,,,,,,72019,00003,https://api.waterdata.usgs.gov/ogcapi/v0/collections/latest-daily/items?parameter_code=72019&statistic_id=00003&limit=10000&f=json
USGS-310428084310502,,,,,31.0746291744357,-84.517968311241,55.01,1984-09-09,Approved,,,,,,,72019,00003,https://api.waterdata.usgs.gov/ogcapi/v0/collections/latest-daily/items?parameter_code=72019&statistic_id=00003&limit=10000&f=json
USGS-310428084310503,,,,,31.0746291744357,-84.517968311241,37.76,2026-08-27,Provisional,,,,,,,72019,00003,https://api.waterdata.usgs.gov/ogcapi/v0/collections/latest-daily/items?parameter_code=72019&statistic_id=00003&limit=10000&f=json
USGS-310507084262201,,,,,31.0854625521095,-84.4393548887983,59.85,2026-08-27,Provisional,,,,,,,72019,00003,https://api.waterdata.usgs.gov/ogcapi/v0/collections/latest-daily/items?parameter_code=72019&statistic_id=00003&limit=10000&f=json
USGS-310521081251301,,,,,31.0892888888889,-81.4202,2.97,2014-08-11,Approved,,,,,,,72019,00003,https://api.waterdata.usgs.gov/ogcapi/v0/collections/latest-daily/items?parameter_code=72019&statistic_id=00003&limit=10000&f=json
USGS-310552084435601,,,,,31.0974166666667,-84.7318055555556,29.19,2007-03-25,Approved,,,,,,,72019,00003,https://api.waterdata.usgs.gov/ogcapi/v0/collections/latest-daily/items?parameter_code=72019&statistic_id=00003&limit=10000&f=json
USGS-310601081434801,,,,,31.1002777777778,-81.73,-20.23,2004-09-13,Approved,,,,,,,72019,00003,https://api.waterdata.usgs.gov/ogcapi/v0/collections/latest-daily/items?parameter_code=72019&statistic_id=00003&limit=10000&f=json
USGS-310602081423601,,,,,31.1008055555556,-81.7100277777778,-2.49,2026-08-04,Approved,,,,,,,72019,00003,https://api.waterdata.usgs.gov/ogcapi/v0/collections/latest-daily/items?parameter_code=72019&statistic_id=00003&limit=10000&f=json
USGS-310629081323301,,,,,31.1077972222222,-81.5412722222222,-7.78,2007-10-14,Approved,,,,,,,72019,00003,https://api.waterdata.usgs.gov/ogcapi/v0/collections/latest-daily/items?parameter_code=72019&statistic_id=00003&limit=10000&f=json
USGS-310646081322401,,,,,31.1131474949829,-81.5400182129895,-15,2003-01-09,Approved,,,,,,,72019,00003,https://api.waterdata.usgs.gov/ogcapi/v0/collections/latest-daily/items?parameter_code=72019&statistic_id=00003&limit=10000&f=json
USGS-310651084404501,,,,,31.1143503412086,-84.6788066351905,38.23,2026-08-27,Provisional,,,,,,,72019,00003,https://api.waterdata.usgs.gov/ogcapi/v0/collections/latest-daily/items?parameter_code=72019&statistic_id=00003&limit=10000&f=json
USGS-310706082155101,,,,,31.1185560448296,-82.2654027294249,111.15,2026-08-27,Provisional,,,,,,,72019,00003,https://api.waterdata.usgs.gov/ogcapi/v0/collections/latest-daily/items?parameter_code=72019&statistic_id=00003&limit=10000&f=json
USGS-310806092351801,,,,,31.1351864212005,-92.5884744748437,87.07,2016-01-04,Approved,,,,,,,72019,00003,https://api.waterdata.usgs.gov/ogcapi/v0/collections/latest-daily/items?parameter_code=72019&statistic_id=00003&limit=10000&f=json
USGS-310810081292801,,,,,31.1363419641936,-81.4909335603379,-5.7,2017-05-08,Approved,,,,,,,72019,00003,https://api.waterdata.usgs.gov/ogcapi/v0/collections/latest-daily/items?parameter_code=72019&statistic_id=00003&limit=10000&f=json
USGS-310810081292802,,,,,31.1363419641936,-81.4909335603379,-6.8,2017-05-08,Approved,,,,,,,72019,00003,https://api.waterdata.usgs.gov/ogcapi/v0/collections/latest-daily/items?parameter_code=72019&statistic_id=00003&limit=10000&f=json
USGS-310810081323501,,,,,31.1363414674445,-81.5428797772193,-2.85,2013-12-31,Approved,,,,,,,72019,00003,https://api.waterdata.usgs.gov/ogcapi/v0/collections/latest-daily/items?parameter_code=72019&statistic_id=00003&limit=10000&f=json
USGS-310813083260301,,,,,31.137152275415737,-83.43405816304566,184.95,2026-08-27,Provisional,,,,,,,72019,00003,https://api.waterdata.usgs.gov/ogcapi/v0/collections/latest-daily/items?parameter_code=72019&statistic_id=00003&limit=10000&f=json
USGS-310818081293701,,,,,31.1385918955515,-81.4933781300073,-6.43,2026-08-03,Approved,,,,,,,72019,00003,https://api.waterdata.usgs.gov/ogcapi/v0/collections/latest-daily/items?parameter_code=72019&statistic_id=00003&limit=10000&f=json
USGS-310818081294201,,,,,31.1395918618326,-81.4947670856546,-5.48,2026-08-03,Provisional,,,,,,,72019,00003,https://api.waterdata.usgs.gov/ogcapi/v0/collections/latest-daily/items?parameter_code=72019&statistic_id=00003&limit=10000&f=json
USGS-310822081294201,,,,,31.1387863225238,-81.4946837362945,-5.73,2026-08-27,Provisional,,,,,,,72019,00003,https://api.waterdata.usgs.gov/ogcapi/v0/collections/latest-daily/items?parameter_code=72019&statistic_id=00003&limit=10000&f=json
USGS-310825081294201,,,,,31.140483455773623,-81.49483482871744,-6.79,2026-08-27,Provisional,,,,,,,72019,00003,https://api.waterdata.usgs.gov/ogcapi/v0/collections/latest-daily/items?parameter_code=72019&statistic_id=00003&limit=10000&f=json
USGS-310830084215501,,,,,31.1418504425386,-84.365186436612,31.82,1984-09-29,Approved,,,,,,,72019,00003,https://api.waterdata.usgs.gov/ogcapi/v0/collections/latest-daily/items?parameter_code=72019&statistic_id=00003&limit=10000&f=json
USGS-310835081294501,,,,,31.1430555555556,-81.4958333333333,-27.82,2026-08-03,Approved,,,,,,,72019,00003,https://api.waterdata.usgs.gov/ogcapi/v0/collections/latest-daily/items?parameter_code=72019&statistic_id=00003&limit=10000&f=json
USGS-310835081294502,,,,,31.1430555555556,-81.4958333333333,-12.68,2026-08-03,Approved,,,,,,,72019,00003,https://api.waterdata.usgs.gov/ogcapi/v0/collections/latest-daily/items?parameter_code=72019&statistic_id=00003&limit=10000&f=json
USGS-310901081284401,,,,,31.1505362699381,-81.4785166658577,-10.35,2026-07-05,Provisional,,,,,,,72019,00003,https://api.waterdata.usgs.gov/ogcapi/v0/collections/latest-daily/items?parameter_code=72019&statistic_id=00003&limit=10000&f=json
USGS-310901081284402,,,,,31.150508490624,-81.4787111169978,1.84,2026-07-05,Provisional,,,,,,,72019,00003,https://api.waterdata.usgs.gov/ogcapi/v0/collections/latest-daily/items?parameter_code=72019&statistic_id=00003&limit=10000&f=json
USGS-310901081284403,,,,,31.150508490624,-81.4787111169978,4.16,2004-06-27,Approved,,,,,,,72019,00003,https://api.waterdata.usgs.gov/ogcapi/v0/collections/latest-daily/items?parameter_code=72019&statistic_id=00003&limit=10000&f=json
USGS-310902081284201,,,,,31.1506111111111,-81.4784444444444,2.46,2026-07-05,Provisional,,,,,,,72019,00003,https://api.waterdata.usgs.gov/ogcapi/v0/collections/latest-daily/items?parameter_code=72019&statistic_id=00003&limit=10000&f=json
USGS-310906081293201,,,,,31.1517861066751,-81.4916560569283,-3.04,2004-09-29,Approved,,,,,,,72019,00003,https://api.waterdata.usgs.gov/ogcapi/v0/collections/latest-daily/items?parameter_code=72019&statistic_id=00003&limit=10000&f=json
USGS-310913084195301,,,,,31.1548055555556,-84.3325277777778,36.16,2007-02-12,Approved,,,,,,,72019,00003,https://api.waterdata.usgs.gov/ogcapi/v0/collections/latest-daily/items?parameter_code=72019&statistic_id=00003&limit=10000&f=json
USGS-310924081295201,,,,,31.1569803867321,-81.4977952552857,-1.51,2003-01-07,Approved,,,,,,,72019,00003,https://api.waterdata.usgs.gov/ogcapi/v0/collections/latest-daily/items?parameter_code=72019&statistic_id=00003&limit=10000&f=json
USGS-310924081295202,,,,,31.1569803870279,-81.4977674764851,2.33,2003-01-07,Approved,,,,,,,72019,00003,https://api.waterdata.usgs.gov/ogcapi/v0/collections/latest-daily/items?parameter_code=72019&statistic_id=00003&limit=10000&f=json
USGS-310925081312201,,,,,31.1571745915596,-81.5226016452064,-6.25,2026-07-14,Provisional,,,,,,,72019,00003,https://api.waterdata.usgs.gov/ogcapi/v0/collections/latest-daily/items?parameter_code=72019&statistic_id=00003&limit=10000&f=json
USGS-310925081312202,,,,,31.1571745915596,-81.5226016452064,-2.88,2026-06-30,Provisional,,,,,,,72019,00003,https://api.waterdata.usgs.gov/ogcapi/v0/collections/latest-daily/items?parameter_code=72019&statistic_id=00003&limit=10000&f=json
USGS-310925081312203,,,,,31.1571745915596,-81.5226016452064,0.52,2022-09-20,Approved,,,,,,,72019,00003,https://api.waterdata.usgs.gov/ogcapi/v0/collections/latest-daily/items?parameter_code=72019&statistic_id=00003&limit=10000&f=json
USGS-310928092421401,,,,,31.1579626526383,-92.7040347979044,58.26,2015-09-29,Approved,,,,,,,72019,00003,https://api.waterdata.usgs.gov/ogcapi/v0/collections/latest-daily/items?parameter_code=72019&statistic_id=00003&limit=10000&f=json
USGS-310931081291002,,,,,31.1586111111111,-81.4861111111111,1.52,2026-08-27,Provisional,,,,,,,72019,00003,https://api.waterdata.usgs.gov/ogcapi/v0/collections/latest-daily/items?parameter_code=72019&statistic_id=00003&limit=10000&f=json
USGS-310935089252001,,,,,31.1607344946061,-89.4197870497061,268.83,1993-09-29,Approved,,,,,,,72019,00003,https://api.waterdata.usgs.gov/ogcapi/v0/collections/latest-daily/items?parameter_code=72019&statistic_id=00003&limit=10000&f=json
USGS-310938081285301,,,,,31.1606749420691,-81.4807946878916,-9.34,2013-12-31,Approved,,,,,,,72019,00003,https://api.waterdata.usgs.gov/ogcapi/v0/collections/latest-daily/items?parameter_code=72019&statistic_id=00003&limit=10000&f=json
USGS-310938081285302,,,,,31.1607027199122,-81.4807391307266,-3.14,2003-01-02,Approved,,,,,,,72019,00003,https://api.waterdata.usgs.gov/ogcapi/v0/collections/latest-daily/items?parameter_code=72019&statistic_id=00003&limit=10000&f=json
USGS-310945081295401,,,,,31.1627302701049,-81.498434260825,7.2,2003-01-09,Approved,,,,,,,72019,00003,https://api.waterdata.usgs.gov/ogcapi/v0/collections/latest-daily/items?parameter_code=72019&statistic_id=00003&limit=10000&f=json
USGS-310945081295402,,,,,31.162705063846573,-81.49844600668044,2.41,2003-01-09,Approved,,,,,,,72019,00003,https://api.waterdata.usgs.gov/ogcapi/v0/collections/latest-daily/items?parameter_code=72019&statistic_id=00003&limit=10000&f=json
USGS-310953081295901,,,,,31.1649524379966,-81.4995454490131,19.73,1988-02-02,Approved,,,,,,,72019,00003,https://api.waterdata.usgs.gov/ogcapi/v0/collections/latest-daily/items?parameter_code=72019&statistic_id=00003&limit=10000&f=json
USGS-311000081285801,,,,,31.1833416666667,-81.4830111111111,5.45,2000-12-12,Approved,,,,,,,72019,00003,https://api.waterdata.usgs.gov/ogcapi/v0/collections/latest-daily/items?parameter_code=72019&statistic_id=00003&limit=10000&f=json
USGS-311005081305701,,,,,31.1691188700829,-81.515934946876,17.71,1984-12-06,Approved,,,,,,,72019,00003,https://api.waterdata.usgs.gov/ogcapi/v0/collections/latest-daily/items?parameter_code=72019&statistic_id=00003&limit=10000&f=json
USGS-311005081305702,,,,,31.1691188700829,-81.515934946876,18.56,1986-06-24,Approved,,,,,,,72019,00003,https://api.waterdata.usgs.gov/ogcapi/v0/collections/latest-daily/items?parameter_code=72019&statistic_id=00003&limit=10000&f=json
USGS-311007081301701,,,,,31.1687300973821,-81.5044067828114,-2.36,2026-08-03,Approved,,,,,,,72019,00003,https://api.waterdata.usgs.gov/ogcapi/v0/collections/latest-daily/items?parameter_code=72019&statistic_id=00003&limit=10000&f=json
USGS-311007081301702,,,,,31.1687912073249,-81.5044067837969,-0.11,2026-08-03,Approved,,,,,,,72019,00003,https://api.waterdata.usgs.gov/ogcapi/v0/collections/latest-daily/items?parameter_code=72019&statistic_id=00003&limit=10000&f=json
USGS-311009084495502,,,,,31.1690707263248,-84.8315892299251,20.77,2015-11-09,Approved,,,,,,,72019,00003,https://api.waterdata.usgs.gov/ogcapi/v0/collections/latest-daily/items?parameter_code=72019&statistic_id=00003&limit=10000&f=json
USGS-311009084495503,,,,,31.1690707263248,-84.8315892299251,12.67,2026-08-03,Provisional,,,,,,,72019,00003,https://api.waterdata.usgs.gov/ogcapi/v0/collections/latest-daily/items?parameter_code=72019&statistic_id=00003&limit=10000&f=json
USGS-311011081293101,,,,,31.1699524259071,-81.4917674639538,4.75,2003-01-07,Approved,,,,,,,72019,00003,https://api.waterdata.usgs.gov/ogcapi/v0/collections/latest-daily/items?parameter_code=72019&statistic_id=00003&limit=10000&f=json
USGS-311016081294202,,,,,31.1713412555182,-81.4948231551932,15.73,1985-08-26,Approved,,,,,,,72019,00003,https://api.waterdata.usgs.gov/ogcapi/v0/collections/latest-daily/items?parameter_code=72019&statistic_id=00003&limit=10000&f=json
USGS-311016084435401,,,,,31.1712934957889,-84.7315859820942,35.67,1976-03-02,Approved,,,,,,,72019,00003,https://api.waterdata.usgs.gov/ogcapi/v0/collections/latest-daily/items?parameter_code=72019&statistic_id=00003&limit=10000&f=json
USGS-311018081303902,,,,,31.1718966445097,-81.5106570395526,5.45,1986-06-18,Approved,,,,,,,72019,00003,https://api.waterdata.usgs.gov/ogcapi/v0/collections/latest-daily/items?parameter_code=72019&statistic_id=00003&limit=10000&f=json
USGS-311018081303903,,,,,31.1718966445097,-81.5106570395526,36.26,1986-06-18,Approved,,,,,,,72019,00003,https://api.waterdata.usgs.gov/ogcapi/v0/collections/latest-daily/items?parameter_code=72019&statistic_id=00003&limit=10000&f=json
USGS-311018081303904,,,,,31.1718966445097,-81.5106570395526,25.5,1986-06-18,Approved,,,,,,,72019,00003,https://api.waterdata.usgs.gov/ogcapi/v0/collections/latest-daily/items?parameter_code=72019&statistic_id=00003&limit=10000&f=json
USGS-311021081302801,,,,,31.173007760593,-81.5078791882051,26.19,1988-02-22,Approved,,,,,,,72019,00003,https://api.waterdata.usgs.gov/ogcapi/v0/collections/latest-daily/items?parameter_code=72019&statistic_id=00003&limit=10000&f=json
USGS-311021081305402,,,,,31.1724521500987,-81.5148238521718,51.26,1986-06-18,Approved,,,,,,,72019,00003,https://api.waterdata.usgs.gov/ogcapi/v0/collections/latest-daily/items?parameter_code=72019&statistic_id=00003&limit=10000&f=json
USGS-311021081305403,,,,,31.1724521500987,-81.5148238521718,30.77,1986-06-18,Approved,,,,,,,72019,00003,https://api.waterdata.usgs.gov/ogcapi/v0/collections/latest-daily/items?parameter_code=72019&statistic_id=00003&limit=10000&f=json
USGS-311022081303101,,,,,31.1727299828823,-81.508434757573,24.35,1986-10-28,Approved,,,,,,,72019,00003,https://api.waterdata.usgs.gov/ogcapi/v0/collections/latest-daily/items?parameter_code=72019&statistic_id=00003&limit=10000&f=json
USGS-311022081304601,,,,,31.1727777777778,-81.5127777777778,-1.96,2025-04-21,Approved,EQUIP,,,,,,72019,00003,https://api.waterdata.usgs.gov/ogcapi/v0/collections/latest-daily/items?parameter_code=72019&statistic_id=00003&limit=10000&f=json
USGS-311022081304602,,,,,31.1727777777778,-81.5127777777778,9.19,2025-04-21,Approved,EQUIP,,,,,,72019,00003,https://api.waterdata.usgs.gov/ogcapi/v0/collections/latest-daily/items?parameter_code=72019&statistic_id=00003&limit=10000&f=json
USGS-311028081285902,,,,,31.1745277777778,-81.4832777777778,10.83,2026-08-27,Provisional,,,,,,,72019,00003,https://api.waterdata.usgs.gov/ogcapi/v0/collections/latest-daily/items?parameter_code=72019&statistic_id=00003&limit=10000&f=json
USGS-311028081311402,,,,,31.1743965074762,-81.5201018342883,32.56,1988-02-22,Approved,,,,,,,72019,00003,https://api.waterdata.usgs.gov/ogcapi/v0/collections/latest-daily/items?parameter_code=72019&statistic_id=00003&limit=10000&f=json
USGS-311036081302601,,,,,31.1768965829823,-81.5070458899733,23.62,1986-07-24,Approved,,,,,,,72019,00003,https://api.waterdata.usgs.gov/ogcapi/v0/collections/latest-daily/items?parameter_code=72019&statistic_id=00003&limit=10000&f=json
USGS-311045081323301,,,,,31.1791184343937,-81.5417692852937,2.73,2001-09-09,Approved,,,,,,,72019,00003,https://api.waterdata.usgs.gov/ogcapi/v0/collections/latest-daily/items?parameter_code=72019&statistic_id=00003&limit=10000&f=json
USGS-311059081285601,,,,,31.1829861111111,-81.4826361111111,3.07,2000-08-31,Approved,,,,,,,72019,00003,https://api.waterdata.usgs.gov/ogcapi/v0/collections/latest-daily/items?parameter_code=72019&statistic_id=00003&limit=10000&f=json
USGS-311059081285701,,,,,31.1830972222222,-81.4827083333333,4.2,2000-12-12,Approved,,,,,,,72019,00003,https://api.waterdata.usgs.gov/ogcapi/v0/collections/latest-daily/items?parameter_code=72019&statistic_id=00003&limit=10000&f=json
USGS-311059081285702,,,,,31.1831583333333,-81.4827111111111,3.95,2011-02-21,Approved,,,,,,,72019,00003,https://api.waterdata.usgs.gov/ogcapi/v0/collections/latest-daily/items?parameter_code=72019&statistic_id=00003&limit=10000&f=json
USGS-311125092252901,,,,,31.1904635344033,-92.4248577286648,5.64,2016-01-04,Approved,,,,,,,72019,00003,https://api.waterdata.usgs.gov/ogcapi/v0/collections/latest-daily/items?parameter_code=72019&statistic_id=00003&limit=10000&f=json
USGS-311127081302401,,,,,31.1916185368373,-81.5056571925769,16.71,1988-02-22,Approved,,,,,,,72019,00003,https://api.waterdata.usgs.gov/ogcapi/v0/collections/latest-daily/items?parameter_code=72019&statistic_id=00003&limit=10000&f=json
USGS-311224081403801,,,,,31.2066666666667,-81.6772222222222,-19.66,2004-10-06,Approved,,,,,,,72019,00003,https://api.waterdata.usgs.gov/ogcapi/v0/collections/latest-daily/items?parameter_code=72019&statistic_id=00003&limit=10000&f=json
USGS-311319086153601,,,,,31.2221149405558,-86.2599499960015,10.8,2026-08-26,Provisional,,,,,,,72019,00003,https://api.waterdata.usgs.gov/ogcapi/v0/collections/latest-daily/items?parameter_code=72019&statistic_id=00003&limit=10000&f=json
USGS-311327084484101,,,,,31.2247222222222,-84.8117,23.42,2007-03-25,Approved,,,,,,,72019,00003,https://api.waterdata.usgs.gov/ogcapi/v0/collections/latest-daily/items?parameter_code=72019&statistic_id=00003&limit=10000&f=json
USGS-311335084311901,,,,,31.2265703357994,-84.5218575004431,9.52,1998-02-23,Approved,,,,,,,72019,00003,https://api.waterdata.usgs.gov/ogcapi/v0/collections/latest-daily/items?parameter_code=72019&statistic_id=00003&limit=10000&f=json
USGS-311336092095901,,,,,31.2268520238199,-92.1665170443399,63.4,2016-01-04,Approved,,,,,,,72019,00003,https://api.waterdata.usgs.gov/ogcapi/v0/collections/latest-daily/items?parameter_code=72019&statistic_id=00003&limit=10000&f=json
USGS-311345081370401,,,,,31.2293945217489,-81.6176057948293,-19,1985-06-25,Approved,,,,,,,72019,00003,https://api.waterdata.usgs.gov/ogcapi/v0/collections/latest-daily/items?parameter_code=72019&statistic_id=00003&limit=10000&f=json
USGS-311353092364201,,,,,31.2338888888889,-92.6112222222222,45.63,2013-07-10,Approved,,,,,,,72019,00003,https://api.waterdata.usgs.gov/ogcapi/v0/collections/latest-daily/items?parameter_code=72019&statistic_id=00003&limit=10000&f=json
USGS-311400084295502,,,,,31.233539261483102,-84.49853368883218,43.45,2026-08-27,Provisional,,,,,,,72019,00003,https://api.waterdata.usgs.gov/ogcapi/v0/collections/latest-daily/items?parameter_code=72019&statistic_id=00003&limit=10000&f=json
USGS-311444084315201,,,,,31.2457365766961,-84.5321356031045,38.68,1981-08-12,Approved,,,,,,,72019,00003,https://api.waterdata.usgs.gov/ogcapi/v0/collections/latest-daily/items?parameter_code=72019&statistic_id=00003&limit=10000&f=json
USGS-311453090271302,,,,,31.2482316464743,-90.4537091529195,236.88,1993-09-29,Approved,,,,,,,72019,00003,https://api.waterdata.usgs.gov/ogcapi/v0/collections/latest-daily/items?parameter_code=72019&statistic_id=00003&limit=10000&f=json
USGS-311454081210503,,,,,31.2483055555556,-81.3515,18.17,2026-08-27,Provisional,,,,,,,72019,00003,https://api.waterdata.usgs.gov/ogcapi/v0/collections/latest-daily/items?parameter_code=72019&statistic_id=00003&limit=10000&f=json
USGS-311456081210501,,,,,31.2488333333333,-81.3514166666667,6.71,2026-08-03,Provisional,,,,,,,72019,00003,https://api.waterdata.usgs.gov/ogcapi/v0/collections/latest-daily/items?parameter_code=72019&statistic_id=00003&limit=10000&f=json
USGS-311456081210503,,,,,31.2483888888889,-81.3514722222222,13.22,2026-08-03,Provisional,,,,,,,72019,00003,https://api.waterdata.usgs.gov/ogcapi/v0/collections/latest-daily/items?parameter_code=72019&statistic_id=00003&limit=10000&f=json
USGS-311456081210504,,,,,31.2488888888889,-81.3513888888889,13.75,2017-06-25,Approved,,,,,,,72019,00003,https://api.waterdata.usgs.gov/ogcapi/v0/collections/latest-daily/items?parameter_code=72019&statistic_id=00003&limit=10000&f=json
USGS-311530081363901,,,,,31.2585606249576,-81.6106615271985,-7.85,2026-08-02,Approved,,,,,,,72019,00003,https://api.waterdata.usgs.gov/ogcapi/v0/collections/latest-daily/items?parameter_code=72019&statistic_id=00003&limit=10000&f=json
USGS-311530081363904,,,,,31.2585606249576,-81.6106615271985,-0.45,2026-08-02,Approved,,,,,,,72019,00003,https://api.waterdata.usgs.gov/ogcapi/v0/collections/latest-daily/items?parameter_code=72019&statistic_id=00003&limit=10000&f=json
USGS-311539084173101,,,,,31.2610144545277,-84.2918522363802,30.88,1981-09-15,Approved,,,,,,,72019,00003,https://api.waterdata.usgs.gov/ogcapi/v0/collections/latest-daily/items?parameter_code=72019&statistic_id=00003&limit=10000&f=json
USGS-311633081324001,,,,,31.2760607438515,-81.5442708131051,-3.16,2014-12-09,Approved,,,,,,,72019,00003,https://api.waterdata.usgs.gov/ogcapi/v0/collections/latest-daily/items?parameter_code=72019&statistic_id=00003&limit=10000&f=json
USGS-311633081324101,,,,,31.2760607413609,-81.5445485994615,2.96,1981-01-26,Approved,,,,,,,72019,00003,https://api.waterdata.usgs.gov/ogcapi/v0/collections/latest-daily/items?parameter_code=72019&statistic_id=00003&limit=10000&f=json
USGS-311647084173801,,,,,31.2798333333333,-84.2939166666667,47.51,2026-08-27,Provisional,,,,,,,72019,00003,https://api.waterdata.usgs.gov/ogcapi/v0/collections/latest-daily/items?parameter_code=72019&statistic_id=00003&limit=10000&f=json
USGS-311647084173803,,,,,31.2798055555556,-84.2939722222222,47.86,2026-08-27,Provisional,,,,,,,72019,00003,https://api.waterdata.usgs.gov/ogcapi/v0/collections/latest-daily/items?parameter_code=72019&statistic_id=00003&limit=10000&f=json
USGS-311711081283002,,,,,31.2866166376515,-81.4748241601303,17.19,2026-07-05,Approved,,,,,,,72019,00003,https://api.waterdata.usgs.gov/ogcapi/v0/collections/latest-daily/items?parameter_code=72019&statistic_id=00003&limit=10000&f=json
USGS-311711081283003,,,,,31.2866166376515,-81.4748241601303,6.79,2003-01-02,Approved,,,,,,,72019,00003,https://api.waterdata.usgs.gov/ogcapi/v0/collections/latest-daily/items?parameter_code=72019&statistic_id=00003&limit=10000&f=json
USGS-311727092270901,,,,,31.2910163276079,-92.4526371327206,138.17,2015-09-30,Approved,,,,,,,72019,00003,https://api.waterdata.usgs.gov/ogcapi/v0/collections/latest-daily/items?parameter_code=72019&statistic_id=00003&limit=10000&f=json
USGS-311802084192301,,,,,31.3007355539955,-84.3229642815489,48.08,2026-08-27,Provisional,,,,,,,72019,00003,https://api.waterdata.usgs.gov/ogcapi/v0/collections/latest-daily/items?parameter_code=72019&statistic_id=00003&limit=10000&f=json
USGS-311802084192302,,,,,31.3007355539955,-84.3229642815489,45.95,2018-08-08,Approved,,,,,,,72019,00003,https://api.waterdata.usgs.gov/ogcapi/v0/collections/latest-daily/items?parameter_code=72019&statistic_id=00003&limit=10000&f=json
USGS-311802084192303,,,,,31.3007355539955,-84.3229642815489,36.5,2008-04-30,Approved,,,,,,,72019,00003,https://api.waterdata.usgs.gov/ogcapi/v0/collections/latest-daily/items?parameter_code=72019&statistic_id=00003&limit=10000&f=json
USGS-311909081281101,,,,,31.3193934608454,-81.4695466250132,6.5,2017-06-27,Approved,,,,,,,72019,00003,https://api.waterdata.usgs.gov/ogcapi/v0/collections/latest-daily/items?parameter_code=72019&statistic_id=00003&limit=10000&f=json
USGS-311909081281102,,,,,31.3193934608454,-81.4695466250132,17.14,2017-06-27,Approved,,,,,,,72019,00003,https://api.waterdata.usgs.gov/ogcapi/v0/collections/latest-daily/items?parameter_code=72019&statistic_id=00003&limit=10000&f=json
USGS-311909081281103,,,,,31.3193934608454,-81.4695466250132,6.57,2026-08-02,Approved,,,,,,,72019,00003,https://api.waterdata.usgs.gov/ogcapi/v0/collections/latest-daily/items?parameter_code=72019&statistic_id=00003&limit=10000&f=json
USGS-312039110080101,,,,,31.34461111111111,-110.13430555555556,19.18,2026-08-22,Provisional,,,,,,,72019,00003,https://api.waterdata.usgs.gov/ogcapi/v0/collections/latest-daily/items?parameter_code=72019&statistic_id=00003&limit=10000&f=json
USGS-312044110141901,,,,,31.345655555555556,-110.23956666666666,38.72,2026-08-26,Provisional,,,,,,,72019,00003,https://api.waterdata.usgs.gov/ogcapi/v0/collections/latest-daily/items?parameter_code=72019&statistic_id=00003&limit=10000&f=json
USGS-312115089193601,,,,,31.3543400367447,-89.3267290377481,36.23,1993-08-16,Approved,,,,,,,72019,00003,https://api.waterdata.usgs.gov/ogcapi/v0/collections/latest-daily/items?parameter_code=72019&statistic_id=00003&limit=10000&f=json
USGS-312119084215601,,,,,31.3555833333333,-84.3658055555556,22.84,2007-03-25,Approved,,,,,,,72019,00003,https://api.waterdata.usgs.gov/ogcapi/v0/collections/latest-daily/items?parameter_code=72019&statistic_id=00003&limit=10000&f=json
USGS-312127084065801,,,,,31.3582351211118,-84.1157379366092,58.17,2026-08-27,Provisional,,,,,,,72019,00003,https://api.waterdata.usgs.gov/ogcapi/v0/collections/latest-daily/items?parameter_code=72019&statistic_id=00003&limit=10000&f=json
USGS-312131084314101,,,,,31.3587893758912,-84.5279687965746,18.24,1981-08-18,Approved,,,,,,,72019,00003,https://api.waterdata.usgs.gov/ogcapi/v0/collections/latest-daily/items?parameter_code=72019&statistic_id=00003&limit=10000&f=json
USGS-312207110070701,,,,,31.3689111111111,-110.119294444444,17.84,2026-04-20,Approved,,,,,,,72019,00003,https://api.waterdata.usgs.gov/ogcapi/v0/collections/latest-daily/items?parameter_code=72019&statistic_id=00003&limit=10000&f=json
USGS-312207110070702,,,,,31.3689055555556,-110.119294444444,16.3,2018-01-09,Approved,,,,,,,72019,00003,https://api.waterdata.usgs.gov/ogcapi/v0/collections/latest-daily/items?parameter_code=72019&statistic_id=00003&limit=10000&f=json
USGS-312208110070501,,,,,31.3690555555556,-110.118780555556,8.72,2026-04-20,Approved,,,,,,,72019,00003,https://api.waterdata.usgs.gov/ogcapi/v0/collections/latest-daily/items?parameter_code=72019&statistic_id=00003&limit=10000&f=json
USGS-312214110071601,,,,,31.3707,-110.12213888888888,19.78,2026-04-20,Approved,,,,,,,72019,00003,https://api.waterdata.usgs.gov/ogcapi/v0/collections/latest-daily/items?parameter_code=72019&statistic_id=00003&limit=10000&f=json
USGS-312214110071602,,,,,31.37070277777778,-110.12211944444444,19.08,2026-04-20,Approved,,,,,,,72019,00003,https://api.waterdata.usgs.gov/ogcapi/v0/collections/latest-daily/items?parameter_code=72019&statistic_id=00003&limit=10000&f=json
USGS-312232084391701,,,,,31.3773996101621,-84.6546390758516,8.67,2026-08-27,Provisional,,,,,,,72019,00003,https://api.waterdata.usgs.gov/ogcapi/v0/collections/latest-daily/items?parameter_code=72019&statistic_id=00003&limit=10000&f=json
USGS-312237084391701,,,,,31.3770277777778,-84.6547222222222,34.02,2026-08-02,Provisional,,,,,,,72019,00003,https://api.waterdata.usgs.gov/ogcapi/v0/collections/latest-daily/items?parameter_code=72019&statistic_id=00003&limit=10000&f=json
USGS-312339092094501,,,,,31.3943469671194,-92.1626301979754,74.59,2016-01-04,Approved,,,,,,,72019,00003,https://api.waterdata.usgs.gov/ogcapi/v0/collections/latest-daily/items?parameter_code=72019&statistic_id=00003&limit=10000&f=json
USGS-312446081271203,,,,,31.4130018045362,-81.4531583249979,29.03,2026-08-02,Provisional,,,,,,,72019,00003,https://api.waterdata.usgs.gov/ogcapi/v0/collections/latest-daily/items?parameter_code=72019&statistic_id=00003&limit=10000&f=json
USGS-312558097435201,,,,,31.4329424743191,-97.7314106338819,459.42,2005-09-12,Approved,,,,,,,72019,00003,https://api.waterdata.usgs.gov/ogcapi/v0/collections/latest-daily/items?parameter_code=72019&statistic_id=00003&limit=10000&f=json
USGS-312617084110701,,,,,31.43825,-84.1850277777778,46.11,2026-08-27,Provisional,,,,,,,72019,00003,https://api.waterdata.usgs.gov/ogcapi/v0/collections/latest-daily/items?parameter_code=72019&statistic_id=00003&limit=10000&f=json
USGS-312630110063501,,,,,31.43975,-110.10828055555555,-5.13,2026-04-06,Approved,,,,,,,72019,00003,https://api.waterdata.usgs.gov/ogcapi/v0/collections/latest-daily/items?parameter_code=72019&statistic_id=00003&limit=10000&f=json
USGS-312642110063701,,,,,31.4452305555556,-110.110922222222,13.13,2026-08-26,Provisional,,,,,,,72019,00003,https://api.waterdata.usgs.gov/ogcapi/v0/collections/latest-daily/items?parameter_code=72019&statistic_id=00003&limit=10000&f=json
USGS-312642110063702,,,,,31.4451861111111,-110.110927777778,15.4,2026-06-14,Provisional,,,,,,,72019,00003,https://api.waterdata.usgs.gov/ogcapi/v0/collections/latest-daily/items?parameter_code=72019&statistic_id=00003&limit=10000&f=json
USGS-312644084123701,,,,,31.446,-84.2104444444444,42.54,1995-08-27,Approved,,,,,,,72019,00003,https://api.waterdata.usgs.gov/ogcapi/v0/collections/latest-daily/items?parameter_code=72019&statistic_id=00003&limit=10000&f=json
USGS-312645084123701,,,,,31.4458333333333,-84.2102777777778,39.67,1996-04-08,Approved,,,,,,,72019,00003,https://api.waterdata.usgs.gov/ogcapi/v0/collections/latest-daily/items?parameter_code=72019&statistic_id=00003&limit=10000&f=json
USGS-312653110061401,,,,,31.44397222222222,-110.10739722222222,-4.75,2026-01-28,Approved,,,,,,,72019,00003,https://api.waterdata.usgs.gov/ogcapi/v0/collections/latest-daily/items?parameter_code=72019&statistic_id=00003&limit=10000&f=json
USGS-312654084210102,,,,,31.4485094083323,-84.350187827101,24.63,2005-03-26,Approved,,,,,,,72019,00003,https://api.waterdata.usgs.gov/ogcapi/v0/collections/latest-daily/items?parameter_code=72019&statistic_id=00003&limit=10000&f=json
USGS-312654084210103,,,,,31.4485094083323,-84.350187827101,84.08,2013-12-31,Approved,,,,,,,72019,00003,https://api.waterdata.usgs.gov/ogcapi/v0/collections/latest-daily/items?parameter_code=72019&statistic_id=00003&limit=10000&f=json
USGS-312701084124901,,,,,31.4504540461441,-84.2135188712258,46.38,1989-07-25,Approved,,,,,,,72019,00003,https://api.waterdata.usgs.gov/ogcapi/v0/collections/latest-daily/items?parameter_code=72019&statistic_id=00003&limit=10000&f=json
USGS-312703084071501,,,,,31.4512881808854,-84.1210170817454,26.18,1983-05-10,Approved,,,,,,,72019,00003,https://api.waterdata.usgs.gov/ogcapi/v0/collections/latest-daily/items?parameter_code=72019&statistic_id=00003&limit=10000&f=json
USGS-312704084071601,,,,,31.4512881808854,-84.1210170817454,25.29,2016-01-18,Approved,,,,,,,72019,00003,https://api.waterdata.usgs.gov/ogcapi/v0/collections/latest-daily/items?parameter_code=72019&statistic_id=00003&limit=10000&f=json
USGS-312705084410301,,,,,31.4513888888889,-84.6841666666667,27.66,2026-04-07,Provisional,,,,,,,72019,00003,https://api.waterdata.usgs.gov/ogcapi/v0/collections/latest-daily/items?parameter_code=72019&statistic_id=00003&limit=10000&f=json
USGS-312709084161701,,,,,31.4490555555556,-84.2676111111111,13.6,2005-07-06,Approved,,,,,,,72019,00003,https://api.waterdata.usgs.gov/ogcapi/v0/collections/latest-daily/items?parameter_code=72019&statistic_id=00003&limit=10000&f=json
USGS-312711083293101,,,,,31.4531027777778,-83.4918388888889,129.48,2026-08-09,Provisional,,,,,,,72019,00003,https://api.waterdata.usgs.gov/ogcapi/v0/collections/latest-daily/items?parameter_code=72019&statistic_id=00003&limit=10000&f=json
USGS-312711083293102,,,,,31.4531027777778,-83.4918388888889,38.59,2009-07-28,Approved,,,,,,,72019,00003,https://api.waterdata.usgs.gov/ogcapi/v0/collections/latest-daily/items?parameter_code=72019&statistic_id=00003&limit=10000&f=json
USGS-312712082593301,,,,,31.4535188180285,-83.492385584175,146.44,2026-08-27,Provisional,,,,,,,72019,00003,https://api.waterdata.usgs.gov/ogcapi/v0/collections/latest-daily/items?parameter_code=72019&statistic_id=00003&limit=10000&f=json
USGS-312714081524801,,,,,31.4554959934618,-81.8812246828867,27.48,1987-01-20,Approved,,,,,,,72019,00003,https://api.waterdata.usgs.gov/ogcapi/v0/collections/latest-daily/items?parameter_code=72019&statistic_id=00003&limit=10000&f=json
USGS-312716083304801,,,,,31.454073929934,-83.5132197158247,142.32,1986-11-19,Approved,,,,,,,72019,00003,https://api.waterdata.usgs.gov/ogcapi/v0/collections/latest-daily/items?parameter_code=72019&statistic_id=00003&limit=10000&f=json
USGS-312716110063202,,,,,31.4545333333333,-110.109697222222,4.4,2018-01-09,Approved,,,,,,,72019,00003,https://api.waterdata.usgs.gov/ogcapi/v0/collections/latest-daily/items?parameter_code=72019&statistic_id=00003&limit=10000&f=json
USGS-312716110063302,,,,,31.4546722222222,-110.109930555556,5.88,2018-01-09,Approved,,,,,,,72019,00003,https://api.waterdata.usgs.gov/ogcapi/v0/collections/latest-daily/items?parameter_code=72019&statistic_id=00003&limit=10000&f=json
USGS-312717110063501,,,,,31.4547777777778,-110.110519444444,10.91,2026-04-05,Approved,,,,,,,72019,00003,https://api.waterdata.usgs.gov/ogcapi/v0/collections/latest-daily/items?parameter_code=72019&statistic_id=00003&limit=10000&f=json
USGS-312827084551501,,,,,31.47353291480748,-84.92104591195556,193.73,2026-08-27,Provisional,,,,,,,72019,00003,https://api.waterdata.usgs.gov/ogcapi/v0/collections/latest-daily/items?parameter_code=72019&statistic_id=00003&limit=10000&f=json
USGS-312827084551503,,,,,31.4735062138002,-84.9207579585405,75.8,2026-08-27,Provisional,,,,,,,72019,00003,https://api.waterdata.usgs.gov/ogcapi/v0/collections/latest-daily/items?parameter_code=72019&statistic_id=00003&limit=10000&f=json
USGS-312853084275101,,,,,31.48158799444606,-84.46408802841125,23.07,2026-08-27,Provisional,,,,,,,72019,00003,https://api.waterdata.usgs.gov/ogcapi/v0/collections/latest-daily/items?parameter_code=72019&statistic_id=00003&limit=10000&f=json
USGS-312853110070401,,,,,31.4814388888889,-110.118638888889,5.09,2022-01-31,Approved,,,,,,,72019,00003,https://api.waterdata.usgs.gov/ogcapi/v0/collections/latest-daily/items?parameter_code=72019&statistic_id=00003&limit=10000&f=json
USGS-312859110070601,,,,,31.4832611111111,-110.118688888889,3.52,2026-04-05,Approved,,,,,,,72019,00003,https://api.waterdata.usgs.gov/ogcapi/v0/collections/latest-daily/items?parameter_code=72019&statistic_id=00003&limit=10000&f=json
USGS-312900110071001,,,,,31.4833194444444,-110.119966666667,5.38,2026-04-05,Approved,,,,,,,72019,00003,https://api.waterdata.usgs.gov/ogcapi/v0/collections/latest-daily/items?parameter_code=72019&statistic_id=00003&limit=10000&f=json
USGS-312905084153901,,,,,31.4848972213228,-84.2585199994037,33.77,1980-09-15,Approved,,,,,,,72019,00003,https://api.waterdata.usgs.gov/ogcapi/v0/collections/latest-daily/items?parameter_code=72019&statistic_id=00003&limit=10000&f=json
USGS-312917084123001,,,,,31.4881111111111,-84.20825,39.72,1989-07-25,Approved,,,,,,,72019,00003,https://api.waterdata.usgs.gov/ogcapi/v0/collections/latest-daily/items?parameter_code=72019&statistic_id=00003&limit=10000&f=json
USGS-312919084153801,,,,,31.4873055555556,-84.2583333333333,37.13,2026-08-27,Provisional,,,,,,,72019,00003,https://api.waterdata.usgs.gov/ogcapi/v0/collections/latest-daily/items?parameter_code=72019&statistic_id=00003&limit=10000&f=json
USGS-312947084092201,,,,,31.496361111111113,-84.15611111111112,27.42,2026-08-27,Provisional,,,,,,,72019,00003,https://api.waterdata.usgs.gov/ogcapi/v0/collections/latest-daily/items?parameter_code=72019&statistic_id=00003&limit=10000&f=json
USGS-312950084131801,,,,,31.4975833333333,-84.2215277777778,24.06,2014-07-28,Approved,,,,,,,72019,00003,https://api.waterdata.usgs.gov/ogcapi/v0/collections/latest-daily/items?parameter_code=72019&statistic_id=00003&limit=10000&f=json
USGS-312950084131802,,,,,31.4973971296181,-84.2215750337159,33.39,1997-09-17,Approved,,,,,,,72019,00003,https://api.waterdata.usgs.gov/ogcapi/v0/collections/latest-daily/items?parameter_code=72019&statistic_id=00003&limit=10000&f=json
USGS-313000084100301,,,,,31.500138888888888,-84.16741666666667,40.23,2026-08-27,Provisional,,,,,,,72019,00003,https://api.waterdata.usgs.gov/ogcapi/v0/collections/latest-daily/items?parameter_code=72019&statistic_id=00003&limit=10000&f=json
USGS-313014084112201,,,,,31.5040277777778,-84.1897777777778,57.47,2000-07-09,Approved,,,,,,,72019,00003,https://api.waterdata.usgs.gov/ogcapi/v0/collections/latest-daily/items?parameter_code=72019&statistic_id=00003&limit=10000&f=json
USGS-313019084104601,,,,,31.5053888888889,-84.1795277777778,35.3,2013-12-12,Approved,,,,,,,72019,00003,https://api.waterdata.usgs.gov/ogcapi/v0/collections/latest-daily/items?parameter_code=72019&statistic_id=00003&limit=10000&f=json
USGS-313019084104603,,,,,31.5053888888889,-84.1795277777778,29.31,2005-08-30,Approved,,,,,,,72019,00003,https://api.waterdata.usgs.gov/ogcapi/v0/collections/latest-daily/items?parameter_code=72019&statistic_id=00003&limit=10000&f=json
USGS-313026084121901,,,,,31.5071944444444,-84.2051944444444,23.77,2013-11-05,Approved,,,,,,,72019,00003,https://api.waterdata.usgs.gov/ogcapi/v0/collections/latest-daily/items?parameter_code=72019&statistic_id=00003&limit=10000&f=json
USGS-313031084005901,,,,,31.5087877377932,-84.016293661539,71.84,2005-01-18,Approved,,,,,,,72019,00003,https://api.waterdata.usgs.gov/ogcapi/v0/collections/latest-daily/items?parameter_code=72019&statistic_id=00003&limit=10000&f=json
USGS-313040084125901,,,,,31.51161111111111,-84.20919444444445,34.64,2026-08-27,Provisional,,,,,,,72019,00003,https://api.waterdata.usgs.gov/ogcapi/v0/collections/latest-daily/items?parameter_code=72019&statistic_id=00003&limit=10000&f=json
USGS-313055081521901,,,,,31.5174390255579,-81.8720582475273,26.33,1987-01-19,Approved,,,,,,,72019,00003,https://api.waterdata.usgs.gov/ogcapi/v0/collections/latest-daily/items?parameter_code=72019&statistic_id=00003&limit=10000&f=json
USGS-313105084064202,,,,,31.5182311114157,-84.1118509711431,100.1,2014-01-27,Approved,,,,,,,72019,00003,https://api.waterdata.usgs.gov/ogcapi/v0/collections/latest-daily/items?parameter_code=72019&statistic_id=00003&limit=10000&f=json
USGS-313105084064301,,,,,31.5182311114157,-84.1118509711431,65.02,2014-01-27,Approved,,,,,,,72019,00003,https://api.waterdata.usgs.gov/ogcapi/v0/collections/latest-daily/items?parameter_code=72019&statistic_id=00003&limit=10000&f=json
USGS-313105084064302,,,,,31.5182311114157,-84.1118509711431,41.05,2014-01-08,Approved,,,,,,,72019,00003,https://api.waterdata.usgs.gov/ogcapi/v0/collections/latest-daily/items?parameter_code=72019&statistic_id=00003&limit=10000&f=json
USGS-313105110074501,,,,,31.5196,-110.12963888888888,16.12,2026-08-26,Provisional,,,,,,,72019,00003,https://api.waterdata.usgs.gov/ogcapi/v0/collections/latest-daily/items?parameter_code=72019&statistic_id=00003&limit=10000&f=json
USGS-313108110075202,,,,,31.51913888888889,-110.13175277777778,3.73,2026-04-01,Approved,,,,,,,72019,00003,https://api.waterdata.usgs.gov/ogcapi/v0/collections/latest-daily/items?parameter_code=72019&statistic_id=00003&limit=10000&f=json
USGS-313130084101001,,,,,31.5260833333333,-84.1695555555556,20.82,2014-01-07,Approved,,,,,,,72019,00003,https://api.waterdata.usgs.gov/ogcapi/v0/collections/latest-daily/items?parameter_code=72019&statistic_id=00003&limit=10000&f=json
USGS-313146083491601,,,,,31.529641801176233,-83.82101352670138,223.15,2026-08-27,Provisional,,,,,,,72019,00003,https://api.waterdata.usgs.gov/ogcapi/v0/collections/latest-daily/items?parameter_code=72019&statistic_id=00003&limit=10000&f=json
USGS-313212084135701,,,,,31.5369277777778,-84.2325638888889,19.7,1993-07-26,Approved,,,,,,,72019,00003,https://api.waterdata.usgs.gov/ogcapi/v0/collections/latest-daily/items?parameter_code=72019&statistic_id=00003&limit=10000&f=json
USGS-313213084132001,,,,,31.5371186043535,-84.222130956338,22.88,1993-07-26,Approved,,,,,,,72019,00003,https://api.waterdata.usgs.gov/ogcapi/v0/collections/latest-daily/items?parameter_code=72019&statistic_id=00003&limit=10000&f=json
USGS-313234084134801,,,,,31.5427777777778,-84.23,13.65,1993-07-26,Approved,,,,,,,72019,00003,https://api.waterdata.usgs.gov/ogcapi/v0/collections/latest-daily/items?parameter_code=72019&statistic_id=00003&limit=10000&f=json
USGS-313234084135401,,,,,31.5429517404648,-84.2315756391782,13.43,1993-04-26,Approved,,,,,,,72019,00003,https://api.waterdata.usgs.gov/ogcapi/v0/collections/latest-daily/items?parameter_code=72019&statistic_id=00003&limit=10000&f=json
USGS-313241084135301,,,,,31.5448961524388,-84.2312978742144,7.16,1991-12-02,Approved,,,,,,,72019,00003,https://api.waterdata.usgs.gov/ogcapi/v0/collections/latest-daily/items?parameter_code=72019&statistic_id=00003&limit=10000&f=json
USGS-313242084140401,,,,,31.5451738953545,-84.2343534929572,5.58,1994-04-05,Approved,,,,,,,72019,00003,https://api.waterdata.usgs.gov/ogcapi/v0/collections/latest-daily/items?parameter_code=72019&statistic_id=00003&limit=10000&f=json
USGS-313243084140501,,,,,31.5454516653877,-84.2346312789007,10.46,1993-07-25,Approved,,,,,,,72019,00003,https://api.waterdata.usgs.gov/ogcapi/v0/collections/latest-daily/items?parameter_code=72019&statistic_id=00003&limit=10000&f=json
USGS-313244084032701,,,,,31.5457311693661,-84.057405541123,40.93,1998-02-19,Approved,,,,,,,72019,00003,https://api.waterdata.usgs.gov/ogcapi/v0/collections/latest-daily/items?parameter_code=72019&statistic_id=00003&limit=10000&f=json
USGS-313246084105601,,,,,31.5452777777778,-84.1825,39.55,1985-06-21,Approved,,,,,,,72019,00003,https://api.waterdata.usgs.gov/ogcapi/v0/collections/latest-daily/items?parameter_code=72019&statistic_id=00003&limit=10000&f=json
USGS-313247084005001,,,,,31.5465649149508,-84.0137935630656,62.3,2026-08-27,Provisional,,,,,,,72019,00003,https://api.waterdata.usgs.gov/ogcapi/v0/collections/latest-daily/items?parameter_code=72019&statistic_id=00003&limit=10000&f=json
USGS-313253081433501,,,,,31.5479966839396,-81.7265013643054,-47.74,2026-08-02,Approved,,,,,,,72019,00003,https://api.waterdata.usgs.gov/ogcapi/v0/collections/latest-daily/items?parameter_code=72019&statistic_id=00003&limit=10000&f=json
USGS-313253081433502,,,,,31.5479966839396,-81.7265013643054,64.58,2026-08-02,Provisional,,,,,,,72019,00003,https://api.waterdata.usgs.gov/ogcapi/v0/collections/latest-daily/items?parameter_code=72019&statistic_id=00003&limit=10000&f=json
USGS-313253081433503,,,,,31.5479966839396,-81.7265013643054,56.54,2026-08-02,Provisional,,,,,,,72019,00003,https://api.waterdata.usgs.gov/ogcapi/v0/collections/latest-daily/items?parameter_code=72019&statistic_id=00003&limit=10000&f=json
USGS-313253081433504,,,,,31.5479966839396,-81.7265013643054,43.95,2026-08-02,Provisional,,,,,,,72019,00003,https://api.waterdata.usgs.gov/ogcapi/v0/collections/latest-daily/items?parameter_code=72019&statistic_id=00003&limit=10000&f=json
USGS-313256091214201,,,,,31.5318334323305,-91.370391842287,56.38,1993-07-17,Approved,,,,,,,72019,00003,https://api.waterdata.usgs.gov/ogcapi/v0/collections/latest-daily/items?parameter_code=72019&statistic_id=00003&limit=10000&f=json
USGS-313300084124302,,,,,31.5498055555556,-84.2113055555556,28.4,1987-05-05,Approved,,,,,,,72019,00003,https://api.waterdata.usgs.gov/ogcapi/v0/collections/latest-daily/items?parameter_code=72019&statistic_id=00003&limit=10000&f=json
USGS-313302084120301,,,,,31.5505555555556,-84.1997222222222,8.79,2005-08-14,Approved,,,,,,,72019,00003,https://api.waterdata.usgs.gov/ogcapi/v0/collections/latest-daily/items?parameter_code=72019&statistic_id=00003&limit=10000&f=json
USGS-313309110094301,,,,,31.554,-110.145719444444,28.55,2020-01-02,Approved,,,,,,,72019,00003,https://api.waterdata.usgs.gov/ogcapi/v0/collections/latest-daily/items?parameter_code=72019&statistic_id=00003&limit=10000&f=json
USGS-313310110081702,,,,,31.553008333333334,-110.13860277777779,4.11,2026-04-01,Approved,,,,,,,72019,00003,https://api.waterdata.usgs.gov/ogcapi/v0/collections/latest-daily/items?parameter_code=72019&statistic_id=00003&limit=10000&f=json
USGS-313312110082301,,,,,31.5534288075059,-110.14035624874,10.61,2026-08-26,Provisional,,,,,,,72019,00003,https://api.waterdata.usgs.gov/ogcapi/v0/collections/latest-daily/items?parameter_code=72019&statistic_id=00003&limit=10000&f=json
USGS-313312110082302,,,,,31.5534288075059,-110.14035624874,10.36,2026-02-01,Provisional,,,,,,,72019,00003,https://api.waterdata.usgs.gov/ogcapi/v0/collections/latest-daily/items?parameter_code=72019&statistic_id=00003&limit=10000&f=json
USGS-313312110082303,,,,,31.5534288075059,-110.14035624874,5.02,2026-02-01,Provisional,,,,,,,72019,00003,https://api.waterdata.usgs.gov/ogcapi/v0/collections/latest-daily/items?parameter_code=72019&statistic_id=00003&limit=10000&f=json
USGS-313312110082501,,,,,31.5534288064913,-110.140911811176,4.73,2026-01-26,Approved,,,,,,,72019,00003,https://api.waterdata.usgs.gov/ogcapi/v0/collections/latest-daily/items?parameter_code=72019&statistic_id=00003&limit=10000&f=json
USGS-313312110082502,,,,,31.5534288064913,-110.140911811176,9.09,2026-01-26,Approved,,,,,,,72019,00003,https://api.waterdata.usgs.gov/ogcapi/v0/collections/latest-daily/items?parameter_code=72019&statistic_id=00003&limit=10000&f=json
USGS-313330091223702,,,,,31.5601664036347,-91.3915038391373,227.84,1993-08-11,Approved,,,,,,,72019,00003,https://api.waterdata.usgs.gov/ogcapi/v0/collections/latest-daily/items?parameter_code=72019&statistic_id=00003&limit=10000&f=json
USGS-313339084053701,,,,,31.5610083331204,-84.0935174080963,22.41,1998-02-19,Approved,,,,,,,72019,00003,https://api.waterdata.usgs.gov/ogcapi/v0/collections/latest-daily/items?parameter_code=72019&statistic_id=00003&limit=10000&f=json
USGS-313415084475201,,,,,31.5716944444444,-84.7979722222222,8.44,2007-03-25,Approved,,,,,,,72019,00003,https://api.waterdata.usgs.gov/ogcapi/v0/collections/latest-daily/items?parameter_code=72019&statistic_id=00003&limit=10000&f=json
USGS-313440084181402,,,,,31.5779507533697,-84.3037995061876,1.19,1996-04-08,Approved,,,,,,,72019,00003,https://api.waterdata.usgs.gov/ogcapi/v0/collections/latest-daily/items?parameter_code=72019&statistic_id=00003&limit=10000&f=json
USGS-313440084181403,,,,,31.5779507533697,-84.3037995061876,0.81,1996-04-08,Approved,,,,,,,72019,00003,https://api.waterdata.usgs.gov/ogcapi/v0/collections/latest-daily/items?parameter_code=72019&statistic_id=00003&limit=10000&f=json
USGS-313440084181404,,,,,31.5779507533697,-84.3037995061876,1.59,1996-04-08,Approved,,,,,,,72019,00003,https://api.waterdata.usgs.gov/ogcapi/v0/collections/latest-daily/items?parameter_code=72019&statistic_id=00003&limit=10000&f=json
USGS-313450084091801,,,,,31.580751769399466,-84.15491218272186,41,2014-01-08,Approved,,,,,,,72019,00003,https://api.waterdata.usgs.gov/ogcapi/v0/collections/latest-daily/items?parameter_code=72019&statistic_id=00003&limit=10000&f=json
USGS-313457081544701,,,,,31.5827142846981,-81.9128923931854,74.85,1977-01-06,Approved,,,,,,,72019,00003,https://api.waterdata.usgs.gov/ogcapi/v0/collections/latest-daily/items?parameter_code=72019&statistic_id=00003&limit=10000&f=json
USGS-313511084085211,,,,,31.5865629066076,-84.1476853253295,29.01,1992-01-08,Approved,,,,,,,72019,00003,https://api.waterdata.usgs.gov/ogcapi/v0/collections/latest-daily/items?parameter_code=72019&statistic_id=00003&limit=10000&f=json
USGS-313521084051001,,,,,31.58936259973819,-84.08602125915509,34.38,2026-06-25,Approved,,,,,,,72019,00003,https://api.waterdata.usgs.gov/ogcapi/v0/collections/latest-daily/items?parameter_code=72019&statistic_id=00003&limit=10000&f=json
USGS-313530084203202,,,,,31.5918391883821,-84.3426892524608,16.16,2005-03-28,Approved,,,,,,,72019,00003,https://api.waterdata.usgs.gov/ogcapi/v0/collections/latest-daily/items?parameter_code=72019&statistic_id=00003&limit=10000&f=json
USGS-313532084203501,,,,,31.592418245245437,-84.34213990259735,156.42,2026-08-27,Provisional,,,,,,,72019,00003,https://api.waterdata.usgs.gov/ogcapi/v0/collections/latest-daily/items?parameter_code=72019&statistic_id=00003&limit=10000&f=json
USGS-313534084103001,,,,,31.59352921536568,-84.17491275915617,70.09,2026-08-27,Provisional,,,,,,,72019,00003,https://api.waterdata.usgs.gov/ogcapi/v0/collections/latest-daily/items?parameter_code=72019&statistic_id=00003&limit=10000&f=json
USGS-313534084103002,,,,,31.593251445096037,-84.17491275941505,151.06,2026-08-27,Provisional,,,,,,,72019,00003,https://api.waterdata.usgs.gov/ogcapi/v0/collections/latest-daily/items?parameter_code=72019&statistic_id=00003&limit=10000&f=json
USGS-313534084103003,,,,,31.593806985445777,-84.17463497294695,129.84,2026-08-27,Provisional,,,,,,,72019,00003,https://api.waterdata.usgs.gov/ogcapi/v0/collections/latest-daily/items?parameter_code=72019&statistic_id=00003&limit=10000&f=json
USGS-313549084044001,,,,,31.5971189928521,-84.0771282441,29.19,1988-12-07,Approved,,,,,,,72019,00003,https://api.waterdata.usgs.gov/ogcapi/v0/collections/latest-daily/items?parameter_code=72019&statistic_id=00003&limit=10000&f=json
USGS-313554084062501,,,,,31.597695722224177,-84.10657741146429,129.88,2026-06-25,Approved,,,,,,,72019,00003,https://api.waterdata.usgs.gov/ogcapi/v0/collections/latest-daily/items?parameter_code=72019&statistic_id=00003&limit=10000&f=json
USGS-313603084162901,,,,,31.6012837201824,-84.2743548207577,36.39,1988-08-16,Approved,,,,,,,72019,00003,https://api.waterdata.usgs.gov/ogcapi/v0/collections/latest-daily/items?parameter_code=72019&statistic_id=00003&limit=10000&f=json
USGS-313605091202201,,,,,31.6007214793881,-91.339557707779,83.48,1993-08-15,Approved,,,,,,,72019,00003,https://api.waterdata.usgs.gov/ogcapi/v0/collections/latest-daily/items?parameter_code=72019&statistic_id=00003&limit=10000&f=json
USGS-313608081182701,,,,,31.6024421603123,-81.3073223118045,20.99,2007-03-14,Approved,,,,,,,72019,00003,https://api.waterdata.usgs.gov/ogcapi/v0/collections/latest-daily/items?parameter_code=72019&statistic_id=00003&limit=10000&f=json
USGS-313615110175601,,,,,31.6060489487049,-110.296143180586,300.47,2017-01-16,Approved,,,,,,,72019,00003,https://api.waterdata.usgs.gov/ogcapi/v0/collections/latest-daily/items?parameter_code=72019&statistic_id=00003&limit=10000&f=json
USGS-313618110162301,,,,,31.6037138888889,-110.271594444444,270.22,2017-01-16,Approved,,,,,,,72019,00003,https://api.waterdata.usgs.gov/ogcapi/v0/collections/latest-daily/items?parameter_code=72019&statistic_id=00003&limit=10000&f=json
USGS-313625084041501,,,,,31.6060288040547,-84.0690763001621,92.36,2026-08-27,Provisional,,,,,,,72019,00003,https://api.waterdata.usgs.gov/ogcapi/v0/collections/latest-daily/items?parameter_code=72019&statistic_id=00003&limit=10000&f=json
USGS-313642110100301,,,,,31.611777777777778,-110.16761111111111,7.09,2026-08-27,Provisional,,,,,,,72019,00003,https://api.waterdata.usgs.gov/ogcapi/v0/collections/latest-daily/items?parameter_code=72019&statistic_id=00003&limit=10000&f=json
USGS-313643110100101,,,,,31.6119,-110.167477777778,3.28,2026-04-07,Approved,,,,,,,72019,00003,https://api.waterdata.usgs.gov/ogcapi/v0/collections/latest-daily/items?parameter_code=72019&statistic_id=00003&limit=10000&f=json
USGS-313643110100102,,,,,31.6118972222222,-110.167477777778,3.35,2026-04-07,Approved,,,,,,,72019,00003,https://api.waterdata.usgs.gov/ogcapi/v0/collections/latest-daily/items?parameter_code=72019&statistic_id=00003&limit=10000&f=json
USGS-313701081543501,,,,,31.6171579877576,-81.9092815275176,93.74,2026-07-15,Provisional,,,,,,,72019,00003,https://api.waterdata.usgs.gov/ogcapi/v0/collections/latest-daily/items?parameter_code=72019&statistic_id=00003&limit=10000&f=json
USGS-313738110102901,,,,,31.6274444444444,-110.175394444444,7.48,2026-04-07,Approved,,,,,,,72019,00003,https://api.waterdata.usgs.gov/ogcapi/v0/collections/latest-daily/items?parameter_code=72019&statistic_id=00003&limit=10000&f=json
USGS-313808084093601,,,,,31.63575028758309,-84.15991227825323,35.39,2026-08-27,Provisional,,,,,,,72019,00003,https://api.waterdata.usgs.gov/ogcapi/v0/collections/latest-daily/items?parameter_code=72019&statistic_id=00003&limit=10000&f=json
USGS-313812084125001,,,,,31.6362835731867,-84.2135205230515,141.46,2014-01-27,Approved,,,,,,,72019,00003,https://api.waterdata.usgs.gov/ogcapi/v0/collections/latest-daily/items?parameter_code=72019&statistic_id=00003&limit=10000&f=json
USGS-313813084125001,,,,,31.6365613459745,-84.2135205254187,118.88,2026-06-25,Provisional,,,,,,,72019,00003,https://api.waterdata.usgs.gov/ogcapi/v0/collections/latest-daily/items?parameter_code=72019&statistic_id=00003&limit=10000&f=json
USGS-313823081154201,,,,,31.6399418436293,-81.2614883116442,20.34,2026-07-30,Provisional,,,,,,,72019,00003,https://api.waterdata.usgs.gov/ogcapi/v0/collections/latest-daily/items?parameter_code=72019&statistic_id=00003&limit=10000&f=json
USGS-313826081152601,,,,,31.6407752035967,-81.2570437308643,18.15,1980-09-29,Approved,,,,,,,72019,00003,https://api.waterdata.usgs.gov/ogcapi/v0/collections/latest-daily/items?parameter_code=72019&statistic_id=00003&limit=10000&f=json
USGS-313841110122201,,,,,31.6447027777778,-110.205991666667,104.5,2017-01-16,Approved,,,,,,,72019,00003,https://api.waterdata.usgs.gov/ogcapi/v0/collections/latest-daily/items?parameter_code=72019&statistic_id=00003&limit=10000&f=json
USGS-313845081361701,,,,,31.648549940211,-81.600943628797,57.69,2026-07-30,Provisional,,,,,,,72019,00003,https://api.waterdata.usgs.gov/ogcapi/v0/collections/latest-daily/items?parameter_code=72019&statistic_id=00003&limit=10000&f=json
USGS-313918084053101,,,,,31.6551734070407,-84.0918509395548,11.98,1987-03-02,Approved,,,,,,,72019,00003,https://api.waterdata.usgs.gov/ogcapi/v0/collections/latest-daily/items?parameter_code=72019&statistic_id=00003&limit=10000&f=json
USGS-313928089103001,,,,,31.6579409386917,-89.1750579644716,153.45,1994-09-29,Approved,,,,,,,72019,00003,https://api.waterdata.usgs.gov/ogcapi/v0/collections/latest-daily/items?parameter_code=72019&statistic_id=00003&limit=10000&f=json
USGS-313953084361201,,,,,31.6646131191397,-84.6040841158924,30.04,2026-08-27,Provisional,,,,,,,72019,00003,https://api.waterdata.usgs.gov/ogcapi/v0/collections/latest-daily/items?parameter_code=72019&statistic_id=00003&limit=10000&f=json
USGS-313953084361202,,,,,31.6646131170221,-84.6043618983718,221.01,2026-08-27,Provisional,,,,,,,72019,00003,https://api.waterdata.usgs.gov/ogcapi/v0/collections/latest-daily/items?parameter_code=72019&statistic_id=00003&limit=10000&f=json
USGS-313955110104301,,,,,31.665277777777778,-110.17861111111111,21.59,2026-04-08,Approved,,,,,,,72019,00003,https://api.waterdata.usgs.gov/ogcapi/v0/collections/latest-daily/items?parameter_code=72019&statistic_id=00003&limit=10000&f=json
USGS-313955110104302,,,,,31.665277777777778,-110.17861111111111,21.36,2026-04-08,Provisional,,,,,,,72019,00003,https://api.waterdata.usgs.gov/ogcapi/v0/collections/latest-daily/items?parameter_code=72019&statistic_id=00003&limit=10000&f=json
USGS-314003084032001,,,,,31.6676735808118,-84.0554611383674,29.08,1988-11-14,Approved,,,,,,,72019,00003,https://api.waterdata.usgs.gov/ogcapi/v0/collections/latest-daily/items?parameter_code=72019&statistic_id=00003&limit=10000&f=json
USGS-314003084032002,,,,,31.6676735808118,-84.0554611383674,9.03,1988-06-16,Approved,,,,,,,72019,00003,https://api.waterdata.usgs.gov/ogcapi/v0/collections/latest-daily/items?parameter_code=72019&statistic_id=00003&limit=10000&f=json
USGS-314008084031801,,,,,31.6690624522492,-84.0549055692886,29.51,1988-11-14,Approved,,,,,,,72019,00003,https://api.waterdata.usgs.gov/ogcapi/v0/collections/latest-daily/items?parameter_code=72019&statistic_id=00003&limit=10000&f=json
USGS-314010084033101,,,,,31.6696179599654,-84.0585167746953,22.77,1988-11-21,Approved,,,,,,,72019,00003,https://api.waterdata.usgs.gov/ogcapi/v0/collections/latest-daily/items?parameter_code=72019&statistic_id=00003&limit=10000&f=json
USGS-314011084032902,,,,,31.669895738986,-84.0579612049041,18.65,1988-11-14,Approved,,,,,,,72019,00003,https://api.waterdata.usgs.gov/ogcapi/v0/collections/latest-daily/items?parameter_code=72019&statistic_id=00003&limit=10000&f=json
USGS-314013084032301,,,,,31.6704513029591,-84.0562944952439,16.66,1988-11-14,Approved,,,,,,,72019,00003,https://api.waterdata.usgs.gov/ogcapi/v0/collections/latest-daily/items?parameter_code=72019&statistic_id=00003&limit=10000&f=json
USGS-314013084032501,,,,,31.6704512970337,-84.0568500652756,17.09,1988-11-20,Approved,,,,,,,72019,00003,https://api.waterdata.usgs.gov/ogcapi/v0/collections/latest-daily/items?parameter_code=72019&statistic_id=00003&limit=10000&f=json
USGS-314059110112003,,,,,31.683236111111114,-110.18881944444445,10.06,2026-08-27,Provisional,,,,,,,72019,00003,https://api.waterdata.usgs.gov/ogcapi/v0/collections/latest-daily/items?parameter_code=72019&statistic_id=00003&limit=10000&f=json
USGS-314115088392301,,,,,31.6852777777778,-88.6575,19.86,2026-08-26,Provisional,,,,,,,72019,00003,https://api.waterdata.usgs.gov/ogcapi/v0/collections/latest-daily/items?parameter_code=72019&statistic_id=00003&limit=10000&f=json
USGS-314124110111201,,,,,31.689888888888888,-110.1866388888889,12.14,2026-08-27,Provisional,,,,,,,72019,00003,https://api.waterdata.usgs.gov/ogcapi/v0/collections/latest-daily/items?parameter_code=72019&statistic_id=00003&limit=10000&f=json
USGS-314144110104701,,,,,31.695616666666666,-110.1805138888889,29.59,2026-06-15,Approved,,,,,,,72019,00003,https://api.waterdata.usgs.gov/ogcapi/v0/collections/latest-daily/items?parameter_code=72019&statistic_id=00003&limit=10000&f=json
USGS-314144110104702,,,,,31.69558888888889,-110.18052777777778,13.38,2026-06-15,Provisional,,,,,,,72019,00003,https://api.waterdata.usgs.gov/ogcapi/v0/collections/latest-daily/items?parameter_code=72019&statistic_id=00003&limit=10000&f=json
USGS-314210089084401,,,,,31.7029394543704,-89.1456126004913,188.6,1993-09-29,Approved,,,,,,,72019,00003,https://api.waterdata.usgs.gov/ogcapi/v0/collections/latest-daily/items?parameter_code=72019&statistic_id=00003&limit=10000&f=json
USGS-314231084190202,,,,,31.7086111111111,-84.3174166666667,15.3,2003-09-10,Approved,,,,,,,72019,00003,https://api.waterdata.usgs.gov/ogcapi/v0/collections/latest-daily/items?parameter_code=72019&statistic_id=00003&limit=10000&f=json
USGS-314236084091401,,,,,31.7098940128288,-84.1540750403084,17.3,1989-08-20,Approved,,,,,,,72019,00003,https://api.waterdata.usgs.gov/ogcapi/v0/collections/latest-daily/items?parameter_code=72019&statistic_id=00003&limit=10000&f=json
USGS-314248110105901,,,,,31.713525,-110.183716666667,32.33,2017-06-28,Approved,,,,,,,72019,00003,https://api.waterdata.usgs.gov/ogcapi/v0/collections/latest-daily/items?parameter_code=72019&statistic_id=00003&limit=10000&f=json
USGS-314317110113401,,,,,31.721469,-110.193303,13.81,2026-04-08,Approved,,,,,,,72019,00003,https://api.waterdata.usgs.gov/ogcapi/v0/collections/latest-daily/items?parameter_code=72019&statistic_id=00003&limit=10000&f=json
USGS-314318110113101,,,,,31.7216861111111,-110.192488888889,15.27,2026-04-08,Approved,,,,,,,72019,00003,https://api.waterdata.usgs.gov/ogcapi/v0/collections/latest-daily/items?parameter_code=72019&statistic_id=00003&limit=10000&f=json
USGS-314330084005401,,,,,31.72519222461107,-84.01407456448216,33.98,2026-08-27,Provisional,,,,,,,72019,00003,https://api.waterdata.usgs.gov/ogcapi/v0/collections/latest-daily/items?parameter_code=72019&statistic_id=00003&limit=10000&f=json
USGS-314330084005402,,,,,31.72519222461107,-84.01407456448216,21.16,2026-08-27,Provisional,,,,,,,72019,00003,https://api.waterdata.usgs.gov/ogcapi/v0/collections/latest-daily/items?parameter_code=72019&statistic_id=00003&limit=10000&f=json
USGS-314330084005403,,,,,31.72519222461107,-84.01407456448216,10.55,2026-08-27,Provisional,,,,,,,72019,00003,https://api.waterdata.usgs.gov/ogcapi/v0/collections/latest-daily/items?parameter_code=72019&statistic_id=00003&limit=10000&f=json
USGS-314343081251901,,,,,31.7288271022417,-81.4217736180496,11.24,1994-05-01,Approved,,,,,,,72019,00003,https://api.waterdata.usgs.gov/ogcapi/v0/collections/latest-daily/items?parameter_code=72019&statistic_id=00003&limit=10000&f=json
USGS-314511110120601,,,,,31.7526944444444,-110.202411111111,9.97,2018-01-11,Approved,,,,,,,72019,00003,https://api.waterdata.usgs.gov/ogcapi/v0/collections/latest-daily/items?parameter_code=72019&statistic_id=00003&limit=10000&f=json
USGS-314601110120902,,,,,31.7671111111111,-110.203191666667,17.47,2026-04-12,Provisional,,,,,,,72019,00003,https://api.waterdata.usgs.gov/ogcapi/v0/collections/latest-daily/items?parameter_code=72019&statistic_id=00003&limit=10000&f=json
USGS-314602084473701,,,,,31.7693304189316,-84.7951993224316,173.71,2026-07-15,Approved,,,,,,,72019,00003,https://api.waterdata.usgs.gov/ogcapi/v0/collections/latest-daily/items?parameter_code=72019&statistic_id=00003&limit=10000&f=json
USGS-314611084310301,,,,,31.7693326589098,-84.5185285901564,205.96,1997-07-22,Approved,,,,,,,72019,00003,https://api.waterdata.usgs.gov/ogcapi/v0/collections/latest-daily/items?parameter_code=72019&statistic_id=00003&limit=10000&f=json
USGS-314632081204201,,,,,31.7755833333333,-81.34525,50.86,2007-08-15,Approved,,,,,,,72019,00003,https://api.waterdata.usgs.gov/ogcapi/v0/collections/latest-daily/items?parameter_code=72019&statistic_id=00003&limit=10000&f=json
USGS-314632081204202,,,,,31.7757222222222,-81.3451111111111,7.33,2004-07-11,Approved,,,,,,,72019,00003,https://api.waterdata.usgs.gov/ogcapi/v0/collections/latest-daily/items?parameter_code=72019&statistic_id=00003&limit=10000&f=json
USGS-314736110130001,,,,,31.792986111111112,-110.21758055555556,11.07,2026-03-31,Approved,,,,,,,72019,00003,https://api.waterdata.usgs.gov/ogcapi/v0/collections/latest-daily/items?parameter_code=72019&statistic_id=00003&limit=10000&f=json
USGS-314829083501101,,,,,31.8080555555556,-83.8363888888889,26.68,2003-10-14,Approved,,,,,,,72019,00003,https://api.waterdata.usgs.gov/ogcapi/v0/collections/latest-daily/items?parameter_code=72019&statistic_id=00003&limit=10000&f=json
USGS-314903110125501,,,,,31.817444444444444,-110.21521944444444,15.13,2026-02-03,Approved,,,,,,,72019,00003,https://api.waterdata.usgs.gov/ogcapi/v0/collections/latest-daily/items?parameter_code=72019&statistic_id=00003&limit=10000&f=json
USGS-314904110125001,,,,,31.8178833333333,-110.214613888889,18.45,2026-06-16,Provisional,,,,,,,72019,00003,https://api.waterdata.usgs.gov/ogcapi/v0/collections/latest-daily/items?parameter_code=72019&statistic_id=00003&limit=10000&f=json
USGS-315021110350301,,,,,31.8390361111111,-110.584041666667,16.5,2026-04-19,Provisional,,,,,,,72019,00003,https://api.waterdata.usgs.gov/ogcapi/v0/collections/latest-daily/items?parameter_code=72019&statistic_id=00003&limit=10000&f=json
USGS-315113081121401,,,,,31.8536111111111,-81.2038888888889,35.16,2026-08-19,Provisional,,,,,,,72019,00003,https://api.waterdata.usgs.gov/ogcapi/v0/collections/latest-daily/items?parameter_code=72019&statistic_id=00003&limit=10000&f=json
USGS-315212106245101,,,,,31.8701058481816,-106.415541659694,290.63,2005-09-28,Approved,,,,,,,72019,00003,https://api.waterdata.usgs.gov/ogcapi/v0/collections/latest-daily/items?parameter_code=72019&statistic_id=00003&limit=10000&f=json
USGS-315214081235301,,,,,31.8707668792507,-81.3978871866037,24.63,2026-08-19,Provisional,,,,,,,72019,00003,https://api.waterdata.usgs.gov/ogcapi/v0/collections/latest-daily/items?parameter_code=72019&statistic_id=00003&limit=10000&f=json
USGS-315353084192501,,,,,31.8976660975798,-84.3235233203695,97.25,2026-06-23,Approved,,,,,,,72019,00003,https://api.waterdata.usgs.gov/ogcapi/v0/collections/latest-daily/items?parameter_code=72019&statistic_id=00003&limit=10000&f=json
USGS-315353084192502,,,,,31.8973883442021,-84.3224121848375,41.51,2026-06-23,Approved,,,,,,,72019,00003,https://api.waterdata.usgs.gov/ogcapi/v0/collections/latest-daily/items?parameter_code=72019&statistic_id=00003&limit=10000&f=json
USGS-315356081214301,,,,,31.8990994851615,-81.3617762073092,35.39,2001-10-22,Approved,,,,,,,72019,00003,https://api.waterdata.usgs.gov/ogcapi/v0/collections/latest-daily/items?parameter_code=72019&statistic_id=00003&limit=10000&f=json
USGS-315443081185901,,,,,31.9119444444444,-81.3163888888889,27.32,2006-06-25,Approved,,,,,,,72019,00003,https://api.waterdata.usgs.gov/ogcapi/v0/collections/latest-daily/items?parameter_code=72019&statistic_id=00003&limit=10000&f=json
USGS-315443081185902,,,,,31.9119444444444,-81.3163888888889,25.16,2026-08-19,Provisional,,,,,,,72019,00003,https://api.waterdata.usgs.gov/ogcapi/v0/collections/latest-daily/items?parameter_code=72019&statistic_id=00003&limit=10000&f=json
USGS-315443081185903,,,,,31.912,-81.3162777777778,24.71,2026-08-19,Provisional,,,,,,,72019,00003,https://api.waterdata.usgs.gov/ogcapi/v0/collections/latest-daily/items?parameter_code=72019&statistic_id=00003&limit=10000&f=json
USGS-315712106361803,,,,,31.9537133786741,-106.605824973616,106.22,2026-08-26,Provisional,,,,,,,72019,00003,https://api.waterdata.usgs.gov/ogcapi/v0/collections/latest-daily/items?parameter_code=72019&statistic_id=00003&limit=10000&f=json
USGS-315731083542301,,,,,31.9587837439093,-83.9062866080453,46.83,2026-06-23,Approved,,,,,,,72019,00003,https://api.waterdata.usgs.gov/ogcapi/v0/collections/latest-daily/items?parameter_code=72019&statistic_id=00003&limit=10000&f=json
USGS-315731083542302,,,,,31.9587837439093,-83.9062866080453,22.98,2026-06-23,Approved,,,,,,,72019,00003,https://api.waterdata.usgs.gov/ogcapi/v0/collections/latest-daily/items?parameter_code=72019&statistic_id=00003&limit=10000&f=json
USGS-315801098300801,,,,,31.9670896371299,-98.5025460738813,32.38,2001-08-21,Approved,,,,,,,72019,00003,https://api.waterdata.usgs.gov/ogcapi/v0/collections/latest-daily/items?parameter_code=72019&statistic_id=00003&limit=10000&f=json
USGS-315906081011201,,,,,31.9852145174801,-81.0198337227496,52.28,1985-10-22,Approved,,,,,,,72019,00003,https://api.waterdata.usgs.gov/ogcapi/v0/collections/latest-daily/items?parameter_code=72019&statistic_id=00003&limit=10000&f=json
USGS-315906081011202,,,,,31.9852145174801,-81.0198337227496,33.81,2026-08-19,Provisional,,,,,,,72019,00003,https://api.waterdata.usgs.gov/ogcapi/v0/collections/latest-daily/items?parameter_code=72019&statistic_id=00003&limit=10000&f=json
USGS-315906081011203,,,,,31.9852145174801,-81.0198337227496,51.42,1985-10-22,Approved,,,,,,,72019,00003,https://api.waterdata.usgs.gov/ogcapi/v0/collections/latest-daily/items?parameter_code=72019&statistic_id=00003&limit=10000&f=json
USGS-315906081011204,,,,,31.9852145174801,-81.0198337227496,9.01,2026-08-19,Provisional,,,,,,,72019,00003,https://api.waterdata.usgs.gov/ogcapi/v0/collections/latest-daily/items?parameter_code=72019&statistic_id=00003&limit=10000&f=json
USGS-315909110540601,,,,,31.985914636017,-110.902311081583,175.17,2026-04-26,Provisional,,,,,,,72019,00003,https://api.waterdata.usgs.gov/ogcapi/v0/collections/latest-daily/items?parameter_code=72019&statistic_id=00003&limit=10000&f=json
USGS-315921084242501,,,,,31.98960713742,-84.4063024359333,39.5,1996-08-28,Approved,,,,,,,72019,00003,https://api.waterdata.usgs.gov/ogcapi/v0/collections/latest-daily/items?parameter_code=72019&statistic_id=00003&limit=10000&f=json
USGS-315943084241201,,,,,31.99544040328,-84.4032467683956,24.61,1995-04-09,Approved,,,,,,,72019,00003,https://api.waterdata.usgs.gov/ogcapi/v0/collections/latest-daily/items?parameter_code=72019&statistic_id=00003&limit=10000&f=json
USGS-315947084241201,,,,,31.9965514903645,-84.4032467608721,25.45,1995-04-09,Approved,,,,,,,72019,00003,https://api.waterdata.usgs.gov/ogcapi/v0/collections/latest-daily/items?parameter_code=72019&statistic_id=00003&limit=10000&f=json
USGS-315950081161201,,,,,31.997404337649513,-81.26982668729086,3.7,2024-10-10,Approved,,,,,,,72019,00003,https://api.waterdata.usgs.gov/ogcapi/v0/collections/latest-daily/items?parameter_code=72019&statistic_id=00003&limit=10000&f=json
USGS-315953106390601,,,,,31.998319444444444,-106.65166944444445,20.47,2026-02-10,Provisional,,,,,,,72019,00003,https://api.waterdata.usgs.gov/ogcapi/v0/collections/latest-daily/items?parameter_code=72019&statistic_id=00003&limit=10000&f=json
USGS-320001084032801,,,,,32.0004444444444,-84.0583055555555,17.23,2007-03-21,Approved,,,,,,,72019,00003,https://api.waterdata.usgs.gov/ogcapi/v0/collections/latest-daily/items?parameter_code=72019&statistic_id=00003&limit=10000&f=json
USGS-320003084240501,,,,,32.00099587358,-84.4013022520419,27.06,1995-03-01,Approved,,,,,,,72019,00003,https://api.waterdata.usgs.gov/ogcapi/v0/collections/latest-daily/items?parameter_code=72019&statistic_id=00003&limit=10000&f=json
USGS-320021081124801,,,,,32.0060415503715,-81.2131674419484,36.84,2026-08-19,Provisional,,,,,,,72019,00003,https://api.waterdata.usgs.gov/ogcapi/v0/collections/latest-daily/items?parameter_code=72019&statistic_id=00003&limit=10000&f=json
USGS-320039084235601,,,,,32.0109956706322,-84.3988022673451,20.1,1994-11-06,Approved,,,,,,,72019,00003,https://api.waterdata.usgs.gov/ogcapi/v0/collections/latest-daily/items?parameter_code=72019&statistic_id=00003&limit=10000&f=json
USGS-320048084240101,,,,,32.0134955807645,-84.4001912076955,30.67,1994-11-06,Approved,,,,,,,72019,00003,https://api.waterdata.usgs.gov/ogcapi/v0/collections/latest-daily/items?parameter_code=72019&statistic_id=00003&limit=10000&f=json
USGS-320107084240801,,,,,32.0187731880391,-84.4021357373129,35.56,1994-11-06,Approved,,,,,,,72019,00003,https://api.waterdata.usgs.gov/ogcapi/v0/collections/latest-daily/items?parameter_code=72019&statistic_id=00003&limit=10000&f=json
USGS-320122080510204,,,,,32.0229917474542,-80.8503881714047,22.76,2026-06-23,Provisional,,,,,,,72019,00003,https://api.waterdata.usgs.gov/ogcapi/v0/collections/latest-daily/items?parameter_code=72019&statistic_id=00003&limit=10000&f=json
USGS-320127080511201,,,,,32.0243805433687,-80.8531659700023,35.17,2017-07-20,Approved,UNAVAIL,,,,,,72019,00003,https://api.waterdata.usgs.gov/ogcapi/v0/collections/latest-daily/items?parameter_code=72019&statistic_id=00003&limit=10000&f=json
USGS-320127080511203,,,,,32.0243805433687,-80.8531659700023,11.79,2026-08-03,Provisional,,,,,,,72019,00003,https://api.waterdata.usgs.gov/ogcapi/v0/collections/latest-daily/items?parameter_code=72019&statistic_id=00003&limit=10000&f=json
USGS-320127080511204,,,,,32.0243805433687,-80.8531659700023,11.24,2004-09-29,Approved,,,,,,,72019,00003,https://api.waterdata.usgs.gov/ogcapi/v0/collections/latest-daily/items?parameter_code=72019&statistic_id=00003&limit=10000&f=json
USGS-320127080511205,,,,,32.0243805433687,-80.8531659700023,10.56,2026-08-27,Provisional,,,,,,,72019,00003,https://api.waterdata.usgs.gov/ogcapi/v0/collections/latest-daily/items?parameter_code=72019&statistic_id=00003&limit=10000&f=json
USGS-320127080511301,,,,,32.0243805416449,-80.8534437508496,29.2,2026-08-27,Provisional,,,,,,,72019,00003,https://api.waterdata.usgs.gov/ogcapi/v0/collections/latest-daily/items?parameter_code=72019&statistic_id=00003&limit=10000&f=json
USGS-320137081132301,,,,,32.0271515613434,-81.2228898343514,40.77,1985-01-24,Approved,,,,,,,72019,00003,https://api.waterdata.usgs.gov/ogcapi/v0/collections/latest-daily/items?parameter_code=72019&statistic_id=00003&limit=10000&f=json
USGS-320139083511602,,,,,32.03,-83.8522222222222,77.66,2026-08-27,Provisional,,,,,,,72019,00003,https://api.waterdata.usgs.gov/ogcapi/v0/collections/latest-daily/items?parameter_code=72019&statistic_id=00003&limit=10000&f=json
USGS-320150080540601,,,,,32.0307687694585,-80.9014997906235,46.7,2020-02-12,Approved,,,,,,,72019,00003,https://api.waterdata.usgs.gov/ogcapi/v0/collections/latest-daily/items?parameter_code=72019&statistic_id=00003&limit=10000&f=json
USGS-320202080541201,,,,,32.0341019024115,-80.903166451219,24.81,2026-08-03,Provisional,,,,,,,72019,00003,https://api.waterdata.usgs.gov/ogcapi/v0/collections/latest-daily/items?parameter_code=72019&statistic_id=00003&limit=10000&f=json
USGS-320202080541202,,,,,32.0341019024115,-80.903166451219,5.91,2026-08-03,Provisional,,,,,,,72019,00003,https://api.waterdata.usgs.gov/ogcapi/v0/collections/latest-daily/items?parameter_code=72019&statistic_id=00003&limit=10000&f=json
USGS-320202080541203,,,,,32.0341019024115,-80.903166451219,7.57,2026-08-03,Provisional,,,,,,,72019,00003,https://api.waterdata.usgs.gov/ogcapi/v0/collections/latest-daily/items?parameter_code=72019&statistic_id=00003&limit=10000&f=json
USGS-320226082301101,,,,,32.04046026469953,-82.5012517939333,115.66,2026-08-27,Provisional,,,,,,,72019,00003,https://api.waterdata.usgs.gov/ogcapi/v0/collections/latest-daily/items?parameter_code=72019&statistic_id=00003&limit=10000&f=json
USGS-320357081162001,,,,,32.0658333333333,-81.2722222222222,37.45,2026-08-18,Provisional,,,,,,,72019,00003,https://api.waterdata.usgs.gov/ogcapi/v0/collections/latest-daily/items?parameter_code=72019&statistic_id=00003&limit=10000&f=json
USGS-320404106385801,,,,,32.067822222222226,-106.6495,18.01,2025-09-03,Provisional,,,,,,,72019,00003,https://api.waterdata.usgs.gov/ogcapi/v0/collections/latest-daily/items?parameter_code=72019&statistic_id=00003&limit=10000&f=json
USGS-320433081042701,,,,,32.0760416046979,-81.074000805426,35.53,2026-08-03,Provisional,,,,,,,72019,00003,https://api.waterdata.usgs.gov/ogcapi/v0/collections/latest-daily/items?parameter_code=72019&statistic_id=00003&limit=10000&f=json
USGS-320530081085001,,,,,32.0918726841552,-81.1470566872507,72.55,2023-09-30,Approved,,,,,,,72019,00003,https://api.waterdata.usgs.gov/ogcapi/v0/collections/latest-daily/items?parameter_code=72019&statistic_id=00003&limit=10000&f=json
USGS-320604081070601,,,,,32.1013172336855,-81.117056546893,141.8,1983-12-20,Approved,,,,,,,72019,00003,https://api.waterdata.usgs.gov/ogcapi/v0/collections/latest-daily/items?parameter_code=72019&statistic_id=00003&limit=10000&f=json
USGS-320622081063701,,,,,32.1063171082814,-81.1101120650831,81.91,2017-07-19,Approved,,,,,,,72019,00003,https://api.waterdata.usgs.gov/ogcapi/v0/collections/latest-daily/items?parameter_code=72019&statistic_id=00003&limit=10000&f=json
USGS-320622081063702,,,,,32.1063171082814,-81.1101120650831,40.69,2026-08-27,Provisional,,,,,,,72019,00003,https://api.waterdata.usgs.gov/ogcapi/v0/collections/latest-daily/items?parameter_code=72019&statistic_id=00003&limit=10000&f=json
USGS-320716081153501,,,,,32.1213140971733,-81.2595574589711,14.7,2016-05-23,Approved,,,,,,,72019,00003,https://api.waterdata.usgs.gov/ogcapi/v0/collections/latest-daily/items?parameter_code=72019&statistic_id=00003&limit=10000&f=json
USGS-320754081364301,,,,,32.1318669717389,-81.6117788208973,70.69,2026-08-27,Provisional,,,,,,,72019,00003,https://api.waterdata.usgs.gov/ogcapi/v0/collections/latest-daily/items?parameter_code=72019&statistic_id=00003&limit=10000&f=json
USGS-320845110551201,,,,,32.1459111462312,-110.9206453758,146,2026-04-22,Provisional,,,,,,,72019,00003,https://api.waterdata.usgs.gov/ogcapi/v0/collections/latest-daily/items?parameter_code=72019&statistic_id=00003&limit=10000&f=json
USGS-320846080501709,,,,,32.146319,-80.837886,24.29,2026-08-27,Provisional,,,,,,,72019,00003,https://api.waterdata.usgs.gov/ogcapi/v0/collections/latest-daily/items?parameter_code=72019&statistic_id=00003&limit=10000&f=json
USGS-320846080502202,,,,,32.1463184843797,-80.8392760663216,25.4,1982-11-30,Approved,,,,,,,72019,00003,https://api.waterdata.usgs.gov/ogcapi/v0/collections/latest-daily/items?parameter_code=72019&statistic_id=00003&limit=10000&f=json
USGS-320846080502203,,,,,32.1463184843797,-80.8392760663216,27.7,1994-09-29,Approved,,,,,,,72019,00003,https://api.waterdata.usgs.gov/ogcapi/v0/collections/latest-daily/items?parameter_code=72019&statistic_id=00003&limit=10000&f=json
USGS-320910080472001,,,,,32.1529853927179,-80.7887199324839,21.86,1994-09-29,Approved,,,,,,,72019,00003,https://api.waterdata.usgs.gov/ogcapi/v0/collections/latest-daily/items?parameter_code=72019&statistic_id=00003&limit=10000&f=json
USGS-320944111125701,,,,,32.1622996484526,-111.216489399691,181.51,2025-09-14,Provisional,,,,,,,72019,00003,https://api.waterdata.usgs.gov/ogcapi/v0/collections/latest-daily/items?parameter_code=72019&statistic_id=00003&limit=10000&f=json
USGS-321005080442705,,,,,32.1682627419883,-80.7406638469448,25.67,2001-08-28,Approved,,,,,,,72019,00003,https://api.waterdata.usgs.gov/ogcapi/v0/collections/latest-daily/items?parameter_code=72019&statistic_id=00003&limit=10000&f=json
USGS-321058110563301,,,,,32.1828547736268,-110.943146271506,193.14,2026-04-22,Approved,,,,,,,72019,00003,https://api.waterdata.usgs.gov/ogcapi/v0/collections/latest-daily/items?parameter_code=72019&statistic_id=00003&limit=10000&f=json
USGS-321105106442101,,,,,32.18497222222222,-106.73935277777778,10.89,2026-07-29,Provisional,,,,,,,72019,00003,https://api.waterdata.usgs.gov/ogcapi/v0/collections/latest-daily/items?parameter_code=72019&statistic_id=00003&limit=10000&f=json
USGS-321110083462701,,,,,32.1862753158982,-83.7740644652255,81.2,1997-05-20,Approved,,,,,,,72019,00003,https://api.waterdata.usgs.gov/ogcapi/v0/collections/latest-daily/items?parameter_code=72019&statistic_id=00003&limit=10000&f=json
USGS-321125080423000,,,,,32.1765954667155,-80.7267748887852,25.74,1994-09-29,Approved,,,,,,,72019,00003,https://api.waterdata.usgs.gov/ogcapi/v0/collections/latest-daily/items?parameter_code=72019&statistic_id=00003&limit=10000&f=json
USGS-321142110530301,,,,,32.1992434010557,-110.8881442681,306.7,2026-02-11,Provisional,,,,,,,72019,00003,https://api.waterdata.usgs.gov/ogcapi/v0/collections/latest-daily/items?parameter_code=72019&statistic_id=00003&limit=10000&f=json
USGS-321208110525001,,,,,32.2022988791098,-110.896477914821,287.73,2026-02-11,Provisional,,,,,,,72019,00003,https://api.waterdata.usgs.gov/ogcapi/v0/collections/latest-daily/items?parameter_code=72019&statistic_id=00003&limit=10000&f=json
USGS-321240081411501,,,,,32.2113062229684,-81.6873341281501,94.83,2006-06-19,Approved,,,,,,,72019,00003,https://api.waterdata.usgs.gov/ogcapi/v0/collections/latest-daily/items?parameter_code=72019&statistic_id=00003&limit=10000&f=json
USGS-321240081411502,,,,,32.2113062229684,-81.6873341281501,12.14,2006-06-19,Approved,,,,,,,72019,00003,https://api.waterdata.usgs.gov/ogcapi/v0/collections/latest-daily/items?parameter_code=72019&statistic_id=00003&limit=10000&f=json
USGS-321241106461601,,,,,32.21138888888889,-106.77111111111111,46.09,2026-08-26,Provisional,,,,,,,72019,00003,https://api.waterdata.usgs.gov/ogcapi/v0/collections/latest-daily/items?parameter_code=72019&statistic_id=00003&limit=10000&f=json
USGS-321241106461602,,,,,32.21138888888889,-106.77111111111111,28.95,2026-08-26,Provisional,,,,,,,72019,00003,https://api.waterdata.usgs.gov/ogcapi/v0/collections/latest-daily/items?parameter_code=72019&statistic_id=00003&limit=10000&f=json
USGS-321302082243601,,,,,32.217399979574566,-82.40985993864065,192.34,2026-07-26,Provisional,,,,,,,72019,00003,https://api.waterdata.usgs.gov/ogcapi/v0/collections/latest-daily/items?parameter_code=72019&statistic_id=00003&limit=10000&f=json
USGS-321332106443701,,,,,32.22555555555556,-106.74361111111111,57.9,2026-08-26,Provisional,,,,,,,72019,00003,https://api.waterdata.usgs.gov/ogcapi/v0/collections/latest-daily/items?parameter_code=72019&statistic_id=00003&limit=10000&f=json
USGS-321332106443702,,,,,32.22555555555556,-106.74361111111111,52.79,2026-08-26,Provisional,,,,,,,72019,00003,https://api.waterdata.usgs.gov/ogcapi/v0/collections/latest-daily/items?parameter_code=72019&statistic_id=00003&limit=10000&f=json
USGS-321332106443703,,,,,32.22555555555556,-106.74361111111111,35.49,2022-04-05,Approved,,,,,,,72019,00003,https://api.waterdata.usgs.gov/ogcapi/v0/collections/latest-daily/items?parameter_code=72019&statistic_id=00003&limit=10000&f=json
USGS-321338092345801,,,,,32.2273781870283,-92.5829261285025,233.94,2014-12-16,Approved,,,,,,,72019,00003,https://api.waterdata.usgs.gov/ogcapi/v0/collections/latest-daily/items?parameter_code=72019&statistic_id=00003&limit=10000&f=json
USGS-321342081355701,,,,,32.2283333333333,-81.5991666666667,9.25,2001-10-24,Approved,,,,,,,72019,00003,https://api.waterdata.usgs.gov/ogcapi/v0/collections/latest-daily/items?parameter_code=72019&statistic_id=00003&limit=10000&f=json
USGS-321344081362601,,,,,32.2288888888889,-81.6072222222222,12.4,2001-10-24,Approved,,,,,,,72019,00003,https://api.waterdata.usgs.gov/ogcapi/v0/collections/latest-daily/items?parameter_code=72019&statistic_id=00003&limit=10000&f=json
USGS-321344081362602,,,,,32.2288888888889,-81.6072222222222,8.77,2001-04-23,Approved,,,,,,,72019,00003,https://api.waterdata.usgs.gov/ogcapi/v0/collections/latest-daily/items?parameter_code=72019&statistic_id=00003&limit=10000&f=json
USGS-321346081361701,,,,,32.2296944444444,-81.6046388888889,7.36,2001-10-04,Approved,,,,,,,72019,00003,https://api.waterdata.usgs.gov/ogcapi/v0/collections/latest-daily/items?parameter_code=72019&statistic_id=00003&limit=10000&f=json
USGS-321347081361101,,,,,32.2298888888889,-81.6031111111111,3.67,2001-10-25,Approved,,,,,,,72019,00003,https://api.waterdata.usgs.gov/ogcapi/v0/collections/latest-daily/items?parameter_code=72019&statistic_id=00003&limit=10000&f=json
USGS-321347081361701,,,,,32.2297222222222,-81.6047222222222,5.59,2001-07-29,Approved,,,,,,,72019,00003,https://api.waterdata.usgs.gov/ogcapi/v0/collections/latest-daily/items?parameter_code=72019&statistic_id=00003&limit=10000&f=json
USGS-321347081362301,,,,,32.2299722222222,-81.6063888888889,12.23,2001-06-03,Approved,,,,,,,72019,00003,https://api.waterdata.usgs.gov/ogcapi/v0/collections/latest-daily/items?parameter_code=72019&statistic_id=00003&limit=10000&f=json
USGS-321348081361101,,,,,32.23,-81.6030555555556,7.61,2001-10-25,Approved,,,,,,,72019,00003,https://api.waterdata.usgs.gov/ogcapi/v0/collections/latest-daily/items?parameter_code=72019&statistic_id=00003&limit=10000&f=json
USGS-321350081361601,,,,,32.2306388888889,-81.6044444444444,9.83,2001-10-25,Approved,,,,,,,72019,00003,https://api.waterdata.usgs.gov/ogcapi/v0/collections/latest-daily/items?parameter_code=72019&statistic_id=00003&limit=10000&f=json
USGS-321350081361603,,,,,32.2305555555556,-81.6044444444444,9.48,2001-10-25,Approved,,,,,,,72019,00003,https://api.waterdata.usgs.gov/ogcapi/v0/collections/latest-daily/items?parameter_code=72019&statistic_id=00003&limit=10000&f=json
USGS-321353081360901,,,,,32.2314722222222,-81.6027222222222,9.76,2001-10-25,Approved,,,,,,,72019,00003,https://api.waterdata.usgs.gov/ogcapi/v0/collections/latest-daily/items?parameter_code=72019&statistic_id=00003&limit=10000&f=json
USGS-321358080403801,,,,,32.2329808543216,-80.677052551688,14.58,2003-07-14,Approved,,,,,,,72019,00003,https://api.waterdata.usgs.gov/ogcapi/v0/collections/latest-daily/items?parameter_code=72019&statistic_id=00003&limit=10000&f=json
USGS-321358080403802,,,,,32.2329808543216,-80.677052551688,15.43,1999-04-19,Approved,,,,,,,72019,00003,https://api.waterdata.usgs.gov/ogcapi/v0/collections/latest-daily/items?parameter_code=72019&statistic_id=00003&limit=10000&f=json
USGS-321358081361701,,,,,32.2329166666667,-81.6048055555555,15.73,2001-10-25,Approved,,,,,,,72019,00003,https://api.waterdata.usgs.gov/ogcapi/v0/collections/latest-daily/items?parameter_code=72019&statistic_id=00003&limit=10000&f=json
USGS-321359081361701,,,,,32.2330555555556,-81.6047222222222,12.08,2001-10-25,Approved,,,,,,,72019,00003,https://api.waterdata.usgs.gov/ogcapi/v0/collections/latest-daily/items?parameter_code=72019&statistic_id=00003&limit=10000&f=json
USGS-321414098044501,,,,,32.2373627223856,-98.0794822686673,232.23,2005-09-30,Approved,,,,,,,72019,00003,https://api.waterdata.usgs.gov/ogcapi/v0/collections/latest-daily/items?parameter_code=72019&statistic_id=00003&limit=10000&f=json
USGS-321459080420101,,,,,32.2482581611614,-80.6984413347142,14.67,1994-09-27,Approved,,,,,,,72019,00003,https://api.waterdata.usgs.gov/ogcapi/v0/collections/latest-daily/items?parameter_code=72019&statistic_id=00003&limit=10000&f=json
USGS-321459080420102,,,,,32.2485359326402,-80.698996887119,14.88,1994-09-29,Approved,,,,,,,72019,00003,https://api.waterdata.usgs.gov/ogcapi/v0/collections/latest-daily/items?parameter_code=72019&statistic_id=00003&limit=10000&f=json
USGS-321517110571802,,,,,32.2547977534653,-110.955647147217,189.3,2026-04-22,Approved,,,,,,,72019,00003,https://api.waterdata.usgs.gov/ogcapi/v0/collections/latest-daily/items?parameter_code=72019&statistic_id=00003&limit=10000&f=json
USGS-321547111144001,,,,,32.2631313112327,-111.245102269636,218.59,2025-07-29,Provisional,,,,,,,72019,00003,https://api.waterdata.usgs.gov/ogcapi/v0/collections/latest-daily/items?parameter_code=72019&statistic_id=00003&limit=10000&f=json
USGS-321551080491003,,,,,32.2643679692173,-80.8192750305411,28.28,2001-10-17,Approved,,,,,,,72019,00003,https://api.waterdata.usgs.gov/ogcapi/v0/collections/latest-daily/items?parameter_code=72019&statistic_id=00003&limit=10000&f=json
USGS-321603080432201,,,,,32.2677018580156,-80.7226077521418,13.79,1994-09-29,Approved,,,,,,,72019,00003,https://api.waterdata.usgs.gov/ogcapi/v0/collections/latest-daily/items?parameter_code=72019&statistic_id=00003&limit=10000&f=json
USGS-321603080432202,,,,,32.2677018580156,-80.7226077521418,11.97,2022-02-06,Approved,,,,,,,72019,00003,https://api.waterdata.usgs.gov/ogcapi/v0/collections/latest-daily/items?parameter_code=72019&statistic_id=00003&limit=10000&f=json
USGS-321603080432203,,,,,32.2677018580156,-80.7226077521418,11.43,1994-09-11,Approved,,,,,,,72019,00003,https://api.waterdata.usgs.gov/ogcapi/v0/collections/latest-daily/items?parameter_code=72019&statistic_id=00003&limit=10000&f=json
USGS-321603080432204,,,,,32.2677018580156,-80.7226077521418,8.75,1994-09-29,Approved,,,,,,,72019,00003,https://api.waterdata.usgs.gov/ogcapi/v0/collections/latest-daily/items?parameter_code=72019&statistic_id=00003&limit=10000&f=json
USGS-321740106481001,,,,,32.29474166666667,-106.8034111111111,56.58,2026-08-26,Provisional,,,,,,,72019,00003,https://api.waterdata.usgs.gov/ogcapi/v0/collections/latest-daily/items?parameter_code=72019&statistic_id=00003&limit=10000&f=json
USGS-321740106481002,,,,,32.29474166666667,-106.8034111111111,51.75,2026-08-26,Provisional,,,,,,,72019,00003,https://api.waterdata.usgs.gov/ogcapi/v0/collections/latest-daily/items?parameter_code=72019&statistic_id=00003&limit=10000&f=json
USGS-321740106481003,,,,,32.29474166666667,-106.8034111111111,45.66,2023-04-05,Approved,,,,,,,72019,00003,https://api.waterdata.usgs.gov/ogcapi/v0/collections/latest-daily/items?parameter_code=72019&statistic_id=00003&limit=10000&f=json
USGS-321740106481004,,,,,32.29474166666667,-106.8034111111111,64.31,2026-08-26,Provisional,,,,,,,72019,00003,https://api.waterdata.usgs.gov/ogcapi/v0/collections/latest-daily/items?parameter_code=72019&statistic_id=00003&limit=10000&f=json
USGS-321742081234901,,,,,32.2951964786307,-81.396777832546,26.09,2026-08-27,Provisional,,,,,,,72019,00003,https://api.waterdata.usgs.gov/ogcapi/v0/collections/latest-daily/items?parameter_code=72019&statistic_id=00003&limit=10000&f=json
USGS-321742081234904,,,,,32.2951964786307,-81.396777832546,76.92,2026-08-27,Provisional,,,,,,,72019,00003,https://api.waterdata.usgs.gov/ogcapi/v0/collections/latest-daily/items?parameter_code=72019&statistic_id=00003&limit=10000&f=json
USGS-321745106492101,,,,,32.295833333333334,-106.82249999999999,43.6,2026-08-26,Provisional,,,,,,,72019,00003,https://api.waterdata.usgs.gov/ogcapi/v0/collections/latest-daily/items?parameter_code=72019&statistic_id=00003&limit=10000&f=json
USGS-321745106492102,,,,,32.295833333333334,-106.82249999999999,23.24,2026-08-26,Provisional,,,,,,,72019,00003,https://api.waterdata.usgs.gov/ogcapi/v0/collections/latest-daily/items?parameter_code=72019&statistic_id=00003&limit=10000&f=json
USGS-321745106492103,,,,,32.295833333333334,-106.82249999999999,14.43,2026-08-26,Provisional,,,,,,,72019,00003,https://api.waterdata.usgs.gov/ogcapi/v0/collections/latest-daily/items?parameter_code=72019&statistic_id=00003&limit=10000&f=json
USGS-321745106492106,,,,,32.295833333333334,-106.82249999999999,47.29,2026-08-26,Provisional,,,,,,,72019,00003,https://api.waterdata.usgs.gov/ogcapi/v0/collections/latest-daily/items?parameter_code=72019&statistic_id=00003&limit=10000&f=json
USGS-321859106503101,,,,,32.31663611111111,-106.8420111111111,20.71,2025-07-01,Provisional,,,,,,,72019,00003,https://api.waterdata.usgs.gov/ogcapi/v0/collections/latest-daily/items?parameter_code=72019&statistic_id=00003&limit=10000&f=json
USGS-321909097465401,,,,,32.3215296520507,-97.7819738321417,307.38,2005-09-30,Approved,,,,,,,72019,00003,https://api.waterdata.usgs.gov/ogcapi/v0/collections/latest-daily/items?parameter_code=72019&statistic_id=00003&limit=10000&f=json
USGS-321929111070601,,,,,32.3249972222222,-111.119016666667,133.2,2016-11-15,Approved,,,,,,,72019,00003,https://api.waterdata.usgs.gov/ogcapi/v0/collections/latest-daily/items?parameter_code=72019&statistic_id=00003&limit=10000&f=json
USGS-321943081151401,,,,,32.3286111111111,-81.2538888888889,45.07,2026-08-27,Provisional,,,,,,,72019,00003,https://api.waterdata.usgs.gov/ogcapi/v0/collections/latest-daily/items?parameter_code=72019&statistic_id=00003&limit=10000&f=json
USGS-321945090152201,,,,,32.330145400956,-90.2550899252385,299.2,1987-09-23,Approved,,,,,,,72019,00003,https://api.waterdata.usgs.gov/ogcapi/v0/collections/latest-daily/items?parameter_code=72019&statistic_id=00003&limit=10000&f=json
USGS-322009111191801,,,,,32.3359065008702,-111.322328390093,281.01,2026-04-27,Provisional,,,,,,,72019,00003,https://api.waterdata.usgs.gov/ogcapi/v0/collections/latest-daily/items?parameter_code=72019&statistic_id=00003&limit=10000&f=json
USGS-322036084590301,,,,,32.3420917099693,-84.9860415549926,53.76,2026-08-27,Provisional,,,,,,,72019,00003,https://api.waterdata.usgs.gov/ogcapi/v0/collections/latest-daily/items?parameter_code=72019&statistic_id=00003&limit=10000&f=json
USGS-322047086214301,,,,,32.346389,-86.361944,24.5,2025-05-09,Provisional,,,,,,,72019,00003,https://api.waterdata.usgs.gov/ogcapi/v0/collections/latest-daily/items?parameter_code=72019&statistic_id=00003&limit=10000&f=json
USGS-322057111134801,,,,,32.3492401920863,-111.230658681825,294.07,2026-04-26,Approved,,,,,,,72019,00003,https://api.waterdata.usgs.gov/ogcapi/v0/collections/latest-daily/items?parameter_code=72019&statistic_id=00003&limit=10000&f=json
USGS-322234081190003,,,,,32.3761111111111,-81.3166666666667,25.01,2026-08-27,Provisional,,,,,,,72019,00003,https://api.waterdata.usgs.gov/ogcapi/v0/collections/latest-daily/items?parameter_code=72019&statistic_id=00003&limit=10000&f=json
USGS-322236081191001,,,,,32.3768572217514,-81.3192763315464,40,2026-08-27,Provisional,,,,,,,72019,00003,https://api.waterdata.usgs.gov/ogcapi/v0/collections/latest-daily/items?parameter_code=72019&statistic_id=00003&limit=10000&f=json
USGS-322245083290101,,,,,32.379322112595,-83.4835101689782,69.51,2026-08-27,Provisional,,,,,,,72019,00003,https://api.waterdata.usgs.gov/ogcapi/v0/collections/latest-daily/items?parameter_code=72019&statistic_id=00003&limit=10000&f=json
USGS-322310090530202,,,,,32.3847222222222,-90.8769444444444,27.04,1994-05-16,Approved,,,,,,,72019,00003,https://api.waterdata.usgs.gov/ogcapi/v0/collections/latest-daily/items?parameter_code=72019&statistic_id=00003&limit=10000&f=json
USGS-322323106314701,,,,,32.3897222222222,-106.530277777778,75.5,2026-08-26,Provisional,,,,,,,72019,00003,https://api.waterdata.usgs.gov/ogcapi/v0/collections/latest-daily/items?parameter_code=72019&statistic_id=00003&limit=10000&f=json
USGS-322339111170001,,,,,32.3942386791457,-111.283994324321,214.09,2026-04-27,Provisional,,,,,,,72019,00003,https://api.waterdata.usgs.gov/ogcapi/v0/collections/latest-daily/items?parameter_code=72019&statistic_id=00003&limit=10000&f=json
USGS-322343093211501,,,,,32.3954328883805,-93.3543374504694,20.6,2026-08-26,Provisional,,,,,,,72019,00003,https://api.waterdata.usgs.gov/ogcapi/v0/collections/latest-daily/items?parameter_code=72019&statistic_id=00003&limit=10000&f=json
USGS-322422092020701,,,,,32.4062576873551,-92.0354106663907,112.81,2012-10-17,Approved,,,,,,,72019,00003,https://api.waterdata.usgs.gov/ogcapi/v0/collections/latest-daily/items?parameter_code=72019&statistic_id=00003&limit=10000&f=json
USGS-322500085551201,,,,,32.416917,-85.919917,11.28,2025-06-11,Approved,,,,,,,72019,00003,https://api.waterdata.usgs.gov/ogcapi/v0/collections/latest-daily/items?parameter_code=72019&statistic_id=00003&limit=10000&f=json
USGS-322540106525101,,,,,32.42798333333333,-106.88093333333333,11.02,2026-07-30,Provisional,,,,,,,72019,00003,https://api.waterdata.usgs.gov/ogcapi/v0/collections/latest-daily/items?parameter_code=72019&statistic_id=00003&limit=10000&f=json
USGS-322652083033001,,,,,32.45183904515409,-83.05765656061185,35.04,2026-08-27,Provisional,,,,,,,72019,00003,https://api.waterdata.usgs.gov/ogcapi/v0/collections/latest-daily/items?parameter_code=72019&statistic_id=00003&limit=10000&f=json
USGS-322712104074501,,,,,32.45388888888889,-104.12888888888888,87.36,2026-08-26,Provisional,,,,,,,72019,00003,https://api.waterdata.usgs.gov/ogcapi/v0/collections/latest-daily/items?parameter_code=72019&statistic_id=00003&limit=10000&f=json
USGS-322745080435800,,,,,32.4632465032451,-80.7342729616596,9.27,1996-09-29,Approved,,,,,,,72019,00003,https://api.waterdata.usgs.gov/ogcapi/v0/collections/latest-daily/items?parameter_code=72019&statistic_id=00003&limit=10000&f=json
USGS-322843092084401,,,,,32.4787565448217,-92.1456909539607,269,2016-01-10,Approved,,,,,,,72019,00003,https://api.waterdata.usgs.gov/ogcapi/v0/collections/latest-daily/items?parameter_code=72019&statistic_id=00003&limit=10000&f=json
USGS-322853091475901,,,,,32.48150833333334,-91.79970833333333,10.31,2025-03-17,Approved,,,,,,,72019,00003,https://api.waterdata.usgs.gov/ogcapi/v0/collections/latest-daily/items?parameter_code=72019&statistic_id=00003&limit=10000&f=json
USGS-323001088021601,,,,,32.50045078542001,-88.0375267733585,5.02,2024-06-04,Approved,DISCONTINUED,,,,,,72019,00003,https://api.waterdata.usgs.gov/ogcapi/v0/collections/latest-daily/items?parameter_code=72019&statistic_id=00003&limit=10000&f=json
USGS-323006114483901,,,,,32.5016361111111,-114.810777777778,36.28,2014-05-15,Approved,,,,,,,72019,00003,https://api.waterdata.usgs.gov/ogcapi/v0/collections/latest-daily/items?parameter_code=72019&statistic_id=00003&limit=10000&f=json
USGS-323030083030003,,,,,32.5076676386682,-83.0454260707036,50.9,2026-08-27,Provisional,,,,,,,72019,00003,https://api.waterdata.usgs.gov/ogcapi/v0/collections/latest-daily/items?parameter_code=72019&statistic_id=00003&limit=10000&f=json
USGS-323042114482001,,,,,32.5117666666667,-114.805552777778,30.98,2014-12-16,Approved,,,,,,,72019,00003,https://api.waterdata.usgs.gov/ogcapi/v0/collections/latest-daily/items?parameter_code=72019&statistic_id=00003&limit=10000&f=json
USGS-323047090484401,,,,,32.5130555555556,-90.8122222222222,0,2025-07-30,Provisional,DISCONTINUED,,,,,,72019,00003,https://api.waterdata.usgs.gov/ogcapi/v0/collections/latest-daily/items?parameter_code=72019&statistic_id=00003&limit=10000&f=json
USGS-323048080181401,,,,,32.5135201777772,-80.303710784782,7.75,1994-09-29,Approved,,,,,,,72019,00003,https://api.waterdata.usgs.gov/ogcapi/v0/collections/latest-daily/items?parameter_code=72019&statistic_id=00003&limit=10000&f=json
USGS-323112114482701,,,,,32.5201388888889,-114.8075,23.56,2014-09-30,Approved,,,,,,,72019,00003,https://api.waterdata.usgs.gov/ogcapi/v0/collections/latest-daily/items?parameter_code=72019&statistic_id=00003&limit=10000&f=json
USGS-323123081511601,,,,,32.5232251367985,-81.8542805841593,101.56,2026-08-27,Provisional,,,,,,,72019,00003,https://api.waterdata.usgs.gov/ogcapi/v0/collections/latest-daily/items?parameter_code=72019&statistic_id=00003&limit=10000&f=json
USGS-323123081511602,,,,,32.5232251367985,-81.8542805841593,94.64,2026-08-27,Provisional,,,,,,,72019,00003,https://api.waterdata.usgs.gov/ogcapi/v0/collections/latest-daily/items?parameter_code=72019&statistic_id=00003&limit=10000&f=json
USGS-323212114480701,,,,,32.5367666666667,-114.80195,21.44,2014-09-30,Approved,,,,,,,72019,00003,https://api.waterdata.usgs.gov/ogcapi/v0/collections/latest-daily/items?parameter_code=72019&statistic_id=00003&limit=10000&f=json
USGS-323302083263401,,,,,32.5507037093022,-83.4426761006788,171.51,2026-08-27,Provisional,,,,,,,72019,00003,https://api.waterdata.usgs.gov/ogcapi/v0/collections/latest-daily/items?parameter_code=72019&statistic_id=00003&limit=10000&f=json
USGS-323326114482601,,,,,32.5572583333333,-114.807269444444,22.97,2014-12-16,Approved,,,,,,,72019,00003,https://api.waterdata.usgs.gov/ogcapi/v0/collections/latest-daily/items?parameter_code=72019&statistic_id=00003&limit=10000&f=json
USGS-323335114480701,,,,,32.559775,-114.802011111111,20.66,2014-12-16,Approved,,,,,,,72019,00003,https://api.waterdata.usgs.gov/ogcapi/v0/collections/latest-daily/items?parameter_code=72019&statistic_id=00003&limit=10000&f=json
USGS-323458092275101,,,,,32.5829239873111,-92.4643108916002,265.62,2012-10-18,Approved,,,,,,,72019,00003,https://api.waterdata.usgs.gov/ogcapi/v0/collections/latest-daily/items?parameter_code=72019&statistic_id=00003&limit=10000&f=json
USGS-323510111181001,,,,,32.5872916170889,-111.303443083671,0,2026-04-26,Provisional,UNAVAIL,,,,,,72019,00003,https://api.waterdata.usgs.gov/ogcapi/v0/collections/latest-daily/items?parameter_code=72019&statistic_id=00003&limit=10000&f=json
USGS-323517096572301,,,,,32.5881911972659,-96.9566708103015,1100.75,2005-08-23,Approved,,,,,,,72019,00003,https://api.waterdata.usgs.gov/ogcapi/v0/collections/latest-daily/items?parameter_code=72019&statistic_id=00003&limit=10000&f=json
USGS-323601093354101,,,,,32.6004268282116,-93.5948979892586,50.22,2016-01-17,Approved,,,,,,,72019,00003,https://api.waterdata.usgs.gov/ogcapi/v0/collections/latest-daily/items?parameter_code=72019&statistic_id=00003&limit=10000&f=json
USGS-323704080594509,,,,,32.6179578855859,-80.995663799966,65.48,2026-08-27,Provisional,,,,,,,72019,00003,https://api.waterdata.usgs.gov/ogcapi/v0/collections/latest-daily/items?parameter_code=72019&statistic_id=00003&limit=10000&f=json
USGS-323722107002801,,,,,32.6220916666667,-107.007930555556,15.15,2016-08-03,Approved,,,,,,,72019,00003,https://api.waterdata.usgs.gov/ogcapi/v0/collections/latest-daily/items?parameter_code=72019&statistic_id=00003&limit=10000&f=json
USGS-323733107011002,,,,,32.6263416666667,-107.019011111111,9.87,2019-05-13,Approved,,,,,,,72019,00003,https://api.waterdata.usgs.gov/ogcapi/v0/collections/latest-daily/items?parameter_code=72019&statistic_id=00003&limit=10000&f=json
USGS-323802107024101,,,,,32.6345638888889,-107.045258333333,12.73,2026-02-17,Provisional,,,,,,,72019,00003,https://api.waterdata.usgs.gov/ogcapi/v0/collections/latest-daily/items?parameter_code=72019&statistic_id=00003&limit=10000&f=json
USGS-323825114460301,,,,,32.6402138888889,-114.767611111111,7.32,2014-09-30,Approved,,,,,,,72019,00003,https://api.waterdata.usgs.gov/ogcapi/v0/collections/latest-daily/items?parameter_code=72019&statistic_id=00003&limit=10000&f=json
USGS-323915083435801,,,,,32.6543114790067,-83.7326847460656,128.83,1976-03-31,Approved,,,,,,,72019,00003,https://api.waterdata.usgs.gov/ogcapi/v0/collections/latest-daily/items?parameter_code=72019&statistic_id=00003&limit=10000&f=json
USGS-323917107031601,,,,,32.6543472222222,-107.055097222222,16.68,2026-07-30,Provisional,,,,,,,72019,00003,https://api.waterdata.usgs.gov/ogcapi/v0/collections/latest-daily/items?parameter_code=72019&statistic_id=00003&limit=10000&f=json
USGS-324000097153201,,,,,32.6668002862361,-97.2591808754013,845.51,2005-06-19,Approved,,,,,,,72019,00003,https://api.waterdata.usgs.gov/ogcapi/v0/collections/latest-daily/items?parameter_code=72019&statistic_id=00003&limit=10000&f=json
USGS-324003114235701,,,,,32.6675595178862,-114.39986473538,155.8,2026-08-26,Provisional,,,,,,,72019,00003,https://api.waterdata.usgs.gov/ogcapi/v0/collections/latest-daily/items?parameter_code=72019&statistic_id=00003&limit=10000&f=json
USGS-324007107095501,,,,,32.6686388888889,-107.165333333333,13.82,2019-05-14,Approved,,,,,,,72019,00003,https://api.waterdata.usgs.gov/ogcapi/v0/collections/latest-daily/items?parameter_code=72019&statistic_id=00003&limit=10000&f=json
USGS-324141092390501,,,,,32.6948684699232,-92.6515389563298,190.16,2015-06-23,Approved,,,,,,,72019,00003,https://api.waterdata.usgs.gov/ogcapi/v0/collections/latest-daily/items?parameter_code=72019&statistic_id=00003&limit=10000&f=json
USGS-324143080505900,,,,,32.6979554638304,-80.8509404579901,38.45,2009-07-01,Approved,DISCONTINUED,,,,,,72019,00003,https://api.waterdata.usgs.gov/ogcapi/v0/collections/latest-daily/items?parameter_code=72019&statistic_id=00003&limit=10000&f=json
USGS-324209082430201,,,,,32.7026618530113,-82.7170812559612,157.5,2026-08-27,Provisional,,,,,,,72019,00003,https://api.waterdata.usgs.gov/ogcapi/v0/collections/latest-daily/items?parameter_code=72019&statistic_id=00003&limit=10000&f=json
USGS-324226114554901,,,,,32.7072958257687,-114.931121148262,98.76,2023-01-10,Approved,,,,,,,72019,00003,https://api.waterdata.usgs.gov/ogcapi/v0/collections/latest-daily/items?parameter_code=72019&statistic_id=00003&limit=10000&f=json
USGS-324239114563601,,,,,32.7107707513967,-114.943969038293,26.79,2021-09-19,Approved,,,,,,,72019,00003,https://api.waterdata.usgs.gov/ogcapi/v0/collections/latest-daily/items?parameter_code=72019&statistic_id=00003&limit=10000&f=json
USGS-324242115073501,,,,,32.7116904993696,-115.12692491372,31.02,2011-09-11,Approved,,,,,,,72019,00003,https://api.waterdata.usgs.gov/ogcapi/v0/collections/latest-daily/items?parameter_code=72019&statistic_id=00003&limit=10000&f=json
USGS-324248114500601,,,,,32.7134786893777,-114.834863508235,89.26,2023-01-11,Approved,,,,,,,72019,00003,https://api.waterdata.usgs.gov/ogcapi/v0/collections/latest-daily/items?parameter_code=72019&statistic_id=00003&limit=10000&f=json
USGS-324303114480501,,,,,32.7176590184172,-114.801767396153,98.91,2023-01-11,Approved,,,,,,,72019,00003,https://api.waterdata.usgs.gov/ogcapi/v0/collections/latest-daily/items?parameter_code=72019&statistic_id=00003&limit=10000&f=json
USGS-324325114461001,,,,,32.7235087438397,-114.770324148327,94.49,2023-01-12,Approved,,,,,,,72019,00003,https://api.waterdata.usgs.gov/ogcapi/v0/collections/latest-daily/items?parameter_code=72019&statistic_id=00003&limit=10000&f=json
USGS-324354090325501,,,,,32.7318018532292,-90.5487062066244,15.93,1985-05-23,Approved,,,,,,,72019,00003,https://api.waterdata.usgs.gov/ogcapi/v0/collections/latest-daily/items?parameter_code=72019&statistic_id=00003&limit=10000&f=json
USGS-324410114533801,,,,,32.736061472703,-114.894622192386,100.44,2023-01-11,Approved,,,,,,,72019,00003,https://api.waterdata.usgs.gov/ogcapi/v0/collections/latest-daily/items?parameter_code=72019&statistic_id=00003&limit=10000&f=json
USGS-324419090351201,,,,,32.7388888888889,-90.5872194444444,20.72,1994-09-30,Approved,,,,,,,72019,00003,https://api.waterdata.usgs.gov/ogcapi/v0/collections/latest-daily/items?parameter_code=72019&statistic_id=00003&limit=10000&f=json
USGS-324421114482101,,,,,32.7392611238604,-114.806701051607,123.77,2023-01-11,Approved,,,,,,,72019,00003,https://api.waterdata.usgs.gov/ogcapi/v0/collections/latest-daily/items?parameter_code=72019&statistic_id=00003&limit=10000&f=json
USGS-324423114530301,,,,,32.739730771382305,-114.88433001548867,101.73,2025-09-29,Approved,,,,,,,72019,00003,https://api.waterdata.usgs.gov/ogcapi/v0/collections/latest-daily/items?parameter_code=72019&statistic_id=00003&limit=10000&f=json
USGS-324423114530302,,,,,32.739730771382305,-114.88433001548867,101.87,2025-09-29,Approved,,,,,,,72019,00003,https://api.waterdata.usgs.gov/ogcapi/v0/collections/latest-daily/items?parameter_code=72019&statistic_id=00003&limit=10000&f=json
USGS-324423114530303,,,,,32.739730771382305,-114.88433001548867,102.33,2025-09-29,Approved,,,,,,,72019,00003,https://api.waterdata.usgs.gov/ogcapi/v0/collections/latest-daily/items?parameter_code=72019&statistic_id=00003&limit=10000&f=json
USGS-324426114530901,,,,,32.7407029694487,-114.886752365278,137.78,2012-12-12,Approved,,,,,,,72019,00003,https://api.waterdata.usgs.gov/ogcapi/v0/collections/latest-daily/items?parameter_code=72019&statistic_id=00003&limit=10000&f=json
USGS-324450114515101,,,,,32.74734013873198,-114.86404078126583,98.38,2025-04-28,Provisional,,,,,,,72019,00003,https://api.waterdata.usgs.gov/ogcapi/v0/collections/latest-daily/items?parameter_code=72019&statistic_id=00003&limit=10000&f=json
USGS-324459114521701,,,,,32.7496415330238,-114.872215546976,79.71,2021-12-16,Approved,,,,,,,72019,00003,https://api.waterdata.usgs.gov/ogcapi/v0/collections/latest-daily/items?parameter_code=72019&statistic_id=00003&limit=10000&f=json
USGS-324459114521702,,,,,32.7496415330937,-114.872240548254,57.52,2014-05-05,Approved,,,,,,,72019,00003,https://api.waterdata.usgs.gov/ogcapi/v0/collections/latest-daily/items?parameter_code=72019&statistic_id=00003&limit=10000&f=json
USGS-324508091252302,,,,,32.75237432099222,-91.42318303235086,36.5,2026-08-13,Provisional,,,,,,,72019,00003,https://api.waterdata.usgs.gov/ogcapi/v0/collections/latest-daily/items?parameter_code=72019&statistic_id=00003&limit=10000&f=json
USGS-324525114500701,,,,,32.7569218113261,-114.835952635245,112.96,2023-01-12,Approved,,,,,,,72019,00003,https://api.waterdata.usgs.gov/ogcapi/v0/collections/latest-daily/items?parameter_code=72019&statistic_id=00003&limit=10000&f=json
USGS-324553097255401,,,,,32.7648515820084,-97.4319640740166,5.79,2005-03-28,Approved,,,,,,,72019,00003,https://api.waterdata.usgs.gov/ogcapi/v0/collections/latest-daily/items?parameter_code=72019&statistic_id=00003&limit=10000&f=json
USGS-324553097255601,,,,,32.7648515787567,-97.4325196460022,5.88,2005-03-28,Approved,,,,,,,72019,00003,https://api.waterdata.usgs.gov/ogcapi/v0/collections/latest-daily/items?parameter_code=72019&statistic_id=00003&limit=10000&f=json
USGS-324555097255501,,,,,32.765407124205,-97.4322418608425,11.11,2005-03-28,Approved,,,,,,,72019,00003,https://api.waterdata.usgs.gov/ogcapi/v0/collections/latest-daily/items?parameter_code=72019&statistic_id=00003&limit=10000&f=json
USGS-324615090375001,,,,,32.7711111111111,-90.6305555555555,19.21,1994-09-30,Approved,,,,,,,72019,00003,https://api.waterdata.usgs.gov/ogcapi/v0/collections/latest-daily/items?parameter_code=72019&statistic_id=00003&limit=10000&f=json
USGS-324626091543901,,,,,32.7740233973962,-91.9109617750105,124.51,2016-07-09,Approved,,,,,,,72019,00003,https://api.waterdata.usgs.gov/ogcapi/v0/collections/latest-daily/items?parameter_code=72019&statistic_id=00003&limit=10000&f=json
USGS-324630114501501,,,,,32.776967272058414,-114.83725145105886,113.95,2013-08-26,Approved,,,,,,,72019,00003,https://api.waterdata.usgs.gov/ogcapi/v0/collections/latest-daily/items?parameter_code=72019&statistic_id=00003&limit=10000&f=json
USGS-324707093025001,,,,,32.7857222222222,-93.0483611111111,146.45,2015-10-04,Approved,,,,,,,72019,00003,https://api.waterdata.usgs.gov/ogcapi/v0/collections/latest-daily/items?parameter_code=72019&statistic_id=00003&limit=10000&f=json
USGS-324711114544801,,,,,32.7863741399256,-114.914126147725,96.55,2015-03-26,Approved,,,,,,,72019,00003,https://api.waterdata.usgs.gov/ogcapi/v0/collections/latest-daily/items?parameter_code=72019&statistic_id=00003&limit=10000&f=json
USGS-324729079472001,,,,,32.79119444444444,-79.92752777777778,0,2026-01-13,Provisional,EQUIP,,,,,,72019,00003,https://api.waterdata.usgs.gov/ogcapi/v0/collections/latest-daily/items?parameter_code=72019&statistic_id=00003&limit=10000&f=json
USGS-324741080041400,,,,,32.7948985390459,-80.0703705836159,30.79,2001-09-13,Approved,,,,,,,72019,00003,https://api.waterdata.usgs.gov/ogcapi/v0/collections/latest-daily/items?parameter_code=72019&statistic_id=00003&limit=10000&f=json
USGS-324842097102901,,,,,32.8117957637829,-97.175012297525,443.2,2005-09-01,Approved,,,,,,,72019,00003,https://api.waterdata.usgs.gov/ogcapi/v0/collections/latest-daily/items?parameter_code=72019&statistic_id=00003&limit=10000&f=json
USGS-324850090412801,,,,,32.8140201869395,-90.6912077766259,20.39,1990-10-29,Approved,,,,,,,72019,00003,https://api.waterdata.usgs.gov/ogcapi/v0/collections/latest-daily/items?parameter_code=72019&statistic_id=00003&limit=10000&f=json
USGS-324953112151401,,,,,32.831467502836524,-112.25461108445278,340.7,2024-12-11,Approved,,,,,,,72019,00003,https://api.waterdata.usgs.gov/ogcapi/v0/collections/latest-daily/items?parameter_code=72019&statistic_id=00003&limit=10000&f=json
USGS-324955107180901,,,,,32.8316777777778,-107.303372222222,12.89,2019-05-19,Approved,,,,,,,72019,00003,https://api.waterdata.usgs.gov/ogcapi/v0/collections/latest-daily/items?parameter_code=72019&statistic_id=00003&limit=10000&f=json
USGS-324955107180902,,,,,32.8316944444444,-107.303388888889,13.04,2019-05-14,Approved,,,,,,,72019,00003,https://api.waterdata.usgs.gov/ogcapi/v0/collections/latest-daily/items?parameter_code=72019&statistic_id=00003&limit=10000&f=json
USGS-325002107181201,,,,,32.834425,-107.303333333333,15.49,2025-09-23,Provisional,,,,,,,72019,00003,https://api.waterdata.usgs.gov/ogcapi/v0/collections/latest-daily/items?parameter_code=72019&statistic_id=00003&limit=10000&f=json
USGS-325045109384101,,,,,32.8455111111111,-109.643980555556,126.72,2026-01-23,Approved,,,,,,,72019,00003,https://api.waterdata.usgs.gov/ogcapi/v0/collections/latest-daily/items?parameter_code=72019&statistic_id=00003&limit=10000&f=json
USGS-325100090250701,,,,,32.8501327254329,-90.4187027164729,19.16,1984-06-18,Approved,,,,,,,72019,00003,https://api.waterdata.usgs.gov/ogcapi/v0/collections/latest-daily/items?parameter_code=72019&statistic_id=00003&limit=10000&f=json
USGS-325116083211201,,,,,32.8545862732627,-83.3532203914022,141.25,1983-12-09,Approved,,,,,,,72019,00003,https://api.waterdata.usgs.gov/ogcapi/v0/collections/latest-daily/items?parameter_code=72019&statistic_id=00003&limit=10000&f=json
USGS-325134109355401,,,,,32.8595472222222,-109.598375,218.75,2026-01-23,Approved,,,,,,,72019,00003,https://api.waterdata.usgs.gov/ogcapi/v0/collections/latest-daily/items?parameter_code=72019&statistic_id=00003&limit=10000&f=json
USGS-325216109431501,,,,,32.87105,-109.720802777778,44.83,2026-01-23,Approved,,,,,,,72019,00003,https://api.waterdata.usgs.gov/ogcapi/v0/collections/latest-daily/items?parameter_code=72019&statistic_id=00003&limit=10000&f=json
USGS-325231109382701,,,,,32.8752388888889,-109.640822222222,195.36,2026-01-23,Approved,,,,,,,72019,00003,https://api.waterdata.usgs.gov/ogcapi/v0/collections/latest-daily/items?parameter_code=72019&statistic_id=00003&limit=10000&f=json
USGS-325232082131501,,,,,32.8757777777778,-82.2208333333333,91.99,2026-08-27,Provisional,,,,,,,72019,00003,https://api.waterdata.usgs.gov/ogcapi/v0/collections/latest-daily/items?parameter_code=72019&statistic_id=00003&limit=10000&f=json
USGS-325325081354302,,,,,32.8904382585213,-81.595109328774,13.75,1996-10-08,Approved,,,,,,,72019,00003,https://api.waterdata.usgs.gov/ogcapi/v0/collections/latest-daily/items?parameter_code=72019&statistic_id=00003&limit=10000&f=json
USGS-325325081354303,,,,,32.8904382585213,-81.595109328774,13.07,1996-10-08,Approved,,,,,,,72019,00003,https://api.waterdata.usgs.gov/ogcapi/v0/collections/latest-daily/items?parameter_code=72019&statistic_id=00003&limit=10000&f=json
USGS-325325081354304,,,,,32.8904382585213,-81.595109328774,14.92,1996-10-08,Approved,,,,,,,72019,00003,https://api.waterdata.usgs.gov/ogcapi/v0/collections/latest-daily/items?parameter_code=72019&statistic_id=00003&limit=10000&f=json
USGS-325325081354305,,,,,32.8904382585213,-81.595109328774,-37.7,1996-09-22,Approved,,,,,,,72019,00003,https://api.waterdata.usgs.gov/ogcapi/v0/collections/latest-daily/items?parameter_code=72019&statistic_id=00003&limit=10000&f=json
USGS-325325081354306,,,,,32.8904382585213,-81.595109328774,-76.98,1996-09-10,Approved,,,,,,,72019,00003,https://api.waterdata.usgs.gov/ogcapi/v0/collections/latest-daily/items?parameter_code=72019&statistic_id=00003&limit=10000&f=json
USGS-325352109441301,,,,,32.8976916666667,-109.736925,66.55,2017-08-29,Approved,,,,,,,72019,00003,https://api.waterdata.usgs.gov/ogcapi/v0/collections/latest-daily/items?parameter_code=72019&statistic_id=00003&limit=10000&f=json
USGS-325428109433301,,,,,32.9076611111111,-109.725883333333,139.23,2019-12-25,Approved,,,,,,,72019,00003,https://api.waterdata.usgs.gov/ogcapi/v0/collections/latest-daily/items?parameter_code=72019&statistic_id=00003&limit=10000&f=json
USGS-325441109452701,,,,,32.9113527777778,-109.7574,47.58,2026-02-23,Approved,,,,,,,72019,00003,https://api.waterdata.usgs.gov/ogcapi/v0/collections/latest-daily/items?parameter_code=72019&statistic_id=00003&limit=10000&f=json
USGS-325449109415501,,,,,32.9136472222222,-109.698694444444,355.78,2026-01-23,Approved,,,,,,,72019,00003,https://api.waterdata.usgs.gov/ogcapi/v0/collections/latest-daily/items?parameter_code=72019&statistic_id=00003&limit=10000&f=json
USGS-325518093221901,,,,,32.9218061942459,-93.3721151260089,42.75,2026-08-26,Provisional,,,,,,,72019,00003,https://api.waterdata.usgs.gov/ogcapi/v0/collections/latest-daily/items?parameter_code=72019&statistic_id=00003&limit=10000&f=json
USGS-325521109413001,,,,,32.9224722222222,-109.691797222222,512.65,2026-04-23,Provisional,,,,,,,72019,00003,https://api.waterdata.usgs.gov/ogcapi/v0/collections/latest-daily/items?parameter_code=72019&statistic_id=00003&limit=10000&f=json
USGS-325538109432401,,,,,32.9271611111111,-109.723419444444,286.83,2018-04-24,Approved,,,,,,,72019,00003,https://api.waterdata.usgs.gov/ogcapi/v0/collections/latest-daily/items?parameter_code=72019&statistic_id=00003&limit=10000&f=json
USGS-325538109432402,,,,,32.9272277777778,-109.723425,275.68,2016-04-21,Approved,,,,,,,72019,00003,https://api.waterdata.usgs.gov/ogcapi/v0/collections/latest-daily/items?parameter_code=72019&statistic_id=00003&limit=10000&f=json
USGS-325550101381501,,,,,32.93068048270359,-101.63792671548464,23.9,2024-05-27,Approved,,,,,,,72019,00003,https://api.waterdata.usgs.gov/ogcapi/v0/collections/latest-daily/items?parameter_code=72019&statistic_id=00003&limit=10000&f=json
USGS-325601109442601,,,,,32.9336388888889,-109.740486111111,260.26,2018-04-25,Approved,,,,,,,72019,00003,https://api.waterdata.usgs.gov/ogcapi/v0/collections/latest-daily/items?parameter_code=72019&statistic_id=00003&limit=10000&f=json
USGS-325610109425901,,,,,32.9360888888889,-109.716377777778,428.04,2021-08-23,Approved,,,,,,,72019,00003,https://api.waterdata.usgs.gov/ogcapi/v0/collections/latest-daily/items?parameter_code=72019&statistic_id=00003&limit=10000&f=json
USGS-325610109425902,,,,,32.9361361111111,-109.716316666667,403.38,2016-10-14,Approved,,,,,,,72019,00003,https://api.waterdata.usgs.gov/ogcapi/v0/collections/latest-daily/items?parameter_code=72019&statistic_id=00003&limit=10000&f=json
USGS-325643109342301,,,,,32.9452638888889,-109.573019444444,697.48,2026-03-23,Approved,,,,,,,72019,00003,https://api.waterdata.usgs.gov/ogcapi/v0/collections/latest-daily/items?parameter_code=72019&statistic_id=00003&limit=10000&f=json
USGS-325649081410601,,,,,32.9466944444444,-81.6843055555556,26.48,1996-10-08,Approved,,,,,,,72019,00003,https://api.waterdata.usgs.gov/ogcapi/v0/collections/latest-daily/items?parameter_code=72019&statistic_id=00003&limit=10000&f=json
USGS-325817090464201,,,,,32.9713888888889,-90.7783333333333,-5.18,2020-01-19,Approved,FLOOD,,,,,,72019,00003,https://api.waterdata.usgs.gov/ogcapi/v0/collections/latest-daily/items?parameter_code=72019&statistic_id=00003&limit=10000&f=json
USGS-325848082480901,,,,,32.9801542643217,-82.8020821098183,256.67,2026-08-27,Provisional,,,,,,,72019,00003,https://api.waterdata.usgs.gov/ogcapi/v0/collections/latest-daily/items?parameter_code=72019&statistic_id=00003&limit=10000&f=json
USGS-325906091391201,,,,,32.984902777777776,-91.65341666666667,24.03,2025-03-11,Approved,,,,,,,72019,00003,https://api.waterdata.usgs.gov/ogcapi/v0/collections/latest-daily/items?parameter_code=72019&statistic_id=00003&limit=10000&f=json
USGS-325933091154101,,,,,32.992383333333336,-91.26138055555556,18.17,2025-04-15,Approved,DISCONTINUED,,,,,,72019,00003,https://api.waterdata.usgs.gov/ogcapi/v0/collections/latest-daily/items?parameter_code=72019&statistic_id=00003&limit=10000&f=json
USGS-330001091260701,,,,,33.000236111111114,-91.43535833333334,16.34,2024-10-07,Approved,,,,,,,72019,00003,https://api.waterdata.usgs.gov/ogcapi/v0/collections/latest-daily/items?parameter_code=72019&statistic_id=00003&limit=10000&f=json
USGS-330002092445901,,,,,33.00069578031,-92.7498806933992,246.68,2026-08-26,Provisional,,,,,,,72019,00003,https://api.waterdata.usgs.gov/ogcapi/v0/collections/latest-daily/items?parameter_code=72019&statistic_id=00003&limit=10000&f=json
USGS-330130081230301,,,,,33.0251557714877,-81.3839963368827,90.05,1995-01-06,Approved,,,,,,,72019,00003,https://api.waterdata.usgs.gov/ogcapi/v0/collections/latest-daily/items?parameter_code=72019&statistic_id=00003&limit=10000&f=json
USGS-330130081230401,,,,,33.0251557692044,-81.3842741159751,80.07,1995-04-17,Approved,,,,,,,72019,00003,https://api.waterdata.usgs.gov/ogcapi/v0/collections/latest-daily/items?parameter_code=72019&statistic_id=00003&limit=10000&f=json
USGS-330218080080700,,,,,33.0385039061237,-80.1350902983049,138.24,1992-06-15,Approved,,,,,,,72019,00003,https://api.waterdata.usgs.gov/ogcapi/v0/collections/latest-daily/items?parameter_code=72019&statistic_id=00003&limit=10000&f=json
USGS-330227090592001,,,,,33.0422194444444,-90.9883305555555,15.86,1994-08-01,Approved,,,,,,,72019,00003,https://api.waterdata.usgs.gov/ogcapi/v0/collections/latest-daily/items?parameter_code=72019&statistic_id=00003&limit=10000&f=json
USGS-330247079340300,,,,,33.0460416666667,-79.5667111111111,15.1,2026-08-27,Provisional,,,,,,,72019,00003,https://api.waterdata.usgs.gov/ogcapi/v0/collections/latest-daily/items?parameter_code=72019&statistic_id=00003&limit=10000&f=json
USGS-330256080354500,,,,,33.0476660365731,-80.5975998994081,50.13,2001-09-29,Approved,,,,,,,72019,00003,https://api.waterdata.usgs.gov/ogcapi/v0/collections/latest-daily/items?parameter_code=72019&statistic_id=00003&limit=10000&f=json
USGS-330353081431701,,,,,33.0649722222222,-81.7211388888889,36.38,1996-10-08,Approved,,,,,,,72019,00003,https://api.waterdata.usgs.gov/ogcapi/v0/collections/latest-daily/items?parameter_code=72019&statistic_id=00003&limit=10000&f=json
USGS-330354081431302,,,,,33.0648757777548,-81.7206679772365,90.22,1996-10-08,Approved,,,,,,,72019,00003,https://api.waterdata.usgs.gov/ogcapi/v0/collections/latest-daily/items?parameter_code=72019&statistic_id=00003&limit=10000&f=json
USGS-330354081431303,,,,,33.0651535448936,-81.7201124108224,74.96,1996-10-08,Approved,,,,,,,72019,00003,https://api.waterdata.usgs.gov/ogcapi/v0/collections/latest-daily/items?parameter_code=72019&statistic_id=00003&limit=10000&f=json
USGS-330548081391101,,,,,33.0968190233481,-81.6528888662976,-84.51,2025-12-14,Approved,,,,,,,72019,00003,https://api.waterdata.usgs.gov/ogcapi/v0/collections/latest-daily/items?parameter_code=72019&statistic_id=00003&limit=10000&f=json
USGS-330548081391102,,,,,33.0970967909941,-81.6528888664919,-64.82,2025-12-14,Provisional,,,,,,,72019,00003,https://api.waterdata.usgs.gov/ogcapi/v0/collections/latest-daily/items?parameter_code=72019&statistic_id=00003&limit=10000&f=json
USGS-330548081391103,,,,,33.0968190233481,-81.6528888662976,-24.62,2025-12-14,Provisional,,,,,,,72019,00003,https://api.waterdata.usgs.gov/ogcapi/v0/collections/latest-daily/items?parameter_code=72019&statistic_id=00003&limit=10000&f=json
USGS-330624091552801,,,,,33.10688888888889,-91.92457222222222,82.72,2026-08-26,Provisional,,,,,,,72019,00003,https://api.waterdata.usgs.gov/ogcapi/v0/collections/latest-daily/items?parameter_code=72019&statistic_id=00003&limit=10000&f=json
USGS-330802081465301,,,,,33.1340396442374,-81.7812247586506,62.75,1996-10-08,Approved,,,,,,,72019,00003,https://api.waterdata.usgs.gov/ogcapi/v0/collections/latest-daily/items?parameter_code=72019&statistic_id=00003&limit=10000&f=json
USGS-330855092505601,,,,,33.14886388888889,-92.84902222222222,289.25,2026-08-26,Provisional,,,,,,,72019,00003,https://api.waterdata.usgs.gov/ogcapi/v0/collections/latest-daily/items?parameter_code=72019&statistic_id=00003&limit=10000&f=json
USGS-330858084122901,,,,,33.1495647788616,-84.2079753753222,11.43,2015-09-30,Approved,,,,,,,72019,00003,https://api.waterdata.usgs.gov/ogcapi/v0/collections/latest-daily/items?parameter_code=72019&statistic_id=00003&limit=10000&f=json
USGS-331022080021801,,,,,33.17222222222222,-80.03805555555556,0,2026-08-27,Provisional,EQUIP,,,,,,72019,00003,https://api.waterdata.usgs.gov/ogcapi/v0/collections/latest-daily/items?parameter_code=72019&statistic_id=00003&limit=10000&f=json
USGS-331037081184301,,,,,33.1787646608437,-81.3145509098028,17.31,2001-09-29,Approved,,,,,,,72019,00003,https://api.waterdata.usgs.gov/ogcapi/v0/collections/latest-daily/items?parameter_code=72019&statistic_id=00003&limit=10000&f=json
USGS-331038081184201,,,,,33.1790424457064,-81.3139953483669,36.14,2001-09-29,Approved,,,,,,,72019,00003,https://api.waterdata.usgs.gov/ogcapi/v0/collections/latest-daily/items?parameter_code=72019&statistic_id=00003&limit=10000&f=json
USGS-331039081184201,,,,,33.179042439639,-81.3142731284936,36.12,2000-08-10,Approved,,,,,,,72019,00003,https://api.waterdata.usgs.gov/ogcapi/v0/collections/latest-daily/items?parameter_code=72019&statistic_id=00003&limit=10000&f=json
USGS-331043081185401,,,,,33.1787646669043,-81.314273129678,42.62,2000-08-10,Approved,,,,,,,72019,00003,https://api.waterdata.usgs.gov/ogcapi/v0/collections/latest-daily/items?parameter_code=72019&statistic_id=00003&limit=10000&f=json
USGS-331043081185601,,,,,33.1787646608437,-81.3145509098028,15.71,2000-08-10,Approved,,,,,,,72019,00003,https://api.waterdata.usgs.gov/ogcapi/v0/collections/latest-daily/items?parameter_code=72019&statistic_id=00003&limit=10000&f=json
USGS-331044081185301,,,,,33.179042439639,-81.3142731284936,46.27,2001-09-29,Approved,,,,,,,72019,00003,https://api.waterdata.usgs.gov/ogcapi/v0/collections/latest-daily/items?parameter_code=72019&statistic_id=00003&limit=10000&f=json
USGS-331044081185401,,,,,33.179042439639,-81.3142731284936,47.82,2000-08-10,Approved,,,,,,,72019,00003,https://api.waterdata.usgs.gov/ogcapi/v0/collections/latest-daily/items?parameter_code=72019&statistic_id=00003&limit=10000&f=json
USGS-331044081185501,,,,,33.179042439639,-81.3142731284936,43.38,2001-09-29,Approved,,,,,,,72019,00003,https://api.waterdata.usgs.gov/ogcapi/v0/collections/latest-daily/items?parameter_code=72019&statistic_id=00003&limit=10000&f=json
USGS-331044081470902,,,,,33.1790379080437,-81.7856692995763,160.38,1996-10-08,Approved,,,,,,,72019,00003,https://api.waterdata.usgs.gov/ogcapi/v0/collections/latest-daily/items?parameter_code=72019&statistic_id=00003&limit=10000&f=json
USGS-331044081470903,,,,,33.1790379080437,-81.7856692995763,95.08,1996-10-08,Approved,,,,,,,72019,00003,https://api.waterdata.usgs.gov/ogcapi/v0/collections/latest-daily/items?parameter_code=72019&statistic_id=00003&limit=10000&f=json
USGS-331044081470904,,,,,33.1790379080437,-81.7856692995763,95.84,1996-10-08,Approved,,,,,,,72019,00003,https://api.waterdata.usgs.gov/ogcapi/v0/collections/latest-daily/items?parameter_code=72019&statistic_id=00003&limit=10000&f=json
USGS-331144092410601,,,,,33.1954861111111,-92.6846861111111,335.95,2018-07-09,Approved,,,,,,,72019,00003,https://api.waterdata.usgs.gov/ogcapi/v0/collections/latest-daily/items?parameter_code=72019&statistic_id=00003&limit=10000&f=json
USGS-331145092413001,,,,,33.19695833333333,-92.69083611111111,95.26,2026-08-26,Provisional,,,,,,,72019,00003,https://api.waterdata.usgs.gov/ogcapi/v0/collections/latest-daily/items?parameter_code=72019&statistic_id=00003&limit=10000&f=json
USGS-331346092391101,,,,,33.2128,-92.65271666666668,267.7,2026-07-07,Approved,,,,,,,72019,00003,https://api.waterdata.usgs.gov/ogcapi/v0/collections/latest-daily/items?parameter_code=72019&statistic_id=00003&limit=10000&f=json
USGS-331348081524402,,,,,33.2301463986093,-81.8787264075681,86.58,1997-12-10,Approved,,,,,,,72019,00003,https://api.waterdata.usgs.gov/ogcapi/v0/collections/latest-daily/items?parameter_code=72019&statistic_id=00003&limit=10000&f=json
USGS-331348081524403,,,,,33.2301463986093,-81.8787264075681,87.09,1996-10-08,Approved,,,,,,,72019,00003,https://api.waterdata.usgs.gov/ogcapi/v0/collections/latest-daily/items?parameter_code=72019&statistic_id=00003&limit=10000&f=json
USGS-331348081524404,,,,,33.2306666666667,-81.8799722222222,70.17,1996-10-08,Approved,,,,,,,72019,00003,https://api.waterdata.usgs.gov/ogcapi/v0/collections/latest-daily/items?parameter_code=72019&statistic_id=00003&limit=10000&f=json
USGS-331348081524405,,,,,33.2306388888889,-81.8794444444444,86.84,1996-10-08,Approved,,,,,,,72019,00003,https://api.waterdata.usgs.gov/ogcapi/v0/collections/latest-daily/items?parameter_code=72019&statistic_id=00003&limit=10000&f=json
USGS-331348081524407,,,,,33.2306388888889,-81.8798055555555,87.02,1996-10-08,Approved,,,,,,,72019,00003,https://api.waterdata.usgs.gov/ogcapi/v0/collections/latest-daily/items?parameter_code=72019&statistic_id=00003&limit=10000&f=json
USGS-331348081524408,,,,,33.2306111111111,-81.8798055555555,86.76,1996-10-08,Approved,,,,,,,72019,00003,https://api.waterdata.usgs.gov/ogcapi/v0/collections/latest-daily/items?parameter_code=72019&statistic_id=00003&limit=10000&f=json
USGS-331348081524409,,,,,33.2301463986093,-81.8787264075681,107.92,1996-10-08,Approved,,,,,,,72019,00003,https://api.waterdata.usgs.gov/ogcapi/v0/collections/latest-daily/items?parameter_code=72019&statistic_id=00003&limit=10000&f=json
USGS-331426088192202,,,,,33.2406783267976,-88.3228134322819,8.94,1985-09-29,Approved,,,,,,,72019,00003,https://api.waterdata.usgs.gov/ogcapi/v0/collections/latest-daily/items?parameter_code=72019&statistic_id=00003&limit=10000&f=json
USGS-331438092411901,,,,,33.24415555555556,-92.69144722222222,224.29,2026-08-26,Provisional,,,,,,,72019,00003,https://api.waterdata.usgs.gov/ogcapi/v0/collections/latest-daily/items?parameter_code=72019&statistic_id=00003&limit=10000&f=json
USGS-331507084171801,,,,,33.2651141972895,-84.2821459990498,17.58,2026-08-27,Provisional,,,,,,,72019,00003,https://api.waterdata.usgs.gov/ogcapi/v0/collections/latest-daily/items?parameter_code=72019&statistic_id=00003&limit=10000&f=json
USGS-331543089171801,,,,,33.2620695247301,-89.2884021513965,21.03,1986-01-14,Approved,,,,,,,72019,00003,https://api.waterdata.usgs.gov/ogcapi/v0/collections/latest-daily/items?parameter_code=72019&statistic_id=00003&limit=10000&f=json
USGS-331614090590901,,,,,33.270674660918,-90.9859374304215,25.82,1993-08-21,Approved,,,,,,,72019,00003,https://api.waterdata.usgs.gov/ogcapi/v0/collections/latest-daily/items?parameter_code=72019&statistic_id=00003&limit=10000&f=json
USGS-331711081573701,,,,,33.2571388888889,-81.9625,133.8,2026-08-27,Provisional,,,,,,,72019,00003,https://api.waterdata.usgs.gov/ogcapi/v0/collections/latest-daily/items?parameter_code=72019&statistic_id=00003&limit=10000&f=json
USGS-331849089105101,,,,,33.3137354056068,-89.1808991718887,14.6,1993-08-22,Approved,,,,,,,72019,00003,https://api.waterdata.usgs.gov/ogcapi/v0/collections/latest-daily/items?parameter_code=72019&statistic_id=00003&limit=10000&f=json
USGS-331901081242703,,,,,33.3215378002483,-81.4067733097697,56.29,1999-06-29,Approved,,,,,,,72019,00003,https://api.waterdata.usgs.gov/ogcapi/v0/collections/latest-daily/items?parameter_code=72019&statistic_id=00003&limit=10000&f=json
USGS-331901081242801,,,,,33.3212600182424,-81.407051092016,52.73,1999-06-29,Approved,,,,,,,72019,00003,https://api.waterdata.usgs.gov/ogcapi/v0/collections/latest-daily/items?parameter_code=72019&statistic_id=00003&limit=10000&f=json
USGS-331902081242804,,,,,33.3215378002483,-81.4067733097697,47.9,1999-06-29,Approved,,,,,,,72019,00003,https://api.waterdata.usgs.gov/ogcapi/v0/collections/latest-daily/items?parameter_code=72019&statistic_id=00003&limit=10000&f=json
USGS-331903081242702,,,,,33.3215378002483,-81.4067733097697,54.73,1999-06-29,Approved,,,,,,,72019,00003,https://api.waterdata.usgs.gov/ogcapi/v0/collections/latest-daily/items?parameter_code=72019&statistic_id=00003&limit=10000&f=json
USGS-331914081242801,,,,,33.3212600182424,-81.407051092016,52.26,1999-06-29,Approved,,,,,,,72019,00003,https://api.waterdata.usgs.gov/ogcapi/v0/collections/latest-daily/items?parameter_code=72019&statistic_id=00003&limit=10000&f=json
USGS-331915081242801,,,,,33.3218155751248,-81.4067733079921,21.81,1999-06-29,Approved,,,,,,,72019,00003,https://api.waterdata.usgs.gov/ogcapi/v0/collections/latest-daily/items?parameter_code=72019&statistic_id=00003&limit=10000&f=json
USGS-331915112400601,,,,,33.32094444444445,-112.66839444444444,12.27,2026-04-27,Approved,,,,,,,72019,00003,https://api.waterdata.usgs.gov/ogcapi/v0/collections/latest-daily/items?parameter_code=72019&statistic_id=00003&limit=10000&f=json
USGS-331916081242801,,,,,33.3218155822489,-81.4064955275245,49.55,1999-06-29,Approved,,,,,,,72019,00003,https://api.waterdata.usgs.gov/ogcapi/v0/collections/latest-daily/items?parameter_code=72019&statistic_id=00003&limit=10000&f=json
USGS-331940081443501,,,,,33.32792689258535,-81.74289379331586,161.09,2021-03-11,Approved,,,,,,,72019,00003,https://api.waterdata.usgs.gov/ogcapi/v0/collections/latest-daily/items?parameter_code=72019&statistic_id=00003&limit=10000&f=json
USGS-331944082025501,,,,,33.3295555555556,-82.0492777777778,214.6,2026-08-27,Provisional,,,,,,,72019,00003,https://api.waterdata.usgs.gov/ogcapi/v0/collections/latest-daily/items?parameter_code=72019&statistic_id=00003&limit=10000&f=json
USGS-332007090525401,,,,,33.3355361111111,-90.8832611111111,23.06,1985-03-16,Approved,,,,,,,72019,00003,https://api.waterdata.usgs.gov/ogcapi/v0/collections/latest-daily/items?parameter_code=72019&statistic_id=00003&limit=10000&f=json
USGS-332115103403301,,,,,33.356719444444444,-103.67778333333334,60.17,2024-05-05,Provisional,,,,,,,72019,00003,https://api.waterdata.usgs.gov/ogcapi/v0/collections/latest-daily/items?parameter_code=72019&statistic_id=00003&limit=10000&f=json
USGS-332127091032701,,,,,33.357061562316,-91.0551065040011,47.28,1993-09-30,Approved,,,,,,,72019,00003,https://api.waterdata.usgs.gov/ogcapi/v0/collections/latest-daily/items?parameter_code=72019&statistic_id=00003&limit=10000&f=json
USGS-332131082013401,,,,,33.3585555555556,-82.0261388888889,69.58,2026-08-27,Provisional,,,,,,,72019,00003,https://api.waterdata.usgs.gov/ogcapi/v0/collections/latest-daily/items?parameter_code=72019&statistic_id=00003&limit=10000&f=json
USGS-332202090592501,,,,,33.3673395240172,-90.9803817332813,14.31,1985-05-31,Approved,,,,,,,72019,00003,https://api.waterdata.usgs.gov/ogcapi/v0/collections/latest-daily/items?parameter_code=72019&statistic_id=00003&limit=10000&f=json
USGS-332215081575201,,,,,33.3708611111111,-81.9643611111111,25.24,2010-09-28,Approved,,,,,,,72019,00003,https://api.waterdata.usgs.gov/ogcapi/v0/collections/latest-daily/items?parameter_code=72019&statistic_id=00003&limit=10000&f=json
USGS-332216081583601,,,,,33.3715,-81.9763611111111,35.64,2010-03-16,Approved,,,,,,,72019,00003,https://api.waterdata.usgs.gov/ogcapi/v0/collections/latest-daily/items?parameter_code=72019&statistic_id=00003&limit=10000&f=json
USGS-332219081583301,,,,,33.3721388888889,-81.9757805555556,32.87,2010-09-28,Approved,,,,,,,72019,00003,https://api.waterdata.usgs.gov/ogcapi/v0/collections/latest-daily/items?parameter_code=72019&statistic_id=00003&limit=10000&f=json
USGS-332221081584601,,,,,33.3725555555556,-81.9795277777778,44.2,2026-08-27,Provisional,,,,,,,72019,00003,https://api.waterdata.usgs.gov/ogcapi/v0/collections/latest-daily/items?parameter_code=72019&statistic_id=00003&limit=10000&f=json
USGS-332221081584602,,,,,33.3725277777778,-81.9795277777778,38.48,2026-08-27,Provisional,,,,,,,72019,00003,https://api.waterdata.usgs.gov/ogcapi/v0/collections/latest-daily/items?parameter_code=72019&statistic_id=00003&limit=10000&f=json
USGS-332223091043301,,,,,33.3731722222222,-91.0754472222222,11.63,1994-09-30,Approved,,,,,,,72019,00003,https://api.waterdata.usgs.gov/ogcapi/v0/collections/latest-daily/items?parameter_code=72019&statistic_id=00003&limit=10000&f=json
USGS-332242091030401,,,,,33.3661083333333,-91.0397194444444,10.34,1994-09-30,Approved,,,,,,,72019,00003,https://api.waterdata.usgs.gov/ogcapi/v0/collections/latest-daily/items?parameter_code=72019&statistic_id=00003&limit=10000&f=json
USGS-332258112185801,,,,,33.38265,-112.31623888888889,10.3,2026-04-26,Provisional,,,,,,,72019,00003,https://api.waterdata.usgs.gov/ogcapi/v0/collections/latest-daily/items?parameter_code=72019&statistic_id=00003&limit=10000&f=json
USGS-332302112172501,,,,,33.384,-112.29036944444444,18.97,2026-04-26,Provisional,,,,,,,72019,00003,https://api.waterdata.usgs.gov/ogcapi/v0/collections/latest-daily/items?parameter_code=72019&statistic_id=00003&limit=10000&f=json
USGS-332312112161401,,,,,33.38666944444444,-112.2704611111111,19.38,2026-04-26,Provisional,,,,,,,72019,00003,https://api.waterdata.usgs.gov/ogcapi/v0/collections/latest-daily/items?parameter_code=72019&statistic_id=00003&limit=10000&f=json
USGS-332330099445601,,,,,33.3917635367814,-99.7492561432798,41.34,2005-09-29,Approved,,,,,,,72019,00003,https://api.waterdata.usgs.gov/ogcapi/v0/collections/latest-daily/items?parameter_code=72019&statistic_id=00003&limit=10000&f=json
USGS-332358081252000,,,,,33.3995921900222,-81.422050727799,107.71,1992-09-29,Approved,,,,,,,72019,00003,https://api.waterdata.usgs.gov/ogcapi/v0/collections/latest-daily/items?parameter_code=72019&statistic_id=00003&limit=10000&f=json
USGS-332424079171800,,,,,33.4068342406553,-79.2881071100372,143.82,2001-09-30,Approved,,,,,,,72019,00003,https://api.waterdata.usgs.gov/ogcapi/v0/collections/latest-daily/items?parameter_code=72019&statistic_id=00003&limit=10000&f=json
USGS-332432091031501,,,,,33.4090050085979,-91.0542732429649,86.52,1991-12-03,Approved,,,,,,,72019,00003,https://api.waterdata.usgs.gov/ogcapi/v0/collections/latest-daily/items?parameter_code=72019&statistic_id=00003&limit=10000&f=json
USGS-332432091031503,,,,,33.4073384011176,-91.0489952848068,88.27,1993-08-21,Approved,,,,,,,72019,00003,https://api.waterdata.usgs.gov/ogcapi/v0/collections/latest-daily/items?parameter_code=72019&statistic_id=00003&limit=10000&f=json
USGS-332528082003301,,,,,33.424530555555556,-82.00958055555556,7.29,2026-08-27,Provisional,,,,,,,72019,00003,https://api.waterdata.usgs.gov/ogcapi/v0/collections/latest-daily/items?parameter_code=72019&statistic_id=00003&limit=10000&f=json
USGS-332610079104000,,,,,33.4360012803863,-79.1761565318919,117.36,1992-05-09,Approved,,,,,,,72019,00003,https://api.waterdata.usgs.gov/ogcapi/v0/collections/latest-daily/items?parameter_code=72019&statistic_id=00003&limit=10000&f=json
USGS-332616081461601,,,,,33.4376400275447,-81.7701111951934,181.13,2001-09-29,Approved,,,,,,,72019,00003,https://api.waterdata.usgs.gov/ogcapi/v0/collections/latest-daily/items?parameter_code=72019&statistic_id=00003&limit=10000&f=json
USGS-332616081461701,,,,,33.4376400249083,-81.7703889792513,181.44,2001-09-29,Approved,,,,,,,72019,00003,https://api.waterdata.usgs.gov/ogcapi/v0/collections/latest-daily/items?parameter_code=72019&statistic_id=00003&limit=10000&f=json
USGS-332616081462001,,,,,33.4379177931875,-81.7703889758138,183.99,2001-08-31,Approved,,,,,,,72019,00003,https://api.waterdata.usgs.gov/ogcapi/v0/collections/latest-daily/items?parameter_code=72019&statistic_id=00003&limit=10000&f=json
USGS-332617081462001,,,,,33.4379177958248,-81.7701111917532,181.57,2001-09-29,Approved,,,,,,,72019,00003,https://api.waterdata.usgs.gov/ogcapi/v0/collections/latest-daily/items?parameter_code=72019&statistic_id=00003&limit=10000&f=json
USGS-332649081072500,,,,,33.4470972998525,-81.1234328275949,32.27,1992-09-29,Approved,,,,,,,72019,00003,https://api.waterdata.usgs.gov/ogcapi/v0/collections/latest-daily/items?parameter_code=72019&statistic_id=00003&limit=10000&f=json
USGS-332740088464301,,,,,33.4540106959125,-88.7867193736608,250.26,1991-08-19,Approved,,,,,,,72019,00003,https://api.waterdata.usgs.gov/ogcapi/v0/collections/latest-daily/items?parameter_code=72019&statistic_id=00003&limit=10000&f=json
USGS-332740088464303,,,,,33.4537329232619,-88.7869971618342,253.43,1994-09-29,Approved,,,,,,,72019,00003,https://api.waterdata.usgs.gov/ogcapi/v0/collections/latest-daily/items?parameter_code=72019&statistic_id=00003&limit=10000&f=json
USGS-332806088230501,,,,,33.4684523032679,-88.3847611629241,4.43,1993-04-19,Approved,,,,,,,72019,00003,https://api.waterdata.usgs.gov/ogcapi/v0/collections/latest-daily/items?parameter_code=72019&statistic_id=00003&limit=10000&f=json
USGS-332808083010201,,,,,33.4690229022014,-83.017094855095,4.04,2026-08-27,Provisional,,,,,,,72019,00003,https://api.waterdata.usgs.gov/ogcapi/v0/collections/latest-daily/items?parameter_code=72019&statistic_id=00003&limit=10000&f=json
USGS-332826090441601,,,,,33.4741666666667,-90.7380555555556,24.41,1994-09-30,Approved,,,,,,,72019,00003,https://api.waterdata.usgs.gov/ogcapi/v0/collections/latest-daily/items?parameter_code=72019&statistic_id=00003&limit=10000&f=json
USGS-332934086353801,,,,,33.4927720070042,-86.593734959496,69.42,2014-09-29,Approved,,,,,,,72019,00003,https://api.waterdata.usgs.gov/ogcapi/v0/collections/latest-daily/items?parameter_code=72019&statistic_id=00003&limit=10000&f=json
USGS-332937105314501,,,,,33.4946222222222,-105.530733333333,19.41,2026-08-26,Provisional,,,,,,,72019,00003,https://api.waterdata.usgs.gov/ogcapi/v0/collections/latest-daily/items?parameter_code=72019&statistic_id=00003&limit=10000&f=json
USGS-333021089202901,,,,,33.5059558686822,-89.3439587225916,134.04,1993-08-22,Approved,,,,,,,72019,00003,https://api.waterdata.usgs.gov/ogcapi/v0/collections/latest-daily/items?parameter_code=72019&statistic_id=00003&limit=10000&f=json
USGS-333117114322801,,,,,33.5216906836347,-114.543273505392,11.1,2026-07-22,Approved,,,,,,,72019,00003,https://api.waterdata.usgs.gov/ogcapi/v0/collections/latest-daily/items?parameter_code=72019&statistic_id=00003&limit=10000&f=json
USGS-333204087324601,,,,,33.5345575687437,-87.5461170980437,41.77,2026-08-26,Provisional,,,,,,,72019,00003,https://api.waterdata.usgs.gov/ogcapi/v0/collections/latest-daily/items?parameter_code=72019&statistic_id=00003&limit=10000&f=json
USGS-333214114535501,,,,,33.537250894209,-114.899137218468,234.01,2026-07-22,Provisional,,,,,,,72019,00003,https://api.waterdata.usgs.gov/ogcapi/v0/collections/latest-daily/items?parameter_code=72019&statistic_id=00003&limit=10000&f=json
USGS-333230081290501,,,,,33.5423682511165,-81.4856611594293,23.83,2001-09-29,Approved,,,,,,,72019,00003,https://api.waterdata.usgs.gov/ogcapi/v0/collections/latest-daily/items?parameter_code=72019&statistic_id=00003&limit=10000&f=json
USGS-333232081290605,,,,,33.5423682560543,-81.4853833792801,41.95,2003-08-10,Approved,,,,,,,72019,00003,https://api.waterdata.usgs.gov/ogcapi/v0/collections/latest-daily/items?parameter_code=72019&statistic_id=00003&limit=10000&f=json
USGS-333233081290704,,,,,33.5423682560543,-81.4853833792801,36.01,2002-09-29,Approved,,,,,,,72019,00003,https://api.waterdata.usgs.gov/ogcapi/v0/collections/latest-daily/items?parameter_code=72019&statistic_id=00003&limit=10000&f=json
USGS-333233081290802,,,,,33.5423682511165,-81.4856611594293,28.36,2002-09-29,Approved,,,,,,,72019,00003,https://api.waterdata.usgs.gov/ogcapi/v0/collections/latest-daily/items?parameter_code=72019&statistic_id=00003&limit=10000&f=json
USGS-333234081290703,,,,,33.5423682560543,-81.4853833792801,29.58,2002-09-29,Approved,,,,,,,72019,00003,https://api.waterdata.usgs.gov/ogcapi/v0/collections/latest-daily/items?parameter_code=72019&statistic_id=00003&limit=10000&f=json
USGS-333235081290801,,,,,33.5426460322974,-81.4856611557236,25.9,2001-09-29,Approved,,,,,,,72019,00003,https://api.waterdata.usgs.gov/ogcapi/v0/collections/latest-daily/items?parameter_code=72019&statistic_id=00003&limit=10000&f=json
USGS-333251090323801,,,,,33.5475,-90.5438888888889,0,2025-07-22,Provisional,DISCONTINUED,,,,,,72019,00003,https://api.waterdata.usgs.gov/ogcapi/v0/collections/latest-daily/items?parameter_code=72019&statistic_id=00003&limit=10000&f=json
USGS-333315090151801,,,,,33.5550055555556,-90.2558416666667,21.19,1994-08-06,Approved,,,,,,,72019,00003,https://api.waterdata.usgs.gov/ogcapi/v0/collections/latest-daily/items?parameter_code=72019&statistic_id=00003&limit=10000&f=json
USGS-333346084400101,,,,,33.5628896530333,-84.6668772926852,3.79,1986-08-28,Approved,,,,,,,72019,00003,https://api.waterdata.usgs.gov/ogcapi/v0/collections/latest-daily/items?parameter_code=72019&statistic_id=00003&limit=10000&f=json
USGS-333347084400101,,,,,33.5628896530333,-84.6668772926852,1.43,1986-11-26,Approved,,,,,,,72019,00003,https://api.waterdata.usgs.gov/ogcapi/v0/collections/latest-daily/items?parameter_code=72019&statistic_id=00003&limit=10000&f=json
USGS-333509088402801,,,,,33.5859524502263,-88.6744929984132,141.28,1993-09-30,Approved,,,,,,,72019,00003,https://api.waterdata.usgs.gov/ogcapi/v0/collections/latest-daily/items?parameter_code=72019&statistic_id=00003&limit=10000&f=json
USGS-333537084081701,,,,,33.5936111111111,-84.1380555555556,14.78,2006-03-23,Approved,,,,,,,72019,00003,https://api.waterdata.usgs.gov/ogcapi/v0/collections/latest-daily/items?parameter_code=72019&statistic_id=00003&limit=10000&f=json
USGS-333712088384601,,,,,33.6201183772408,-88.6461586348364,83.33,1993-08-22,Approved,,,,,,,72019,00003,https://api.waterdata.usgs.gov/ogcapi/v0/collections/latest-daily/items?parameter_code=72019&statistic_id=00003&limit=10000&f=json
USGS-333805088291002,,,,,33.6348391860483,-88.4861533869037,10.03,1990-12-11,Approved,,,,,,,72019,00003,https://api.waterdata.usgs.gov/ogcapi/v0/collections/latest-daily/items?parameter_code=72019&statistic_id=00003&limit=10000&f=json
USGS-333823084033501,,,,,33.6398327286687,-84.0596362345873,14.89,1983-07-12,Approved,,,,,,,72019,00003,https://api.waterdata.usgs.gov/ogcapi/v0/collections/latest-daily/items?parameter_code=72019&statistic_id=00003&limit=10000&f=json
USGS-333856102332401,,,,,33.6489855204057,-102.557136827281,153.12,1993-09-29,Approved,,,,,,,72019,00003,https://api.waterdata.usgs.gov/ogcapi/v0/collections/latest-daily/items?parameter_code=72019&statistic_id=00003&limit=10000&f=json
USGS-333858083430001,,,,,33.6495615362197,-83.7165643941797,4.29,1994-07-23,Approved,,,,,,,72019,00003,https://api.waterdata.usgs.gov/ogcapi/v0/collections/latest-daily/items?parameter_code=72019&statistic_id=00003&limit=10000&f=json
USGS-333859114291701,,,,,33.6494597501691,-114.489120667461,41.83,2026-07-22,Provisional,,,,,,,72019,00003,https://api.waterdata.usgs.gov/ogcapi/v0/collections/latest-daily/items?parameter_code=72019&statistic_id=00003&limit=10000&f=json
USGS-333939114411501,,,,,33.6610868704045,-114.688301669051,145.48,2026-07-22,Provisional,,,,,,,72019,00003,https://api.waterdata.usgs.gov/ogcapi/v0/collections/latest-daily/items?parameter_code=72019&statistic_id=00003&limit=10000&f=json
USGS-333954084003301,,,,,33.6567773187485,-84.0090788450898,58.08,2005-09-29,Approved,,,,,,,72019,00003,https://api.waterdata.usgs.gov/ogcapi/v0/collections/latest-daily/items?parameter_code=72019&statistic_id=00003&limit=10000&f=json
USGS-334038084262001,,,,,33.6787197821604,-84.4388168847422,19.75,1985-08-27,Approved,,,,,,,72019,00003,https://api.waterdata.usgs.gov/ogcapi/v0/collections/latest-daily/items?parameter_code=72019&statistic_id=00003&limit=10000&f=json
USGS-334207084254801,,,,,33.7020524495317,-84.4299279300156,7.02,2026-08-27,Provisional,,,,,,,72019,00003,https://api.waterdata.usgs.gov/ogcapi/v0/collections/latest-daily/items?parameter_code=72019&statistic_id=00003&limit=10000&f=json
USGS-334215089442701,,,,,33.7058333333333,-89.7408333333333,12.11,2026-08-26,Provisional,,,,,,,72019,00003,https://api.waterdata.usgs.gov/ogcapi/v0/collections/latest-daily/items?parameter_code=72019&statistic_id=00003&limit=10000&f=json
USGS-334236096392701,,,,,33.7101051059884,-96.6577723254852,326.95,2005-09-25,Approved,,,,,,,72019,00003,https://api.waterdata.usgs.gov/ogcapi/v0/collections/latest-daily/items?parameter_code=72019&statistic_id=00003&limit=10000&f=json
USGS-334404102414301,,,,,33.7345415136938,-102.695759862393,150.16,2005-09-29,Approved,,,,,,,72019,00003,https://api.waterdata.usgs.gov/ogcapi/v0/collections/latest-daily/items?parameter_code=72019&statistic_id=00003&limit=10000&f=json
USGS-334410079310200,,,,,33.7307213669094,-79.5220043744869,55.09,1992-09-29,Approved,,,,,,,72019,00003,https://api.waterdata.usgs.gov/ogcapi/v0/collections/latest-daily/items?parameter_code=72019&statistic_id=00003&limit=10000&f=json
USGS-334434084350401,,,,,33.7431631323219,-84.5838215108696,2.58,1986-11-26,Approved,,,,,,,72019,00003,https://api.waterdata.usgs.gov/ogcapi/v0/collections/latest-daily/items?parameter_code=72019&statistic_id=00003&limit=10000&f=json
USGS-334548080403100,,,,,33.7633333333333,-80.6752777777778,7.85,2005-05-30,Approved,,,,,,,72019,00003,https://api.waterdata.usgs.gov/ogcapi/v0/collections/latest-daily/items?parameter_code=72019&statistic_id=00003&limit=10000&f=json
USGS-334613080470400,,,,,33.7702777777778,-80.7844444444444,11.02,2006-09-29,Approved,,,,,,,72019,00003,https://api.waterdata.usgs.gov/ogcapi/v0/collections/latest-daily/items?parameter_code=72019&statistic_id=00003&limit=10000&f=json
USGS-334616080470600,,,,,33.7711388888889,-80.785,5.81,2005-08-25,Approved,,,,,,,72019,00003,https://api.waterdata.usgs.gov/ogcapi/v0/collections/latest-daily/items?parameter_code=72019&statistic_id=00003&limit=10000&f=json
USGS-334717096280101,,,,,33.78791944444444,-96.46702222222223,6.47,2024-12-10,Approved,,,,,,,72019,00003,https://api.waterdata.usgs.gov/ogcapi/v0/collections/latest-daily/items?parameter_code=72019&statistic_id=00003&limit=10000&f=json
USGS-334741080465400,,,,,33.79475,-80.7815833333333,-0.79,2005-07-03,Approved,,,,,,,72019,00003,https://api.waterdata.usgs.gov/ogcapi/v0/collections/latest-daily/items?parameter_code=72019&statistic_id=00003&limit=10000&f=json
USGS-334747078435400,,,,,33.7965613358902,-78.731407030442,60.17,1992-09-29,Approved,,,,,,,72019,00003,https://api.waterdata.usgs.gov/ogcapi/v0/collections/latest-daily/items?parameter_code=72019&statistic_id=00003&limit=10000&f=json
USGS-334751080424200,,,,,33.79775,-80.7118611111111,2.71,2005-07-25,Approved,,,,,,,72019,00003,https://api.waterdata.usgs.gov/ogcapi/v0/collections/latest-daily/items?parameter_code=72019&statistic_id=00003&limit=10000&f=json
USGS-334833080515800,,,,,33.8093888888889,-80.8663611111111,13.57,2006-09-19,Approved,,,,,,,72019,00003,https://api.waterdata.usgs.gov/ogcapi/v0/collections/latest-daily/items?parameter_code=72019&statistic_id=00003&limit=10000&f=json
USGS-334835080515600,,,,,33.8098766696361,-80.8653681379972,13.48,2005-09-29,Approved,,,,,,,72019,00003,https://api.waterdata.usgs.gov/ogcapi/v0/collections/latest-daily/items?parameter_code=72019&statistic_id=00003&limit=10000&f=json
USGS-334843088332601,,,,,33.8120587650158,-88.5581001879165,17.27,1993-09-30,Approved,,,,,,,72019,00003,https://api.waterdata.usgs.gov/ogcapi/v0/collections/latest-daily/items?parameter_code=72019&statistic_id=00003&limit=10000&f=json
USGS-334844080514200,,,,,33.8123766498792,-80.8614791877215,9.93,2005-09-29,Approved,,,,,,,72019,00003,https://api.waterdata.usgs.gov/ogcapi/v0/collections/latest-daily/items?parameter_code=72019&statistic_id=00003&limit=10000&f=json
USGS-334847096275901,,,,,33.812999999999995,-96.46638611111112,28.14,2024-12-10,Approved,,,,,,,72019,00003,https://api.waterdata.usgs.gov/ogcapi/v0/collections/latest-daily/items?parameter_code=72019&statistic_id=00003&limit=10000&f=json
USGS-334852080471400,,,,,33.8146388888889,-80.7874444444444,1.25,2005-07-20,Approved,,,,,,,72019,00003,https://api.waterdata.usgs.gov/ogcapi/v0/collections/latest-daily/items?parameter_code=72019&statistic_id=00003&limit=10000&f=json
USGS-334859080493900,,,,,33.8165431377977,-80.8273121169258,6.84,2005-09-29,Approved,,,,,,,72019,00003,https://api.waterdata.usgs.gov/ogcapi/v0/collections/latest-daily/items?parameter_code=72019&statistic_id=00003&limit=10000&f=json
USGS-334930080514400,,,,,33.825154428304,-80.8620346483433,2.18,2005-07-28,Approved,,,,,,,72019,00003,https://api.waterdata.usgs.gov/ogcapi/v0/collections/latest-daily/items?parameter_code=72019&statistic_id=00003&limit=10000&f=json
USGS-334944080380100,,,,,33.8304336045957,-80.6289757690887,32.67,1992-06-26,Approved,,,,,,,72019,00003,https://api.waterdata.usgs.gov/ogcapi/v0/collections/latest-daily/items?parameter_code=72019&statistic_id=00003&limit=10000&f=json
USGS-334945101505201,,,,,33.8292483442117,-101.848226908383,177.49,2005-09-29,Approved,,,,,,,72019,00003,https://api.waterdata.usgs.gov/ogcapi/v0/collections/latest-daily/items?parameter_code=72019&statistic_id=00003&limit=10000&f=json
USGS-334950080491000,,,,,33.8307097373668,-80.8192563470788,12.62,2005-09-29,Approved,,,,,,,72019,00003,https://api.waterdata.usgs.gov/ogcapi/v0/collections/latest-daily/items?parameter_code=72019&statistic_id=00003&limit=10000&f=json
USGS-334953101503701,,,,,33.8314704921788,-101.844060198094,195.55,2000-09-29,Approved,,,,,,,72019,00003,https://api.waterdata.usgs.gov/ogcapi/v0/collections/latest-daily/items?parameter_code=72019&statistic_id=00003&limit=10000&f=json
USGS-335001095471701,,,,,33.83374722222222,-95.788175,10.95,2024-12-09,Approved,,,,,,,72019,00003,https://api.waterdata.usgs.gov/ogcapi/v0/collections/latest-daily/items?parameter_code=72019&statistic_id=00003&limit=10000&f=json
USGS-335030095243401,,,,,33.84158333333333,-95.40953611111112,9.04,2024-12-09,Approved,,,,,,,72019,00003,https://api.waterdata.usgs.gov/ogcapi/v0/collections/latest-daily/items?parameter_code=72019&statistic_id=00003&limit=10000&f=json
USGS-335115079033500,,,,,33.8496144263276,-79.0572590987198,57.68,1992-09-29,Approved,,,,,,,72019,00003,https://api.waterdata.usgs.gov/ogcapi/v0/collections/latest-daily/items?parameter_code=72019&statistic_id=00003&limit=10000&f=json
USGS-335143079195000,,,,,33.8621103472144,-79.3303281248353,42.46,2001-09-29,Approved,,,,,,,72019,00003,https://api.waterdata.usgs.gov/ogcapi/v0/collections/latest-daily/items?parameter_code=72019&statistic_id=00003&limit=10000&f=json
USGS-335146078002001,,,,,33.862769444444446,-78.00568888888888,5.3,2015-09-16,Approved,,,,,,,72019,00003,https://api.waterdata.usgs.gov/ogcapi/v0/collections/latest-daily/items?parameter_code=72019&statistic_id=00003&limit=10000&f=json
USGS-335258091152301,,,,,33.8823805555556,-91.2582333333333,37,2026-08-26,Provisional,,,,,,,72019,00003,https://api.waterdata.usgs.gov/ogcapi/v0/collections/latest-daily/items?parameter_code=72019&statistic_id=00003&limit=10000&f=json
USGS-335301096480601,,,,,33.88375277777778,-96.80169166666667,59.98,2022-06-07,Approved,,,,,,,72019,00003,https://api.waterdata.usgs.gov/ogcapi/v0/collections/latest-daily/items?parameter_code=72019&statistic_id=00003&limit=10000&f=json
USGS-335334078352102,,,,,33.8930555555556,-78.5890277777778,44.03,2008-01-07,Approved,,,,,,,72019,00003,https://api.waterdata.usgs.gov/ogcapi/v0/collections/latest-daily/items?parameter_code=72019&statistic_id=00003&limit=10000&f=json
USGS-335334078352106,,,,,33.8927777777778,-78.5891666666667,2.4,2014-12-01,Approved,,,,,,,72019,00003,https://api.waterdata.usgs.gov/ogcapi/v0/collections/latest-daily/items?parameter_code=72019&statistic_id=00003&limit=10000&f=json
USGS-335335078351901,,,,,33.8930555555556,-78.5886111111111,15.68,2023-10-10,Approved,,,,,,,72019,00003,https://api.waterdata.usgs.gov/ogcapi/v0/collections/latest-daily/items?parameter_code=72019&statistic_id=00003&limit=10000&f=json
USGS-335336082214600,,,,,33.8934574978837,-82.3626268768138,38.08,2026-08-27,Provisional,,,,,,,72019,00003,https://api.waterdata.usgs.gov/ogcapi/v0/collections/latest-daily/items?parameter_code=72019&statistic_id=00003&limit=10000&f=json
USGS-335337094451101,,,,,33.893720767715,-94.7532695585254,7.51,1993-09-30,Approved,,,,,,,72019,00003,https://api.waterdata.usgs.gov/ogcapi/v0/collections/latest-daily/items?parameter_code=72019&statistic_id=00003&limit=10000&f=json
USGS-335515083594201,,,,,33.9208944444444,-83.9948944444444,6.57,2001-11-13,Approved,,,,,,,72019,00003,https://api.waterdata.usgs.gov/ogcapi/v0/collections/latest-daily/items?parameter_code=72019&statistic_id=00003&limit=10000&f=json
USGS-335517084164001,,,,,33.921526564524065,-84.2776913405417,8.79,2026-08-27,Provisional,,,,,,,72019,00003,https://api.waterdata.usgs.gov/ogcapi/v0/collections/latest-daily/items?parameter_code=72019&statistic_id=00003&limit=10000&f=json
USGS-335528095325701,,,,,33.92437777777778,-95.54908333333333,22.05,2024-12-09,Approved,,,,,,,72019,00003,https://api.waterdata.usgs.gov/ogcapi/v0/collections/latest-daily/items?parameter_code=72019&statistic_id=00003&limit=10000&f=json
USGS-335535094565301,,,,,33.92633333333333,-94.94808888888889,11.1,2024-10-21,Approved,,,,,,,72019,00003,https://api.waterdata.usgs.gov/ogcapi/v0/collections/latest-daily/items?parameter_code=72019&statistic_id=00003&limit=10000&f=json
USGS-335602080204800,,,,,33.9340460959701,-80.3464693324327,58.79,1992-09-29,Approved,,,,,,,72019,00003,https://api.waterdata.usgs.gov/ogcapi/v0/collections/latest-daily/items?parameter_code=72019&statistic_id=00003&limit=10000&f=json
USGS-335602084313101,,,,,33.9340777777778,-84.5252944444444,15.87,1999-10-28,Approved,,,,,,,72019,00003,https://api.waterdata.usgs.gov/ogcapi/v0/collections/latest-daily/items?parameter_code=72019&statistic_id=00003&limit=10000&f=json
USGS-335602084313102,,,,,33.9340972222222,-84.5252388888889,17.36,1999-09-29,Approved,,,,,,,72019,00003,https://api.waterdata.usgs.gov/ogcapi/v0/collections/latest-daily/items?parameter_code=72019&statistic_id=00003&limit=10000&f=json
USGS-335605084312101,,,,,33.9347138888889,-84.5221861111111,9.88,1999-10-31,Approved,,,,,,,72019,00003,https://api.waterdata.usgs.gov/ogcapi/v0/collections/latest-daily/items?parameter_code=72019&statistic_id=00003&limit=10000&f=json
USGS-335605084312102,,,,,33.9347388888889,-84.5221833333333,11.77,2000-04-03,Approved,,,,,,,72019,00003,https://api.waterdata.usgs.gov/ogcapi/v0/collections/latest-daily/items?parameter_code=72019&statistic_id=00003&limit=10000&f=json
USGS-335605084312801,,,,,33.9349333333333,-84.5240138888889,7.45,2000-07-05,Approved,,,,,,,72019,00003,https://api.waterdata.usgs.gov/ogcapi/v0/collections/latest-daily/items?parameter_code=72019&statistic_id=00003&limit=10000&f=json
USGS-335612084312901,,,,,33.9368666666667,-84.5250666666667,5.1,2008-04-22,Approved,,,,,,,72019,00003,https://api.waterdata.usgs.gov/ogcapi/v0/collections/latest-daily/items?parameter_code=72019&statistic_id=00003&limit=10000&f=json
USGS-335612084312902,,,,,33.9368472222222,-84.52505,22.6,2026-08-27,Provisional,,,,,,,72019,00003,https://api.waterdata.usgs.gov/ogcapi/v0/collections/latest-daily/items?parameter_code=72019&statistic_id=00003&limit=10000&f=json
USGS-335614084010701,,,,,33.9372222222222,-84.0186111111111,26.26,2014-06-09,Approved,,,,,,,72019,00003,https://api.waterdata.usgs.gov/ogcapi/v0/collections/latest-daily/items?parameter_code=72019&statistic_id=00003&limit=10000&f=json
USGS-335614084010702,,,,,33.9371111111111,-84.0185,22.02,2014-06-09,Approved,,,,,,,72019,00003,https://api.waterdata.usgs.gov/ogcapi/v0/collections/latest-daily/items?parameter_code=72019&statistic_id=00003&limit=10000&f=json
USGS-335623084014401,,,,,33.9396444444444,-84.0288833333333,-1.72,2003-01-02,Approved,,,,,,,72019,00003,https://api.waterdata.usgs.gov/ogcapi/v0/collections/latest-daily/items?parameter_code=72019&statistic_id=00003&limit=10000&f=json
USGS-335629078115406,,,,,33.9411111111111,-78.1986111111111,14,2026-08-27,Provisional,,,,,,,72019,00003,https://api.waterdata.usgs.gov/ogcapi/v0/collections/latest-daily/items?parameter_code=72019&statistic_id=00003&limit=10000&f=json
USGS-335629078115407,,,,,33.9413888888889,-78.1986111111111,8.88,2023-10-10,Approved,,,,,,,72019,00003,https://api.waterdata.usgs.gov/ogcapi/v0/collections/latest-daily/items?parameter_code=72019&statistic_id=00003&limit=10000&f=json
USGS-335631078003604,,,,,33.9419444444444,-78.0097222222222,23.64,2026-08-27,Provisional,,,,,,,72019,00003,https://api.waterdata.usgs.gov/ogcapi/v0/collections/latest-daily/items?parameter_code=72019&statistic_id=00003&limit=10000&f=json
USGS-335631078003605,,,,,33.9419444444444,-78.0097222222222,21.99,2026-08-27,Provisional,,,,,,,72019,00003,https://api.waterdata.usgs.gov/ogcapi/v0/collections/latest-daily/items?parameter_code=72019&statistic_id=00003&limit=10000&f=json
USGS-335631078003606,,,,,33.9419444444444,-78.0097222222222,4.93,2023-10-11,Approved,,,,,,,72019,00003,https://api.waterdata.usgs.gov/ogcapi/v0/collections/latest-daily/items?parameter_code=72019&statistic_id=00003&limit=10000&f=json
USGS-335633083494201,,,,,33.942975,-83.9953333333333,3.69,1999-04-13,Approved,,,,,,,72019,00003,https://api.waterdata.usgs.gov/ogcapi/v0/collections/latest-daily/items?parameter_code=72019&statistic_id=00003&limit=10000&f=json
USGS-335641084021101,,,,,33.9446944444444,-84.0363972222222,4.65,2001-11-15,Approved,,,,,,,72019,00003,https://api.waterdata.usgs.gov/ogcapi/v0/collections/latest-daily/items?parameter_code=72019&statistic_id=00003&limit=10000&f=json
USGS-335646084010701,,,,,33.9460777777778,-84.0187333333333,-0.5,2001-11-05,Approved,,,,,,,72019,00003,https://api.waterdata.usgs.gov/ogcapi/v0/collections/latest-daily/items?parameter_code=72019&statistic_id=00003&limit=10000&f=json
USGS-335653084010101,,,,,33.94795,-84.0169805555555,10.87,2014-06-09,Approved,,,,,,,72019,00003,https://api.waterdata.usgs.gov/ogcapi/v0/collections/latest-daily/items?parameter_code=72019&statistic_id=00003&limit=10000&f=json
USGS-335705084012801,,,,,33.9515,-84.0243888888889,18.29,2013-03-29,Approved,,,,,,,72019,00003,https://api.waterdata.usgs.gov/ogcapi/v0/collections/latest-daily/items?parameter_code=72019&statistic_id=00003&limit=10000&f=json
USGS-335705084012802,,,,,33.9515,-84.0243888888889,19.29,2013-03-29,Approved,,,,,,,72019,00003,https://api.waterdata.usgs.gov/ogcapi/v0/collections/latest-daily/items?parameter_code=72019&statistic_id=00003&limit=10000&f=json
USGS-335711084011901,,,,,33.9530694444444,-84.0219666666667,13.81,2001-11-15,Approved,,,,,,,72019,00003,https://api.waterdata.usgs.gov/ogcapi/v0/collections/latest-daily/items?parameter_code=72019&statistic_id=00003&limit=10000&f=json
USGS-335712083574101,,,,,33.9533583333333,-83.9614194444444,7.32,2001-11-15,Approved,,,,,,,72019,00003,https://api.waterdata.usgs.gov/ogcapi/v0/collections/latest-daily/items?parameter_code=72019&statistic_id=00003&limit=10000&f=json
USGS-335720083594301,,,,,33.9556444444444,-83.9951805555555,14.81,1999-04-06,Approved,,,,,,,72019,00003,https://api.waterdata.usgs.gov/ogcapi/v0/collections/latest-daily/items?parameter_code=72019&statistic_id=00003&limit=10000&f=json
USGS-335721084002601,,,,,33.95585,-84.0069333333333,4.17,1999-04-13,Approved,,,,,,,72019,00003,https://api.waterdata.usgs.gov/ogcapi/v0/collections/latest-daily/items?parameter_code=72019&statistic_id=00003&limit=10000&f=json
USGS-335721084004801,,,,,33.9558722222222,-84.0133666666667,-2.67,2003-01-30,Approved,,,,,,,72019,00003,https://api.waterdata.usgs.gov/ogcapi/v0/collections/latest-daily/items?parameter_code=72019&statistic_id=00003&limit=10000&f=json
USGS-335725083584501,,,,,33.9570484726113,-83.9790730694254,10.09,1998-03-30,Approved,,,,,,,72019,00003,https://api.waterdata.usgs.gov/ogcapi/v0/collections/latest-daily/items?parameter_code=72019&statistic_id=00003&limit=10000&f=json
USGS-335732083584301,,,,,33.9590611111111,-83.9785166666667,131.77,1996-07-20,Approved,,,,,,,72019,00003,https://api.waterdata.usgs.gov/ogcapi/v0/collections/latest-daily/items?parameter_code=72019&statistic_id=00003&limit=10000&f=json
USGS-335732083584302,,,,,33.959075,-83.9785166666667,10.23,1996-01-30,Approved,,,,,,,72019,00003,https://api.waterdata.usgs.gov/ogcapi/v0/collections/latest-daily/items?parameter_code=72019&statistic_id=00003&limit=10000&f=json
USGS-335733083584502,,,,,33.9594777777778,-83.9791138888889,109.34,1998-04-30,Approved,,,,,,,72019,00003,https://api.waterdata.usgs.gov/ogcapi/v0/collections/latest-daily/items?parameter_code=72019&statistic_id=00003&limit=10000&f=json
USGS-335734083584601,,,,,33.9593027777778,-83.979575,99.35,1997-03-26,Approved,,,,,,,72019,00003,https://api.waterdata.usgs.gov/ogcapi/v0/collections/latest-daily/items?parameter_code=72019&statistic_id=00003&limit=10000&f=json
USGS-335734083584602,,,,,33.959575,-83.9789222222222,5.13,1996-12-25,Approved,,,,,,,72019,00003,https://api.waterdata.usgs.gov/ogcapi/v0/collections/latest-daily/items?parameter_code=72019&statistic_id=00003&limit=10000&f=json
USGS-335735083584502,,,,,33.9598261881397,-83.9787952132128,100.43,1997-08-03,Approved,,,,,,,72019,00003,https://api.waterdata.usgs.gov/ogcapi/v0/collections/latest-daily/items?parameter_code=72019&statistic_id=00003&limit=10000&f=json
USGS-335735083584503,,,,,33.9594333333333,-83.9791666666667,5.03,1999-11-15,Approved,,,,,,,72019,00003,https://api.waterdata.usgs.gov/ogcapi/v0/collections/latest-daily/items?parameter_code=72019&statistic_id=00003&limit=10000&f=json
USGS-335739083594001,,,,,33.9609,-83.9943388888889,23.94,2000-03-23,Approved,,,,,,,72019,00003,https://api.waterdata.usgs.gov/ogcapi/v0/collections/latest-daily/items?parameter_code=72019&statistic_id=00003&limit=10000&f=json
USGS-335740083594401,,,,,33.9612,-83.9953138888889,19.47,1998-10-06,Approved,,,,,,,72019,00003,https://api.waterdata.usgs.gov/ogcapi/v0/collections/latest-daily/items?parameter_code=72019&statistic_id=00003&limit=10000&f=json
USGS-335741084000801,,,,,33.9616027777778,-84.0018805555556,-8.16,2000-01-05,Approved,,,,,,,72019,00003,https://api.waterdata.usgs.gov/ogcapi/v0/collections/latest-daily/items?parameter_code=72019&statistic_id=00003&limit=10000&f=json
USGS-335744084011601,,,,,33.9622083333333,-84.0212555555556,17.68,2001-11-13,Approved,,,,,,,72019,00003,https://api.waterdata.usgs.gov/ogcapi/v0/collections/latest-daily/items?parameter_code=72019&statistic_id=00003&limit=10000&f=json
USGS-335747083595001,,,,,33.9632305555556,-83.9970583333333,33.78,1999-04-13,Approved,,,,,,,72019,00003,https://api.waterdata.usgs.gov/ogcapi/v0/collections/latest-daily/items?parameter_code=72019&statistic_id=00003&limit=10000&f=json
USGS-335750083595501,,,,,33.9652777777778,-83.9997222222222,42.59,2000-03-23,Approved,,,,,,,72019,00003,https://api.waterdata.usgs.gov/ogcapi/v0/collections/latest-daily/items?parameter_code=72019&statistic_id=00003&limit=10000&f=json
USGS-335752083584801,,,,,33.9645861111111,-83.9798833333333,0.34,2000-01-19,Approved,,,,,,,72019,00003,https://api.waterdata.usgs.gov/ogcapi/v0/collections/latest-daily/items?parameter_code=72019&statistic_id=00003&limit=10000&f=json
USGS-335839083572301,,,,,33.9774472222222,-83.9565416666667,31.9,2006-10-25,Approved,,,,,,,72019,00003,https://api.waterdata.usgs.gov/ogcapi/v0/collections/latest-daily/items?parameter_code=72019&statistic_id=00003&limit=10000&f=json
USGS-335849078054301,,,,,33.9802777777778,-78.0952777777778,38.08,2026-08-27,Provisional,,,,,,,72019,00003,https://api.waterdata.usgs.gov/ogcapi/v0/collections/latest-daily/items?parameter_code=72019&statistic_id=00003&limit=10000&f=json
USGS-335902083565901,,,,,33.9839083333333,-83.9496972222222,-14.14,2001-10-09,Approved,,,,,,,72019,00003,https://api.waterdata.usgs.gov/ogcapi/v0/collections/latest-daily/items?parameter_code=72019&statistic_id=00003&limit=10000&f=json
USGS-335905083565101,,,,,33.9847222222222,-83.9475,13.89,2008-02-24,Approved,,,,,,,72019,00003,https://api.waterdata.usgs.gov/ogcapi/v0/collections/latest-daily/items?parameter_code=72019&statistic_id=00003&limit=10000&f=json
USGS-335905083565102,,,,,33.9848055555556,-83.9473611111111,13.6,2008-02-24,Approved,,,,,,,72019,00003,https://api.waterdata.usgs.gov/ogcapi/v0/collections/latest-daily/items?parameter_code=72019&statistic_id=00003&limit=10000&f=json
USGS-335911090553901,,,,,33.98811111111111,-90.92616666666667,24.92,2025-02-04,Provisional,,,,,,,72019,00003,https://api.waterdata.usgs.gov/ogcapi/v0/collections/latest-daily/items?parameter_code=72019&statistic_id=00003&limit=10000&f=json
USGS-335915094504101,,,,,33.98773611111111,-94.84488055555555,23.19,2024-12-09,Approved,,,,,,,72019,00003,https://api.waterdata.usgs.gov/ogcapi/v0/collections/latest-daily/items?parameter_code=72019&statistic_id=00003&limit=10000&f=json
USGS-335929087021001,,,,,33.991525962954064,-87.036108040007,38.63,2025-02-01,Provisional,,,,,,,72019,00003,https://api.waterdata.usgs.gov/ogcapi/v0/collections/latest-daily/items?parameter_code=72019&statistic_id=00003&limit=10000&f=json
USGS-340042095051801,,,,,34.0117736248255,-95.0885607737821,78.53,2026-08-27,Provisional,,,,,,,72019,00003,https://api.waterdata.usgs.gov/ogcapi/v0/collections/latest-daily/items?parameter_code=72019&statistic_id=00003&limit=10000&f=json
USGS-340049083551101,,,,,34.0136666666667,-83.9198333333333,85.8,2011-06-01,Approved,,,,,,,72019,00003,https://api.waterdata.usgs.gov/ogcapi/v0/collections/latest-daily/items?parameter_code=72019&statistic_id=00003&limit=10000&f=json
USGS-340059080240709,,,,,34.0165438251001,-80.4020254587487,15.86,2021-12-07,Approved,EQUIP,,,,,,72019,00003,https://api.waterdata.usgs.gov/ogcapi/v0/collections/latest-daily/items?parameter_code=72019&statistic_id=00003&limit=10000&f=json
USGS-340130096012501,,,,,34.02513333333333,-96.02387777777777,133.62,2024-12-10,Approved,,,,,,,72019,00003,https://api.waterdata.usgs.gov/ogcapi/v0/collections/latest-daily/items?parameter_code=72019&statistic_id=00003&limit=10000&f=json
USGS-340204083132601,,,,,34.0348347796654,-83.2237632742539,16.58,2026-08-27,Provisional,,,,,,,72019,00003,https://api.waterdata.usgs.gov/ogcapi/v0/collections/latest-daily/items?parameter_code=72019&statistic_id=00003&limit=10000&f=json
USGS-340224083125101,,,,,34.0401124105897,-83.2140406524237,31.96,2006-12-03,Approved,,,,,,,72019,00003,https://api.waterdata.usgs.gov/ogcapi/v0/collections/latest-daily/items?parameter_code=72019&statistic_id=00003&limit=10000&f=json
USGS-340324095174501,,,,,34.056802777777776,-95.29605833333333,55.28,2024-12-09,Approved,,,,,,,72019,00003,https://api.waterdata.usgs.gov/ogcapi/v0/collections/latest-daily/items?parameter_code=72019&statistic_id=00003&limit=10000&f=json
USGS-340416078084202,,,,,34.0713888888889,-78.1448611111111,9.78,2026-08-27,Provisional,,,,,,,72019,00003,https://api.waterdata.usgs.gov/ogcapi/v0/collections/latest-daily/items?parameter_code=72019&statistic_id=00003&limit=10000&f=json
USGS-340422107370801,,,,,34.07285,-107.61885,179.64,2026-07-01,Provisional,,,,,,,72019,00003,https://api.waterdata.usgs.gov/ogcapi/v0/collections/latest-daily/items?parameter_code=72019&statistic_id=00003&limit=10000&f=json
USGS-340517081401300,,,,,34.0881927263553,-81.6701066555037,9.34,2003-07-30,Approved,,,,,,,72019,00003,https://api.waterdata.usgs.gov/ogcapi/v0/collections/latest-daily/items?parameter_code=72019&statistic_id=00003&limit=10000&f=json
USGS-340618086344001,,,,,34.104819351672,-86.5777689640382,46.88,2017-11-15,Approved,,,,,,,72019,00003,https://api.waterdata.usgs.gov/ogcapi/v0/collections/latest-daily/items?parameter_code=72019&statistic_id=00003&limit=10000&f=json
USGS-340743078202002,,,,,34.1286111111111,-78.3388888888889,30.84,2007-12-30,Approved,,,,,,,72019,00003,https://api.waterdata.usgs.gov/ogcapi/v0/collections/latest-daily/items?parameter_code=72019&statistic_id=00003&limit=10000&f=json
USGS-340743078202006,,,,,34.1286111111111,-78.3388888888889,11.52,2008-01-07,Approved,,,,,,,72019,00003,https://api.waterdata.usgs.gov/ogcapi/v0/collections/latest-daily/items?parameter_code=72019&statistic_id=00003&limit=10000&f=json
USGS-340806079563100,,,,,34.1351559501054,-79.9417329373771,36.79,2005-09-29,Approved,,,,,,,72019,00003,https://api.waterdata.usgs.gov/ogcapi/v0/collections/latest-daily/items?parameter_code=72019&statistic_id=00003&limit=10000&f=json
USGS-340828114125401,,,,,34.1413334870969,-114.215817978108,237.71,2010-08-02,Approved,,,,,,,72019,00003,https://api.waterdata.usgs.gov/ogcapi/v0/collections/latest-daily/items?parameter_code=72019&statistic_id=00003&limit=10000&f=json
USGS-340848102392801,,,,,34.1467489027201,-102.658264672713,138.38,2005-09-29,Approved,,,,,,,72019,00003,https://api.waterdata.usgs.gov/ogcapi/v0/collections/latest-daily/items?parameter_code=72019&statistic_id=00003&limit=10000&f=json
USGS-341010102240801,,,,,34.1695,-102.40405555555556,154.96,2024-05-28,Approved,,,,,,,72019,00003,https://api.waterdata.usgs.gov/ogcapi/v0/collections/latest-daily/items?parameter_code=72019&statistic_id=00003&limit=10000&f=json
USGS-341020083201701,,,,,34.1723314331546,-83.337934051622,13.31,2002-04-25,Approved,,,,,,,72019,00003,https://api.waterdata.usgs.gov/ogcapi/v0/collections/latest-daily/items?parameter_code=72019&statistic_id=00003&limit=10000&f=json
USGS-341059090334501,,,,,34.1844444444444,-90.5616666666667,39.37,1993-02-09,Approved,,,,,,,72019,00003,https://api.waterdata.usgs.gov/ogcapi/v0/collections/latest-daily/items?parameter_code=72019&statistic_id=00003&limit=10000&f=json
USGS-341144079345001,,,,,34.1957136947694,-79.5800573118331,44.88,2009-11-12,Approved,DISCONTINUED,,,,,,72019,00003,https://api.waterdata.usgs.gov/ogcapi/v0/collections/latest-daily/items?parameter_code=72019&statistic_id=00003&limit=10000&f=json
USGS-341146101555701,,,,,34.1961848925312,-101.93295763317,266.75,2005-09-29,Approved,,,,,,,72019,00003,https://api.waterdata.usgs.gov/ogcapi/v0/collections/latest-daily/items?parameter_code=72019&statistic_id=00003&limit=10000&f=json
USGS-341235088431601,,,,,34.2098298973645,-88.7211636773422,276.02,1987-01-20,Approved,,,,,,,72019,00003,https://api.waterdata.usgs.gov/ogcapi/v0/collections/latest-daily/items?parameter_code=72019&statistic_id=00003&limit=10000&f=json
USGS-341243096534501,,,,,34.2125946387471,-96.8977862946886,19.21,1993-10-20,Approved,,,,,,,72019,00003,https://api.waterdata.usgs.gov/ogcapi/v0/collections/latest-daily/items?parameter_code=72019&statistic_id=00003&limit=10000&f=json
USGS-341311090371801,,,,,34.2228,-90.6192,28.02,1987-01-14,Approved,,,,,,,72019,00003,https://api.waterdata.usgs.gov/ogcapi/v0/collections/latest-daily/items?parameter_code=72019&statistic_id=00003&limit=10000&f=json
USGS-341405080110100,,,,,34.2348767050513,-80.183403246561,12.95,1992-09-29,Approved,,,,,,,72019,00003,https://api.waterdata.usgs.gov/ogcapi/v0/collections/latest-daily/items?parameter_code=72019&statistic_id=00003&limit=10000&f=json
USGS-341408111212001,,,,,34.2355902690004,-111.356247593803,30.01,2026-08-27,Provisional,,,,,,,72019,00003,https://api.waterdata.usgs.gov/ogcapi/v0/collections/latest-daily/items?parameter_code=72019&statistic_id=00003&limit=10000&f=json
USGS-341509114002001,,,,,34.252559108152575,-114.00643993599199,6.26,2026-03-09,Provisional,,,,,,,72019,00003,https://api.waterdata.usgs.gov/ogcapi/v0/collections/latest-daily/items?parameter_code=72019&statistic_id=00003&limit=10000&f=json
USGS-341527088432401,,,,,34.2576067972239,-88.7233864278354,118.78,1993-08-22,Approved,,,,,,,72019,00003,https://api.waterdata.usgs.gov/ogcapi/v0/collections/latest-daily/items?parameter_code=72019&statistic_id=00003&limit=10000&f=json
USGS-341539114013501,,,,,34.2607294298507,-114.027212559912,7.91,2026-03-11,Provisional,,,,,,,72019,00003,https://api.waterdata.usgs.gov/ogcapi/v0/collections/latest-daily/items?parameter_code=72019&statistic_id=00003&limit=10000&f=json
USGS-341540114014301,,,,,34.26125,-114.02883333333334,11.1,2026-08-27,Provisional,,,,,,,72019,00003,https://api.waterdata.usgs.gov/ogcapi/v0/collections/latest-daily/items?parameter_code=72019&statistic_id=00003&limit=10000&f=json
USGS-341544102251001,,,,,34.2623026605416,-102.419917283512,186.93,2001-10-31,Approved,,,,,,,72019,00003,https://api.waterdata.usgs.gov/ogcapi/v0/collections/latest-daily/items?parameter_code=72019&statistic_id=00003&limit=10000&f=json
USGS-341604088244601,,,,,34.2678823601317,-88.41282438423,16.11,1990-10-02,Approved,,,,,,,72019,00003,https://api.waterdata.usgs.gov/ogcapi/v0/collections/latest-daily/items?parameter_code=72019&statistic_id=00003&limit=10000&f=json
USGS-341618114024701,,,,,34.27171115452536,-114.04710231831736,11.08,2026-03-11,Provisional,,,,,,,72019,00003,https://api.waterdata.usgs.gov/ogcapi/v0/collections/latest-daily/items?parameter_code=72019&statistic_id=00003&limit=10000&f=json
USGS-341635114025301,,,,,34.276647133030856,-114.04883574403559,4.02,2026-03-11,Provisional,,,,,,,72019,00003,https://api.waterdata.usgs.gov/ogcapi/v0/collections/latest-daily/items?parameter_code=72019&statistic_id=00003&limit=10000&f=json
USGS-341647114035301,,,,,34.279630285806576,-114.0655973337061,6.02,2026-03-11,Provisional,,,,,,,72019,00003,https://api.waterdata.usgs.gov/ogcapi/v0/collections/latest-daily/items?parameter_code=72019&statistic_id=00003&limit=10000&f=json
USGS-341657114031701,,,,,34.28245555555556,-114.05461111111111,5.73,2026-03-11,Provisional,,,,,,,72019,00003,https://api.waterdata.usgs.gov/ogcapi/v0/collections/latest-daily/items?parameter_code=72019&statistic_id=00003&limit=10000&f=json
USGS-341714114040301,,,,,34.28722777777777,-114.06756944444444,0.65,2026-03-11,Provisional,,,,,,,72019,00003,https://api.waterdata.usgs.gov/ogcapi/v0/collections/latest-daily/items?parameter_code=72019&statistic_id=00003&limit=10000&f=json
USGS-341913084325301,,,,,34.3203713538917,-84.5479855883837,-1.05,2008-04-29,Approved,,,,,,,72019,00003,https://api.waterdata.usgs.gov/ogcapi/v0/collections/latest-daily/items?parameter_code=72019&statistic_id=00003&limit=10000&f=json
USGS-341949079171304,,,,,34.330438766362,-79.2867119525493,4.98,2026-08-27,Provisional,,,,,,,72019,00003,https://api.waterdata.usgs.gov/ogcapi/v0/collections/latest-daily/items?parameter_code=72019&statistic_id=00003&limit=10000&f=json
USGS-342059102280701,,,,,34.349798749234,-102.469088784277,265.01,2005-09-29,Approved,,,,,,,72019,00003,https://api.waterdata.usgs.gov/ogcapi/v0/collections/latest-daily/items?parameter_code=72019&statistic_id=00003&limit=10000&f=json
USGS-342116101452901,,,,,34.3545105930529,-101.758513311917,184.82,2005-09-29,Approved,,,,,,,72019,00003,https://api.waterdata.usgs.gov/ogcapi/v0/collections/latest-daily/items?parameter_code=72019&statistic_id=00003&limit=10000&f=json
USGS-342125084083301,,,,,34.3575949272444,-84.142692469137,30.56,2026-07-10,Approved,,,,,,,72019,00003,https://api.waterdata.usgs.gov/ogcapi/v0/collections/latest-daily/items?parameter_code=72019&statistic_id=00003&limit=10000&f=json
USGS-342136089315001,,,,,34.3601063742117,-89.5306375628273,70.55,1994-09-29,Approved,,,,,,,72019,00003,https://api.waterdata.usgs.gov/ogcapi/v0/collections/latest-daily/items?parameter_code=72019&statistic_id=00003&limit=10000&f=json
USGS-342155096412001,,,,,34.3652777777778,-96.6888888888889,9.44,2025-03-11,Approved,,,,,,,72019,00003,https://api.waterdata.usgs.gov/ogcapi/v0/collections/latest-daily/items?parameter_code=72019&statistic_id=00003&limit=10000&f=json
USGS-342332090060001,,,,,34.3925,-90.0966666666667,12.57,1994-09-30,Approved,,,,,,,72019,00003,https://api.waterdata.usgs.gov/ogcapi/v0/collections/latest-daily/items?parameter_code=72019&statistic_id=00003&limit=10000&f=json
USGS-342336096381201,,,,,34.3934472222222,-96.6365694444444,27.74,2025-03-11,Provisional,,,,,,,72019,00003,https://api.waterdata.usgs.gov/ogcapi/v0/collections/latest-daily/items?parameter_code=72019&statistic_id=00003&limit=10000&f=json
USGS-342356102572501,,,,,34.3989636171266,-102.957444162593,349.57,2002-06-14,Approved,,,,,,,72019,00003,https://api.waterdata.usgs.gov/ogcapi/v0/collections/latest-daily/items?parameter_code=72019&statistic_id=00003&limit=10000&f=json
USGS-342440080443900,,,,,34.4111111111111,-80.7441666666667,55.6,2026-08-27,Provisional,,,,,,,72019,00003,https://api.waterdata.usgs.gov/ogcapi/v0/collections/latest-daily/items?parameter_code=72019&statistic_id=00003&limit=10000&f=json
USGS-342440080443901,,,,,34.4111305555556,-80.7444111111111,48.85,2026-08-27,Provisional,,,,,,,72019,00003,https://api.waterdata.usgs.gov/ogcapi/v0/collections/latest-daily/items?parameter_code=72019&statistic_id=00003&limit=10000&f=json
USGS-342510096363901,,,,,34.4193138888889,-96.6108305555556,21.08,2025-03-11,Approved,,,,,,,72019,00003,https://api.waterdata.usgs.gov/ogcapi/v0/collections/latest-daily/items?parameter_code=72019&statistic_id=00003&limit=10000&f=json
USGS-342527096493301,,,,,34.424269877554046,-96.82612532642149,31.89,2026-08-27,Provisional,,,,,,,72019,00003,https://api.waterdata.usgs.gov/ogcapi/v0/collections/latest-daily/items?parameter_code=72019&statistic_id=00003&limit=10000&f=json
USGS-342543080165800,,,,,34.4288888888889,-80.2827777777778,136.97,2013-09-29,Approved,,,,,,,72019,00003,https://api.waterdata.usgs.gov/ogcapi/v0/collections/latest-daily/items?parameter_code=72019&statistic_id=00003&limit=10000&f=json
USGS-342543080165801,,,,,34.4288888888889,-80.2827777777778,151.51,2013-09-29,Approved,,,,,,,72019,00003,https://api.waterdata.usgs.gov/ogcapi/v0/collections/latest-daily/items?parameter_code=72019&statistic_id=00003&limit=10000&f=json
USGS-342544099433201,,,,,34.4289620603096,-99.7259272602869,39.49,1988-04-19,Approved,,,,,,,72019,00003,https://api.waterdata.usgs.gov/ogcapi/v0/collections/latest-daily/items?parameter_code=72019&statistic_id=00003&limit=10000&f=json
USGS-342550089312801,,,,,34.4306605453685,-89.524526240778,79.23,1993-08-23,Approved,,,,,,,72019,00003,https://api.waterdata.usgs.gov/ogcapi/v0/collections/latest-daily/items?parameter_code=72019&statistic_id=00003&limit=10000&f=json
USGS-342556096535601,,,,,34.4322222222222,-96.8988888888889,4.08,2025-03-11,Approved,,,,,,,72019,00003,https://api.waterdata.usgs.gov/ogcapi/v0/collections/latest-daily/items?parameter_code=72019&statistic_id=00003&limit=10000&f=json
USGS-342618096380101,,,,,34.438325,-96.6334888888889,13.17,2025-03-11,Approved,,,,,,,72019,00003,https://api.waterdata.usgs.gov/ogcapi/v0/collections/latest-daily/items?parameter_code=72019&statistic_id=00003&limit=10000&f=json
USGS-342619096144201,,,,,34.4387025692626,-96.2452740652157,12.24,1988-07-12,Approved,,,,,,,72019,00003,https://api.waterdata.usgs.gov/ogcapi/v0/collections/latest-daily/items?parameter_code=72019&statistic_id=00003&limit=10000&f=json
USGS-342619096411001,,,,,34.4385805555556,-96.6861305555556,65.59,2026-07-07,Provisional,,,,,,,72019,00003,https://api.waterdata.usgs.gov/ogcapi/v0/collections/latest-daily/items?parameter_code=72019&statistic_id=00003&limit=10000&f=json
USGS-342633096494401,,,,,34.4426027929101,-96.82918103680282,72.26,2026-08-27,Provisional,,,,,,,72019,00003,https://api.waterdata.usgs.gov/ogcapi/v0/collections/latest-daily/items?parameter_code=72019&statistic_id=00003&limit=10000&f=json
USGS-342718087285601,,,,,34.45512665603409,-87.48223270859161,5.28,2025-05-27,Approved,,,,,,,72019,00003,https://api.waterdata.usgs.gov/ogcapi/v0/collections/latest-daily/items?parameter_code=72019&statistic_id=00003&limit=10000&f=json
USGS-342835099230401,,,,,34.4764083333333,-99.3845944444444,10.28,2017-07-05,Approved,,,,,,,72019,00003,https://api.waterdata.usgs.gov/ogcapi/v0/collections/latest-daily/items?parameter_code=72019&statistic_id=00003&limit=10000&f=json
USGS-342837096560801,,,,,34.4770343861028,-96.9364035257919,51.89,2026-07-07,Approved,,,,,,,72019,00003,https://api.waterdata.usgs.gov/ogcapi/v0/collections/latest-daily/items?parameter_code=72019&statistic_id=00003&limit=10000&f=json
USGS-342921096381601,,,,,34.4890527777778,-96.6378138888889,26.61,2025-03-11,Approved,,,,,,,72019,00003,https://api.waterdata.usgs.gov/ogcapi/v0/collections/latest-daily/items?parameter_code=72019&statistic_id=00003&limit=10000&f=json
USGS-342922084511601,,,,,34.4895323020576,-84.8543842643617,22.63,2026-08-27,Provisional,,,,,,,72019,00003,https://api.waterdata.usgs.gov/ogcapi/v0/collections/latest-daily/items?parameter_code=72019&statistic_id=00003&limit=10000&f=json
USGS-342935079431000,,,,,34.4932132531419,-79.7192273094992,30.18,2004-12-19,Approved,,,,,,,72019,00003,https://api.waterdata.usgs.gov/ogcapi/v0/collections/latest-daily/items?parameter_code=72019&statistic_id=00003&limit=10000&f=json
USGS-342947081454900,,,,,34.4973539763089,-81.7537180617863,56.03,1995-09-28,Approved,,,,,,,72019,00003,https://api.waterdata.usgs.gov/ogcapi/v0/collections/latest-daily/items?parameter_code=72019&statistic_id=00003&limit=10000&f=json
USGS-342948081451001,,,,,34.4967984678167,-81.7526070267557,51.23,1997-07-23,Approved,,,,,,,72019,00003,https://api.waterdata.usgs.gov/ogcapi/v0/collections/latest-daily/items?parameter_code=72019&statistic_id=00003&limit=10000&f=json
USGS-343017096561501,,,,,34.5051,-96.9376,0,2025-01-20,Provisional,DISCONTINUED,,,,,,72019,00003,https://api.waterdata.usgs.gov/ogcapi/v0/collections/latest-daily/items?parameter_code=72019&statistic_id=00003&limit=10000&f=json
USGS-343021079512202,,,,,34.5074166666667,-79.85625,117.56,2013-11-06,Approved,,,,,,,72019,00003,https://api.waterdata.usgs.gov/ogcapi/v0/collections/latest-daily/items?parameter_code=72019&statistic_id=00003&limit=10000&f=json
USGS-343022096565701,,,,,34.5062,-96.9498,31.76,2026-08-27,Provisional,,,,,,,72019,00003,https://api.waterdata.usgs.gov/ogcapi/v0/collections/latest-daily/items?parameter_code=72019&statistic_id=00003&limit=10000&f=json
USGS-343023080130600,,,,,34.5063888888889,-80.2183333333333,124.59,2014-09-29,Approved,,,,,,,72019,00003,https://api.waterdata.usgs.gov/ogcapi/v0/collections/latest-daily/items?parameter_code=72019&statistic_id=00003&limit=10000&f=json
USGS-343041099451001,,,,,34.5114589697816,-99.753150146328,27.26,1989-01-18,Approved,,,,,,,72019,00003,https://api.waterdata.usgs.gov/ogcapi/v0/collections/latest-daily/items?parameter_code=72019&statistic_id=00003&limit=10000&f=json
USGS-343048093030401,,,,,34.513375,-93.0511416666667,113.77,2024-05-28,Provisional,,,,,,,72019,00003,https://api.waterdata.usgs.gov/ogcapi/v0/collections/latest-daily/items?parameter_code=72019&statistic_id=00003&limit=10000&f=json
USGS-343058096484101,,,,,34.516075,-96.8112861111111,131.03,2022-07-19,Approved,,,,,,,72019,00003,https://api.waterdata.usgs.gov/ogcapi/v0/collections/latest-daily/items?parameter_code=72019&statistic_id=00003&limit=10000&f=json
USGS-343105080172100,,,,,34.5181111111111,-80.2894166666667,14.48,2026-08-27,Provisional,,,,,,,72019,00003,https://api.waterdata.usgs.gov/ogcapi/v0/collections/latest-daily/items?parameter_code=72019&statistic_id=00003&limit=10000&f=json
USGS-343108090462601,,,,,34.51943333333333,-90.77263333333333,19.55,2026-08-26,Provisional,,,,,,,72019,00003,https://api.waterdata.usgs.gov/ogcapi/v0/collections/latest-daily/items?parameter_code=72019&statistic_id=00003&limit=10000&f=json
USGS-343144080184001,,,,,34.5289388888889,-80.3113,52.47,2026-08-27,Provisional,,,,,,,72019,00003,https://api.waterdata.usgs.gov/ogcapi/v0/collections/latest-daily/items?parameter_code=72019&statistic_id=00003&limit=10000&f=json
USGS-343144080184101,,,,,34.5289944444444,-80.3114194444444,111.1,2026-08-27,Provisional,,,,,,,72019,00003,https://api.waterdata.usgs.gov/ogcapi/v0/collections/latest-daily/items?parameter_code=72019&statistic_id=00003&limit=10000&f=json
USGS-343152088213003,,,,,34.5312085618344,-88.3583800270769,72.29,2022-02-26,Approved,,,,,,,72019,00003,https://api.waterdata.usgs.gov/ogcapi/v0/collections/latest-daily/items?parameter_code=72019&statistic_id=00003&limit=10000&f=json
USGS-343201080182001,,,,,34.5338222222222,-80.3057611111111,108.67,2026-08-27,Provisional,,,,,,,72019,00003,https://api.waterdata.usgs.gov/ogcapi/v0/collections/latest-daily/items?parameter_code=72019&statistic_id=00003&limit=10000&f=json
USGS-343204093005501,,,,,34.5345340952285,-93.0154555574621,121.2,2013-07-15,Approved,,,,,,,72019,00003,https://api.waterdata.usgs.gov/ogcapi/v0/collections/latest-daily/items?parameter_code=72019&statistic_id=00003&limit=10000&f=json
USGS-343206093044101,,,,,34.5348972222222,-93.078075,13.23,2013-07-01,Approved,,,,,,,72019,00003,https://api.waterdata.usgs.gov/ogcapi/v0/collections/latest-daily/items?parameter_code=72019&statistic_id=00003&limit=10000&f=json
USGS-343240096523201,,,,,34.5444444444444,-96.8755555555556,23.17,2025-03-11,Approved,,,,,,,72019,00003,https://api.waterdata.usgs.gov/ogcapi/v0/collections/latest-daily/items?parameter_code=72019&statistic_id=00003&limit=10000&f=json
USGS-343248096455101,,,,,34.546791666666664,-96.76423611111112,80.13,2026-07-07,Provisional,,,,,,,72019,00003,https://api.waterdata.usgs.gov/ogcapi/v0/collections/latest-daily/items?parameter_code=72019&statistic_id=00003&limit=10000&f=json
USGS-343255092593601,,,,,34.5485555555556,-92.9933555555556,55.41,2014-09-02,Approved,,,,,,,72019,00003,https://api.waterdata.usgs.gov/ogcapi/v0/collections/latest-daily/items?parameter_code=72019&statistic_id=00003&limit=10000&f=json
USGS-343257092593601,,,,,34.5492305555556,-92.9933666666667,37.28,2013-07-17,Approved,,,,,,,72019,00003,https://api.waterdata.usgs.gov/ogcapi/v0/collections/latest-daily/items?parameter_code=72019&statistic_id=00003&limit=10000&f=json
USGS-343312093013201,,,,,34.5533111111111,-93.0256722222222,23.66,2014-09-02,Approved,,,,,,,72019,00003,https://api.waterdata.usgs.gov/ogcapi/v0/collections/latest-daily/items?parameter_code=72019&statistic_id=00003&limit=10000&f=json
USGS-343330092591101,,,,,34.5582583333333,-92.986325,24.21,2013-07-01,Approved,,,,,,,72019,00003,https://api.waterdata.usgs.gov/ogcapi/v0/collections/latest-daily/items?parameter_code=72019&statistic_id=00003&limit=10000&f=json
USGS-343341097102901,,,,,34.5613472222222,-97.1748277777778,8.81,2019-06-11,Approved,,,,,,,72019,00003,https://api.waterdata.usgs.gov/ogcapi/v0/collections/latest-daily/items?parameter_code=72019&statistic_id=00003&limit=10000&f=json
USGS-343349096523101,,,,,34.5636027777778,-96.8753777777778,82.68,2025-03-11,Provisional,,,,,,,72019,00003,https://api.waterdata.usgs.gov/ogcapi/v0/collections/latest-daily/items?parameter_code=72019&statistic_id=00003&limit=10000&f=json
USGS-343350093005901,,,,,34.5637861111111,-93.0163111111111,67.61,2014-09-02,Approved,,,,,,,72019,00003,https://api.waterdata.usgs.gov/ogcapi/v0/collections/latest-daily/items?parameter_code=72019&statistic_id=00003&limit=10000&f=json
USGS-343352096462801,,,,,34.5643833333333,-96.77455,73.75,2025-03-11,Approved,,,,,,,72019,00003,https://api.waterdata.usgs.gov/ogcapi/v0/collections/latest-daily/items?parameter_code=72019&statistic_id=00003&limit=10000&f=json
USGS-343409111511101,,,,,34.5691911834335,-111.853762361138,22.72,2025-06-12,Approved,,,,,,,72019,00003,https://api.waterdata.usgs.gov/ogcapi/v0/collections/latest-daily/items?parameter_code=72019&statistic_id=00003&limit=10000&f=json
USGS-343410099364401,,,,,34.5695143819838,-99.6125925433249,20.23,1989-01-18,Approved,,,,,,,72019,00003,https://api.waterdata.usgs.gov/ogcapi/v0/collections/latest-daily/items?parameter_code=72019&statistic_id=00003&limit=10000&f=json
USGS-343445096494301,,,,,34.57916388888889,-96.8286611111111,131.44,2026-08-27,Provisional,,,,,,,72019,00003,https://api.waterdata.usgs.gov/ogcapi/v0/collections/latest-daily/items?parameter_code=72019&statistic_id=00003&limit=10000&f=json
USGS-343457096404501,,,,,34.58260003293621,-96.6794548332556,110.08,2026-08-27,Provisional,,,,,,,72019,00003,https://api.waterdata.usgs.gov/ogcapi/v0/collections/latest-daily/items?parameter_code=72019&statistic_id=00003&limit=10000&f=json
USGS-343513096505301,,,,,34.5869444444444,-96.8480555555555,151.66,2025-03-11,Provisional,,,,,,,72019,00003,https://api.waterdata.usgs.gov/ogcapi/v0/collections/latest-daily/items?parameter_code=72019&statistic_id=00003&limit=10000&f=json
USGS-343518092591701,,,,,34.588425,-92.9880805555556,37.08,2013-11-12,Approved,,,,,,,72019,00003,https://api.waterdata.usgs.gov/ogcapi/v0/collections/latest-daily/items?parameter_code=72019&statistic_id=00003&limit=10000&f=json
USGS-343531096403801,,,,,34.5920027777778,-96.6770972222222,97.83,2026-07-07,Approved,,,,,,,72019,00003,https://api.waterdata.usgs.gov/ogcapi/v0/collections/latest-daily/items?parameter_code=72019&statistic_id=00003&limit=10000&f=json
USGS-343534096453701,,,,,34.5928670556553,-96.760565762377,105.51,2026-07-07,Provisional,,,,,,,72019,00003,https://api.waterdata.usgs.gov/ogcapi/v0/collections/latest-daily/items?parameter_code=72019&statistic_id=00003&limit=10000&f=json
USGS-343537099234301,,,,,34.5937472222222,-99.3952166666667,11.5,2017-05-11,Approved,,,,,,,72019,00003,https://api.waterdata.usgs.gov/ogcapi/v0/collections/latest-daily/items?parameter_code=72019&statistic_id=00003&limit=10000&f=json
USGS-343540098342001,,,,,34.5934072485971,-98.5731159120105,77.09,2005-05-08,Approved,,,,,,,72019,00003,https://api.waterdata.usgs.gov/ogcapi/v0/collections/latest-daily/items?parameter_code=72019&statistic_id=00003&limit=10000&f=json
USGS-343558096420401,,,,,34.6003673310943,-96.701397616545,84.37,1992-09-22,Approved,,,,,,,72019,00003,https://api.waterdata.usgs.gov/ogcapi/v0/collections/latest-daily/items?parameter_code=72019&statistic_id=00003&limit=10000&f=json
USGS-343609077171301,,,,,34.6025,-77.2863888888889,11.73,2011-02-22,Approved,,,,,,,72019,00003,https://api.waterdata.usgs.gov/ogcapi/v0/collections/latest-daily/items?parameter_code=72019&statistic_id=00003&limit=10000&f=json
USGS-343623096421801,,,,,34.6064783031438,-96.7052867333982,43.06,2025-03-11,Provisional,,,,,,,72019,00003,https://api.waterdata.usgs.gov/ogcapi/v0/collections/latest-daily/items?parameter_code=72019&statistic_id=00003&limit=10000&f=json
USGS-343626077171701,,,,,34.6072222222222,-77.2880555555556,26.9,2011-02-22,Approved,,,,,,,72019,00003,https://api.waterdata.usgs.gov/ogcapi/v0/collections/latest-daily/items?parameter_code=72019&statistic_id=00003&limit=10000&f=json
USGS-343641077290101,,,,,34.6115544890477,-77.4832994288156,36.6,2011-02-23,Approved,,,,,,,72019,00003,https://api.waterdata.usgs.gov/ogcapi/v0/collections/latest-daily/items?parameter_code=72019&statistic_id=00003&limit=10000&f=json
USGS-343641077290103,,,,,34.6113888888889,-77.4827777777778,40.48,2011-02-23,Approved,,,,,,,72019,00003,https://api.waterdata.usgs.gov/ogcapi/v0/collections/latest-daily/items?parameter_code=72019&statistic_id=00003&limit=10000&f=json
USGS-343641077290104,,,,,34.6115544890477,-77.4832994288156,46.42,2011-02-23,Approved,,,,,,,72019,00003,https://api.waterdata.usgs.gov/ogcapi/v0/collections/latest-daily/items?parameter_code=72019&statistic_id=00003&limit=10000&f=json
USGS-343641077290106,,,,,34.6113888888889,-77.4830555555556,8.27,2011-02-23,Approved,,,,,,,72019,00003,https://api.waterdata.usgs.gov/ogcapi/v0/collections/latest-daily/items?parameter_code=72019&statistic_id=00003&limit=10000&f=json
USGS-343714082285600,,,,,34.622628,-82.481839,3.49,2026-08-26,Provisional,,,,,,,72019,00003,https://api.waterdata.usgs.gov/ogcapi/v0/collections/latest-daily/items?parameter_code=72019&statistic_id=00003&limit=10000&f=json
USGS-343715079411500,,,,,34.6265469348221,-79.6892260443297,3.94,2009-12-02,Approved,DISCONTINUED,,,,,,72019,00003,https://api.waterdata.usgs.gov/ogcapi/v0/collections/latest-daily/items?parameter_code=72019&statistic_id=00003&limit=10000&f=json
USGS-343718096475801,,,,,34.621754979588,-96.7997342842023,106.19,2020-11-04,Approved,,,,,,,72019,00003,https://api.waterdata.usgs.gov/ogcapi/v0/collections/latest-daily/items?parameter_code=72019&statistic_id=00003&limit=10000&f=json
USGS-343724099434901,,,,,34.6234000596619,-99.7189838221148,37.31,1988-03-09,Approved,,,,,,,72019,00003,https://api.waterdata.usgs.gov/ogcapi/v0/collections/latest-daily/items?parameter_code=72019&statistic_id=00003&limit=10000&f=json
USGS-343724099434902,,,,,34.6234000596619,-99.7189838221148,40.19,1988-03-18,Approved,,,,,,,72019,00003,https://api.waterdata.usgs.gov/ogcapi/v0/collections/latest-daily/items?parameter_code=72019&statistic_id=00003&limit=10000&f=json
USGS-343726093481801,,,,,34.623988963248,-93.805197916037,48.06,2026-08-26,Provisional,,,,,,,72019,00003,https://api.waterdata.usgs.gov/ogcapi/v0/collections/latest-daily/items?parameter_code=72019&statistic_id=00003&limit=10000&f=json
USGS-343736079562200,,,,,34.6267777777778,-79.9406666666667,15.3,2014-09-29,Approved,DISCONTINUED,,,,,,72019,00003,https://api.waterdata.usgs.gov/ogcapi/v0/collections/latest-daily/items?parameter_code=72019&statistic_id=00003&limit=10000&f=json
USGS-343753106430601,,,,,34.63138333333333,-106.71845555555555,134.63,2026-08-12,Provisional,,,,,,,72019,00003,https://api.waterdata.usgs.gov/ogcapi/v0/collections/latest-daily/items?parameter_code=72019&statistic_id=00003&limit=10000&f=json
USGS-343753106430602,,,,,34.63138333333333,-106.71845555555555,134.42,2026-08-12,Provisional,,,,,,,72019,00003,https://api.waterdata.usgs.gov/ogcapi/v0/collections/latest-daily/items?parameter_code=72019&statistic_id=00003&limit=10000&f=json
USGS-343841099162101,,,,,34.6447923057102,-99.2728629094928,7.46,1991-10-20,Approved,,,,,,,72019,00003,https://api.waterdata.usgs.gov/ogcapi/v0/collections/latest-daily/items?parameter_code=72019&statistic_id=00003&limit=10000&f=json
USGS-343850111460701,,,,,34.6471666666667,-111.7685,145.79,2025-06-11,Provisional,,,,,,,72019,00003,https://api.waterdata.usgs.gov/ogcapi/v0/collections/latest-daily/items?parameter_code=72019&statistic_id=00003&limit=10000&f=json
USGS-343852111460301,,,,,34.6477777777778,-111.7675,136.34,2013-03-12,Approved,,,,,,,72019,00003,https://api.waterdata.usgs.gov/ogcapi/v0/collections/latest-daily/items?parameter_code=72019&statistic_id=00003&limit=10000&f=json
USGS-343855099581801,,,,,34.6486726477391,-99.972047356536,108.5,1989-01-18,Approved,,,,,,,72019,00003,https://api.waterdata.usgs.gov/ogcapi/v0/collections/latest-daily/items?parameter_code=72019&statistic_id=00003&limit=10000&f=json
USGS-343907080164400,,,,,34.6520986721662,-80.2786772757511,123.93,2013-07-23,Approved,,,,,,,72019,00003,https://api.waterdata.usgs.gov/ogcapi/v0/collections/latest-daily/items?parameter_code=72019&statistic_id=00003&limit=10000&f=json
USGS-343925099155301,,,,,34.6570140639794,-99.265084935724,7.97,1991-10-20,Approved,,,,,,,72019,00003,https://api.waterdata.usgs.gov/ogcapi/v0/collections/latest-daily/items?parameter_code=72019&statistic_id=00003&limit=10000&f=json
USGS-343926099163401,,,,,34.6572917431576,-99.2764740714654,8.24,1991-10-20,Approved,,,,,,,72019,00003,https://api.waterdata.usgs.gov/ogcapi/v0/collections/latest-daily/items?parameter_code=72019&statistic_id=00003&limit=10000&f=json
USGS-343959099172601,,,,,34.6664579092573,-99.2909188074657,7.74,1991-10-19,Approved,,,,,,,72019,00003,https://api.waterdata.usgs.gov/ogcapi/v0/collections/latest-daily/items?parameter_code=72019&statistic_id=00003&limit=10000&f=json
USGS-344000081250011,,,,,34.6743043322988,-81.4150965278502,93.95,2026-08-27,Provisional,,,,,,,72019,00003,https://api.waterdata.usgs.gov/ogcapi/v0/collections/latest-daily/items?parameter_code=72019&statistic_id=00003&limit=10000&f=json
USGS-344037077253901,,,,,34.6763888888889,-77.4275,19.18,2011-02-23,Approved,,,,,,,72019,00003,https://api.waterdata.usgs.gov/ogcapi/v0/collections/latest-daily/items?parameter_code=72019&statistic_id=00003&limit=10000&f=json
USGS-344045088325501,,,,,34.6792611106452,-88.5486622966541,202,1989-02-15,Approved,,,,,,,72019,00003,https://api.waterdata.usgs.gov/ogcapi/v0/collections/latest-daily/items?parameter_code=72019&statistic_id=00003&limit=10000&f=json
USGS-344053088161202,,,,,34.6814820694165,-88.2700444156101,102.06,1990-07-24,Approved,,,,,,,72019,00003,https://api.waterdata.usgs.gov/ogcapi/v0/collections/latest-daily/items?parameter_code=72019&statistic_id=00003&limit=10000&f=json
USGS-344053088161203,,,,,34.6814820694165,-88.2700444156101,72.59,1990-07-24,Approved,,,,,,,72019,00003,https://api.waterdata.usgs.gov/ogcapi/v0/collections/latest-daily/items?parameter_code=72019&statistic_id=00003&limit=10000&f=json
USGS-344139077211202,,,,,34.6916666666667,-77.3508333333333,55.15,2011-02-22,Approved,,,,,,,72019,00003,https://api.waterdata.usgs.gov/ogcapi/v0/collections/latest-daily/items?parameter_code=72019&statistic_id=00003&limit=10000&f=json
USGS-344139077211204,,,,,34.6930555555556,-77.3516666666667,15.06,2011-02-22,Approved,,,,,,,72019,00003,https://api.waterdata.usgs.gov/ogcapi/v0/collections/latest-daily/items?parameter_code=72019&statistic_id=00003&limit=10000&f=json
USGS-344139077211205,,,,,34.6930555555556,-77.3516666666667,18.03,2011-02-22,Approved,,,,,,,72019,00003,https://api.waterdata.usgs.gov/ogcapi/v0/collections/latest-daily/items?parameter_code=72019&statistic_id=00003&limit=10000&f=json
USGS-344139077211206,,,,,34.6930555555556,-77.3516666666667,16.33,2011-02-22,Approved,,,,,,,72019,00003,https://api.waterdata.usgs.gov/ogcapi/v0/collections/latest-daily/items?parameter_code=72019&statistic_id=00003&limit=10000&f=json
USGS-344139077211207,,,,,34.6933333333333,-77.3516666666667,16.5,2011-02-22,Approved,,,,,,,72019,00003,https://api.waterdata.usgs.gov/ogcapi/v0/collections/latest-daily/items?parameter_code=72019&statistic_id=00003&limit=10000&f=json
USGS-344143099560601,,,,,34.6953387141348,-99.9353796215897,30.86,1997-09-30,Approved,,,,,,,72019,00003,https://api.waterdata.usgs.gov/ogcapi/v0/collections/latest-daily/items?parameter_code=72019&statistic_id=00003&limit=10000&f=json
USGS-344203077182001,,,,,34.7009960105808,-77.3052354953161,12.99,2011-02-22,Approved,,,,,,,72019,00003,https://api.waterdata.usgs.gov/ogcapi/v0/collections/latest-daily/items?parameter_code=72019&statistic_id=00003&limit=10000&f=json
USGS-344204099365301,,,,,34.7011761038786,-99.6150928396518,12.2,1988-12-03,Approved,,,,,,,72019,00003,https://api.waterdata.usgs.gov/ogcapi/v0/collections/latest-daily/items?parameter_code=72019&statistic_id=00003&limit=10000&f=json
USGS-344304077232901,,,,,34.7180555555556,-77.3919444444444,11.51,2011-02-22,Approved,,,,,,,72019,00003,https://api.waterdata.usgs.gov/ogcapi/v0/collections/latest-daily/items?parameter_code=72019&statistic_id=00003&limit=10000&f=json
USGS-344314083433201,,,,,34.7206503055336,-83.7254558765285,6.11,2026-08-27,Provisional,,,,,,,72019,00003,https://api.waterdata.usgs.gov/ogcapi/v0/collections/latest-daily/items?parameter_code=72019&statistic_id=00003&limit=10000&f=json
USGS-344323076451301,,,,,34.7233333333333,-76.7533333333333,9.67,2005-06-02,Approved,,,,,,,72019,00003,https://api.waterdata.usgs.gov/ogcapi/v0/collections/latest-daily/items?parameter_code=72019&statistic_id=00003&limit=10000&f=json
USGS-344327114313001,,,,,34.724205411564014,-114.52592503767333,93.77,2026-07-23,Provisional,,,,,,,72019,00003,https://api.waterdata.usgs.gov/ogcapi/v0/collections/latest-daily/items?parameter_code=72019&statistic_id=00003&limit=10000&f=json
USGS-344333080503600,,,,,34.7259722222222,-80.8433333333333,33.8,2026-08-27,Provisional,,,,,,,72019,00003,https://api.waterdata.usgs.gov/ogcapi/v0/collections/latest-daily/items?parameter_code=72019&statistic_id=00003&limit=10000&f=json
USGS-344333080503601,,,,,34.726,-80.8433333333333,37.18,2026-08-27,Provisional,,,,,,,72019,00003,https://api.waterdata.usgs.gov/ogcapi/v0/collections/latest-daily/items?parameter_code=72019&statistic_id=00003&limit=10000&f=json
USGS-344417077243301,,,,,34.738,-77.4092222222222,17.09,2011-01-22,Approved,,,,,,,72019,00003,https://api.waterdata.usgs.gov/ogcapi/v0/collections/latest-daily/items?parameter_code=72019&statistic_id=00003&limit=10000&f=json
USGS-344417077243302,,,,,34.7380555555556,-77.4091388888889,21.45,2011-01-23,Approved,,,,,,,72019,00003,https://api.waterdata.usgs.gov/ogcapi/v0/collections/latest-daily/items?parameter_code=72019&statistic_id=00003&limit=10000&f=json
USGS-344417077272701,,,,,34.7381666666667,-77.4576111111111,5.73,2011-02-23,Approved,,,,,,,72019,00003,https://api.waterdata.usgs.gov/ogcapi/v0/collections/latest-daily/items?parameter_code=72019&statistic_id=00003&limit=10000&f=json
USGS-344418077272701,,,,,34.73825,-77.4576111111111,19.66,2011-02-23,Approved,,,,,,,72019,00003,https://api.waterdata.usgs.gov/ogcapi/v0/collections/latest-daily/items?parameter_code=72019&statistic_id=00003&limit=10000&f=json
USGS-344425077272501,,,,,34.7383333333333,-77.4575,3.61,2011-02-23,Approved,,,,,,,72019,00003,https://api.waterdata.usgs.gov/ogcapi/v0/collections/latest-daily/items?parameter_code=72019&statistic_id=00003&limit=10000&f=json
USGS-344428112004801,,,,,34.7411319967861,-112.014045892119,69.78,2026-03-02,Provisional,,,,,,,72019,00003,https://api.waterdata.usgs.gov/ogcapi/v0/collections/latest-daily/items?parameter_code=72019&statistic_id=00003&limit=10000&f=json
USGS-344431106393401,,,,,34.74185,-106.66237777777778,197.31,2026-06-28,Provisional,,,,,,,72019,00003,https://api.waterdata.usgs.gov/ogcapi/v0/collections/latest-daily/items?parameter_code=72019&statistic_id=00003&limit=10000&f=json
USGS-344431106393402,,,,,34.74185,-106.66237777777778,197.02,2026-06-28,Provisional,,,,,,,72019,00003,https://api.waterdata.usgs.gov/ogcapi/v0/collections/latest-daily/items?parameter_code=72019&statistic_id=00003&limit=10000&f=json
USGS-344431106393403,,,,,34.74185,-106.66237777777778,196.12,2026-06-28,Provisional,,,,,,,72019,00003,https://api.waterdata.usgs.gov/ogcapi/v0/collections/latest-daily/items?parameter_code=72019&statistic_id=00003&limit=10000&f=json
USGS-344457086363701,,,,,34.7492575660706,-86.61027125245,62.46,2013-09-29,Approved,,,,,,,72019,00003,https://api.waterdata.usgs.gov/ogcapi/v0/collections/latest-daily/items?parameter_code=72019&statistic_id=00003&limit=10000&f=json
USGS-344459099533201,,,,,34.749782301572,-99.8926007834744,48.15,1988-04-19,Approved,,,,,,,72019,00003,https://api.waterdata.usgs.gov/ogcapi/v0/collections/latest-daily/items?parameter_code=72019&statistic_id=00003&limit=10000&f=json
USGS-344520079281001,,,,,34.755,-79.4672222222222,14.36,2026-08-27,Provisional,,,,,,,72019,00003,https://api.waterdata.usgs.gov/ogcapi/v0/collections/latest-daily/items?parameter_code=72019&statistic_id=00003&limit=10000&f=json
USGS-344544079263701,,,,,34.7622222222222,-79.4436111111111,22.09,2026-08-27,Provisional,,,,,,,72019,00003,https://api.waterdata.usgs.gov/ogcapi/v0/collections/latest-daily/items?parameter_code=72019&statistic_id=00003&limit=10000&f=json
USGS-344544112025001,,,,,34.7622430435583,-112.047936212876,272.86,2012-03-31,Approved,,,,,,,72019,00003,https://api.waterdata.usgs.gov/ogcapi/v0/collections/latest-daily/items?parameter_code=72019&statistic_id=00003&limit=10000&f=json
USGS-344651091355102,,,,,34.780833333333334,-91.5975,183.22,2026-08-26,Provisional,,,,,,,72019,00003,https://api.waterdata.usgs.gov/ogcapi/v0/collections/latest-daily/items?parameter_code=72019&statistic_id=00003&limit=10000&f=json
USGS-344653091382701,,,,,34.78133333333333,-91.64094444444446,113.6,2026-08-26,Provisional,,,,,,,72019,00003,https://api.waterdata.usgs.gov/ogcapi/v0/collections/latest-daily/items?parameter_code=72019&statistic_id=00003&limit=10000&f=json
USGS-344656098031401,,,,,34.7822935310945,-98.0542094701125,72.65,1993-10-03,Approved,,,,,,,72019,00003,https://api.waterdata.usgs.gov/ogcapi/v0/collections/latest-daily/items?parameter_code=72019&statistic_id=00003&limit=10000&f=json
USGS-344704097183601,,,,,34.7846,-97.3100083333333,13.67,2019-06-11,Approved,,,,,,,72019,00003,https://api.waterdata.usgs.gov/ogcapi/v0/collections/latest-daily/items?parameter_code=72019&statistic_id=00003&limit=10000&f=json
USGS-344749098350301,,,,,34.7969444444444,-98.5841666666667,8.35,2017-06-28,Approved,,,,,,,72019,00003,https://api.waterdata.usgs.gov/ogcapi/v0/collections/latest-daily/items?parameter_code=72019&statistic_id=00003&limit=10000&f=json
USGS-344750099480801,,,,,34.7973277777778,-99.8022361111111,27.97,2017-05-11,Approved,,,,,,,72019,00003,https://api.waterdata.usgs.gov/ogcapi/v0/collections/latest-daily/items?parameter_code=72019&statistic_id=00003&limit=10000&f=json
USGS-344750099522601,,,,,34.7972812838625,-99.874267307225,37.19,1989-01-18,Approved,,,,,,,72019,00003,https://api.waterdata.usgs.gov/ogcapi/v0/collections/latest-daily/items?parameter_code=72019&statistic_id=00003&limit=10000&f=json
USGS-344758099265101,,,,,34.7994388888889,-99.447475,5.02,2017-03-02,Approved,,,,,,,72019,00003,https://api.waterdata.usgs.gov/ogcapi/v0/collections/latest-daily/items?parameter_code=72019&statistic_id=00003&limit=10000&f=json
USGS-344821098134801,,,,,34.8060111111111,-98.2301055555556,11.6,2018-05-09,Approved,,,,,,,72019,00003,https://api.waterdata.usgs.gov/ogcapi/v0/collections/latest-daily/items?parameter_code=72019&statistic_id=00003&limit=10000&f=json
USGS-344916097360001,,,,,34.8209861111111,-97.5999361111111,19.34,2019-06-11,Approved,,,,,,,72019,00003,https://api.waterdata.usgs.gov/ogcapi/v0/collections/latest-daily/items?parameter_code=72019&statistic_id=00003&limit=10000&f=json
USGS-345051078012103,,,,,34.8476677294848,-78.0222085109693,10.17,2004-09-15,Approved,,,,,,,72019,00003,https://api.waterdata.usgs.gov/ogcapi/v0/collections/latest-daily/items?parameter_code=72019&statistic_id=00003&limit=10000&f=json
USGS-345051078012109,,,,,34.8477777777778,-78.0209722222222,11.51,2026-08-27,Provisional,,,,,,,72019,00003,https://api.waterdata.usgs.gov/ogcapi/v0/collections/latest-daily/items?parameter_code=72019&statistic_id=00003&limit=10000&f=json
USGS-345051083041800,,,,,34.8475927327649,-83.0715404182914,30.72,2026-08-27,Provisional,,,,,,,72019,00003,https://api.waterdata.usgs.gov/ogcapi/v0/collections/latest-daily/items?parameter_code=72019&statistic_id=00003&limit=10000&f=json
USGS-345057091525601,,,,,34.849475000000005,-91.88111666666666,125.98,2026-08-26,Provisional,,,,,,,72019,00003,https://api.waterdata.usgs.gov/ogcapi/v0/collections/latest-daily/items?parameter_code=72019&statistic_id=00003&limit=10000&f=json
USGS-345131099415301,,,,,34.858575,-99.6981361111111,3.76,2017-03-14,Approved,,,,,,,72019,00003,https://api.waterdata.usgs.gov/ogcapi/v0/collections/latest-daily/items?parameter_code=72019&statistic_id=00003&limit=10000&f=json
USGS-345137097414501,,,,,34.8601555555556,-97.6957111111111,13.76,2017-11-23,Approved,,,,,,,72019,00003,https://api.waterdata.usgs.gov/ogcapi/v0/collections/latest-daily/items?parameter_code=72019&statistic_id=00003&limit=10000&f=json
USGS-345145081502900,,,,,34.862614318364926,-81.841227174063,43.61,2024-10-27,Approved,,,,,,,72019,00003,https://api.waterdata.usgs.gov/ogcapi/v0/collections/latest-daily/items?parameter_code=72019&statistic_id=00003&limit=10000&f=json
USGS-345146099583501,,,,,34.8627555555556,-99.9763361111111,2.01,2017-03-14,Approved,,,,,,,72019,00003,https://api.waterdata.usgs.gov/ogcapi/v0/collections/latest-daily/items?parameter_code=72019&statistic_id=00003&limit=10000&f=json
USGS-345157098172201,,,,,34.8658638888889,-98.2893833333333,16.94,2018-05-09,Approved,,,,,,,72019,00003,https://api.waterdata.usgs.gov/ogcapi/v0/collections/latest-daily/items?parameter_code=72019&statistic_id=00003&limit=10000&f=json
USGS-345203099382801,,,,,34.8675592116328,-99.6414828067118,35.21,1988-08-30,Approved,,,,,,,72019,00003,https://api.waterdata.usgs.gov/ogcapi/v0/collections/latest-daily/items?parameter_code=72019&statistic_id=00003&limit=10000&f=json
USGS-345302096412401,,,,,34.8838888888889,-96.69,3.92,2015-11-04,Approved,,,,,,,72019,00003,https://api.waterdata.usgs.gov/ogcapi/v0/collections/latest-daily/items?parameter_code=72019&statistic_id=00003&limit=10000&f=json
USGS-345335082185800,,,,,34.8923394332294,-82.2962273678271,36.55,2001-05-30,Approved,,,,,,,72019,00003,https://api.waterdata.usgs.gov/ogcapi/v0/collections/latest-daily/items?parameter_code=72019&statistic_id=00003&limit=10000&f=json
USGS-345342102313801,,,,,34.8950614409989,-102.527709439472,216.26,2005-09-29,Approved,,,,,,,72019,00003,https://api.waterdata.usgs.gov/ogcapi/v0/collections/latest-daily/items?parameter_code=72019&statistic_id=00003&limit=10000&f=json
USGS-345403085160001,,,,,34.9011944444444,-85.2662222222222,14.87,2026-08-27,Provisional,,,,,,,72019,00003,https://api.waterdata.usgs.gov/ogcapi/v0/collections/latest-daily/items?parameter_code=72019&statistic_id=00003&limit=10000&f=json
USGS-345413091493401,,,,,34.90353333333333,-91.82618333333333,106.14,2014-06-14,Approved,,,,,,,72019,00003,https://api.waterdata.usgs.gov/ogcapi/v0/collections/latest-daily/items?parameter_code=72019&statistic_id=00003&limit=10000&f=json
USGS-345415082154900,,,,,34.9042836668052,-82.2634478624067,35.58,2003-07-14,Approved,,,,,,,72019,00003,https://api.waterdata.usgs.gov/ogcapi/v0/collections/latest-daily/items?parameter_code=72019&statistic_id=00003&limit=10000&f=json
USGS-345456088313001,,,,,34.915644112418,-88.5250483497766,185.44,1989-05-23,Approved,,,,,,,72019,00003,https://api.waterdata.usgs.gov/ogcapi/v0/collections/latest-daily/items?parameter_code=72019&statistic_id=00003&limit=10000&f=json
USGS-345518112332701,,,,,34.9216856547583,-112.558229753567,15.68,2021-10-06,Approved,,,,,,,72019,00003,https://api.waterdata.usgs.gov/ogcapi/v0/collections/latest-daily/items?parameter_code=72019&statistic_id=00003&limit=10000&f=json
USGS-345536098211801,,,,,34.9266694444444,-98.354975,19.52,2018-05-09,Approved,,,,,,,72019,00003,https://api.waterdata.usgs.gov/ogcapi/v0/collections/latest-daily/items?parameter_code=72019&statistic_id=00003&limit=10000&f=json
USGS-345557112294501,,,,,34.93196897934089,-112.49685788743446,239.27,2024-11-18,Approved,,,,,,,72019,00003,https://api.waterdata.usgs.gov/ogcapi/v0/collections/latest-daily/items?parameter_code=72019&statistic_id=00003&limit=10000&f=json
USGS-345603110450301,,,,,34.93420153175977,-110.75153183298207,267.37,2026-08-26,Provisional,,,,,,,72019,00003,https://api.waterdata.usgs.gov/ogcapi/v0/collections/latest-daily/items?parameter_code=72019&statistic_id=00003&limit=10000&f=json
USGS-345609080415102,,,,,34.9359944444444,-80.6975722222222,33.34,2026-08-27,Provisional,,,,,,,72019,00003,https://api.waterdata.usgs.gov/ogcapi/v0/collections/latest-daily/items?parameter_code=72019&statistic_id=00003&limit=10000&f=json
USGS-345609080415103,,,,,34.9359194444444,-80.6975361111111,45.94,2026-08-27,Provisional,,,,,,,72019,00003,https://api.waterdata.usgs.gov/ogcapi/v0/collections/latest-daily/items?parameter_code=72019&statistic_id=00003&limit=10000&f=json
USGS-345650106415901,,,,,34.947291666666665,-106.69992777777779,15.05,2026-08-11,Provisional,,,,,,,72019,00003,https://api.waterdata.usgs.gov/ogcapi/v0/collections/latest-daily/items?parameter_code=72019&statistic_id=00003&limit=10000&f=json
USGS-345650106415902,,,,,34.947291666666665,-106.69992777777779,11.65,2026-07-15,Provisional,,,,,,,72019,00003,https://api.waterdata.usgs.gov/ogcapi/v0/collections/latest-daily/items?parameter_code=72019&statistic_id=00003&limit=10000&f=json
USGS-345650106415903,,,,,34.947291666666665,-106.69992777777779,10,2026-07-15,Provisional,,,,,,,72019,00003,https://api.waterdata.usgs.gov/ogcapi/v0/collections/latest-daily/items?parameter_code=72019&statistic_id=00003&limit=10000&f=json
USGS-345650106415904,,,,,34.947291666666665,-106.69992777777779,6.59,2026-07-15,Provisional,,,,,,,72019,00003,https://api.waterdata.usgs.gov/ogcapi/v0/collections/latest-daily/items?parameter_code=72019&statistic_id=00003&limit=10000&f=json
USGS-345701106404601,,,,,34.9502027777778,-106.680202777778,4.88,2011-09-22,Approved,,,,,,,72019,00003,https://api.waterdata.usgs.gov/ogcapi/v0/collections/latest-daily/items?parameter_code=72019&statistic_id=00003&limit=10000&f=json
USGS-345701106404602,,,,,34.9502027777778,-106.680208333333,4.86,2011-09-22,Approved,,,,,,,72019,00003,https://api.waterdata.usgs.gov/ogcapi/v0/collections/latest-daily/items?parameter_code=72019&statistic_id=00003&limit=10000&f=json
USGS-345703106403902,,,,,34.9510583333333,-106.677863888889,4.24,2011-09-21,Approved,,,,,,,72019,00003,https://api.waterdata.usgs.gov/ogcapi/v0/collections/latest-daily/items?parameter_code=72019&statistic_id=00003&limit=10000&f=json
USGS-345703106404001,,,,,34.9510583333333,-106.678013888889,3.84,2011-09-22,Approved,,,,,,,72019,00003,https://api.waterdata.usgs.gov/ogcapi/v0/collections/latest-daily/items?parameter_code=72019&statistic_id=00003&limit=10000&f=json
USGS-345703106411201,,,,,34.9508305555556,-106.686669444444,2.27,2011-09-19,Approved,,,,,,,72019,00003,https://api.waterdata.usgs.gov/ogcapi/v0/collections/latest-daily/items?parameter_code=72019&statistic_id=00003&limit=10000&f=json
USGS-345703106411202,,,,,34.9508305555556,-106.686669444444,2.47,2007-11-04,Approved,,,,,,,72019,00003,https://api.waterdata.usgs.gov/ogcapi/v0/collections/latest-daily/items?parameter_code=72019&statistic_id=00003&limit=10000&f=json
USGS-345704106410701,,,,,34.9505611111111,-106.685075,2.43,2011-09-20,Approved,,,,,,,72019,00003,https://api.waterdata.usgs.gov/ogcapi/v0/collections/latest-daily/items?parameter_code=72019&statistic_id=00003&limit=10000&f=json
USGS-345704106410702,,,,,34.9505611111111,-106.685075,2.41,2011-09-20,Approved,,,,,,,72019,00003,https://api.waterdata.usgs.gov/ogcapi/v0/collections/latest-daily/items?parameter_code=72019&statistic_id=00003&limit=10000&f=json
USGS-345706106404701,,,,,34.9523,-106.679747222222,4.65,2011-09-22,Approved,,,,,,,72019,00003,https://api.waterdata.usgs.gov/ogcapi/v0/collections/latest-daily/items?parameter_code=72019&statistic_id=00003&limit=10000&f=json
USGS-345706106404702,,,,,34.9523,-106.679747222222,4.62,2011-09-22,Approved,,,,,,,72019,00003,https://api.waterdata.usgs.gov/ogcapi/v0/collections/latest-daily/items?parameter_code=72019&statistic_id=00003&limit=10000&f=json
USGS-345706106404703,,,,,34.9523,-106.679747222222,4.66,2011-09-22,Approved,,,,,,,72019,00003,https://api.waterdata.usgs.gov/ogcapi/v0/collections/latest-daily/items?parameter_code=72019&statistic_id=00003&limit=10000&f=json
USGS-345706106404704,,,,,34.9521972222222,-106.680688888889,3.99,2011-09-22,Approved,,,,,,,72019,00003,https://api.waterdata.usgs.gov/ogcapi/v0/collections/latest-daily/items?parameter_code=72019&statistic_id=00003&limit=10000&f=json
USGS-345706106404705,,,,,34.9521972222222,-106.680688888889,3.99,2011-09-22,Approved,,,,,,,72019,00003,https://api.waterdata.usgs.gov/ogcapi/v0/collections/latest-daily/items?parameter_code=72019&statistic_id=00003&limit=10000&f=json
USGS-345706106410201,,,,,34.9506722222222,-106.683563888889,4.51,2011-09-19,Approved,,,,,,,72019,00003,https://api.waterdata.usgs.gov/ogcapi/v0/collections/latest-daily/items?parameter_code=72019&statistic_id=00003&limit=10000&f=json
USGS-345706106410202,,,,,34.9506722222222,-106.683563888889,4.38,2009-07-27,Approved,,,,,,,72019,00003,https://api.waterdata.usgs.gov/ogcapi/v0/collections/latest-daily/items?parameter_code=72019&statistic_id=00003&limit=10000&f=json
USGS-345706106410203,,,,,34.9506722222222,-106.683563888889,4.52,2011-09-20,Approved,,,,,,,72019,00003,https://api.waterdata.usgs.gov/ogcapi/v0/collections/latest-daily/items?parameter_code=72019&statistic_id=00003&limit=10000&f=json
USGS-345707106404101,,,,,34.9524194444444,-106.678352777778,3,2011-09-21,Approved,,,,,,,72019,00003,https://api.waterdata.usgs.gov/ogcapi/v0/collections/latest-daily/items?parameter_code=72019&statistic_id=00003&limit=10000&f=json
USGS-345707106404102,,,,,34.9524194444444,-106.678352777778,2.24,2011-09-21,Approved,,,,,,,72019,00003,https://api.waterdata.usgs.gov/ogcapi/v0/collections/latest-daily/items?parameter_code=72019&statistic_id=00003&limit=10000&f=json
USGS-345707106404103,,,,,34.9523527777778,-106.678525,3.64,2011-09-22,Approved,,,,,,,72019,00003,https://api.waterdata.usgs.gov/ogcapi/v0/collections/latest-daily/items?parameter_code=72019&statistic_id=00003&limit=10000&f=json
USGS-345707106410101,,,,,34.9507722222222,-106.682766666667,4.27,2011-09-19,Approved,,,,,,,72019,00003,https://api.waterdata.usgs.gov/ogcapi/v0/collections/latest-daily/items?parameter_code=72019&statistic_id=00003&limit=10000&f=json
USGS-345707106410102,,,,,34.9507722222222,-106.682766666667,4.28,2011-09-19,Approved,,,,,,,72019,00003,https://api.waterdata.usgs.gov/ogcapi/v0/collections/latest-daily/items?parameter_code=72019&statistic_id=00003&limit=10000&f=json
USGS-345713106410601,,,,,34.9518527777778,-106.684180555556,6.81,2011-09-20,Approved,,,,,,,72019,00003,https://api.waterdata.usgs.gov/ogcapi/v0/collections/latest-daily/items?parameter_code=72019&statistic_id=00003&limit=10000&f=json
USGS-345713106410602,,,,,34.9518527777778,-106.684180555556,6.84,2011-09-20,Approved,,,,,,,72019,00003,https://api.waterdata.usgs.gov/ogcapi/v0/collections/latest-daily/items?parameter_code=72019&statistic_id=00003&limit=10000&f=json
USGS-345713106410603,,,,,34.9518527777778,-106.684180555556,6.84,2011-09-20,Approved,,,,,,,72019,00003,https://api.waterdata.usgs.gov/ogcapi/v0/collections/latest-daily/items?parameter_code=72019&statistic_id=00003&limit=10000&f=json
USGS-345713106410604,,,,,34.9520555555556,-106.683041666667,4.23,2011-09-20,Approved,,,,,,,72019,00003,https://api.waterdata.usgs.gov/ogcapi/v0/collections/latest-daily/items?parameter_code=72019&statistic_id=00003&limit=10000&f=json
USGS-345713106410605,,,,,34.9520555555556,-106.683041666667,4.22,2011-09-20,Approved,,,,,,,72019,00003,https://api.waterdata.usgs.gov/ogcapi/v0/collections/latest-daily/items?parameter_code=72019&statistic_id=00003&limit=10000&f=json
USGS-345713106411001,,,,,34.9516222222222,-106.68545,3.49,2011-09-20,Approved,,,,,,,72019,00003,https://api.waterdata.usgs.gov/ogcapi/v0/collections/latest-daily/items?parameter_code=72019&statistic_id=00003&limit=10000&f=json
USGS-345713106411002,,,,,34.9516222222222,-106.68545,3.47,2011-09-20,Approved,,,,,,,72019,00003,https://api.waterdata.usgs.gov/ogcapi/v0/collections/latest-daily/items?parameter_code=72019&statistic_id=00003&limit=10000&f=json
USGS-345740097210801,,,,,34.9611777777778,-97.3524333333333,16.02,2016-04-03,Approved,,,,,,,72019,00003,https://api.waterdata.usgs.gov/ogcapi/v0/collections/latest-daily/items?parameter_code=72019&statistic_id=00003&limit=10000&f=json
USGS-345758106364001,,,,,34.966258333333336,-106.61168611111111,399.41,2026-06-28,Provisional,,,,,,,72019,00003,https://api.waterdata.usgs.gov/ogcapi/v0/collections/latest-daily/items?parameter_code=72019&statistic_id=00003&limit=10000&f=json
USGS-345758106364002,,,,,34.966258333333336,-106.61168611111111,414.11,2026-06-28,Provisional,,,,,,,72019,00003,https://api.waterdata.usgs.gov/ogcapi/v0/collections/latest-daily/items?parameter_code=72019&statistic_id=00003&limit=10000&f=json
USGS-345758106364003,,,,,34.966258333333336,-106.61168611111111,419.73,2026-06-28,Provisional,,,,,,,72019,00003,https://api.waterdata.usgs.gov/ogcapi/v0/collections/latest-daily/items?parameter_code=72019&statistic_id=00003&limit=10000&f=json
USGS-345759099163401,,,,,34.9665638888889,-99.2762416666667,12.45,2015-01-14,Approved,,,,,,,72019,00003,https://api.waterdata.usgs.gov/ogcapi/v0/collections/latest-daily/items?parameter_code=72019&statistic_id=00003&limit=10000&f=json
USGS-345809077301408,,,,,34.97,-77.5033333333333,9.68,2026-08-27,Provisional,,,,,,,72019,00003,https://api.waterdata.usgs.gov/ogcapi/v0/collections/latest-daily/items?parameter_code=72019&statistic_id=00003&limit=10000&f=json
USGS-345812079313401,,,,,34.9705555555556,-79.5283333333333,32.64,2026-08-27,Provisional,,,,,,,72019,00003,https://api.waterdata.usgs.gov/ogcapi/v0/collections/latest-daily/items?parameter_code=72019&statistic_id=00003&limit=10000&f=json
USGS-345824097484201,,,,,34.9733138888889,-97.8116083333333,22.76,2019-04-15,Approved,,,,,,,72019,00003,https://api.waterdata.usgs.gov/ogcapi/v0/collections/latest-daily/items?parameter_code=72019&statistic_id=00003&limit=10000&f=json
USGS-345830081033100,,,,,34.9751666666667,-81.05875,25.29,2026-08-27,Provisional,,,,,,,72019,00003,https://api.waterdata.usgs.gov/ogcapi/v0/collections/latest-daily/items?parameter_code=72019&statistic_id=00003&limit=10000&f=json
USGS-345830081033101,,,,,34.97519444444445,-81.05880555555555,22.23,2026-08-27,Provisional,,,,,,,72019,00003,https://api.waterdata.usgs.gov/ogcapi/v0/collections/latest-daily/items?parameter_code=72019&statistic_id=00003&limit=10000&f=json
USGS-345833106400501,,,,,34.9760166666667,-106.668083333333,11.47,2019-02-19,Approved,,,,,,,72019,00003,https://api.waterdata.usgs.gov/ogcapi/v0/collections/latest-daily/items?parameter_code=72019&statistic_id=00003&limit=10000&f=json
USGS-345848085173701,,,,,34.9800753861496,-85.293567838373,70.69,1981-06-27,Approved,,,,,,,72019,00003,https://api.waterdata.usgs.gov/ogcapi/v0/collections/latest-daily/items?parameter_code=72019&statistic_id=00003&limit=10000&f=json
USGS-345859106410601,,,,,34.9830916666667,-106.684977777778,6.42,2011-09-21,Approved,,,,,,,72019,00003,https://api.waterdata.usgs.gov/ogcapi/v0/collections/latest-daily/items?parameter_code=72019&statistic_id=00003&limit=10000&f=json
USGS-345859106410701,,,,,34.9830583333333,-106.685147222222,7.99,2011-09-22,Approved,,,,,,,72019,00003,https://api.waterdata.usgs.gov/ogcapi/v0/collections/latest-daily/items?parameter_code=72019&statistic_id=00003&limit=10000&f=json
USGS-345859106411001,,,,,34.9831472222222,-106.686008333333,6.57,2011-10-27,Approved,,,,,,,72019,00003,https://api.waterdata.usgs.gov/ogcapi/v0/collections/latest-daily/items?parameter_code=72019&statistic_id=00003&limit=10000&f=json
USGS-345859106411002,,,,,34.9831472222222,-106.686008333333,6.57,2011-10-27,Approved,,,,,,,72019,00003,https://api.waterdata.usgs.gov/ogcapi/v0/collections/latest-daily/items?parameter_code=72019&statistic_id=00003&limit=10000&f=json
USGS-345859106411003,,,,,34.9831472222222,-106.686008333333,7.04,2011-10-27,Approved,,,,,,,72019,00003,https://api.waterdata.usgs.gov/ogcapi/v0/collections/latest-daily/items?parameter_code=72019&statistic_id=00003&limit=10000&f=json
USGS-345900106411201,,,,,34.9832194444444,-106.686605555556,4.46,2020-11-30,Approved,,,,,,,72019,00003,https://api.waterdata.usgs.gov/ogcapi/v0/collections/latest-daily/items?parameter_code=72019&statistic_id=00003&limit=10000&f=json
USGS-345900106411202,,,,,34.9832194444444,-106.686605555556,4.92,2011-10-27,Approved,,,,,,,72019,00003,https://api.waterdata.usgs.gov/ogcapi/v0/collections/latest-daily/items?parameter_code=72019&statistic_id=00003&limit=10000&f=json
USGS-345901106411801,,,,,34.9837222222222,-106.688222222222,3.45,2011-10-30,Approved,,,,,,,72019,00003,https://api.waterdata.usgs.gov/ogcapi/v0/collections/latest-daily/items?parameter_code=72019&statistic_id=00003&limit=10000&f=json
USGS-345901106411802,,,,,34.9837222222222,-106.688222222222,3.48,2011-10-30,Approved,,,,,,,72019,00003,https://api.waterdata.usgs.gov/ogcapi/v0/collections/latest-daily/items?parameter_code=72019&statistic_id=00003&limit=10000&f=json
USGS-345903106412001,,,,,34.9841861111111,-106.688797222222,4.75,2011-10-30,Approved,,,,,,,72019,00003,https://api.waterdata.usgs.gov/ogcapi/v0/collections/latest-daily/items?parameter_code=72019&statistic_id=00003&limit=10000&f=json
USGS-345903106412002,,,,,34.9841861111111,-106.688797222222,4.76,2011-10-30,Approved,,,,,,,72019,00003,https://api.waterdata.usgs.gov/ogcapi/v0/collections/latest-daily/items?parameter_code=72019&statistic_id=00003&limit=10000&f=json
USGS-345903106412003,,,,,34.9841861111111,-106.688797222222,5.05,2011-10-30,Approved,,,,,,,72019,00003,https://api.waterdata.usgs.gov/ogcapi/v0/collections/latest-daily/items?parameter_code=72019&statistic_id=00003&limit=10000&f=json
USGS-345904106410501,,,,,34.9845166666667,-106.684794444444,4.42,2011-09-21,Approved,,,,,,,72019,00003,https://api.waterdata.usgs.gov/ogcapi/v0/collections/latest-daily/items?parameter_code=72019&statistic_id=00003&limit=10000&f=json
USGS-345904106410601,,,,,34.9844472222222,-106.685013888889,6.82,2011-09-22,Approved,,,,,,,72019,00003,https://api.waterdata.usgs.gov/ogcapi/v0/collections/latest-daily/items?parameter_code=72019&statistic_id=00003&limit=10000&f=json
USGS-345904106410901,,,,,34.9844583333333,-106.685711111111,6.59,2011-09-22,Approved,,,,,,,72019,00003,https://api.waterdata.usgs.gov/ogcapi/v0/collections/latest-daily/items?parameter_code=72019&statistic_id=00003&limit=10000&f=json
USGS-345904106410902,,,,,34.9844583333333,-106.685711111111,6.75,2011-09-22,Approved,,,,,,,72019,00003,https://api.waterdata.usgs.gov/ogcapi/v0/collections/latest-daily/items?parameter_code=72019&statistic_id=00003&limit=10000&f=json
USGS-345904106410903,,,,,34.9844583333333,-106.685711111111,6.75,2011-09-22,Approved,,,,,,,72019,00003,https://api.waterdata.usgs.gov/ogcapi/v0/collections/latest-daily/items?parameter_code=72019&statistic_id=00003&limit=10000&f=json
USGS-345904106411001,,,,,34.9845055555556,-106.686141666667,5.64,2011-10-27,Approved,,,,,,,72019,00003,https://api.waterdata.usgs.gov/ogcapi/v0/collections/latest-daily/items?parameter_code=72019&statistic_id=00003&limit=10000&f=json
USGS-345904106411002,,,,,34.9845055555556,-106.686141666667,5.67,2011-10-27,Approved,,,,,,,72019,00003,https://api.waterdata.usgs.gov/ogcapi/v0/collections/latest-daily/items?parameter_code=72019&statistic_id=00003&limit=10000&f=json
USGS-345904106412601,,,,,34.9844138888889,-106.690588888889,6.61,2011-10-30,Approved,,,,,,,72019,00003,https://api.waterdata.usgs.gov/ogcapi/v0/collections/latest-daily/items?parameter_code=72019&statistic_id=00003&limit=10000&f=json
USGS-345905106411501,,,,,34.9847777777778,-106.687444444444,3.54,2011-10-30,Approved,,,,,,,72019,00003,https://api.waterdata.usgs.gov/ogcapi/v0/collections/latest-daily/items?parameter_code=72019&statistic_id=00003&limit=10000&f=json
USGS-345905106411502,,,,,34.9847777777778,-106.687444444444,3.6,2011-10-30,Approved,,,,,,,72019,00003,https://api.waterdata.usgs.gov/ogcapi/v0/collections/latest-daily/items?parameter_code=72019&statistic_id=00003&limit=10000&f=json
USGS-345906106412001,,,,,34.9849694444444,-106.688958333333,5.64,2011-10-30,Approved,,,,,,,72019,00003,https://api.waterdata.usgs.gov/ogcapi/v0/collections/latest-daily/items?parameter_code=72019&statistic_id=00003&limit=10000&f=json
USGS-345906106412002,,,,,34.9849694444444,-106.688958333333,5.71,2011-10-30,Approved,,,,,,,72019,00003,https://api.waterdata.usgs.gov/ogcapi/v0/collections/latest-daily/items?parameter_code=72019&statistic_id=00003&limit=10000&f=json
USGS-345906106412003,,,,,34.9849694444444,-106.688958333333,5.68,2011-10-30,Approved,,,,,,,72019,00003,https://api.waterdata.usgs.gov/ogcapi/v0/collections/latest-daily/items?parameter_code=72019&statistic_id=00003&limit=10000&f=json
USGS-345908095013001,,,,,34.985653921084,-95.0252374289987,7.23,1989-09-29,Approved,,,,,,,72019,00003,https://api.waterdata.usgs.gov/ogcapi/v0/collections/latest-daily/items?parameter_code=72019&statistic_id=00003&limit=10000&f=json
USGS-345908106412501,,,,,34.9854277777778,-106.690408333333,6.8,2011-10-30,Approved,,,,,,,72019,00003,https://api.waterdata.usgs.gov/ogcapi/v0/collections/latest-daily/items?parameter_code=72019&statistic_id=00003&limit=10000&f=json
USGS-345908106412601,,,,,34.9855111111111,-106.690591666667,9.6,2011-10-30,Approved,,,,,,,72019,00003,https://api.waterdata.usgs.gov/ogcapi/v0/collections/latest-daily/items?parameter_code=72019&statistic_id=00003&limit=10000&f=json
USGS-350002090054400,,,,,35.0012044475054,-90.0962039218471,60.53,2010-02-17,Approved,,,,,,,72019,00003,https://api.waterdata.usgs.gov/ogcapi/v0/collections/latest-daily/items?parameter_code=72019&statistic_id=00003&limit=10000&f=json
USGS-350002110355501,,,,,35.0005776220497,-110.599298043463,36.99,2026-08-26,Provisional,,,,,,,72019,00003,https://api.waterdata.usgs.gov/ogcapi/v0/collections/latest-daily/items?parameter_code=72019&statistic_id=00003&limit=10000&f=json
USGS-350034086422800,,,,,35.00917027243014,-86.70726459640723,13.09,2026-08-26,Provisional,,,,,,,72019,00003,https://api.waterdata.usgs.gov/ogcapi/v0/collections/latest-daily/items?parameter_code=72019&statistic_id=00003&limit=10000&f=json
USGS-350056106370102,,,,,35.01588888888889,-106.61727777777777,208.07,2026-06-29,Provisional,,,,,,,72019,00003,https://api.waterdata.usgs.gov/ogcapi/v0/collections/latest-daily/items?parameter_code=72019&statistic_id=00003&limit=10000&f=json
USGS-350056106370103,,,,,35.01588888888889,-106.61727777777777,210.21,2026-06-29,Provisional,,,,,,,72019,00003,https://api.waterdata.usgs.gov/ogcapi/v0/collections/latest-daily/items?parameter_code=72019&statistic_id=00003&limit=10000&f=json
USGS-350100106405701,,,,,35.01659444444444,-106.68274722222223,8.65,2026-06-29,Provisional,,,,,,,72019,00003,https://api.waterdata.usgs.gov/ogcapi/v0/collections/latest-daily/items?parameter_code=72019&statistic_id=00003&limit=10000&f=json
USGS-350100106405702,,,,,35.01659444444444,-106.68274722222223,7.45,2026-06-29,Provisional,,,,,,,72019,00003,https://api.waterdata.usgs.gov/ogcapi/v0/collections/latest-daily/items?parameter_code=72019&statistic_id=00003&limit=10000&f=json
USGS-350124090072200,,,,,35.0234264459971,-90.1228710158517,124.01,1995-09-30,Approved,,,,,,,72019,00003,https://api.waterdata.usgs.gov/ogcapi/v0/collections/latest-daily/items?parameter_code=72019&statistic_id=00003&limit=10000&f=json
USGS-350124090072202,,,,,35.0234264459971,-90.1228710158517,44.11,1994-03-29,Approved,,,,,,,72019,00003,https://api.waterdata.usgs.gov/ogcapi/v0/collections/latest-daily/items?parameter_code=72019&statistic_id=00003&limit=10000&f=json
USGS-350137106395101,,,,,35.0268583333333,-106.664375,13.17,2011-09-25,Approved,,,,,,,72019,00003,https://api.waterdata.usgs.gov/ogcapi/v0/collections/latest-daily/items?parameter_code=72019&statistic_id=00003&limit=10000&f=json
USGS-350138106401102,,,,,35.0277861111111,-106.671036111111,6.54,2011-09-25,Approved,,,,,,,72019,00003,https://api.waterdata.usgs.gov/ogcapi/v0/collections/latest-daily/items?parameter_code=72019&statistic_id=00003&limit=10000&f=json
USGS-350138106401104,,,,,35.0279277777778,-106.670927777778,6.47,2011-09-25,Approved,,,,,,,72019,00003,https://api.waterdata.usgs.gov/ogcapi/v0/collections/latest-daily/items?parameter_code=72019&statistic_id=00003&limit=10000&f=json
USGS-350140106401702,,,,,35.0279333333333,-106.671641666667,7.38,2011-09-25,Approved,,,,,,,72019,00003,https://api.waterdata.usgs.gov/ogcapi/v0/collections/latest-daily/items?parameter_code=72019&statistic_id=00003&limit=10000&f=json
USGS-350141106400801,,,,,35.0277833333333,-106.669147222222,6.31,2011-09-25,Approved,,,,,,,72019,00003,https://api.waterdata.usgs.gov/ogcapi/v0/collections/latest-daily/items?parameter_code=72019&statistic_id=00003&limit=10000&f=json
USGS-350141106400802,,,,,35.0277861111111,-106.66915,6.31,2011-09-25,Approved,,,,,,,72019,00003,https://api.waterdata.usgs.gov/ogcapi/v0/collections/latest-daily/items?parameter_code=72019&statistic_id=00003&limit=10000&f=json
USGS-350142106402701,,,,,35.028,-106.674391666667,5.23,2011-10-27,Approved,,,,,,,72019,00003,https://api.waterdata.usgs.gov/ogcapi/v0/collections/latest-daily/items?parameter_code=72019&statistic_id=00003&limit=10000&f=json
USGS-350142106402702,,,,,35.028,-106.674391666667,5.12,2011-10-27,Approved,,,,,,,72019,00003,https://api.waterdata.usgs.gov/ogcapi/v0/collections/latest-daily/items?parameter_code=72019&statistic_id=00003&limit=10000&f=json
USGS-350143106402401,,,,,35.0280055555556,-106.673513888889,4.27,2011-09-26,Approved,,,,,,,72019,00003,https://api.waterdata.usgs.gov/ogcapi/v0/collections/latest-daily/items?parameter_code=72019&statistic_id=00003&limit=10000&f=json
USGS-350143106402402,,,,,35.0280055555556,-106.673513888889,4.41,2011-09-26,Approved,,,,,,,72019,00003,https://api.waterdata.usgs.gov/ogcapi/v0/collections/latest-daily/items?parameter_code=72019&statistic_id=00003&limit=10000&f=json
USGS-350143106402501,,,,,35.0280055555556,-106.673822222222,4.9,2011-10-27,Approved,,,,,,,72019,00003,https://api.waterdata.usgs.gov/ogcapi/v0/collections/latest-daily/items?parameter_code=72019&statistic_id=00003&limit=10000&f=json
USGS-350143106402502,,,,,35.0280055555556,-106.673822222222,4.88,2011-10-27,Approved,,,,,,,72019,00003,https://api.waterdata.usgs.gov/ogcapi/v0/collections/latest-daily/items?parameter_code=72019&statistic_id=00003&limit=10000&f=json
USGS-350143106402503,,,,,35.0280055555556,-106.673822222222,4.68,2011-10-27,Approved,,,,,,,72019,00003,https://api.waterdata.usgs.gov/ogcapi/v0/collections/latest-daily/items?parameter_code=72019&statistic_id=00003&limit=10000&f=json
USGS-350144106400701,,,,,35.0291111111111,-106.668955555556,7.57,2011-09-25,Approved,,,,,,,72019,00003,https://api.waterdata.usgs.gov/ogcapi/v0/collections/latest-daily/items?parameter_code=72019&statistic_id=00003&limit=10000&f=json
USGS-350144106400702,,,,,35.0291111111111,-106.668955555556,7.57,2011-09-25,Approved,,,,,,,72019,00003,https://api.waterdata.usgs.gov/ogcapi/v0/collections/latest-daily/items?parameter_code=72019&statistic_id=00003&limit=10000&f=json
USGS-350144106401101,,,,,35.02915,-106.670919444444,5,2011-09-25,Approved,,,,,,,72019,00003,https://api.waterdata.usgs.gov/ogcapi/v0/collections/latest-daily/items?parameter_code=72019&statistic_id=00003&limit=10000&f=json
USGS-350144106401102,,,,,35.02915,-106.670919444444,4.94,2011-09-25,Approved,,,,,,,72019,00003,https://api.waterdata.usgs.gov/ogcapi/v0/collections/latest-daily/items?parameter_code=72019&statistic_id=00003&limit=10000&f=json
USGS-350144106401103,,,,,35.02915,-106.670919444444,5.09,2011-09-25,Approved,,,,,,,72019,00003,https://api.waterdata.usgs.gov/ogcapi/v0/collections/latest-daily/items?parameter_code=72019&statistic_id=00003&limit=10000&f=json
USGS-350147106402501,,,,,35.02935,-106.673808333333,4.03,2011-10-27,Approved,,,,,,,72019,00003,https://api.waterdata.usgs.gov/ogcapi/v0/collections/latest-daily/items?parameter_code=72019&statistic_id=00003&limit=10000&f=json
USGS-350147106402502,,,,,35.02935,-106.673808333333,4.07,2011-10-27,Approved,,,,,,,72019,00003,https://api.waterdata.usgs.gov/ogcapi/v0/collections/latest-daily/items?parameter_code=72019&statistic_id=00003&limit=10000&f=json
USGS-350147106402503,,,,,35.02935,-106.673808333333,4.11,2011-10-27,Approved,,,,,,,72019,00003,https://api.waterdata.usgs.gov/ogcapi/v0/collections/latest-daily/items?parameter_code=72019&statistic_id=00003&limit=10000&f=json
USGS-350147106402601,,,,,35.0293388888889,-106.673480555556,4.61,2011-10-27,Approved,,,,,,,72019,00003,https://api.waterdata.usgs.gov/ogcapi/v0/collections/latest-daily/items?parameter_code=72019&statistic_id=00003&limit=10000&f=json
USGS-350147106402602,,,,,35.0293388888889,-106.673480555556,4.53,2011-10-27,Approved,,,,,,,72019,00003,https://api.waterdata.usgs.gov/ogcapi/v0/collections/latest-daily/items?parameter_code=72019&statistic_id=00003&limit=10000&f=json
USGS-350147106402701,,,,,35.0293555555556,-106.674394444444,5.66,2011-10-27,Approved,,,,,,,72019,00003,https://api.waterdata.usgs.gov/ogcapi/v0/collections/latest-daily/items?parameter_code=72019&statistic_id=00003&limit=10000&f=json
USGS-350147106402801,,,,,35.02935,-106.674311111111,4.42,2011-10-27,Approved,,,,,,,72019,00003,https://api.waterdata.usgs.gov/ogcapi/v0/collections/latest-daily/items?parameter_code=72019&statistic_id=00003&limit=10000&f=json
USGS-350147106402802,,,,,35.0293555555556,-106.674311111111,4.46,2011-10-27,Approved,,,,,,,72019,00003,https://api.waterdata.usgs.gov/ogcapi/v0/collections/latest-daily/items?parameter_code=72019&statistic_id=00003&limit=10000&f=json
USGS-350150081012500,,,,,35.0270894295117,-81.032854470571,19.04,2003-02-13,Approved,,,,,,,72019,00003,https://api.waterdata.usgs.gov/ogcapi/v0/collections/latest-daily/items?parameter_code=72019&statistic_id=00003&limit=10000&f=json
USGS-350153098212101,,,,,35.0313166666667,-98.3562611111111,30.43,2018-05-09,Approved,,,,,,,72019,00003,https://api.waterdata.usgs.gov/ogcapi/v0/collections/latest-daily/items?parameter_code=72019&statistic_id=00003&limit=10000&f=json
USGS-350207089511000,,,,,35.0350919942528,-89.8525872420629,153.64,1989-06-25,Approved,,,,,,,72019,00003,https://api.waterdata.usgs.gov/ogcapi/v0/collections/latest-daily/items?parameter_code=72019&statistic_id=00003&limit=10000&f=json
USGS-350234085181200,,,,,35.0431296669331,-85.3032909959261,16.28,1998-10-26,Approved,,,,,,,72019,00003,https://api.waterdata.usgs.gov/ogcapi/v0/collections/latest-daily/items?parameter_code=72019&statistic_id=00003&limit=10000&f=json
USGS-350241095341101,,,,,35.0470416992904,-95.5699837451594,5.18,1989-09-29,Approved,,,,,,,72019,00003,https://api.waterdata.usgs.gov/ogcapi/v0/collections/latest-daily/items?parameter_code=72019&statistic_id=00003&limit=10000&f=json
USGS-350244106450201,,,,,35.0456666666667,-106.750805555556,339.6,2026-02-20,Provisional,,,,,,,72019,00003,https://api.waterdata.usgs.gov/ogcapi/v0/collections/latest-daily/items?parameter_code=72019&statistic_id=00003&limit=10000&f=json
USGS-350244106450202,,,,,35.0456666666667,-106.750805555556,339.61,2026-06-29,Provisional,,,,,,,72019,00003,https://api.waterdata.usgs.gov/ogcapi/v0/collections/latest-daily/items?parameter_code=72019&statistic_id=00003&limit=10000&f=json
USGS-350244106450203,,,,,35.0456666666667,-106.750805555556,325.71,2026-04-20,Provisional,,,,,,,72019,00003,https://api.waterdata.usgs.gov/ogcapi/v0/collections/latest-daily/items?parameter_code=72019&statistic_id=00003&limit=10000&f=json
USGS-350256106390801,,,,,35.0490277777778,-106.653305555556,24.84,2026-08-23,Approved,,,,,,,72019,00003,https://api.waterdata.usgs.gov/ogcapi/v0/collections/latest-daily/items?parameter_code=72019&statistic_id=00003&limit=10000&f=json
USGS-350304106345401,,,,,35.051075,-106.581711111111,463.88,2020-10-21,Approved,REVISED,,,,,,72019,00003,https://api.waterdata.usgs.gov/ogcapi/v0/collections/latest-daily/items?parameter_code=72019&statistic_id=00003&limit=10000&f=json
USGS-350307106410601,,,,,35.05063333333333,-106.68394722222223,24.33,2026-06-29,Provisional,,,,,,,72019,00003,https://api.waterdata.usgs.gov/ogcapi/v0/collections/latest-daily/items?parameter_code=72019&statistic_id=00003&limit=10000&f=json
USGS-350307106410602,,,,,35.05063333333333,-106.68394722222223,23.33,2026-04-20,Provisional,,,,,,,72019,00003,https://api.waterdata.usgs.gov/ogcapi/v0/collections/latest-daily/items?parameter_code=72019&statistic_id=00003&limit=10000&f=json
USGS-350344090130000,,,,,35.06241111111111,-90.216725,28.03,2011-10-05,Approved,,,,,,,72019,00003,https://api.waterdata.usgs.gov/ogcapi/v0/collections/latest-daily/items?parameter_code=72019&statistic_id=00003&limit=10000&f=json
USGS-350353106394301,,,,,35.0653833333333,-106.661955555556,8.07,2011-09-27,Approved,,,,,,,72019,00003,https://api.waterdata.usgs.gov/ogcapi/v0/collections/latest-daily/items?parameter_code=72019&statistic_id=00003&limit=10000&f=json
USGS-350354106334901,,,,,35.065025,-106.563638888889,486.89,2016-11-16,Approved,,,,,,,72019,00003,https://api.waterdata.usgs.gov/ogcapi/v0/collections/latest-daily/items?parameter_code=72019&statistic_id=00003&limit=10000&f=json
USGS-350354106394201,,,,,35.0654,-106.661872222222,6.36,2011-09-27,Approved,,,,,,,72019,00003,https://api.waterdata.usgs.gov/ogcapi/v0/collections/latest-daily/items?parameter_code=72019&statistic_id=00003&limit=10000&f=json
USGS-350354106394202,,,,,35.0654,-106.661872222222,6.33,2011-09-27,Approved,,,,,,,72019,00003,https://api.waterdata.usgs.gov/ogcapi/v0/collections/latest-daily/items?parameter_code=72019&statistic_id=00003&limit=10000&f=json
USGS-350356106393601,,,,,35.0656444444444,-106.660002777778,5.46,2011-09-29,Approved,,,,,,,72019,00003,https://api.waterdata.usgs.gov/ogcapi/v0/collections/latest-daily/items?parameter_code=72019&statistic_id=00003&limit=10000&f=json
USGS-350356106393602,,,,,35.0656444444444,-106.660002777778,5.53,2011-09-29,Approved,,,,,,,72019,00003,https://api.waterdata.usgs.gov/ogcapi/v0/collections/latest-daily/items?parameter_code=72019&statistic_id=00003&limit=10000&f=json
USGS-350356106393901,,,,,35.0655611111111,-106.660830555556,7.56,2011-09-29,Approved,,,,,,,72019,00003,https://api.waterdata.usgs.gov/ogcapi/v0/collections/latest-daily/items?parameter_code=72019&statistic_id=00003&limit=10000&f=json
USGS-350356106393902,,,,,35.0655611111111,-106.660830555556,7.57,2011-09-29,Approved,,,,,,,72019,00003,https://api.waterdata.usgs.gov/ogcapi/v0/collections/latest-daily/items?parameter_code=72019&statistic_id=00003&limit=10000&f=json
USGS-350356106393903,,,,,35.0655611111111,-106.660830555556,8.27,2011-09-29,Approved,,,,,,,72019,00003,https://api.waterdata.usgs.gov/ogcapi/v0/collections/latest-daily/items?parameter_code=72019&statistic_id=00003&limit=10000&f=json
USGS-350357106392901,,,,,35.065975,-106.657941666667,4.78,2010-08-19,Approved,,,,,,,72019,00003,https://api.waterdata.usgs.gov/ogcapi/v0/collections/latest-daily/items?parameter_code=72019&statistic_id=00003&limit=10000&f=json
USGS-350357106392902,,,,,35.065975,-106.657941666667,4.78,2010-08-19,Approved,,,,,,,72019,00003,https://api.waterdata.usgs.gov/ogcapi/v0/collections/latest-daily/items?parameter_code=72019&statistic_id=00003&limit=10000&f=json
USGS-350358106391302,,,,,34.9513611111111,-106.675430555556,5.8,2011-09-21,Approved,,,,,,,72019,00003,https://api.waterdata.usgs.gov/ogcapi/v0/collections/latest-daily/items?parameter_code=72019&statistic_id=00003&limit=10000&f=json
USGS-350358106391303,,,,,34.9513611111111,-106.675430555556,5.92,2011-03-01,Approved,,,,,,,72019,00003,https://api.waterdata.usgs.gov/ogcapi/v0/collections/latest-daily/items?parameter_code=72019&statistic_id=00003&limit=10000&f=json
USGS-350358106392201,,,,,35.0661333333333,-106.656169444444,5.62,2011-09-29,Approved,,,,,,,72019,00003,https://api.waterdata.usgs.gov/ogcapi/v0/collections/latest-daily/items?parameter_code=72019&statistic_id=00003&limit=10000&f=json
USGS-350358106392301,,,,,35.0661222222222,-106.656286111111,6.08,2010-02-07,Approved,,,,,,,72019,00003,https://api.waterdata.usgs.gov/ogcapi/v0/collections/latest-daily/items?parameter_code=72019&statistic_id=00003&limit=10000&f=json
USGS-350358106392302,,,,,35.0661222222222,-106.656286111111,5.24,2011-09-29,Approved,,,,,,,72019,00003,https://api.waterdata.usgs.gov/ogcapi/v0/collections/latest-daily/items?parameter_code=72019&statistic_id=00003&limit=10000&f=json
USGS-350358106392601,,,,,35.0660833333333,-106.657175,4.75,2010-08-18,Approved,,,,,,,72019,00003,https://api.waterdata.usgs.gov/ogcapi/v0/collections/latest-daily/items?parameter_code=72019&statistic_id=00003&limit=10000&f=json
USGS-350358106392602,,,,,35.0660833333333,-106.657175,5.47,2011-09-29,Approved,,,,,,,72019,00003,https://api.waterdata.usgs.gov/ogcapi/v0/collections/latest-daily/items?parameter_code=72019&statistic_id=00003&limit=10000&f=json
USGS-350358106392603,,,,,35.0660833333333,-106.657175,4.78,2010-08-18,Approved,,,,,,,72019,00003,https://api.waterdata.usgs.gov/ogcapi/v0/collections/latest-daily/items?parameter_code=72019&statistic_id=00003&limit=10000&f=json
USGS-350359106254701,,,,,35.0662333333333,-106.431083333333,42.76,2017-08-22,Approved,,,,,,,72019,00003,https://api.waterdata.usgs.gov/ogcapi/v0/collections/latest-daily/items?parameter_code=72019&statistic_id=00003&limit=10000&f=json
USGS-350359106333901,,,,,35.0664722222222,-106.560875,488.4,2018-03-28,Approved,,,,,,,72019,00003,https://api.waterdata.usgs.gov/ogcapi/v0/collections/latest-daily/items?parameter_code=72019&statistic_id=00003&limit=10000&f=json
USGS-350359106333902,,,,,35.0665111111111,-106.560836111111,489.96,2017-04-16,Approved,,,,,,,72019,00003,https://api.waterdata.usgs.gov/ogcapi/v0/collections/latest-daily/items?parameter_code=72019&statistic_id=00003&limit=10000&f=json
USGS-350359106333903,,,,,35.0665111111111,-106.560836111111,483.31,2017-04-16,Approved,,,,,,,72019,00003,https://api.waterdata.usgs.gov/ogcapi/v0/collections/latest-daily/items?parameter_code=72019&statistic_id=00003&limit=10000&f=json
USGS-350359106333904,,,,,35.0665111111111,-106.560836111111,471.65,2017-04-15,Approved,,,,,,,72019,00003,https://api.waterdata.usgs.gov/ogcapi/v0/collections/latest-daily/items?parameter_code=72019&statistic_id=00003&limit=10000&f=json
USGS-350359106333905,,,,,35.0664916666667,-106.561005555556,496.01,2016-10-31,Approved,,,,,,,72019,00003,https://api.waterdata.usgs.gov/ogcapi/v0/collections/latest-daily/items?parameter_code=72019&statistic_id=00003&limit=10000&f=json
USGS-350359106333906,,,,,35.0663555555556,-106.561016666667,486.91,2025-03-03,Approved,,,,,,,72019,00003,https://api.waterdata.usgs.gov/ogcapi/v0/collections/latest-daily/items?parameter_code=72019&statistic_id=00003&limit=10000&f=json
USGS-350359106333907,,,,,35.0663555555556,-106.561016666667,495.98,2016-10-31,Approved,,,,,,,72019,00003,https://api.waterdata.usgs.gov/ogcapi/v0/collections/latest-daily/items?parameter_code=72019&statistic_id=00003&limit=10000&f=json
USGS-350359106333908,,,,,35.0663555555556,-106.561016666667,485.33,2025-03-03,Approved,REVISED,,,,,,72019,00003,https://api.waterdata.usgs.gov/ogcapi/v0/collections/latest-daily/items?parameter_code=72019&statistic_id=00003&limit=10000&f=json
USGS-350359106335201,,,,,35.0665111111111,-106.564397222222,475.76,2018-03-28,Approved,,,,,,,72019,00003,https://api.waterdata.usgs.gov/ogcapi/v0/collections/latest-daily/items?parameter_code=72019&statistic_id=00003&limit=10000&f=json
USGS-350359106335202,,,,,35.0664611111111,-106.564408333333,477.56,2017-04-16,Approved,,,,,,,72019,00003,https://api.waterdata.usgs.gov/ogcapi/v0/collections/latest-daily/items?parameter_code=72019&statistic_id=00003&limit=10000&f=json
USGS-350359106335203,,,,,35.0664611111111,-106.564408333333,470.16,2017-04-16,Approved,,,,,,,72019,00003,https://api.waterdata.usgs.gov/ogcapi/v0/collections/latest-daily/items?parameter_code=72019&statistic_id=00003&limit=10000&f=json
USGS-350359106335204,,,,,35.0664611111111,-106.564408333333,457.95,2017-04-16,Approved,,,,,,,72019,00003,https://api.waterdata.usgs.gov/ogcapi/v0/collections/latest-daily/items?parameter_code=72019&statistic_id=00003&limit=10000&f=json
USGS-350359106335205,,,,,35.0665388888889,-106.564486111111,481.78,2016-11-13,Approved,,,,,,,72019,00003,https://api.waterdata.usgs.gov/ogcapi/v0/collections/latest-daily/items?parameter_code=72019&statistic_id=00003&limit=10000&f=json
USGS-350359106335206,,,,,35.0664916666667,-106.564569444444,479.04,2020-10-19,Approved,,,,,,,72019,00003,https://api.waterdata.usgs.gov/ogcapi/v0/collections/latest-daily/items?parameter_code=72019&statistic_id=00003&limit=10000&f=json
USGS-350359106335207,,,,,35.0664916666667,-106.564569444444,482.23,2016-11-13,Approved,REVISED,,,,,,72019,00003,https://api.waterdata.usgs.gov/ogcapi/v0/collections/latest-daily/items?parameter_code=72019&statistic_id=00003&limit=10000&f=json
USGS-350359106335208,,,,,35.0664916666667,-106.564569444444,475.37,2016-11-13,Approved,REVISED,,,,,,72019,00003,https://api.waterdata.usgs.gov/ogcapi/v0/collections/latest-daily/items?parameter_code=72019&statistic_id=00003&limit=10000&f=json
USGS-350359106393901,,,,,35.06655,-106.66105,6.43,2011-09-27,Approved,,,,,,,72019,00003,https://api.waterdata.usgs.gov/ogcapi/v0/collections/latest-daily/items?parameter_code=72019&statistic_id=00003&limit=10000&f=json
USGS-350359106393902,,,,,35.06655,-106.66105,6.42,2011-09-27,Approved,,,,,,,72019,00003,https://api.waterdata.usgs.gov/ogcapi/v0/collections/latest-daily/items?parameter_code=72019&statistic_id=00003&limit=10000&f=json
USGS-350359106393903,,,,,35.06655,-106.66105,6.84,2011-09-27,Approved,,,,,,,72019,00003,https://api.waterdata.usgs.gov/ogcapi/v0/collections/latest-daily/items?parameter_code=72019&statistic_id=00003&limit=10000&f=json
USGS-350359106394401,,,,,35.0663972222222,-106.662141666667,6.47,2011-09-27,Approved,,,,,,,72019,00003,https://api.waterdata.usgs.gov/ogcapi/v0/collections/latest-daily/items?parameter_code=72019&statistic_id=00003&limit=10000&f=json
USGS-350359106394402,,,,,35.0663972222222,-106.662141666667,6.4,2011-09-27,Approved,,,,,,,72019,00003,https://api.waterdata.usgs.gov/ogcapi/v0/collections/latest-daily/items?parameter_code=72019&statistic_id=00003&limit=10000&f=json
USGS-350359106394501,,,,,35.0663861111111,-106.662233333333,7.83,2011-09-27,Approved,,,,,,,72019,00003,https://api.waterdata.usgs.gov/ogcapi/v0/collections/latest-daily/items?parameter_code=72019&statistic_id=00003&limit=10000&f=json
USGS-350400106393701,,,,,35.0666944444445,-106.660088888889,4.49,2011-09-27,Approved,,,,,,,72019,00003,https://api.waterdata.usgs.gov/ogcapi/v0/collections/latest-daily/items?parameter_code=72019&statistic_id=00003&limit=10000&f=json
USGS-350400106393702,,,,,35.0666944444445,-106.660088888889,4.44,2011-09-29,Approved,,,,,,,72019,00003,https://api.waterdata.usgs.gov/ogcapi/v0/collections/latest-daily/items?parameter_code=72019&statistic_id=00003&limit=10000&f=json
USGS-350402106392601,,,,,35.0673027777778,-106.657508333333,5.22,2011-10-02,Approved,,,,,,,72019,00003,https://api.waterdata.usgs.gov/ogcapi/v0/collections/latest-daily/items?parameter_code=72019&statistic_id=00003&limit=10000&f=json
USGS-350402106392602,,,,,35.0673027777778,-106.657508333333,5.19,2011-10-02,Approved,,,,,,,72019,00003,https://api.waterdata.usgs.gov/ogcapi/v0/collections/latest-daily/items?parameter_code=72019&statistic_id=00003&limit=10000&f=json
USGS-350402106392603,,,,,35.0673027777778,-106.657508333333,5.54,2011-10-02,Approved,,,,,,,72019,00003,https://api.waterdata.usgs.gov/ogcapi/v0/collections/latest-daily/items?parameter_code=72019&statistic_id=00003&limit=10000&f=json
USGS-350402106392901,,,,,35.0672194444444,-106.658061111111,4.42,2011-10-02,Approved,,,,,,,72019,00003,https://api.waterdata.usgs.gov/ogcapi/v0/collections/latest-daily/items?parameter_code=72019&statistic_id=00003&limit=10000&f=json
USGS-350402106392902,,,,,35.0672194444444,-106.658061111111,4.4,2011-10-02,Approved,,,,,,,72019,00003,https://api.waterdata.usgs.gov/ogcapi/v0/collections/latest-daily/items?parameter_code=72019&statistic_id=00003&limit=10000&f=json
USGS-350403106392301,,,,,35.0673916666667,-106.656605555556,6.11,2011-09-29,Approved,,,,,,,72019,00003,https://api.waterdata.usgs.gov/ogcapi/v0/collections/latest-daily/items?parameter_code=72019&statistic_id=00003&limit=10000&f=json
USGS-350403106392302,,,,,35.0673916666667,-106.656605555556,6.43,2011-09-29,Approved,,,,,,,72019,00003,https://api.waterdata.usgs.gov/ogcapi/v0/collections/latest-daily/items?parameter_code=72019&statistic_id=00003&limit=10000&f=json
USGS-350404106335601,,,,,35.0679111111111,-106.565422222222,475.34,2016-11-16,Approved,,,,,,,72019,00003,https://api.waterdata.usgs.gov/ogcapi/v0/collections/latest-daily/items?parameter_code=72019&statistic_id=00003&limit=10000&f=json
USGS-350406089444401,,,,,35.068433414132905,-89.74563552153928,104.14,2026-08-26,Provisional,,,,,,,72019,00003,https://api.waterdata.usgs.gov/ogcapi/v0/collections/latest-daily/items?parameter_code=72019&statistic_id=00003&limit=10000&f=json
USGS-350408106335601,,,,,35.0690972222222,-106.565752777778,461.13,2019-10-16,Approved,REVISED,,,,,,72019,00003,https://api.waterdata.usgs.gov/ogcapi/v0/collections/latest-daily/items?parameter_code=72019&statistic_id=00003&limit=10000&f=json
USGS-350408106335602,,,,,35.0690972222222,-106.565752777778,455.8,2019-10-16,Approved,REVISED,,,,,,72019,00003,https://api.waterdata.usgs.gov/ogcapi/v0/collections/latest-daily/items?parameter_code=72019&statistic_id=00003&limit=10000&f=json
USGS-350408106335603,,,,,35.0690972222222,-106.565752777778,443.91,2019-10-16,Approved,REVISED,,,,,,72019,00003,https://api.waterdata.usgs.gov/ogcapi/v0/collections/latest-daily/items?parameter_code=72019&statistic_id=00003&limit=10000&f=json
USGS-350414104485101,,,,,35.069861111111116,-104.81708333333333,362.19,2026-08-27,Provisional,,,,,,,72019,00003,https://api.waterdata.usgs.gov/ogcapi/v0/collections/latest-daily/items?parameter_code=72019&statistic_id=00003&limit=10000&f=json
USGS-350432090015101,,,,,35.07593305846026,-90.03092198771127,96.22,1999-09-30,Approved,,,,,,,72019,00003,https://api.waterdata.usgs.gov/ogcapi/v0/collections/latest-daily/items?parameter_code=72019&statistic_id=00003&limit=10000&f=json
USGS-350506089483101,,,,,35.08509968919758,-89.8086930125469,155.74,2026-08-26,Provisional,,,,,,,72019,00003,https://api.waterdata.usgs.gov/ogcapi/v0/collections/latest-daily/items?parameter_code=72019&statistic_id=00003&limit=10000&f=json
USGS-350514089553700,,,,,35.0873130567028,-89.9264775235203,47.19,1994-09-30,Approved,,,,,,,72019,00003,https://api.waterdata.usgs.gov/ogcapi/v0/collections/latest-daily/items?parameter_code=72019&statistic_id=00003&limit=10000&f=json
USGS-350514097593201,,,,,35.0873666666667,-97.9923138888889,2.03,2019-06-11,Approved,,,,,,,72019,00003,https://api.waterdata.usgs.gov/ogcapi/v0/collections/latest-daily/items?parameter_code=72019&statistic_id=00003&limit=10000&f=json
USGS-350516106410001,,,,,35.0877027777778,-106.683336111111,7.33,2011-11-02,Approved,,,,,,,72019,00003,https://api.waterdata.usgs.gov/ogcapi/v0/collections/latest-daily/items?parameter_code=72019&statistic_id=00003&limit=10000&f=json
USGS-350516106410002,,,,,35.0876611111111,-106.683341666667,8.37,2011-11-02,Approved,,,,,,,72019,00003,https://api.waterdata.usgs.gov/ogcapi/v0/collections/latest-daily/items?parameter_code=72019&statistic_id=00003&limit=10000&f=json
USGS-350519106405701,,,,,35.0884361111111,-106.682716666667,6.1,2011-11-01,Approved,,,,,,,72019,00003,https://api.waterdata.usgs.gov/ogcapi/v0/collections/latest-daily/items?parameter_code=72019&statistic_id=00003&limit=10000&f=json
USGS-350519106405702,,,,,35.0884361111111,-106.682716666667,6.08,2011-11-01,Approved,,,,,,,72019,00003,https://api.waterdata.usgs.gov/ogcapi/v0/collections/latest-daily/items?parameter_code=72019&statistic_id=00003&limit=10000&f=json
USGS-350519106405703,,,,,35.0884361111111,-106.682716666667,6.11,2011-11-01,Approved,,,,,,,72019,00003,https://api.waterdata.usgs.gov/ogcapi/v0/collections/latest-daily/items?parameter_code=72019&statistic_id=00003&limit=10000&f=json
USGS-350519106410701,,,,,35.0886833333333,-106.685325,7.88,2011-11-02,Approved,,,,,,,72019,00003,https://api.waterdata.usgs.gov/ogcapi/v0/collections/latest-daily/items?parameter_code=72019&statistic_id=00003&limit=10000&f=json
USGS-350520106410701,,,,,35.0887527777778,-106.685238888889,7.86,2011-11-02,Approved,,,,,,,72019,00003,https://api.waterdata.usgs.gov/ogcapi/v0/collections/latest-daily/items?parameter_code=72019&statistic_id=00003&limit=10000&f=json
USGS-350521106405501,,,,,35.0892611111111,-106.682075,2.96,2010-08-23,Approved,,,,,,,72019,00003,https://api.waterdata.usgs.gov/ogcapi/v0/collections/latest-daily/items?parameter_code=72019&statistic_id=00003&limit=10000&f=json
USGS-350521106405502,,,,,35.0892611111111,-106.682075,2.5,2011-11-01,Approved,,,,,,,72019,00003,https://api.waterdata.usgs.gov/ogcapi/v0/collections/latest-daily/items?parameter_code=72019&statistic_id=00003&limit=10000&f=json
USGS-350522106410501,,,,,35.0894472222222,-106.684741666667,4.12,2011-11-01,Approved,,,,,,,72019,00003,https://api.waterdata.usgs.gov/ogcapi/v0/collections/latest-daily/items?parameter_code=72019&statistic_id=00003&limit=10000&f=json
USGS-350522106410502,,,,,35.0894472222222,-106.684741666667,4.14,2011-11-01,Approved,,,,,,,72019,00003,https://api.waterdata.usgs.gov/ogcapi/v0/collections/latest-daily/items?parameter_code=72019&statistic_id=00003&limit=10000&f=json
USGS-350522106410503,,,,,35.0894472222222,-106.684741666667,4.13,2011-11-01,Approved,,,,,,,72019,00003,https://api.waterdata.usgs.gov/ogcapi/v0/collections/latest-daily/items?parameter_code=72019&statistic_id=00003&limit=10000&f=json
USGS-350524106410401,,,,,35.0899972222222,-106.684411111111,4.53,2011-11-01,Approved,,,,,,,72019,00003,https://api.waterdata.usgs.gov/ogcapi/v0/collections/latest-daily/items?parameter_code=72019&statistic_id=00003&limit=10000&f=json
USGS-350524106410402,,,,,35.0899972222222,-106.684411111111,4.52,2011-11-01,Approved,,,,,,,72019,00003,https://api.waterdata.usgs.gov/ogcapi/v0/collections/latest-daily/items?parameter_code=72019&statistic_id=00003&limit=10000&f=json
USGS-350525106405301,,,,,35.0902777777778,-106.681138888889,4.55,2011-11-08,Approved,,,,,,,72019,00003,https://api.waterdata.usgs.gov/ogcapi/v0/collections/latest-daily/items?parameter_code=72019&statistic_id=00003&limit=10000&f=json
USGS-350525106405302,,,,,35.0902777777778,-106.681138888889,4.55,2011-11-08,Approved,,,,,,,72019,00003,https://api.waterdata.usgs.gov/ogcapi/v0/collections/latest-daily/items?parameter_code=72019&statistic_id=00003&limit=10000&f=json
USGS-350527106405101,,,,,35.0908666666667,-106.68065,4.41,2011-11-08,Approved,,,,,,,72019,00003,https://api.waterdata.usgs.gov/ogcapi/v0/collections/latest-daily/items?parameter_code=72019&statistic_id=00003&limit=10000&f=json
USGS-350527106405102,,,,,35.0908666666667,-106.68065,4.43,2011-11-08,Approved,,,,,,,72019,00003,https://api.waterdata.usgs.gov/ogcapi/v0/collections/latest-daily/items?parameter_code=72019&statistic_id=00003&limit=10000&f=json
USGS-350527106405103,,,,,35.0908666666667,-106.68065,4.45,2011-11-08,Approved,,,,,,,72019,00003,https://api.waterdata.usgs.gov/ogcapi/v0/collections/latest-daily/items?parameter_code=72019&statistic_id=00003&limit=10000&f=json
USGS-350529106410401,,,,,35.0913416666667,-106.683497222222,5.61,2011-11-08,Approved,,,,,,,72019,00003,https://api.waterdata.usgs.gov/ogcapi/v0/collections/latest-daily/items?parameter_code=72019&statistic_id=00003&limit=10000&f=json
USGS-350529106410402,,,,,35.0913416666667,-106.683497222222,5.59,2011-11-08,Approved,,,,,,,72019,00003,https://api.waterdata.usgs.gov/ogcapi/v0/collections/latest-daily/items?parameter_code=72019&statistic_id=00003&limit=10000&f=json
USGS-350530106404801,,,,,35.0916027777778,-106.680083333333,7.25,2010-08-22,Approved,,,,,,,72019,00003,https://api.waterdata.usgs.gov/ogcapi/v0/collections/latest-daily/items?parameter_code=72019&statistic_id=00003&limit=10000&f=json
USGS-350530106404802,,,,,35.0916694444444,-106.679994444444,6.56,2011-11-08,Approved,,,,,,,72019,00003,https://api.waterdata.usgs.gov/ogcapi/v0/collections/latest-daily/items?parameter_code=72019&statistic_id=00003&limit=10000&f=json
USGS-350531106405801,,,,,35.0919305555556,-106.682836111111,5.49,2011-11-08,Approved,,,,,,,72019,00003,https://api.waterdata.usgs.gov/ogcapi/v0/collections/latest-daily/items?parameter_code=72019&statistic_id=00003&limit=10000&f=json
USGS-350531106405802,,,,,35.0919305555556,-106.682836111111,5.56,2011-11-08,Approved,,,,,,,72019,00003,https://api.waterdata.usgs.gov/ogcapi/v0/collections/latest-daily/items?parameter_code=72019&statistic_id=00003&limit=10000&f=json
USGS-350531106405803,,,,,35.0919305555556,-106.682836111111,5.52,2011-11-08,Approved,,,,,,,72019,00003,https://api.waterdata.usgs.gov/ogcapi/v0/collections/latest-daily/items?parameter_code=72019&statistic_id=00003&limit=10000&f=json
USGS-350532090002101,,,,,35.0923129224631,-90.0059238641301,147.63,1999-09-30,Approved,,,,,,,72019,00003,https://api.waterdata.usgs.gov/ogcapi/v0/collections/latest-daily/items?parameter_code=72019&statistic_id=00003&limit=10000&f=json
USGS-350534106354701,,,,,35.0930222222222,-106.597027777778,319.98,2026-08-20,Provisional,,,,,,,72019,00003,https://api.waterdata.usgs.gov/ogcapi/v0/collections/latest-daily/items?parameter_code=72019&statistic_id=00003&limit=10000&f=json
USGS-350534106354702,,,,,35.0930222222222,-106.597027777778,336.4,2026-08-20,Provisional,,,,,,,72019,00003,https://api.waterdata.usgs.gov/ogcapi/v0/collections/latest-daily/items?parameter_code=72019&statistic_id=00003&limit=10000&f=json
USGS-350534106354703,,,,,35.0930222222222,-106.597027777778,328.9,2026-08-20,Provisional,,,,,,,72019,00003,https://api.waterdata.usgs.gov/ogcapi/v0/collections/latest-daily/items?parameter_code=72019&statistic_id=00003&limit=10000&f=json
USGS-350534106405501,,,,,35.0926833333333,-106.682027777778,6.2,2011-11-08,Approved,,,,,,,72019,00003,https://api.waterdata.usgs.gov/ogcapi/v0/collections/latest-daily/items?parameter_code=72019&statistic_id=00003&limit=10000&f=json
USGS-350534106405502,,,,,35.0927916666667,-106.681963888889,7.86,2011-11-08,Approved,,,,,,,72019,00003,https://api.waterdata.usgs.gov/ogcapi/v0/collections/latest-daily/items?parameter_code=72019&statistic_id=00003&limit=10000&f=json
USGS-350545106335901,,,,,35.095311111111116,-106.56608055555556,416.57,2026-07-05,Approved,,,,,,,72019,00003,https://api.waterdata.usgs.gov/ogcapi/v0/collections/latest-daily/items?parameter_code=72019&statistic_id=00003&limit=10000&f=json
USGS-350545106335902,,,,,35.095311111111116,-106.56608055555556,417.83,2026-07-05,Approved,,,,,,,72019,00003,https://api.waterdata.usgs.gov/ogcapi/v0/collections/latest-daily/items?parameter_code=72019&statistic_id=00003&limit=10000&f=json
USGS-350545106335903,,,,,35.095311111111116,-106.56608055555556,413.55,2026-07-05,Approved,,,,,,,72019,00003,https://api.waterdata.usgs.gov/ogcapi/v0/collections/latest-daily/items?parameter_code=72019&statistic_id=00003&limit=10000&f=json
USGS-350547090002401,,,,,35.0964795157751,-90.0067571862532,63.19,1999-09-30,Approved,,,,,,,72019,00003,https://api.waterdata.usgs.gov/ogcapi/v0/collections/latest-daily/items?parameter_code=72019&statistic_id=00003&limit=10000&f=json
USGS-350547090002402,,,,,35.0964795157751,-90.0067571862532,141.3,1999-09-30,Approved,,,,,,,72019,00003,https://api.waterdata.usgs.gov/ogcapi/v0/collections/latest-daily/items?parameter_code=72019&statistic_id=00003&limit=10000&f=json
USGS-350616112435601,,,,,35.1044582712269,-112.732956253556,67.53,2018-05-30,Approved,,,,,,,72019,00003,https://api.waterdata.usgs.gov/ogcapi/v0/collections/latest-daily/items?parameter_code=72019&statistic_id=00003&limit=10000&f=json
USGS-350622082373608,,,,,35.1062281530068,-82.6265150059252,30.82,2003-07-14,Approved,,,,,,,72019,00003,https://api.waterdata.usgs.gov/ogcapi/v0/collections/latest-daily/items?parameter_code=72019&statistic_id=00003&limit=10000&f=json
USGS-350638106413701,,,,,35.11000555555556,-106.69462222222222,177.05,2026-07-06,Approved,,,,,,,72019,00003,https://api.waterdata.usgs.gov/ogcapi/v0/collections/latest-daily/items?parameter_code=72019&statistic_id=00003&limit=10000&f=json
USGS-350638106413702,,,,,35.11000555555556,-106.69462222222222,177.55,2026-07-06,Approved,,,,,,,72019,00003,https://api.waterdata.usgs.gov/ogcapi/v0/collections/latest-daily/items?parameter_code=72019&statistic_id=00003&limit=10000&f=json
USGS-350638106413703,,,,,35.11000555555556,-106.69462222222222,159.76,2026-07-06,Approved,,,,,,,72019,00003,https://api.waterdata.usgs.gov/ogcapi/v0/collections/latest-daily/items?parameter_code=72019&statistic_id=00003&limit=10000&f=json
USGS-350638106413704,,,,,35.11000555555556,-106.69462222222222,158.59,2026-07-06,Approved,,,,,,,72019,00003,https://api.waterdata.usgs.gov/ogcapi/v0/collections/latest-daily/items?parameter_code=72019&statistic_id=00003&limit=10000&f=json
USGS-350638106413705,,,,,35.11000555555556,-106.69462222222222,158.49,2026-07-06,Approved,,,,,,,72019,00003,https://api.waterdata.usgs.gov/ogcapi/v0/collections/latest-daily/items?parameter_code=72019&statistic_id=00003&limit=10000&f=json
USGS-350638106413706,,,,,35.11000555555556,-106.69462222222222,157.06,2026-07-06,Approved,,,,,,,72019,00003,https://api.waterdata.usgs.gov/ogcapi/v0/collections/latest-daily/items?parameter_code=72019&statistic_id=00003&limit=10000&f=json
USGS-350653106311601,,,,,35.114775,-106.521822222222,698.75,2026-07-05,Approved,,,,,,,72019,00003,https://api.waterdata.usgs.gov/ogcapi/v0/collections/latest-daily/items?parameter_code=72019&statistic_id=00003&limit=10000&f=json
USGS-350653106311602,,,,,35.114775,-106.521822222222,691.53,2026-07-05,Approved,,,,,,,72019,00003,https://api.waterdata.usgs.gov/ogcapi/v0/collections/latest-daily/items?parameter_code=72019&statistic_id=00003&limit=10000&f=json
USGS-350653106311603,,,,,35.114775,-106.52182222222223,567.12,2019-07-15,Approved,REVISED,,,,,,72019,00003,https://api.waterdata.usgs.gov/ogcapi/v0/collections/latest-daily/items?parameter_code=72019&statistic_id=00003&limit=10000&f=json
USGS-350658089560100,,,,,35.1162013680206,-89.9336997026135,120.36,1995-09-30,Approved,,,,,,,72019,00003,https://api.waterdata.usgs.gov/ogcapi/v0/collections/latest-daily/items?parameter_code=72019&statistic_id=00003&limit=10000&f=json
USGS-350706106390301,,,,,35.117986111111115,-106.65127222222223,41.07,2026-08-23,Provisional,,,,,,,72019,00003,https://api.waterdata.usgs.gov/ogcapi/v0/collections/latest-daily/items?parameter_code=72019&statistic_id=00003&limit=10000&f=json
USGS-350706106390302,,,,,35.117986111111115,-106.65127222222223,39.94,2026-08-23,Provisional,,,,,,,72019,00003,https://api.waterdata.usgs.gov/ogcapi/v0/collections/latest-daily/items?parameter_code=72019&statistic_id=00003&limit=10000&f=json
USGS-350706106390303,,,,,35.117986111111115,-106.65127222222223,34.22,2026-08-23,Provisional,,,,,,,72019,00003,https://api.waterdata.usgs.gov/ogcapi/v0/collections/latest-daily/items?parameter_code=72019&statistic_id=00003&limit=10000&f=json
USGS-350721106211001,,,,,35.1228083333333,-106.353430555556,235.35,2016-10-13,Approved,,,,,,,72019,00003,https://api.waterdata.usgs.gov/ogcapi/v0/collections/latest-daily/items?parameter_code=72019&statistic_id=00003&limit=10000&f=json
USGS-350724089555600,,,,,35.123423449795,-89.931199585712,158.14,1995-09-30,Approved,,,,,,,72019,00003,https://api.waterdata.usgs.gov/ogcapi/v0/collections/latest-daily/items?parameter_code=72019&statistic_id=00003&limit=10000&f=json
USGS-350735089593300,,,,,35.12648758388717,-89.99230975580096,98.32,2026-08-25,Provisional,,,,,,,72019,00003,https://api.waterdata.usgs.gov/ogcapi/v0/collections/latest-daily/items?parameter_code=72019&statistic_id=00003&limit=10000&f=json
USGS-350748098231101,,,,,35.1300583333333,-98.3864388888889,50.88,2017-12-17,Approved,,,,,,,72019,00003,https://api.waterdata.usgs.gov/ogcapi/v0/collections/latest-daily/items?parameter_code=72019&statistic_id=00003&limit=10000&f=json
USGS-350750085045802,,,,,35.13066721900145,-85.08271475467117,10.52,2026-08-26,Provisional,,,,,,,72019,00003,https://api.waterdata.usgs.gov/ogcapi/v0/collections/latest-daily/items?parameter_code=72019&statistic_id=00003&limit=10000&f=json
USGS-350810089430801,,,,,35.1362009573809,-89.7189718750448,93.89,2010-01-28,Approved,,,,,,,72019,00003,https://api.waterdata.usgs.gov/ogcapi/v0/collections/latest-daily/items?parameter_code=72019&statistic_id=00003&limit=10000&f=json
USGS-350810089430802,,,,,35.1362009573809,-89.7189718750448,43.22,2010-02-24,Approved,,,,,,,72019,00003,https://api.waterdata.usgs.gov/ogcapi/v0/collections/latest-daily/items?parameter_code=72019&statistic_id=00003&limit=10000&f=json
USGS-350811089430901,,,,,35.1364787303178,-89.719249658513,136.3,2010-02-24,Approved,,,,,,,72019,00003,https://api.waterdata.usgs.gov/ogcapi/v0/collections/latest-daily/items?parameter_code=72019&statistic_id=00003&limit=10000&f=json
USGS-350836106395401,,,,,35.14363888888889,-106.66580555555556,38.89,2026-07-06,Provisional,,,,,,,72019,00003,https://api.waterdata.usgs.gov/ogcapi/v0/collections/latest-daily/items?parameter_code=72019&statistic_id=00003&limit=10000&f=json
USGS-350836106395402,,,,,35.14363888888889,-106.66580555555556,39.34,2026-07-06,Provisional,,,,,,,72019,00003,https://api.waterdata.usgs.gov/ogcapi/v0/collections/latest-daily/items?parameter_code=72019&statistic_id=00003&limit=10000&f=json
USGS-350836106395403,,,,,35.14363888888889,-106.66580555555556,38.89,2026-07-06,Provisional,,,,,,,72019,00003,https://api.waterdata.usgs.gov/ogcapi/v0/collections/latest-daily/items?parameter_code=72019&statistic_id=00003&limit=10000&f=json
USGS-350836106395404,,,,,35.14363888888889,-106.66580555555556,27.41,2026-07-06,Provisional,,,,,,,72019,00003,https://api.waterdata.usgs.gov/ogcapi/v0/collections/latest-daily/items?parameter_code=72019&statistic_id=00003&limit=10000&f=json
USGS-350842106403102,,,,,35.1449416666667,-106.675308333333,7.45,2011-10-04,Approved,,,,,,,72019,00003,https://api.waterdata.usgs.gov/ogcapi/v0/collections/latest-daily/items?parameter_code=72019&statistic_id=00003&limit=10000&f=json
USGS-350842106403103,,,,,35.1449416666667,-106.675308333333,7.57,2011-10-04,Approved,,,,,,,72019,00003,https://api.waterdata.usgs.gov/ogcapi/v0/collections/latest-daily/items?parameter_code=72019&statistic_id=00003&limit=10000&f=json
USGS-350842106403202,,,,,35.14505,-106.675880555556,6.03,2011-10-04,Approved,,,,,,,72019,00003,https://api.waterdata.usgs.gov/ogcapi/v0/collections/latest-daily/items?parameter_code=72019&statistic_id=00003&limit=10000&f=json
USGS-350843106402801,,,,,35.1447888888889,-106.674494444444,4.66,2011-10-05,Approved,,,,,,,72019,00003,https://api.waterdata.usgs.gov/ogcapi/v0/collections/latest-daily/items?parameter_code=72019&statistic_id=00003&limit=10000&f=json
USGS-350843106402802,,,,,35.1447888888889,-106.674494444444,4.73,2011-10-05,Approved,,,,,,,72019,00003,https://api.waterdata.usgs.gov/ogcapi/v0/collections/latest-daily/items?parameter_code=72019&statistic_id=00003&limit=10000&f=json
USGS-350846106402801,,,,,35.1460694444444,-106.674438888889,5.96,2010-09-16,Approved,,,,,,,72019,00003,https://api.waterdata.usgs.gov/ogcapi/v0/collections/latest-daily/items?parameter_code=72019&statistic_id=00003&limit=10000&f=json
USGS-350846106402804,,,,,35.1461,-106.674913888889,7.43,2011-10-04,Approved,,,,,,,72019,00003,https://api.waterdata.usgs.gov/ogcapi/v0/collections/latest-daily/items?parameter_code=72019&statistic_id=00003&limit=10000&f=json
USGS-350846106402805,,,,,35.1461,-106.674916666667,7.5,2011-10-04,Approved,,,,,,,72019,00003,https://api.waterdata.usgs.gov/ogcapi/v0/collections/latest-daily/items?parameter_code=72019&statistic_id=00003&limit=10000&f=json
USGS-350847106402501,,,,,35.1460083333333,-106.673808333333,7.67,2011-10-05,Approved,,,,,,,72019,00003,https://api.waterdata.usgs.gov/ogcapi/v0/collections/latest-daily/items?parameter_code=72019&statistic_id=00003&limit=10000&f=json
USGS-350847106402502,,,,,35.1460083333333,-106.673808333333,7.89,2011-10-05,Approved,,,,,,,72019,00003,https://api.waterdata.usgs.gov/ogcapi/v0/collections/latest-daily/items?parameter_code=72019&statistic_id=00003&limit=10000&f=json
USGS-350848090092800,,,,,35.1467572961663,-90.1578715353079,33.76,1987-08-11,Approved,,,,,,,72019,00003,https://api.waterdata.usgs.gov/ogcapi/v0/collections/latest-daily/items?parameter_code=72019&statistic_id=00003&limit=10000&f=json
USGS-350848106404701,,,,,35.1470611111111,-106.680258333333,6.71,2011-10-05,Approved,,,,,,,72019,00003,https://api.waterdata.usgs.gov/ogcapi/v0/collections/latest-daily/items?parameter_code=72019&statistic_id=00003&limit=10000&f=json
USGS-350848106404702,,,,,35.1470611111111,-106.680258333333,6.52,2011-10-05,Approved,,,,,,,72019,00003,https://api.waterdata.usgs.gov/ogcapi/v0/collections/latest-daily/items?parameter_code=72019&statistic_id=00003&limit=10000&f=json
USGS-350848106404703,,,,,35.1461472222222,-106.678286111111,5.03,2011-10-05,Approved,,,,,,,72019,00003,https://api.waterdata.usgs.gov/ogcapi/v0/collections/latest-daily/items?parameter_code=72019&statistic_id=00003&limit=10000&f=json
USGS-350848106404704,,,,,35.1461472222222,-106.678286111111,5.04,2011-10-05,Approved,,,,,,,72019,00003,https://api.waterdata.usgs.gov/ogcapi/v0/collections/latest-daily/items?parameter_code=72019&statistic_id=00003&limit=10000&f=json
USGS-350851106403801,,,,,35.1476833333333,-106.676794444444,3.97,2011-10-11,Approved,,,,,,,72019,00003,https://api.waterdata.usgs.gov/ogcapi/v0/collections/latest-daily/items?parameter_code=72019&statistic_id=00003&limit=10000&f=json
USGS-350851106403802,,,,,35.1476833333333,-106.676794444444,3.99,2011-10-11,Approved,,,,,,,72019,00003,https://api.waterdata.usgs.gov/ogcapi/v0/collections/latest-daily/items?parameter_code=72019&statistic_id=00003&limit=10000&f=json
USGS-350852106405601,,,,,35.1480305555556,-106.682422222222,11.39,2011-10-02,Approved,,,,,,,72019,00003,https://api.waterdata.usgs.gov/ogcapi/v0/collections/latest-daily/items?parameter_code=72019&statistic_id=00003&limit=10000&f=json
USGS-350853106205701,,,,,35.1482916666667,-106.349930555556,188.35,2016-10-13,Approved,,,,,,,72019,00003,https://api.waterdata.usgs.gov/ogcapi/v0/collections/latest-daily/items?parameter_code=72019&statistic_id=00003&limit=10000&f=json
USGS-350853106405701,,,,,35.1480833333333,-106.682530555556,8.94,2011-10-02,Approved,,,,,,,72019,00003,https://api.waterdata.usgs.gov/ogcapi/v0/collections/latest-daily/items?parameter_code=72019&statistic_id=00003&limit=10000&f=json
USGS-350853106405702,,,,,35.1480833333333,-106.682530555556,8.83,2011-10-02,Approved,,,,,,,72019,00003,https://api.waterdata.usgs.gov/ogcapi/v0/collections/latest-daily/items?parameter_code=72019&statistic_id=00003&limit=10000&f=json
USGS-350854106404201,,,,,35.1486222222222,-106.678683333333,6.2,2011-10-11,Approved,,,,,,,72019,00003,https://api.waterdata.usgs.gov/ogcapi/v0/collections/latest-daily/items?parameter_code=72019&statistic_id=00003&limit=10000&f=json
USGS-350854106404202,,,,,35.1486222222222,-106.678683333333,6.33,2011-10-11,Approved,,,,,,,72019,00003,https://api.waterdata.usgs.gov/ogcapi/v0/collections/latest-daily/items?parameter_code=72019&statistic_id=00003&limit=10000&f=json
USGS-350854106404203,,,,,35.1486222222222,-106.678683333333,6.32,2011-10-11,Approved,,,,,,,72019,00003,https://api.waterdata.usgs.gov/ogcapi/v0/collections/latest-daily/items?parameter_code=72019&statistic_id=00003&limit=10000&f=json
USGS-350855106405401,,,,,35.14915,-106.681422222222,10.24,2011-10-02,Approved,,,,,,,72019,00003,https://api.waterdata.usgs.gov/ogcapi/v0/collections/latest-daily/items?parameter_code=72019&statistic_id=00003&limit=10000&f=json
USGS-350857089591401,,,,,35.1495340194044,-89.9873118924086,28.84,2026-08-26,Provisional,,,,,,,72019,00003,https://api.waterdata.usgs.gov/ogcapi/v0/collections/latest-daily/items?parameter_code=72019&statistic_id=00003&limit=10000&f=json
USGS-350857106405401,,,,,35.1492083333333,-106.681511111111,9.46,2011-10-02,Approved,,,,,,,72019,00003,https://api.waterdata.usgs.gov/ogcapi/v0/collections/latest-daily/items?parameter_code=72019&statistic_id=00003&limit=10000&f=json
USGS-350857106405402,,,,,35.1492083333333,-106.681511111111,9.51,2011-10-02,Approved,,,,,,,72019,00003,https://api.waterdata.usgs.gov/ogcapi/v0/collections/latest-daily/items?parameter_code=72019&statistic_id=00003&limit=10000&f=json
USGS-350900089482300,,,,,35.1500833333333,-89.8061111111111,104.34,2026-08-26,Provisional,,,,,,,72019,00003,https://api.waterdata.usgs.gov/ogcapi/v0/collections/latest-daily/items?parameter_code=72019&statistic_id=00003&limit=10000&f=json
USGS-350908106344401,,,,,35.1525666666667,-106.579491666667,331.74,2026-06-30,Approved,,,,,,,72019,00003,https://api.waterdata.usgs.gov/ogcapi/v0/collections/latest-daily/items?parameter_code=72019&statistic_id=00003&limit=10000&f=json
USGS-350908106344402,,,,,35.1525666666667,-106.579491666667,335.42,2026-06-30,Approved,,,,,,,72019,00003,https://api.waterdata.usgs.gov/ogcapi/v0/collections/latest-daily/items?parameter_code=72019&statistic_id=00003&limit=10000&f=json
USGS-350910090015102,,,,,35.1528674758807,-90.030924036955,97.79,2010-03-01,Approved,,,,,,,72019,00003,https://api.waterdata.usgs.gov/ogcapi/v0/collections/latest-daily/items?parameter_code=72019&statistic_id=00003&limit=10000&f=json
USGS-350910106414801,,,,,35.15273888888889,-106.69651944444445,176.38,2026-07-16,Approved,,,,,,,72019,00003,https://api.waterdata.usgs.gov/ogcapi/v0/collections/latest-daily/items?parameter_code=72019&statistic_id=00003&limit=10000&f=json
USGS-350910106414802,,,,,35.15273888888889,-106.69651944444445,156.9,2026-07-16,Approved,,,,,,,72019,00003,https://api.waterdata.usgs.gov/ogcapi/v0/collections/latest-daily/items?parameter_code=72019&statistic_id=00003&limit=10000&f=json
USGS-350910106414803,,,,,35.15273888888889,-106.69651944444445,152.38,2026-07-16,Approved,,,,,,,72019,00003,https://api.waterdata.usgs.gov/ogcapi/v0/collections/latest-daily/items?parameter_code=72019&statistic_id=00003&limit=10000&f=json
USGS-350914090010601,,,,,35.1539784874079,-90.0184237296499,139.05,1994-09-30,Approved,,,,,,,72019,00003,https://api.waterdata.usgs.gov/ogcapi/v0/collections/latest-daily/items?parameter_code=72019&statistic_id=00003&limit=10000&f=json
USGS-350918081263408,,,,,35.1551314181181,-81.4425871790024,73.54,2009-10-05,Approved,DISCONTINUED,,,,,,72019,00003,https://api.waterdata.usgs.gov/ogcapi/v0/collections/latest-daily/items?parameter_code=72019&statistic_id=00003&limit=10000&f=json
USGS-350927081270100,,,,,35.1576312216163,-81.4500875698172,43.53,1997-09-08,Approved,,,,,,,72019,00003,https://api.waterdata.usgs.gov/ogcapi/v0/collections/latest-daily/items?parameter_code=72019&statistic_id=00003&limit=10000&f=json
USGS-350938094591201,,,,,35.1606529071345,-94.9869004904864,11.49,1982-11-29,Approved,,,,,,,72019,00003,https://api.waterdata.usgs.gov/ogcapi/v0/collections/latest-daily/items?parameter_code=72019&statistic_id=00003&limit=10000&f=json
USGS-350945106203101,,,,,35.1627083333333,-106.343116666667,112.17,2016-11-13,Approved,,,,,,,72019,00003,https://api.waterdata.usgs.gov/ogcapi/v0/collections/latest-daily/items?parameter_code=72019&statistic_id=00003&limit=10000&f=json
USGS-350946106205401,,,,,35.1630055555556,-106.349166666667,104.79,2013-06-17,Approved,,,,,,,72019,00003,https://api.waterdata.usgs.gov/ogcapi/v0/collections/latest-daily/items?parameter_code=72019&statistic_id=00003&limit=10000&f=json
USGS-350954106212401,,,,,35.1651861111111,-106.357425,170.78,2015-10-14,Approved,,,,,,,72019,00003,https://api.waterdata.usgs.gov/ogcapi/v0/collections/latest-daily/items?parameter_code=72019&statistic_id=00003&limit=10000&f=json
USGS-350959110562303,,,,,35.1664026678543,-110.9404178744,228.47,2026-08-26,Provisional,,,,,,,72019,00003,https://api.waterdata.usgs.gov/ogcapi/v0/collections/latest-daily/items?parameter_code=72019&statistic_id=00003&limit=10000&f=json
USGS-351002094314401,,,,,35.167318984243,-94.5291092896577,3.56,1987-11-11,Approved,,,,,,,72019,00003,https://api.waterdata.usgs.gov/ogcapi/v0/collections/latest-daily/items?parameter_code=72019&statistic_id=00003&limit=10000&f=json
USGS-351004097270101,,,,,35.1678454728927,-97.4505881563731,1.57,2016-04-03,Approved,,,,,,,72019,00003,https://api.waterdata.usgs.gov/ogcapi/v0/collections/latest-daily/items?parameter_code=72019&statistic_id=00003&limit=10000&f=json
USGS-351020079282801,,,,,35.1722222222222,-79.4744444444444,66.53,2015-03-10,Approved,DISCONTINUED,,,,,,72019,00003,https://api.waterdata.usgs.gov/ogcapi/v0/collections/latest-daily/items?parameter_code=72019&statistic_id=00003&limit=10000&f=json
USGS-351022111061801,,,,,35.1727900080737,-111.105699361182,614.36,2026-08-26,Provisional,,,,,,,72019,00003,https://api.waterdata.usgs.gov/ogcapi/v0/collections/latest-daily/items?parameter_code=72019&statistic_id=00003&limit=10000&f=json
USGS-351050106394001,,,,,35.1805555555556,-106.661111111111,12.51,2011-10-10,Approved,,,,,,,72019,00003,https://api.waterdata.usgs.gov/ogcapi/v0/collections/latest-daily/items?parameter_code=72019&statistic_id=00003&limit=10000&f=json
USGS-351050106394002,,,,,35.1805555555556,-106.661111111111,12.91,2011-10-10,Approved,,,,,,,72019,00003,https://api.waterdata.usgs.gov/ogcapi/v0/collections/latest-daily/items?parameter_code=72019&statistic_id=00003&limit=10000&f=json
USGS-351052106391701,,,,,35.1813361111111,-106.6548,6.21,2011-10-12,Approved,,,,,,,72019,00003,https://api.waterdata.usgs.gov/ogcapi/v0/collections/latest-daily/items?parameter_code=72019&statistic_id=00003&limit=10000&f=json
USGS-351053106391702,,,,,35.1813444444444,-106.654877777778,12.11,2011-10-10,Approved,,,,,,,72019,00003,https://api.waterdata.usgs.gov/ogcapi/v0/collections/latest-daily/items?parameter_code=72019&statistic_id=00003&limit=10000&f=json
USGS-351054106385401,,,,,35.1816666666667,-106.648333333333,12.51,2011-10-11,Approved,,,,,,,72019,00003,https://api.waterdata.usgs.gov/ogcapi/v0/collections/latest-daily/items?parameter_code=72019&statistic_id=00003&limit=10000&f=json
USGS-351054106390101,,,,,35.1817861111111,-106.650361111111,7.38,2011-10-11,Approved,,,,,,,72019,00003,https://api.waterdata.usgs.gov/ogcapi/v0/collections/latest-daily/items?parameter_code=72019&statistic_id=00003&limit=10000&f=json
USGS-351054106390102,,,,,35.1817861111111,-106.650361111111,7.41,2011-10-11,Approved,,,,,,,72019,00003,https://api.waterdata.usgs.gov/ogcapi/v0/collections/latest-daily/items?parameter_code=72019&statistic_id=00003&limit=10000&f=json
USGS-351054106390401,,,,,35.1818861111111,-106.651158333333,5.81,2011-10-11,Approved,,,,,,,72019,00003,https://api.waterdata.usgs.gov/ogcapi/v0/collections/latest-daily/items?parameter_code=72019&statistic_id=00003&limit=10000&f=json
USGS-351054106390402,,,,,35.1818861111111,-106.651158333333,5.76,2011-10-13,Approved,,,,,,,72019,00003,https://api.waterdata.usgs.gov/ogcapi/v0/collections/latest-daily/items?parameter_code=72019&statistic_id=00003&limit=10000&f=json
USGS-351054106391302,,,,,35.1815611111111,-106.653583333333,6.9,2011-10-12,Approved,,,,,,,72019,00003,https://api.waterdata.usgs.gov/ogcapi/v0/collections/latest-daily/items?parameter_code=72019&statistic_id=00003&limit=10000&f=json
USGS-351055106385102,,,,,35.1818777777778,-106.647580555556,15.35,2011-10-11,Approved,,,,,,,72019,00003,https://api.waterdata.usgs.gov/ogcapi/v0/collections/latest-daily/items?parameter_code=72019&statistic_id=00003&limit=10000&f=json
USGS-351058106385901,,,,,35.1828666666667,-106.649738888889,8.28,2011-10-13,Approved,,,,,,,72019,00003,https://api.waterdata.usgs.gov/ogcapi/v0/collections/latest-daily/items?parameter_code=72019&statistic_id=00003&limit=10000&f=json
USGS-351058106385902,,,,,35.1828666666667,-106.649738888889,8.3,2011-10-13,Approved,,,,,,,72019,00003,https://api.waterdata.usgs.gov/ogcapi/v0/collections/latest-daily/items?parameter_code=72019&statistic_id=00003&limit=10000&f=json
USGS-351058106385903,,,,,35.1828666666667,-106.649738888889,8.25,2011-10-13,Approved,,,,,,,72019,00003,https://api.waterdata.usgs.gov/ogcapi/v0/collections/latest-daily/items?parameter_code=72019&statistic_id=00003&limit=10000&f=json
USGS-351058106390301,,,,,35.1827805555556,-106.650933333333,5.62,2011-10-13,Approved,,,,,,,72019,00003,https://api.waterdata.usgs.gov/ogcapi/v0/collections/latest-daily/items?parameter_code=72019&statistic_id=00003&limit=10000&f=json
USGS-351058106390302,,,,,35.1827805555556,-106.650933333333,5.63,2011-10-13,Approved,,,,,,,72019,00003,https://api.waterdata.usgs.gov/ogcapi/v0/collections/latest-daily/items?parameter_code=72019&statistic_id=00003&limit=10000&f=json
USGS-351058106391001,,,,,35.1827722222222,-106.652597222222,4.46,2011-10-11,Approved,,,,,,,72019,00003,https://api.waterdata.usgs.gov/ogcapi/v0/collections/latest-daily/items?parameter_code=72019&statistic_id=00003&limit=10000&f=json
USGS-351058106391002,,,,,35.1827722222222,-106.652597222222,4.47,2011-10-11,Approved,,,,,,,72019,00003,https://api.waterdata.usgs.gov/ogcapi/v0/collections/latest-daily/items?parameter_code=72019&statistic_id=00003&limit=10000&f=json
USGS-351058106391101,,,,,35.1827166666667,-106.653191666667,6.21,2011-10-11,Approved,,,,,,,72019,00003,https://api.waterdata.usgs.gov/ogcapi/v0/collections/latest-daily/items?parameter_code=72019&statistic_id=00003&limit=10000&f=json
USGS-351058106391102,,,,,35.1827166666667,-106.653191666667,6.19,2011-10-11,Approved,,,,,,,72019,00003,https://api.waterdata.usgs.gov/ogcapi/v0/collections/latest-daily/items?parameter_code=72019&statistic_id=00003&limit=10000&f=json
USGS-351058106391501,,,,,35.1826166666667,-106.654288888889,4.28,2011-10-11,Approved,,,,,,,72019,00003,https://api.waterdata.usgs.gov/ogcapi/v0/collections/latest-daily/items?parameter_code=72019&statistic_id=00003&limit=10000&f=json
USGS-351058106391601,,,,,35.182625,-106.654402777778,6.19,2011-10-11,Approved,,,,,,,72019,00003,https://api.waterdata.usgs.gov/ogcapi/v0/collections/latest-daily/items?parameter_code=72019&statistic_id=00003&limit=10000&f=json
USGS-351058106391602,,,,,35.182625,-106.654402777778,6.24,2011-10-11,Approved,,,,,,,72019,00003,https://api.waterdata.usgs.gov/ogcapi/v0/collections/latest-daily/items?parameter_code=72019&statistic_id=00003&limit=10000&f=json
USGS-351059106385201,,,,,35.18325,-106.647825,10.34,2011-10-13,Approved,,,,,,,72019,00003,https://api.waterdata.usgs.gov/ogcapi/v0/collections/latest-daily/items?parameter_code=72019&statistic_id=00003&limit=10000&f=json
USGS-351059106385202,,,,,35.18325,-106.647825,10.37,2011-10-13,Approved,,,,,,,72019,00003,https://api.waterdata.usgs.gov/ogcapi/v0/collections/latest-daily/items?parameter_code=72019&statistic_id=00003&limit=10000&f=json
USGS-351059106385301,,,,,35.1832555555556,-106.648027777778,9.98,2011-10-13,Approved,,,,,,,72019,00003,https://api.waterdata.usgs.gov/ogcapi/v0/collections/latest-daily/items?parameter_code=72019&statistic_id=00003&limit=10000&f=json
USGS-351100089523600,,,,,35.1837000431561,-89.8778644562831,124.62,1994-09-30,Approved,,,,,,,72019,00003,https://api.waterdata.usgs.gov/ogcapi/v0/collections/latest-daily/items?parameter_code=72019&statistic_id=00003&limit=10000&f=json
USGS-351102089582701,,,,,35.1839778063612,-89.9742557568448,21.91,2006-10-11,Approved,,,,,,,72019,00003,https://api.waterdata.usgs.gov/ogcapi/v0/collections/latest-daily/items?parameter_code=72019&statistic_id=00003&limit=10000&f=json
USGS-351111089512501,,,,,35.1865277777778,-89.8568055555556,68.07,2018-09-30,Approved,,,,,,,72019,00003,https://api.waterdata.usgs.gov/ogcapi/v0/collections/latest-daily/items?parameter_code=72019&statistic_id=00003&limit=10000&f=json
USGS-351113089583101,,,,,35.187033302984,-89.975366873142,30.74,2006-10-11,Approved,,,,,,,72019,00003,https://api.waterdata.usgs.gov/ogcapi/v0/collections/latest-daily/items?parameter_code=72019&statistic_id=00003&limit=10000&f=json
USGS-351114106330601,,,,,35.1866083333333,-106.553211111111,519.99,2026-06-30,Approved,,,,,,,72019,00003,https://api.waterdata.usgs.gov/ogcapi/v0/collections/latest-daily/items?parameter_code=72019&statistic_id=00003&limit=10000&f=json
USGS-351114106330602,,,,,35.1866083333333,-106.553211111111,520.56,2026-06-30,Approved,,,,,,,72019,00003,https://api.waterdata.usgs.gov/ogcapi/v0/collections/latest-daily/items?parameter_code=72019&statistic_id=00003&limit=10000&f=json
USGS-351114106330603,,,,,35.1866083333333,-106.553211111111,519.97,2026-06-30,Approved,,,,,,,72019,00003,https://api.waterdata.usgs.gov/ogcapi/v0/collections/latest-daily/items?parameter_code=72019&statistic_id=00003&limit=10000&f=json
USGS-351115085025001,,,,,35.18738888888888,-85.0475,12.57,2026-08-26,Provisional,,,,,,,72019,00003,https://api.waterdata.usgs.gov/ogcapi/v0/collections/latest-daily/items?parameter_code=72019&statistic_id=00003&limit=10000&f=json
USGS-351117083545001,,,,,35.1880555555556,-83.9138888888889,27.7,2009-10-04,Approved,,,,,,,72019,00003,https://api.waterdata.usgs.gov/ogcapi/v0/collections/latest-daily/items?parameter_code=72019&statistic_id=00003&limit=10000&f=json
USGS-351121083545002,,,,,35.1891666666667,-83.9138888888889,4.95,2026-08-27,Provisional,,,,,,,72019,00003,https://api.waterdata.usgs.gov/ogcapi/v0/collections/latest-daily/items?parameter_code=72019&statistic_id=00003&limit=10000&f=json
USGS-351122094403901,,,,,35.1895414123254,-94.6777241503213,8.59,1989-09-29,Approved,,,,,,,72019,00003,https://api.waterdata.usgs.gov/ogcapi/v0/collections/latest-daily/items?parameter_code=72019&statistic_id=00003&limit=10000&f=json
USGS-351126079301401,,,,,35.1905555555556,-79.5038888888889,92.85,2026-08-27,Provisional,,,,,,,72019,00003,https://api.waterdata.usgs.gov/ogcapi/v0/collections/latest-daily/items?parameter_code=72019&statistic_id=00003&limit=10000&f=json
USGS-351126089513000,,,,,35.1906443469206,-89.8584194692168,124.78,1989-06-26,Approved,,,,,,,72019,00003,https://api.waterdata.usgs.gov/ogcapi/v0/collections/latest-daily/items?parameter_code=72019&statistic_id=00003&limit=10000&f=json
USGS-351132079275301,,,,,35.192,-79.46475,54.68,2026-08-27,Provisional,,,,,,,72019,00003,https://api.waterdata.usgs.gov/ogcapi/v0/collections/latest-daily/items?parameter_code=72019&statistic_id=00003&limit=10000&f=json
USGS-351134079284901,,,,,35.1927777777778,-79.4802777777778,68.8,2015-03-10,Approved,DISCONTINUED,,,,,,72019,00003,https://api.waterdata.usgs.gov/ogcapi/v0/collections/latest-daily/items?parameter_code=72019&statistic_id=00003&limit=10000&f=json
USGS-351146085122701,,,,,35.19622147596406,-85.20744075322341,67.18,2026-08-26,Provisional,,,,,,,72019,00003,https://api.waterdata.usgs.gov/ogcapi/v0/collections/latest-daily/items?parameter_code=72019&statistic_id=00003&limit=10000&f=json
USGS-351159106381901,,,,,35.1998333333333,-106.638638888889,11.51,2011-10-24,Approved,,,,,,,72019,00003,https://api.waterdata.usgs.gov/ogcapi/v0/collections/latest-daily/items?parameter_code=72019&statistic_id=00003&limit=10000&f=json
USGS-351159106381902,,,,,35.1998333333333,-106.638638888889,12.13,2011-10-24,Approved,,,,,,,72019,00003,https://api.waterdata.usgs.gov/ogcapi/v0/collections/latest-daily/items?parameter_code=72019&statistic_id=00003&limit=10000&f=json
USGS-351159106381903,,,,,35.1998333333333,-106.638638888889,12.2,2011-10-24,Approved,,,,,,,72019,00003,https://api.waterdata.usgs.gov/ogcapi/v0/collections/latest-daily/items?parameter_code=72019&statistic_id=00003&limit=10000&f=json
USGS-351200106381601,,,,,35.200025,-106.637880555556,11.37,2011-10-13,Approved,,,,,,,72019,00003,https://api.waterdata.usgs.gov/ogcapi/v0/collections/latest-daily/items?parameter_code=72019&statistic_id=00003&limit=10000&f=json
USGS-351200106381701,,,,,35.2001194444444,-106.638136111111,8.26,2011-10-13,Approved,,,,,,,72019,00003,https://api.waterdata.usgs.gov/ogcapi/v0/collections/latest-daily/items?parameter_code=72019&statistic_id=00003&limit=10000&f=json
USGS-351200106382001,,,,,35.2,-106.638888888889,9.43,2011-10-24,Approved,,,,,,,72019,00003,https://api.waterdata.usgs.gov/ogcapi/v0/collections/latest-daily/items?parameter_code=72019&statistic_id=00003&limit=10000&f=json
USGS-351200106382002,,,,,35.2,-106.638888888889,10.37,2011-10-24,Approved,,,,,,,72019,00003,https://api.waterdata.usgs.gov/ogcapi/v0/collections/latest-daily/items?parameter_code=72019&statistic_id=00003&limit=10000&f=json
USGS-351201106400501,,,,,35.2000527777778,-106.669005555556,170.02,2026-07-06,Approved,,,,,,,72019,00003,https://api.waterdata.usgs.gov/ogcapi/v0/collections/latest-daily/items?parameter_code=72019&statistic_id=00003&limit=10000&f=json
USGS-351201106400502,,,,,35.2000527777778,-106.669005555556,166.6,2026-07-06,Approved,,,,,,,72019,00003,https://api.waterdata.usgs.gov/ogcapi/v0/collections/latest-daily/items?parameter_code=72019&statistic_id=00003&limit=10000&f=json
USGS-351201106400503,,,,,35.2000527777778,-106.669005555556,148.49,2026-07-06,Approved,,,,,,,72019,00003,https://api.waterdata.usgs.gov/ogcapi/v0/collections/latest-daily/items?parameter_code=72019&statistic_id=00003&limit=10000&f=json
USGS-351201106400504,,,,,35.2000527777778,-106.669005555556,158.25,2026-07-06,Approved,,,,,,,72019,00003,https://api.waterdata.usgs.gov/ogcapi/v0/collections/latest-daily/items?parameter_code=72019&statistic_id=00003&limit=10000&f=json
USGS-351201106400505,,,,,35.2000527777778,-106.669005555556,153.51,2026-07-06,Approved,,,,,,,72019,00003,https://api.waterdata.usgs.gov/ogcapi/v0/collections/latest-daily/items?parameter_code=72019&statistic_id=00003&limit=10000&f=json
USGS-351201106400506,,,,,35.2000527777778,-106.669005555556,152.27,2026-07-06,Approved,,,,,,,72019,00003,https://api.waterdata.usgs.gov/ogcapi/v0/collections/latest-daily/items?parameter_code=72019&statistic_id=00003&limit=10000&f=json
USGS-351203106383001,,,,,35.20095,-106.6416,4.27,2011-10-25,Approved,,,,,,,72019,00003,https://api.waterdata.usgs.gov/ogcapi/v0/collections/latest-daily/items?parameter_code=72019&statistic_id=00003&limit=10000&f=json
USGS-351203106383002,,,,,35.20095,-106.6416,4.27,2011-10-25,Approved,,,,,,,72019,00003,https://api.waterdata.usgs.gov/ogcapi/v0/collections/latest-daily/items?parameter_code=72019&statistic_id=00003&limit=10000&f=json
USGS-351204106381601,,,,,35.2012222222222,-106.637638888889,9.65,2011-10-24,Approved,,,,,,,72019,00003,https://api.waterdata.usgs.gov/ogcapi/v0/collections/latest-daily/items?parameter_code=72019&statistic_id=00003&limit=10000&f=json
USGS-351204106381602,,,,,35.2012222222222,-106.637638888889,11.03,2011-10-24,Approved,,,,,,,72019,00003,https://api.waterdata.usgs.gov/ogcapi/v0/collections/latest-daily/items?parameter_code=72019&statistic_id=00003&limit=10000&f=json
USGS-351204106381603,,,,,35.2012222222222,-106.637638888889,10.86,2011-10-24,Approved,,,,,,,72019,00003,https://api.waterdata.usgs.gov/ogcapi/v0/collections/latest-daily/items?parameter_code=72019&statistic_id=00003&limit=10000&f=json
USGS-351204106383201,,,,,35.2011694444444,-106.642316666667,4.01,2011-10-25,Approved,,,,,,,72019,00003,https://api.waterdata.usgs.gov/ogcapi/v0/collections/latest-daily/items?parameter_code=72019&statistic_id=00003&limit=10000&f=json
USGS-351204106383202,,,,,35.2011694444444,-106.642316666667,4.02,2011-10-25,Approved,,,,,,,72019,00003,https://api.waterdata.usgs.gov/ogcapi/v0/collections/latest-daily/items?parameter_code=72019&statistic_id=00003&limit=10000&f=json
USGS-351204106383203,,,,,35.2011694444444,-106.642316666667,4.01,2011-10-25,Approved,,,,,,,72019,00003,https://api.waterdata.usgs.gov/ogcapi/v0/collections/latest-daily/items?parameter_code=72019&statistic_id=00003&limit=10000&f=json
USGS-351205106381201,,,,,35.2012527777778,-106.636627777778,11.6,2011-10-13,Approved,,,,,,,72019,00003,https://api.waterdata.usgs.gov/ogcapi/v0/collections/latest-daily/items?parameter_code=72019&statistic_id=00003&limit=10000&f=json
USGS-351205106381202,,,,,35.2013666666667,-106.636758333333,9.52,2011-10-13,Approved,,,,,,,72019,00003,https://api.waterdata.usgs.gov/ogcapi/v0/collections/latest-daily/items?parameter_code=72019&statistic_id=00003&limit=10000&f=json
USGS-351205106381601,,,,,35.20125,-106.637888888889,9.41,2011-10-24,Approved,,,,,,,72019,00003,https://api.waterdata.usgs.gov/ogcapi/v0/collections/latest-daily/items?parameter_code=72019&statistic_id=00003&limit=10000&f=json
USGS-351205106381602,,,,,35.20125,-106.637888888889,10.15,2011-10-24,Approved,,,,,,,72019,00003,https://api.waterdata.usgs.gov/ogcapi/v0/collections/latest-daily/items?parameter_code=72019&statistic_id=00003&limit=10000&f=json
USGS-351205106381603,,,,,35.20125,-106.637888888889,10.04,2011-10-24,Approved,,,,,,,72019,00003,https://api.waterdata.usgs.gov/ogcapi/v0/collections/latest-daily/items?parameter_code=72019&statistic_id=00003&limit=10000&f=json
USGS-351205106383601,,,,,35.2015,-106.643444444444,6.23,2011-10-25,Approved,,,,,,,72019,00003,https://api.waterdata.usgs.gov/ogcapi/v0/collections/latest-daily/items?parameter_code=72019&statistic_id=00003&limit=10000&f=json
USGS-351206106383801,,,,,35.2016611111111,-106.643930555556,2.88,2011-10-26,Approved,,,,,,,72019,00003,https://api.waterdata.usgs.gov/ogcapi/v0/collections/latest-daily/items?parameter_code=72019&statistic_id=00003&limit=10000&f=json
USGS-351208106382701,,,,,35.2022388888889,-106.640911111111,4.26,2011-10-25,Approved,,,,,,,72019,00003,https://api.waterdata.usgs.gov/ogcapi/v0/collections/latest-daily/items?parameter_code=72019&statistic_id=00003&limit=10000&f=json
USGS-351208106382702,,,,,35.2022388888889,-106.640911111111,4.3,2011-10-25,Approved,,,,,,,72019,00003,https://api.waterdata.usgs.gov/ogcapi/v0/collections/latest-daily/items?parameter_code=72019&statistic_id=00003&limit=10000&f=json
USGS-351209106383001,,,,,35.2025555555556,-106.641777777778,5.15,2011-10-25,Approved,,,,,,,72019,00003,https://api.waterdata.usgs.gov/ogcapi/v0/collections/latest-daily/items?parameter_code=72019&statistic_id=00003&limit=10000&f=json
USGS-351209106383002,,,,,35.2025555555556,-106.641777777778,5.15,2011-10-25,Approved,,,,,,,72019,00003,https://api.waterdata.usgs.gov/ogcapi/v0/collections/latest-daily/items?parameter_code=72019&statistic_id=00003&limit=10000&f=json
USGS-351209106383003,,,,,35.2025555555556,-106.641777777778,5.08,2011-10-25,Approved,,,,,,,72019,00003,https://api.waterdata.usgs.gov/ogcapi/v0/collections/latest-daily/items?parameter_code=72019&statistic_id=00003&limit=10000&f=json
USGS-351211106383301,,,,,35.2029166666667,-106.642472222222,5.69,2011-10-25,Approved,,,,,,,72019,00003,https://api.waterdata.usgs.gov/ogcapi/v0/collections/latest-daily/items?parameter_code=72019&statistic_id=00003&limit=10000&f=json
USGS-351211106383501,,,,,35.2029611111111,-106.643163888889,4.3,2011-10-26,Approved,,,,,,,72019,00003,https://api.waterdata.usgs.gov/ogcapi/v0/collections/latest-daily/items?parameter_code=72019&statistic_id=00003&limit=10000&f=json
USGS-351214111022101,,,,,35.2039009579828,-111.039864554827,329.85,2026-08-26,Provisional,,,,,,,72019,00003,https://api.waterdata.usgs.gov/ogcapi/v0/collections/latest-daily/items?parameter_code=72019&statistic_id=00003&limit=10000&f=json
USGS-351218079274401,,,,,35.205,-79.4622222222222,56.75,2015-03-10,Approved,DISCONTINUED,,,,,,72019,00003,https://api.waterdata.usgs.gov/ogcapi/v0/collections/latest-daily/items?parameter_code=72019&statistic_id=00003&limit=10000&f=json
USGS-351248085131601,,,,,35.213443348436044,-85.22105226956751,21.22,2026-08-26,Provisional,,,,,,,72019,00003,https://api.waterdata.usgs.gov/ogcapi/v0/collections/latest-daily/items?parameter_code=72019&statistic_id=00003&limit=10000&f=json
USGS-351249085110101,,,,,35.213680984686,-85.1835676588823,99.54,2011-06-01,Approved,,,,,,,72019,00003,https://api.waterdata.usgs.gov/ogcapi/v0/collections/latest-daily/items?parameter_code=72019&statistic_id=00003&limit=10000&f=json
USGS-351308098341601,,,,,35.21886666666667,-98.57098055555555,0,2024-05-01,Provisional,DISCONTINUED,,,,,,72019,00003,https://api.waterdata.usgs.gov/ogcapi/v0/collections/latest-daily/items?parameter_code=72019&statistic_id=00003&limit=10000&f=json
USGS-351320089535800,,,,,35.2223103772122,-89.9003647184892,118.46,2010-02-28,Approved,,,,,,,72019,00003,https://api.waterdata.usgs.gov/ogcapi/v0/collections/latest-daily/items?parameter_code=72019&statistic_id=00003&limit=10000&f=json
USGS-351354092232401,,,,,35.23175,-92.3898611111111,4.77,2026-08-26,Provisional,,,,,,,72019,00003,https://api.waterdata.usgs.gov/ogcapi/v0/collections/latest-daily/items?parameter_code=72019&statistic_id=00003&limit=10000&f=json
USGS-351357106323001,,,,,35.23255042025271,-106.54224822169404,479.19,2026-07-05,Provisional,,,,,,,72019,00003,https://api.waterdata.usgs.gov/ogcapi/v0/collections/latest-daily/items?parameter_code=72019&statistic_id=00003&limit=10000&f=json
USGS-351357106323002,,,,,35.23255042025271,-106.54224822169404,478.73,2026-07-05,Provisional,,,,,,,72019,00003,https://api.waterdata.usgs.gov/ogcapi/v0/collections/latest-daily/items?parameter_code=72019&statistic_id=00003&limit=10000&f=json
USGS-351357106323003,,,,,35.23255042025271,-106.54224822169404,481.14,2015-09-01,Approved,,,,,,,72019,00003,https://api.waterdata.usgs.gov/ogcapi/v0/collections/latest-daily/items?parameter_code=72019&statistic_id=00003&limit=10000&f=json
USGS-351428085003600,,,,,35.241581547865394,-85.00993465701688,11.63,2026-08-26,Provisional,,,,,,,72019,00003,https://api.waterdata.usgs.gov/ogcapi/v0/collections/latest-daily/items?parameter_code=72019&statistic_id=00003&limit=10000&f=json
USGS-351435090005200,,,,,35.2436989441291,-90.0128674316792,53.13,2010-02-28,Approved,,,,,,,72019,00003,https://api.waterdata.usgs.gov/ogcapi/v0/collections/latest-daily/items?parameter_code=72019&statistic_id=00003&limit=10000&f=json
USGS-351439089572301,,,,,35.2442544128449,-89.9564770812845,157.32,1995-09-30,Approved,,,,,,,72019,00003,https://api.waterdata.usgs.gov/ogcapi/v0/collections/latest-daily/items?parameter_code=72019&statistic_id=00003&limit=10000&f=json
USGS-351452098290601,,,,,35.2478346701425,-98.485337444703,38.89,2000-07-12,Approved,,,,,,,72019,00003,https://api.waterdata.usgs.gov/ogcapi/v0/collections/latest-daily/items?parameter_code=72019&statistic_id=00003&limit=10000&f=json
USGS-351515106410401,,,,,35.25423055555556,-106.68513888888889,509.45,2026-04-30,Approved,,,,,,,72019,00003,https://api.waterdata.usgs.gov/ogcapi/v0/collections/latest-daily/items?parameter_code=72019&statistic_id=00003&limit=10000&f=json
USGS-351515106410402,,,,,35.25423055555556,-106.68513888888889,508.98,2026-04-30,Approved,,,,,,,72019,00003,https://api.waterdata.usgs.gov/ogcapi/v0/collections/latest-daily/items?parameter_code=72019&statistic_id=00003&limit=10000&f=json
USGS-351515106410403,,,,,35.25423055555556,-106.68513888888889,502.66,2026-04-30,Approved,,,,,,,72019,00003,https://api.waterdata.usgs.gov/ogcapi/v0/collections/latest-daily/items?parameter_code=72019&statistic_id=00003&limit=10000&f=json
USGS-351521099522901,,,,,35.2559666666667,-99.8748416666667,86.08,2015-01-14,Approved,,,,,,,72019,00003,https://api.waterdata.usgs.gov/ogcapi/v0/collections/latest-daily/items?parameter_code=72019&statistic_id=00003&limit=10000&f=json
USGS-351609079343701,,,,,35.2691666666667,-79.5769444444444,36.42,2014-12-15,Approved,DISCONTINUED,,,,,,72019,00003,https://api.waterdata.usgs.gov/ogcapi/v0/collections/latest-daily/items?parameter_code=72019&statistic_id=00003&limit=10000&f=json
USGS-351630110561601,,,,,35.2749388888889,-110.937741666667,29.8,2022-01-10,Approved,,,,,,,72019,00003,https://api.waterdata.usgs.gov/ogcapi/v0/collections/latest-daily/items?parameter_code=72019&statistic_id=00003&limit=10000&f=json
USGS-351632097291801,,,,,35.2757416666667,-97.4887611111111,283.22,2013-12-06,Approved,,,,,,,72019,00003,https://api.waterdata.usgs.gov/ogcapi/v0/collections/latest-daily/items?parameter_code=72019&statistic_id=00003&limit=10000&f=json
USGS-351635110553401,,,,,35.2764222222222,-110.926016666667,30.05,2022-01-10,Approved,,,,,,,72019,00003,https://api.waterdata.usgs.gov/ogcapi/v0/collections/latest-daily/items?parameter_code=72019&statistic_id=00003&limit=10000&f=json
USGS-351654110564101,,,,,35.28155,-110.944852777778,29.3,2024-12-11,Approved,,,,,,,72019,00003,https://api.waterdata.usgs.gov/ogcapi/v0/collections/latest-daily/items?parameter_code=72019&statistic_id=00003&limit=10000&f=json
USGS-351709082434101,,,,,35.2858333333333,-82.7280555555556,17.44,2026-08-27,Provisional,,,,,,,72019,00003,https://api.waterdata.usgs.gov/ogcapi/v0/collections/latest-daily/items?parameter_code=72019&statistic_id=00003&limit=10000&f=json
USGS-351722097313601,,,,,35.2895916666667,-97.5268444444444,11.41,2016-04-03,Approved,,,,,,,72019,00003,https://api.waterdata.usgs.gov/ogcapi/v0/collections/latest-daily/items?parameter_code=72019&statistic_id=00003&limit=10000&f=json
USGS-351727098290401,,,,,35.2908,-98.4838916666667,78.19,2017-10-22,Approved,,,,,,,72019,00003,https://api.waterdata.usgs.gov/ogcapi/v0/collections/latest-daily/items?parameter_code=72019&statistic_id=00003&limit=10000&f=json
USGS-351730110580701,,,,,35.291575,-110.968586111111,26.55,2022-02-07,Approved,,,,,,,72019,00003,https://api.waterdata.usgs.gov/ogcapi/v0/collections/latest-daily/items?parameter_code=72019&statistic_id=00003&limit=10000&f=json
USGS-351749089394401,,,,,35.2970306303985,-89.6623023302524,20.76,2010-03-02,Approved,,,,,,,72019,00003,https://api.waterdata.usgs.gov/ogcapi/v0/collections/latest-daily/items?parameter_code=72019&statistic_id=00003&limit=10000&f=json
USGS-351808082374302,,,,,35.3027777777778,-82.6283333333333,35.11,2026-08-27,Provisional,,,,,,,72019,00003,https://api.waterdata.usgs.gov/ogcapi/v0/collections/latest-daily/items?parameter_code=72019&statistic_id=00003&limit=10000&f=json
USGS-351817096020301,,,,,35.3048203672647,-96.0344455672311,5.2,1984-07-31,Approved,,,,,,,72019,00003,https://api.waterdata.usgs.gov/ogcapi/v0/collections/latest-daily/items?parameter_code=72019&statistic_id=00003&limit=10000&f=json
USGS-351821106333901,,,,,35.30549722222222,-106.55992499999999,63.62,2026-08-23,Provisional,,,,,,,72019,00003,https://api.waterdata.usgs.gov/ogcapi/v0/collections/latest-daily/items?parameter_code=72019&statistic_id=00003&limit=10000&f=json
USGS-351821106333902,,,,,35.30549722222222,-106.55992499999999,29.64,2021-02-10,Approved,,,,,,,72019,00003,https://api.waterdata.usgs.gov/ogcapi/v0/collections/latest-daily/items?parameter_code=72019&statistic_id=00003&limit=10000&f=json
USGS-351833095155401,,,,,35.390375078781,-95.2741343182889,9.87,1987-11-12,Approved,,,,,,,72019,00003,https://api.waterdata.usgs.gov/ogcapi/v0/collections/latest-daily/items?parameter_code=72019&statistic_id=00003&limit=10000&f=json
USGS-351849078163901,,,,,35.3097222222222,-78.2727777777778,4.9,2026-08-27,Provisional,,,,,,,72019,00003,https://api.waterdata.usgs.gov/ogcapi/v0/collections/latest-daily/items?parameter_code=72019&statistic_id=00003&limit=10000&f=json
USGS-352006095080101,,,,,35.3350967381673,-95.1338501473301,11.75,1989-09-29,Approved,,,,,,,72019,00003,https://api.waterdata.usgs.gov/ogcapi/v0/collections/latest-daily/items?parameter_code=72019&statistic_id=00003&limit=10000&f=json
USGS-352012081154301,,,,,35.3368055555556,-81.2620694444444,47.45,2026-08-27,Provisional,,,,,,,72019,00003,https://api.waterdata.usgs.gov/ogcapi/v0/collections/latest-daily/items?parameter_code=72019&statistic_id=00003&limit=10000&f=json
USGS-352012081154302,,,,,35.3368055555556,-81.2620694444444,41.97,2026-08-27,Provisional,,,,,,,72019,00003,https://api.waterdata.usgs.gov/ogcapi/v0/collections/latest-daily/items?parameter_code=72019&statistic_id=00003&limit=10000&f=json
USGS-352042089523401,,,,,35.345085517509,-89.8761966943848,8.84,2005-09-13,Approved,,,,,,,72019,00003,https://api.waterdata.usgs.gov/ogcapi/v0/collections/latest-daily/items?parameter_code=72019&statistic_id=00003&limit=10000&f=json
USGS-352042089523402,,,,,35.345085517509,-89.8761966943848,20.26,2005-09-13,Approved,,,,,,,72019,00003,https://api.waterdata.usgs.gov/ogcapi/v0/collections/latest-daily/items?parameter_code=72019&statistic_id=00003&limit=10000&f=json
USGS-352042089523403,,,,,35.345085517509,-89.8761966943848,19.39,2005-09-13,Approved,,,,,,,72019,00003,https://api.waterdata.usgs.gov/ogcapi/v0/collections/latest-daily/items?parameter_code=72019&statistic_id=00003&limit=10000&f=json
USGS-352045086085401,,,,,35.3459166666667,-86.1483888888889,18.92,2026-02-24,Provisional,,,,,,,72019,00003,https://api.waterdata.usgs.gov/ogcapi/v0/collections/latest-daily/items?parameter_code=72019&statistic_id=00003&limit=10000&f=json
USGS-352112089571200,,,,,35.3536964788855,-89.9517542445697,87.88,2010-10-05,Approved,,,,,,,72019,00003,https://api.waterdata.usgs.gov/ogcapi/v0/collections/latest-daily/items?parameter_code=72019&statistic_id=00003&limit=10000&f=json
USGS-352112089571300,,,,,35.3536964792983,-89.9525876004297,61.29,2010-10-05,Approved,,,,,,,72019,00003,https://api.waterdata.usgs.gov/ogcapi/v0/collections/latest-daily/items?parameter_code=72019&statistic_id=00003&limit=10000&f=json
USGS-352129085585503,,,,,35.358135083821,-85.9819274665596,38.43,2026-02-26,Provisional,,,,,,,72019,00003,https://api.waterdata.usgs.gov/ogcapi/v0/collections/latest-daily/items?parameter_code=72019&statistic_id=00003&limit=10000&f=json
USGS-352142099122501,,,,,35.3636617515655,-99.2056408232284,26.1,1993-09-30,Approved,,,,,,,72019,00003,https://api.waterdata.usgs.gov/ogcapi/v0/collections/latest-daily/items?parameter_code=72019&statistic_id=00003&limit=10000&f=json
USGS-352147086094601,,,,,35.3630555555556,-86.1628055555556,42.59,2026-02-24,Provisional,,,,,,,72019,00003,https://api.waterdata.usgs.gov/ogcapi/v0/collections/latest-daily/items?parameter_code=72019&statistic_id=00003&limit=10000&f=json
USGS-352226089330101,,,,,35.3742508614487,-89.5509099517701,93.62,2010-10-04,Approved,,,,,,,72019,00003,https://api.waterdata.usgs.gov/ogcapi/v0/collections/latest-daily/items?parameter_code=72019&statistic_id=00003&limit=10000&f=json
USGS-352226089330102,,,,,35.3742508605706,-89.5506321665267,43.06,2026-08-26,Provisional,,,,,,,72019,00003,https://api.waterdata.usgs.gov/ogcapi/v0/collections/latest-daily/items?parameter_code=72019&statistic_id=00003&limit=10000&f=json
USGS-352309086034401,,,,,35.3858333333333,-86.0622222222222,24.47,2025-12-03,Provisional,,,,,,,72019,00003,https://api.waterdata.usgs.gov/ogcapi/v0/collections/latest-daily/items?parameter_code=72019&statistic_id=00003&limit=10000&f=json
USGS-352309086034403,,,,,35.3858333333333,-86.0622222222222,23.86,2025-10-20,Provisional,,,,,,,72019,00003,https://api.waterdata.usgs.gov/ogcapi/v0/collections/latest-daily/items?parameter_code=72019&statistic_id=00003&limit=10000&f=json
USGS-352315082484401,,,,,35.38777777777778,-82.81222222222222,5.91,2024-09-22,Approved,,,,,,,72019,00003,https://api.waterdata.usgs.gov/ogcapi/v0/collections/latest-daily/items?parameter_code=72019&statistic_id=00003&limit=10000&f=json
USGS-352321086023401,,,,,35.3891666666667,-86.0430277777778,33.57,2025-12-03,Provisional,,,,,,,72019,00003,https://api.waterdata.usgs.gov/ogcapi/v0/collections/latest-daily/items?parameter_code=72019&statistic_id=00003&limit=10000&f=json
USGS-352326086021702,,,,,35.3906944444444,-86.0380555555556,33.63,2025-12-03,Provisional,,,,,,,72019,00003,https://api.waterdata.usgs.gov/ogcapi/v0/collections/latest-daily/items?parameter_code=72019&statistic_id=00003&limit=10000&f=json
USGS-352326086021703,,,,,35.3906944444444,-86.0380555555556,33.6,2025-12-03,Provisional,,,,,,,72019,00003,https://api.waterdata.usgs.gov/ogcapi/v0/collections/latest-daily/items?parameter_code=72019&statistic_id=00003&limit=10000&f=json
USGS-352327086021701,,,,,35.3907222222222,-86.0380277777778,26.71,2025-12-03,Provisional,,,,,,,72019,00003,https://api.waterdata.usgs.gov/ogcapi/v0/collections/latest-daily/items?parameter_code=72019&statistic_id=00003&limit=10000&f=json
USGS-352330086023602,,,,,35.3918055555556,-86.0433611111111,26.66,2025-12-03,Provisional,,,,,,,72019,00003,https://api.waterdata.usgs.gov/ogcapi/v0/collections/latest-daily/items?parameter_code=72019&statistic_id=00003&limit=10000&f=json
USGS-352330086023603,,,,,35.3918055555556,-86.0433611111111,26.65,2025-12-03,Provisional,,,,,,,72019,00003,https://api.waterdata.usgs.gov/ogcapi/v0/collections/latest-daily/items?parameter_code=72019&statistic_id=00003&limit=10000&f=json
USGS-352331086023601,,,,,35.3918333333333,-86.0433888888889,26.78,2025-12-03,Provisional,,,,,,,72019,00003,https://api.waterdata.usgs.gov/ogcapi/v0/collections/latest-daily/items?parameter_code=72019&statistic_id=00003&limit=10000&f=json
USGS-352333086012801,,,,,35.3924444444444,-86.0245555555556,36.46,2025-10-14,Provisional,,,,,,,72019,00003,https://api.waterdata.usgs.gov/ogcapi/v0/collections/latest-daily/items?parameter_code=72019&statistic_id=00003&limit=10000&f=json
USGS-352340086043601,,,,,35.3944444444444,-86.0767777777778,56.61,2026-02-24,Provisional,,,,,,,72019,00003,https://api.waterdata.usgs.gov/ogcapi/v0/collections/latest-daily/items?parameter_code=72019&statistic_id=00003&limit=10000&f=json
USGS-352341090213101,,,,,35.394783333333336,-90.35851388888888,27.36,2026-08-26,Provisional,,,,,,,72019,00003,https://api.waterdata.usgs.gov/ogcapi/v0/collections/latest-daily/items?parameter_code=72019&statistic_id=00003&limit=10000&f=json
USGS-352342086021201,,,,,35.3950277777778,-86.0367222222222,28.97,2025-12-03,Provisional,,,,,,,72019,00003,https://api.waterdata.usgs.gov/ogcapi/v0/collections/latest-daily/items?parameter_code=72019&statistic_id=00003&limit=10000&f=json
USGS-352419094270401,,,,,35.4053686414852,-94.4513266428026,9.14,1989-09-30,Approved,,,,,,,72019,00003,https://api.waterdata.usgs.gov/ogcapi/v0/collections/latest-daily/items?parameter_code=72019&statistic_id=00003&limit=10000&f=json
USGS-352423098341701,,,,,35.4068611111111,-98.5711555555555,63.98,2017-10-22,Approved,,,,,,,72019,00003,https://api.waterdata.usgs.gov/ogcapi/v0/collections/latest-daily/items?parameter_code=72019&statistic_id=00003&limit=10000&f=json
USGS-352441086044501,,,,,35.4114671095261,-86.0791534899906,28.28,2025-12-08,Provisional,,,,,,,72019,00003,https://api.waterdata.usgs.gov/ogcapi/v0/collections/latest-daily/items?parameter_code=72019&statistic_id=00003&limit=10000&f=json
USGS-352449097293201,,,,,35.413672892431,-97.4925374012557,83.18,1991-09-01,Approved,,,,,,,72019,00003,https://api.waterdata.usgs.gov/ogcapi/v0/collections/latest-daily/items?parameter_code=72019&statistic_id=00003&limit=10000&f=json
USGS-352509086051101,,,,,35.419244667161,-86.086376038807,27.2,2025-10-14,Provisional,,,,,,,72019,00003,https://api.waterdata.usgs.gov/ogcapi/v0/collections/latest-daily/items?parameter_code=72019&statistic_id=00003&limit=10000&f=json
USGS-352509086051102,,,,,35.419244667161,-86.086376038807,44.44,2025-10-14,Provisional,,,,,,,72019,00003,https://api.waterdata.usgs.gov/ogcapi/v0/collections/latest-daily/items?parameter_code=72019&statistic_id=00003&limit=10000&f=json
USGS-352509086051103,,,,,35.419244667161,-86.086376038807,21.39,2025-10-14,Provisional,,,,,,,72019,00003,https://api.waterdata.usgs.gov/ogcapi/v0/collections/latest-daily/items?parameter_code=72019&statistic_id=00003&limit=10000&f=json
USGS-352515086011702,,,,,35.4209115741127,-86.0213742544995,22.71,2026-08-26,Provisional,,,,,,,72019,00003,https://api.waterdata.usgs.gov/ogcapi/v0/collections/latest-daily/items?parameter_code=72019&statistic_id=00003&limit=10000&f=json
USGS-352519083272401,,,,,35.4886111111111,-83.4563888888889,5.07,2009-10-06,Approved,,,,,,,72019,00003,https://api.waterdata.usgs.gov/ogcapi/v0/collections/latest-daily/items?parameter_code=72019&statistic_id=00003&limit=10000&f=json
USGS-352523097032101,,,,,35.4230555555555,-97.0558333333333,16.14,2017-03-24,Approved,,,,,,,72019,00003,https://api.waterdata.usgs.gov/ogcapi/v0/collections/latest-daily/items?parameter_code=72019&statistic_id=00003&limit=10000&f=json
USGS-352705097281201,,,,,35.4514500776868,-97.4703151128242,218.34,1989-10-05,Approved,,,,,,,72019,00003,https://api.waterdata.usgs.gov/ogcapi/v0/collections/latest-daily/items?parameter_code=72019&statistic_id=00003&limit=10000&f=json
USGS-352726090523101,,,,,35.45716666666667,-90.8753611111111,115.73,2026-08-26,Provisional,,,,,,,72019,00003,https://api.waterdata.usgs.gov/ogcapi/v0/collections/latest-daily/items?parameter_code=72019&statistic_id=00003&limit=10000&f=json
USGS-352802098191601,,,,,35.4673194444444,-98.3211166666667,78.61,2017-10-22,Approved,,,,,,,72019,00003,https://api.waterdata.usgs.gov/ogcapi/v0/collections/latest-daily/items?parameter_code=72019&statistic_id=00003&limit=10000&f=json
USGS-352949105144301,,,,,35.496972222222226,-105.2453888888889,25.76,2026-08-26,Provisional,,,,,,,72019,00003,https://api.waterdata.usgs.gov/ogcapi/v0/collections/latest-daily/items?parameter_code=72019&statistic_id=00003&limit=10000&f=json
USGS-352957097124201,,,,,35.4992298675347,-97.2119753895885,12.43,1984-07-31,Approved,,,,,,,72019,00003,https://api.waterdata.usgs.gov/ogcapi/v0/collections/latest-daily/items?parameter_code=72019&statistic_id=00003&limit=10000&f=json
USGS-353002097114002,,,,,35.5005555555556,-97.1944444444444,15.39,2017-03-25,Approved,,,,,,,72019,00003,https://api.waterdata.usgs.gov/ogcapi/v0/collections/latest-daily/items?parameter_code=72019&statistic_id=00003&limit=10000&f=json
USGS-353027077340102,,,,,35.507778,-77.566667,2.49,2006-09-29,Approved,,,,,,,72019,00003,https://api.waterdata.usgs.gov/ogcapi/v0/collections/latest-daily/items?parameter_code=72019&statistic_id=00003&limit=10000&f=json
USGS-353107097453701,,,,,35.5186655656156,-97.7605998736819,9.69,1993-10-26,Approved,,,,,,,72019,00003,https://api.waterdata.usgs.gov/ogcapi/v0/collections/latest-daily/items?parameter_code=72019&statistic_id=00003&limit=10000&f=json
USGS-353135080524201,,,,,35.52638888888889,-80.87833333333333,22.38,2026-08-27,Provisional,,,,,,,72019,00003,https://api.waterdata.usgs.gov/ogcapi/v0/collections/latest-daily/items?parameter_code=72019&statistic_id=00003&limit=10000&f=json
USGS-353135080524202,,,,,35.526666666666664,-80.87833333333333,22.35,2026-08-27,Provisional,,,,,,,72019,00003,https://api.waterdata.usgs.gov/ogcapi/v0/collections/latest-daily/items?parameter_code=72019&statistic_id=00003&limit=10000&f=json
USGS-353135080524203,,,,,35.526666666666664,-80.87833333333333,30.92,2026-08-27,Provisional,,,,,,,72019,00003,https://api.waterdata.usgs.gov/ogcapi/v0/collections/latest-daily/items?parameter_code=72019&statistic_id=00003&limit=10000&f=json
USGS-353146105144801,,,,,35.526938888888886,-105.2467,38.48,2026-08-26,Provisional,,,,,,,72019,00003,https://api.waterdata.usgs.gov/ogcapi/v0/collections/latest-daily/items?parameter_code=72019&statistic_id=00003&limit=10000&f=json
USGS-353211098191501,,,,,35.5362777777778,-98.3208055555556,4.19,2017-10-22,Approved,,,,,,,72019,00003,https://api.waterdata.usgs.gov/ogcapi/v0/collections/latest-daily/items?parameter_code=72019&statistic_id=00003&limit=10000&f=json
USGS-353219077153801,,,,,35.538333333333334,-77.26138888888889,7.55,2026-08-27,Provisional,,,,,,,72019,00003,https://api.waterdata.usgs.gov/ogcapi/v0/collections/latest-daily/items?parameter_code=72019&statistic_id=00003&limit=10000&f=json
USGS-353232089115601,,,,,35.542138888888886,-89.19894444444445,24.84,2026-08-26,Provisional,,,,,,,72019,00003,https://api.waterdata.usgs.gov/ogcapi/v0/collections/latest-daily/items?parameter_code=72019&statistic_id=00003&limit=10000&f=json
USGS-353341094513501,,,,,35.5614694444444,-94.8596472222222,1.61,2020-11-08,Approved,,,,,,,72019,00003,https://api.waterdata.usgs.gov/ogcapi/v0/collections/latest-daily/items?parameter_code=72019&statistic_id=00003&limit=10000&f=json
USGS-353348106025101,,,,,35.56333333333333,-106.0475,70.01,2026-08-18,Approved,,,,,,,72019,00003,https://api.waterdata.usgs.gov/ogcapi/v0/collections/latest-daily/items?parameter_code=72019&statistic_id=00003&limit=10000&f=json
USGS-353348106025102,,,,,35.56333333333333,-106.0475,123.06,2020-08-02,Approved,,,,,,,72019,00003,https://api.waterdata.usgs.gov/ogcapi/v0/collections/latest-daily/items?parameter_code=72019&statistic_id=00003&limit=10000&f=json
USGS-353348106025103,,,,,35.56333333333333,-106.0475,200.22,2020-03-16,Approved,,,,,,,72019,00003,https://api.waterdata.usgs.gov/ogcapi/v0/collections/latest-daily/items?parameter_code=72019&statistic_id=00003&limit=10000&f=json
USGS-353509078404101,,,,,35.56922777777778,-78.67790277777779,8.86,2026-08-27,Provisional,,,,,,,72019,00003,https://api.waterdata.usgs.gov/ogcapi/v0/collections/latest-daily/items?parameter_code=72019&statistic_id=00003&limit=10000&f=json
USGS-353509078404102,,,,,35.56923888888889,-78.67800555555556,40.65,2026-08-27,Provisional,,,,,,,72019,00003,https://api.waterdata.usgs.gov/ogcapi/v0/collections/latest-daily/items?parameter_code=72019&statistic_id=00003&limit=10000&f=json
USGS-353513094482401,,,,,35.5868194444444,-94.8067,131.78,2020-11-08,Approved,,,,,,,72019,00003,https://api.waterdata.usgs.gov/ogcapi/v0/collections/latest-daily/items?parameter_code=72019&statistic_id=00003&limit=10000&f=json
USGS-353518097585002,,,,,35.5883333333333,-97.9805555555556,5.84,2020-12-09,Approved,,,,,,,72019,00003,https://api.waterdata.usgs.gov/ogcapi/v0/collections/latest-daily/items?parameter_code=72019&statistic_id=00003&limit=10000&f=json
USGS-353522097513401,,,,,35.5894861111111,-97.9928416666667,8.06,2020-12-09,Approved,,,,,,,72019,00003,https://api.waterdata.usgs.gov/ogcapi/v0/collections/latest-daily/items?parameter_code=72019&statistic_id=00003&limit=10000&f=json
USGS-353525097574001,,,,,35.5904444444444,-97.961325,2.48,2020-12-09,Approved,,,,,,,72019,00003,https://api.waterdata.usgs.gov/ogcapi/v0/collections/latest-daily/items?parameter_code=72019&statistic_id=00003&limit=10000&f=json
USGS-353531097583801,,,,,35.59205,-97.9771805555556,8.57,2020-12-09,Approved,,,,,,,72019,00003,https://api.waterdata.usgs.gov/ogcapi/v0/collections/latest-daily/items?parameter_code=72019&statistic_id=00003&limit=10000&f=json
USGS-353606090510701,,,,,35.60152777777778,-90.85194444444444,130.39,2026-08-26,Provisional,,,,,,,72019,00003,https://api.waterdata.usgs.gov/ogcapi/v0/collections/latest-daily/items?parameter_code=72019&statistic_id=00003&limit=10000&f=json
USGS-353824106040901,,,,,35.64,-106.069166666667,208.33,2019-06-26,Approved,,,,,,,72019,00003,https://api.waterdata.usgs.gov/ogcapi/v0/collections/latest-daily/items?parameter_code=72019&statistic_id=00003&limit=10000&f=json
USGS-353824106040902,,,,,35.64,-106.069166666667,200.26,2019-06-26,Approved,,,,,,,72019,00003,https://api.waterdata.usgs.gov/ogcapi/v0/collections/latest-daily/items?parameter_code=72019&statistic_id=00003&limit=10000&f=json
USGS-353824106040903,,,,,35.64,-106.069166666667,187.63,2019-06-26,Approved,,,,,,,72019,00003,https://api.waterdata.usgs.gov/ogcapi/v0/collections/latest-daily/items?parameter_code=72019&statistic_id=00003&limit=10000&f=json
USGS-353825105594701,,,,,35.6402777777778,-105.996388888889,207.7,2018-11-12,Approved,,,,,,,72019,00003,https://api.waterdata.usgs.gov/ogcapi/v0/collections/latest-daily/items?parameter_code=72019&statistic_id=00003&limit=10000&f=json
USGS-353825105594702,,,,,35.6402777777778,-105.996388888889,192.54,2019-06-26,Approved,,,,,,,72019,00003,https://api.waterdata.usgs.gov/ogcapi/v0/collections/latest-daily/items?parameter_code=72019&statistic_id=00003&limit=10000&f=json
USGS-353825105594703,,,,,35.6402777777778,-105.996388888889,161.45,2019-06-26,Approved,,,,,,,72019,00003,https://api.waterdata.usgs.gov/ogcapi/v0/collections/latest-daily/items?parameter_code=72019&statistic_id=00003&limit=10000&f=json
USGS-353827076293001,,,,,35.6407583333333,-76.4916527777778,0.42,2026-08-27,Provisional,,,,,,,72019,00003,https://api.waterdata.usgs.gov/ogcapi/v0/collections/latest-daily/items?parameter_code=72019&statistic_id=00003&limit=10000&f=json
USGS-353833078493301,,,,,35.6425,-78.8258333333333,26.6,2026-08-27,Provisional,,,,,,,72019,00003,https://api.waterdata.usgs.gov/ogcapi/v0/collections/latest-daily/items?parameter_code=72019&statistic_id=00003&limit=10000&f=json
USGS-353922083345600,,,,,35.6562026437203,-83.582110684479,8.91,2026-08-26,Provisional,,,,,,,72019,00003,https://api.waterdata.usgs.gov/ogcapi/v0/collections/latest-daily/items?parameter_code=72019&statistic_id=00003&limit=10000&f=json
USGS-353945105574501,,,,,35.662543977103,-105.96306786547083,174.07,2026-07-05,Approved,,,,,,,72019,00003,https://api.waterdata.usgs.gov/ogcapi/v0/collections/latest-daily/items?parameter_code=72019&statistic_id=00003&limit=10000&f=json
USGS-353945105574502,,,,,35.662543977103,-105.96306786547083,217.56,2026-07-05,Approved,,,,,,,72019,00003,https://api.waterdata.usgs.gov/ogcapi/v0/collections/latest-daily/items?parameter_code=72019&statistic_id=00003&limit=10000&f=json
USGS-353945105574503,,,,,35.662543977103,-105.96306786547083,266.65,2026-07-05,Approved,,,,,,,72019,00003,https://api.waterdata.usgs.gov/ogcapi/v0/collections/latest-daily/items?parameter_code=72019&statistic_id=00003&limit=10000&f=json
USGS-354056106215801,,,,,35.68143054645805,-106.36669082077982,597.07,2026-06-09,Approved,,,,,,,72019,00003,https://api.waterdata.usgs.gov/ogcapi/v0/collections/latest-daily/items?parameter_code=72019&statistic_id=00003&limit=10000&f=json
USGS-354057080362601,,,,,35.6827833333333,-80.6070472222222,7.49,2026-08-27,Provisional,,,,,,,72019,00003,https://api.waterdata.usgs.gov/ogcapi/v0/collections/latest-daily/items?parameter_code=72019&statistic_id=00003&limit=10000&f=json
USGS-354112098430601,,,,,35.686716297869,-98.7186917871485,21.99,1993-09-30,Approved,,,,,,,72019,00003,https://api.waterdata.usgs.gov/ogcapi/v0/collections/latest-daily/items?parameter_code=72019&statistic_id=00003&limit=10000&f=json
USGS-354126076314201,,,,,35.6903444444444,-76.5283,1.36,2026-08-27,Provisional,,,,,,,72019,00003,https://api.waterdata.usgs.gov/ogcapi/v0/collections/latest-daily/items?parameter_code=72019&statistic_id=00003&limit=10000&f=json
USGS-354133082042201,,,,,35.6926111111111,-82.0729444444444,27.6,2026-08-27,Provisional,,,,,,,72019,00003,https://api.waterdata.usgs.gov/ogcapi/v0/collections/latest-daily/items?parameter_code=72019&statistic_id=00003&limit=10000&f=json
USGS-354133082042203,,,,,35.6926111111111,-82.0729444444444,28.23,2026-08-27,Provisional,,,,,,,72019,00003,https://api.waterdata.usgs.gov/ogcapi/v0/collections/latest-daily/items?parameter_code=72019&statistic_id=00003&limit=10000&f=json
USGS-354144078460101,,,,,35.69543888888889,-78.76684722222222,0,2026-08-27,Provisional,DRY,,,,,,72019,00003,https://api.waterdata.usgs.gov/ogcapi/v0/collections/latest-daily/items?parameter_code=72019&statistic_id=00003&limit=10000&f=json
USGS-354144078460102,,,,,35.69543611111111,-78.76694444444445,42.13,2026-08-27,Provisional,,,,,,,72019,00003,https://api.waterdata.usgs.gov/ogcapi/v0/collections/latest-daily/items?parameter_code=72019&statistic_id=00003&limit=10000&f=json
USGS-354158089384300,,,,,35.6995228574194,-89.6453557937779,105.94,1989-09-22,Approved,,,,,,,72019,00003,https://api.waterdata.usgs.gov/ogcapi/v0/collections/latest-daily/items?parameter_code=72019&statistic_id=00003&limit=10000&f=json
USGS-354216076271201,,,,,35.7027222222222,-76.4546944444444,1.57,2026-08-27,Provisional,,,,,,,72019,00003,https://api.waterdata.usgs.gov/ogcapi/v0/collections/latest-daily/items?parameter_code=72019&statistic_id=00003&limit=10000&f=json
USGS-354223088380201,,,,,35.7064575423183,-88.6339430175122,128.41,2026-08-26,Provisional,,,,,,,72019,00003,https://api.waterdata.usgs.gov/ogcapi/v0/collections/latest-daily/items?parameter_code=72019&statistic_id=00003&limit=10000&f=json
USGS-354227076232901,,,,,35.70755,-76.3913333333333,2.38,2026-08-27,Provisional,,,,,,,72019,00003,https://api.waterdata.usgs.gov/ogcapi/v0/collections/latest-daily/items?parameter_code=72019&statistic_id=00003&limit=10000&f=json
USGS-354228106044901,,,,,35.70777777777778,-106.08027777777778,217.31,2026-07-16,Approved,,,,,,,72019,00003,https://api.waterdata.usgs.gov/ogcapi/v0/collections/latest-daily/items?parameter_code=72019&statistic_id=00003&limit=10000&f=json
USGS-354228106044902,,,,,35.70777777777778,-106.08027777777778,252.51,2026-07-16,Approved,,,,,,,72019,00003,https://api.waterdata.usgs.gov/ogcapi/v0/collections/latest-daily/items?parameter_code=72019&statistic_id=00003&limit=10000&f=json
USGS-354228106044903,,,,,35.70777777777778,-106.08027777777778,281.66,2026-07-16,Approved,,,,,,,72019,00003,https://api.waterdata.usgs.gov/ogcapi/v0/collections/latest-daily/items?parameter_code=72019&statistic_id=00003&limit=10000&f=json
USGS-354302081433201,,,,,35.7172222222222,-81.7255555555556,8.61,2026-08-27,Provisional,,,,,,,72019,00003,https://api.waterdata.usgs.gov/ogcapi/v0/collections/latest-daily/items?parameter_code=72019&statistic_id=00003&limit=10000&f=json
USGS-354302081433202,,,,,35.7172222222222,-81.7255555555556,11.86,2026-08-27,Provisional,,,,,,,72019,00003,https://api.waterdata.usgs.gov/ogcapi/v0/collections/latest-daily/items?parameter_code=72019&statistic_id=00003&limit=10000&f=json
USGS-354315078300101,,,,,35.72078611111111,-78.50055,20.88,2026-08-27,Provisional,,,,,,,72019,00003,https://api.waterdata.usgs.gov/ogcapi/v0/collections/latest-daily/items?parameter_code=72019&statistic_id=00003&limit=10000&f=json
USGS-354315078300102,,,,,35.7211111111111,-78.5005555555556,17.71,2009-06-08,Approved,,,,,,,72019,00003,https://api.waterdata.usgs.gov/ogcapi/v0/collections/latest-daily/items?parameter_code=72019&statistic_id=00003&limit=10000&f=json
USGS-354315078300103,,,,,35.72091388888889,-78.50050277777778,18.99,2026-08-27,Provisional,,,,,,,72019,00003,https://api.waterdata.usgs.gov/ogcapi/v0/collections/latest-daily/items?parameter_code=72019&statistic_id=00003&limit=10000&f=json
USGS-354321105573701,,,,,35.722500000000004,-105.96027777777778,544.08,2026-07-12,Approved,,,,,,,72019,00003,https://api.waterdata.usgs.gov/ogcapi/v0/collections/latest-daily/items?parameter_code=72019&statistic_id=00003&limit=10000&f=json
USGS-354321105573702,,,,,35.722500000000004,-105.96027777777778,545.95,2026-07-12,Approved,,,,,,,72019,00003,https://api.waterdata.usgs.gov/ogcapi/v0/collections/latest-daily/items?parameter_code=72019&statistic_id=00003&limit=10000&f=json
USGS-354321105573703,,,,,35.722500000000004,-105.96027777777778,544.9,2020-06-11,Approved,REVISED,,,,,,72019,00003,https://api.waterdata.usgs.gov/ogcapi/v0/collections/latest-daily/items?parameter_code=72019&statistic_id=00003&limit=10000&f=json
USGS-354325100560301,,,,,35.7236535059499,-100.934592670019,322.26,2005-09-21,Approved,ESTIMATED,,,,,,72019,00003,https://api.waterdata.usgs.gov/ogcapi/v0/collections/latest-daily/items?parameter_code=72019&statistic_id=00003&limit=10000&f=json
USGS-354357089271701,,,,,35.732577209154,-89.454795647483,129.18,1989-10-03,Approved,,,,,,,72019,00003,https://api.waterdata.usgs.gov/ogcapi/v0/collections/latest-daily/items?parameter_code=72019&statistic_id=00003&limit=10000&f=json
USGS-354359078403104,,,,,35.7330555555556,-78.6755555555556,31.88,2026-08-27,Provisional,,,,,,,72019,00003,https://api.waterdata.usgs.gov/ogcapi/v0/collections/latest-daily/items?parameter_code=72019&statistic_id=00003&limit=10000&f=json
USGS-354404078403101,,,,,35.7344444444444,-78.6752777777778,25.7,2013-07-22,Approved,,,,,,,72019,00003,https://api.waterdata.usgs.gov/ogcapi/v0/collections/latest-daily/items?parameter_code=72019&statistic_id=00003&limit=10000&f=json
USGS-354412098172701,,,,,35.7364027777778,-98.2915916666667,14.66,1990-09-26,Approved,,,,,,,72019,00003,https://api.waterdata.usgs.gov/ogcapi/v0/collections/latest-daily/items?parameter_code=72019&statistic_id=00003&limit=10000&f=json
USGS-354418076463601,,,,,35.7388888888889,-76.7752777777778,2.45,2026-08-27,Provisional,,,,,,,72019,00003,https://api.waterdata.usgs.gov/ogcapi/v0/collections/latest-daily/items?parameter_code=72019&statistic_id=00003&limit=10000&f=json
USGS-354442096400801,,,,,35.7528459882242,-96.6808514862416,151.08,1993-09-30,Approved,,,,,,,72019,00003,https://api.waterdata.usgs.gov/ogcapi/v0/collections/latest-daily/items?parameter_code=72019&statistic_id=00003&limit=10000&f=json
USGS-354525097242201,,,,,35.7569967009604,-97.4064278276926,82.06,1993-10-28,Approved,,,,,,,72019,00003,https://api.waterdata.usgs.gov/ogcapi/v0/collections/latest-daily/items?parameter_code=72019&statistic_id=00003&limit=10000&f=json
USGS-354527099470501,,,,,35.7575467530944,-99.7851106902102,55.03,1995-09-30,Approved,,,,,,,72019,00003,https://api.waterdata.usgs.gov/ogcapi/v0/collections/latest-daily/items?parameter_code=72019&statistic_id=00003&limit=10000&f=json
USGS-354552089455900,,,,,35.7645277777778,-89.7665833333333,10.84,1989-06-13,Approved,,,,,,,72019,00003,https://api.waterdata.usgs.gov/ogcapi/v0/collections/latest-daily/items?parameter_code=72019&statistic_id=00003&limit=10000&f=json
USGS-354616081085101,,,,,35.77105,-81.1473472222222,41.28,2026-08-27,Provisional,,,,,,,72019,00003,https://api.waterdata.usgs.gov/ogcapi/v0/collections/latest-daily/items?parameter_code=72019&statistic_id=00003&limit=10000&f=json
USGS-354616081085102,,,,,35.77105,-81.1473472222222,41.41,2026-08-27,Provisional,,,,,,,72019,00003,https://api.waterdata.usgs.gov/ogcapi/v0/collections/latest-daily/items?parameter_code=72019&statistic_id=00003&limit=10000&f=json
USGS-354649078400701,,,,,35.78023611111111,-78.66856666666668,6.24,2026-08-27,Provisional,,,,,,,72019,00003,https://api.waterdata.usgs.gov/ogcapi/v0/collections/latest-daily/items?parameter_code=72019&statistic_id=00003&limit=10000&f=json
USGS-354649078400702,,,,,35.7802777777778,-78.6686111111111,6.61,2026-08-27,Provisional,,,,,,,72019,00003,https://api.waterdata.usgs.gov/ogcapi/v0/collections/latest-daily/items?parameter_code=72019&statistic_id=00003&limit=10000&f=json
USGS-354731106072001,,,,,35.79194444444444,-106.12222222222222,156.72,2026-07-12,Approved,,,,,,,72019,00003,https://api.waterdata.usgs.gov/ogcapi/v0/collections/latest-daily/items?parameter_code=72019&statistic_id=00003&limit=10000&f=json
USGS-354731106072002,,,,,35.79194444444444,-106.12222222222222,192.17,2026-07-12,Approved,,,,,,,72019,00003,https://api.waterdata.usgs.gov/ogcapi/v0/collections/latest-daily/items?parameter_code=72019&statistic_id=00003&limit=10000&f=json
USGS-354731106072003,,,,,35.79194444444444,-106.12222222222222,200.84,2026-07-12,Approved,,,,,,,72019,00003,https://api.waterdata.usgs.gov/ogcapi/v0/collections/latest-daily/items?parameter_code=72019&statistic_id=00003&limit=10000&f=json
USGS-354748078315901,,,,,35.7966666666667,-78.5330555555555,31.1,2026-08-27,Provisional,,,,,,,72019,00003,https://api.waterdata.usgs.gov/ogcapi/v0/collections/latest-daily/items?parameter_code=72019&statistic_id=00003&limit=10000&f=json
USGS-354818078234101,,,,,35.805,-78.3947222222222,20.75,2026-08-27,Provisional,,,,,,,72019,00003,https://api.waterdata.usgs.gov/ogcapi/v0/collections/latest-daily/items?parameter_code=72019&statistic_id=00003&limit=10000&f=json
USGS-354852094442501,,,,,35.8144944444444,-94.7402138888889,112.8,2020-11-08,Approved,,,,,,,72019,00003,https://api.waterdata.usgs.gov/ogcapi/v0/collections/latest-daily/items?parameter_code=72019&statistic_id=00003&limit=10000&f=json
USGS-354855078553201,,,,,35.8152777777778,-78.9255555555556,46.45,2026-08-27,Provisional,,,,,,,72019,00003,https://api.waterdata.usgs.gov/ogcapi/v0/collections/latest-daily/items?parameter_code=72019&statistic_id=00003&limit=10000&f=json
USGS-354916090512501,,,,,35.82102777777778,-90.85680555555555,86.42,2026-08-26,Provisional,,,,,,,72019,00003,https://api.waterdata.usgs.gov/ogcapi/v0/collections/latest-daily/items?parameter_code=72019&statistic_id=00003&limit=10000&f=json
USGS-355000106092802,,,,,35.8333592856427,-106.158358261591,60.55,2026-07-12,Provisional,,,,,,,72019,00003,https://api.waterdata.usgs.gov/ogcapi/v0/collections/latest-daily/items?parameter_code=72019&statistic_id=00003&limit=10000&f=json
USGS-355000106092803,,,,,35.8333592856427,-106.158358261591,47.42,2026-07-12,Approved,,,,,,,72019,00003,https://api.waterdata.usgs.gov/ogcapi/v0/collections/latest-daily/items?parameter_code=72019&statistic_id=00003&limit=10000&f=json
USGS-355031081243202,,,,,35.8419777777778,-81.4090666666667,9.88,2026-08-27,Provisional,,,,,,,72019,00003,https://api.waterdata.usgs.gov/ogcapi/v0/collections/latest-daily/items?parameter_code=72019&statistic_id=00003&limit=10000&f=json
USGS-355031081243203,,,,,35.8420833333333,-81.4090833333333,23.75,2026-08-27,Provisional,,,,,,,72019,00003,https://api.waterdata.usgs.gov/ogcapi/v0/collections/latest-daily/items?parameter_code=72019&statistic_id=00003&limit=10000&f=json
USGS-355120105593901,,,,,35.855555555555554,-105.99416666666667,24.02,2026-07-26,Provisional,,,,,,,72019,00003,https://api.waterdata.usgs.gov/ogcapi/v0/collections/latest-daily/items?parameter_code=72019&statistic_id=00003&limit=10000&f=json
USGS-355120105593902,,,,,35.855555555555554,-105.99416666666667,44.18,2026-08-19,Provisional,ESTIMATED,,,,,,72019,00003,https://api.waterdata.usgs.gov/ogcapi/v0/collections/latest-daily/items?parameter_code=72019&statistic_id=00003&limit=10000&f=json
USGS-355133099434901,,,,,35.8592361111111,-99.7303805555556,3.81,2016-04-06,Approved,,,,,,,72019,00003,https://api.waterdata.usgs.gov/ogcapi/v0/collections/latest-daily/items?parameter_code=72019&statistic_id=00003&limit=10000&f=json
USGS-355251089350500,,,,,35.881,-89.5848055555555,7.24,1989-10-03,Approved,,,,,,,72019,00003,https://api.waterdata.usgs.gov/ogcapi/v0/collections/latest-daily/items?parameter_code=72019&statistic_id=00003&limit=10000&f=json
USGS-355359080331701,,,,,35.89981944444445,-80.55478055555555,18.67,2026-08-27,Provisional,,,,,,,72019,00003,https://api.waterdata.usgs.gov/ogcapi/v0/collections/latest-daily/items?parameter_code=72019&statistic_id=00003&limit=10000&f=json
USGS-355457078232701,,,,,35.9158333333333,-78.3908333333333,8.82,2026-08-27,Provisional,,,,,,,72019,00003,https://api.waterdata.usgs.gov/ogcapi/v0/collections/latest-daily/items?parameter_code=72019&statistic_id=00003&limit=10000&f=json
USGS-355510096293501,,,,,35.9191666666667,-96.5119444444444,35.18,2018-02-28,Approved,,,,,,,72019,00003,https://api.waterdata.usgs.gov/ogcapi/v0/collections/latest-daily/items?parameter_code=72019&statistic_id=00003&limit=10000&f=json
USGS-355522079043001,,,,,35.9086111111111,-79.0580555555556,46.61,2012-09-29,Approved,DRY,,,,,,72019,00003,https://api.waterdata.usgs.gov/ogcapi/v0/collections/latest-daily/items?parameter_code=72019&statistic_id=00003&limit=10000&f=json
USGS-355547078411301,,,,,35.9297222222222,-78.6869444444444,162.34,2012-06-14,Approved,,,,,,,72019,00003,https://api.waterdata.usgs.gov/ogcapi/v0/collections/latest-daily/items?parameter_code=72019&statistic_id=00003&limit=10000&f=json
USGS-355600094503501,,,,,35.9334388888889,-94.8431111111111,152.86,2020-11-08,Approved,,,,,,,72019,00003,https://api.waterdata.usgs.gov/ogcapi/v0/collections/latest-daily/items?parameter_code=72019&statistic_id=00003&limit=10000&f=json
USGS-355635078385101,,,,,35.943,-78.684,121.59,2026-08-27,Provisional,,,,,,,72019,00003,https://api.waterdata.usgs.gov/ogcapi/v0/collections/latest-daily/items?parameter_code=72019&statistic_id=00003&limit=10000&f=json
USGS-355638078405301,,,,,35.9439083333333,-78.6813555555556,160.92,2012-06-14,Approved,,,,,,,72019,00003,https://api.waterdata.usgs.gov/ogcapi/v0/collections/latest-daily/items?parameter_code=72019&statistic_id=00003&limit=10000&f=json
USGS-355641078410101,,,,,35.9446333333333,-78.683475,139.13,2012-03-28,Approved,,,,,,,72019,00003,https://api.waterdata.usgs.gov/ogcapi/v0/collections/latest-daily/items?parameter_code=72019&statistic_id=00003&limit=10000&f=json
USGS-355657078342601,,,,,35.9491666666667,-78.5738888888889,44.65,2026-08-27,Provisional,,,,,,,72019,00003,https://api.waterdata.usgs.gov/ogcapi/v0/collections/latest-daily/items?parameter_code=72019&statistic_id=00003&limit=10000&f=json
USGS-355659078411401,,,,,35.9497277777778,-78.6871611111111,99.88,2012-11-25,Approved,,,,,,,72019,00003,https://api.waterdata.usgs.gov/ogcapi/v0/collections/latest-daily/items?parameter_code=72019&statistic_id=00003&limit=10000&f=json
USGS-355717078404001,,,,,35.9547222222222,-78.6777777777778,45.09,2012-04-02,Approved,,,,,,,72019,00003,https://api.waterdata.usgs.gov/ogcapi/v0/collections/latest-daily/items?parameter_code=72019&statistic_id=00003&limit=10000&f=json
USGS-355741094461001,,,,,35.9612583333333,-94.7695777777778,23.29,2020-11-08,Approved,,,,,,,72019,00003,https://api.waterdata.usgs.gov/ogcapi/v0/collections/latest-daily/items?parameter_code=72019&statistic_id=00003&limit=10000&f=json
USGS-355743097544001,,,,,35.963929483027,-97.9133885139663,12.63,1989-11-27,Approved,,,,,,,72019,00003,https://api.waterdata.usgs.gov/ogcapi/v0/collections/latest-daily/items?parameter_code=72019&statistic_id=00003&limit=10000&f=json
USGS-355749086533300,,,,,35.9636740520703,-86.8925015216683,31.12,1984-02-28,Approved,,,,,,,72019,00003,https://api.waterdata.usgs.gov/ogcapi/v0/collections/latest-daily/items?parameter_code=72019&statistic_id=00003&limit=10000&f=json
USGS-355850098522701,,,,,35.9805987810245,-98.8745377079296,112.73,1993-09-30,Approved,,,,,,,72019,00003,https://api.waterdata.usgs.gov/ogcapi/v0/collections/latest-daily/items?parameter_code=72019&statistic_id=00003&limit=10000&f=json
USGS-355944079013401,,,,,35.9956916666667,-79.0260472222222,38.75,2026-08-27,Provisional,,,,,,,72019,00003,https://api.waterdata.usgs.gov/ogcapi/v0/collections/latest-daily/items?parameter_code=72019&statistic_id=00003&limit=10000&f=json
USGS-360020087573300,,,,,36.0056162922912,-87.9591984790729,85.67,1998-02-24,Approved,,,,,,,72019,00003,https://api.waterdata.usgs.gov/ogcapi/v0/collections/latest-daily/items?parameter_code=72019&statistic_id=00003&limit=10000&f=json
USGS-360022098525501,,,,,36.0060472222222,-98.8820222222222,3.67,2016-04-06,Approved,,,,,,,72019,00003,https://api.waterdata.usgs.gov/ogcapi/v0/collections/latest-daily/items?parameter_code=72019&statistic_id=00003&limit=10000&f=json
USGS-360055110304001,,,,,36.0141680172323,-110.512080059763,420.95,2026-08-26,Provisional,,,,,,,72019,00003,https://api.waterdata.usgs.gov/ogcapi/v0/collections/latest-daily/items?parameter_code=72019&statistic_id=00003&limit=10000&f=json
USGS-360110099215001,,,,,36.0195055555556,-99.3640138888889,2.85,2016-04-06,Approved,,,,,,,72019,00003,https://api.waterdata.usgs.gov/ogcapi/v0/collections/latest-daily/items?parameter_code=72019&statistic_id=00003&limit=10000&f=json
USGS-360111098302401,,,,,36.0197618598881,-98.5070243493884,38.05,1981-10-31,Approved,,,,,,,72019,00003,https://api.waterdata.usgs.gov/ogcapi/v0/collections/latest-daily/items?parameter_code=72019&statistic_id=00003&limit=10000&f=json
USGS-360200096534301,,,,,36.0334166666667,-96.8953333333333,17.91,2018-10-22,Approved,,,,,,,72019,00003,https://api.waterdata.usgs.gov/ogcapi/v0/collections/latest-daily/items?parameter_code=72019&statistic_id=00003&limit=10000&f=json
USGS-360323098322301,,,,,36.0566055555555,-98.5398388888889,25.99,2012-10-18,Approved,,,,,,,72019,00003,https://api.waterdata.usgs.gov/ogcapi/v0/collections/latest-daily/items?parameter_code=72019&statistic_id=00003&limit=10000&f=json
USGS-360339096450201,,,,,36.0609277777778,-96.750675,7.49,2018-10-22,Approved,,,,,,,72019,00003,https://api.waterdata.usgs.gov/ogcapi/v0/collections/latest-daily/items?parameter_code=72019&statistic_id=00003&limit=10000&f=json
USGS-360349115100001,,,,,36.0660837396484,-115.171942011,105.63,2026-05-14,Provisional,,,,,,,72019,00003,https://api.waterdata.usgs.gov/ogcapi/v0/collections/latest-daily/items?parameter_code=72019&statistic_id=00003&limit=10000&f=json
USGS-360352078414401,,,,,36.0644444444444,-78.6955555555556,32.28,2026-08-27,Provisional,,,,,,,72019,00003,https://api.waterdata.usgs.gov/ogcapi/v0/collections/latest-daily/items?parameter_code=72019&statistic_id=00003&limit=10000&f=json
USGS-360425094573101,,,,,36.0736222222222,-94.9586555555556,19.48,2020-11-09,Approved,,,,,,,72019,00003,https://api.waterdata.usgs.gov/ogcapi/v0/collections/latest-daily/items?parameter_code=72019&statistic_id=00003&limit=10000&f=json
USGS-360429087233602,,,,,36.0747827392995,-87.3933455728859,28.59,1986-12-19,Approved,,,,,,,72019,00003,https://api.waterdata.usgs.gov/ogcapi/v0/collections/latest-daily/items?parameter_code=72019&statistic_id=00003&limit=10000&f=json
USGS-360429096473901,,,,,36.0746111111111,-96.7941666666667,35.23,2018-10-22,Approved,,,,,,,72019,00003,https://api.waterdata.usgs.gov/ogcapi/v0/collections/latest-daily/items?parameter_code=72019&statistic_id=00003&limit=10000&f=json
USGS-360455081530101,,,,,36.0819444444444,-81.8838888888889,2.21,2011-11-27,Approved,,,,,,,72019,00003,https://api.waterdata.usgs.gov/ogcapi/v0/collections/latest-daily/items?parameter_code=72019&statistic_id=00003&limit=10000&f=json
USGS-360521085432600,,,,,36.08913888888889,-85.7238888888889,51.73,2026-08-26,Provisional,,,,,,,72019,00003,https://api.waterdata.usgs.gov/ogcapi/v0/collections/latest-daily/items?parameter_code=72019&statistic_id=00003&limit=10000&f=json
USGS-360536094105701,,,,,36.0935277777778,-94.1826666666667,22.4,2026-08-26,Provisional,,,,,,,72019,00003,https://api.waterdata.usgs.gov/ogcapi/v0/collections/latest-daily/items?parameter_code=72019&statistic_id=00003&limit=10000&f=json
USGS-360543084343101,,,,,36.0953537707533,-84.5752166701854,3.05,2026-08-26,Provisional,,,,,,,72019,00003,https://api.waterdata.usgs.gov/ogcapi/v0/collections/latest-daily/items?parameter_code=72019&statistic_id=00003&limit=10000&f=json
USGS-360553087352201,,,,,36.09802777777778,-87.5895,15.39,2024-08-01,Provisional,,,,,,,72019,00003,https://api.waterdata.usgs.gov/ogcapi/v0/collections/latest-daily/items?parameter_code=72019&statistic_id=00003&limit=10000&f=json
USGS-360738096441001,,,,,36.1272846422941,-96.7364174712169,111.85,1999-12-28,Approved,,,,,,,72019,00003,https://api.waterdata.usgs.gov/ogcapi/v0/collections/latest-daily/items?parameter_code=72019&statistic_id=00003&limit=10000&f=json
USGS-360738096441004,,,,,36.1272846422941,-96.7364174712169,90.55,1999-10-21,Approved,,,,,,,72019,00003,https://api.waterdata.usgs.gov/ogcapi/v0/collections/latest-daily/items?parameter_code=72019&statistic_id=00003&limit=10000&f=json
USGS-360835086441100,,,,,36.1431128053616,-86.7363869508717,54.14,1997-09-29,Approved,,,,,,,72019,00003,https://api.waterdata.usgs.gov/ogcapi/v0/collections/latest-daily/items?parameter_code=72019&statistic_id=00003&limit=10000&f=json
USGS-360905087070201,,,,,36.1514467642227,-87.1172272882963,44.01,2026-08-26,Provisional,,,,,,,72019,00003,https://api.waterdata.usgs.gov/ogcapi/v0/collections/latest-daily/items?parameter_code=72019&statistic_id=00003&limit=10000&f=json
USGS-361011079595401,,,,,36.1697777777778,-79.9982777777778,20.3,2024-02-25,Approved,,,,,,,72019,00003,https://api.waterdata.usgs.gov/ogcapi/v0/collections/latest-daily/items?parameter_code=72019&statistic_id=00003&limit=10000&f=json
USGS-361104095081801,,,,,36.1845944444444,-95.1383666666667,71.92,2019-06-10,Approved,,,,,,,72019,00003,https://api.waterdata.usgs.gov/ogcapi/v0/collections/latest-daily/items?parameter_code=72019&statistic_id=00003&limit=10000&f=json
USGS-361126094551801,,,,,36.1906805555556,-94.9216527777778,344.76,2020-11-09,Approved,,,,,,,72019,00003,https://api.waterdata.usgs.gov/ogcapi/v0/collections/latest-daily/items?parameter_code=72019&statistic_id=00003&limit=10000&f=json
USGS-361145098560401,,,,,36.1965694444444,-98.9314527777778,6.94,2013-12-03,Approved,,,,,,,72019,00003,https://api.waterdata.usgs.gov/ogcapi/v0/collections/latest-daily/items?parameter_code=72019&statistic_id=00003&limit=10000&f=json
USGS-361209102142601,,,,,36.2025310288088,-102.24101456293,313.87,1993-09-29,Approved,,,,,,,72019,00003,https://api.waterdata.usgs.gov/ogcapi/v0/collections/latest-daily/items?parameter_code=72019&statistic_id=00003&limit=10000&f=json
USGS-361225110240701,,,,,36.2077757501628,-110.410690255062,819.54,2026-08-26,Provisional,,,,,,,72019,00003,https://api.waterdata.usgs.gov/ogcapi/v0/collections/latest-daily/items?parameter_code=72019&statistic_id=00003&limit=10000&f=json
USGS-361232115061001,,,,,36.2158034215454,-115.105279414015,-2.73,2026-08-26,Provisional,,,,,,,72019,00003,https://api.waterdata.usgs.gov/ogcapi/v0/collections/latest-daily/items?parameter_code=72019&statistic_id=00003&limit=10000&f=json
USGS-361252116462901,,,,,36.2143965752782,-116.775604846836,2.72,2000-01-08,Approved,,,,,,,72019,00003,https://api.waterdata.usgs.gov/ogcapi/v0/collections/latest-daily/items?parameter_code=72019&statistic_id=00003&limit=10000&f=json
USGS-361256099102101,,,,,36.2158735110604,-99.1778801380016,11.81,1990-09-26,Approved,,,,,,,72019,00003,https://api.waterdata.usgs.gov/ogcapi/v0/collections/latest-daily/items?parameter_code=72019&statistic_id=00003&limit=10000&f=json
USGS-361307080293101,,,,,36.2188888888889,-80.4922222222222,15.14,2014-02-17,Approved,,,,,,,72019,00003,https://api.waterdata.usgs.gov/ogcapi/v0/collections/latest-daily/items?parameter_code=72019&statistic_id=00003&limit=10000&f=json
USGS-361317094594101,,,,,36.2213555555556,-94.9947222222222,41.86,2020-11-09,Approved,,,,,,,72019,00003,https://api.waterdata.usgs.gov/ogcapi/v0/collections/latest-daily/items?parameter_code=72019&statistic_id=00003&limit=10000&f=json
USGS-361400115040901,,,,,36.240167,-115.072028,46.1,2026-06-01,Provisional,GREATERTHAN,,,,,,72019,00003,https://api.waterdata.usgs.gov/ogcapi/v0/collections/latest-daily/items?parameter_code=72019&statistic_id=00003&limit=10000&f=json
USGS-361410115142601,,,,,36.2360780285411,-115.241394095389,247.32,2009-09-29,Approved,,,,,,,72019,00003,https://api.waterdata.usgs.gov/ogcapi/v0/collections/latest-daily/items?parameter_code=72019&statistic_id=00003&limit=10000&f=json
USGS-361410115142602,,,,,36.2360780285411,-115.241394095389,235.16,2009-09-29,Approved,,,,,,,72019,00003,https://api.waterdata.usgs.gov/ogcapi/v0/collections/latest-daily/items?parameter_code=72019&statistic_id=00003&limit=10000&f=json
USGS-361410115142603,,,,,36.2360780285411,-115.241394095389,203.08,2009-09-29,Approved,,,,,,,72019,00003,https://api.waterdata.usgs.gov/ogcapi/v0/collections/latest-daily/items?parameter_code=72019&statistic_id=00003&limit=10000&f=json
USGS-361415094452501,,,,,36.2353614750977,-94.7538369424281,30.77,1995-09-30,Approved,,,,,,,72019,00003,https://api.waterdata.usgs.gov/ogcapi/v0/collections/latest-daily/items?parameter_code=72019&statistic_id=00003&limit=10000&f=json
USGS-361420077111407,,,,,36.2391666666667,-77.1869444444444,8.32,2009-10-01,Approved,,,,,,,72019,00003,https://api.waterdata.usgs.gov/ogcapi/v0/collections/latest-daily/items?parameter_code=72019&statistic_id=00003&limit=10000&f=json
USGS-361442098092801,,,,,36.2450352204259,-98.1581216255215,7.03,1993-11-07,Approved,,,,,,,72019,00003,https://api.waterdata.usgs.gov/ogcapi/v0/collections/latest-daily/items?parameter_code=72019&statistic_id=00003&limit=10000&f=json
USGS-361456115111001,,,,,36.2485787404542,-115.188615674604,106.13,2026-05-14,Provisional,,,,,,,72019,00003,https://api.waterdata.usgs.gov/ogcapi/v0/collections/latest-daily/items?parameter_code=72019&statistic_id=00003&limit=10000&f=json
USGS-361536099464601,,,,,36.259761974853,-99.7834514571817,76.9,1995-09-30,Approved,,,,,,,72019,00003,https://api.waterdata.usgs.gov/ogcapi/v0/collections/latest-daily/items?parameter_code=72019&statistic_id=00003&limit=10000&f=json
USGS-361626115090701,,,,,36.28107900556,-115.159449104205,31.89,2026-05-14,Provisional,,,,,,,72019,00003,https://api.waterdata.usgs.gov/ogcapi/v0/collections/latest-daily/items?parameter_code=72019&statistic_id=00003&limit=10000&f=json
USGS-361631098155601,,,,,36.2753126957422,-98.265903356739,14.12,1989-01-04,Approved,,,,,,,72019,00003,https://api.waterdata.usgs.gov/ogcapi/v0/collections/latest-daily/items?parameter_code=72019&statistic_id=00003&limit=10000&f=json
USGS-361646081430401,,,,,36.2795277777778,-81.7176388888889,29.46,2026-08-27,Provisional,,,,,,,72019,00003,https://api.waterdata.usgs.gov/ogcapi/v0/collections/latest-daily/items?parameter_code=72019&statistic_id=00003&limit=10000&f=json
USGS-361704115121901,,,,,36.2844114882962,-115.204727844616,114.52,2026-08-26,Provisional,,,,,,,72019,00003,https://api.waterdata.usgs.gov/ogcapi/v0/collections/latest-daily/items?parameter_code=72019&statistic_id=00003&limit=10000&f=json
USGS-361714099315101,,,,,36.290317483007,-99.5331677751051,25.67,2011-10-02,Approved,,,,,,,72019,00003,https://api.waterdata.usgs.gov/ogcapi/v0/collections/latest-daily/items?parameter_code=72019&statistic_id=00003&limit=10000&f=json
USGS-361738082132900,,,,,36.293997959897,-82.2245770965115,14.04,1989-09-30,Approved,,,,,,,72019,00003,https://api.waterdata.usgs.gov/ogcapi/v0/collections/latest-daily/items?parameter_code=72019&statistic_id=00003&limit=10000&f=json
USGS-361739099323301,,,,,36.29427777777778,-99.54255555555555,0,2026-08-27,Provisional,DISCONTINUED,,,,,,72019,00003,https://api.waterdata.usgs.gov/ogcapi/v0/collections/latest-daily/items?parameter_code=72019&statistic_id=00003&limit=10000&f=json
USGS-361750102140501,,,,,36.2972515170531,-102.235179104424,298.35,1993-09-29,Approved,,,,,,,72019,00003,https://api.waterdata.usgs.gov/ogcapi/v0/collections/latest-daily/items?parameter_code=72019&statistic_id=00003&limit=10000&f=json
USGS-361829076163201,,,,,36.3083333333333,-76.2752777777778,5.4,2026-08-27,Provisional,,,,,,,72019,00003,https://api.waterdata.usgs.gov/ogcapi/v0/collections/latest-daily/items?parameter_code=72019&statistic_id=00003&limit=10000&f=json
USGS-362004094591601,,,,,36.3343277777778,-94.9879111111111,27.73,2020-11-09,Approved,,,,,,,72019,00003,https://api.waterdata.usgs.gov/ogcapi/v0/collections/latest-daily/items?parameter_code=72019&statistic_id=00003&limit=10000&f=json
USGS-362214116181601,,,,,36.3705120676596,-116.305317176325,6.88,1997-08-21,Approved,,,,,,,72019,00003,https://api.waterdata.usgs.gov/ogcapi/v0/collections/latest-daily/items?parameter_code=72019&statistic_id=00003&limit=10000&f=json
USGS-362231079410801,,,,,36.3752777777778,-79.6855555555556,25.35,2026-08-27,Provisional,,,,,,,72019,00003,https://api.waterdata.usgs.gov/ogcapi/v0/collections/latest-daily/items?parameter_code=72019&statistic_id=00003&limit=10000&f=json
USGS-362231103012001,,,,,36.3753066144918,-103.02270788993,216,1993-09-29,Approved,ESTIMATED,,,,,,72019,00003,https://api.waterdata.usgs.gov/ogcapi/v0/collections/latest-daily/items?parameter_code=72019&statistic_id=00003&limit=10000&f=json
USGS-362236116281101,,,,,36.374123151899,-116.303928310542,3.41,1997-08-21,Approved,,,,,,,72019,00003,https://api.waterdata.usgs.gov/ogcapi/v0/collections/latest-daily/items?parameter_code=72019&statistic_id=00003&limit=10000&f=json
USGS-362417116163600,,,,,36.405625,-116.277797222222,7.7,1998-01-14,Approved,,,,,,,72019,00003,https://api.waterdata.usgs.gov/ogcapi/v0/collections/latest-daily/items?parameter_code=72019&statistic_id=00003&limit=10000&f=json
USGS-362421116200701,,,,,36.4057891418313,-116.336152298022,1.69,1997-08-21,Approved,,,,,,,72019,00003,https://api.waterdata.usgs.gov/ogcapi/v0/collections/latest-daily/items?parameter_code=72019&statistic_id=00003&limit=10000&f=json
USGS-362450116201401,,,,,36.4138445894373,-116.338096980642,7.23,1995-06-22,Approved,,,,,,,72019,00003,https://api.waterdata.usgs.gov/ogcapi/v0/collections/latest-daily/items?parameter_code=72019&statistic_id=00003&limit=10000&f=json
USGS-362454078562901,,,,,36.4150277777778,-78.9413666666667,21.94,2013-05-08,Approved,,,,,,,72019,00003,https://api.waterdata.usgs.gov/ogcapi/v0/collections/latest-daily/items?parameter_code=72019&statistic_id=00003&limit=10000&f=json
USGS-362458078562601,,,,,36.4159944444444,-78.9405361111111,24.85,2013-05-08,Approved,,,,,,,72019,00003,https://api.waterdata.usgs.gov/ogcapi/v0/collections/latest-daily/items?parameter_code=72019&statistic_id=00003&limit=10000&f=json
USGS-362500089281101,,,,,36.4155555555556,-89.4696944444444,24.44,2026-08-26,Provisional,,,,,,,72019,00003,https://api.waterdata.usgs.gov/ogcapi/v0/collections/latest-daily/items?parameter_code=72019&statistic_id=00003&limit=10000&f=json
USGS-362515078562701,,,,,36.4207527777778,-78.9408,25.22,2013-05-08,Approved,,,,,,,72019,00003,https://api.waterdata.usgs.gov/ogcapi/v0/collections/latest-daily/items?parameter_code=72019&statistic_id=00003&limit=10000&f=json
USGS-362515116202001,,,,,36.4207889411595,-116.339763853357,8.31,1996-09-29,Approved,,,,,,,72019,00003,https://api.waterdata.usgs.gov/ogcapi/v0/collections/latest-daily/items?parameter_code=72019&statistic_id=00003&limit=10000&f=json
USGS-362529116171100,,,,,36.4246782834481,-116.28837317514,47.94,2026-08-26,Provisional,,,,,,,72019,00003,https://api.waterdata.usgs.gov/ogcapi/v0/collections/latest-daily/items?parameter_code=72019&statistic_id=00003&limit=10000&f=json
USGS-362536116211801,,,,,36.4266220550074,-116.355875675191,6.84,1997-08-21,Approved,,,,,,,72019,00003,https://api.waterdata.usgs.gov/ogcapi/v0/collections/latest-daily/items?parameter_code=72019&statistic_id=00003&limit=10000&f=json
USGS-362714103071201,,,,,32.0114944444444,-103.291972222222,175.6,2026-08-26,Provisional,,,,,,,72019,00003,https://api.waterdata.usgs.gov/ogcapi/v0/collections/latest-daily/items?parameter_code=72019&statistic_id=00003&limit=10000&f=json
USGS-362726099230401,,,,,36.4573944444444,-99.3847,8.38,2013-12-03,Approved,,,,,,,72019,00003,https://api.waterdata.usgs.gov/ogcapi/v0/collections/latest-daily/items?parameter_code=72019&statistic_id=00003&limit=10000&f=json
USGS-362823096224201,,,,,36.4731333333333,-96.3784833333333,33.8,2020-02-12,Approved,,,,,,,72019,00003,https://api.waterdata.usgs.gov/ogcapi/v0/collections/latest-daily/items?parameter_code=72019&statistic_id=00003&limit=10000&f=json
USGS-362855116200702,,,,,36.4811772054304,-116.335348285995,4.64,1996-07-01,Approved,,,,,,,72019,00003,https://api.waterdata.usgs.gov/ogcapi/v0/collections/latest-daily/items?parameter_code=72019&statistic_id=00003&limit=10000&f=json
USGS-362856116195601,,,,,36.4817605560788,-116.332737085615,0.28,1996-01-23,Approved,,,,,,,72019,00003,https://api.waterdata.usgs.gov/ogcapi/v0/collections/latest-daily/items?parameter_code=72019&statistic_id=00003&limit=10000&f=json
USGS-362902116202201,,,,,36.4838437974758,-116.340320757428,0.6,1996-09-29,Approved,,,,,,,72019,00003,https://api.waterdata.usgs.gov/ogcapi/v0/collections/latest-daily/items?parameter_code=72019&statistic_id=00003&limit=10000&f=json
USGS-362935096291501,,,,,36.4836830949025,-96.3186244684664,6.22,2026-08-27,Provisional,,,,,,,72019,00003,https://api.waterdata.usgs.gov/ogcapi/v0/collections/latest-daily/items?parameter_code=72019&statistic_id=00003&limit=10000&f=json
USGS-362936109564101,,,,,36.4908336348382,-109.948172719957,374.57,2026-08-26,Provisional,,,,,,,72019,00003,https://api.waterdata.usgs.gov/ogcapi/v0/collections/latest-daily/items?parameter_code=72019&statistic_id=00003&limit=10000&f=json
USGS-363021096432402,,,,,36.5059583333333,-96.7235361111111,0.11,2016-07-04,Approved,,,,,,,72019,00003,https://api.waterdata.usgs.gov/ogcapi/v0/collections/latest-daily/items?parameter_code=72019&statistic_id=00003&limit=10000&f=json
USGS-363021096432403,,,,,36.5059583333333,-96.7235361111111,-2.18,2016-03-06,Approved,,,,,,,72019,00003,https://api.waterdata.usgs.gov/ogcapi/v0/collections/latest-daily/items?parameter_code=72019&statistic_id=00003&limit=10000&f=json
USGS-363021096432404,,,,,36.5059583333333,-96.7235361111111,14.89,2016-07-04,Approved,,,,,,,72019,00003,https://api.waterdata.usgs.gov/ogcapi/v0/collections/latest-daily/items?parameter_code=72019&statistic_id=00003&limit=10000&f=json
USGS-363033101440701,,,,,36.509211676861554,-101.73572622405854,0,2026-08-27,Provisional,DISCONTINUED,,,,,,72019,00003,https://api.waterdata.usgs.gov/ogcapi/v0/collections/latest-daily/items?parameter_code=72019&statistic_id=00003&limit=10000&f=json
USGS-363102098495301,,,,,36.5172563358679,-98.8317571513294,13.23,1989-01-02,Approved,,,,,,,72019,00003,https://api.waterdata.usgs.gov/ogcapi/v0/collections/latest-daily/items?parameter_code=72019&statistic_id=00003&limit=10000&f=json
USGS-363143110355001,,,,,36.5280532914231,-110.599030055646,216.68,2026-08-26,Provisional,,,,,,,72019,00003,https://api.waterdata.usgs.gov/ogcapi/v0/collections/latest-daily/items?parameter_code=72019&statistic_id=00003&limit=10000&f=json
USGS-363213116133800,,,,,36.53700555555555,-116.22800000000001,41.41,2026-08-26,Provisional,,,,,,,72019,00003,https://api.waterdata.usgs.gov/ogcapi/v0/collections/latest-daily/items?parameter_code=72019&statistic_id=00003&limit=10000&f=json
USGS-363224099584601,,,,,36.5400347954768,-99.9798507621126,38.39,1993-09-30,Approved,,,,,,,72019,00003,https://api.waterdata.usgs.gov/ogcapi/v0/collections/latest-daily/items?parameter_code=72019&statistic_id=00003&limit=10000&f=json
USGS-363230095054901,,,,,36.5415416666667,-95.0969777777778,58.61,2020-11-09,Approved,,,,,,,72019,00003,https://api.waterdata.usgs.gov/ogcapi/v0/collections/latest-daily/items?parameter_code=72019&statistic_id=00003&limit=10000&f=json
USGS-363235099592801,,,,,36.5430902871523,-99.9915179053129,33.59,1985-02-27,Approved,,,,,,,72019,00003,https://api.waterdata.usgs.gov/ogcapi/v0/collections/latest-daily/items?parameter_code=72019&statistic_id=00003&limit=10000&f=json
USGS-363304084475600,,,,,36.5509444444444,-84.79875,100.59,2026-08-26,Provisional,,,,,,,72019,00003,https://api.waterdata.usgs.gov/ogcapi/v0/collections/latest-daily/items?parameter_code=72019&statistic_id=00003&limit=10000&f=json
USGS-363308114553001,,,,,36.5526722222222,-114.924544444444,834.61,2019-10-31,Approved,,,,,,,72019,00003,https://api.waterdata.usgs.gov/ogcapi/v0/collections/latest-daily/items?parameter_code=72019&statistic_id=00003&limit=10000&f=json
USGS-363334094395301,,,,,36.5594638888889,-94.6480555555556,18.43,2000-02-24,Approved,,,,,,,72019,00003,https://api.waterdata.usgs.gov/ogcapi/v0/collections/latest-daily/items?parameter_code=72019&statistic_id=00003&limit=10000&f=json
USGS-363503115385701,,,,,36.58416388888889,-115.6491,327.95,2017-11-12,Approved,,,,,,,72019,00003,https://api.waterdata.usgs.gov/ogcapi/v0/collections/latest-daily/items?parameter_code=72019&statistic_id=00003&limit=10000&f=json
USGS-363539091384501,,,,,36.5944722222222,-91.6452222222222,137.4,2016-05-10,Approved,,,,,,,72019,00003,https://api.waterdata.usgs.gov/ogcapi/v0/collections/latest-daily/items?parameter_code=72019&statistic_id=00003&limit=10000&f=json
USGS-363609086430401,,,,,36.60258350683379,-86.71776465857687,22.71,2026-08-26,Provisional,,,,,,,72019,00003,https://api.waterdata.usgs.gov/ogcapi/v0/collections/latest-daily/items?parameter_code=72019&statistic_id=00003&limit=10000&f=json
USGS-363721094173801,,,,,36.6225,-94.2938888888889,8.63,2016-10-03,Approved,,,,,,,72019,00003,https://api.waterdata.usgs.gov/ogcapi/v0/collections/latest-daily/items?parameter_code=72019&statistic_id=00003&limit=10000&f=json
USGS-363749083430701,,,,,36.6303604549868,-83.7185272111301,6.42,2026-08-27,Provisional,,,,,,,72019,00003,https://api.waterdata.usgs.gov/ogcapi/v0/collections/latest-daily/items?parameter_code=72019&statistic_id=00003&limit=10000&f=json
USGS-363850110100801,,,,,36.6472218002598,-110.170683532489,191.91,2026-08-26,Provisional,,,,,,,72019,00003,https://api.waterdata.usgs.gov/ogcapi/v0/collections/latest-daily/items?parameter_code=72019&statistic_id=00003&limit=10000&f=json
USGS-363856097040401,,,,,36.6487583333333,-97.0676694444444,19.47,2022-03-07,Approved,,,,,,,72019,00003,https://api.waterdata.usgs.gov/ogcapi/v0/collections/latest-daily/items?parameter_code=72019&statistic_id=00003&limit=10000&f=json
USGS-363905116005801,,,,,36.651227080493,-116.016736612935,1164.46,1997-07-27,Approved,,,,,,,72019,00003,https://api.waterdata.usgs.gov/ogcapi/v0/collections/latest-daily/items?parameter_code=72019&statistic_id=00003&limit=10000&f=json
USGS-364112097310101,,,,,36.6866583333333,-97.5170611111111,12.79,2021-06-16,Approved,,,,,,,72019,00003,https://api.waterdata.usgs.gov/ogcapi/v0/collections/latest-daily/items?parameter_code=72019&statistic_id=00003&limit=10000&f=json
USGS-364228105264301,,,,,36.70784722222223,-105.4452888888889,105.59,2026-08-26,Provisional,,,,,,,72019,00003,https://api.waterdata.usgs.gov/ogcapi/v0/collections/latest-daily/items?parameter_code=72019&statistic_id=00003&limit=10000&f=json
USGS-364255108053202,,,,,36.71538888888889,-108.09297222222222,36.92,2026-08-27,Provisional,,,,,,,72019,00003,https://api.waterdata.usgs.gov/ogcapi/v0/collections/latest-daily/items?parameter_code=72019&statistic_id=00003&limit=10000&f=json
USGS-364328094532701,,,,,36.7244194444444,-94.8908444444445,15.95,2020-11-15,Approved,,,,,,,72019,00003,https://api.waterdata.usgs.gov/ogcapi/v0/collections/latest-daily/items?parameter_code=72019&statistic_id=00003&limit=10000&f=json
USGS-364337096315401,,,,,36.7270222222222,-96.5317305555556,159.13,2026-08-27,Provisional,,,,,,,72019,00003,https://api.waterdata.usgs.gov/ogcapi/v0/collections/latest-daily/items?parameter_code=72019&statistic_id=00003&limit=10000&f=json
USGS-364338110154601,,,,,36.7272213301999,-110.263188021148,172.46,2026-08-26,Provisional,,,,,,,72019,00003,https://api.waterdata.usgs.gov/ogcapi/v0/collections/latest-daily/items?parameter_code=72019&statistic_id=00003&limit=10000&f=json
USGS-364422097553901,,,,,36.7394638888889,-97.9275083333333,9.33,2022-03-07,Approved,,,,,,,72019,00003,https://api.waterdata.usgs.gov/ogcapi/v0/collections/latest-daily/items?parameter_code=72019&statistic_id=00003&limit=10000&f=json
USGS-364445117081001,,,,,36.745780081815,-117.137010490591,7.68,2001-10-02,Approved,,,,,,,72019,00003,https://api.waterdata.usgs.gov/ogcapi/v0/collections/latest-daily/items?parameter_code=72019&statistic_id=00003&limit=10000&f=json
USGS-364528116232201,,,,,36.75765833333333,-116.39042777777779,708.7,2026-08-02,Provisional,,,,,,,72019,00003,https://api.waterdata.usgs.gov/ogcapi/v0/collections/latest-daily/items?parameter_code=72019&statistic_id=00003&limit=10000&f=json
USGS-364555098074101,,,,,36.7653861111111,-98.12815,16.71,2022-03-07,Approved,,,,,,,72019,00003,https://api.waterdata.usgs.gov/ogcapi/v0/collections/latest-daily/items?parameter_code=72019&statistic_id=00003&limit=10000&f=json
USGS-364635115572901,,,,,36.77643333333333,-115.95895,701.59,2026-06-30,Provisional,,,,,,,72019,00003,https://api.waterdata.usgs.gov/ogcapi/v0/collections/latest-daily/items?parameter_code=72019&statistic_id=00003&limit=10000&f=json
USGS-364650114432001,,,,,36.78073333333333,-114.72273888888888,396.2,2026-08-26,Provisional,,,,,,,72019,00003,https://api.waterdata.usgs.gov/ogcapi/v0/collections/latest-daily/items?parameter_code=72019&statistic_id=00003&limit=10000&f=json
USGS-364705095135302,,,,,36.7931358681965,-95.2316354632821,26.49,1988-11-17,Approved,,,,,,,72019,00003,https://api.waterdata.usgs.gov/ogcapi/v0/collections/latest-daily/items?parameter_code=72019&statistic_id=00003&limit=10000&f=json
USGS-364743114533101,,,,,36.7956666666667,-114.892805555556,356.92,2020-11-23,Approved,,,,,,,72019,00003,https://api.waterdata.usgs.gov/ogcapi/v0/collections/latest-daily/items?parameter_code=72019&statistic_id=00003&limit=10000&f=json
USGS-364821098144901,,,,,36.8057972222222,-98.2470833333333,0,2024-01-02,Provisional,DISCONTINUED,,,,,,72019,00003,https://api.waterdata.usgs.gov/ogcapi/v0/collections/latest-daily/items?parameter_code=72019&statistic_id=00003&limit=10000&f=json
USGS-364831098120201,,,,,36.8085861111111,-98.200675,0,2024-01-02,Provisional,DISCONTINUED,,,,,,72019,00003,https://api.waterdata.usgs.gov/ogcapi/v0/collections/latest-daily/items?parameter_code=72019&statistic_id=00003&limit=10000&f=json
USGS-364859094552401,,,,,36.8165138888889,-94.9232138888889,92.66,2020-11-15,Approved,,,,,,,72019,00003,https://api.waterdata.usgs.gov/ogcapi/v0/collections/latest-daily/items?parameter_code=72019&statistic_id=00003&limit=10000&f=json
USGS-364935116065401,,,,,36.826436111111114,-116.11575833333333,82.17,2026-08-02,Provisional,,,,,,,72019,00003,https://api.waterdata.usgs.gov/ogcapi/v0/collections/latest-daily/items?parameter_code=72019&statistic_id=00003&limit=10000&f=json
USGS-364938116252102,,,,,36.8272097402223,-116.423300700227,1183.95,2026-08-03,Provisional,ESTIMATED,,,,,,72019,00003,https://api.waterdata.usgs.gov/ogcapi/v0/collections/latest-daily/items?parameter_code=72019&statistic_id=00003&limit=10000&f=json
USGS-364947098341401,,,,,36.829675,-98.5705388888889,10.54,2022-03-07,Approved,,,,,,,72019,00003,https://api.waterdata.usgs.gov/ogcapi/v0/collections/latest-daily/items?parameter_code=72019&statistic_id=00003&limit=10000&f=json
USGS-365013098202902,,,,,36.8368694444444,-98.3413888888889,10.28,2022-03-07,Approved,,,,,,,72019,00003,https://api.waterdata.usgs.gov/ogcapi/v0/collections/latest-daily/items?parameter_code=72019&statistic_id=00003&limit=10000&f=json
USGS-365025098104301,,,,,36.8403222222222,-98.1786416666667,-0.66,2022-03-07,Approved,,,,,,,72019,00003,https://api.waterdata.usgs.gov/ogcapi/v0/collections/latest-daily/items?parameter_code=72019&statistic_id=00003&limit=10000&f=json
USGS-365143098404201,,,,,36.8639189624651,-98.6823074216839,18.93,1995-09-29,Approved,,,,,,,72019,00003,https://api.waterdata.usgs.gov/ogcapi/v0/collections/latest-daily/items?parameter_code=72019&statistic_id=00003&limit=10000&f=json
USGS-365151094470801,,,,,36.8641333333333,-94.785475,46.74,2020-11-15,Approved,,,,,,,72019,00003,https://api.waterdata.usgs.gov/ogcapi/v0/collections/latest-daily/items?parameter_code=72019&statistic_id=00003&limit=10000&f=json
USGS-365204105365501,,,,,36.867803,-105.615297,4.88,2025-09-21,Approved,,,,,,,72019,00003,https://api.waterdata.usgs.gov/ogcapi/v0/collections/latest-daily/items?parameter_code=72019&statistic_id=00003&limit=10000&f=json
USGS-365229094520201,,,,,36.8750700361098,-94.8674549642543,328.04,1994-01-07,Approved,,,,,,,72019,00003,https://api.waterdata.usgs.gov/ogcapi/v0/collections/latest-daily/items?parameter_code=72019&statistic_id=00003&limit=10000&f=json
USGS-365236112442501,,,,,36.8766520862183,-112.74103677642,88.99,2026-08-26,Provisional,,,,,,,72019,00003,https://api.waterdata.usgs.gov/ogcapi/v0/collections/latest-daily/items?parameter_code=72019&statistic_id=00003&limit=10000&f=json
USGS-365258095013401,,,,,36.8828305555556,-95.0261888888889,14.95,2020-11-15,Approved,,,,,,,72019,00003,https://api.waterdata.usgs.gov/ogcapi/v0/collections/latest-daily/items?parameter_code=72019&statistic_id=00003&limit=10000&f=json
USGS-365327098440001,,,,,36.8908333333333,-98.7333333333333,8.48,2021-11-01,Approved,,,,,,,72019,00003,https://api.waterdata.usgs.gov/ogcapi/v0/collections/latest-daily/items?parameter_code=72019&statistic_id=00003&limit=10000&f=json
USGS-365342098175301,,,,,36.8744729470099,-98.3603506978264,6.99,1990-05-20,Approved,,,,,,,72019,00003,https://api.waterdata.usgs.gov/ogcapi/v0/collections/latest-daily/items?parameter_code=72019&statistic_id=00003&limit=10000&f=json
USGS-365402094522201,,,,,36.9000696004223,-94.8716212528598,357.43,2013-02-02,Approved,,,,,,,72019,00003,https://api.waterdata.usgs.gov/ogcapi/v0/collections/latest-daily/items?parameter_code=72019&statistic_id=00003&limit=10000&f=json
USGS-365403112452801,,,,,36.9008185014985,-112.75853809239,87.08,2026-08-26,Provisional,,,,,,,72019,00003,https://api.waterdata.usgs.gov/ogcapi/v0/collections/latest-daily/items?parameter_code=72019&statistic_id=00003&limit=10000&f=json
USGS-365427089553001,,,,,36.9075,-89.925,84.75,2012-01-16,Approved,,,,,,,72019,00003,https://api.waterdata.usgs.gov/ogcapi/v0/collections/latest-daily/items?parameter_code=72019&statistic_id=00003&limit=10000&f=json
USGS-365458095213101,,,,,36.916190300206,-95.3588600684386,6.91,1982-10-19,Approved,,,,,,,72019,00003,https://api.waterdata.usgs.gov/ogcapi/v0/collections/latest-daily/items?parameter_code=72019&statistic_id=00003&limit=10000&f=json
USGS-365502095121801,,,,,36.9172974985454,-95.2052438629283,21.99,1983-05-05,Approved,,,,,,,72019,00003,https://api.waterdata.usgs.gov/ogcapi/v0/collections/latest-daily/items?parameter_code=72019&statistic_id=00003&limit=10000&f=json
USGS-365602112460201,,,,,36.93388888888889,-112.76722222222222,66.51,2026-08-26,Provisional,,,,,,,72019,00003,https://api.waterdata.usgs.gov/ogcapi/v0/collections/latest-daily/items?parameter_code=72019&statistic_id=00003&limit=10000&f=json
USGS-365634093542701,,,,,36.9427777777778,-93.9075,123.58,2017-07-09,Approved,DISCONTINUED,,,,,,72019,00003,https://api.waterdata.usgs.gov/ogcapi/v0/collections/latest-daily/items?parameter_code=72019&statistic_id=00003&limit=10000&f=json
USGS-365705116424201,,,,,36.9514083333333,-116.712552777778,24.28,2026-07-06,Provisional,,,,,,,72019,00003,https://api.waterdata.usgs.gov/ogcapi/v0/collections/latest-daily/items?parameter_code=72019&statistic_id=00003&limit=10000&f=json
USGS-365732094513201,,,,,36.9595126461709,-94.8577305064219,-261.85,2004-10-11,Approved,,,,,,,72019,00003,https://api.waterdata.usgs.gov/ogcapi/v0/collections/latest-daily/items?parameter_code=72019&statistic_id=00003&limit=10000&f=json
USGS-365942094504203,,,,,36.995,-94.845,30.55,2023-10-23,Approved,,,,,,,72019,00003,https://api.waterdata.usgs.gov/ogcapi/v0/collections/latest-daily/items?parameter_code=72019&statistic_id=00003&limit=10000&f=json
USGS-365956116421601,,,,,36.9988638888889,-116.705180555556,61.51,2024-08-20,Provisional,,,,,,,72019,00003,https://api.waterdata.usgs.gov/ogcapi/v0/collections/latest-daily/items?parameter_code=72019&statistic_id=00003&limit=10000&f=json
USGS-365956116421603,,,,,36.9988638888889,-116.705297222222,61.37,2024-08-20,Provisional,,,,,,,72019,00003,https://api.waterdata.usgs.gov/ogcapi/v0/collections/latest-daily/items?parameter_code=72019&statistic_id=00003&limit=10000&f=json
USGS-370003091205301,,,,,37.0009722222222,-91.3481111111111,410.43,2014-06-29,Approved,,,,,,,72019,00003,https://api.waterdata.usgs.gov/ogcapi/v0/collections/latest-daily/items?parameter_code=72019&statistic_id=00003&limit=10000&f=json
USGS-370039116432401,,,,,37.0107772147732,-116.724227939249,2.18,2000-01-31,Approved,,,,,,,72019,00003,https://api.waterdata.usgs.gov/ogcapi/v0/collections/latest-daily/items?parameter_code=72019&statistic_id=00003&limit=10000&f=json
USGS-370113116434901,,,,,37.0202212913956,-116.731172756421,-1.59,1998-12-15,Approved,,,,,,,72019,00003,https://api.waterdata.usgs.gov/ogcapi/v0/collections/latest-daily/items?parameter_code=72019&statistic_id=00003&limit=10000&f=json
USGS-370113116434902,,,,,37.0202212913956,-116.731172756421,-0.02,1998-12-15,Approved,,,,,,,72019,00003,https://api.waterdata.usgs.gov/ogcapi/v0/collections/latest-daily/items?parameter_code=72019&statistic_id=00003&limit=10000&f=json
USGS-370113116435301,,,,,37.0202212725235,-116.732283894476,3.48,1997-12-13,Approved,,,,,,,72019,00003,https://api.waterdata.usgs.gov/ogcapi/v0/collections/latest-daily/items?parameter_code=72019&statistic_id=00003&limit=10000&f=json
USGS-370210116421501,,,,,37.0360583333333,-116.704916666667,28.43,2024-08-20,Provisional,,,,,,,72019,00003,https://api.waterdata.usgs.gov/ogcapi/v0/collections/latest-daily/items?parameter_code=72019&statistic_id=00003&limit=10000&f=json
USGS-370246116461901,,,,,37.0460861111111,-116.772813888889,31.86,2026-07-06,Provisional,,,,,,,72019,00003,https://api.waterdata.usgs.gov/ogcapi/v0/collections/latest-daily/items?parameter_code=72019&statistic_id=00003&limit=10000&f=json
USGS-370320116012001,,,,,37.0594333185503,-116.023232101859,1620.4,1996-07-03,Approved,,,,,,,72019,00003,https://api.waterdata.usgs.gov/ogcapi/v0/collections/latest-daily/items?parameter_code=72019&statistic_id=00003&limit=10000&f=json
USGS-370353116020201,,,,,37.0648165547937,-116.034643797402,1645.64,2022-03-16,Approved,,,,,,,72019,00003,https://api.waterdata.usgs.gov/ogcapi/v0/collections/latest-daily/items?parameter_code=72019&statistic_id=00003&limit=10000&f=json
USGS-370411116025910,,,,,37.0695553023572,-116.050558466106,1166.03,1996-06-25,Approved,,,,,,,72019,00003,https://api.waterdata.usgs.gov/ogcapi/v0/collections/latest-daily/items?parameter_code=72019&statistic_id=00003&limit=10000&f=json
USGS-370411116025911,,,,,37.0695553023572,-116.050558466106,1368.26,1996-08-18,Approved,,,,,,,72019,00003,https://api.waterdata.usgs.gov/ogcapi/v0/collections/latest-daily/items?parameter_code=72019&statistic_id=00003&limit=10000&f=json
USGS-370411116025912,,,,,37.0695553023824,-116.050555688202,1550.5,1996-08-18,Approved,,,,,,,72019,00003,https://api.waterdata.usgs.gov/ogcapi/v0/collections/latest-daily/items?parameter_code=72019&statistic_id=00003&limit=10000&f=json
USGS-370504116335201,,,,,37.0844951235349,-116.56545330147,1016.39,2024-10-08,Provisional,ESTIMATED,,,,,,72019,00003,https://api.waterdata.usgs.gov/ogcapi/v0/collections/latest-daily/items?parameter_code=72019&statistic_id=00003&limit=10000&f=json
USGS-370504116404901,,,,,37.0843583333333,-116.681216666667,17.5,2024-08-20,Provisional,,,,,,,72019,00003,https://api.waterdata.usgs.gov/ogcapi/v0/collections/latest-daily/items?parameter_code=72019&statistic_id=00003&limit=10000&f=json
USGS-370504116404903,,,,,37.0843222222222,-116.681322222222,18.17,2026-07-06,Provisional,,,,,,,72019,00003,https://api.waterdata.usgs.gov/ogcapi/v0/collections/latest-daily/items?parameter_code=72019&statistic_id=00003&limit=10000&f=json
USGS-370556116025405,,,,,37.098877542968,-116.049128164618,327.09,1995-07-04,Approved,,,,,,,72019,00003,https://api.waterdata.usgs.gov/ogcapi/v0/collections/latest-daily/items?parameter_code=72019&statistic_id=00003&limit=10000&f=json
USGS-370556116025406,,,,,37.098877542968,-116.049128164618,1184.91,1995-05-14,Approved,,,,,,,72019,00003,https://api.waterdata.usgs.gov/ogcapi/v0/collections/latest-daily/items?parameter_code=72019&statistic_id=00003&limit=10000&f=json
USGS-370610116375301,,,,,37.1027906019624,-116.632174800574,322.26,2024-08-20,Provisional,,,,,,,72019,00003,https://api.waterdata.usgs.gov/ogcapi/v0/collections/latest-daily/items?parameter_code=72019&statistic_id=00003&limit=10000&f=json
USGS-370806116264001,,,,,37.134705555555556,-116.44559444444445,1363.37,2026-08-03,Provisional,,,,,,,72019,00003,https://api.waterdata.usgs.gov/ogcapi/v0/collections/latest-daily/items?parameter_code=72019&statistic_id=00003&limit=10000&f=json
USGS-370825116302402,,,,,37.140181421892,-116.511486290398,1022.78,2015-09-29,Approved,,,,,,,72019,00003,https://api.waterdata.usgs.gov/ogcapi/v0/collections/latest-daily/items?parameter_code=72019&statistic_id=00003&limit=10000&f=json
USGS-370831116080701,,,,,37.1419682611166,-116.136093556019,1446.54,1998-12-01,Approved,,,,,,,72019,00003,https://api.waterdata.usgs.gov/ogcapi/v0/collections/latest-daily/items?parameter_code=72019&statistic_id=00003&limit=10000&f=json
USGS-370852116340502,,,,,37.1449383700543,-116.568271198955,754.88,2015-06-16,Approved,,,,,,,72019,00003,https://api.waterdata.usgs.gov/ogcapi/v0/collections/latest-daily/items?parameter_code=72019&statistic_id=00003&limit=10000&f=json
USGS-370935116375302,,,,,37.1588060423383,-116.631953703413,748.55,2015-09-30,Approved,,,,,,,72019,00003,https://api.waterdata.usgs.gov/ogcapi/v0/collections/latest-daily/items?parameter_code=72019&statistic_id=00003&limit=10000&f=json
USGS-371010116325402,,,,,37.16931854581636,-116.54918074166812,1010.37,2015-09-29,Approved,,,,,,,72019,00003,https://api.waterdata.usgs.gov/ogcapi/v0/collections/latest-daily/items?parameter_code=72019&statistic_id=00003&limit=10000&f=json
USGS-371010116325403,,,,,37.1693133720082,-116.549193381539,1010.45,2015-08-18,Approved,,,,,,,72019,00003,https://api.waterdata.usgs.gov/ogcapi/v0/collections/latest-daily/items?parameter_code=72019&statistic_id=00003&limit=10000&f=json
USGS-371010116325404,,,,,37.1693133720082,-116.549193381539,1010.51,2015-09-29,Approved,,,,,,,72019,00003,https://api.waterdata.usgs.gov/ogcapi/v0/collections/latest-daily/items?parameter_code=72019&statistic_id=00003&limit=10000&f=json
USGS-371024116293102,,,,,37.173236867546,-116.492883423503,1359.42,2015-09-29,Approved,,,,,,,72019,00003,https://api.waterdata.usgs.gov/ogcapi/v0/collections/latest-daily/items?parameter_code=72019&statistic_id=00003&limit=10000&f=json
USGS-371024116293103,,,,,37.173236867546,-116.492883423503,1360.82,2015-09-29,Approved,,,,,,,72019,00003,https://api.waterdata.usgs.gov/ogcapi/v0/collections/latest-daily/items?parameter_code=72019&statistic_id=00003&limit=10000&f=json
USGS-371024116293104,,,,,37.173236867546,-116.492883423503,1362.5,2026-08-03,Provisional,,,,,,,72019,00003,https://api.waterdata.usgs.gov/ogcapi/v0/collections/latest-daily/items?parameter_code=72019&statistic_id=00003&limit=10000&f=json
USGS-371110116310502,,,,,37.1860832702857,-116.519045666454,1186.9,2015-09-29,Approved,,,,,,,72019,00003,https://api.waterdata.usgs.gov/ogcapi/v0/collections/latest-daily/items?parameter_code=72019&statistic_id=00003&limit=10000&f=json
USGS-371110116310503,,,,,37.1860832702857,-116.519045666454,1188.52,2015-06-02,Approved,,,,,,,72019,00003,https://api.waterdata.usgs.gov/ogcapi/v0/collections/latest-daily/items?parameter_code=72019&statistic_id=00003&limit=10000&f=json
USGS-371110116310504,,,,,37.1860832702857,-116.519045666454,1190.71,2015-09-30,Approved,,,,,,,72019,00003,https://api.waterdata.usgs.gov/ogcapi/v0/collections/latest-daily/items?parameter_code=72019&statistic_id=00003&limit=10000&f=json
USGS-371120116294804,,,,,37.1887170872945,-116.497575609327,1425.76,2015-09-30,Approved,,,,,,,72019,00003,https://api.waterdata.usgs.gov/ogcapi/v0/collections/latest-daily/items?parameter_code=72019&statistic_id=00003&limit=10000&f=json
USGS-371120116294805,,,,,37.1887170872945,-116.497575609327,1425.52,2015-09-30,Approved,,,,,,,72019,00003,https://api.waterdata.usgs.gov/ogcapi/v0/collections/latest-daily/items?parameter_code=72019&statistic_id=00003&limit=10000&f=json
USGS-371135116282602,,,,,37.1930313942022,-116.474866164563,1666.71,2014-09-29,Approved,,,,,,,72019,00003,https://api.waterdata.usgs.gov/ogcapi/v0/collections/latest-daily/items?parameter_code=72019&statistic_id=00003&limit=10000&f=json
USGS-371135116282603,,,,,37.1930313942022,-116.474866164563,1666.36,2014-09-29,Approved,,,,,,,72019,00003,https://api.waterdata.usgs.gov/ogcapi/v0/collections/latest-daily/items?parameter_code=72019&statistic_id=00003&limit=10000&f=json
USGS-371135116282604,,,,,37.1930313942022,-116.474866164563,1667.12,2014-09-29,Approved,,,,,,,72019,00003,https://api.waterdata.usgs.gov/ogcapi/v0/collections/latest-daily/items?parameter_code=72019&statistic_id=00003&limit=10000&f=json
USGS-371135116282701,,,,,37.192970280718,-116.47501894931,1667.58,2012-04-06,Approved,,,,,,,72019,00003,https://api.waterdata.usgs.gov/ogcapi/v0/collections/latest-daily/items?parameter_code=72019&statistic_id=00003&limit=10000&f=json
USGS-371143116262503,,,,,37.1953487499086,-116.441161657404,1521.35,2015-07-12,Approved,,,,,,,72019,00003,https://api.waterdata.usgs.gov/ogcapi/v0/collections/latest-daily/items?parameter_code=72019&statistic_id=00003&limit=10000&f=json
USGS-371143116262504,,,,,37.1953487499086,-116.441161657404,1521.28,2015-07-12,Approved,,,,,,,72019,00003,https://api.waterdata.usgs.gov/ogcapi/v0/collections/latest-daily/items?parameter_code=72019&statistic_id=00003&limit=10000&f=json
USGS-371146116290301,,,,,37.1960700197908,-116.485072307163,1655.11,2015-09-29,Approved,,,,,,,72019,00003,https://api.waterdata.usgs.gov/ogcapi/v0/collections/latest-daily/items?parameter_code=72019&statistic_id=00003&limit=10000&f=json
USGS-371151116294102,,,,,37.1974919929832,-116.495650665754,1477.01,2017-02-15,Approved,,,,,,,72019,00003,https://api.waterdata.usgs.gov/ogcapi/v0/collections/latest-daily/items?parameter_code=72019&statistic_id=00003&limit=10000&f=json
USGS-371151116294103,,,,,37.1974919929832,-116.495650665754,1477.2,2017-02-15,Approved,,,,,,,72019,00003,https://api.waterdata.usgs.gov/ogcapi/v0/collections/latest-daily/items?parameter_code=72019&statistic_id=00003&limit=10000&f=json
USGS-371151116294104,,,,,37.1974919929832,-116.495650665754,1477.32,2015-09-29,Approved,,,,,,,72019,00003,https://api.waterdata.usgs.gov/ogcapi/v0/collections/latest-daily/items?parameter_code=72019&statistic_id=00003&limit=10000&f=json
USGS-371220094302401,,,,,37.2054166666667,-94.5066666666667,49.53,2016-10-04,Approved,,,,,,,72019,00003,https://api.waterdata.usgs.gov/ogcapi/v0/collections/latest-daily/items?parameter_code=72019&statistic_id=00003&limit=10000&f=json
USGS-371223116314701,,,,,37.2062576361011,-116.530632463848,1855.33,2015-09-29,Approved,,,,,,,72019,00003,https://api.waterdata.usgs.gov/ogcapi/v0/collections/latest-daily/items?parameter_code=72019&statistic_id=00003&limit=10000&f=json
USGS-371247116284502,,,,,37.2129893236578,-116.48000288583,2023.17,2016-09-29,Approved,,,,,,,72019,00003,https://api.waterdata.usgs.gov/ogcapi/v0/collections/latest-daily/items?parameter_code=72019&statistic_id=00003&limit=10000&f=json
USGS-371311116283801,,,,,37.219714267676,-116.478080675423,2051.29,2015-09-29,Approved,,,,,,,72019,00003,https://api.waterdata.usgs.gov/ogcapi/v0/collections/latest-daily/items?parameter_code=72019&statistic_id=00003&limit=10000&f=json
USGS-371312116283801,,,,,37.2199975971669,-116.478066790606,2052.19,2017-05-30,Approved,,,,,,,72019,00003,https://api.waterdata.usgs.gov/ogcapi/v0/collections/latest-daily/items?parameter_code=72019&statistic_id=00003&limit=10000&f=json
USGS-371321116292301,,,,,37.2224000164032,-116.492395380132,1988.99,2017-05-10,Approved,,,,,,,72019,00003,https://api.waterdata.usgs.gov/ogcapi/v0/collections/latest-daily/items?parameter_code=72019&statistic_id=00003&limit=10000&f=json
USGS-371421116333703,,,,,37.2390201257514,-116.561072804683,1456.5,2014-06-02,Approved,,,,,,,72019,00003,https://api.waterdata.usgs.gov/ogcapi/v0/collections/latest-daily/items?parameter_code=72019&statistic_id=00003&limit=10000&f=json
USGS-371425116251902,,,,,37.2402541431833,-116.422822447481,2040.36,2015-09-29,Approved,,,,,,,72019,00003,https://api.waterdata.usgs.gov/ogcapi/v0/collections/latest-daily/items?parameter_code=72019&statistic_id=00003&limit=10000&f=json
USGS-371533116251801,,,,,37.2591373504799,-116.422425171856,2015.4,1999-12-01,Approved,,,,,,,72019,00003,https://api.waterdata.usgs.gov/ogcapi/v0/collections/latest-daily/items?parameter_code=72019&statistic_id=00003&limit=10000&f=json
USGS-371558093181901,,,,,37.2988611111111,-93.3056388888889,144.49,2016-09-26,Approved,,,,,,,72019,00003,https://api.waterdata.usgs.gov/ogcapi/v0/collections/latest-daily/items?parameter_code=72019&statistic_id=00003&limit=10000&f=json
USGS-371714116230301,,,,,37.2872908993705,-116.385092147417,1984.29,2010-11-02,Approved,,,,,,,72019,00003,https://api.waterdata.usgs.gov/ogcapi/v0/collections/latest-daily/items?parameter_code=72019&statistic_id=00003&limit=10000&f=json
USGS-371910091081101,,,,,37.3194915067385,-91.1365177184452,48.37,2006-05-31,Approved,,,,,,,72019,00003,https://api.waterdata.usgs.gov/ogcapi/v0/collections/latest-daily/items?parameter_code=72019&statistic_id=00003&limit=10000&f=json
USGS-372022092542201,,,,,37.3397777777778,-92.9064166666667,235.1,2017-02-07,Approved,,,,,,,72019,00003,https://api.waterdata.usgs.gov/ogcapi/v0/collections/latest-daily/items?parameter_code=72019&statistic_id=00003&limit=10000&f=json
USGS-372106105241701,,,,,37.3517329023924,-105.405734026614,159.48,1984-09-29,Approved,,,,,,,72019,00003,https://api.waterdata.usgs.gov/ogcapi/v0/collections/latest-daily/items?parameter_code=72019&statistic_id=00003&limit=10000&f=json
USGS-372141105281101,,,,,37.3615655696657,-105.471012311671,26.17,1984-09-29,Approved,,,,,,,72019,00003,https://api.waterdata.usgs.gov/ogcapi/v0/collections/latest-daily/items?parameter_code=72019&statistic_id=00003&limit=10000&f=json
USGS-372146105235902,,,,,37.3627882156947,-105.400289344649,193.97,1984-09-29,Approved,,,,,,,72019,00003,https://api.waterdata.usgs.gov/ogcapi/v0/collections/latest-daily/items?parameter_code=72019&statistic_id=00003&limit=10000&f=json
USGS-372317105262801,,,,,37.388037294671,-105.442122808385,25.33,1984-09-29,Approved,,,,,,,72019,00003,https://api.waterdata.usgs.gov/ogcapi/v0/collections/latest-daily/items?parameter_code=72019&statistic_id=00003&limit=10000&f=json
USGS-372322081241501,,,,,37.3895083333333,-81.4040888888889,22.68,2026-08-27,Provisional,,,,,,,72019,00003,https://api.waterdata.usgs.gov/ogcapi/v0/collections/latest-daily/items?parameter_code=72019&statistic_id=00003&limit=10000&f=json
USGS-372608091063301,,,,,37.4356024833377,-91.1092946972243,140.18,2006-01-11,Approved,,,,,,,72019,00003,https://api.waterdata.usgs.gov/ogcapi/v0/collections/latest-daily/items?parameter_code=72019&statistic_id=00003&limit=10000&f=json
USGS-372639114520901,,,,,37.443666666666665,-114.86944444444444,0,2026-04-08,Provisional,DISCONTINUED,,,,,,72019,00003,https://api.waterdata.usgs.gov/ogcapi/v0/collections/latest-daily/items?parameter_code=72019&statistic_id=00003&limit=10000&f=json
USGS-372735105424201,,,,,37.4597282347286,-105.712239915312,-12.45,1999-09-30,Approved,,,,,,,72019,00003,https://api.waterdata.usgs.gov/ogcapi/v0/collections/latest-daily/items?parameter_code=72019&statistic_id=00003&limit=10000&f=json
USGS-372839105361001,,,,,37.4775061512792,-105.603348122482,-65.87,1999-09-30,Approved,,,,,,,72019,00003,https://api.waterdata.usgs.gov/ogcapi/v0/collections/latest-daily/items?parameter_code=72019&statistic_id=00003&limit=10000&f=json
USGS-373234080320101,,,,,37.5428888888889,-80.5335,83.97,2026-08-27,Provisional,,,,,,,72019,00003,https://api.waterdata.usgs.gov/ogcapi/v0/collections/latest-daily/items?parameter_code=72019&statistic_id=00003&limit=10000&f=json
USGS-373307091074001,,,,,37.5519909908522,-91.1279077282929,379.96,2006-09-29,Approved,,,,,,,72019,00003,https://api.waterdata.usgs.gov/ogcapi/v0/collections/latest-daily/items?parameter_code=72019&statistic_id=00003&limit=10000&f=json
USGS-373343105381501,,,,,37.5619485771696,-105.63807113395,-1.15,1984-09-29,Approved,,,,,,,72019,00003,https://api.waterdata.usgs.gov/ogcapi/v0/collections/latest-daily/items?parameter_code=72019&statistic_id=00003&limit=10000&f=json
USGS-373435105363601,,,,,37.5763928727991,-105.610570343517,-5.36,1997-09-30,Approved,,,,,,,72019,00003,https://api.waterdata.usgs.gov/ogcapi/v0/collections/latest-daily/items?parameter_code=72019&statistic_id=00003&limit=10000&f=json
USGS-373508105375702,,,,,37.5855592363394,-105.633070948152,-1.42,1999-09-30,Approved,,,,,,,72019,00003,https://api.waterdata.usgs.gov/ogcapi/v0/collections/latest-daily/items?parameter_code=72019&statistic_id=00003&limit=10000&f=json
USGS-373628091064801,,,,,37.6078242385192,-91.1134642517059,118.37,2006-01-11,Approved,,,,,,,72019,00003,https://api.waterdata.usgs.gov/ogcapi/v0/collections/latest-daily/items?parameter_code=72019&statistic_id=00003&limit=10000&f=json
USGS-373643113415301,,,,,37.6119191460294,-113.698854804054,181.47,1989-03-05,Approved,ESTIMATED,,,,,,72019,00003,https://api.waterdata.usgs.gov/ogcapi/v0/collections/latest-daily/items?parameter_code=72019&statistic_id=00003&limit=10000&f=json
USGS-373712105422401,,,,,37.6200025932122,-105.707239604483,-2.54,1999-09-30,Approved,,,,,,,72019,00003,https://api.waterdata.usgs.gov/ogcapi/v0/collections/latest-daily/items?parameter_code=72019&statistic_id=00003&limit=10000&f=json
USGS-373818118515001,,,,,37.6382670917305,-118.864853532181,9.11,2002-09-29,Approved,,,,,,,72019,00003,https://api.waterdata.usgs.gov/ogcapi/v0/collections/latest-daily/items?parameter_code=72019&statistic_id=00003&limit=10000&f=json
USGS-373839081255201,,,,,37.6441666666667,-81.4311111111111,27.28,2026-08-27,Provisional,,,,,,,72019,00003,https://api.waterdata.usgs.gov/ogcapi/v0/collections/latest-daily/items?parameter_code=72019&statistic_id=00003&limit=10000&f=json
USGS-373849118513001,,,,,37.6468779896938,-118.859298233024,9.4,2002-09-29,Approved,,,,,,,72019,00003,https://api.waterdata.usgs.gov/ogcapi/v0/collections/latest-daily/items?parameter_code=72019&statistic_id=00003&limit=10000&f=json
USGS-373855105490901,,,,,37.6486126894069,-105.819742279284,3.79,1984-09-29,Approved,,,,,,,72019,00003,https://api.waterdata.usgs.gov/ogcapi/v0/collections/latest-daily/items?parameter_code=72019&statistic_id=00003&limit=10000&f=json
USGS-373855105490902,,,,,37.6486126894069,-105.819742279284,-9.45,1997-09-30,Approved,,,,,,,72019,00003,https://api.waterdata.usgs.gov/ogcapi/v0/collections/latest-daily/items?parameter_code=72019&statistic_id=00003&limit=10000&f=json
USGS-373924118571201,,,,,37.6566011701569,-118.954856938946,435.18,1994-06-21,Approved,,,,,,,72019,00003,https://api.waterdata.usgs.gov/ogcapi/v0/collections/latest-daily/items?parameter_code=72019&statistic_id=00003&limit=10000&f=json
USGS-373930118491602,,,,,37.6582662730008,-118.822075447524,75.99,2010-12-13,Approved,,,,,,,72019,00003,https://api.waterdata.usgs.gov/ogcapi/v0/collections/latest-daily/items?parameter_code=72019&statistic_id=00003&limit=10000&f=json
USGS-374012105410401,,,,,37.67113888888888,-105.68488888888889,6.99,2026-08-27,Provisional,,,,,,,72019,00003,https://api.waterdata.usgs.gov/ogcapi/v0/collections/latest-daily/items?parameter_code=72019&statistic_id=00003&limit=10000&f=json
USGS-374041105475801,,,,,37.6780566278975,-105.800019552978,-5.91,1999-09-30,Approved,,,,,,,72019,00003,https://api.waterdata.usgs.gov/ogcapi/v0/collections/latest-daily/items?parameter_code=72019&statistic_id=00003&limit=10000&f=json
USGS-374041105475802,,,,,37.6780566278975,-105.800019552978,-6.99,1999-09-30,Approved,,,,,,,72019,00003,https://api.waterdata.usgs.gov/ogcapi/v0/collections/latest-daily/items?parameter_code=72019&statistic_id=00003&limit=10000&f=json
USGS-374048118543001,,,,,37.6799334625772,-118.909301455437,476.97,2002-09-29,Approved,,,,,,,72019,00003,https://api.waterdata.usgs.gov/ogcapi/v0/collections/latest-daily/items?parameter_code=72019&statistic_id=00003&limit=10000&f=json
USGS-374151085413201,,,,,37.697564513398596,-85.69217640307734,104.26,2024-05-14,Approved,,,,,,,72019,00003,https://api.waterdata.usgs.gov/ogcapi/v0/collections/latest-daily/items?parameter_code=72019&statistic_id=00003&limit=10000&f=json
USGS-374215114453101,,,,,37.702333,-114.758278,393.69,2026-04-08,Approved,DISCONTINUED,,,,,,72019,00003,https://api.waterdata.usgs.gov/ogcapi/v0/collections/latest-daily/items?parameter_code=72019&statistic_id=00003&limit=10000&f=json
USGS-374223105522901,,,,,37.7063892989967,-105.875298875383,-9.42,1999-09-30,Approved,,,,,,,72019,00003,https://api.waterdata.usgs.gov/ogcapi/v0/collections/latest-daily/items?parameter_code=72019&statistic_id=00003&limit=10000&f=json
USGS-374223105522902,,,,,37.7063892989967,-105.875298875383,-17.99,1999-09-30,Approved,,,,,,,72019,00003,https://api.waterdata.usgs.gov/ogcapi/v0/collections/latest-daily/items?parameter_code=72019&statistic_id=00003&limit=10000&f=json
USGS-374224105493901,,,,,37.7066671463993,-105.828075641504,12.46,1984-09-29,Approved,,,,,,,72019,00003,https://api.waterdata.usgs.gov/ogcapi/v0/collections/latest-daily/items?parameter_code=72019&statistic_id=00003&limit=10000&f=json
USGS-374224105493902,,,,,37.7066671463993,-105.828075641504,-18.8,1997-09-30,Approved,,,,,,,72019,00003,https://api.waterdata.usgs.gov/ogcapi/v0/collections/latest-daily/items?parameter_code=72019&statistic_id=00003&limit=10000&f=json
USGS-374252091065401,,,,,37.7144906023334,-91.1151336719575,71.74,2006-09-29,Approved,,,,,,,72019,00003,https://api.waterdata.usgs.gov/ogcapi/v0/collections/latest-daily/items?parameter_code=72019&statistic_id=00003&limit=10000&f=json
USGS-374407105511601,,,,,37.7352777041747,-105.855020578064,9.41,1984-09-29,Approved,,,,,,,72019,00003,https://api.waterdata.usgs.gov/ogcapi/v0/collections/latest-daily/items?parameter_code=72019&statistic_id=00003&limit=10000&f=json
USGS-374407105511602,,,,,37.7352777041747,-105.855020578064,8.67,1984-09-29,Approved,,,,,,,72019,00003,https://api.waterdata.usgs.gov/ogcapi/v0/collections/latest-daily/items?parameter_code=72019&statistic_id=00003&limit=10000&f=json
USGS-374515090255601,,,,,37.7540233524697,-90.4328172614343,63,2011-12-12,Approved,,,,,,,72019,00003,https://api.waterdata.usgs.gov/ogcapi/v0/collections/latest-daily/items?parameter_code=72019&statistic_id=00003&limit=10000&f=json
USGS-374549105540201,,,,,37.7636107299527,-105.901132281766,7.26,1984-09-29,Approved,,,,,,,72019,00003,https://api.waterdata.usgs.gov/ogcapi/v0/collections/latest-daily/items?parameter_code=72019&statistic_id=00003&limit=10000&f=json
USGS-374549105540202,,,,,37.7636107299527,-105.901132281766,-10.24,1997-09-30,Approved,,,,,,,72019,00003,https://api.waterdata.usgs.gov/ogcapi/v0/collections/latest-daily/items?parameter_code=72019&statistic_id=00003&limit=10000&f=json
USGS-374736105522101,,,,,37.7933329111053,-105.873075415238,6.47,1984-09-29,Approved,,,,,,,72019,00003,https://api.waterdata.usgs.gov/ogcapi/v0/collections/latest-daily/items?parameter_code=72019&statistic_id=00003&limit=10000&f=json
USGS-374736105522102,,,,,37.7933329111053,-105.873075415238,4.32,1984-09-29,Approved,,,,,,,72019,00003,https://api.waterdata.usgs.gov/ogcapi/v0/collections/latest-daily/items?parameter_code=72019&statistic_id=00003&limit=10000&f=json
USGS-374921105532802,,,,,37.8224995314558,-105.891686212687,8.53,1984-09-29,Approved,,,,,,,72019,00003,https://api.waterdata.usgs.gov/ogcapi/v0/collections/latest-daily/items?parameter_code=72019&statistic_id=00003&limit=10000&f=json
USGS-375123105512201,,,,,37.8563883457797,-105.856684644346,-15.86,1999-09-30,Approved,,,,,,,72019,00003,https://api.waterdata.usgs.gov/ogcapi/v0/collections/latest-daily/items?parameter_code=72019&statistic_id=00003&limit=10000&f=json
USGS-375123105512202,,,,,37.8563883457797,-105.856684644346,-11.42,1999-09-30,Approved,,,,,,,72019,00003,https://api.waterdata.usgs.gov/ogcapi/v0/collections/latest-daily/items?parameter_code=72019&statistic_id=00003&limit=10000&f=json
USGS-375258105533801,,,,,37.8827772185563,-105.894462590029,-17.91,1997-09-30,Approved,,,,,,,72019,00003,https://api.waterdata.usgs.gov/ogcapi/v0/collections/latest-daily/items?parameter_code=72019&statistic_id=00003&limit=10000&f=json
USGS-375356105575401,,,,,37.8988883836313,-105.965574841763,-7.73,1999-09-30,Approved,,,,,,,72019,00003,https://api.waterdata.usgs.gov/ogcapi/v0/collections/latest-daily/items?parameter_code=72019&statistic_id=00003&limit=10000&f=json
USGS-375356105575402,,,,,37.8988883836313,-105.965574841763,-8.21,1999-09-30,Approved,,,,,,,72019,00003,https://api.waterdata.usgs.gov/ogcapi/v0/collections/latest-daily/items?parameter_code=72019&statistic_id=00003&limit=10000&f=json
USGS-375406087105401,,,,,37.9016666666667,-87.1816666666667,2.18,2025-02-23,Provisional,,,,,,,72019,00003,https://api.waterdata.usgs.gov/ogcapi/v0/collections/latest-daily/items?parameter_code=72019&statistic_id=00003&limit=10000&f=json
USGS-375539105574801,,,,,37.9274994714862,-105.963907454401,6.15,1984-09-29,Approved,,,,,,,72019,00003,https://api.waterdata.usgs.gov/ogcapi/v0/collections/latest-daily/items?parameter_code=72019&statistic_id=00003&limit=10000&f=json
USGS-375539105574802,,,,,37.9274994714862,-105.963907454401,6.05,1984-09-20,Approved,,,,,,,72019,00003,https://api.waterdata.usgs.gov/ogcapi/v0/collections/latest-daily/items?parameter_code=72019&statistic_id=00003&limit=10000&f=json
USGS-375733105581901,,,,,37.9591661296766,-105.972517994973,-9.99,1997-09-30,Approved,,,,,,,72019,00003,https://api.waterdata.usgs.gov/ogcapi/v0/collections/latest-daily/items?parameter_code=72019&statistic_id=00003&limit=10000&f=json
USGS-375833082212101,,,,,37.9756861111111,-82.3555777777778,29.99,2026-08-27,Provisional,,,,,,,72019,00003,https://api.waterdata.usgs.gov/ogcapi/v0/collections/latest-daily/items?parameter_code=72019&statistic_id=00003&limit=10000&f=json
USGS-375907091432201,,,,,37.9861528516731,-91.7229353213544,317.92,2020-08-30,Approved,,,,,,,72019,00003,https://api.waterdata.usgs.gov/ogcapi/v0/collections/latest-daily/items?parameter_code=72019&statistic_id=00003&limit=10000&f=json
USGS-375920092463001,,,,,37.9888611111111,-92.7748333333333,9.14,2016-09-25,Approved,,,,,,,72019,00003,https://api.waterdata.usgs.gov/ogcapi/v0/collections/latest-daily/items?parameter_code=72019&statistic_id=00003&limit=10000&f=json
USGS-375928084362001,,,,,37.99117039476345,-84.60547498727554,0,2024-05-16,Provisional,DISCONTINUED,,,,,,72019,00003,https://api.waterdata.usgs.gov/ogcapi/v0/collections/latest-daily/items?parameter_code=72019&statistic_id=00003&limit=10000&f=json
USGS-375930094222001,,,,,37.9919166666667,-94.3671388888889,5.65,2016-04-26,Approved,DISCONTINUED,,,,,,72019,00003,https://api.waterdata.usgs.gov/ogcapi/v0/collections/latest-daily/items?parameter_code=72019&statistic_id=00003&limit=10000&f=json
USGS-375941085580901,,,,,37.9947947829598,-85.9691306016949,36.98,2013-03-06,Approved,,,,,,,72019,00003,https://api.waterdata.usgs.gov/ogcapi/v0/collections/latest-daily/items?parameter_code=72019&statistic_id=00003&limit=10000&f=json
USGS-375944085591002,,,,,37.995628572684,-85.9860753351609,38,2018-05-08,Approved,,,,,,,72019,00003,https://api.waterdata.usgs.gov/ogcapi/v0/collections/latest-daily/items?parameter_code=72019&statistic_id=00003&limit=10000&f=json
USGS-380009102350300,,,,,38.0028055555556,-102.584416666667,56.65,2001-09-29,Approved,,,,,,,72019,00003,https://api.waterdata.usgs.gov/ogcapi/v0/collections/latest-daily/items?parameter_code=72019&statistic_id=00003&limit=10000&f=json
USGS-380527075124101,,,,,38.0908027777778,-75.2114083333333,0.47,2018-06-24,Approved,,,,,,,72019,00003,https://api.waterdata.usgs.gov/ogcapi/v0/collections/latest-daily/items?parameter_code=72019&statistic_id=00003&limit=10000&f=json
USGS-380527075124102,,,,,38.0908027777778,-75.2114083333333,0.54,2018-06-24,Approved,,,,,,,72019,00003,https://api.waterdata.usgs.gov/ogcapi/v0/collections/latest-daily/items?parameter_code=72019&statistic_id=00003&limit=10000&f=json
USGS-380528075124301,,,,,38.0911833333333,-75.2118111111111,1.06,2018-06-24,Approved,,,,,,,72019,00003,https://api.waterdata.usgs.gov/ogcapi/v0/collections/latest-daily/items?parameter_code=72019&statistic_id=00003&limit=10000&f=json
USGS-380531114534201,,,,,38.091972222222225,-114.90488888888889,0,2026-04-06,Provisional,DISCONTINUED,,,,,,72019,00003,https://api.waterdata.usgs.gov/ogcapi/v0/collections/latest-daily/items?parameter_code=72019&statistic_id=00003&limit=10000&f=json
USGS-380616075380701,,,,,38.105222,-75.636278,6.1,2026-08-27,Provisional,,,,,,,72019,00003,https://api.waterdata.usgs.gov/ogcapi/v0/collections/latest-daily/items?parameter_code=72019&statistic_id=00003&limit=10000&f=json
USGS-380626087344401,,,,,38.1072654061947,-87.5789076532986,23.08,2026-08-26,Provisional,,,,,,,72019,00003,https://api.waterdata.usgs.gov/ogcapi/v0/collections/latest-daily/items?parameter_code=72019&statistic_id=00003&limit=10000&f=json
USGS-380758115204601,,,,,38.1374509098542,-115.339748179326,795.26,2026-08-26,Provisional,,,,,,,72019,00003,https://api.waterdata.usgs.gov/ogcapi/v0/collections/latest-daily/items?parameter_code=72019&statistic_id=00003&limit=10000&f=json
USGS-380906116050502,,,,,38.151667,-116.087833,238.77,2026-08-26,Provisional,,,,,,,72019,00003,https://api.waterdata.usgs.gov/ogcapi/v0/collections/latest-daily/items?parameter_code=72019&statistic_id=00003&limit=10000&f=json
USGS-381239119165601,,,,,38.2109194444444,-119.282161111111,10.25,2016-10-04,Approved,,,,,,,72019,00003,https://api.waterdata.usgs.gov/ogcapi/v0/collections/latest-daily/items?parameter_code=72019&statistic_id=00003&limit=10000&f=json
USGS-381302119183401,,,,,38.2171,-119.309319444444,35.43,2016-09-25,Approved,,,,,,,72019,00003,https://api.waterdata.usgs.gov/ogcapi/v0/collections/latest-daily/items?parameter_code=72019&statistic_id=00003&limit=10000&f=json
USGS-381407119132401,,,,,38.2352805555556,-119.223269444444,4.11,2016-10-04,Approved,,,,,,,72019,00003,https://api.waterdata.usgs.gov/ogcapi/v0/collections/latest-daily/items?parameter_code=72019&statistic_id=00003&limit=10000&f=json
USGS-381641093214601,,,,,38.2779722222222,-93.3627777777778,8.2,2016-11-27,Approved,,,,,,,72019,00003,https://api.waterdata.usgs.gov/ogcapi/v0/collections/latest-daily/items?parameter_code=72019&statistic_id=00003&limit=10000&f=json
USGS-381804075063402,,,,,38.3013361111111,-75.1095111111111,0.42,2020-04-05,Approved,,,,,,,72019,00003,https://api.waterdata.usgs.gov/ogcapi/v0/collections/latest-daily/items?parameter_code=72019&statistic_id=00003&limit=10000&f=json
USGS-381805075063502,,,,,38.3015,-75.1098611111111,6.23,2020-04-05,Approved,,,,,,,72019,00003,https://api.waterdata.usgs.gov/ogcapi/v0/collections/latest-daily/items?parameter_code=72019&statistic_id=00003&limit=10000&f=json
USGS-381806075063201,,,,,38.3016555555556,-75.1087527777778,0.58,2020-04-05,Approved,,,,,,,72019,00003,https://api.waterdata.usgs.gov/ogcapi/v0/collections/latest-daily/items?parameter_code=72019&statistic_id=00003&limit=10000&f=json
USGS-381806075063301,,,,,38.3017388888889,-75.1092833333333,1.15,2020-04-05,Approved,,,,,,,72019,00003,https://api.waterdata.usgs.gov/ogcapi/v0/collections/latest-daily/items?parameter_code=72019&statistic_id=00003&limit=10000&f=json
USGS-381956076275301,,,,,38.332361,-76.464611,159.48,2026-08-27,Provisional,,,,,,,72019,00003,https://api.waterdata.usgs.gov/ogcapi/v0/collections/latest-daily/items?parameter_code=72019&statistic_id=00003&limit=10000&f=json
USGS-381957085383301,,,,,38.33269353812485,-85.6423688582275,37.96,2026-08-12,Provisional,,,,,,,72019,00003,https://api.waterdata.usgs.gov/ogcapi/v0/collections/latest-daily/items?parameter_code=72019&statistic_id=00003&limit=10000&f=json
USGS-381957085383401,,,,,38.332499096691265,-85.64264664501293,45.83,2026-08-10,Provisional,,,,,,,72019,00003,https://api.waterdata.usgs.gov/ogcapi/v0/collections/latest-daily/items?parameter_code=72019&statistic_id=00003&limit=10000&f=json
USGS-382000085383301,,,,,38.33327686275437,-85.64234107917845,35.87,2026-08-12,Provisional,,,,,,,72019,00003,https://api.waterdata.usgs.gov/ogcapi/v0/collections/latest-daily/items?parameter_code=72019&statistic_id=00003&limit=10000&f=json
USGS-382003085383201,,,,,38.33408240620515,-85.64209107065705,32.85,2026-08-12,Provisional,,,,,,,72019,00003,https://api.waterdata.usgs.gov/ogcapi/v0/collections/latest-daily/items?parameter_code=72019&statistic_id=00003&limit=10000&f=json
USGS-382006085383001,,,,,38.33508239113685,-85.6416743900128,33.8,2026-05-17,Provisional,,,,,,,72019,00003,https://api.waterdata.usgs.gov/ogcapi/v0/collections/latest-daily/items?parameter_code=72019&statistic_id=00003&limit=10000&f=json
USGS-382009085382901,,,,,38.33597126665966,-85.64136882410449,38.23,2026-05-17,Provisional,,,,,,,72019,00003,https://api.waterdata.usgs.gov/ogcapi/v0/collections/latest-daily/items?parameter_code=72019&statistic_id=00003&limit=10000&f=json
USGS-382011085382001,,,,,38.336488888888894,-85.63886111111111,29.51,2026-05-19,Provisional,,,,,,,72019,00003,https://api.waterdata.usgs.gov/ogcapi/v0/collections/latest-daily/items?parameter_code=72019&statistic_id=00003&limit=10000&f=json
USGS-382011085382901,,,,,38.33636014974456,-85.64134104518295,41.01,2026-08-12,Provisional,,,,,,,72019,00003,https://api.waterdata.usgs.gov/ogcapi/v0/collections/latest-daily/items?parameter_code=72019&statistic_id=00003&limit=10000&f=json
USGS-382012085382901,,,,,38.336693478056326,-85.64120215163466,46.85,2026-08-10,Provisional,,,,,,,72019,00003,https://api.waterdata.usgs.gov/ogcapi/v0/collections/latest-daily/items?parameter_code=72019&statistic_id=00003&limit=10000&f=json
USGS-382013085382201,,,,,38.33680833333334,-85.63948333333335,31.72,2026-05-19,Provisional,,,,,,,72019,00003,https://api.waterdata.usgs.gov/ogcapi/v0/collections/latest-daily/items?parameter_code=72019&statistic_id=00003&limit=10000&f=json
USGS-382013085382401,,,,,38.33705833333334,-85.64013055555556,36.34,2026-05-19,Provisional,,,,,,,72019,00003,https://api.waterdata.usgs.gov/ogcapi/v0/collections/latest-daily/items?parameter_code=72019&statistic_id=00003&limit=10000&f=json
USGS-382028085382201,,,,,38.34124896503059,-85.63936875669046,37.46,2026-02-16,Provisional,,,,,,,72019,00003,https://api.waterdata.usgs.gov/ogcapi/v0/collections/latest-daily/items?parameter_code=72019&statistic_id=00003&limit=10000&f=json
USGS-382030085382101,,,,,38.34163784802854,-85.63911874844139,42.42,2026-08-12,Provisional,,,,,,,72019,00003,https://api.waterdata.usgs.gov/ogcapi/v0/collections/latest-daily/items?parameter_code=72019&statistic_id=00003&limit=10000&f=json
USGS-382031085382001,,,,,38.34202673102675,-85.63886874019224,39.92,2026-08-10,Provisional,,,,,,,72019,00003,https://api.waterdata.usgs.gov/ogcapi/v0/collections/latest-daily/items?parameter_code=72019&statistic_id=00003&limit=10000&f=json
USGS-382034085381901,,,,,38.34280449713754,-85.63864651035264,35.88,2026-08-26,Provisional,,,,,,,72019,00003,https://api.waterdata.usgs.gov/ogcapi/v0/collections/latest-daily/items?parameter_code=72019&statistic_id=00003&limit=10000&f=json
USGS-382037085381101,,,,,38.34363781704633,-85.63614642987207,38.1,2026-08-10,Provisional,,,,,,,72019,00003,https://api.waterdata.usgs.gov/ogcapi/v0/collections/latest-daily/items?parameter_code=72019&statistic_id=00003&limit=10000&f=json
USGS-382038075065901,,,,,38.3439722222222,-75.1159166666667,5.71,2026-08-27,Provisional,,,,,,,72019,00003,https://api.waterdata.usgs.gov/ogcapi/v0/collections/latest-daily/items?parameter_code=72019&statistic_id=00003&limit=10000&f=json
USGS-382038085380701,,,,,38.343944444444446,-85.63514166666667,33.14,2026-05-20,Provisional,,,,,,,72019,00003,https://api.waterdata.usgs.gov/ogcapi/v0/collections/latest-daily/items?parameter_code=72019&statistic_id=00003&limit=10000&f=json
USGS-382039085375201,,,,,38.3442902591522,-85.6307949130331,47.95,2013-07-21,Approved,,,,,,,72019,00003,https://api.waterdata.usgs.gov/ogcapi/v0/collections/latest-daily/items?parameter_code=72019&statistic_id=00003&limit=10000&f=json
USGS-382039085381401,,,,,38.34407777777778,-85.63716111111111,35.49,2026-08-10,Provisional,,,,,,,72019,00003,https://api.waterdata.usgs.gov/ogcapi/v0/collections/latest-daily/items?parameter_code=72019&statistic_id=00003&limit=10000&f=json
USGS-382039085381801,,,,,38.34413781044699,-85.63820205081939,34.62,2026-05-20,Provisional,,,,,,,72019,00003,https://api.waterdata.usgs.gov/ogcapi/v0/collections/latest-daily/items?parameter_code=72019&statistic_id=00003&limit=10000&f=json
USGS-382041085381001,,,,,38.344636111111114,-85.63615,30.31,2026-05-26,Provisional,,,,,,,72019,00003,https://api.waterdata.usgs.gov/ogcapi/v0/collections/latest-daily/items?parameter_code=72019&statistic_id=00003&limit=10000&f=json
USGS-382042085381601,,,,,38.344971131153436,-85.6376464769516,40.54,2026-05-18,Provisional,,,,,,,72019,00003,https://api.waterdata.usgs.gov/ogcapi/v0/collections/latest-daily/items?parameter_code=72019&statistic_id=00003&limit=10000&f=json
USGS-382043085381401,,,,,38.345258333333334,-85.63711666666667,37.27,2026-05-26,Provisional,,,,,,,72019,00003,https://api.waterdata.usgs.gov/ogcapi/v0/collections/latest-daily/items?parameter_code=72019&statistic_id=00003&limit=10000&f=json
USGS-382043085381701,,,,,38.345526678545525,-85.63789648457855,42.1,2026-05-14,Provisional,,,,,,,72019,00003,https://api.waterdata.usgs.gov/ogcapi/v0/collections/latest-daily/items?parameter_code=72019&statistic_id=00003&limit=10000&f=json
USGS-382045085381601,,,,,38.345776674769326,-85.63775759108405,55.61,2026-05-18,Provisional,,,,,,,72019,00003,https://api.waterdata.usgs.gov/ogcapi/v0/collections/latest-daily/items?parameter_code=72019&statistic_id=00003&limit=10000&f=json
USGS-382051085380801,,,,,38.347221097032815,-85.63606309150863,28.72,2026-05-26,Provisional,,,,,,,72019,00003,https://api.waterdata.usgs.gov/ogcapi/v0/collections/latest-daily/items?parameter_code=72019&statistic_id=00003&limit=10000&f=json
USGS-382105085375101,,,,,38.35149880903238,-85.63078514214406,27.2,2026-05-17,Provisional,,,,,,,72019,00003,https://api.waterdata.usgs.gov/ogcapi/v0/collections/latest-daily/items?parameter_code=72019&statistic_id=00003&limit=10000&f=json
USGS-382154076574801,,,,,38.3641388888889,-76.9602777777778,94.62,2026-08-27,Provisional,,,,,,,72019,00003,https://api.waterdata.usgs.gov/ogcapi/v0/collections/latest-daily/items?parameter_code=72019&statistic_id=00003&limit=10000&f=json
USGS-382156085382401,,,,,38.3654444444444,-85.64,34.92,2026-08-26,Provisional,,,,,,,72019,00003,https://api.waterdata.usgs.gov/ogcapi/v0/collections/latest-daily/items?parameter_code=72019&statistic_id=00003&limit=10000&f=json
USGS-382215075041903,,,,,38.3709722222222,-75.07175,13.8,2026-08-27,Provisional,,,,,,,72019,00003,https://api.waterdata.usgs.gov/ogcapi/v0/collections/latest-daily/items?parameter_code=72019&statistic_id=00003&limit=10000&f=json
USGS-382305085381701,,,,,38.38472222222222,-85.63805555555557,38.65,2025-06-16,Provisional,,,,,,,72019,00003,https://api.waterdata.usgs.gov/ogcapi/v0/collections/latest-daily/items?parameter_code=72019&statistic_id=00003&limit=10000&f=json
USGS-382323086044501,,,,,38.3897852311445,-86.0791401845349,12.84,2026-08-26,Provisional,,,,,,,72019,00003,https://api.waterdata.usgs.gov/ogcapi/v0/collections/latest-daily/items?parameter_code=72019&statistic_id=00003&limit=10000&f=json
USGS-382323104200701,,,,,38.3896722222222,-104.335816666667,22.36,2026-08-27,Provisional,,,,,,,72019,00003,https://api.waterdata.usgs.gov/ogcapi/v0/collections/latest-daily/items?parameter_code=72019&statistic_id=00003&limit=10000&f=json
USGS-382325075063302,,,,,38.3908333333333,-75.1090555555556,9.77,2026-08-27,Provisional,,,,,,,72019,00003,https://api.waterdata.usgs.gov/ogcapi/v0/collections/latest-daily/items?parameter_code=72019&statistic_id=00003&limit=10000&f=json
USGS-382407076260301,,,,,38.402222,-76.434556,246.24,2026-08-27,Provisional,,,,,,,72019,00003,https://api.waterdata.usgs.gov/ogcapi/v0/collections/latest-daily/items?parameter_code=72019&statistic_id=00003&limit=10000&f=json
USGS-382427107491401,,,,,38.4075,-107.820555555556,4.77,2024-06-26,Provisional,,,,,,,72019,00003,https://api.waterdata.usgs.gov/ogcapi/v0/collections/latest-daily/items?parameter_code=72019&statistic_id=00003&limit=10000&f=json
USGS-382443075033501,,,,,38.4127777777778,-75.05975,15.23,2026-08-27,Provisional,,,,,,,72019,00003,https://api.waterdata.usgs.gov/ogcapi/v0/collections/latest-daily/items?parameter_code=72019&statistic_id=00003&limit=10000&f=json
USGS-382549076260101,,,,,38.43325,-76.4369444444444,130.79,2026-08-27,Provisional,,,,,,,72019,00003,https://api.waterdata.usgs.gov/ogcapi/v0/collections/latest-daily/items?parameter_code=72019&statistic_id=00003&limit=10000&f=json
USGS-382635075030603,,,,,38.4424166666667,-75.0511111111111,24.22,2026-08-27,Provisional,,,,,,,72019,00003,https://api.waterdata.usgs.gov/ogcapi/v0/collections/latest-daily/items?parameter_code=72019&statistic_id=00003&limit=10000&f=json
USGS-382656107500701,,,,,38.4489305555555,-107.835469444444,7.61,2017-01-31,Approved,,,,,,,72019,00003,https://api.waterdata.usgs.gov/ogcapi/v0/collections/latest-daily/items?parameter_code=72019&statistic_id=00003&limit=10000&f=json
USGS-382835094254301,,,,,38.4763888888889,-94.4286111111111,7.48,2017-09-12,Approved,DISCONTINUED,,,,,,72019,00003,https://api.waterdata.usgs.gov/ogcapi/v0/collections/latest-daily/items?parameter_code=72019&statistic_id=00003&limit=10000&f=json
USGS-382917107483101,,,,,38.4880555555556,-107.808611111111,6.36,2017-01-31,Approved,,,,,,,72019,00003,https://api.waterdata.usgs.gov/ogcapi/v0/collections/latest-daily/items?parameter_code=72019&statistic_id=00003&limit=10000&f=json
USGS-382947107465801,,,,,38.4963888888889,-107.782777777778,6.82,2017-01-31,Approved,,,,,,,72019,00003,https://api.waterdata.usgs.gov/ogcapi/v0/collections/latest-daily/items?parameter_code=72019&statistic_id=00003&limit=10000&f=json
USGS-383012086124501,,,,,38.5033918895172,-86.2124801940543,74.02,2025-02-06,Provisional,,,,,,,72019,00003,https://api.waterdata.usgs.gov/ogcapi/v0/collections/latest-daily/items?parameter_code=72019&statistic_id=00003&limit=10000&f=json
USGS-383023114115302,,,,,38.5037222222222,-114.2065,177.22,2026-08-26,Provisional,,,,,,,72019,00003,https://api.waterdata.usgs.gov/ogcapi/v0/collections/latest-daily/items?parameter_code=72019&statistic_id=00003&limit=10000&f=json
USGS-383051107525501,,,,,38.5141666666667,-107.881944444444,13.19,2017-01-31,Approved,,,,,,,72019,00003,https://api.waterdata.usgs.gov/ogcapi/v0/collections/latest-daily/items?parameter_code=72019&statistic_id=00003&limit=10000&f=json
USGS-383151092081601,,,,,38.5308333333333,-92.1377777777778,3.19,2017-07-12,Approved,DISCONTINUED,,,,,,72019,00003,https://api.waterdata.usgs.gov/ogcapi/v0/collections/latest-daily/items?parameter_code=72019&statistic_id=00003&limit=10000&f=json
USGS-383239076354201,,,,,38.543556,-76.594667,214.92,2026-08-27,Provisional,,,,,,,72019,00003,https://api.waterdata.usgs.gov/ogcapi/v0/collections/latest-daily/items?parameter_code=72019&statistic_id=00003&limit=10000&f=json
USGS-383247087361001,,,,,38.5464362643972,-87.6028018996855,10.6,2026-08-26,Provisional,,,,,,,72019,00003,https://api.waterdata.usgs.gov/ogcapi/v0/collections/latest-daily/items?parameter_code=72019&statistic_id=00003&limit=10000&f=json
USGS-383315107525201,,,,,38.5541666666667,-107.881111111111,2.03,2017-01-31,Approved,,,,,,,72019,00003,https://api.waterdata.usgs.gov/ogcapi/v0/collections/latest-daily/items?parameter_code=72019&statistic_id=00003&limit=10000&f=json
USGS-383348076411301,,,,,38.5635,-76.6853333333333,74.1,2026-08-27,Provisional,,,,,,,72019,00003,https://api.waterdata.usgs.gov/ogcapi/v0/collections/latest-daily/items?parameter_code=72019&statistic_id=00003&limit=10000&f=json
USGS-383348076411302,,,,,38.5633888888889,-76.6853888888889,74.94,2026-08-27,Provisional,,,,,,,72019,00003,https://api.waterdata.usgs.gov/ogcapi/v0/collections/latest-daily/items?parameter_code=72019&statistic_id=00003&limit=10000&f=json
USGS-383403085352601,,,,,38.5675,-85.5905555555556,42.74,2025-06-16,Provisional,,,,,,,72019,00003,https://api.waterdata.usgs.gov/ogcapi/v0/collections/latest-daily/items?parameter_code=72019&statistic_id=00003&limit=10000&f=json
USGS-383626107581501,,,,,38.6072222222222,-107.970833333333,8.41,2017-01-31,Approved,,,,,,,72019,00003,https://api.waterdata.usgs.gov/ogcapi/v0/collections/latest-daily/items?parameter_code=72019&statistic_id=00003&limit=10000&f=json
USGS-383659086545901,,,,,38.61643968568361,-86.91638178724756,24.94,2011-09-30,Approved,,,,,,,72019,00003,https://api.waterdata.usgs.gov/ogcapi/v0/collections/latest-daily/items?parameter_code=72019&statistic_id=00003&limit=10000&f=json
USGS-383730075213501,,,,,38.6436388888889,-75.3596111111111,11.7,2026-08-27,Provisional,,,,,,,72019,00003,https://api.waterdata.usgs.gov/ogcapi/v0/collections/latest-daily/items?parameter_code=72019&statistic_id=00003&limit=10000&f=json
USGS-383746076482901,,,,,38.629917,-76.807444,8.37,2026-08-27,Provisional,,,,,,,72019,00003,https://api.waterdata.usgs.gov/ogcapi/v0/collections/latest-daily/items?parameter_code=72019&statistic_id=00003&limit=10000&f=json
USGS-383946086475701,,,,,38.6627777777778,-86.7991666666667,24.75,2025-06-03,Provisional,,,,,,,72019,00003,https://api.waterdata.usgs.gov/ogcapi/v0/collections/latest-daily/items?parameter_code=72019&statistic_id=00003&limit=10000&f=json
USGS-384110107591801,,,,,38.6855555555556,-107.985,3.18,2017-01-31,Approved,,,,,,,72019,00003,https://api.waterdata.usgs.gov/ogcapi/v0/collections/latest-daily/items?parameter_code=72019&statistic_id=00003&limit=10000&f=json
USGS-384133075375001,,,,,38.6925,-75.6305555555555,2.78,2016-06-19,Approved,,,,,,,72019,00003,https://api.waterdata.usgs.gov/ogcapi/v0/collections/latest-daily/items?parameter_code=72019&statistic_id=00003&limit=10000&f=json
USGS-384134075381901,,,,,38.6929166666667,-75.6386388888889,3.93,2016-04-12,Approved,,,,,,,72019,00003,https://api.waterdata.usgs.gov/ogcapi/v0/collections/latest-daily/items?parameter_code=72019&statistic_id=00003&limit=10000&f=json
USGS-384137075384501,,,,,38.6937222222222,-75.64575,10.11,2016-04-17,Approved,,,,,,,72019,00003,https://api.waterdata.usgs.gov/ogcapi/v0/collections/latest-daily/items?parameter_code=72019&statistic_id=00003&limit=10000&f=json
USGS-384138075382102,,,,,38.694,-75.6391944444445,7.03,2016-04-12,Approved,,,,,,,72019,00003,https://api.waterdata.usgs.gov/ogcapi/v0/collections/latest-daily/items?parameter_code=72019&statistic_id=00003&limit=10000&f=json
USGS-384143075382505,,,,,38.6953055555555,-75.6401666666667,9.05,2016-04-10,Approved,,,,,,,72019,00003,https://api.waterdata.usgs.gov/ogcapi/v0/collections/latest-daily/items?parameter_code=72019&statistic_id=00003&limit=10000&f=json
USGS-384152076504401,,,,,38.6977222222222,-76.8455555555555,6.28,2020-02-25,Approved,,,,,,,72019,00003,https://api.waterdata.usgs.gov/ogcapi/v0/collections/latest-daily/items?parameter_code=72019&statistic_id=00003&limit=10000&f=json
USGS-384153076503801,,,,,38.6980611111111,-76.8438111111111,7.84,2020-03-26,Approved,,,,,,,72019,00003,https://api.waterdata.usgs.gov/ogcapi/v0/collections/latest-daily/items?parameter_code=72019&statistic_id=00003&limit=10000&f=json
USGS-384157075454103,,,,,38.6991666666667,-75.7613888888889,40.07,2011-12-28,Approved,,,,,,,72019,00003,https://api.waterdata.usgs.gov/ogcapi/v0/collections/latest-daily/items?parameter_code=72019&statistic_id=00003&limit=10000&f=json
USGS-384222091224601,,,,,38.7061568172339,-91.3796044193599,5.7,1996-12-04,Approved,,,,,,,72019,00003,https://api.waterdata.usgs.gov/ogcapi/v0/collections/latest-daily/items?parameter_code=72019&statistic_id=00003&limit=10000&f=json
USGS-384240108000701,,,,,38.7111111111111,-108.001944444444,9.95,2017-01-31,Approved,,,,,,,72019,00003,https://api.waterdata.usgs.gov/ogcapi/v0/collections/latest-daily/items?parameter_code=72019&statistic_id=00003&limit=10000&f=json
USGS-384241091222901,,,,,38.7114345574876,-91.3748820542915,13.92,1996-11-06,Approved,,,,,,,72019,00003,https://api.waterdata.usgs.gov/ogcapi/v0/collections/latest-daily/items?parameter_code=72019&statistic_id=00003&limit=10000&f=json
USGS-384258092231401,,,,,38.7161111111111,-92.3872222222222,-2.13,2015-06-14,Approved,,,,,,,72019,00003,https://api.waterdata.usgs.gov/ogcapi/v0/collections/latest-daily/items?parameter_code=72019&statistic_id=00003&limit=10000&f=json
USGS-384310091225801,,,,,38.7194899132752,-91.3829380219303,8.45,1996-10-01,Approved,,,,,,,72019,00003,https://api.waterdata.usgs.gov/ogcapi/v0/collections/latest-daily/items?parameter_code=72019&statistic_id=00003&limit=10000&f=json
USGS-384326091253801,,,,,38.7239338800127,-91.4273843635362,12.13,1996-11-06,Approved,,,,,,,72019,00003,https://api.waterdata.usgs.gov/ogcapi/v0/collections/latest-daily/items?parameter_code=72019&statistic_id=00003&limit=10000&f=json
USGS-384333076394701,,,,,38.726111,-76.663389,182.59,2026-08-27,Provisional,,,,,,,72019,00003,https://api.waterdata.usgs.gov/ogcapi/v0/collections/latest-daily/items?parameter_code=72019&statistic_id=00003&limit=10000&f=json
USGS-384340091243001,,,,,38.7278228839274,-91.4084947295639,12.21,1996-11-06,Approved,,,,,,,72019,00003,https://api.waterdata.usgs.gov/ogcapi/v0/collections/latest-daily/items?parameter_code=72019&statistic_id=00003&limit=10000&f=json
USGS-384359091231501,,,,,38.7331007712775,-91.3876605779618,10.42,1996-11-06,Approved,,,,,,,72019,00003,https://api.waterdata.usgs.gov/ogcapi/v0/collections/latest-daily/items?parameter_code=72019&statistic_id=00003&limit=10000&f=json
USGS-384415093190101,,,,,38.737515130477,-93.3171523194696,195.98,2008-01-30,Approved,,,,,,,72019,00003,https://api.waterdata.usgs.gov/ogcapi/v0/collections/latest-daily/items?parameter_code=72019&statistic_id=00003&limit=10000&f=json
USGS-384745086354301,,,,,38.7958333333333,-86.5952777777778,9.64,2018-03-12,Approved,,,,,,,72019,00003,https://api.waterdata.usgs.gov/ogcapi/v0/collections/latest-daily/items?parameter_code=72019&statistic_id=00003&limit=10000&f=json
USGS-384920115343001,,,,,38.824083333333334,-115.57047222222222,161.06,2020-08-30,Approved,,,,,,,72019,00003,https://api.waterdata.usgs.gov/ogcapi/v0/collections/latest-daily/items?parameter_code=72019&statistic_id=00003&limit=10000&f=json
USGS-384949085251901,,,,,38.83060292134779,-85.42133363486829,7.24,2026-08-26,Provisional,,,,,,,72019,00003,https://api.waterdata.usgs.gov/ogcapi/v0/collections/latest-daily/items?parameter_code=72019&statistic_id=00003&limit=10000&f=json
USGS-384951087202501,,,,,38.8308793520336,-87.3402944904761,13.86,2026-08-27,Provisional,,,,,,,72019,00003,https://api.waterdata.usgs.gov/ogcapi/v0/collections/latest-daily/items?parameter_code=72019&statistic_id=00003&limit=10000&f=json
USGS-384954075192701,,,,,38.83193888888889,-75.32441944444444,11.27,2026-05-03,Provisional,,,,,,,72019,00003,https://api.waterdata.usgs.gov/ogcapi/v0/collections/latest-daily/items?parameter_code=72019&statistic_id=00003&limit=10000&f=json
USGS-385041075395602,,,,,38.8452222222222,-75.6656944444445,16.4,2026-08-27,Provisional,,,,,,,72019,00003,https://api.waterdata.usgs.gov/ogcapi/v0/collections/latest-daily/items?parameter_code=72019&statistic_id=00003&limit=10000&f=json
USGS-385156092263202,,,,,38.86558630057676,-92.44239238127389,9.07,2016-11-20,Approved,,,,,,,72019,00003,https://api.waterdata.usgs.gov/ogcapi/v0/collections/latest-daily/items?parameter_code=72019&statistic_id=00003&limit=10000&f=json
USGS-385252076572801,,,,,38.8811944444444,-76.9577777777778,42.25,2022-11-16,Approved,,,,,,,72019,00003,https://api.waterdata.usgs.gov/ogcapi/v0/collections/latest-daily/items?parameter_code=72019&statistic_id=00003&limit=10000&f=json
USGS-385252119085002,,,,,38.8811111111111,-119.147222222222,8.49,2012-08-17,Approved,,,,,,,72019,00003,https://api.waterdata.usgs.gov/ogcapi/v0/collections/latest-daily/items?parameter_code=72019&statistic_id=00003&limit=10000&f=json
USGS-385252119085003,,,,,38.8811111111111,-119.147222222222,9.17,2012-09-02,Approved,,,,,,,72019,00003,https://api.waterdata.usgs.gov/ogcapi/v0/collections/latest-daily/items?parameter_code=72019&statistic_id=00003&limit=10000&f=json
USGS-385256119085002,,,,,38.8822222222222,-119.147222222222,6.87,2013-08-20,Approved,,,,,,,72019,00003,https://api.waterdata.usgs.gov/ogcapi/v0/collections/latest-daily/items?parameter_code=72019&statistic_id=00003&limit=10000&f=json
USGS-385256119085003,,,,,38.8822222222222,-119.147222222222,6.79,2013-08-04,Approved,,,,,,,72019,00003,https://api.waterdata.usgs.gov/ogcapi/v0/collections/latest-daily/items?parameter_code=72019&statistic_id=00003&limit=10000&f=json
USGS-385512088112401,,,,,38.9199722222222,-88.19,0,2024-07-22,Provisional,DISCONTINUED,,,,,,72019,00003,https://api.waterdata.usgs.gov/ogcapi/v0/collections/latest-daily/items?parameter_code=72019&statistic_id=00003&limit=10000&f=json
USGS-385521114503601,,,,,38.9202222222222,-114.84225,433.6,2026-08-26,Provisional,,,,,,,72019,00003,https://api.waterdata.usgs.gov/ogcapi/v0/collections/latest-daily/items?parameter_code=72019&statistic_id=00003&limit=10000&f=json
USGS-385524114045601,,,,,38.92327222222222,-114.08360555555555,226.19,2026-08-26,Provisional,,,,,,,72019,00003,https://api.waterdata.usgs.gov/ogcapi/v0/collections/latest-daily/items?parameter_code=72019&statistic_id=00003&limit=10000&f=json
USGS-385542086005601,,,,,38.9284166666667,-86.0156388888889,8.41,2025-01-28,Approved,,,,,,,72019,00003,https://api.waterdata.usgs.gov/ogcapi/v0/collections/latest-daily/items?parameter_code=72019&statistic_id=00003&limit=10000&f=json
USGS-385601085365701,,,,,38.933666189411,-85.6158001649642,38.51,2025-06-16,Provisional,,,,,,,72019,00003,https://api.waterdata.usgs.gov/ogcapi/v0/collections/latest-daily/items?parameter_code=72019&statistic_id=00003&limit=10000&f=json
USGS-385607074555201,,,,,38.9353903070299,-74.9318399475219,27.29,2026-08-27,Provisional,,,,,,,72019,00003,https://api.waterdata.usgs.gov/ogcapi/v0/collections/latest-daily/items?parameter_code=72019&statistic_id=00003&limit=10000&f=json
USGS-385616074580001,,,,,38.9378902138565,-74.9662861389221,4.92,1977-05-12,Approved,,,,,,,72019,00003,https://api.waterdata.usgs.gov/ogcapi/v0/collections/latest-daily/items?parameter_code=72019&statistic_id=00003&limit=10000&f=json
USGS-385622114250001,,,,,38.93966666666666,-114.41780555555556,21,2025-08-18,Approved,,,,,,,72019,00003,https://api.waterdata.usgs.gov/ogcapi/v0/collections/latest-daily/items?parameter_code=72019&statistic_id=00003&limit=10000&f=json
USGS-385650074553503,,,,,38.9473347894256,-74.9260063048635,23.08,1992-10-27,Approved,,,,,,,72019,00003,https://api.waterdata.usgs.gov/ogcapi/v0/collections/latest-daily/items?parameter_code=72019&statistic_id=00003&limit=10000&f=json
USGS-385709074512801,,,,,38.952525326947,-74.85738471344361,39.8,2026-08-27,Provisional,,,,,,,72019,00003,https://api.waterdata.usgs.gov/ogcapi/v0/collections/latest-daily/items?parameter_code=72019&statistic_id=00003&limit=10000&f=json
USGS-385748074553301,,,,,38.9634459310375,-74.9254507027595,50.93,1975-08-22,Approved,,,,,,,72019,00003,https://api.waterdata.usgs.gov/ogcapi/v0/collections/latest-daily/items?parameter_code=72019&statistic_id=00003&limit=10000&f=json
USGS-385804074574201,,,,,38.967803237043604,-74.96127679356255,26.7,2026-08-27,Provisional,,,,,,,72019,00003,https://api.waterdata.usgs.gov/ogcapi/v0/collections/latest-daily/items?parameter_code=72019&statistic_id=00003&limit=10000&f=json
USGS-385853092592801,,,,,38.9813888888889,-92.9911111111111,27.74,2016-12-11,Approved,,,,,,,72019,00003,https://api.waterdata.usgs.gov/ogcapi/v0/collections/latest-daily/items?parameter_code=72019&statistic_id=00003&limit=10000&f=json
USGS-385951119104001,,,,,38.9975,-119.177777777778,11.53,2013-10-17,Approved,,,,,,,72019,00003,https://api.waterdata.usgs.gov/ogcapi/v0/collections/latest-daily/items?parameter_code=72019&statistic_id=00003&limit=10000&f=json
USGS-390002074541002,,,,,39.00058035535242,-74.90238586705756,54.86,2026-08-27,Provisional,,,,,,,72019,00003,https://api.waterdata.usgs.gov/ogcapi/v0/collections/latest-daily/items?parameter_code=72019&statistic_id=00003&limit=10000&f=json
USGS-390012074472001,,,,,39.00335770971302,-74.78849337096825,49.15,2026-08-27,Provisional,,,,,,,72019,00003,https://api.waterdata.usgs.gov/ogcapi/v0/collections/latest-daily/items?parameter_code=72019&statistic_id=00003&limit=10000&f=json
USGS-390058074542701,,,,,39.0156683865855,-74.9068385365476,38.93,1975-08-22,Approved,,,,,,,72019,00003,https://api.waterdata.usgs.gov/ogcapi/v0/collections/latest-daily/items?parameter_code=72019&statistic_id=00003&limit=10000&f=json
USGS-390058119102001,,,,,39.0166666666667,-119.172222222222,19.94,2013-10-05,Approved,,,,,,,72019,00003,https://api.waterdata.usgs.gov/ogcapi/v0/collections/latest-daily/items?parameter_code=72019&statistic_id=00003&limit=10000&f=json
USGS-390138074534801,,,,,39.0273351668219,-74.896282400873,61.44,1991-05-24,Approved,,,,,,,72019,00003,https://api.waterdata.usgs.gov/ogcapi/v0/collections/latest-daily/items?parameter_code=72019&statistic_id=00003&limit=10000&f=json
USGS-390156074533401,,,,,39.0323352132341,-74.8923932969805,13.59,2026-08-27,Provisional,,,,,,,72019,00003,https://api.waterdata.usgs.gov/ogcapi/v0/collections/latest-daily/items?parameter_code=72019&statistic_id=00003&limit=10000&f=json
USGS-390210074473001,,,,,39.0362243966726,-74.7912769389045,39.49,1992-10-18,Approved,,,,,,,72019,00003,https://api.waterdata.usgs.gov/ogcapi/v0/collections/latest-daily/items?parameter_code=72019&statistic_id=00003&limit=10000&f=json
USGS-390211074505502,,,,,39.03641300318634,-74.84821729321492,10.4,2026-08-27,Provisional,,,,,,,72019,00003,https://api.waterdata.usgs.gov/ogcapi/v0/collections/latest-daily/items?parameter_code=72019&statistic_id=00003&limit=10000&f=json
USGS-390239083015130,,,,,39.0442368101143,-83.0307335512083,16.73,1992-12-16,Approved,,,,,,,72019,00003,https://api.waterdata.usgs.gov/ogcapi/v0/collections/latest-daily/items?parameter_code=72019&statistic_id=00003&limit=10000&f=json
USGS-390422074544701,,,,,39.0728910120795,-74.9126720103256,36.47,2026-08-27,Provisional,,,,,,,72019,00003,https://api.waterdata.usgs.gov/ogcapi/v0/collections/latest-daily/items?parameter_code=72019&statistic_id=00003&limit=10000&f=json
USGS-390425074544601,,,,,39.073724352177,-74.9123942158889,11.19,2026-08-27,Provisional,,,,,,,72019,00003,https://api.waterdata.usgs.gov/ogcapi/v0/collections/latest-daily/items?parameter_code=72019&statistic_id=00003&limit=10000&f=json
USGS-390438084310701,,,,,39.0772824146636,-84.5185538808618,34.23,2018-08-02,Approved,,,,,,,72019,00003,https://api.waterdata.usgs.gov/ogcapi/v0/collections/latest-daily/items?parameter_code=72019&statistic_id=00003&limit=10000&f=json
USGS-390507084302101,,,,,39.0853944444444,-84.5058055555556,47.61,2016-10-16,Approved,,,,,,,72019,00003,https://api.waterdata.usgs.gov/ogcapi/v0/collections/latest-daily/items?parameter_code=72019&statistic_id=00003&limit=10000&f=json
USGS-390527074502801,,,,,39.090946860096,-74.840723825636,11.79,1975-04-25,Approved,,,,,,,72019,00003,https://api.waterdata.usgs.gov/ogcapi/v0/collections/latest-daily/items?parameter_code=72019&statistic_id=00003&limit=10000&f=json
USGS-390529084330701,,,,,39.0915027777778,-84.5519111111111,58.47,2019-09-19,Approved,,,,,,,72019,00003,https://api.waterdata.usgs.gov/ogcapi/v0/collections/latest-daily/items?parameter_code=72019&statistic_id=00003&limit=10000&f=json
USGS-390608074483801,,,,,39.103078611403774,-74.81016016517822,17.45,2026-08-27,Provisional,,,,,,,72019,00003,https://api.waterdata.usgs.gov/ogcapi/v0/collections/latest-daily/items?parameter_code=72019&statistic_id=00003&limit=10000&f=json
USGS-390612084290601,,,,,39.1034666666667,-84.4849888888889,72.57,2019-04-18,Approved,,,,,,,72019,00003,https://api.waterdata.usgs.gov/ogcapi/v0/collections/latest-daily/items?parameter_code=72019&statistic_id=00003&limit=10000&f=json
USGS-390723075284601,,,,,39.1346944444444,-75.4933333333333,26.3,2024-09-30,Approved,,,,,,,72019,00003,https://api.waterdata.usgs.gov/ogcapi/v0/collections/latest-daily/items?parameter_code=72019&statistic_id=00003&limit=10000&f=json
USGS-390740103055801,,,,,39.1277707725764,-103.099935799721,48.86,2026-08-27,Provisional,,,,,,,72019,00003,https://api.waterdata.usgs.gov/ogcapi/v0/collections/latest-daily/items?parameter_code=72019&statistic_id=00003&limit=10000&f=json
USGS-390744120091910,,,,,39.1287805555556,-120.155333333333,-0.87,2016-06-26,Approved,,,,,,,72019,00003,https://api.waterdata.usgs.gov/ogcapi/v0/collections/latest-daily/items?parameter_code=72019&statistic_id=00003&limit=10000&f=json
USGS-390746120091710,,,,,39.1294888888889,-120.154730555556,-1.69,2016-06-26,Approved,,,,,,,72019,00003,https://api.waterdata.usgs.gov/ogcapi/v0/collections/latest-daily/items?parameter_code=72019&statistic_id=00003&limit=10000&f=json
USGS-390746120091730,,,,,39.1294194444444,-120.154583333333,-3.12,2016-06-26,Approved,,,,,,,72019,00003,https://api.waterdata.usgs.gov/ogcapi/v0/collections/latest-daily/items?parameter_code=72019&statistic_id=00003&limit=10000&f=json
USGS-390751120091110,,,,,39.1309,-120.153194444444,-1.45,2016-06-26,Approved,,,,,,,72019,00003,https://api.waterdata.usgs.gov/ogcapi/v0/collections/latest-daily/items?parameter_code=72019&statistic_id=00003&limit=10000&f=json
USGS-390752120091201,,,,,39.1312055555556,-120.153422222222,2.68,2020-10-06,Approved,,,,,,,72019,00003,https://api.waterdata.usgs.gov/ogcapi/v0/collections/latest-daily/items?parameter_code=72019&statistic_id=00003&limit=10000&f=json
USGS-390752120091202,,,,,39.1311861111111,-120.1534,1.5,2020-10-06,Approved,,,,,,,72019,00003,https://api.waterdata.usgs.gov/ogcapi/v0/collections/latest-daily/items?parameter_code=72019&statistic_id=00003&limit=10000&f=json
USGS-390752120091203,,,,,39.1311694444444,-120.153377777778,0.6,2020-10-06,Approved,,,,,,,72019,00003,https://api.waterdata.usgs.gov/ogcapi/v0/collections/latest-daily/items?parameter_code=72019&statistic_id=00003&limit=10000&f=json
USGS-390752120091204,,,,,39.1311416666667,-120.153355555556,-0.57,2020-10-06,Approved,,,,,,,72019,00003,https://api.waterdata.usgs.gov/ogcapi/v0/collections/latest-daily/items?parameter_code=72019&statistic_id=00003&limit=10000&f=json
USGS-390752120091214,,,,,39.1311416666667,-120.153355555556,-0.63,2020-10-06,Approved,,,,,,,72019,00003,https://api.waterdata.usgs.gov/ogcapi/v0/collections/latest-daily/items?parameter_code=72019&statistic_id=00003&limit=10000&f=json
USGS-390757075294101,,,,,39.13266111111111,-75.49488055555555,27.69,2025-11-13,Approved,,,,,,,72019,00003,https://api.waterdata.usgs.gov/ogcapi/v0/collections/latest-daily/items?parameter_code=72019&statistic_id=00003&limit=10000&f=json
USGS-390758087363301,,,,,39.1327777777778,-87.6091666666667,5.24,2025-04-03,Provisional,,,,,,,72019,00003,https://api.waterdata.usgs.gov/ogcapi/v0/collections/latest-daily/items?parameter_code=72019&statistic_id=00003&limit=10000&f=json
USGS-390804075293501,,,,,39.1344444444444,-75.4930833333333,29.05,2024-09-30,Approved,,,,,,,72019,00003,https://api.waterdata.usgs.gov/ogcapi/v0/collections/latest-daily/items?parameter_code=72019&statistic_id=00003&limit=10000&f=json
USGS-390807120090705,,,,,39.1353111111111,-120.152147222222,-0.55,2020-10-06,Approved,,,,,,,72019,00003,https://api.waterdata.usgs.gov/ogcapi/v0/collections/latest-daily/items?parameter_code=72019&statistic_id=00003&limit=10000&f=json
USGS-390807120090715,,,,,39.1353111111111,-120.152147222222,-0.54,2020-10-06,Approved,,,,,,,72019,00003,https://api.waterdata.usgs.gov/ogcapi/v0/collections/latest-daily/items?parameter_code=72019&statistic_id=00003&limit=10000&f=json
USGS-390807120090801,,,,,39.1353138888889,-120.152322222222,4,2020-10-06,Approved,,,,,,,72019,00003,https://api.waterdata.usgs.gov/ogcapi/v0/collections/latest-daily/items?parameter_code=72019&statistic_id=00003&limit=10000&f=json
USGS-390807120090802,,,,,39.1353138888889,-120.152275,2.57,2020-10-06,Approved,,,,,,,72019,00003,https://api.waterdata.usgs.gov/ogcapi/v0/collections/latest-daily/items?parameter_code=72019&statistic_id=00003&limit=10000&f=json
USGS-390807120090803,,,,,39.1353111111111,-120.152227777778,1.48,2020-10-06,Approved,,,,,,,72019,00003,https://api.waterdata.usgs.gov/ogcapi/v0/collections/latest-daily/items?parameter_code=72019&statistic_id=00003&limit=10000&f=json
USGS-390808075293801,,,,,39.1356944444444,-75.4939722222222,25.47,2025-11-13,Approved,,,,,,,72019,00003,https://api.waterdata.usgs.gov/ogcapi/v0/collections/latest-daily/items?parameter_code=72019&statistic_id=00003&limit=10000&f=json
USGS-390808075293901,,,,,39.1356944444444,-75.4939722222222,25.44,2025-11-13,Approved,,,,,,,72019,00003,https://api.waterdata.usgs.gov/ogcapi/v0/collections/latest-daily/items?parameter_code=72019&statistic_id=00003&limit=10000&f=json
USGS-390809120090740,,,,,39.1357472222222,-120.151702777778,-4.21,2016-06-26,Approved,,,,,,,72019,00003,https://api.waterdata.usgs.gov/ogcapi/v0/collections/latest-daily/items?parameter_code=72019&statistic_id=00003&limit=10000&f=json
USGS-390810120090710,,,,,39.1360138888889,-120.152041666667,-1.67,2016-06-26,Approved,,,,,,,72019,00003,https://api.waterdata.usgs.gov/ogcapi/v0/collections/latest-daily/items?parameter_code=72019&statistic_id=00003&limit=10000&f=json
USGS-390810120090740,,,,,39.1360361111111,-120.151741666667,-3.77,2016-06-26,Approved,,,,,,,72019,00003,https://api.waterdata.usgs.gov/ogcapi/v0/collections/latest-daily/items?parameter_code=72019&statistic_id=00003&limit=10000&f=json
USGS-390822075292901,,,,,39.1393611111111,-75.4914722222222,15.12,2024-09-30,Approved,,,,,,,72019,00003,https://api.waterdata.usgs.gov/ogcapi/v0/collections/latest-daily/items?parameter_code=72019&statistic_id=00003&limit=10000&f=json
USGS-390822075292902,,,,,39.1393333333333,-75.4914722222222,15.13,2024-09-30,Approved,,,,,,,72019,00003,https://api.waterdata.usgs.gov/ogcapi/v0/collections/latest-daily/items?parameter_code=72019&statistic_id=00003&limit=10000&f=json
USGS-390825075295601,,,,,39.14045,-75.49915,25.45,2025-11-13,Approved,,,,,,,72019,00003,https://api.waterdata.usgs.gov/ogcapi/v0/collections/latest-daily/items?parameter_code=72019&statistic_id=00003&limit=10000&f=json
USGS-390832075290501,,,,,39.1423055555556,-75.4848055555556,9.6,2024-09-30,Approved,,,,,,,72019,00003,https://api.waterdata.usgs.gov/ogcapi/v0/collections/latest-daily/items?parameter_code=72019&statistic_id=00003&limit=10000&f=json
USGS-390832075290502,,,,,39.1422777777778,-75.4847777777778,9.29,2024-09-30,Approved,,,,,,,72019,00003,https://api.waterdata.usgs.gov/ogcapi/v0/collections/latest-daily/items?parameter_code=72019&statistic_id=00003&limit=10000&f=json
USGS-390837075291401,,,,,39.1435277777778,-75.4871944444444,7.81,2024-09-30,Approved,,,,,,,72019,00003,https://api.waterdata.usgs.gov/ogcapi/v0/collections/latest-daily/items?parameter_code=72019&statistic_id=00003&limit=10000&f=json
USGS-390837075291402,,,,,39.1435277777778,-75.4871944444444,7.88,2024-09-30,Approved,,,,,,,72019,00003,https://api.waterdata.usgs.gov/ogcapi/v0/collections/latest-daily/items?parameter_code=72019&statistic_id=00003&limit=10000&f=json
USGS-390950085553501,,,,,39.1639406881751,-85.9263776872587,22.34,2025-01-28,Provisional,,,,,,,72019,00003,https://api.waterdata.usgs.gov/ogcapi/v0/collections/latest-daily/items?parameter_code=72019&statistic_id=00003&limit=10000&f=json
USGS-391035085560401,,,,,39.1764406133866,-85.9344344186084,24.92,2025-01-28,Approved,,,,,,,72019,00003,https://api.waterdata.usgs.gov/ogcapi/v0/collections/latest-daily/items?parameter_code=72019&statistic_id=00003&limit=10000&f=json
USGS-391112094174001,,,,,39.1866709107997,-94.2946700779507,13.47,1996-09-30,Approved,,,,,,,72019,00003,https://api.waterdata.usgs.gov/ogcapi/v0/collections/latest-daily/items?parameter_code=72019&statistic_id=00003&limit=10000&f=json
USGS-391145074520401,,,,,39.1959475348361,-74.8673916057942,3.56,2026-08-18,Provisional,,,,,,,72019,00003,https://api.waterdata.usgs.gov/ogcapi/v0/collections/latest-daily/items?parameter_code=72019&statistic_id=00003&limit=10000&f=json
USGS-391206094185001,,,,,39.2016706061113,-94.3141149855153,12,1996-09-05,Approved,,,,,,,72019,00003,https://api.waterdata.usgs.gov/ogcapi/v0/collections/latest-daily/items?parameter_code=72019&statistic_id=00003&limit=10000&f=json
USGS-391253075461701,,,,,39.2148333333333,-75.7712777777778,5.17,2016-03-21,Approved,,,,,,,72019,00003,https://api.waterdata.usgs.gov/ogcapi/v0/collections/latest-daily/items?parameter_code=72019&statistic_id=00003&limit=10000&f=json
USGS-391303075460801,,,,,39.2175277777778,-75.769,7.31,2016-03-21,Approved,,,,,,,72019,00003,https://api.waterdata.usgs.gov/ogcapi/v0/collections/latest-daily/items?parameter_code=72019&statistic_id=00003&limit=10000&f=json
USGS-391311075463901,,,,,39.2197222222222,-75.7773888888889,5.51,2016-03-22,Approved,,,,,,,72019,00003,https://api.waterdata.usgs.gov/ogcapi/v0/collections/latest-daily/items?parameter_code=72019&statistic_id=00003&limit=10000&f=json
USGS-391320075463201,,,,,39.2223611111111,-75.7755555555556,9.75,2016-03-22,Approved,,,,,,,72019,00003,https://api.waterdata.usgs.gov/ogcapi/v0/collections/latest-daily/items?parameter_code=72019&statistic_id=00003&limit=10000&f=json
USGS-391329094175501,,,,,39.2247259397298,-94.2988367280257,10.9,1996-09-05,Approved,,,,,,,72019,00003,https://api.waterdata.usgs.gov/ogcapi/v0/collections/latest-daily/items?parameter_code=72019&statistic_id=00003&limit=10000&f=json
USGS-391354094161901,,,,,39.2316704461854,-94.2721693286654,16.47,2011-05-31,Approved,,,,,,,72019,00003,https://api.waterdata.usgs.gov/ogcapi/v0/collections/latest-daily/items?parameter_code=72019&statistic_id=00003&limit=10000&f=json
USGS-391400094161601,,,,,39.2333370960341,-94.2713359673016,9.67,1996-11-05,Approved,,,,,,,72019,00003,https://api.waterdata.usgs.gov/ogcapi/v0/collections/latest-daily/items?parameter_code=72019&statistic_id=00003&limit=10000&f=json
USGS-391408084264100,,,,,39.235613692961,-84.4446642135244,21.34,2002-09-29,Approved,,,,,,,72019,00003,https://api.waterdata.usgs.gov/ogcapi/v0/collections/latest-daily/items?parameter_code=72019&statistic_id=00003&limit=10000&f=json
USGS-391408084264101,,,,,39.235613692961,-84.4446642135244,21.08,2002-09-29,Approved,,,,,,,72019,00003,https://api.waterdata.usgs.gov/ogcapi/v0/collections/latest-daily/items?parameter_code=72019&statistic_id=00003&limit=10000&f=json
USGS-391451076425001,,,,,39.2474972222222,-76.7138666666667,16.54,2012-02-27,Approved,,,,,,,72019,00003,https://api.waterdata.usgs.gov/ogcapi/v0/collections/latest-daily/items?parameter_code=72019&statistic_id=00003&limit=10000&f=json
USGS-391621074435401,,,,,39.2726149369411,-74.7312737071183,4.88,2026-07-09,Provisional,,,,,,,72019,00003,https://api.waterdata.usgs.gov/ogcapi/v0/collections/latest-daily/items?parameter_code=72019&statistic_id=00003&limit=10000&f=json
USGS-391621074435501,,,,,39.2726111111111,-74.7318055555556,48.96,1986-11-19,Approved,,,,,,,72019,00003,https://api.waterdata.usgs.gov/ogcapi/v0/collections/latest-daily/items?parameter_code=72019&statistic_id=00003&limit=10000&f=json
USGS-391622093161001,,,,,39.2727777777778,-93.2695,0.47,2016-07-24,Approved,,,,,,,72019,00003,https://api.waterdata.usgs.gov/ogcapi/v0/collections/latest-daily/items?parameter_code=72019&statistic_id=00003&limit=10000&f=json
USGS-391627085534401,,,,,39.2742178589928,-85.8955465683059,16.34,2026-08-26,Provisional,,,,,,,72019,00003,https://api.waterdata.usgs.gov/ogcapi/v0/collections/latest-daily/items?parameter_code=72019&statistic_id=00003&limit=10000&f=json
USGS-391730102422000,,,,,39.291660467595,-102.700203891771,120.67,2001-01-03,Approved,,,,,,,72019,00003,https://api.waterdata.usgs.gov/ogcapi/v0/collections/latest-daily/items?parameter_code=72019&statistic_id=00003&limit=10000&f=json
USGS-391821074320701,,,,,39.3059492787257,-74.5351538441713,74.86,1984-09-05,Approved,,,,,,,72019,00003,https://api.waterdata.usgs.gov/ogcapi/v0/collections/latest-daily/items?parameter_code=72019&statistic_id=00003&limit=10000&f=json
USGS-391827074371001,,,,,39.307337852112,-74.6187686997656,85.09,2026-08-16,Provisional,,,,,,,72019,00003,https://api.waterdata.usgs.gov/ogcapi/v0/collections/latest-daily/items?parameter_code=72019&statistic_id=00003&limit=10000&f=json
USGS-391828075120902,,,,,39.3081700057874,-75.2018539593799,84.25,2026-05-10,Provisional,,,,,,,72019,00003,https://api.waterdata.usgs.gov/ogcapi/v0/collections/latest-daily/items?parameter_code=72019&statistic_id=00003&limit=10000&f=json
USGS-391933075435001,,,,,39.3258055555556,-75.7305,8.38,2026-08-27,Provisional,,,,,,,72019,00003,https://api.waterdata.usgs.gov/ogcapi/v0/collections/latest-daily/items?parameter_code=72019&statistic_id=00003&limit=10000&f=json
USGS-392017074300201,,,,,39.3381718774688,-74.5001522633597,39.32,2019-08-26,Approved,,,,,,,72019,00003,https://api.waterdata.usgs.gov/ogcapi/v0/collections/latest-daily/items?parameter_code=72019&statistic_id=00003&limit=10000&f=json
USGS-392022085371801,,,,,39.3394946109797,-85.6216425003141,4.29,2026-08-26,Provisional,,,,,,,72019,00003,https://api.waterdata.usgs.gov/ogcapi/v0/collections/latest-daily/items?parameter_code=72019&statistic_id=00003&limit=10000&f=json
USGS-392032074300801,,,,,39.342338568664,-74.5018190032605,99.05,2015-06-11,Approved,,,,,,,72019,00003,https://api.waterdata.usgs.gov/ogcapi/v0/collections/latest-daily/items?parameter_code=72019&statistic_id=00003&limit=10000&f=json
USGS-392043075403301,,,,,39.34546944444445,-75.67606111111111,8.24,2026-08-27,Provisional,,,,,,,72019,00003,https://api.waterdata.usgs.gov/ogcapi/v0/collections/latest-daily/items?parameter_code=72019&statistic_id=00003&limit=10000&f=json
USGS-392045076512501,,,,,39.346525,-76.8562055555555,20.22,2014-09-30,Approved,,,,,,,72019,00003,https://api.waterdata.usgs.gov/ogcapi/v0/collections/latest-daily/items?parameter_code=72019&statistic_id=00003&limit=10000&f=json
USGS-392153074250101,,,,,39.3644722222222,-74.4160277777778,89.45,2004-03-01,Approved,,,,,,,72019,00003,https://api.waterdata.usgs.gov/ogcapi/v0/collections/latest-daily/items?parameter_code=72019&statistic_id=00003&limit=10000&f=json
USGS-392219075011301,,,,,39.37205949099,-75.0198984234258,8.2,1975-09-18,Approved,,,,,,,72019,00003,https://api.waterdata.usgs.gov/ogcapi/v0/collections/latest-daily/items?parameter_code=72019&statistic_id=00003&limit=10000&f=json
USGS-392228094473101,,,,,39.3744166666667,-94.792,18.68,2016-06-21,Approved,,,,,,,72019,00003,https://api.waterdata.usgs.gov/ogcapi/v0/collections/latest-daily/items?parameter_code=72019&statistic_id=00003&limit=10000&f=json
USGS-392232074234401,,,,,39.3953940321346,-74.6254356911688,85.91,1986-11-20,Approved,,,,,,,72019,00003,https://api.waterdata.usgs.gov/ogcapi/v0/collections/latest-daily/items?parameter_code=72019&statistic_id=00003&limit=10000&f=json
USGS-392232074234403,,,,,39.3956718130597,-74.6251579008921,13.06,2026-07-07,Provisional,,,,,,,72019,00003,https://api.waterdata.usgs.gov/ogcapi/v0/collections/latest-daily/items?parameter_code=72019&statistic_id=00003&limit=10000&f=json
USGS-392232086333101,,,,,39.375638888888886,-86.55855555555556,9.1,2025-04-02,Provisional,,,,,,,72019,00003,https://api.waterdata.usgs.gov/ogcapi/v0/collections/latest-daily/items?parameter_code=72019&statistic_id=00003&limit=10000&f=json
USGS-392310094154301,,,,,39.3862222222222,-94.2620555555556,6.91,2016-06-21,Approved,,,,,,,72019,00003,https://api.waterdata.usgs.gov/ogcapi/v0/collections/latest-daily/items?parameter_code=72019&statistic_id=00003&limit=10000&f=json
USGS-392436074303501,,,,,39.4095612654965,-74.5084859448781,57.96,1986-11-19,Approved,,,,,,,72019,00003,https://api.waterdata.usgs.gov/ogcapi/v0/collections/latest-daily/items?parameter_code=72019&statistic_id=00003&limit=10000&f=json
USGS-392512074521201,,,,,39.4201156567607,-74.8696133604691,144.37,1973-11-16,Approved,,,,,,,72019,00003,https://api.waterdata.usgs.gov/ogcapi/v0/collections/latest-daily/items?parameter_code=72019&statistic_id=00003&limit=10000&f=json
USGS-392512074521206,,,,,39.4206712124915,-74.8710023098414,134.6,2026-06-29,Approved,,,,,,,72019,00003,https://api.waterdata.usgs.gov/ogcapi/v0/collections/latest-daily/items?parameter_code=72019&statistic_id=00003&limit=10000&f=json
USGS-392517076155201,,,,,39.4222222222222,-76.2638888888889,0.24,2021-11-16,Approved,,,,,,,72019,00003,https://api.waterdata.usgs.gov/ogcapi/v0/collections/latest-daily/items?parameter_code=72019&statistic_id=00003&limit=10000&f=json
USGS-392517076155202,,,,,39.4222222222222,-76.2638888888889,-0.06,2021-11-16,Approved,,,,,,,72019,00003,https://api.waterdata.usgs.gov/ogcapi/v0/collections/latest-daily/items?parameter_code=72019&statistic_id=00003&limit=10000&f=json
USGS-392517077190401,,,,,39.4214912536082,-77.3174838322045,58.87,2010-09-29,Approved,,,,,,,72019,00003,https://api.waterdata.usgs.gov/ogcapi/v0/collections/latest-daily/items?parameter_code=72019&statistic_id=00003&limit=10000&f=json
USGS-392518076155301,,,,,39.4222222222222,-76.2638888888889,3.08,2021-11-16,Approved,,,,,,,72019,00003,https://api.waterdata.usgs.gov/ogcapi/v0/collections/latest-daily/items?parameter_code=72019&statistic_id=00003&limit=10000&f=json
USGS-392521076154001,,,,,39.4227777777778,-76.2611111111111,1.27,2021-11-16,Approved,,,,,,,72019,00003,https://api.waterdata.usgs.gov/ogcapi/v0/collections/latest-daily/items?parameter_code=72019&statistic_id=00003&limit=10000&f=json
USGS-392521076154002,,,,,39.4227777777778,-76.2611111111111,-0.19,2021-11-16,Approved,,,,,,,72019,00003,https://api.waterdata.usgs.gov/ogcapi/v0/collections/latest-daily/items?parameter_code=72019&statistic_id=00003&limit=10000&f=json
USGS-392521076154301,,,,,39.4222222222222,-76.2611111111111,0.06,2021-11-16,Approved,,,,,,,72019,00003,https://api.waterdata.usgs.gov/ogcapi/v0/collections/latest-daily/items?parameter_code=72019&statistic_id=00003&limit=10000&f=json
USGS-392521076154302,,,,,39.4222222222222,-76.2611111111111,0.03,2021-11-16,Approved,,,,,,,72019,00003,https://api.waterdata.usgs.gov/ogcapi/v0/collections/latest-daily/items?parameter_code=72019&statistic_id=00003&limit=10000&f=json
USGS-392521076154701,,,,,39.4222222222222,-76.2638888888889,-0.82,2021-11-16,Approved,,,,,,,72019,00003,https://api.waterdata.usgs.gov/ogcapi/v0/collections/latest-daily/items?parameter_code=72019&statistic_id=00003&limit=10000&f=json
USGS-392527085005201,,,,,39.4241666666667,-85.0144444444445,21.22,2025-03-20,Approved,,,,,,,72019,00003,https://api.waterdata.usgs.gov/ogcapi/v0/collections/latest-daily/items?parameter_code=72019&statistic_id=00003&limit=10000&f=json
USGS-392544076151201,,,,,39.4277777777778,-76.2527777777778,0.49,2021-11-16,Approved,,,,,,,72019,00003,https://api.waterdata.usgs.gov/ogcapi/v0/collections/latest-daily/items?parameter_code=72019&statistic_id=00003&limit=10000&f=json
USGS-392544076151202,,,,,39.4277777777778,-76.2527777777778,0.88,2021-11-16,Approved,,,,,,,72019,00003,https://api.waterdata.usgs.gov/ogcapi/v0/collections/latest-daily/items?parameter_code=72019&statistic_id=00003&limit=10000&f=json
USGS-392612086230001,,,,,39.43666666666666,-86.38333333333334,63.55,2026-08-26,Provisional,,,,,,,72019,00003,https://api.waterdata.usgs.gov/ogcapi/v0/collections/latest-daily/items?parameter_code=72019&statistic_id=00003&limit=10000&f=json
USGS-392731075092401,,,,,39.459003967832,-75.1576833811503,8.82,2026-08-27,Provisional,,,,,,,72019,00003,https://api.waterdata.usgs.gov/ogcapi/v0/collections/latest-daily/items?parameter_code=72019&statistic_id=00003&limit=10000&f=json
USGS-392732075092401,,,,,39.459003967832,-75.1576833811503,9.34,2026-08-27,Provisional,,,,,,,72019,00003,https://api.waterdata.usgs.gov/ogcapi/v0/collections/latest-daily/items?parameter_code=72019&statistic_id=00003&limit=10000&f=json
USGS-392733075092401,,,,,39.459003967832,-75.1576833811503,175.5,2026-08-27,Provisional,,,,,,,72019,00003,https://api.waterdata.usgs.gov/ogcapi/v0/collections/latest-daily/items?parameter_code=72019&statistic_id=00003&limit=10000&f=json
USGS-392754074270101,,,,,39.4651173101732,-74.449872187692,79.12,2026-08-16,Provisional,,,,,,,72019,00003,https://api.waterdata.usgs.gov/ogcapi/v0/collections/latest-daily/items?parameter_code=72019&statistic_id=00003&limit=10000&f=json
USGS-392820087242601,,,,,39.4717033279839,-87.4091869221726,41.66,2026-08-26,Provisional,,,,,,,72019,00003,https://api.waterdata.usgs.gov/ogcapi/v0/collections/latest-daily/items?parameter_code=72019&statistic_id=00003&limit=10000&f=json
USGS-392900119251001,,,,,39.4833333333333,-119.419444444444,135.92,2015-10-06,Approved,,,,,,,72019,00003,https://api.waterdata.usgs.gov/ogcapi/v0/collections/latest-daily/items?parameter_code=72019&statistic_id=00003&limit=10000&f=json
USGS-392901074535501,,,,,39.4837270878833,-74.8982255256219,14.27,2007-10-02,Approved,,,,,,,72019,00003,https://api.waterdata.usgs.gov/ogcapi/v0/collections/latest-daily/items?parameter_code=72019&statistic_id=00003&limit=10000&f=json
USGS-392902074505101,,,,,39.4840050169543,-74.8471122320854,101.81,1986-11-19,Approved,,,,,,,72019,00003,https://api.waterdata.usgs.gov/ogcapi/v0/collections/latest-daily/items?parameter_code=72019&statistic_id=00003&limit=10000&f=json
USGS-392904074333401,,,,,39.4845277777778,-74.5593888888889,9.52,2006-10-11,Approved,,,,,,,72019,00003,https://api.waterdata.usgs.gov/ogcapi/v0/collections/latest-daily/items?parameter_code=72019&statistic_id=00003&limit=10000&f=json
USGS-392904074333402,,,,,39.4845277777778,-74.5594722222222,9.31,2006-10-11,Approved,,,,,,,72019,00003,https://api.waterdata.usgs.gov/ogcapi/v0/collections/latest-daily/items?parameter_code=72019&statistic_id=00003&limit=10000&f=json
USGS-392904074333403,,,,,39.4845555555556,-74.5594722222222,7.81,2006-10-11,Approved,,,,,,,72019,00003,https://api.waterdata.usgs.gov/ogcapi/v0/collections/latest-daily/items?parameter_code=72019&statistic_id=00003&limit=10000&f=json
USGS-392914074323401,,,,,39.4871388888889,-74.5426944444444,2.93,2006-10-11,Approved,,,,,,,72019,00003,https://api.waterdata.usgs.gov/ogcapi/v0/collections/latest-daily/items?parameter_code=72019&statistic_id=00003&limit=10000&f=json
USGS-392920074570001,,,,,39.4890047454325,-74.949616581571,10.55,2026-06-29,Approved,,,,,,,72019,00003,https://api.waterdata.usgs.gov/ogcapi/v0/collections/latest-daily/items?parameter_code=72019&statistic_id=00003&limit=10000&f=json
USGS-392922074321601,,,,,39.4894166666667,-74.53775,0.13,2007-06-05,Approved,,,,,,,72019,00003,https://api.waterdata.usgs.gov/ogcapi/v0/collections/latest-daily/items?parameter_code=72019&statistic_id=00003&limit=10000&f=json
USGS-392931076410301,,,,,39.4926,-76.684631,45.69,2026-08-27,Provisional,,,,,,,72019,00003,https://api.waterdata.usgs.gov/ogcapi/v0/collections/latest-daily/items?parameter_code=72019&statistic_id=00003&limit=10000&f=json
USGS-392933074310901,,,,,39.4923888888889,-74.5192222222222,11.81,2006-10-11,Approved,,,,,,,72019,00003,https://api.waterdata.usgs.gov/ogcapi/v0/collections/latest-daily/items?parameter_code=72019&statistic_id=00003&limit=10000&f=json
USGS-392933074310902,,,,,39.4924722222222,-74.5191944444444,12.12,2006-10-11,Approved,,,,,,,72019,00003,https://api.waterdata.usgs.gov/ogcapi/v0/collections/latest-daily/items?parameter_code=72019&statistic_id=00003&limit=10000&f=json
USGS-392933074310903,,,,,39.4925277777778,-74.51925,13.31,2006-10-11,Approved,,,,,,,72019,00003,https://api.waterdata.usgs.gov/ogcapi/v0/collections/latest-daily/items?parameter_code=72019&statistic_id=00003&limit=10000&f=json
USGS-392933074313001,,,,,39.4932222222222,-74.5241111111111,63.29,1988-02-08,Approved,,,,,,,72019,00003,https://api.waterdata.usgs.gov/ogcapi/v0/collections/latest-daily/items?parameter_code=72019&statistic_id=00003&limit=10000&f=json
USGS-392954095013101,,,,,39.4983055555556,-95.0254444444444,5.15,2016-06-21,Approved,,,,,,,72019,00003,https://api.waterdata.usgs.gov/ogcapi/v0/collections/latest-daily/items?parameter_code=72019&statistic_id=00003&limit=10000&f=json
USGS-393055075083501,,,,,39.5153929884842,-75.1426818458762,115.6,2026-06-29,Approved,,,,,,,72019,00003,https://api.waterdata.usgs.gov/ogcapi/v0/collections/latest-daily/items?parameter_code=72019&statistic_id=00003&limit=10000&f=json
USGS-393055075083502,,,,,39.5153929884842,-75.1426818458762,53.21,2002-12-01,Approved,,,,,,,72019,00003,https://api.waterdata.usgs.gov/ogcapi/v0/collections/latest-daily/items?parameter_code=72019&statistic_id=00003&limit=10000&f=json
USGS-393108119415101,,,,,39.5189083333333,-119.698441666667,3.66,2015-10-06,Approved,,,,,,,72019,00003,https://api.waterdata.usgs.gov/ogcapi/v0/collections/latest-daily/items?parameter_code=72019&statistic_id=00003&limit=10000&f=json
USGS-393108119415102,,,,,39.5189083333333,-119.698441666667,17.07,2015-10-06,Approved,,,,,,,72019,00003,https://api.waterdata.usgs.gov/ogcapi/v0/collections/latest-daily/items?parameter_code=72019&statistic_id=00003&limit=10000&f=json
USGS-393115074191001,,,,,39.5209510699753,-74.3190329760281,24.39,2019-08-26,Approved,,,,,,,72019,00003,https://api.waterdata.usgs.gov/ogcapi/v0/collections/latest-daily/items?parameter_code=72019&statistic_id=00003&limit=10000&f=json
USGS-393119086154101,,,,,39.5220555555556,-86.2611111111111,4.5,2006-07-01,Approved,,,,,,,72019,00003,https://api.waterdata.usgs.gov/ogcapi/v0/collections/latest-daily/items?parameter_code=72019&statistic_id=00003&limit=10000&f=json
USGS-393148079010601,,,,,39.5300907400353,-79.0180835079745,24.21,2010-09-29,Approved,,,,,,,72019,00003,https://api.waterdata.usgs.gov/ogcapi/v0/collections/latest-daily/items?parameter_code=72019&statistic_id=00003&limit=10000&f=json
USGS-393214116212401,,,,,39.5372222222222,-116.357433333333,8.94,2014-11-03,Approved,,,,,,,72019,00003,https://api.waterdata.usgs.gov/ogcapi/v0/collections/latest-daily/items?parameter_code=72019&statistic_id=00003&limit=10000&f=json
USGS-393218095032601,,,,,39.5380833333333,-95.0568055555556,6.75,2016-06-21,Approved,,,,,,,72019,00003,https://api.waterdata.usgs.gov/ogcapi/v0/collections/latest-daily/items?parameter_code=72019&statistic_id=00003&limit=10000&f=json
USGS-393223085534001,,,,,39.5397777777778,-85.8947222222222,4.05,2007-04-01,Approved,,,,,,,72019,00003,https://api.waterdata.usgs.gov/ogcapi/v0/collections/latest-daily/items?parameter_code=72019&statistic_id=00003&limit=10000&f=json
USGS-393232074263901,,,,,39.444283614039,-74.5418207843431,102.24,2026-08-27,Provisional,,,,,,,72019,00003,https://api.waterdata.usgs.gov/ogcapi/v0/collections/latest-daily/items?parameter_code=72019&statistic_id=00003&limit=10000&f=json
USGS-393232074263902,,,,,39.4441841715897,-74.54181639968479,40.77,2026-08-27,Provisional,,,,,,,72019,00003,https://api.waterdata.usgs.gov/ogcapi/v0/collections/latest-daily/items?parameter_code=72019&statistic_id=00003&limit=10000&f=json
USGS-393232074263903,,,,,39.444283614039,-74.5418207843431,20.46,2026-08-27,Provisional,,,,,,,72019,00003,https://api.waterdata.usgs.gov/ogcapi/v0/collections/latest-daily/items?parameter_code=72019&statistic_id=00003&limit=10000&f=json
USGS-393246075012701,,,,,39.5440044647167,-75.011840145269,20.6,2016-09-29,Approved,,,,,,,72019,00003,https://api.waterdata.usgs.gov/ogcapi/v0/collections/latest-daily/items?parameter_code=72019&statistic_id=00003&limit=10000&f=json
USGS-393300119283901,,,,,39.5499111111111,-119.477711111111,132.27,2015-10-06,Approved,,,,,,,72019,00003,https://api.waterdata.usgs.gov/ogcapi/v0/collections/latest-daily/items?parameter_code=72019&statistic_id=00003&limit=10000&f=json
USGS-393310114475001,,,,,39.549499999999995,-114.80619444444444,0,2026-05-14,Provisional,DISCONTINUED,,,,,,72019,00003,https://api.waterdata.usgs.gov/ogcapi/v0/collections/latest-daily/items?parameter_code=72019&statistic_id=00003&limit=10000&f=json
USGS-393312119331201,,,,,39.5534444444444,-119.553386111111,59.87,2015-10-06,Approved,,,,,,,72019,00003,https://api.waterdata.usgs.gov/ogcapi/v0/collections/latest-daily/items?parameter_code=72019&statistic_id=00003&limit=10000&f=json
USGS-393316119283901,,,,,39.5545055555556,-119.477530555556,147.97,2015-10-06,Approved,,,,,,,72019,00003,https://api.waterdata.usgs.gov/ogcapi/v0/collections/latest-daily/items?parameter_code=72019&statistic_id=00003&limit=10000&f=json
USGS-393323119292401,,,,,39.5563583333333,-119.489905555556,97,2015-10-06,Approved,,,,,,,72019,00003,https://api.waterdata.usgs.gov/ogcapi/v0/collections/latest-daily/items?parameter_code=72019&statistic_id=00003&limit=10000&f=json
USGS-393326119321101,,,,,39.5573055555556,-119.536444444444,26.41,2015-10-06,Approved,,,,,,,72019,00003,https://api.waterdata.usgs.gov/ogcapi/v0/collections/latest-daily/items?parameter_code=72019&statistic_id=00003&limit=10000&f=json
USGS-393327119301801,,,,,39.5575055555556,-119.505038888889,83.1,2015-10-06,Approved,,,,,,,72019,00003,https://api.waterdata.usgs.gov/ogcapi/v0/collections/latest-daily/items?parameter_code=72019&statistic_id=00003&limit=10000&f=json
USGS-393333074442401,,,,,39.559167,-74.740556,37.1,2024-02-02,Provisional,,,,,,,72019,00003,https://api.waterdata.usgs.gov/ogcapi/v0/collections/latest-daily/items?parameter_code=72019&statistic_id=00003&limit=10000&f=json
USGS-393337119301201,,,,,39.560275,-119.503452777778,34.68,2015-10-06,Approved,,,,,,,72019,00003,https://api.waterdata.usgs.gov/ogcapi/v0/collections/latest-daily/items?parameter_code=72019&statistic_id=00003&limit=10000&f=json
USGS-393338119293101,,,,,39.5605944444444,-119.492047222222,56.1,2015-10-06,Approved,,,,,,,72019,00003,https://api.waterdata.usgs.gov/ogcapi/v0/collections/latest-daily/items?parameter_code=72019&statistic_id=00003&limit=10000&f=json
USGS-393340075272201,,,,,39.56119444444444,-75.45613888888889,22.44,2026-05-28,Provisional,,,,,,,72019,00003,https://api.waterdata.usgs.gov/ogcapi/v0/collections/latest-daily/items?parameter_code=72019&statistic_id=00003&limit=10000&f=json
USGS-393343119285701,,,,,39.5652166666667,-119.482563888889,24.88,2015-10-06,Approved,,,,,,,72019,00003,https://api.waterdata.usgs.gov/ogcapi/v0/collections/latest-daily/items?parameter_code=72019&statistic_id=00003&limit=10000&f=json
USGS-393348075275701,,,,,39.563696227953,-75.4646700825808,36.44,2026-05-25,Approved,,,,,,,72019,00003,https://api.waterdata.usgs.gov/ogcapi/v0/collections/latest-daily/items?parameter_code=72019&statistic_id=00003&limit=10000&f=json
USGS-393348075275702,,,,,39.563696227953,-75.4646700825808,1.54,1975-05-24,Approved,,,,,,,72019,00003,https://api.waterdata.usgs.gov/ogcapi/v0/collections/latest-daily/items?parameter_code=72019&statistic_id=00003&limit=10000&f=json
USGS-393348075275703,,,,,39.5637517833594,-75.4647256400883,19.45,1975-08-18,Approved,,,,,,,72019,00003,https://api.waterdata.usgs.gov/ogcapi/v0/collections/latest-daily/items?parameter_code=72019&statistic_id=00003&limit=10000&f=json
USGS-393358103454800,,,,,39.5661111111111,-103.763333333333,10.57,2005-06-13,Approved,,,,,,,72019,00003,https://api.waterdata.usgs.gov/ogcapi/v0/collections/latest-daily/items?parameter_code=72019&statistic_id=00003&limit=10000&f=json
USGS-393402077434201,,,,,39.5673199427812,-77.7280484852133,53.1,2010-09-29,Approved,,,,,,,72019,00003,https://api.waterdata.usgs.gov/ogcapi/v0/collections/latest-daily/items?parameter_code=72019&statistic_id=00003&limit=10000&f=json
USGS-393418074353701,,,,,39.5717842246564,-74.593211357437,8.97,2007-10-03,Approved,,,,,,,72019,00003,https://api.waterdata.usgs.gov/ogcapi/v0/collections/latest-daily/items?parameter_code=72019&statistic_id=00003&limit=10000&f=json
USGS-393423086161001,,,,,39.5730933853635,-86.2694161950116,7.36,2026-08-26,Provisional,,,,,,,72019,00003,https://api.waterdata.usgs.gov/ogcapi/v0/collections/latest-daily/items?parameter_code=72019&statistic_id=00003&limit=10000&f=json
USGS-393522085555401,,,,,39.5894444444444,-85.9316666666667,13.4,2026-08-26,Provisional,,,,,,,72019,00003,https://api.waterdata.usgs.gov/ogcapi/v0/collections/latest-daily/items?parameter_code=72019&statistic_id=00003&limit=10000&f=json
USGS-393541083001100,,,,,39.594784348893,-83.0029604728826,11.69,2000-04-30,Approved,,,,,,,72019,00003,https://api.waterdata.usgs.gov/ogcapi/v0/collections/latest-daily/items?parameter_code=72019&statistic_id=00003&limit=10000&f=json
USGS-393554116252801,,,,,39.5982472222222,-116.424327777778,3.43,2014-11-03,Approved,,,,,,,72019,00003,https://api.waterdata.usgs.gov/ogcapi/v0/collections/latest-daily/items?parameter_code=72019&statistic_id=00003&limit=10000&f=json
USGS-393555116094801,,,,,39.5986805555556,-116.164372222222,4.19,2014-11-04,Approved,,,,,,,72019,00003,https://api.waterdata.usgs.gov/ogcapi/v0/collections/latest-daily/items?parameter_code=72019&statistic_id=00003&limit=10000&f=json
USGS-393557074411401,,,,,39.5992839148645,-74.6868260402451,4.79,1991-10-29,Approved,,,,,,,72019,00003,https://api.waterdata.usgs.gov/ogcapi/v0/collections/latest-daily/items?parameter_code=72019&statistic_id=00003&limit=10000&f=json
USGS-393616086134502,,,,,39.6045333333333,-86.2292138888889,11.22,2026-08-26,Provisional,,,,,,,72019,00003,https://api.waterdata.usgs.gov/ogcapi/v0/collections/latest-daily/items?parameter_code=72019&statistic_id=00003&limit=10000&f=json
USGS-393617075380001,,,,,39.604755555555556,-75.63335555555557,-1.02,2024-04-23,Approved,,,,,,,72019,00003,https://api.waterdata.usgs.gov/ogcapi/v0/collections/latest-daily/items?parameter_code=72019&statistic_id=00003&limit=10000&f=json
USGS-393617075380002,,,,,39.604755555555556,-75.63335555555557,-0.23,2024-04-22,Approved,,,,,,,72019,00003,https://api.waterdata.usgs.gov/ogcapi/v0/collections/latest-daily/items?parameter_code=72019&statistic_id=00003&limit=10000&f=json
USGS-393617075380402,,,,,39.60466666666667,-75.63431944444446,-0.82,2024-04-23,Approved,,,,,,,72019,00003,https://api.waterdata.usgs.gov/ogcapi/v0/collections/latest-daily/items?parameter_code=72019&statistic_id=00003&limit=10000&f=json
USGS-393617075380403,,,,,39.60466666666667,-75.63431944444446,-0.15,2024-04-23,Approved,,,,,,,72019,00003,https://api.waterdata.usgs.gov/ogcapi/v0/collections/latest-daily/items?parameter_code=72019&statistic_id=00003&limit=10000&f=json
USGS-393619087043001,,,,,39.6053201206978,-87.075013824852,14.91,2026-08-26,Provisional,,,,,,,72019,00003,https://api.waterdata.usgs.gov/ogcapi/v0/collections/latest-daily/items?parameter_code=72019&statistic_id=00003&limit=10000&f=json
USGS-393640092303901,,,,,39.6107777777778,-92.5107777777778,1.67,2016-11-13,Approved,,,,,,,72019,00003,https://api.waterdata.usgs.gov/ogcapi/v0/collections/latest-daily/items?parameter_code=72019&statistic_id=00003&limit=10000&f=json
USGS-393649103515600,,,,,39.6130393006273,-103.86690010511,8.63,1998-12-31,Approved,,,,,,,72019,00003,https://api.waterdata.usgs.gov/ogcapi/v0/collections/latest-daily/items?parameter_code=72019&statistic_id=00003&limit=10000&f=json
USGS-393702103544100,,,,,39.6172222222222,-103.911666666667,9.97,2003-08-06,Approved,,,,,,,72019,00003,https://api.waterdata.usgs.gov/ogcapi/v0/collections/latest-daily/items?parameter_code=72019&statistic_id=00003&limit=10000&f=json
USGS-393711116124801,,,,,39.6197027777778,-116.213305555556,2.4,2014-11-04,Approved,,,,,,,72019,00003,https://api.waterdata.usgs.gov/ogcapi/v0/collections/latest-daily/items?parameter_code=72019&statistic_id=00003&limit=10000&f=json
USGS-393725075322501,,,,,39.6235638888889,-75.5402694444444,6.82,2005-09-13,Approved,,,,,,,72019,00003,https://api.waterdata.usgs.gov/ogcapi/v0/collections/latest-daily/items?parameter_code=72019&statistic_id=00003&limit=10000&f=json
USGS-393732104394001,,,,,39.6255431114509,-104.661636688022,33.82,1992-01-27,Approved,,,,,,,72019,00003,https://api.waterdata.usgs.gov/ogcapi/v0/collections/latest-daily/items?parameter_code=72019&statistic_id=00003&limit=10000&f=json
USGS-393733077274801,,,,,39.6259311442773,-77.4630433444477,19.53,2019-05-28,Approved,,,,,,,72019,00003,https://api.waterdata.usgs.gov/ogcapi/v0/collections/latest-daily/items?parameter_code=72019&statistic_id=00003&limit=10000&f=json
USGS-393733104394201,,,,,39.625820893345,-104.662192258374,99.68,1992-01-27,Approved,,,,,,,72019,00003,https://api.waterdata.usgs.gov/ogcapi/v0/collections/latest-daily/items?parameter_code=72019&statistic_id=00003&limit=10000&f=json
USGS-393746086222901,,,,,39.6294444444444,-86.3747222222222,28.61,2025-01-28,Provisional,,,,,,,72019,00003,https://api.waterdata.usgs.gov/ogcapi/v0/collections/latest-daily/items?parameter_code=72019&statistic_id=00003&limit=10000&f=json
USGS-393749074550901,,,,,39.6310555555556,-74.9201666666667,8.34,2016-09-29,Approved,,,,,,,72019,00003,https://api.waterdata.usgs.gov/ogcapi/v0/collections/latest-daily/items?parameter_code=72019&statistic_id=00003&limit=10000&f=json
USGS-393749079190301,,,,,39.629778,-79.317722,11.55,2026-08-27,Provisional,,,,,,,72019,00003,https://api.waterdata.usgs.gov/ogcapi/v0/collections/latest-daily/items?parameter_code=72019&statistic_id=00003&limit=10000&f=json
USGS-393804116165801,,,,,39.6343083333333,-116.282722222222,-1.53,2026-08-26,Provisional,,,,,,,72019,00003,https://api.waterdata.usgs.gov/ogcapi/v0/collections/latest-daily/items?parameter_code=72019&statistic_id=00003&limit=10000&f=json
USGS-393804116165802,,,,,39.6343083333333,-116.282722222222,6.09,2026-08-26,Provisional,,,,,,,72019,00003,https://api.waterdata.usgs.gov/ogcapi/v0/collections/latest-daily/items?parameter_code=72019&statistic_id=00003&limit=10000&f=json
USGS-393851077343001,,,,,39.647464,-77.574814,49.02,2026-08-27,Provisional,,,,,,,72019,00003,https://api.waterdata.usgs.gov/ogcapi/v0/collections/latest-daily/items?parameter_code=72019&statistic_id=00003&limit=10000&f=json
USGS-393855086120701,,,,,39.648656897387,-86.2019325818079,7.7,2025-04-28,Provisional,,,,,,,72019,00003,https://api.waterdata.usgs.gov/ogcapi/v0/collections/latest-daily/items?parameter_code=72019&statistic_id=00003&limit=10000&f=json
USGS-393902103554000,,,,,39.6505555555556,-103.927777777778,11.24,2014-09-29,Approved,,,,,,,72019,00003,https://api.waterdata.usgs.gov/ogcapi/v0/collections/latest-daily/items?parameter_code=72019&statistic_id=00003&limit=10000&f=json
USGS-393902103554001,,,,,39.6505555555556,-103.927777777778,12.3,2026-08-27,Provisional,,,,,,,72019,00003,https://api.waterdata.usgs.gov/ogcapi/v0/collections/latest-daily/items?parameter_code=72019&statistic_id=00003&limit=10000&f=json
USGS-393902103554003,,,,,39.6505555555556,-103.927777777778,11.79,2014-09-29,Approved,,,,,,,72019,00003,https://api.waterdata.usgs.gov/ogcapi/v0/collections/latest-daily/items?parameter_code=72019&statistic_id=00003&limit=10000&f=json
USGS-393943085490901,,,,,39.6619897545316,-85.8191461692232,18.59,2026-08-26,Provisional,,,,,,,72019,00003,https://api.waterdata.usgs.gov/ogcapi/v0/collections/latest-daily/items?parameter_code=72019&statistic_id=00003&limit=10000&f=json
USGS-393950086124701,,,,,39.6639343777382,-86.2130439168539,7.17,2003-09-29,Approved,,,,,,,72019,00003,https://api.waterdata.usgs.gov/ogcapi/v0/collections/latest-daily/items?parameter_code=72019&statistic_id=00003&limit=10000&f=json
USGS-393959079555901,,,,,39.6665,-79.9329722222222,92.87,2026-08-27,Provisional,,,,,,,72019,00003,https://api.waterdata.usgs.gov/ogcapi/v0/collections/latest-daily/items?parameter_code=72019&statistic_id=00003&limit=10000&f=json
USGS-394008077005601,,,,,39.668611,-77.014944,3.94,2026-08-27,Provisional,,,,,,,72019,00003,https://api.waterdata.usgs.gov/ogcapi/v0/collections/latest-daily/items?parameter_code=72019&statistic_id=00003&limit=10000&f=json
USGS-394025086400801,,,,,39.673657556674,-86.6688926519143,11.9,2013-02-02,Approved,,,,,,,72019,00003,https://api.waterdata.usgs.gov/ogcapi/v0/collections/latest-daily/items?parameter_code=72019&statistic_id=00003&limit=10000&f=json
USGS-394032085543101,,,,,39.6753611111111,-85.9086944444444,6.09,2007-04-01,Approved,,,,,,,72019,00003,https://api.waterdata.usgs.gov/ogcapi/v0/collections/latest-daily/items?parameter_code=72019&statistic_id=00003&limit=10000&f=json
USGS-394036074400101,,,,,39.6745621629447,-74.6662686690212,5.75,1986-11-24,Approved,,,,,,,72019,00003,https://api.waterdata.usgs.gov/ogcapi/v0/collections/latest-daily/items?parameter_code=72019&statistic_id=00003&limit=10000&f=json
USGS-394036116183401,,,,,39.677181,-116.3113,38.63,2026-08-26,Provisional,,,,,,,72019,00003,https://api.waterdata.usgs.gov/ogcapi/v0/collections/latest-daily/items?parameter_code=72019&statistic_id=00003&limit=10000&f=json
USGS-394037075191501,,,,,39.6771415280256,-75.320355823435,95.54,2026-05-25,Provisional,,,,,,,72019,00003,https://api.waterdata.usgs.gov/ogcapi/v0/collections/latest-daily/items?parameter_code=72019&statistic_id=00003&limit=10000&f=json
USGS-394106074362501,,,,,39.6851181186126,-74.6059885521337,21.55,2026-08-27,Provisional,,,,,,,72019,00003,https://api.waterdata.usgs.gov/ogcapi/v0/collections/latest-daily/items?parameter_code=72019&statistic_id=00003&limit=10000&f=json
USGS-394119075062701,,,,,39.6887256886883,-75.1071199898029,146.36,2026-05-12,Provisional,,,,,,,72019,00003,https://api.waterdata.usgs.gov/ogcapi/v0/collections/latest-daily/items?parameter_code=72019&statistic_id=00003&limit=10000&f=json
USGS-394132074482201,,,,,39.69225,-74.8061944444444,1.24,2007-09-13,Approved,,,,,,,72019,00003,https://api.waterdata.usgs.gov/ogcapi/v0/collections/latest-daily/items?parameter_code=72019&statistic_id=00003&limit=10000&f=json
USGS-394138074453101,,,,,39.6938888888889,-74.7587222222222,2.41,2006-10-09,Approved,,,,,,,72019,00003,https://api.waterdata.usgs.gov/ogcapi/v0/collections/latest-daily/items?parameter_code=72019&statistic_id=00003&limit=10000&f=json
USGS-394138074453201,,,,,39.6938055555555,-74.7588333333333,2.14,2006-10-09,Approved,,,,,,,72019,00003,https://api.waterdata.usgs.gov/ogcapi/v0/collections/latest-daily/items?parameter_code=72019&statistic_id=00003&limit=10000&f=json
USGS-394138074453202,,,,,39.6938611111111,-74.7587777777778,2.79,2006-10-09,Approved,,,,,,,72019,00003,https://api.waterdata.usgs.gov/ogcapi/v0/collections/latest-daily/items?parameter_code=72019&statistic_id=00003&limit=10000&f=json
USGS-394215074561701,,,,,39.7042823249394,-74.9376656875072,147.38,2026-08-27,Provisional,,,,,,,72019,00003,https://api.waterdata.usgs.gov/ogcapi/v0/collections/latest-daily/items?parameter_code=72019&statistic_id=00003&limit=10000&f=json
USGS-394215074561702,,,,,39.7042823249394,-74.9376656875072,168.1,2026-08-27,Provisional,,,,,,,72019,00003,https://api.waterdata.usgs.gov/ogcapi/v0/collections/latest-daily/items?parameter_code=72019&statistic_id=00003&limit=10000&f=json
USGS-394215074561703,,,,,39.7042823249394,-74.9376656875072,145.75,2026-08-27,Provisional,,,,,,,72019,00003,https://api.waterdata.usgs.gov/ogcapi/v0/collections/latest-daily/items?parameter_code=72019&statistic_id=00003&limit=10000&f=json
USGS-394215074561704,,,,,39.7042823249394,-74.9376656875072,1.29,1982-02-03,Approved,,,,,,,72019,00003,https://api.waterdata.usgs.gov/ogcapi/v0/collections/latest-daily/items?parameter_code=72019&statistic_id=00003&limit=10000&f=json
USGS-394221075072201,,,,,39.7059477519689,-75.1223984314826,20.72,2016-09-29,Approved,,,,,,,72019,00003,https://api.waterdata.usgs.gov/ogcapi/v0/collections/latest-daily/items?parameter_code=72019&statistic_id=00003&limit=10000&f=json
USGS-394235074572801,,,,,39.7098376899595,-74.9573883248049,10.07,1979-09-29,Approved,,,,,,,72019,00003,https://api.waterdata.usgs.gov/ogcapi/v0/collections/latest-daily/items?parameter_code=72019&statistic_id=00003&limit=10000&f=json
USGS-394236075272101,,,,,39.7105858560468,-75.4566953919774,10.51,2026-08-27,Provisional,,,,,,,72019,00003,https://api.waterdata.usgs.gov/ogcapi/v0/collections/latest-daily/items?parameter_code=72019&statistic_id=00003&limit=10000&f=json
USGS-394256075101001,,,,,39.7173888888889,-75.1701111111111,25.31,2016-09-29,Approved,,,,,,,72019,00003,https://api.waterdata.usgs.gov/ogcapi/v0/collections/latest-daily/items?parameter_code=72019&statistic_id=00003&limit=10000&f=json
USGS-394308074571101,,,,,39.7198377252153,-74.9515545242152,3.92,1979-09-29,Approved,,,,,,,72019,00003,https://api.waterdata.usgs.gov/ogcapi/v0/collections/latest-daily/items?parameter_code=72019&statistic_id=00003&limit=10000&f=json
USGS-394332075000301,,,,,39.7256705759535,-75.0004446550365,7.91,1979-09-29,Approved,,,,,,,72019,00003,https://api.waterdata.usgs.gov/ogcapi/v0/collections/latest-daily/items?parameter_code=72019&statistic_id=00003&limit=10000&f=json
USGS-394336074161201,,,,,39.72675,-74.2694722222222,27.23,2026-07-14,Provisional,,,,,,,72019,00003,https://api.waterdata.usgs.gov/ogcapi/v0/collections/latest-daily/items?parameter_code=72019&statistic_id=00003&limit=10000&f=json
USGS-394343080195201,,,,,39.7286909807009,-80.3309075260965,8.01,1986-07-04,Approved,,,,,,,72019,00003,https://api.waterdata.usgs.gov/ogcapi/v0/collections/latest-daily/items?parameter_code=72019&statistic_id=00003&limit=10000&f=json
USGS-394348118040201,,,,,39.7301055555556,-118.067263888889,1.77,2011-10-25,Approved,,,,,,,72019,00003,https://api.waterdata.usgs.gov/ogcapi/v0/collections/latest-daily/items?parameter_code=72019&statistic_id=00003&limit=10000&f=json
USGS-394354075025901,,,,,39.7317813867915,-75.0493369222376,17.77,2026-08-27,Provisional,,,,,,,72019,00003,https://api.waterdata.usgs.gov/ogcapi/v0/collections/latest-daily/items?parameter_code=72019&statistic_id=00003&limit=10000&f=json
USGS-394407074533601,,,,,39.7351666666667,-74.8933611111111,32.11,2006-10-09,Approved,,,,,,,72019,00003,https://api.waterdata.usgs.gov/ogcapi/v0/collections/latest-daily/items?parameter_code=72019&statistic_id=00003&limit=10000&f=json
USGS-394407074533602,,,,,39.7352222222222,-74.8933611111111,32.03,2006-10-09,Approved,,,,,,,72019,00003,https://api.waterdata.usgs.gov/ogcapi/v0/collections/latest-daily/items?parameter_code=72019&statistic_id=00003&limit=10000&f=json
USGS-394410074534501,,,,,39.7351666666667,-74.8933611111111,29.37,2006-10-09,Approved,,,,,,,72019,00003,https://api.waterdata.usgs.gov/ogcapi/v0/collections/latest-daily/items?parameter_code=72019&statistic_id=00003&limit=10000&f=json
USGS-394422074430903,,,,,39.7395621500943,-74.7187696004054,8.28,2026-07-28,Provisional,,,,,,,72019,00003,https://api.waterdata.usgs.gov/ogcapi/v0/collections/latest-daily/items?parameter_code=72019&statistic_id=00003&limit=10000&f=json
USGS-394426085080601,,,,,39.7411577404205,-85.1357976137365,10.26,2026-08-26,Provisional,,,,,,,72019,00003,https://api.waterdata.usgs.gov/ogcapi/v0/collections/latest-daily/items?parameter_code=72019&statistic_id=00003&limit=10000&f=json
USGS-394430077225001,,,,,39.7416111111111,-77.3805833333333,106.26,2026-08-26,Provisional,,,,,,,72019,00003,https://api.waterdata.usgs.gov/ogcapi/v0/collections/latest-daily/items?parameter_code=72019&statistic_id=00003&limit=10000&f=json
USGS-394432075430701,,,,,39.74248055555556,-75.71861944444444,17.62,2025-11-16,Approved,,,,,,,72019,00003,https://api.waterdata.usgs.gov/ogcapi/v0/collections/latest-daily/items?parameter_code=72019&statistic_id=00003&limit=10000&f=json
USGS-394440074593101,,,,,39.7445594902118,-74.9915548703948,28,2006-04-26,Approved,,,,,,,72019,00003,https://api.waterdata.usgs.gov/ogcapi/v0/collections/latest-daily/items?parameter_code=72019&statistic_id=00003&limit=10000&f=json
USGS-394442084111600,,,,,39.745075,-84.1877,116.61,2026-08-27,Provisional,,,,,,,72019,00003,https://api.waterdata.usgs.gov/ogcapi/v0/collections/latest-daily/items?parameter_code=72019&statistic_id=00003&limit=10000&f=json
USGS-394452074281901,,,,,39.7478969770295,-74.4715388373659,4.22,2026-07-29,Provisional,,,,,,,72019,00003,https://api.waterdata.usgs.gov/ogcapi/v0/collections/latest-daily/items?parameter_code=72019&statistic_id=00003&limit=10000&f=json
USGS-394508093132101,,,,,39.752,-93.2226666666667,3.95,2017-01-23,Approved,,,,,,,72019,00003,https://api.waterdata.usgs.gov/ogcapi/v0/collections/latest-daily/items?parameter_code=72019&statistic_id=00003&limit=10000&f=json
USGS-394508118025503,,,,,39.7521666666667,-118.048508333333,3.17,2011-10-26,Approved,,,,,,,72019,00003,https://api.waterdata.usgs.gov/ogcapi/v0/collections/latest-daily/items?parameter_code=72019&statistic_id=00003&limit=10000&f=json
USGS-394510087105001,,,,,39.7527777777778,-87.1805555555556,12.37,2025-03-09,Provisional,,,,,,,72019,00003,https://api.waterdata.usgs.gov/ogcapi/v0/collections/latest-daily/items?parameter_code=72019&statistic_id=00003&limit=10000&f=json
USGS-394513074280601,,,,,39.7537302806597,-74.4679276033183,29.69,2026-07-29,Provisional,,,,,,,72019,00003,https://api.waterdata.usgs.gov/ogcapi/v0/collections/latest-daily/items?parameter_code=72019&statistic_id=00003&limit=10000&f=json
USGS-394545117573601,,,,,39.7625111111111,-117.9601,17.85,2009-08-10,Approved,,,,,,,72019,00003,https://api.waterdata.usgs.gov/ogcapi/v0/collections/latest-daily/items?parameter_code=72019&statistic_id=00003&limit=10000&f=json
USGS-394545117573602,,,,,39.7625111111111,-117.9601,16.55,2011-10-24,Approved,,,,,,,72019,00003,https://api.waterdata.usgs.gov/ogcapi/v0/collections/latest-daily/items?parameter_code=72019&statistic_id=00003&limit=10000&f=json
USGS-394559118013701,,,,,39.7664444444444,-118.026830555556,1.46,2011-10-26,Approved,,,,,,,72019,00003,https://api.waterdata.usgs.gov/ogcapi/v0/collections/latest-daily/items?parameter_code=72019&statistic_id=00003&limit=10000&f=json
USGS-394601075100501,,,,,39.7670582975385,-75.1676785022091,89.66,1988-09-01,Approved,,,,,,,72019,00003,https://api.waterdata.usgs.gov/ogcapi/v0/collections/latest-daily/items?parameter_code=72019&statistic_id=00003&limit=10000&f=json
USGS-394605086311001,,,,,39.7680555555556,-86.5194444444444,51.64,2022-11-17,Approved,,,,,,,72019,00003,https://api.waterdata.usgs.gov/ogcapi/v0/collections/latest-daily/items?parameter_code=72019&statistic_id=00003&limit=10000&f=json
USGS-394606075213301,,,,,39.7689722222222,-75.3591944444444,17.23,1986-06-11,Approved,,,,,,,72019,00003,https://api.waterdata.usgs.gov/ogcapi/v0/collections/latest-daily/items?parameter_code=72019&statistic_id=00003&limit=10000&f=json
USGS-394606075213302,,,,,39.7689722222222,-75.3592777777778,8.64,1986-06-11,Approved,,,,,,,72019,00003,https://api.waterdata.usgs.gov/ogcapi/v0/collections/latest-daily/items?parameter_code=72019&statistic_id=00003&limit=10000&f=json
USGS-394608086311001,,,,,39.76888888888889,-86.51694444444445,53.35,2025-04-28,Provisional,,,,,,,72019,00003,https://api.waterdata.usgs.gov/ogcapi/v0/collections/latest-daily/items?parameter_code=72019&statistic_id=00003&limit=10000&f=json
USGS-394637075191601,,,,,39.7773888888889,-75.3205277777778,44.5,1988-11-13,Approved,,,,,,,72019,00003,https://api.waterdata.usgs.gov/ogcapi/v0/collections/latest-daily/items?parameter_code=72019&statistic_id=00003&limit=10000&f=json
USGS-394637075191602,,,,,39.7774166666667,-75.3205833333333,38.78,1988-11-13,Approved,,,,,,,72019,00003,https://api.waterdata.usgs.gov/ogcapi/v0/collections/latest-daily/items?parameter_code=72019&statistic_id=00003&limit=10000&f=json
USGS-394637075191603,,,,,39.7773611111111,-75.3204722222222,37.99,1988-11-13,Approved,,,,,,,72019,00003,https://api.waterdata.usgs.gov/ogcapi/v0/collections/latest-daily/items?parameter_code=72019&statistic_id=00003&limit=10000&f=json
USGS-394652075100401,,,,,39.7812248840652,-75.1674006679282,111.01,2026-05-25,Approved,,,,,,,72019,00003,https://api.waterdata.usgs.gov/ogcapi/v0/collections/latest-daily/items?parameter_code=72019&statistic_id=00003&limit=10000&f=json
USGS-394652075100402,,,,,39.7812248840652,-75.1674006679282,104.77,2026-05-25,Provisional,,,,,,,72019,00003,https://api.waterdata.usgs.gov/ogcapi/v0/collections/latest-daily/items?parameter_code=72019&statistic_id=00003&limit=10000&f=json
USGS-394655080014301,,,,,39.7821388888889,-80.0285277777778,27.35,2026-08-26,Provisional,,,,,,,72019,00003,https://api.waterdata.usgs.gov/ogcapi/v0/collections/latest-daily/items?parameter_code=72019&statistic_id=00003&limit=10000&f=json
USGS-394731077411701,,,,,39.7920376513371,-77.6877706259252,22.82,2001-08-29,Approved,,,,,,,72019,00003,https://api.waterdata.usgs.gov/ogcapi/v0/collections/latest-daily/items?parameter_code=72019&statistic_id=00003&limit=10000&f=json
USGS-394738080072101,,,,,39.7939663175161,-80.1222868040319,35.12,2009-09-21,Approved,,,,,,,72019,00003,https://api.waterdata.usgs.gov/ogcapi/v0/collections/latest-daily/items?parameter_code=72019&statistic_id=00003&limit=10000&f=json
USGS-394742074142002,,,,,39.7956748714326,-74.2379190718823,9.12,2026-05-11,Provisional,,,,,,,72019,00003,https://api.waterdata.usgs.gov/ogcapi/v0/collections/latest-daily/items?parameter_code=72019&statistic_id=00003&limit=10000&f=json
USGS-394755078135001,,,,,39.7986111111111,-78.2305833333333,50.5,2026-08-26,Provisional,,,,,,,72019,00003,https://api.waterdata.usgs.gov/ogcapi/v0/collections/latest-daily/items?parameter_code=72019&statistic_id=00003&limit=10000&f=json
USGS-394755080102601,,,,,39.7986882876972,-80.1736776109816,35.25,1987-08-16,Approved,,,,,,,72019,00003,https://api.waterdata.usgs.gov/ogcapi/v0/collections/latest-daily/items?parameter_code=72019&statistic_id=00003&limit=10000&f=json
USGS-394755080102602,,,,,39.7986882876972,-80.1736776109816,7.48,1987-08-16,Approved,,,,,,,72019,00003,https://api.waterdata.usgs.gov/ogcapi/v0/collections/latest-daily/items?parameter_code=72019&statistic_id=00003&limit=10000&f=json
USGS-394755080102603,,,,,39.7986882876972,-80.1736776109816,2.09,1982-06-25,Approved,,,,,,,72019,00003,https://api.waterdata.usgs.gov/ogcapi/v0/collections/latest-daily/items?parameter_code=72019&statistic_id=00003&limit=10000&f=json
USGS-394800074524601,,,,,39.800004253962,-74.879080068364,122.13,2026-05-19,Provisional,,,,,,,72019,00003,https://api.waterdata.usgs.gov/ogcapi/v0/collections/latest-daily/items?parameter_code=72019&statistic_id=00003&limit=10000&f=json
USGS-394800075193601,,,,,39.8001131681516,-75.326299508602,4.67,1988-11-14,Approved,,,,,,,72019,00003,https://api.waterdata.usgs.gov/ogcapi/v0/collections/latest-daily/items?parameter_code=72019&statistic_id=00003&limit=10000&f=json
USGS-394802075193301,,,,,39.8006687205211,-75.3254661275688,4.24,1988-11-14,Approved,,,,,,,72019,00003,https://api.waterdata.usgs.gov/ogcapi/v0/collections/latest-daily/items?parameter_code=72019&statistic_id=00003&limit=10000&f=json
USGS-394804075193301,,,,,39.8009166666667,-75.3262222222222,14.43,1988-11-13,Approved,,,,,,,72019,00003,https://api.waterdata.usgs.gov/ogcapi/v0/collections/latest-daily/items?parameter_code=72019&statistic_id=00003&limit=10000&f=json
USGS-394804075193302,,,,,39.8010555555555,-75.3261666666667,4.81,1988-11-13,Approved,,,,,,,72019,00003,https://api.waterdata.usgs.gov/ogcapi/v0/collections/latest-daily/items?parameter_code=72019&statistic_id=00003&limit=10000&f=json
USGS-394808075172401,,,,,39.8023354444644,-75.2896307455604,13.36,2026-05-25,Provisional,,,,,,,72019,00003,https://api.waterdata.usgs.gov/ogcapi/v0/collections/latest-daily/items?parameter_code=72019&statistic_id=00003&limit=10000&f=json
USGS-394808075172402,,,,,39.8023354444644,-75.2896307455604,9.5,2026-05-25,Approved,,,,,,,72019,00003,https://api.waterdata.usgs.gov/ogcapi/v0/collections/latest-daily/items?parameter_code=72019&statistic_id=00003&limit=10000&f=json
USGS-394808075172403,,,,,39.8023354444644,-75.2896307455604,9.56,2026-05-25,Provisional,,,,,,,72019,00003,https://api.waterdata.usgs.gov/ogcapi/v0/collections/latest-daily/items?parameter_code=72019&statistic_id=00003&limit=10000&f=json
USGS-394808075172404,,,,,39.8023354444644,-75.2896307455604,8.24,2026-05-25,Approved,,,,,,,72019,00003,https://api.waterdata.usgs.gov/ogcapi/v0/collections/latest-daily/items?parameter_code=72019&statistic_id=00003&limit=10000&f=json
USGS-394815084020701,,,,,39.8042257866917,-84.0352127395402,31.15,1994-09-29,Approved,,,,,,,72019,00003,https://api.waterdata.usgs.gov/ogcapi/v0/collections/latest-daily/items?parameter_code=72019&statistic_id=00003&limit=10000&f=json
USGS-394815084020703,,,,,39.8042257866917,-84.0352127395402,29.03,1994-09-29,Approved,,,,,,,72019,00003,https://api.waterdata.usgs.gov/ogcapi/v0/collections/latest-daily/items?parameter_code=72019&statistic_id=00003&limit=10000&f=json
USGS-394829074053501,,,,,39.8081752644551,-74.0926354395211,3.1,1975-03-19,Approved,,,,,,,72019,00003,https://api.waterdata.usgs.gov/ogcapi/v0/collections/latest-daily/items?parameter_code=72019&statistic_id=00003&limit=10000&f=json
USGS-394829074053503,,,,,39.8081752644551,-74.0926354395211,15.34,2026-08-27,Provisional,,,,,,,72019,00003,https://api.waterdata.usgs.gov/ogcapi/v0/collections/latest-daily/items?parameter_code=72019&statistic_id=00003&limit=10000&f=json
USGS-394829074053504,,,,,39.8081752644551,-74.0926354395211,3.71,1975-04-22,Approved,,,,,,,72019,00003,https://api.waterdata.usgs.gov/ogcapi/v0/collections/latest-daily/items?parameter_code=72019&statistic_id=00003&limit=10000&f=json
USGS-394843079351401,,,,,39.8125,-79.5872222222222,21.14,2026-08-26,Provisional,,,,,,,72019,00003,https://api.waterdata.usgs.gov/ogcapi/v0/collections/latest-daily/items?parameter_code=72019&statistic_id=00003&limit=10000&f=json
USGS-394851079580301,,,,,39.8142439481444,-79.9672797024084,59.39,1981-10-14,Approved,,,,,,,72019,00003,https://api.waterdata.usgs.gov/ogcapi/v0/collections/latest-daily/items?parameter_code=72019&statistic_id=00003&limit=10000&f=json
USGS-394902080021301,,,,,39.8172994498091,-80.0367269415895,41.02,1982-05-25,Approved,,,,,,,72019,00003,https://api.waterdata.usgs.gov/ogcapi/v0/collections/latest-daily/items?parameter_code=72019&statistic_id=00003&limit=10000&f=json
USGS-394902080021302,,,,,39.8172994498091,-80.0367269415895,41.9,1985-10-16,Approved,,,,,,,72019,00003,https://api.waterdata.usgs.gov/ogcapi/v0/collections/latest-daily/items?parameter_code=72019&statistic_id=00003&limit=10000&f=json
USGS-394903080021501,,,,,39.8175772203593,-80.037282509779,66.71,1985-10-16,Approved,,,,,,,72019,00003,https://api.waterdata.usgs.gov/ogcapi/v0/collections/latest-daily/items?parameter_code=72019&statistic_id=00003&limit=10000&f=json
USGS-394904074253601,,,,,39.8178961812188,-74.4262598366492,226.41,2026-07-29,Provisional,,,,,,,72019,00003,https://api.waterdata.usgs.gov/ogcapi/v0/collections/latest-daily/items?parameter_code=72019&statistic_id=00003&limit=10000&f=json
USGS-394908080211001,,,,,39.8189670659225,-80.3525713022873,350.57,1982-06-25,Approved,,,,,,,72019,00003,https://api.waterdata.usgs.gov/ogcapi/v0/collections/latest-daily/items?parameter_code=72019&statistic_id=00003&limit=10000&f=json
USGS-394908080211002,,,,,39.8189670659225,-80.3525713022873,47.94,1985-10-17,Approved,,,,,,,72019,00003,https://api.waterdata.usgs.gov/ogcapi/v0/collections/latest-daily/items?parameter_code=72019&statistic_id=00003&limit=10000&f=json
USGS-394922074563301,,,,,39.8228923223813,-74.9412766415162,192.16,2026-05-19,Provisional,,,,,,,72019,00003,https://api.waterdata.usgs.gov/ogcapi/v0/collections/latest-daily/items?parameter_code=72019&statistic_id=00003&limit=10000&f=json
USGS-394922074563302,,,,,39.8228923223813,-74.9412766415162,195.95,2026-05-19,Provisional,,,,,,,72019,00003,https://api.waterdata.usgs.gov/ogcapi/v0/collections/latest-daily/items?parameter_code=72019&statistic_id=00003&limit=10000&f=json
USGS-394937076390701,,,,,39.8270460606505,-76.6516355110787,22.35,2005-09-29,Approved,,,,,,,72019,00003,https://api.waterdata.usgs.gov/ogcapi/v0/collections/latest-daily/items?parameter_code=72019&statistic_id=00003&limit=10000&f=json
USGS-394940085460101,,,,,39.82777777777778,-85.76694444444445,19.54,2026-08-25,Provisional,,,,,,,72019,00003,https://api.waterdata.usgs.gov/ogcapi/v0/collections/latest-daily/items?parameter_code=72019&statistic_id=00003&limit=10000&f=json
USGS-394942075131701,,,,,39.8284466510872,-75.2210151599002,36.15,1996-04-17,Approved,,,,,,,72019,00003,https://api.waterdata.usgs.gov/ogcapi/v0/collections/latest-daily/items?parameter_code=72019&statistic_id=00003&limit=10000&f=json
USGS-394943080342601,,,,,39.8285555555556,-80.5738333333333,66.97,2020-10-04,Approved,,,,,,,72019,00003,https://api.waterdata.usgs.gov/ogcapi/v0/collections/latest-daily/items?parameter_code=72019&statistic_id=00003&limit=10000&f=json
USGS-394957075053001,,,,,39.8326137266438,-75.0912844905374,74.34,2026-05-25,Provisional,,,,,,,72019,00003,https://api.waterdata.usgs.gov/ogcapi/v0/collections/latest-daily/items?parameter_code=72019&statistic_id=00003&limit=10000&f=json
USGS-395020083003300,,,,,39.8389523981076,-83.0090723424712,31.86,1991-08-01,Approved,,,,,,,72019,00003,https://api.waterdata.usgs.gov/ogcapi/v0/collections/latest-daily/items?parameter_code=72019&statistic_id=00003&limit=10000&f=json
USGS-395024083003000,,,,,39.840063523759,-83.0082389776591,22.78,1991-08-12,Approved,,,,,,,72019,00003,https://api.waterdata.usgs.gov/ogcapi/v0/collections/latest-daily/items?parameter_code=72019&statistic_id=00003&limit=10000&f=json
USGS-395028074104401,,,,,39.841,-74.1784722222222,3.17,2026-08-27,Provisional,,,,,,,72019,00003,https://api.waterdata.usgs.gov/ogcapi/v0/collections/latest-daily/items?parameter_code=72019&statistic_id=00003&limit=10000&f=json
USGS-395034074112101,,,,,39.8428968228526,-74.1887509140907,10.21,2026-07-13,Provisional,,,,,,,72019,00003,https://api.waterdata.usgs.gov/ogcapi/v0/collections/latest-daily/items?parameter_code=72019&statistic_id=00003&limit=10000&f=json
USGS-395043075440701,,,,,39.8453875694339,-75.7349382231223,20.63,2001-09-18,Approved,,,,,,,72019,00003,https://api.waterdata.usgs.gov/ogcapi/v0/collections/latest-daily/items?parameter_code=72019&statistic_id=00003&limit=10000&f=json
USGS-395043075440702,,,,,39.8453875694339,-75.7349382231223,21.6,2001-09-18,Approved,,,,,,,72019,00003,https://api.waterdata.usgs.gov/ogcapi/v0/collections/latest-daily/items?parameter_code=72019&statistic_id=00003&limit=10000&f=json
USGS-395045075434701,,,,,39.8459431647795,-75.7293822970504,41.93,2002-01-24,Approved,,,,,,,72019,00003,https://api.waterdata.usgs.gov/ogcapi/v0/collections/latest-daily/items?parameter_code=72019&statistic_id=00003&limit=10000&f=json
USGS-395045075434702,,,,,39.8459431647795,-75.7293822970504,32.25,2001-12-25,Approved,,,,,,,72019,00003,https://api.waterdata.usgs.gov/ogcapi/v0/collections/latest-daily/items?parameter_code=72019&statistic_id=00003&limit=10000&f=json
USGS-395046075434401,,,,,39.8461111111111,-75.7288888888889,25.48,2001-11-21,Approved,,,,,,,72019,00003,https://api.waterdata.usgs.gov/ogcapi/v0/collections/latest-daily/items?parameter_code=72019&statistic_id=00003&limit=10000&f=json
USGS-395046080051601,,,,,39.8461876018795,-80.0875613135542,138.41,1982-06-24,Approved,,,,,,,72019,00003,https://api.waterdata.usgs.gov/ogcapi/v0/collections/latest-daily/items?parameter_code=72019&statistic_id=00003&limit=10000&f=json
USGS-395048075434701,,,,,39.8467764828066,-75.7293823285841,26.64,2002-01-24,Approved,,,,,,,72019,00003,https://api.waterdata.usgs.gov/ogcapi/v0/collections/latest-daily/items?parameter_code=72019&statistic_id=00003&limit=10000&f=json
USGS-395048075434702,,,,,39.8467764828066,-75.7293823285841,18.97,2002-01-24,Approved,,,,,,,72019,00003,https://api.waterdata.usgs.gov/ogcapi/v0/collections/latest-daily/items?parameter_code=72019&statistic_id=00003&limit=10000&f=json
USGS-395049075434301,,,,,39.8470542654617,-75.7282711495808,15.96,2002-01-24,Approved,,,,,,,72019,00003,https://api.waterdata.usgs.gov/ogcapi/v0/collections/latest-daily/items?parameter_code=72019&statistic_id=00003&limit=10000&f=json
USGS-395049075434302,,,,,39.8470542654617,-75.7282711495808,13.6,2002-01-24,Approved,,,,,,,72019,00003,https://api.waterdata.usgs.gov/ogcapi/v0/collections/latest-daily/items?parameter_code=72019&statistic_id=00003&limit=10000&f=json
USGS-395052075434201,,,,,39.8478875859714,-75.727993383676,7.6,2002-01-19,Approved,,,,,,,72019,00003,https://api.waterdata.usgs.gov/ogcapi/v0/collections/latest-daily/items?parameter_code=72019&statistic_id=00003&limit=10000&f=json
USGS-395052075434501,,,,,39.8478875784942,-75.7288267758478,10.05,2001-09-28,Approved,,,,,,,72019,00003,https://api.waterdata.usgs.gov/ogcapi/v0/collections/latest-daily/items?parameter_code=72019&statistic_id=00003&limit=10000&f=json
USGS-395058083002400,,,,,39.8495,-83.0068611111111,23.67,2011-11-29,Approved,,,,,,,72019,00003,https://api.waterdata.usgs.gov/ogcapi/v0/collections/latest-daily/items?parameter_code=72019&statistic_id=00003&limit=10000&f=json
USGS-395100075434601,,,,,39.85,-75.7294444444444,25,2002-01-02,Approved,,,,,,,72019,00003,https://api.waterdata.usgs.gov/ogcapi/v0/collections/latest-daily/items?parameter_code=72019&statistic_id=00003&limit=10000&f=json
USGS-395100075434602,,,,,39.85,-75.7294444444444,23.85,2001-12-05,Approved,,,,,,,72019,00003,https://api.waterdata.usgs.gov/ogcapi/v0/collections/latest-daily/items?parameter_code=72019&statistic_id=00003&limit=10000&f=json
USGS-395107086021301,,,,,39.8519444444444,-86.0369444444444,137.61,2025-04-28,Provisional,,,,,,,72019,00003,https://api.waterdata.usgs.gov/ogcapi/v0/collections/latest-daily/items?parameter_code=72019&statistic_id=00003&limit=10000&f=json
USGS-395122074301701,,,,,39.8562286044998,-74.5043185931393,166.21,2026-07-23,Provisional,,,,,,,72019,00003,https://api.waterdata.usgs.gov/ogcapi/v0/collections/latest-daily/items?parameter_code=72019&statistic_id=00003&limit=10000&f=json
USGS-395122074301702,,,,,39.8562286044998,-74.5043185931393,24.25,2026-07-23,Provisional,,,,,,,72019,00003,https://api.waterdata.usgs.gov/ogcapi/v0/collections/latest-daily/items?parameter_code=72019&statistic_id=00003&limit=10000&f=json
USGS-395131082592400,,,,,39.8586748304272,-82.9899048565417,14.37,2003-08-10,Approved,,,,,,,72019,00003,https://api.waterdata.usgs.gov/ogcapi/v0/collections/latest-daily/items?parameter_code=72019&statistic_id=00003&limit=10000&f=json
USGS-395136108210000,,,,,39.86,-108.351111111111,56.88,2017-10-10,Approved,,,,,,,72019,00003,https://api.waterdata.usgs.gov/ogcapi/v0/collections/latest-daily/items?parameter_code=72019&statistic_id=00003&limit=10000&f=json
USGS-395136108210001,,,,,39.86,-108.350277777778,78.8,2017-10-10,Approved,,,,,,,72019,00003,https://api.waterdata.usgs.gov/ogcapi/v0/collections/latest-daily/items?parameter_code=72019&statistic_id=00003&limit=10000&f=json
USGS-395136108210004,,,,,39.8601333333333,-108.350955555556,60.63,2026-08-27,Provisional,,,,,,,72019,00003,https://api.waterdata.usgs.gov/ogcapi/v0/collections/latest-daily/items?parameter_code=72019&statistic_id=00003&limit=10000&f=json
USGS-395150074284201,,,,,39.8645619569959,-74.4795955308913,29.83,2026-08-27,Provisional,,,,,,,72019,00003,https://api.waterdata.usgs.gov/ogcapi/v0/collections/latest-daily/items?parameter_code=72019&statistic_id=00003&limit=10000&f=json
USGS-395152074284601,,,,,39.8643055555556,-74.4793055555556,23.17,2006-10-12,Approved,,,,,,,72019,00003,https://api.waterdata.usgs.gov/ogcapi/v0/collections/latest-daily/items?parameter_code=72019&statistic_id=00003&limit=10000&f=json
USGS-395152074284602,,,,,39.8643055555556,-74.4793333333333,23.03,2006-10-12,Approved,,,,,,,72019,00003,https://api.waterdata.usgs.gov/ogcapi/v0/collections/latest-daily/items?parameter_code=72019&statistic_id=00003&limit=10000&f=json
USGS-395155095051901,,,,,39.8652733475815,-95.0888619079883,12.39,1996-11-04,Approved,,,,,,,72019,00003,https://api.waterdata.usgs.gov/ogcapi/v0/collections/latest-daily/items?parameter_code=72019&statistic_id=00003&limit=10000&f=json
USGS-395157083003500,,,,,39.8658970108591,-83.0096279281762,96.52,1990-09-19,Approved,,,,,,,72019,00003,https://api.waterdata.usgs.gov/ogcapi/v0/collections/latest-daily/items?parameter_code=72019&statistic_id=00003&limit=10000&f=json
USGS-395159086171501,,,,,39.8663111111111,-86.2874583333333,2.07,2007-04-11,Approved,,,,,,,72019,00003,https://api.waterdata.usgs.gov/ogcapi/v0/collections/latest-daily/items?parameter_code=72019&statistic_id=00003&limit=10000&f=json
USGS-395159086253101,,,,,39.8663888888889,-86.4252777777778,60.59,2025-03-02,Provisional,,,,,,,72019,00003,https://api.waterdata.usgs.gov/ogcapi/v0/collections/latest-daily/items?parameter_code=72019&statistic_id=00003&limit=10000&f=json
USGS-395200095051801,,,,,39.8666622331082,-95.0885841415403,7.65,1996-09-30,Approved,,,,,,,72019,00003,https://api.waterdata.usgs.gov/ogcapi/v0/collections/latest-daily/items?parameter_code=72019&statistic_id=00003&limit=10000&f=json
USGS-395202075111501,,,,,39.867111111111114,-75.18738888888889,39.47,1988-07-04,Approved,,,,,,,72019,00003,https://api.waterdata.usgs.gov/ogcapi/v0/collections/latest-daily/items?parameter_code=72019&statistic_id=00003&limit=10000&f=json
USGS-395202075111502,,,,,39.8673354561037,-75.1871238671581,15.48,1988-07-04,Approved,,,,,,,72019,00003,https://api.waterdata.usgs.gov/ogcapi/v0/collections/latest-daily/items?parameter_code=72019&statistic_id=00003&limit=10000&f=json
USGS-395206075111801,,,,,39.868138888888886,-75.18813888888889,16.93,2026-05-28,Provisional,,,,,,,72019,00003,https://api.waterdata.usgs.gov/ogcapi/v0/collections/latest-daily/items?parameter_code=72019&statistic_id=00003&limit=10000&f=json
USGS-395212095045701,,,,,39.8699954758102,-95.0827507445736,13.48,2011-01-03,Approved,,,,,,,72019,00003,https://api.waterdata.usgs.gov/ogcapi/v0/collections/latest-daily/items?parameter_code=72019&statistic_id=00003&limit=10000&f=json
USGS-395217074293702,,,,,39.8718888888889,-74.4932777777778,11.51,1988-10-06,Approved,,,,,,,72019,00003,https://api.waterdata.usgs.gov/ogcapi/v0/collections/latest-daily/items?parameter_code=72019&statistic_id=00003&limit=10000&f=json
USGS-395224083000501,,,,,39.873397134649,-83.0012942765257,15.02,1991-09-08,Approved,,,,,,,72019,00003,https://api.waterdata.usgs.gov/ogcapi/v0/collections/latest-daily/items?parameter_code=72019&statistic_id=00003&limit=10000&f=json
USGS-395229074571201,,,,,39.8748359933598,-74.9529444448741,209.82,2026-05-19,Approved,,,,,,,72019,00003,https://api.waterdata.usgs.gov/ogcapi/v0/collections/latest-daily/items?parameter_code=72019&statistic_id=00003&limit=10000&f=json
USGS-395229074571202,,,,,39.8748359933598,-74.9529444448741,88.73,2020-05-30,Approved,,,,,,,72019,00003,https://api.waterdata.usgs.gov/ogcapi/v0/collections/latest-daily/items?parameter_code=72019&statistic_id=00003&limit=10000&f=json
USGS-395232075094201,,,,,39.8765021201377,-75.1635113025577,40.26,2000-04-30,Approved,,,,,,,72019,00003,https://api.waterdata.usgs.gov/ogcapi/v0/collections/latest-daily/items?parameter_code=72019&statistic_id=00003&limit=10000&f=json
USGS-395240086273301,,,,,39.8777777777778,-86.4591666666667,91.16,2020-02-20,Approved,,,,,,,72019,00003,https://api.waterdata.usgs.gov/ogcapi/v0/collections/latest-daily/items?parameter_code=72019&statistic_id=00003&limit=10000&f=json
USGS-395243074305501,,,,,39.8786388888889,-74.5153611111111,3.65,2007-09-29,Approved,,,,,,,72019,00003,https://api.waterdata.usgs.gov/ogcapi/v0/collections/latest-daily/items?parameter_code=72019&statistic_id=00003&limit=10000&f=json
USGS-395244074305501,,,,,39.8788611111111,-74.5153055555556,1.81,2005-11-08,Approved,,,,,,,72019,00003,https://api.waterdata.usgs.gov/ogcapi/v0/collections/latest-daily/items?parameter_code=72019&statistic_id=00003&limit=10000&f=json
USGS-395245074295202,,,,,39.8792838662991,-74.4973740701624,7.27,1989-01-12,Approved,,,,,,,72019,00003,https://api.waterdata.usgs.gov/ogcapi/v0/collections/latest-daily/items?parameter_code=72019&statistic_id=00003&limit=10000&f=json
USGS-395245086273501,,,,,39.87916666666667,-86.45972222222223,103.74,2026-08-26,Provisional,,,,,,,72019,00003,https://api.waterdata.usgs.gov/ogcapi/v0/collections/latest-daily/items?parameter_code=72019&statistic_id=00003&limit=10000&f=json
USGS-395246075043301,,,,,39.8795578142756,-75.0757283129958,88.51,1987-11-01,Approved,,,,,,,72019,00003,https://api.waterdata.usgs.gov/ogcapi/v0/collections/latest-daily/items?parameter_code=72019&statistic_id=00003&limit=10000&f=json
USGS-395259080270601,,,,,39.8831334823821,-80.4514604962221,13.63,1987-02-25,Approved,,,,,,,72019,00003,https://api.waterdata.usgs.gov/ogcapi/v0/collections/latest-daily/items?parameter_code=72019&statistic_id=00003&limit=10000&f=json
USGS-395301074295301,,,,,39.8837282417312,-74.4976518890321,13.31,1987-01-07,Approved,,,,,,,72019,00003,https://api.waterdata.usgs.gov/ogcapi/v0/collections/latest-daily/items?parameter_code=72019&statistic_id=00003&limit=10000&f=json
USGS-395301074295302,,,,,39.8837282417312,-74.4976518890321,15.55,1988-10-06,Approved,,,,,,,72019,00003,https://api.waterdata.usgs.gov/ogcapi/v0/collections/latest-daily/items?parameter_code=72019&statistic_id=00003&limit=10000&f=json
USGS-395308095052001,,,,,39.8855511459281,-95.089139927624,1.51,1996-11-04,Approved,,,,,,,72019,00003,https://api.waterdata.usgs.gov/ogcapi/v0/collections/latest-daily/items?parameter_code=72019&statistic_id=00003&limit=10000&f=json
USGS-395309074352101,,,,,39.885949477408,-74.5887660279873,149.63,2026-08-27,Provisional,,,,,,,72019,00003,https://api.waterdata.usgs.gov/ogcapi/v0/collections/latest-daily/items?parameter_code=72019&statistic_id=00003&limit=10000&f=json
USGS-395309074352102,,,,,39.885949477408,-74.5887660279873,96.59,2026-08-27,Provisional,,,,,,,72019,00003,https://api.waterdata.usgs.gov/ogcapi/v0/collections/latest-daily/items?parameter_code=72019&statistic_id=00003&limit=10000&f=json
USGS-395312074302101,,,,,39.8868055555556,-74.5059166666667,21.28,2007-09-06,Approved,,,,,,,72019,00003,https://api.waterdata.usgs.gov/ogcapi/v0/collections/latest-daily/items?parameter_code=72019&statistic_id=00003&limit=10000&f=json
USGS-395312074302102,,,,,39.8868055555556,-74.5058888888889,21.43,2007-09-29,Approved,,,,,,,72019,00003,https://api.waterdata.usgs.gov/ogcapi/v0/collections/latest-daily/items?parameter_code=72019&statistic_id=00003&limit=10000&f=json
USGS-395313074300801,,,,,39.8870555555556,-74.5023333333333,1.34,2007-10-15,Approved,,,,,,,72019,00003,https://api.waterdata.usgs.gov/ogcapi/v0/collections/latest-daily/items?parameter_code=72019&statistic_id=00003&limit=10000&f=json
USGS-395313074302101,,,,,39.8868333333333,-74.5059166666667,21.33,2007-09-29,Approved,,,,,,,72019,00003,https://api.waterdata.usgs.gov/ogcapi/v0/collections/latest-daily/items?parameter_code=72019&statistic_id=00003&limit=10000&f=json
USGS-395315074494601,,,,,39.8876696452053,-74.8293850560038,22.8,2026-05-19,Approved,,,,,,,72019,00003,https://api.waterdata.usgs.gov/ogcapi/v0/collections/latest-daily/items?parameter_code=72019&statistic_id=00003&limit=10000&f=json
USGS-395318075075501,,,,,39.8884465421872,-75.1315649720404,36.92,1998-05-27,Approved,,,,,,,72019,00003,https://api.waterdata.usgs.gov/ogcapi/v0/collections/latest-daily/items?parameter_code=72019&statistic_id=00003&limit=10000&f=json
USGS-395322075075701,,,,,39.8895576448112,-75.1321205617263,46.99,1988-07-05,Approved,,,,,,,72019,00003,https://api.waterdata.usgs.gov/ogcapi/v0/collections/latest-daily/items?parameter_code=72019&statistic_id=00003&limit=10000&f=json
USGS-395322077365301,,,,,39.8893611111111,-77.6146111111111,80.23,2026-08-26,Provisional,,,,,,,72019,00003,https://api.waterdata.usgs.gov/ogcapi/v0/collections/latest-daily/items?parameter_code=72019&statistic_id=00003&limit=10000&f=json
USGS-395323074225501,,,,,39.8893333333333,-74.3805277777778,8.96,1975-01-07,Approved,,,,,,,72019,00003,https://api.waterdata.usgs.gov/ogcapi/v0/collections/latest-daily/items?parameter_code=72019&statistic_id=00003&limit=10000&f=json
USGS-395327074311902,,,,,39.8908055555556,-74.5218611111111,4.13,2007-10-15,Approved,,,,,,,72019,00003,https://api.waterdata.usgs.gov/ogcapi/v0/collections/latest-daily/items?parameter_code=72019&statistic_id=00003&limit=10000&f=json
USGS-395332085594501,,,,,39.8922222222222,-85.9958333333333,7.98,2025-04-28,Provisional,,,,,,,72019,00003,https://api.waterdata.usgs.gov/ogcapi/v0/collections/latest-daily/items?parameter_code=72019&statistic_id=00003&limit=10000&f=json
USGS-395342075102101,,,,,39.8951131106115,-75.172122869313,10.22,2011-09-29,Approved,,,,,,,72019,00003,https://api.waterdata.usgs.gov/ogcapi/v0/collections/latest-daily/items?parameter_code=72019&statistic_id=00003&limit=10000&f=json
USGS-395347095073001,,,,,39.8963850325559,-95.125251779011,0.48,1996-11-04,Approved,,,,,,,72019,00003,https://api.waterdata.usgs.gov/ogcapi/v0/collections/latest-daily/items?parameter_code=72019&statistic_id=00003&limit=10000&f=json
USGS-395355075073801,,,,,39.8989444444444,-75.1269444444444,15.99,1989-06-15,Approved,,,,,,,72019,00003,https://api.waterdata.usgs.gov/ogcapi/v0/collections/latest-daily/items?parameter_code=72019&statistic_id=00003&limit=10000&f=json
USGS-395355075073802,,,,,39.8989166666667,-75.1268611111111,18.69,1988-08-30,Approved,,,,,,,72019,00003,https://api.waterdata.usgs.gov/ogcapi/v0/collections/latest-daily/items?parameter_code=72019&statistic_id=00003&limit=10000&f=json
USGS-395355075073803,,,,,39.8987242545193,-75.1268424974633,18.5,1988-08-30,Approved,,,,,,,72019,00003,https://api.waterdata.usgs.gov/ogcapi/v0/collections/latest-daily/items?parameter_code=72019&statistic_id=00003&limit=10000&f=json
USGS-395358075044701,,,,,39.8998055555556,-75.0788888888889,84.16,1975-03-07,Approved,,,,,,,72019,00003,https://api.waterdata.usgs.gov/ogcapi/v0/collections/latest-daily/items?parameter_code=72019&statistic_id=00003&limit=10000&f=json
USGS-395403080110002,,,,,39.9009083922855,-80.183118845986,9.45,1985-06-14,Approved,,,,,,,72019,00003,https://api.waterdata.usgs.gov/ogcapi/v0/collections/latest-daily/items?parameter_code=72019&statistic_id=00003&limit=10000&f=json
USGS-395433074101401,,,,,39.9092851225836,-74.1701397939953,22.24,1993-09-27,Approved,,,,,,,72019,00003,https://api.waterdata.usgs.gov/ogcapi/v0/collections/latest-daily/items?parameter_code=72019&statistic_id=00003&limit=10000&f=json
USGS-395450075485401,,,,,39.9137222222222,-75.8141944444444,12.95,2026-08-26,Provisional,,,,,,,72019,00003,https://api.waterdata.usgs.gov/ogcapi/v0/collections/latest-daily/items?parameter_code=72019&statistic_id=00003&limit=10000&f=json
USGS-395502080252001,,,,,39.9172988088401,-80.4220142340918,126.19,1982-05-26,Approved,,,,,,,72019,00003,https://api.waterdata.usgs.gov/ogcapi/v0/collections/latest-daily/items?parameter_code=72019&statistic_id=00003&limit=10000&f=json
USGS-395502095113301,,,,,39.9172193255934,-95.1927531206362,6.51,1996-11-04,Approved,,,,,,,72019,00003,https://api.waterdata.usgs.gov/ogcapi/v0/collections/latest-daily/items?parameter_code=72019&statistic_id=00003&limit=10000&f=json
USGS-395512075293701,,,,,39.9200833333333,-75.4930555555556,6.89,2026-08-26,Provisional,,,,,,,72019,00003,https://api.waterdata.usgs.gov/ogcapi/v0/collections/latest-daily/items?parameter_code=72019&statistic_id=00003&limit=10000&f=json
USGS-395515079554901,,,,,39.9209088700396,-79.9300518498411,287.4,1981-09-10,Approved,,,,,,,72019,00003,https://api.waterdata.usgs.gov/ogcapi/v0/collections/latest-daily/items?parameter_code=72019&statistic_id=00003&limit=10000&f=json
USGS-395524074502501,,,,,39.923446714509,-74.8398857672994,118.41,2026-08-27,Provisional,,,,,,,72019,00003,https://api.waterdata.usgs.gov/ogcapi/v0/collections/latest-daily/items?parameter_code=72019&statistic_id=00003&limit=10000&f=json
USGS-395524074502502,,,,,39.923446714509,-74.8398857672994,57.6,2026-08-27,Provisional,,,,,,,72019,00003,https://api.waterdata.usgs.gov/ogcapi/v0/collections/latest-daily/items?parameter_code=72019&statistic_id=00003&limit=10000&f=json
USGS-395525074502505,,,,,39.9237244871091,-74.839885770164,111.26,2026-08-27,Provisional,,,,,,,72019,00003,https://api.waterdata.usgs.gov/ogcapi/v0/collections/latest-daily/items?parameter_code=72019&statistic_id=00003&limit=10000&f=json
USGS-395525074502601,,,,,39.923446714509,-74.8398857672994,110.44,2026-08-27,Provisional,,,,,,,72019,00003,https://api.waterdata.usgs.gov/ogcapi/v0/collections/latest-daily/items?parameter_code=72019&statistic_id=00003&limit=10000&f=json
USGS-395600095104901,,,,,39.9333302228104,-95.1805308513501,3.5,1996-11-04,Approved,,,,,,,72019,00003,https://api.waterdata.usgs.gov/ogcapi/v0/collections/latest-daily/items?parameter_code=72019&statistic_id=00003&limit=10000&f=json
USGS-395609074124001,,,,,39.9359514513123,-74.2106973238316,28.65,2026-07-12,Provisional,,,,,,,72019,00003,https://api.waterdata.usgs.gov/ogcapi/v0/collections/latest-daily/items?parameter_code=72019&statistic_id=00003&limit=10000&f=json
USGS-395609080135301,,,,,39.9359074986395,-80.2311751540726,14.9,1985-10-16,Approved,,,,,,,72019,00003,https://api.waterdata.usgs.gov/ogcapi/v0/collections/latest-daily/items?parameter_code=72019&statistic_id=00003&limit=10000&f=json
USGS-395713085202901,,,,,39.9531388888889,-85.3416944444444,21.83,2007-03-23,Approved,,,,,,,72019,00003,https://api.waterdata.usgs.gov/ogcapi/v0/collections/latest-daily/items?parameter_code=72019&statistic_id=00003&limit=10000&f=json
USGS-395714074223401,,,,,39.9540058473146,-74.3757036051786,54.23,1990-09-20,Approved,,,,,,,72019,00003,https://api.waterdata.usgs.gov/ogcapi/v0/collections/latest-daily/items?parameter_code=72019&statistic_id=00003&limit=10000&f=json
USGS-395755075023201,,,,,39.9652777777778,-75.0419444444444,52.04,2002-10-14,Approved,,,,,,,72019,00003,https://api.waterdata.usgs.gov/ogcapi/v0/collections/latest-daily/items?parameter_code=72019&statistic_id=00003&limit=10000&f=json
USGS-395755108211400,,,,,39.9644444444444,-108.354166666667,298.17,2017-10-10,Approved,,,,,,,72019,00003,https://api.waterdata.usgs.gov/ogcapi/v0/collections/latest-daily/items?parameter_code=72019&statistic_id=00003&limit=10000&f=json
USGS-395755108211401,,,,,39.9647222222222,-108.353611111111,295.55,2017-10-10,Approved,,,,,,,72019,00003,https://api.waterdata.usgs.gov/ogcapi/v0/collections/latest-daily/items?parameter_code=72019&statistic_id=00003&limit=10000&f=json
USGS-395801075035802,,,,,39.9670570439544,-75.0657285434822,40.28,2002-06-05,Approved,,,,,,,72019,00003,https://api.waterdata.usgs.gov/ogcapi/v0/collections/latest-daily/items?parameter_code=72019&statistic_id=00003&limit=10000&f=json
USGS-395807080265201,,,,,39.9686865431477,-80.4475688087736,5.57,1985-10-09,Approved,,,,,,,72019,00003,https://api.waterdata.usgs.gov/ogcapi/v0/collections/latest-daily/items?parameter_code=72019&statistic_id=00003&limit=10000&f=json
USGS-395811075054901,,,,,39.9698348327004,-75.0985079425614,11.95,1975-03-07,Approved,,,,,,,72019,00003,https://api.waterdata.usgs.gov/ogcapi/v0/collections/latest-daily/items?parameter_code=72019&statistic_id=00003&limit=10000&f=json
USGS-395812080264902,,,,,39.9700753839437,-80.4467354098886,12.41,1987-06-21,Approved,,,,,,,72019,00003,https://api.waterdata.usgs.gov/ogcapi/v0/collections/latest-daily/items?parameter_code=72019&statistic_id=00003&limit=10000&f=json
USGS-395823075030901,,,,,39.9731680836267,-75.052116832834,47.74,2002-10-14,Approved,,,,,,,72019,00003,https://api.waterdata.usgs.gov/ogcapi/v0/collections/latest-daily/items?parameter_code=72019&statistic_id=00003&limit=10000&f=json
USGS-395823075030902,,,,,39.9731680836267,-75.052116832834,48.75,2002-10-14,Approved,,,,,,,72019,00003,https://api.waterdata.usgs.gov/ogcapi/v0/collections/latest-daily/items?parameter_code=72019&statistic_id=00003&limit=10000&f=json
USGS-395823075030903,,,,,39.9731680836267,-75.052116832834,49.08,2002-06-05,Approved,,,,,,,72019,00003,https://api.waterdata.usgs.gov/ogcapi/v0/collections/latest-daily/items?parameter_code=72019&statistic_id=00003&limit=10000&f=json
USGS-395838074590501,,,,,39.9781679602093,-74.9843360490024,58.64,1975-05-30,Approved,,,,,,,72019,00003,https://api.waterdata.usgs.gov/ogcapi/v0/collections/latest-daily/items?parameter_code=72019&statistic_id=00003&limit=10000&f=json
USGS-395841080042101,,,,,39.978129470661,-80.0722782028623,12.27,1985-10-15,Approved,,,,,,,72019,00003,https://api.waterdata.usgs.gov/ogcapi/v0/collections/latest-daily/items?parameter_code=72019&statistic_id=00003&limit=10000&f=json
USGS-395845075031701,,,,,39.9777222222222,-75.0515,27.12,2002-10-14,Approved,,,,,,,72019,00003,https://api.waterdata.usgs.gov/ogcapi/v0/collections/latest-daily/items?parameter_code=72019&statistic_id=00003&limit=10000&f=json
USGS-395846075025503,,,,,39.979556906715,-75.0482278295165,37.3,2002-10-14,Approved,,,,,,,72019,00003,https://api.waterdata.usgs.gov/ogcapi/v0/collections/latest-daily/items?parameter_code=72019&statistic_id=00003&limit=10000&f=json
USGS-395846077040601,,,,,39.9792777777778,-77.0691666666667,12.5,2026-08-26,Provisional,,,,,,,72019,00003,https://api.waterdata.usgs.gov/ogcapi/v0/collections/latest-daily/items?parameter_code=72019&statistic_id=00003&limit=10000&f=json
USGS-395859083440700,,,,,39.9831157010713,-83.7352046549156,20.83,1999-10-18,Approved,,,,,,,72019,00003,https://api.waterdata.usgs.gov/ogcapi/v0/collections/latest-daily/items?parameter_code=72019&statistic_id=00003&limit=10000&f=json
USGS-395902075032501,,,,,39.9837235467952,-75.0568393934094,22.67,2026-05-28,Provisional,,,,,,,72019,00003,https://api.waterdata.usgs.gov/ogcapi/v0/collections/latest-daily/items?parameter_code=72019&statistic_id=00003&limit=10000&f=json
USGS-395913080152101,,,,,39.9870175351059,-80.2556187401079,44.25,1982-05-25,Approved,,,,,,,72019,00003,https://api.waterdata.usgs.gov/ogcapi/v0/collections/latest-daily/items?parameter_code=72019&statistic_id=00003&limit=10000&f=json
USGS-395920079021501,,,,,39.9888333333333,-79.0375,22.89,2026-08-26,Provisional,,,,,,,72019,00003,https://api.waterdata.usgs.gov/ogcapi/v0/collections/latest-daily/items?parameter_code=72019&statistic_id=00003&limit=10000&f=json
USGS-395928074502701,,,,,39.9912232294432,-74.8404420424268,6.52,2026-08-27,Provisional,,,,,,,72019,00003,https://api.waterdata.usgs.gov/ogcapi/v0/collections/latest-daily/items?parameter_code=72019&statistic_id=00003&limit=10000&f=json
USGS-395930074142101,,,,,39.991506458232,-74.2384768767166,94.98,2026-07-12,Provisional,,,,,,,72019,00003,https://api.waterdata.usgs.gov/ogcapi/v0/collections/latest-daily/items?parameter_code=72019&statistic_id=00003&limit=10000&f=json
USGS-395956074034402,,,,,39.9990065991094,-74.0618030321692,41.09,2004-09-26,Approved,,,,,,,72019,00003,https://api.waterdata.usgs.gov/ogcapi/v0/collections/latest-daily/items?parameter_code=72019&statistic_id=00003&limit=10000&f=json
USGS-400008079142801,,,,,40.0014166666667,-79.2391111111111,32.96,2026-06-29,Approved,,,,,,,72019,00003,https://api.waterdata.usgs.gov/ogcapi/v0/collections/latest-daily/items?parameter_code=72019&statistic_id=00003&limit=10000&f=json
USGS-400010074521601,,,,,40.0028897297175,-74.8707210355535,68.68,2026-07-28,Provisional,,,,,,,72019,00003,https://api.waterdata.usgs.gov/ogcapi/v0/collections/latest-daily/items?parameter_code=72019&statistic_id=00003&limit=10000&f=json
USGS-400104074540801,,,,,40.0173611111111,-74.9021666666667,53.69,1975-03-11,Approved,,,,,,,72019,00003,https://api.waterdata.usgs.gov/ogcapi/v0/collections/latest-daily/items?parameter_code=72019&statistic_id=00003&limit=10000&f=json
USGS-400104086023101,,,,,40.01779166666667,-86.04187777777777,57.43,2026-08-27,Provisional,,,,,,,72019,00003,https://api.waterdata.usgs.gov/ogcapi/v0/collections/latest-daily/items?parameter_code=72019&statistic_id=00003&limit=10000&f=json
USGS-400112079254201,,,,,40.020074132119,-79.4280912015193,8.9,1990-03-14,Approved,,,,,,,72019,00003,https://api.waterdata.usgs.gov/ogcapi/v0/collections/latest-daily/items?parameter_code=72019&statistic_id=00003&limit=10000&f=json
USGS-400112105135800,,,,,40.0199854727188,-105.233322089406,3.77,1990-09-29,Approved,,,,,,,72019,00003,https://api.waterdata.usgs.gov/ogcapi/v0/collections/latest-daily/items?parameter_code=72019&statistic_id=00003&limit=10000&f=json
USGS-400115105135000,,,,,40.0208187942375,-105.23109977952,5.12,1990-09-29,Approved,,,,,,,72019,00003,https://api.waterdata.usgs.gov/ogcapi/v0/collections/latest-daily/items?parameter_code=72019&statistic_id=00003&limit=10000&f=json
USGS-400116105135100,,,,,40.021096573206,-105.231377566132,6.34,1990-09-29,Approved,,,,,,,72019,00003,https://api.waterdata.usgs.gov/ogcapi/v0/collections/latest-daily/items?parameter_code=72019&statistic_id=00003&limit=10000&f=json
USGS-400118086024901,,,,,40.021625,-86.0471222222222,128.55,2026-08-26,Provisional,,,,,,,72019,00003,https://api.waterdata.usgs.gov/ogcapi/v0/collections/latest-daily/items?parameter_code=72019&statistic_id=00003&limit=10000&f=json
USGS-400120074265401,,,,,40.0223375219592,-74.4479287573171,54.29,2026-08-23,Provisional,,,,,,,72019,00003,https://api.waterdata.usgs.gov/ogcapi/v0/collections/latest-daily/items?parameter_code=72019&statistic_id=00003&limit=10000&f=json
USGS-400122077282801,,,,,40.0229027777778,-77.4745611111111,135.21,2004-05-04,Approved,,,,,,,72019,00003,https://api.waterdata.usgs.gov/ogcapi/v0/collections/latest-daily/items?parameter_code=72019&statistic_id=00003&limit=10000&f=json
USGS-400131085504301,,,,,40.0252777777778,-85.8452777777778,17.96,2024-09-17,Provisional,,,,,,,72019,00003,https://api.waterdata.usgs.gov/ogcapi/v0/collections/latest-daily/items?parameter_code=72019&statistic_id=00003&limit=10000&f=json
USGS-400148074352001,,,,,40.030113542538,-74.588488990387,10.27,2026-07-12,Provisional,,,,,,,72019,00003,https://api.waterdata.usgs.gov/ogcapi/v0/collections/latest-daily/items?parameter_code=72019&statistic_id=00003&limit=10000&f=json
USGS-400148074352101,,,,,40.0301135388894,-74.5887667773058,10.81,2026-07-12,Provisional,,,,,,,72019,00003,https://api.waterdata.usgs.gov/ogcapi/v0/collections/latest-daily/items?parameter_code=72019&statistic_id=00003&limit=10000&f=json
USGS-400207074261501,,,,,40.0353928782815,-74.4370950619726,14.42,2002-06-12,Approved,,,,,,,72019,00003,https://api.waterdata.usgs.gov/ogcapi/v0/collections/latest-daily/items?parameter_code=72019&statistic_id=00003&limit=10000&f=json
USGS-400209077183301,,,,,40.0352777777778,-77.3080833333333,27.49,2026-08-26,Provisional,,,,,,,72019,00003,https://api.waterdata.usgs.gov/ogcapi/v0/collections/latest-daily/items?parameter_code=72019&statistic_id=00003&limit=10000&f=json
USGS-400210074031001,,,,,40.0363611111111,-74.0523611111111,76.75,2026-07-13,Provisional,,,,,,,72019,00003,https://api.waterdata.usgs.gov/ogcapi/v0/collections/latest-daily/items?parameter_code=72019&statistic_id=00003&limit=10000&f=json
USGS-400210074031002,,,,,40.036450219505,-74.0523030821834,47.22,2026-07-13,Approved,,,,,,,72019,00003,https://api.waterdata.usgs.gov/ogcapi/v0/collections/latest-daily/items?parameter_code=72019&statistic_id=00003&limit=10000&f=json
USGS-400213074510801,,,,,40.037055870568,-74.8518313330072,65.68,1987-09-29,Approved,,,,,,,72019,00003,https://api.waterdata.usgs.gov/ogcapi/v0/collections/latest-daily/items?parameter_code=72019&statistic_id=00003&limit=10000&f=json
USGS-400217078281901,,,,,40.0376111111111,-78.4719166666667,27.55,2026-08-26,Provisional,,,,,,,72019,00003,https://api.waterdata.usgs.gov/ogcapi/v0/collections/latest-daily/items?parameter_code=72019&statistic_id=00003&limit=10000&f=json
USGS-400229075104601,,,,,40.0414722222222,-75.1793333333333,15.76,2026-08-26,Provisional,,,,,,,72019,00003,https://api.waterdata.usgs.gov/ogcapi/v0/collections/latest-daily/items?parameter_code=72019&statistic_id=00003&limit=10000&f=json
USGS-400232074213201,,,,,40.0437266589647,-74.3573701721753,28.28,2026-08-27,Provisional,,,,,,,72019,00003,https://api.waterdata.usgs.gov/ogcapi/v0/collections/latest-daily/items?parameter_code=72019&statistic_id=00003&limit=10000&f=json
USGS-400233080261301,,,,,40.0425,-80.4368333333333,35.89,2026-08-26,Provisional,,,,,,,72019,00003,https://api.waterdata.usgs.gov/ogcapi/v0/collections/latest-daily/items?parameter_code=72019&statistic_id=00003&limit=10000&f=json
USGS-400242074422301,,,,,40.0452777777778,-74.7063888888889,102.84,2026-07-12,Provisional,,,,,,,72019,00003,https://api.waterdata.usgs.gov/ogcapi/v0/collections/latest-daily/items?parameter_code=72019&statistic_id=00003&limit=10000&f=json
USGS-400245086482801,,,,,40.045833333333334,-86.80777777777777,41.58,2026-08-27,Provisional,,,,,,,72019,00003,https://api.waterdata.usgs.gov/ogcapi/v0/collections/latest-daily/items?parameter_code=72019&statistic_id=00003&limit=10000&f=json
USGS-400247086482101,,,,,40.04642108718256,-86.80582246323867,43.62,2024-03-27,Provisional,,,,,,,72019,00003,https://api.waterdata.usgs.gov/ogcapi/v0/collections/latest-daily/items?parameter_code=72019&statistic_id=00003&limit=10000&f=json
USGS-400348080055902,,,,,40.063405895047,-80.0995003418691,28.64,1985-10-24,Approved,,,,,,,72019,00003,https://api.waterdata.usgs.gov/ogcapi/v0/collections/latest-daily/items?parameter_code=72019&statistic_id=00003&limit=10000&f=json
USGS-400356085562101,,,,,40.0659444444444,-85.9389444444444,4.05,2007-04-09,Approved,,,,,,,72019,00003,https://api.waterdata.usgs.gov/ogcapi/v0/collections/latest-daily/items?parameter_code=72019&statistic_id=00003&limit=10000&f=json
USGS-400416074270101,,,,,40.070669778612,-74.4501510653439,76.16,2026-08-06,Provisional,,,,,,,72019,00003,https://api.waterdata.usgs.gov/ogcapi/v0/collections/latest-daily/items?parameter_code=72019&statistic_id=00003&limit=10000&f=json
USGS-400416074270102,,,,,40.070669778612,-74.4501510653439,5.03,1975-03-05,Approved,,,,,,,72019,00003,https://api.waterdata.usgs.gov/ogcapi/v0/collections/latest-daily/items?parameter_code=72019&statistic_id=00003&limit=10000&f=json
USGS-400416074270103,,,,,40.070669778612,-74.4501510653439,29.65,2026-08-06,Provisional,,,,,,,72019,00003,https://api.waterdata.usgs.gov/ogcapi/v0/collections/latest-daily/items?parameter_code=72019&statistic_id=00003&limit=10000&f=json
USGS-400416074270104,,,,,40.070669778612,-74.4501510653439,4.87,1975-04-16,Approved,,,,,,,72019,00003,https://api.waterdata.usgs.gov/ogcapi/v0/collections/latest-daily/items?parameter_code=72019&statistic_id=00003&limit=10000&f=json
USGS-400450078303001,,,,,40.080635444322,-78.5080729589259,80.92,2005-09-29,Approved,,,,,,,72019,00003,https://api.waterdata.usgs.gov/ogcapi/v0/collections/latest-daily/items?parameter_code=72019&statistic_id=00003&limit=10000&f=json
USGS-400506076235201,,,,,40.0850964422135,-76.3974618300235,32.83,2001-06-24,Approved,,,,,,,72019,00003,https://api.waterdata.usgs.gov/ogcapi/v0/collections/latest-daily/items?parameter_code=72019&statistic_id=00003&limit=10000&f=json
USGS-400532086183901,,,,,40.09225380811175,-86.3108062272941,53.02,2026-08-26,Provisional,,,,,,,72019,00003,https://api.waterdata.usgs.gov/ogcapi/v0/collections/latest-daily/items?parameter_code=72019&statistic_id=00003&limit=10000&f=json
USGS-400541085213701,,,,,40.094722222222224,-85.35833333333333,46.05,2026-08-26,Provisional,,,,,,,72019,00003,https://api.waterdata.usgs.gov/ogcapi/v0/collections/latest-daily/items?parameter_code=72019&statistic_id=00003&limit=10000&f=json
USGS-400627080175201,,,,,40.1075720482778,-80.2975626941634,51.49,1985-10-23,Approved,,,,,,,72019,00003,https://api.waterdata.usgs.gov/ogcapi/v0/collections/latest-daily/items?parameter_code=72019&statistic_id=00003&limit=10000&f=json
USGS-400641085413701,,,,,40.1113333333333,-85.6937777777778,13.4,2026-08-26,Provisional,,,,,,,72019,00003,https://api.waterdata.usgs.gov/ogcapi/v0/collections/latest-daily/items?parameter_code=72019&statistic_id=00003&limit=10000&f=json
USGS-400711074020201,,,,,40.1198372655611,-74.0334700282064,71.09,2026-07-19,Provisional,,,,,,,72019,00003,https://api.waterdata.usgs.gov/ogcapi/v0/collections/latest-daily/items?parameter_code=72019&statistic_id=00003&limit=10000&f=json
USGS-400737075585601,,,,,40.1270419156535,-75.9818878982467,72.65,1983-10-04,Approved,,,,,,,72019,00003,https://api.waterdata.usgs.gov/ogcapi/v0/collections/latest-daily/items?parameter_code=72019&statistic_id=00003&limit=10000&f=json
USGS-400738075585301,,,,,40.1273196890919,-75.9810544958945,76.05,1983-10-04,Approved,,,,,,,72019,00003,https://api.waterdata.usgs.gov/ogcapi/v0/collections/latest-daily/items?parameter_code=72019&statistic_id=00003&limit=10000&f=json
USGS-400808075210401,,,,,40.1361666666667,-75.3506944444444,15.49,2026-07-27,Approved,,,,,,,72019,00003,https://api.waterdata.usgs.gov/ogcapi/v0/collections/latest-daily/items?parameter_code=72019&statistic_id=00003&limit=10000&f=json
USGS-400828077214801,,,,,40.1411996054986,-77.3630401960966,68.63,1993-04-14,Approved,,,,,,,72019,00003,https://api.waterdata.usgs.gov/ogcapi/v0/collections/latest-daily/items?parameter_code=72019&statistic_id=00003&limit=10000&f=json
USGS-400832074082101,,,,,40.1428920131764,-74.1423631835644,147.03,2026-07-19,Provisional,,,,,,,72019,00003,https://api.waterdata.usgs.gov/ogcapi/v0/collections/latest-daily/items?parameter_code=72019&statistic_id=00003&limit=10000&f=json
USGS-400916076492301,,,,,40.1549722222222,-76.8229166666667,19.76,2026-08-26,Provisional,,,,,,,72019,00003,https://api.waterdata.usgs.gov/ogcapi/v0/collections/latest-daily/items?parameter_code=72019&statistic_id=00003&limit=10000&f=json
USGS-400920099215501,,,,,40.15556641188,-99.3656542004911,89.44,2001-03-12,Approved,,,,,,,72019,00003,https://api.waterdata.usgs.gov/ogcapi/v0/collections/latest-daily/items?parameter_code=72019&statistic_id=00003&limit=10000&f=json
USGS-400949083480100,,,,,40.1636673855297,-83.8002100113889,8.83,2000-04-30,Approved,,,,,,,72019,00003,https://api.waterdata.usgs.gov/ogcapi/v0/collections/latest-daily/items?parameter_code=72019&statistic_id=00003&limit=10000&f=json
USGS-401000075115801,,,,,40.16675,-75.199528,4.88,2026-08-27,Provisional,,,,,,,72019,00003,https://api.waterdata.usgs.gov/ogcapi/v0/collections/latest-daily/items?parameter_code=72019&statistic_id=00003&limit=10000&f=json
USGS-401044074141801,,,,,40.1790019810326,-74.2379224444095,30.37,1993-09-27,Approved,,,,,,,72019,00003,https://api.waterdata.usgs.gov/ogcapi/v0/collections/latest-daily/items?parameter_code=72019&statistic_id=00003&limit=10000&f=json
USGS-401046074200201,,,,,40.1796944444444,-74.3336944444444,19.34,1993-09-18,Approved,,,,,,,72019,00003,https://api.waterdata.usgs.gov/ogcapi/v0/collections/latest-daily/items?parameter_code=72019&statistic_id=00003&limit=10000&f=json
USGS-401105074120201,,,,,40.1848352882941,-74.2001433700704,144.17,2026-08-27,Provisional,,,,,,,72019,00003,https://api.waterdata.usgs.gov/ogcapi/v0/collections/latest-daily/items?parameter_code=72019&statistic_id=00003&limit=10000&f=json
USGS-401105074120202,,,,,40.1848352882941,-74.2001433700704,41.13,2026-08-27,Provisional,,,,,,,72019,00003,https://api.waterdata.usgs.gov/ogcapi/v0/collections/latest-daily/items?parameter_code=72019&statistic_id=00003&limit=10000&f=json
USGS-401105074120203,,,,,40.1848352882941,-74.2001433700704,93.43,2013-01-14,Approved,,,,,,,72019,00003,https://api.waterdata.usgs.gov/ogcapi/v0/collections/latest-daily/items?parameter_code=72019&statistic_id=00003&limit=10000&f=json
USGS-401105074120204,,,,,40.1848352882941,-74.2001433700704,111.57,2026-08-27,Provisional,,,,,,,72019,00003,https://api.waterdata.usgs.gov/ogcapi/v0/collections/latest-daily/items?parameter_code=72019&statistic_id=00003&limit=10000&f=json
USGS-401105074120205,,,,,40.1848352882941,-74.2001433700704,141.25,2026-08-27,Provisional,,,,,,,72019,00003,https://api.waterdata.usgs.gov/ogcapi/v0/collections/latest-daily/items?parameter_code=72019&statistic_id=00003&limit=10000&f=json
USGS-401143086394501,,,,,40.1952777777778,-86.6625,5.51,2025-03-02,Provisional,,,,,,,72019,00003,https://api.waterdata.usgs.gov/ogcapi/v0/collections/latest-daily/items?parameter_code=72019&statistic_id=00003&limit=10000&f=json
USGS-401151086030201,,,,,40.1975,-86.0505555555555,19.38,2025-02-02,Provisional,,,,,,,72019,00003,https://api.waterdata.usgs.gov/ogcapi/v0/collections/latest-daily/items?parameter_code=72019&statistic_id=00003&limit=10000&f=json
USGS-401157075032001,,,,,40.1991388888889,-75.0503333333333,35.23,2026-08-26,Provisional,,,,,,,72019,00003,https://api.waterdata.usgs.gov/ogcapi/v0/collections/latest-daily/items?parameter_code=72019&statistic_id=00003&limit=10000&f=json
USGS-401229074290001,,,,,40.2081665840162,-74.4829298285368,12.68,2026-07-14,Provisional,,,,,,,72019,00003,https://api.waterdata.usgs.gov/ogcapi/v0/collections/latest-daily/items?parameter_code=72019&statistic_id=00003&limit=10000&f=json
USGS-401308085394101,,,,,40.2188888888889,-85.6613888888889,-1.81,2025-06-18,Provisional,,,,,,,72019,00003,https://api.waterdata.usgs.gov/ogcapi/v0/collections/latest-daily/items?parameter_code=72019&statistic_id=00003&limit=10000&f=json
USGS-401310075181702,,,,,40.2195507898416,-75.3043429392032,54.24,1994-10-05,Approved,,,,,,,72019,00003,https://api.waterdata.usgs.gov/ogcapi/v0/collections/latest-daily/items?parameter_code=72019&statistic_id=00003&limit=10000&f=json
USGS-401312080195801,,,,,40.2200709500989,-80.3325627251807,25.51,1985-10-24,Approved,,,,,,,72019,00003,https://api.waterdata.usgs.gov/ogcapi/v0/collections/latest-daily/items?parameter_code=72019&statistic_id=00003&limit=10000&f=json
USGS-401314075171401,,,,,40.2201067301244,-75.2862870222303,6.56,2006-11-27,Approved,,,,,,,72019,00003,https://api.waterdata.usgs.gov/ogcapi/v0/collections/latest-daily/items?parameter_code=72019&statistic_id=00003&limit=10000&f=json
USGS-401318075171101,,,,,40.2220511332853,-75.2860091609243,18.41,2006-11-27,Approved,,,,,,,72019,00003,https://api.waterdata.usgs.gov/ogcapi/v0/collections/latest-daily/items?parameter_code=72019&statistic_id=00003&limit=10000&f=json
USGS-401321075171701,,,,,40.2226066383877,-75.2876758349002,36.46,2004-11-21,Approved,,,,,,,72019,00003,https://api.waterdata.usgs.gov/ogcapi/v0/collections/latest-daily/items?parameter_code=72019&statistic_id=00003&limit=10000&f=json
USGS-401322075171201,,,,,40.2228844401447,-75.2862869100441,25.94,2004-11-22,Approved,,,,,,,72019,00003,https://api.waterdata.usgs.gov/ogcapi/v0/collections/latest-daily/items?parameter_code=72019&statistic_id=00003&limit=10000&f=json
USGS-401323074015401,,,,,40.2231682850997,-74.0318045834635,49.86,1975-06-12,Approved,,,,,,,72019,00003,https://api.waterdata.usgs.gov/ogcapi/v0/collections/latest-daily/items?parameter_code=72019&statistic_id=00003&limit=10000&f=json
USGS-401323075171201,,,,,40.2224861111111,-75.2862222222222,23.46,2004-11-21,Approved,,,,,,,72019,00003,https://api.waterdata.usgs.gov/ogcapi/v0/collections/latest-daily/items?parameter_code=72019&statistic_id=00003&limit=10000&f=json
USGS-401323080231901,,,,,40.2231266236376,-80.3883980036295,5.81,1985-10-24,Approved,,,,,,,72019,00003,https://api.waterdata.usgs.gov/ogcapi/v0/collections/latest-daily/items?parameter_code=72019&statistic_id=00003&limit=10000&f=json
USGS-401324075171601,,,,,40.2234399636765,-75.2871202355722,33.98,2004-11-21,Approved,,,,,,,72019,00003,https://api.waterdata.usgs.gov/ogcapi/v0/collections/latest-daily/items?parameter_code=72019&statistic_id=00003&limit=10000&f=json
USGS-401338075162801,,,,,40.2273596032475,-75.2740643074643,12.25,2006-11-27,Approved,,,,,,,72019,00003,https://api.waterdata.usgs.gov/ogcapi/v0/collections/latest-daily/items?parameter_code=72019&statistic_id=00003&limit=10000&f=json
USGS-401416099270601,,,,,40.2377881671506,-99.4520472225048,139.52,2001-03-13,Approved,,,,,,,72019,00003,https://api.waterdata.usgs.gov/ogcapi/v0/collections/latest-daily/items?parameter_code=72019&statistic_id=00003&limit=10000&f=json
USGS-401442075171501,,,,,40.2447644440826,-75.2870721460262,40.64,2000-01-12,Approved,,,,,,,72019,00003,https://api.waterdata.usgs.gov/ogcapi/v0/collections/latest-daily/items?parameter_code=72019&statistic_id=00003&limit=10000&f=json
USGS-401503075164301,,,,,40.2503617074425,-75.2793718601745,52.65,1998-02-05,Approved,,,,,,,72019,00003,https://api.waterdata.usgs.gov/ogcapi/v0/collections/latest-daily/items?parameter_code=72019&statistic_id=00003&limit=10000&f=json
USGS-401506075163501,,,,,40.2519673100552,-75.2759801754903,57.87,2000-01-12,Approved,,,,,,,72019,00003,https://api.waterdata.usgs.gov/ogcapi/v0/collections/latest-daily/items?parameter_code=72019&statistic_id=00003&limit=10000&f=json
USGS-401518074223001,,,,,40.2551105567443,-74.3745934344613,0.98,1975-07-31,Approved,,,,,,,72019,00003,https://api.waterdata.usgs.gov/ogcapi/v0/collections/latest-daily/items?parameter_code=72019&statistic_id=00003&limit=10000&f=json
USGS-401518102295701,,,,,40.2549872806486,-102.499645597543,128.83,1993-09-29,Approved,,,,,,,72019,00003,https://api.waterdata.usgs.gov/ogcapi/v0/collections/latest-daily/items?parameter_code=72019&statistic_id=00003&limit=10000&f=json
USGS-401523075171801,,,,,40.2562530531552,-75.2885803340135,12.87,2000-01-12,Approved,,,,,,,72019,00003,https://api.waterdata.usgs.gov/ogcapi/v0/collections/latest-daily/items?parameter_code=72019&statistic_id=00003&limit=10000&f=json
USGS-401528119470501,,,,,40.255339,-119.785856,253.09,2026-08-26,Provisional,,,,,,,72019,00003,https://api.waterdata.usgs.gov/ogcapi/v0/collections/latest-daily/items?parameter_code=72019&statistic_id=00003&limit=10000&f=json
USGS-401532085085301,,,,,40.2589320819741,-85.1480245002966,11.35,2026-08-26,Provisional,,,,,,,72019,00003,https://api.waterdata.usgs.gov/ogcapi/v0/collections/latest-daily/items?parameter_code=72019&statistic_id=00003&limit=10000&f=json
USGS-401536075174101,,,,,40.2600833813696,-75.2954721062291,26.86,1997-10-15,Approved,,,,,,,72019,00003,https://api.waterdata.usgs.gov/ogcapi/v0/collections/latest-daily/items?parameter_code=72019&statistic_id=00003&limit=10000&f=json
USGS-401542074053001,,,,,40.2617783139202,-74.0912513816564,129.29,2026-07-23,Provisional,,,,,,,72019,00003,https://api.waterdata.usgs.gov/ogcapi/v0/collections/latest-daily/items?parameter_code=72019&statistic_id=00003&limit=10000&f=json
USGS-401552074501801,,,,,40.2648302800382,-74.836274699258,16.93,2026-08-20,Provisional,,,,,,,72019,00003,https://api.waterdata.usgs.gov/ogcapi/v0/collections/latest-daily/items?parameter_code=72019&statistic_id=00003&limit=10000&f=json
USGS-401606074485601,,,,,40.2682583333333,-74.8155222222222,8.87,2003-07-31,Approved,,,,,,,72019,00003,https://api.waterdata.usgs.gov/ogcapi/v0/collections/latest-daily/items?parameter_code=72019&statistic_id=00003&limit=10000&f=json
USGS-401607074484201,,,,,40.2686583333333,-74.8111805555556,8.7,2002-09-11,Approved,,,,,,,72019,00003,https://api.waterdata.usgs.gov/ogcapi/v0/collections/latest-daily/items?parameter_code=72019&statistic_id=00003&limit=10000&f=json
USGS-401607074484202,,,,,40.2686083333333,-74.8111972222222,9.31,2002-08-26,Approved,,,,,,,72019,00003,https://api.waterdata.usgs.gov/ogcapi/v0/collections/latest-daily/items?parameter_code=72019&statistic_id=00003&limit=10000&f=json
USGS-401609074483402,,,,,40.2692916666667,-74.8090611111111,13,2003-05-19,Approved,,,,,,,72019,00003,https://api.waterdata.usgs.gov/ogcapi/v0/collections/latest-daily/items?parameter_code=72019&statistic_id=00003&limit=10000&f=json
USGS-401613074483301,,,,,40.2702666666667,-74.8089055555556,12.93,2003-05-19,Approved,,,,,,,72019,00003,https://api.waterdata.usgs.gov/ogcapi/v0/collections/latest-daily/items?parameter_code=72019&statistic_id=00003&limit=10000&f=json
USGS-401613074484901,,,,,40.2704166666667,-74.8135,12.77,2003-01-14,Approved,,,,,,,72019,00003,https://api.waterdata.usgs.gov/ogcapi/v0/collections/latest-daily/items?parameter_code=72019&statistic_id=00003&limit=10000&f=json
USGS-401614074483401,,,,,40.2707722222222,-74.8090638888889,14.62,2000-06-04,Approved,,,,,,,72019,00003,https://api.waterdata.usgs.gov/ogcapi/v0/collections/latest-daily/items?parameter_code=72019&statistic_id=00003&limit=10000&f=json
USGS-401614074483701,,,,,40.2707638888889,-74.8098444444444,19.22,1998-07-14,Approved,,,,,,,72019,00003,https://api.waterdata.usgs.gov/ogcapi/v0/collections/latest-daily/items?parameter_code=72019&statistic_id=00003&limit=10000&f=json
USGS-401637076071501,,,,,40.2770277777778,-76.1206666666667,12.51,2026-08-26,Provisional,,,,,,,72019,00003,https://api.waterdata.usgs.gov/ogcapi/v0/collections/latest-daily/items?parameter_code=72019&statistic_id=00003&limit=10000&f=json
USGS-401733075171401,,,,,40.2927222222222,-75.2866666666667,8.42,2026-08-26,Provisional,,,,,,,72019,00003,https://api.waterdata.usgs.gov/ogcapi/v0/collections/latest-daily/items?parameter_code=72019&statistic_id=00003&limit=10000&f=json
USGS-401735098522701,,,,,40.2930692408707,-98.8745226055773,174.11,2001-03-13,Approved,,,,,,,72019,00003,https://api.waterdata.usgs.gov/ogcapi/v0/collections/latest-daily/items?parameter_code=72019&statistic_id=00003&limit=10000&f=json
USGS-401744080185001,,,,,40.2956255625203,-80.3136728862711,18.6,1985-10-24,Approved,,,,,,,72019,00003,https://api.waterdata.usgs.gov/ogcapi/v0/collections/latest-daily/items?parameter_code=72019&statistic_id=00003&limit=10000&f=json
USGS-401753074483501,,,,,40.2981630523466,-74.8093295788442,17.6,2026-07-20,Provisional,,,,,,,72019,00003,https://api.waterdata.usgs.gov/ogcapi/v0/collections/latest-daily/items?parameter_code=72019&statistic_id=00003&limit=10000&f=json
USGS-401804074432601,,,,,40.301218778325,-74.7234936206623,31,2026-08-27,Provisional,,,,,,,72019,00003,https://api.waterdata.usgs.gov/ogcapi/v0/collections/latest-daily/items?parameter_code=72019&statistic_id=00003&limit=10000&f=json
USGS-401806080181001,,,,,40.3017365894534,-80.3025613858442,90.54,1985-10-24,Approved,,,,,,,72019,00003,https://api.waterdata.usgs.gov/ogcapi/v0/collections/latest-daily/items?parameter_code=72019&statistic_id=00003&limit=10000&f=json
USGS-401819074351601,,,,,40.3017749894437,-74.5921003275729,16.07,1994-08-28,Approved,,,,,,,72019,00003,https://api.waterdata.usgs.gov/ogcapi/v0/collections/latest-daily/items?parameter_code=72019&statistic_id=00003&limit=10000&f=json
USGS-401832074491901,,,,,40.3088888888889,-74.8219444444444,38.9,2012-09-29,Approved,,,,,,,72019,00003,https://api.waterdata.usgs.gov/ogcapi/v0/collections/latest-daily/items?parameter_code=72019&statistic_id=00003&limit=10000&f=json
USGS-401834074515501,,,,,40.3103849843133,-74.8537753761898,68.53,2026-08-23,Provisional,,,,,,,72019,00003,https://api.waterdata.usgs.gov/ogcapi/v0/collections/latest-daily/items?parameter_code=72019&statistic_id=00003&limit=10000&f=json
USGS-401834104444801,,,,,40.3095,-104.746583333333,12.77,2009-10-14,Approved,,,,,,,72019,00003,https://api.waterdata.usgs.gov/ogcapi/v0/collections/latest-daily/items?parameter_code=72019&statistic_id=00003&limit=10000&f=json
USGS-401842104442501,,,,,40.3116111111111,-104.740305555556,10.98,2009-10-14,Approved,,,,,,,72019,00003,https://api.waterdata.usgs.gov/ogcapi/v0/collections/latest-daily/items?parameter_code=72019&statistic_id=00003&limit=10000&f=json
USGS-401843078075401,,,,,40.3123055555556,-78.13125,52.81,2026-08-26,Provisional,,,,,,,72019,00003,https://api.waterdata.usgs.gov/ogcapi/v0/collections/latest-daily/items?parameter_code=72019&statistic_id=00003&limit=10000&f=json
USGS-401849080194501,,,,,40.313680906358,-80.3289512048855,47.52,1985-10-24,Approved,,,,,,,72019,00003,https://api.waterdata.usgs.gov/ogcapi/v0/collections/latest-daily/items?parameter_code=72019&statistic_id=00003&limit=10000&f=json
USGS-401850074030101,,,,,40.3141666666667,-74.0500277777778,15.98,1984-07-26,Approved,,,,,,,72019,00003,https://api.waterdata.usgs.gov/ogcapi/v0/collections/latest-daily/items?parameter_code=72019&statistic_id=00003&limit=10000&f=json
USGS-401857099195201,,,,,40.3158444398132,-99.3314865799658,179.31,2001-03-12,Approved,,,,,,,72019,00003,https://api.waterdata.usgs.gov/ogcapi/v0/collections/latest-daily/items?parameter_code=72019&statistic_id=00003&limit=10000&f=json
USGS-401906074151401,,,,,40.3217763524284,-74.2576455787992,46.79,2026-08-26,Provisional,,,,,,,72019,00003,https://api.waterdata.usgs.gov/ogcapi/v0/collections/latest-daily/items?parameter_code=72019&statistic_id=00003&limit=10000&f=json
USGS-401913089534501,,,,,40.32041666666667,-89.89575,18.46,2026-08-27,Provisional,,,,,,,72019,00003,https://api.waterdata.usgs.gov/ogcapi/v0/collections/latest-daily/items?parameter_code=72019&statistic_id=00003&limit=10000&f=json
USGS-401934074485901,,,,,40.3261111111111,-74.8163888888889,84.48,2026-08-24,Provisional,,,,,,,72019,00003,https://api.waterdata.usgs.gov/ogcapi/v0/collections/latest-daily/items?parameter_code=72019&statistic_id=00003&limit=10000&f=json
USGS-401934089541701,,,,,40.32622222222223,-89.90480555555555,4.81,2026-08-27,Provisional,,,,,,,72019,00003,https://api.waterdata.usgs.gov/ogcapi/v0/collections/latest-daily/items?parameter_code=72019&statistic_id=00003&limit=10000&f=json
USGS-401934089541702,,,,,40.32619444444445,-89.90480555555555,4.18,2026-08-27,Provisional,,,,,,,72019,00003,https://api.waterdata.usgs.gov/ogcapi/v0/collections/latest-daily/items?parameter_code=72019&statistic_id=00003&limit=10000&f=json
USGS-401934089541705,,,,,40.32622222222223,-89.90472222222223,4.24,2026-08-27,Provisional,,,,,,,72019,00003,https://api.waterdata.usgs.gov/ogcapi/v0/collections/latest-daily/items?parameter_code=72019&statistic_id=00003&limit=10000&f=json
USGS-401934089541706,,,,,40.32619444444445,-89.90472222222223,4.32,2026-08-27,Provisional,,,,,,,72019,00003,https://api.waterdata.usgs.gov/ogcapi/v0/collections/latest-daily/items?parameter_code=72019&statistic_id=00003&limit=10000&f=json
USGS-402015074275701,,,,,40.3376081217843,-74.46542971064,77.55,1975-02-21,Approved,,,,,,,72019,00003,https://api.waterdata.usgs.gov/ogcapi/v0/collections/latest-daily/items?parameter_code=72019&statistic_id=00003&limit=10000&f=json
USGS-402015074275702,,,,,40.3376081217843,-74.46542971064,93.72,2005-07-16,Approved,,,,,,,72019,00003,https://api.waterdata.usgs.gov/ogcapi/v0/collections/latest-daily/items?parameter_code=72019&statistic_id=00003&limit=10000&f=json
USGS-402023074391901,,,,,40.3398294514906,-74.6548803719322,45.61,1990-10-21,Approved,,,,,,,72019,00003,https://api.waterdata.usgs.gov/ogcapi/v0/collections/latest-daily/items?parameter_code=72019&statistic_id=00003&limit=10000&f=json
USGS-402032074392501,,,,,40.3423293938078,-74.6565471044913,13.18,1992-02-16,Approved,,,,,,,72019,00003,https://api.waterdata.usgs.gov/ogcapi/v0/collections/latest-daily/items?parameter_code=72019&statistic_id=00003&limit=10000&f=json
USGS-402058074355901,,,,,40.3495516905103,-74.5993230178799,21.55,1992-02-20,Approved,,,,,,,72019,00003,https://api.waterdata.usgs.gov/ogcapi/v0/collections/latest-daily/items?parameter_code=72019&statistic_id=00003&limit=10000&f=json
USGS-402058074355902,,,,,40.3495516905103,-74.5993230178799,21.52,1992-02-20,Approved,,,,,,,72019,00003,https://api.waterdata.usgs.gov/ogcapi/v0/collections/latest-daily/items?parameter_code=72019&statistic_id=00003&limit=10000&f=json
USGS-402101099595001,,,,,40.3502840368149,-99.9976281609029,133.31,2001-03-17,Approved,,,,,,,72019,00003,https://api.waterdata.usgs.gov/ogcapi/v0/collections/latest-daily/items?parameter_code=72019&statistic_id=00003&limit=10000&f=json
USGS-402109074301301,,,,,40.3526075439004,-74.5032087411207,39.68,2026-07-13,Provisional,,,,,,,72019,00003,https://api.waterdata.usgs.gov/ogcapi/v0/collections/latest-daily/items?parameter_code=72019&statistic_id=00003&limit=10000&f=json
USGS-402109074301302,,,,,40.3526075449535,-74.5029309541519,35.9,2026-07-13,Provisional,,,,,,,72019,00003,https://api.waterdata.usgs.gov/ogcapi/v0/collections/latest-daily/items?parameter_code=72019&statistic_id=00003&limit=10000&f=json
USGS-402118076462201,,,,,40.3550882602756,-76.7724703125561,5.87,2006-05-08,Approved,,,,,,,72019,00003,https://api.waterdata.usgs.gov/ogcapi/v0/collections/latest-daily/items?parameter_code=72019&statistic_id=00003&limit=10000&f=json
USGS-402131074461201,,,,,40.3587175791224,-74.7693286083161,27.38,1995-03-05,Approved,,,,,,,72019,00003,https://api.waterdata.usgs.gov/ogcapi/v0/collections/latest-daily/items?parameter_code=72019&statistic_id=00003&limit=10000&f=json
USGS-402138074435801,,,,,40.3606620822626,-74.7323830190197,12.19,2026-05-12,Provisional,,,,,,,72019,00003,https://api.waterdata.usgs.gov/ogcapi/v0/collections/latest-daily/items?parameter_code=72019&statistic_id=00003&limit=10000&f=json
USGS-402138079031802,,,,,40.3604722222222,-79.0558333333333,15.43,2026-08-26,Provisional,,,,,,,72019,00003,https://api.waterdata.usgs.gov/ogcapi/v0/collections/latest-daily/items?parameter_code=72019&statistic_id=00003&limit=10000&f=json
USGS-402141074535801,,,,,40.3614950967854,-74.8990546742898,9.18,1992-02-26,Approved,,,,,,,72019,00003,https://api.waterdata.usgs.gov/ogcapi/v0/collections/latest-daily/items?parameter_code=72019&statistic_id=00003&limit=10000&f=json
USGS-402143074185201,,,,,40.3620529081764,-74.3132028149006,4.81,2026-08-27,Provisional,,,,,,,72019,00003,https://api.waterdata.usgs.gov/ogcapi/v0/collections/latest-daily/items?parameter_code=72019&statistic_id=00003&limit=10000&f=json
USGS-402146074535102,,,,,40.3628839636148,-74.8971101774115,19.75,1992-02-26,Approved,,,,,,,72019,00003,https://api.waterdata.usgs.gov/ogcapi/v0/collections/latest-daily/items?parameter_code=72019&statistic_id=00003&limit=10000&f=json
USGS-402151074525301,,,,,40.3642728534336,-74.8809985950727,4.66,2026-08-27,Provisional,,,,,,,72019,00003,https://api.waterdata.usgs.gov/ogcapi/v0/collections/latest-daily/items?parameter_code=72019&statistic_id=00003&limit=10000&f=json
USGS-402207076180801,,,,,40.36875,-76.3017222222222,11.01,2026-08-26,Provisional,,,,,,,72019,00003,https://api.waterdata.usgs.gov/ogcapi/v0/collections/latest-daily/items?parameter_code=72019&statistic_id=00003&limit=10000&f=json
USGS-402208074145201,,,,,40.3689975971504,-74.2473674051377,161.27,2026-07-12,Provisional,,,,,,,72019,00003,https://api.waterdata.usgs.gov/ogcapi/v0/collections/latest-daily/items?parameter_code=72019&statistic_id=00003&limit=10000&f=json
USGS-402208074505801,,,,,40.3688888888889,-74.8494444444444,42.25,2012-09-29,Approved,,,,,,,72019,00003,https://api.waterdata.usgs.gov/ogcapi/v0/collections/latest-daily/items?parameter_code=72019&statistic_id=00003&limit=10000&f=json
USGS-402231107111601,,,,,40.382476640003,-107.188388909121,6.31,1983-09-26,Approved,,,,,,,72019,00003,https://api.waterdata.usgs.gov/ogcapi/v0/collections/latest-daily/items?parameter_code=72019&statistic_id=00003&limit=10000&f=json
USGS-402231107111612,,,,,40.3824766967578,-107.179222047651,12.76,1983-09-26,Approved,,,,,,,72019,00003,https://api.waterdata.usgs.gov/ogcapi/v0/collections/latest-daily/items?parameter_code=72019&statistic_id=00003&limit=10000&f=json
USGS-402231107111634,,,,,40.3752545781129,-107.188388825045,20,1983-06-09,Approved,,,,,,,72019,00003,https://api.waterdata.usgs.gov/ogcapi/v0/collections/latest-daily/items?parameter_code=72019&statistic_id=00003&limit=10000&f=json
USGS-402231107111636,,,,,40.3752545781129,-107.188388825045,26.95,1983-06-09,Approved,,,,,,,72019,00003,https://api.waterdata.usgs.gov/ogcapi/v0/collections/latest-daily/items?parameter_code=72019&statistic_id=00003&limit=10000&f=json
USGS-402255076422001,,,,,40.382,-76.70575,17.31,2026-08-26,Provisional,,,,,,,72019,00003,https://api.waterdata.usgs.gov/ogcapi/v0/collections/latest-daily/items?parameter_code=72019&statistic_id=00003&limit=10000&f=json
USGS-402322085481901,,,,,40.3894833023058,-85.8052580023938,3.94,2026-08-27,Provisional,,,,,,,72019,00003,https://api.waterdata.usgs.gov/ogcapi/v0/collections/latest-daily/items?parameter_code=72019&statistic_id=00003&limit=10000&f=json
USGS-402350073583901,,,,,40.3973312448557,-73.9770821507633,8.17,2026-08-24,Provisional,,,,,,,72019,00003,https://api.waterdata.usgs.gov/ogcapi/v0/collections/latest-daily/items?parameter_code=72019&statistic_id=00003&limit=10000&f=json
USGS-402356091344001,,,,,40.3972649119457,-91.5787702270465,42.73,2010-12-20,Approved,,,,,,,72019,00003,https://api.waterdata.usgs.gov/ogcapi/v0/collections/latest-daily/items?parameter_code=72019&statistic_id=00003&limit=10000&f=json
USGS-402411077374801,,,,,40.4030277777778,-77.6298888888889,13.06,2026-08-26,Provisional,,,,,,,72019,00003,https://api.waterdata.usgs.gov/ogcapi/v0/collections/latest-daily/items?parameter_code=72019&statistic_id=00003&limit=10000&f=json
USGS-402419080250301,,,,,40.4053462938447,-80.417287444414,42.38,1986-07-08,Approved,,,,,,,72019,00003,https://api.waterdata.usgs.gov/ogcapi/v0/collections/latest-daily/items?parameter_code=72019&statistic_id=00003&limit=10000&f=json
USGS-402426074001901,,,,,40.4073310714594,-74.0048607542697,224.49,2026-08-24,Provisional,,,,,,,72019,00003,https://api.waterdata.usgs.gov/ogcapi/v0/collections/latest-daily/items?parameter_code=72019&statistic_id=00003&limit=10000&f=json
USGS-402450074181801,,,,,40.4137184685787,-74.3048692079767,9.87,1975-08-11,Approved,,,,,,,72019,00003,https://api.waterdata.usgs.gov/ogcapi/v0/collections/latest-daily/items?parameter_code=72019&statistic_id=00003&limit=10000&f=json
USGS-402452078271301,,,,,40.4145,-78.4533888888889,10.83,2026-08-26,Provisional,,,,,,,72019,00003,https://api.waterdata.usgs.gov/ogcapi/v0/collections/latest-daily/items?parameter_code=72019&statistic_id=00003&limit=10000&f=json
USGS-402458074200401,,,,,40.4162182196558,-74.3340368383346,1.63,1975-03-25,Approved,,,,,,,72019,00003,https://api.waterdata.usgs.gov/ogcapi/v0/collections/latest-daily/items?parameter_code=72019&statistic_id=00003&limit=10000&f=json
USGS-402510074411601,,,,,40.4195499809495,-74.6873817659796,30.11,1989-09-19,Approved,,,,,,,72019,00003,https://api.waterdata.usgs.gov/ogcapi/v0/collections/latest-daily/items?parameter_code=72019&statistic_id=00003&limit=10000&f=json
USGS-402512074414301,,,,,40.4201055099294,-74.6948820118707,16.06,2026-04-05,Provisional,,,,,,,72019,00003,https://api.waterdata.usgs.gov/ogcapi/v0/collections/latest-daily/items?parameter_code=72019&statistic_id=00003&limit=10000&f=json
USGS-402525074195401,,,,,40.4237180681627,-74.3312589729652,3.54,1975-07-22,Approved,,,,,,,72019,00003,https://api.waterdata.usgs.gov/ogcapi/v0/collections/latest-daily/items?parameter_code=72019&statistic_id=00003&limit=10000&f=json
USGS-402536073590501,,,,,40.4267750800534,-73.9843047933145,15.77,1975-08-11,Approved,,,,,,,72019,00003,https://api.waterdata.usgs.gov/ogcapi/v0/collections/latest-daily/items?parameter_code=72019&statistic_id=00003&limit=10000&f=json
USGS-402536074201801,,,,,40.4267735097328,-74.3379258638682,81.37,1975-08-12,Approved,,,,,,,72019,00003,https://api.waterdata.usgs.gov/ogcapi/v0/collections/latest-daily/items?parameter_code=72019&statistic_id=00003&limit=10000&f=json
USGS-402548073592301,,,,,40.43015,-73.9898666666667,0.06,2018-10-08,Approved,,,,,,,72019,00003,https://api.waterdata.usgs.gov/ogcapi/v0/collections/latest-daily/items?parameter_code=72019&statistic_id=00003&limit=10000&f=json
USGS-402548073592302,,,,,40.4301,-73.9896666666667,1.86,2019-03-10,Approved,,,,,,,72019,00003,https://api.waterdata.usgs.gov/ogcapi/v0/collections/latest-daily/items?parameter_code=72019&statistic_id=00003&limit=10000&f=json
USGS-402548073592304,,,,,40.4301,-73.9895666666667,2.93,2019-03-10,Approved,,,,,,,72019,00003,https://api.waterdata.usgs.gov/ogcapi/v0/collections/latest-daily/items?parameter_code=72019&statistic_id=00003&limit=10000&f=json
USGS-402553074203301,,,,,40.4314955965193,-74.3420926738053,7.56,1975-08-12,Approved,,,,,,,72019,00003,https://api.waterdata.usgs.gov/ogcapi/v0/collections/latest-daily/items?parameter_code=72019&statistic_id=00003&limit=10000&f=json
USGS-402553074271701,,,,,40.4320503761542,-74.4548742339968,16.73,2026-08-27,Provisional,,,,,,,72019,00003,https://api.waterdata.usgs.gov/ogcapi/v0/collections/latest-daily/items?parameter_code=72019&statistic_id=00003&limit=10000&f=json
USGS-402558074201301,,,,,40.4328844914505,-74.3365369330458,4.38,1975-08-12,Approved,,,,,,,72019,00003,https://api.waterdata.usgs.gov/ogcapi/v0/collections/latest-daily/items?parameter_code=72019&statistic_id=00003&limit=10000&f=json
USGS-402615075530501,,,,,40.4374722222222,-75.88425,141.42,2026-08-26,Provisional,,,,,,,72019,00003,https://api.waterdata.usgs.gov/ogcapi/v0/collections/latest-daily/items?parameter_code=72019&statistic_id=00003&limit=10000&f=json
USGS-402625098594501,,,,,40.440291399129,-98.9961947537646,101.03,1994-08-02,Approved,,,,,,,72019,00003,https://api.waterdata.usgs.gov/ogcapi/v0/collections/latest-daily/items?parameter_code=72019&statistic_id=00003&limit=10000&f=json
USGS-402626074114204,,,,,40.4403851380046,-74.1954214881953,29.26,1987-11-01,Approved,,,,,,,72019,00003,https://api.waterdata.usgs.gov/ogcapi/v0/collections/latest-daily/items?parameter_code=72019&statistic_id=00003&limit=10000&f=json
USGS-402632078573101,,,,,40.4422933353686,-78.9583607969516,75.92,1988-10-04,Approved,,,,,,,72019,00003,https://api.waterdata.usgs.gov/ogcapi/v0/collections/latest-daily/items?parameter_code=72019&statistic_id=00003&limit=10000&f=json
USGS-402633074220001,,,,,40.4426062887863,-74.3662601684117,55.41,1975-08-12,Approved,,,,,,,72019,00003,https://api.waterdata.usgs.gov/ogcapi/v0/collections/latest-daily/items?parameter_code=72019&statistic_id=00003&limit=10000&f=json
USGS-402643075150501,,,,,40.4451111111111,-75.2504444444444,43.3,2026-08-26,Provisional,,,,,,,72019,00003,https://api.waterdata.usgs.gov/ogcapi/v0/collections/latest-daily/items?parameter_code=72019&statistic_id=00003&limit=10000&f=json
USGS-402644074563601,,,,,40.4456601606534,-74.9429451715946,11.47,2026-08-23,Provisional,,,,,,,72019,00003,https://api.waterdata.usgs.gov/ogcapi/v0/collections/latest-daily/items?parameter_code=72019&statistic_id=00003&limit=10000&f=json
USGS-402704074213901,,,,,40.4512172425119,-74.3604266500098,46.67,1988-12-27,Approved,,,,,,,72019,00003,https://api.waterdata.usgs.gov/ogcapi/v0/collections/latest-daily/items?parameter_code=72019&statistic_id=00003&limit=10000&f=json
USGS-402734087033401,,,,,40.4594793643226,-87.0594571590347,117.87,2025-02-27,Provisional,,,,,,,72019,00003,https://api.waterdata.usgs.gov/ogcapi/v0/collections/latest-daily/items?parameter_code=72019&statistic_id=00003&limit=10000&f=json
USGS-402734087033402,,,,,40.4594793643226,-87.0594571590347,20.7,2026-08-27,Provisional,,,,,,,72019,00003,https://api.waterdata.usgs.gov/ogcapi/v0/collections/latest-daily/items?parameter_code=72019&statistic_id=00003&limit=10000&f=json
USGS-402735077100901,,,,,40.4604444444444,-77.1686944444445,13.56,2026-08-26,Provisional,,,,,,,72019,00003,https://api.waterdata.usgs.gov/ogcapi/v0/collections/latest-daily/items?parameter_code=72019&statistic_id=00003&limit=10000&f=json
USGS-402743074221601,,,,,40.462050254888,-74.3707047972687,4.33,1987-11-22,Approved,,,,,,,72019,00003,https://api.waterdata.usgs.gov/ogcapi/v0/collections/latest-daily/items?parameter_code=72019&statistic_id=00003&limit=10000&f=json
USGS-402746074314501,,,,,40.4626064470745,-74.2787571863724,94.73,1980-04-10,Approved,,,,,,,72019,00003,https://api.waterdata.usgs.gov/ogcapi/v0/collections/latest-daily/items?parameter_code=72019&statistic_id=00003&limit=10000&f=json
USGS-402750078452201,,,,,40.4625833333333,-78.7590555555556,6.94,2026-08-26,Provisional,,,,,,,72019,00003,https://api.waterdata.usgs.gov/ogcapi/v0/collections/latest-daily/items?parameter_code=72019&statistic_id=00003&limit=10000&f=json
USGS-402831074212001,,,,,40.4753833929451,-74.3551487231739,7.17,1988-07-11,Approved,,,,,,,72019,00003,https://api.waterdata.usgs.gov/ogcapi/v0/collections/latest-daily/items?parameter_code=72019&statistic_id=00003&limit=10000&f=json
USGS-402848085340201,,,,,40.48,-85.5672222222222,20.3,2025-02-02,Provisional,,,,,,,72019,00003,https://api.waterdata.usgs.gov/ogcapi/v0/collections/latest-daily/items?parameter_code=72019&statistic_id=00003&limit=10000&f=json
USGS-402851087213501,,,,,40.48086066679702,-87.35972954691098,14.96,2026-08-26,Provisional,,,,,,,72019,00003,https://api.waterdata.usgs.gov/ogcapi/v0/collections/latest-daily/items?parameter_code=72019&statistic_id=00003&limit=10000&f=json
USGS-402912096231601,,,,,40.4866662237314,-96.3880693312057,151.12,2001-10-03,Approved,,,,,,,72019,00003,https://api.waterdata.usgs.gov/ogcapi/v0/collections/latest-daily/items?parameter_code=72019&statistic_id=00003&limit=10000&f=json
USGS-403006080252301,,,,,40.5015,-80.4221944444444,7.78,2026-08-26,Provisional,,,,,,,72019,00003,https://api.waterdata.usgs.gov/ogcapi/v0/collections/latest-daily/items?parameter_code=72019&statistic_id=00003&limit=10000&f=json
USGS-403025079211501,,,,,40.5070110602937,-79.3539278038034,65.6,1988-10-05,Approved,,,,,,,72019,00003,https://api.waterdata.usgs.gov/ogcapi/v0/collections/latest-daily/items?parameter_code=72019&statistic_id=00003&limit=10000&f=json
USGS-403032096104801,,,,,40.5088888072636,-96.1802865951279,15.85,2001-10-03,Approved,,,,,,,72019,00003,https://api.waterdata.usgs.gov/ogcapi/v0/collections/latest-daily/items?parameter_code=72019&statistic_id=00003&limit=10000&f=json
USGS-403119074290301,,,,,40.5189928112252,-74.4695973793135,1.14,2002-01-27,Approved,,,,,,,72019,00003,https://api.waterdata.usgs.gov/ogcapi/v0/collections/latest-daily/items?parameter_code=72019&statistic_id=00003&limit=10000&f=json
USGS-403132099381001,,,,,40.5255631926786,-99.6365007616805,160.92,1994-08-08,Approved,,,,,,,72019,00003,https://api.waterdata.usgs.gov/ogcapi/v0/collections/latest-daily/items?parameter_code=72019&statistic_id=00003&limit=10000&f=json
USGS-403135074274401,,,,,40.5264927539889,-74.4618193692569,13,2002-01-27,Approved,,,,,,,72019,00003,https://api.waterdata.usgs.gov/ogcapi/v0/collections/latest-daily/items?parameter_code=72019&statistic_id=00003&limit=10000&f=json
USGS-403135074274402,,,,,40.5264927539889,-74.4618193692569,9.33,2002-01-27,Approved,,,,,,,72019,00003,https://api.waterdata.usgs.gov/ogcapi/v0/collections/latest-daily/items?parameter_code=72019&statistic_id=00003&limit=10000&f=json
USGS-403135074274403,,,,,40.5264927539889,-74.4618193692569,8.13,2002-01-27,Approved,,,,,,,72019,00003,https://api.waterdata.usgs.gov/ogcapi/v0/collections/latest-daily/items?parameter_code=72019&statistic_id=00003&limit=10000&f=json
USGS-403144078561602,,,,,40.5289581934157,-78.9375278267149,24.37,1988-10-04,Approved,,,,,,,72019,00003,https://api.waterdata.usgs.gov/ogcapi/v0/collections/latest-daily/items?parameter_code=72019&statistic_id=00003&limit=10000&f=json
USGS-403200074420601,,,,,40.53325,-74.7018055555556,7.89,2026-04-05,Provisional,,,,,,,72019,00003,https://api.waterdata.usgs.gov/ogcapi/v0/collections/latest-daily/items?parameter_code=72019&statistic_id=00003&limit=10000&f=json
USGS-403217099235801,,,,,40.5380657387883,-99.3998228712664,18.72,1994-08-08,Approved,,,,,,,72019,00003,https://api.waterdata.usgs.gov/ogcapi/v0/collections/latest-daily/items?parameter_code=72019&statistic_id=00003&limit=10000&f=json
USGS-403223096360601,,,,,40.5397228401737,-96.6019630784058,96.08,2001-10-03,Approved,,,,,,,72019,00003,https://api.waterdata.usgs.gov/ogcapi/v0/collections/latest-daily/items?parameter_code=72019&statistic_id=00003&limit=10000&f=json
USGS-403226075343001,,,,,40.5406522756463,-75.5746308285242,8.68,2026-08-26,Provisional,,,,,,,72019,00003,https://api.waterdata.usgs.gov/ogcapi/v0/collections/latest-daily/items?parameter_code=72019&statistic_id=00003&limit=10000&f=json
USGS-403300074202901,,,,,40.5500833333333,-74.3415,-0.29,2026-08-24,Provisional,,,,,,,72019,00003,https://api.waterdata.usgs.gov/ogcapi/v0/collections/latest-daily/items?parameter_code=72019&statistic_id=00003&limit=10000&f=json
USGS-403400096435501,,,,,40.5666685569748,-96.7322441183812,144.05,2001-10-03,Approved,,,,,,,72019,00003,https://api.waterdata.usgs.gov/ogcapi/v0/collections/latest-daily/items?parameter_code=72019&statistic_id=00003&limit=10000&f=json
USGS-403407086175701,,,,,40.56863741057047,-86.29913898419231,6.36,2026-08-26,Provisional,,,,,,,72019,00003,https://api.waterdata.usgs.gov/ogcapi/v0/collections/latest-daily/items?parameter_code=72019&statistic_id=00003&limit=10000&f=json
USGS-403408078543701,,,,,40.5689575007215,-78.9100278216978,68.05,1988-10-04,Approved,,,,,,,72019,00003,https://api.waterdata.usgs.gov/ogcapi/v0/collections/latest-daily/items?parameter_code=72019&statistic_id=00003&limit=10000&f=json
USGS-403429075392401,,,,,40.5751111111111,-75.6562222222222,76.54,2026-08-26,Provisional,,,,,,,72019,00003,https://api.waterdata.usgs.gov/ogcapi/v0/collections/latest-daily/items?parameter_code=72019&statistic_id=00003&limit=10000&f=json
USGS-403434078302201,,,,,40.5761666666667,-78.5060833333333,39.16,2008-08-11,Approved,,,,,,,72019,00003,https://api.waterdata.usgs.gov/ogcapi/v0/collections/latest-daily/items?parameter_code=72019&statistic_id=00003&limit=10000&f=json
USGS-403450079120301,,,,,40.580622177283,-79.2005913105986,27.92,1988-10-05,Approved,,,,,,,72019,00003,https://api.waterdata.usgs.gov/ogcapi/v0/collections/latest-daily/items?parameter_code=72019&statistic_id=00003&limit=10000&f=json
USGS-403455074514801,,,,,40.5773247692363,-74.8604434821975,9.89,2026-08-27,Provisional,,,,,,,72019,00003,https://api.waterdata.usgs.gov/ogcapi/v0/collections/latest-daily/items?parameter_code=72019&statistic_id=00003&limit=10000&f=json
USGS-403504091414501,,,,,40.5844444444444,-91.6958333333333,22.75,2013-06-09,Approved,,,,,,,72019,00003,https://api.waterdata.usgs.gov/ogcapi/v0/collections/latest-daily/items?parameter_code=72019&statistic_id=00003&limit=10000&f=json
USGS-403511075210001,,,,,40.5864879884509,-75.349623832876,33.26,1995-05-02,Approved,,,,,,,72019,00003,https://api.waterdata.usgs.gov/ogcapi/v0/collections/latest-daily/items?parameter_code=72019&statistic_id=00003&limit=10000&f=json
USGS-403517074452501,,,,,40.5881581993238,-74.7565514119691,28.51,2026-08-27,Provisional,,,,,,,72019,00003,https://api.waterdata.usgs.gov/ogcapi/v0/collections/latest-daily/items?parameter_code=72019&statistic_id=00003&limit=10000&f=json
USGS-403521079122701,,,,,40.5892331429043,-79.2072582382745,11.34,1988-09-29,Approved,,,,,,,72019,00003,https://api.waterdata.usgs.gov/ogcapi/v0/collections/latest-daily/items?parameter_code=72019&statistic_id=00003&limit=10000&f=json
USGS-403536111545001,,,,,40.5933861111111,-111.913986111111,6.99,2022-03-24,Approved,,,,,,,72019,00003,https://api.waterdata.usgs.gov/ogcapi/v0/collections/latest-daily/items?parameter_code=72019&statistic_id=00003&limit=10000&f=json
USGS-403538111544601,,,,,40.5938111111111,-111.912819444444,7,2022-03-24,Approved,,,,,,,72019,00003,https://api.waterdata.usgs.gov/ogcapi/v0/collections/latest-daily/items?parameter_code=72019&statistic_id=00003&limit=10000&f=json
USGS-403539111545301,,,,,40.5940805555556,-111.914777777778,7.5,2022-03-24,Approved,,,,,,,72019,00003,https://api.waterdata.usgs.gov/ogcapi/v0/collections/latest-daily/items?parameter_code=72019&statistic_id=00003&limit=10000&f=json
USGS-403541111545001,,,,,40.5946611111111,-111.913811111111,8.38,2022-03-24,Approved,,,,,,,72019,00003,https://api.waterdata.usgs.gov/ogcapi/v0/collections/latest-daily/items?parameter_code=72019&statistic_id=00003&limit=10000&f=json
USGS-403545111545201,,,,,40.5957527777778,-111.914433333333,7.39,2022-03-24,Approved,,,,,,,72019,00003,https://api.waterdata.usgs.gov/ogcapi/v0/collections/latest-daily/items?parameter_code=72019&statistic_id=00003&limit=10000&f=json
USGS-403547111545001,,,,,40.5963583333333,-111.913861111111,6.91,2022-03-24,Approved,,,,,,,72019,00003,https://api.waterdata.usgs.gov/ogcapi/v0/collections/latest-daily/items?parameter_code=72019&statistic_id=00003&limit=10000&f=json
USGS-403556079215201,,,,,40.5989546239203,-79.3642065929129,88.13,1988-10-05,Approved,,,,,,,72019,00003,https://api.waterdata.usgs.gov/ogcapi/v0/collections/latest-daily/items?parameter_code=72019&statistic_id=00003&limit=10000&f=json
USGS-403602095400201,,,,,40.6005569835031,-95.667493679339,2.18,1996-10-01,Approved,DISCONTINUED,,,,,,72019,00003,https://api.waterdata.usgs.gov/ogcapi/v0/collections/latest-daily/items?parameter_code=72019&statistic_id=00003&limit=10000&f=json
USGS-403602095411501,,,,,40.600556993806,-95.6877722960229,2.72,1996-10-01,Approved,,,,,,,72019,00003,https://api.waterdata.usgs.gov/ogcapi/v0/collections/latest-daily/items?parameter_code=72019&statistic_id=00003&limit=10000&f=json
USGS-403602095425801,,,,,40.6005570083431,-95.7163845907961,2.02,1996-10-01,Approved,,,,,,,72019,00003,https://api.waterdata.usgs.gov/ogcapi/v0/collections/latest-daily/items?parameter_code=72019&statistic_id=00003&limit=10000&f=json
USGS-403604095440701,,,,,40.6011125709554,-95.7355520598885,2.18,1996-10-01,Approved,,,,,,,72019,00003,https://api.waterdata.usgs.gov/ogcapi/v0/collections/latest-daily/items?parameter_code=72019&statistic_id=00003&limit=10000&f=json
USGS-403605095443601,,,,,40.6013903516394,-95.7436079531624,1.76,1996-10-01,Approved,,,,,,,72019,00003,https://api.waterdata.usgs.gov/ogcapi/v0/collections/latest-daily/items?parameter_code=72019&statistic_id=00003&limit=10000&f=json
USGS-403618075203801,,,,,40.6050989022078,-75.3435126473236,33.74,1990-01-09,Approved,,,,,,,72019,00003,https://api.waterdata.usgs.gov/ogcapi/v0/collections/latest-daily/items?parameter_code=72019&statistic_id=00003&limit=10000&f=json
USGS-403629079041901,,,,,40.608122316311,-79.0716993213664,51.16,1988-10-04,Approved,,,,,,,72019,00003,https://api.waterdata.usgs.gov/ogcapi/v0/collections/latest-daily/items?parameter_code=72019&statistic_id=00003&limit=10000&f=json
USGS-403635082152300,,,,,40.6097830836391,-82.2562712115118,5.04,1995-10-10,Approved,,,,,,,72019,00003,https://api.waterdata.usgs.gov/ogcapi/v0/collections/latest-daily/items?parameter_code=72019&statistic_id=00003&limit=10000&f=json
USGS-403719075091801,,,,,40.6220447979406,-75.1546189107335,7.56,2026-08-27,Provisional,,,,,,,72019,00003,https://api.waterdata.usgs.gov/ogcapi/v0/collections/latest-daily/items?parameter_code=72019&statistic_id=00003&limit=10000&f=json
USGS-403726074162401,,,,,40.6239921543348,-74.2726466687793,43.34,1975-05-20,Approved,,,,,,,72019,00003,https://api.waterdata.usgs.gov/ogcapi/v0/collections/latest-daily/items?parameter_code=72019&statistic_id=00003&limit=10000&f=json
USGS-403734080063001,,,,,40.6261944444444,-80.1083888888889,6.49,2026-08-26,Provisional,,,,,,,72019,00003,https://api.waterdata.usgs.gov/ogcapi/v0/collections/latest-daily/items?parameter_code=72019&statistic_id=00003&limit=10000&f=json
USGS-403810086403701,,,,,40.63611111111111,-86.67694444444444,118.21,2025-05-14,Provisional,,,,,,,72019,00003,https://api.waterdata.usgs.gov/ogcapi/v0/collections/latest-daily/items?parameter_code=72019&statistic_id=00003&limit=10000&f=json
USGS-403836085374401,,,,,40.6433756511575,-85.6288664456762,119.47,2026-08-26,Provisional,,,,,,,72019,00003,https://api.waterdata.usgs.gov/ogcapi/v0/collections/latest-daily/items?parameter_code=72019&statistic_id=00003&limit=10000&f=json
USGS-403923082325500,,,,,40.6564472122196,-82.5485023249963,34.52,2000-05-03,Approved,,,,,,,72019,00003,https://api.waterdata.usgs.gov/ogcapi/v0/collections/latest-daily/items?parameter_code=72019&statistic_id=00003&limit=10000&f=json
USGS-403939076591001,,,,,40.6612222222222,-76.9855555555555,18.93,2026-08-26,Provisional,,,,,,,72019,00003,https://api.waterdata.usgs.gov/ogcapi/v0/collections/latest-daily/items?parameter_code=72019&statistic_id=00003&limit=10000&f=json
USGS-403948085414601,,,,,40.6633753453832,-85.6960909826392,45.56,2025-06-11,Provisional,,,,,,,72019,00003,https://api.waterdata.usgs.gov/ogcapi/v0/collections/latest-daily/items?parameter_code=72019&statistic_id=00003&limit=10000&f=json
USGS-404006085244801,,,,,40.6684666666667,-85.4134166666667,26.62,2025-06-11,Provisional,,,,,,,72019,00003,https://api.waterdata.usgs.gov/ogcapi/v0/collections/latest-daily/items?parameter_code=72019&statistic_id=00003&limit=10000&f=json
USGS-404014074585401,,,,,40.6704444444444,-74.9817777777778,27.08,2026-08-25,Provisional,,,,,,,72019,00003,https://api.waterdata.usgs.gov/ogcapi/v0/collections/latest-daily/items?parameter_code=72019&statistic_id=00003&limit=10000&f=json
USGS-404027074164401,,,,,40.6742689401937,-74.2784805484493,23.74,1984-07-10,Approved,,,,,,,72019,00003,https://api.waterdata.usgs.gov/ogcapi/v0/collections/latest-daily/items?parameter_code=72019&statistic_id=00003&limit=10000&f=json
USGS-404035095495801,,,,,40.6763904079637,-95.8330566124955,2.68,1996-10-01,Approved,,,,,,,72019,00003,https://api.waterdata.usgs.gov/ogcapi/v0/collections/latest-daily/items?parameter_code=72019&statistic_id=00003&limit=10000&f=json
USGS-404035095500401,,,,,40.6763904158055,-95.8347233336486,4.67,1996-10-01,Approved,,,,,,,72019,00003,https://api.waterdata.usgs.gov/ogcapi/v0/collections/latest-daily/items?parameter_code=72019&statistic_id=00003&limit=10000&f=json
USGS-404050078514201,,,,,40.6806219573053,-78.8614181025261,195.56,1988-10-04,Approved,,,,,,,72019,00003,https://api.waterdata.usgs.gov/ogcapi/v0/collections/latest-daily/items?parameter_code=72019&statistic_id=00003&limit=10000&f=json
USGS-404106074171901,,,,,40.6851020358208,-74.2882031805037,6,2026-08-27,Provisional,,,,,,,72019,00003,https://api.waterdata.usgs.gov/ogcapi/v0/collections/latest-daily/items?parameter_code=72019&statistic_id=00003&limit=10000&f=json
USGS-404116095431001,,,,,40.687778779525,-95.7197196110187,6.43,1996-10-01,Approved,,,,,,,72019,00003,https://api.waterdata.usgs.gov/ogcapi/v0/collections/latest-daily/items?parameter_code=72019&statistic_id=00003&limit=10000&f=json
USGS-404120095444001,,,,,40.6888899482842,-95.7447205698444,3.43,1996-10-01,Approved,,,,,,,72019,00003,https://api.waterdata.usgs.gov/ogcapi/v0/collections/latest-daily/items?parameter_code=72019&statistic_id=00003&limit=10000&f=json
USGS-404123095491101,,,,,40.6897236730232,-95.8200008211027,1.63,1996-10-01,Approved,,,,,,,72019,00003,https://api.waterdata.usgs.gov/ogcapi/v0/collections/latest-daily/items?parameter_code=72019&statistic_id=00003&limit=10000&f=json
USGS-404124095472801,,,,,40.6900012938364,-95.7913887904572,4.35,1996-10-01,Approved,,,,,,,72019,00003,https://api.waterdata.usgs.gov/ogcapi/v0/collections/latest-daily/items?parameter_code=72019&statistic_id=00003&limit=10000&f=json
USGS-404135095500701,,,,,40.6930570926175,-95.8355569250609,6.68,1996-10-01,Approved,,,,,,,72019,00003,https://api.waterdata.usgs.gov/ogcapi/v0/collections/latest-daily/items?parameter_code=72019&statistic_id=00003&limit=10000&f=json
USGS-404140077354001,,,,,40.6947777777778,-77.5939444444444,40.21,2026-08-26,Provisional,,,,,,,72019,00003,https://api.waterdata.usgs.gov/ogcapi/v0/collections/latest-daily/items?parameter_code=72019&statistic_id=00003&limit=10000&f=json
USGS-404230078540901,,,,,40.7084722222222,-78.9028888888889,39.06,1988-10-04,Approved,,,,,,,72019,00003,https://api.waterdata.usgs.gov/ogcapi/v0/collections/latest-daily/items?parameter_code=72019&statistic_id=00003&limit=10000&f=json
USGS-404231078540901,,,,,40.7086765826282,-78.9022527801967,17.18,1988-10-04,Approved,,,,,,,72019,00003,https://api.waterdata.usgs.gov/ogcapi/v0/collections/latest-daily/items?parameter_code=72019&statistic_id=00003&limit=10000&f=json
USGS-404239076362001,,,,,40.7108055555556,-76.6054722222222,23.1,2026-08-26,Provisional,,,,,,,72019,00003,https://api.waterdata.usgs.gov/ogcapi/v0/collections/latest-daily/items?parameter_code=72019&statistic_id=00003&limit=10000&f=json
USGS-404327078485001,,,,,40.7242323798306,-78.81364065767,27.9,1988-10-04,Approved,,,,,,,72019,00003,https://api.waterdata.usgs.gov/ogcapi/v0/collections/latest-daily/items?parameter_code=72019&statistic_id=00003&limit=10000&f=json
USGS-404331085064701,,,,,40.7253244156204,-85.1130251098578,25.37,2026-08-26,Provisional,,,,,,,72019,00003,https://api.waterdata.usgs.gov/ogcapi/v0/collections/latest-daily/items?parameter_code=72019&statistic_id=00003&limit=10000&f=json
USGS-404349074251601,,,,,40.7303786925733,-74.4207080326504,13.32,1990-10-10,Approved,,,,,,,72019,00003,https://api.waterdata.usgs.gov/ogcapi/v0/collections/latest-daily/items?parameter_code=72019&statistic_id=00003&limit=10000&f=json
USGS-404401074083401,,,,,40.733712650092,-74.1423657606225,33.94,1975-07-16,Approved,,,,,,,72019,00003,https://api.waterdata.usgs.gov/ogcapi/v0/collections/latest-daily/items?parameter_code=72019&statistic_id=00003&limit=10000&f=json
USGS-404450074245901,,,,,40.7473228760283,-74.4159857511568,105.98,1991-05-02,Approved,,,,,,,72019,00003,https://api.waterdata.usgs.gov/ogcapi/v0/collections/latest-daily/items?parameter_code=72019&statistic_id=00003&limit=10000&f=json
USGS-404452074211601,,,,,40.7478785194462,-74.35403919082,63.95,1984-07-10,Approved,,,,,,,72019,00003,https://api.waterdata.usgs.gov/ogcapi/v0/collections/latest-daily/items?parameter_code=72019&statistic_id=00003&limit=10000&f=json
USGS-404452074493101,,,,,40.7478777888108,-74.8248879545939,20.75,1991-01-31,Approved,,,,,,,72019,00003,https://api.waterdata.usgs.gov/ogcapi/v0/collections/latest-daily/items?parameter_code=72019&statistic_id=00003&limit=10000&f=json
USGS-404454074202101,,,,,40.7484340889796,-74.3387608939586,50.54,1975-04-03,Approved,,,,,,,72019,00003,https://api.waterdata.usgs.gov/ogcapi/v0/collections/latest-daily/items?parameter_code=72019&statistic_id=00003&limit=10000&f=json
USGS-404455074203201,,,,,40.7487118571073,-74.3418165558397,64.32,1998-12-06,Approved,,,,,,,72019,00003,https://api.waterdata.usgs.gov/ogcapi/v0/collections/latest-daily/items?parameter_code=72019&statistic_id=00003&limit=10000&f=json
USGS-404455074203202,,,,,40.7487118571073,-74.3418165558397,41.56,2026-08-27,Provisional,,,,,,,72019,00003,https://api.waterdata.usgs.gov/ogcapi/v0/collections/latest-daily/items?parameter_code=72019&statistic_id=00003&limit=10000&f=json
USGS-404509079104001,,,,,40.7525643368968,-79.1775368806548,24.54,1988-09-14,Approved,,,,,,,72019,00003,https://api.waterdata.usgs.gov/ogcapi/v0/collections/latest-daily/items?parameter_code=72019&statistic_id=00003&limit=10000&f=json
USGS-404509079104003,,,,,40.7525643368968,-79.1775368806548,23.88,1988-09-14,Approved,,,,,,,72019,00003,https://api.waterdata.usgs.gov/ogcapi/v0/collections/latest-daily/items?parameter_code=72019&statistic_id=00003&limit=10000&f=json
USGS-404509079104004,,,,,40.7525643368968,-79.1775368806548,20.32,1988-09-14,Approved,,,,,,,72019,00003,https://api.waterdata.usgs.gov/ogcapi/v0/collections/latest-daily/items?parameter_code=72019&statistic_id=00003&limit=10000&f=json
USGS-404516102264400,,,,,40.7544375739118,-102.446020564837,208.13,1992-09-29,Approved,,,,,,,72019,00003,https://api.waterdata.usgs.gov/ogcapi/v0/collections/latest-daily/items?parameter_code=72019&statistic_id=00003&limit=10000&f=json
USGS-404518077575501,,,,,40.7554444444444,-77.96625,71.12,2026-05-18,Provisional,,,,,,,72019,00003,https://api.waterdata.usgs.gov/ogcapi/v0/collections/latest-daily/items?parameter_code=72019&statistic_id=00003&limit=10000&f=json
USGS-404522084195800,,,,,40.7561607643562,-84.3327307174753,21.28,1998-09-30,Approved,,,,,,,72019,00003,https://api.waterdata.usgs.gov/ogcapi/v0/collections/latest-daily/items?parameter_code=72019&statistic_id=00003&limit=10000&f=json
USGS-404541079082001,,,,,40.7614531668342,-79.1386471136387,19.68,1988-10-04,Approved,,,,,,,72019,00003,https://api.waterdata.usgs.gov/ogcapi/v0/collections/latest-daily/items?parameter_code=72019&statistic_id=00003&limit=10000&f=json
USGS-404556077525101,,,,,40.7656388888889,-77.8806944444444,87.84,2026-08-26,Provisional,,,,,,,72019,00003,https://api.waterdata.usgs.gov/ogcapi/v0/collections/latest-daily/items?parameter_code=72019&statistic_id=00003&limit=10000&f=json
USGS-404603086021801,,,,,40.7675,-86.0383333333333,9.75,2025-05-12,Provisional,,,,,,,72019,00003,https://api.waterdata.usgs.gov/ogcapi/v0/collections/latest-daily/items?parameter_code=72019&statistic_id=00003&limit=10000&f=json
USGS-404606086023201,,,,,40.7683333333333,-86.0422222222222,13.64,2025-05-12,Provisional,,,,,,,72019,00003,https://api.waterdata.usgs.gov/ogcapi/v0/collections/latest-daily/items?parameter_code=72019&statistic_id=00003&limit=10000&f=json
USGS-404622095470201,,,,,40.7727787394525,-95.78416775575,5.6,1996-10-01,Approved,,,,,,,72019,00003,https://api.waterdata.usgs.gov/ogcapi/v0/collections/latest-daily/items?parameter_code=72019&statistic_id=00003&limit=10000&f=json
USGS-404622095481601,,,,,40.7727788994275,-95.8047239346013,4.63,1996-10-01,Approved,,,,,,,72019,00003,https://api.waterdata.usgs.gov/ogcapi/v0/collections/latest-daily/items?parameter_code=72019&statistic_id=00003&limit=10000&f=json
USGS-404625095452401,,,,,40.7736118569502,-95.7569447263565,7.04,1996-10-01,Approved,,,,,,,72019,00003,https://api.waterdata.usgs.gov/ogcapi/v0/collections/latest-daily/items?parameter_code=72019&statistic_id=00003&limit=10000&f=json
USGS-404629095500501,,,,,40.77472296823393,-95.83500796280917,8.22,2014-12-04,Approved,,,,,,,72019,00003,https://api.waterdata.usgs.gov/ogcapi/v0/collections/latest-daily/items?parameter_code=72019&statistic_id=00003&limit=10000&f=json
USGS-404634095494801,,,,,40.7761124037257,-95.8302803367466,3.94,1996-10-01,Approved,,,,,,,72019,00003,https://api.waterdata.usgs.gov/ogcapi/v0/collections/latest-daily/items?parameter_code=72019&statistic_id=00003&limit=10000&f=json
USGS-404634095495501,,,,,40.7761124185399,-95.8322248401139,4.84,1996-10-01,Approved,,,,,,,72019,00003,https://api.waterdata.usgs.gov/ogcapi/v0/collections/latest-daily/items?parameter_code=72019&statistic_id=00003&limit=10000&f=json
USGS-404635095492101,,,,,40.7763901221386,-95.8227801154582,2.78,1996-10-01,Approved,,,,,,,72019,00003,https://api.waterdata.usgs.gov/ogcapi/v0/collections/latest-daily/items?parameter_code=72019&statistic_id=00003&limit=10000&f=json
USGS-404639074230001,,,,,40.7776003372993,-74.3829291731927,42.26,2026-08-27,Provisional,,,,,,,72019,00003,https://api.waterdata.usgs.gov/ogcapi/v0/collections/latest-daily/items?parameter_code=72019&statistic_id=00003&limit=10000&f=json
USGS-404705074463801,,,,,40.7848220396617,-74.7768310034722,9.85,1991-02-07,Approved,,,,,,,72019,00003,https://api.waterdata.usgs.gov/ogcapi/v0/collections/latest-daily/items?parameter_code=72019&statistic_id=00003&limit=10000&f=json
USGS-404708076070701,,,,,40.78575,-76.1184722222222,53.41,2026-08-26,Provisional,,,,,,,72019,00003,https://api.waterdata.usgs.gov/ogcapi/v0/collections/latest-daily/items?parameter_code=72019&statistic_id=00003&limit=10000&f=json
USGS-404709074254401,,,,,40.7859335280292,-74.4284863422412,23.62,1989-03-01,Approved,,,,,,,72019,00003,https://api.waterdata.usgs.gov/ogcapi/v0/collections/latest-daily/items?parameter_code=72019&statistic_id=00003&limit=10000&f=json
USGS-404709074254402,,,,,40.7859335280292,-74.4284863422412,6.44,1989-03-01,Approved,,,,,,,72019,00003,https://api.waterdata.usgs.gov/ogcapi/v0/collections/latest-daily/items?parameter_code=72019&statistic_id=00003&limit=10000&f=json
USGS-404712074454701,,,,,40.786766516537,-74.7626638589738,51.3,2000-07-26,Approved,,,,,,,72019,00003,https://api.waterdata.usgs.gov/ogcapi/v0/collections/latest-daily/items?parameter_code=72019&statistic_id=00003&limit=10000&f=json
USGS-404723079105201,,,,,40.7897867539587,-79.1808703872939,41.24,1988-09-05,Approved,,,,,,,72019,00003,https://api.waterdata.usgs.gov/ogcapi/v0/collections/latest-daily/items?parameter_code=72019&statistic_id=00003&limit=10000&f=json
USGS-404745075184001,,,,,40.796,-75.3110555555556,41.46,2026-08-26,Provisional,,,,,,,72019,00003,https://api.waterdata.usgs.gov/ogcapi/v0/collections/latest-daily/items?parameter_code=72019&statistic_id=00003&limit=10000&f=json
USGS-404748074241901,,,,,40.7967667612694,-74.4048744492019,15.95,1975-04-03,Approved,,,,,,,72019,00003,https://api.waterdata.usgs.gov/ogcapi/v0/collections/latest-daily/items?parameter_code=72019&statistic_id=00003&limit=10000&f=json
USGS-404809074415501,,,,,40.8025997787304,-74.6982174358172,-3.43,1991-01-31,Approved,,,,,,,72019,00003,https://api.waterdata.usgs.gov/ogcapi/v0/collections/latest-daily/items?parameter_code=72019&statistic_id=00003&limit=10000&f=json
USGS-404809074415502,,,,,40.8025997787304,-74.6982174358172,-3.73,1991-01-22,Approved,,,,,,,72019,00003,https://api.waterdata.usgs.gov/ogcapi/v0/collections/latest-daily/items?parameter_code=72019&statistic_id=00003&limit=10000&f=json
USGS-404816074235901,,,,,40.8045444544237,-74.399318727207,13.93,1975-02-26,Approved,,,,,,,72019,00003,https://api.waterdata.usgs.gov/ogcapi/v0/collections/latest-daily/items?parameter_code=72019&statistic_id=00003&limit=10000&f=json
USGS-404826074234701,,,,,40.8073222025877,-74.3959852866143,26.59,1975-10-08,Approved,,,,,,,72019,00003,https://api.waterdata.usgs.gov/ogcapi/v0/collections/latest-daily/items?parameter_code=72019&statistic_id=00003&limit=10000&f=json
USGS-404858085284301,,,,,40.816156528107,-85.4785860163632,70.75,2003-09-29,Approved,,,,,,,72019,00003,https://api.waterdata.usgs.gov/ogcapi/v0/collections/latest-daily/items?parameter_code=72019&statistic_id=00003&limit=10000&f=json
USGS-404901118223601,,,,,40.8168473894779,-118.377651782705,116.82,2015-10-06,Approved,,,,,,,72019,00003,https://api.waterdata.usgs.gov/ogcapi/v0/collections/latest-daily/items?parameter_code=72019&statistic_id=00003&limit=10000&f=json
USGS-404934074400501,,,,,40.8178774141187,-74.680994763168,15.93,2026-08-27,Provisional,,,,,,,72019,00003,https://api.waterdata.usgs.gov/ogcapi/v0/collections/latest-daily/items?parameter_code=72019&statistic_id=00003&limit=10000&f=json
USGS-404937074220001,,,,,40.8270442091743,-74.3662620787245,5.58,1975-04-17,Approved,,,,,,,72019,00003,https://api.waterdata.usgs.gov/ogcapi/v0/collections/latest-daily/items?parameter_code=72019&statistic_id=00003&limit=10000&f=json
USGS-404954074412201,,,,,40.8317661518039,-74.6890506635945,45.68,1990-03-01,Approved,,,,,,,72019,00003,https://api.waterdata.usgs.gov/ogcapi/v0/collections/latest-daily/items?parameter_code=72019&statistic_id=00003&limit=10000&f=json
USGS-405005074410101,,,,,40.8348216813194,-74.6832171634012,90.26,1990-05-23,Approved,,,,,,,72019,00003,https://api.waterdata.usgs.gov/ogcapi/v0/collections/latest-daily/items?parameter_code=72019&statistic_id=00003&limit=10000&f=json
USGS-405027074232301,,,,,40.8409329276936,-74.3893185006334,10.44,2026-08-27,Provisional,,,,,,,72019,00003,https://api.waterdata.usgs.gov/ogcapi/v0/collections/latest-daily/items?parameter_code=72019&statistic_id=00003&limit=10000&f=json
USGS-405047074392901,,,,,40.8464882523466,-74.6576608638622,145.84,1990-12-23,Approved,,,,,,,72019,00003,https://api.waterdata.usgs.gov/ogcapi/v0/collections/latest-daily/items?parameter_code=72019&statistic_id=00003&limit=10000&f=json
USGS-405050075033201,,,,,40.8473200608857,-75.058507627094,37.04,1984-07-17,Approved,,,,,,,72019,00003,https://api.waterdata.usgs.gov/ogcapi/v0/collections/latest-daily/items?parameter_code=72019&statistic_id=00003&limit=10000&f=json
USGS-405053074060401,,,,,40.8481553829981,-74.1006977288214,29.21,1992-03-29,Approved,,,,,,,72019,00003,https://api.waterdata.usgs.gov/ogcapi/v0/collections/latest-daily/items?parameter_code=72019&statistic_id=00003&limit=10000&f=json
USGS-405105087173301,,,,,40.8513805555556,-87.2927611111111,16.07,2009-09-29,Approved,,,,,,,72019,00003,https://api.waterdata.usgs.gov/ogcapi/v0/collections/latest-daily/items?parameter_code=72019&statistic_id=00003&limit=10000&f=json
USGS-405106074055701,,,,,40.8517664422861,-74.0987532149573,17.1,1992-03-29,Approved,,,,,,,72019,00003,https://api.waterdata.usgs.gov/ogcapi/v0/collections/latest-daily/items?parameter_code=72019&statistic_id=00003&limit=10000&f=json
USGS-405107074060901,,,,,40.8520442090898,-74.1020866525611,42.8,1992-03-29,Approved,,,,,,,72019,00003,https://api.waterdata.usgs.gov/ogcapi/v0/collections/latest-daily/items?parameter_code=72019&statistic_id=00003&limit=10000&f=json
USGS-405123074375701,,,,,40.8564881748378,-74.63210455093,44.68,2026-08-27,Provisional,,,,,,,72019,00003,https://api.waterdata.usgs.gov/ogcapi/v0/collections/latest-daily/items?parameter_code=72019&statistic_id=00003&limit=10000&f=json
USGS-405212097110003,,,,,40.8906583333333,-97.1773833333333,71.36,2009-03-15,Approved,,,,,,,72019,00003,https://api.waterdata.usgs.gov/ogcapi/v0/collections/latest-daily/items?parameter_code=72019&statistic_id=00003&limit=10000&f=json
USGS-405253074270801,,,,,40.8814880371211,-74.4518209171641,173.04,1998-10-13,Approved,,,,,,,72019,00003,https://api.waterdata.usgs.gov/ogcapi/v0/collections/latest-daily/items?parameter_code=72019&statistic_id=00003&limit=10000&f=json
USGS-405308074323201,,,,,40.885654637046,-74.5418240407269,4.87,1998-10-13,Approved,,,,,,,72019,00003,https://api.waterdata.usgs.gov/ogcapi/v0/collections/latest-daily/items?parameter_code=72019&statistic_id=00003&limit=10000&f=json
USGS-405314074325001,,,,,40.8873212816498,-74.5468242111105,0.62,1989-11-06,Approved,,,,,,,72019,00003,https://api.waterdata.usgs.gov/ogcapi/v0/collections/latest-daily/items?parameter_code=72019&statistic_id=00003&limit=10000&f=json
USGS-405320078483901,,,,,40.8898888888889,-78.8118888888889,29.87,2026-08-26,Provisional,,,,,,,72019,00003,https://api.waterdata.usgs.gov/ogcapi/v0/collections/latest-daily/items?parameter_code=72019&statistic_id=00003&limit=10000&f=json
USGS-405330074363801,,,,,40.8917656142606,-74.6101596119478,59.21,1991-02-07,Approved,,,,,,,72019,00003,https://api.waterdata.usgs.gov/ogcapi/v0/collections/latest-daily/items?parameter_code=72019&statistic_id=00003&limit=10000&f=json
USGS-405330074363803,,,,,40.8917656142606,-74.6101596119478,47.56,1990-09-30,Approved,,,,,,,72019,00003,https://api.waterdata.usgs.gov/ogcapi/v0/collections/latest-daily/items?parameter_code=72019&statistic_id=00003&limit=10000&f=json
USGS-405334074282801,,,,,40.8928768166289,-74.474044004664,2.95,1998-06-13,Approved,,,,,,,72019,00003,https://api.waterdata.usgs.gov/ogcapi/v0/collections/latest-daily/items?parameter_code=72019&statistic_id=00003&limit=10000&f=json
USGS-405340097094503,,,,,40.8945722222222,-97.1623611111111,82.2,2013-08-15,Approved,,,,,,,72019,00003,https://api.waterdata.usgs.gov/ogcapi/v0/collections/latest-daily/items?parameter_code=72019&statistic_id=00003&limit=10000&f=json
USGS-405344074273901,,,,,40.8956545574581,-74.4607101957677,35.11,1990-06-07,Approved,,,,,,,72019,00003,https://api.waterdata.usgs.gov/ogcapi/v0/collections/latest-daily/items?parameter_code=72019&statistic_id=00003&limit=10000&f=json
USGS-405344079380201,,,,,40.8956666666667,-79.6339166666667,17,2026-08-26,Provisional,,,,,,,72019,00003,https://api.waterdata.usgs.gov/ogcapi/v0/collections/latest-daily/items?parameter_code=72019&statistic_id=00003&limit=10000&f=json
USGS-405414074354201,,,,,40.9037099562173,-74.5921035435765,20.04,2026-08-27,Provisional,,,,,,,72019,00003,https://api.waterdata.usgs.gov/ogcapi/v0/collections/latest-daily/items?parameter_code=72019&statistic_id=00003&limit=10000&f=json
USGS-405420097114003,,,,,40.9089111111111,-97.1961166666667,91.48,2009-03-15,Approved,,,,,,,72019,00003,https://api.waterdata.usgs.gov/ogcapi/v0/collections/latest-daily/items?parameter_code=72019&statistic_id=00003&limit=10000&f=json
USGS-405434074301102,,,,,40.9095433275289,-74.5026562393168,47.31,1998-10-13,Approved,,,,,,,72019,00003,https://api.waterdata.usgs.gov/ogcapi/v0/collections/latest-daily/items?parameter_code=72019&statistic_id=00003&limit=10000&f=json
USGS-405440074294801,,,,,40.9114877530332,-74.4962671387186,27.39,1989-11-06,Approved,,,,,,,72019,00003,https://api.waterdata.usgs.gov/ogcapi/v0/collections/latest-daily/items?parameter_code=72019&statistic_id=00003&limit=10000&f=json
USGS-405451091483301,,,,,40.9141666666667,-91.8091666666667,15.07,2026-08-27,Provisional,,,,,,,72019,00003,https://api.waterdata.usgs.gov/ogcapi/v0/collections/latest-daily/items?parameter_code=72019&statistic_id=00003&limit=10000&f=json
USGS-405509074350401,,,,,40.9192653623487,-74.5840478175368,21.02,1991-12-03,Approved,,,,,,,72019,00003,https://api.waterdata.usgs.gov/ogcapi/v0/collections/latest-daily/items?parameter_code=72019&statistic_id=00003&limit=10000&f=json
USGS-405509074350402,,,,,40.9192653623487,-74.5840478175368,9.98,1991-12-03,Approved,,,,,,,72019,00003,https://api.waterdata.usgs.gov/ogcapi/v0/collections/latest-daily/items?parameter_code=72019&statistic_id=00003&limit=10000&f=json
USGS-405520085310801,,,,,40.9222222222222,-85.5188888888889,101.76,2025-06-11,Provisional,,,,,,,72019,00003,https://api.waterdata.usgs.gov/ogcapi/v0/collections/latest-daily/items?parameter_code=72019&statistic_id=00003&limit=10000&f=json
USGS-405526074384202,,,,,40.9236111111111,-74.6444444444444,34.51,2003-07-02,Approved,,,,,,,72019,00003,https://api.waterdata.usgs.gov/ogcapi/v0/collections/latest-daily/items?parameter_code=72019&statistic_id=00003&limit=10000&f=json
USGS-405531074361901,,,,,40.924444,-74.603611,11.97,2026-08-27,Provisional,,,,,,,72019,00003,https://api.waterdata.usgs.gov/ogcapi/v0/collections/latest-daily/items?parameter_code=72019&statistic_id=00003&limit=10000&f=json
USGS-405535074073701,,,,,40.9264874784207,-74.12680952662,20.5,2026-08-27,Provisional,,,,,,,72019,00003,https://api.waterdata.usgs.gov/ogcapi/v0/collections/latest-daily/items?parameter_code=72019&statistic_id=00003&limit=10000&f=json
USGS-405537074083101,,,,,40.9270430092846,-74.1415322359274,12.93,2002-03-18,Approved,,,,,,,72019,00003,https://api.waterdata.usgs.gov/ogcapi/v0/collections/latest-daily/items?parameter_code=72019&statistic_id=00003&limit=10000&f=json
USGS-405542074261701,,,,,40.9284319634326,-74.437653933835,5.49,1989-11-06,Approved,,,,,,,72019,00003,https://api.waterdata.usgs.gov/ogcapi/v0/collections/latest-daily/items?parameter_code=72019&statistic_id=00003&limit=10000&f=json
USGS-405543074081701,,,,,40.9284318810522,-74.1381987900942,23.49,2002-03-18,Approved,,,,,,,72019,00003,https://api.waterdata.usgs.gov/ogcapi/v0/collections/latest-daily/items?parameter_code=72019&statistic_id=00003&limit=10000&f=json
USGS-405553074060702,,,,,40.9320429557944,-74.1212537768584,61.87,2002-03-18,Approved,,,,,,,72019,00003,https://api.waterdata.usgs.gov/ogcapi/v0/collections/latest-daily/items?parameter_code=72019&statistic_id=00003&limit=10000&f=json
USGS-405608074060701,,,,,40.9356540318595,-74.1015308904982,11.05,2002-03-21,Approved,,,,,,,72019,00003,https://api.waterdata.usgs.gov/ogcapi/v0/collections/latest-daily/items?parameter_code=72019&statistic_id=00003&limit=10000&f=json
USGS-405613074430901,,,,,40.9370428062769,-74.7187745217322,12.97,2026-08-27,Provisional,,,,,,,72019,00003,https://api.waterdata.usgs.gov/ogcapi/v0/collections/latest-daily/items?parameter_code=72019&statistic_id=00003&limit=10000&f=json
USGS-405614074341102,,,,,40.9373207511282,-74.569325221052,3.99,1994-09-13,Approved,,,,,,,72019,00003,https://api.waterdata.usgs.gov/ogcapi/v0/collections/latest-daily/items?parameter_code=72019&statistic_id=00003&limit=10000&f=json
USGS-405619074340402,,,,,40.9387096281523,-74.5673807212944,4.01,1994-09-13,Approved,,,,,,,72019,00003,https://api.waterdata.usgs.gov/ogcapi/v0/collections/latest-daily/items?parameter_code=72019&statistic_id=00003&limit=10000&f=json
USGS-405619074341504,,,,,40.9387096246698,-74.5704363762017,9.05,1984-08-29,Approved,,,,,,,72019,00003,https://api.waterdata.usgs.gov/ogcapi/v0/collections/latest-daily/items?parameter_code=72019&statistic_id=00003&limit=10000&f=json
USGS-405620074431901,,,,,40.9389873983639,-74.5715475250263,6.7,1984-04-17,Approved,,,,,,,72019,00003,https://api.waterdata.usgs.gov/ogcapi/v0/collections/latest-daily/items?parameter_code=72019&statistic_id=00003&limit=10000&f=json
USGS-405620074431902,,,,,40.9389873983639,-74.5715475250263,9.94,1984-08-30,Approved,,,,,,,72019,00003,https://api.waterdata.usgs.gov/ogcapi/v0/collections/latest-daily/items?parameter_code=72019&statistic_id=00003&limit=10000&f=json
USGS-405620074431903,,,,,40.9389873983639,-74.5715475250263,5.1,1984-04-18,Approved,,,,,,,72019,00003,https://api.waterdata.usgs.gov/ogcapi/v0/collections/latest-daily/items?parameter_code=72019&statistic_id=00003&limit=10000&f=json
USGS-405620074431904,,,,,40.9389873983639,-74.5715475250263,5.6,1984-04-19,Approved,,,,,,,72019,00003,https://api.waterdata.usgs.gov/ogcapi/v0/collections/latest-daily/items?parameter_code=72019&statistic_id=00003&limit=10000&f=json
USGS-405622074341102,,,,,40.939542950821,-74.5693252337091,9.61,1995-03-26,Approved,,,,,,,72019,00003,https://api.waterdata.usgs.gov/ogcapi/v0/collections/latest-daily/items?parameter_code=72019&statistic_id=00003&limit=10000&f=json
USGS-405623074341301,,,,,40.9398207251483,-74.5698808089142,14.44,1993-10-17,Approved,,,,,,,72019,00003,https://api.waterdata.usgs.gov/ogcapi/v0/collections/latest-daily/items?parameter_code=72019&statistic_id=00003&limit=10000&f=json
USGS-405623074341302,,,,,40.9398207251483,-74.5698808089142,11.23,1984-09-11,Approved,,,,,,,72019,00003,https://api.waterdata.usgs.gov/ogcapi/v0/collections/latest-daily/items?parameter_code=72019&statistic_id=00003&limit=10000&f=json
USGS-405623074341303,,,,,40.9398207251483,-74.5698808089142,11.73,1987-12-15,Approved,,,,,,,72019,00003,https://api.waterdata.usgs.gov/ogcapi/v0/collections/latest-daily/items?parameter_code=72019&statistic_id=00003&limit=10000&f=json
USGS-405623074341304,,,,,40.9398207251483,-74.5698808089142,14.34,1993-10-17,Approved,,,,,,,72019,00003,https://api.waterdata.usgs.gov/ogcapi/v0/collections/latest-daily/items?parameter_code=72019&statistic_id=00003&limit=10000&f=json
USGS-405628074341801,,,,,40.9412095983658,-74.5712697508973,9.99,1993-10-17,Approved,,,,,,,72019,00003,https://api.waterdata.usgs.gov/ogcapi/v0/collections/latest-daily/items?parameter_code=72019&statistic_id=00003&limit=10000&f=json
USGS-405629074340901,,,,,40.9414873761881,-74.568769671156,13.24,1993-10-17,Approved,,,,,,,72019,00003,https://api.waterdata.usgs.gov/ogcapi/v0/collections/latest-daily/items?parameter_code=72019&statistic_id=00003&limit=10000&f=json
USGS-405629074341501,,,,,40.9414873742803,-74.5704363920403,8.78,1984-09-11,Approved,,,,,,,72019,00003,https://api.waterdata.usgs.gov/ogcapi/v0/collections/latest-daily/items?parameter_code=72019&statistic_id=00003&limit=10000&f=json
USGS-405630074081001,,,,,40.9415705767318,-74.1342819733752,16.17,2001-11-28,Approved,,,,,,,72019,00003,https://api.waterdata.usgs.gov/ogcapi/v0/collections/latest-daily/items?parameter_code=72019&statistic_id=00003&limit=10000&f=json
USGS-405630074340001,,,,,40.9417651540127,-74.566269591407,3.4,1987-12-15,Approved,,,,,,,72019,00003,https://api.waterdata.usgs.gov/ogcapi/v0/collections/latest-daily/items?parameter_code=72019&statistic_id=00003&limit=10000&f=json
USGS-405632074335601,,,,,40.9423207052123,-74.5651584473005,5.21,1987-12-15,Approved,,,,,,,72019,00003,https://api.waterdata.usgs.gov/ogcapi/v0/collections/latest-daily/items?parameter_code=72019&statistic_id=00003&limit=10000&f=json
USGS-405633074063301,,,,,40.9420428134628,-74.1109756367361,11.96,2002-03-21,Approved,,,,,,,72019,00003,https://api.waterdata.usgs.gov/ogcapi/v0/collections/latest-daily/items?parameter_code=72019&statistic_id=00003&limit=10000&f=json
USGS-405634074341401,,,,,40.9428762494042,-74.5701586131434,12.06,1984-09-11,Approved,,,,,,,72019,00003,https://api.waterdata.usgs.gov/ogcapi/v0/collections/latest-daily/items?parameter_code=72019&statistic_id=00003&limit=10000&f=json
USGS-405640074074301,,,,,40.9434316664206,-74.1270872849627,46.99,2002-03-18,Approved,,,,,,,72019,00003,https://api.waterdata.usgs.gov/ogcapi/v0/collections/latest-daily/items?parameter_code=72019&statistic_id=00003&limit=10000&f=json
USGS-405653074331001,,,,,40.9481539942244,-74.5523802864699,28.69,1987-12-15,Approved,,,,,,,72019,00003,https://api.waterdata.usgs.gov/ogcapi/v0/collections/latest-daily/items?parameter_code=72019&statistic_id=00003&limit=10000&f=json
USGS-405718074394001,,,,,40.955,-74.661,22.95,2003-07-02,Approved,,,,,,,72019,00003,https://api.waterdata.usgs.gov/ogcapi/v0/collections/latest-daily/items?parameter_code=72019&statistic_id=00003&limit=10000&f=json
USGS-405737101423201,,,,,40.9599953514507,-101.70850574998,188.65,2000-12-04,Approved,,,,,,,72019,00003,https://api.waterdata.usgs.gov/ogcapi/v0/collections/latest-daily/items?parameter_code=72019&statistic_id=00003&limit=10000&f=json
USGS-405738076343501,,,,,40.9606423215302,-76.5760644285704,10.49,2005-04-03,Approved,,,,,,,72019,00003,https://api.waterdata.usgs.gov/ogcapi/v0/collections/latest-daily/items?parameter_code=72019&statistic_id=00003&limit=10000&f=json
USGS-405808074583001,,,,,40.9689864518819,-74.9746172328862,4.98,2026-08-27,Provisional,,,,,,,72019,00003,https://api.waterdata.usgs.gov/ogcapi/v0/collections/latest-daily/items?parameter_code=72019&statistic_id=00003&limit=10000&f=json
USGS-405820093252501,,,,,40.9722222222222,-93.4236111111111,6.61,2014-09-30,Approved,,,,,,,72019,00003,https://api.waterdata.usgs.gov/ogcapi/v0/collections/latest-daily/items?parameter_code=72019&statistic_id=00003&limit=10000&f=json
USGS-405829086175801,,,,,40.9747637188119,-86.2994450860372,10.31,2026-08-26,Provisional,,,,,,,72019,00003,https://api.waterdata.usgs.gov/ogcapi/v0/collections/latest-daily/items?parameter_code=72019&statistic_id=00003&limit=10000&f=json
USGS-405902087141501,,,,,40.98391103867836,-87.23750331930299,41.95,2026-08-26,Provisional,,,,,,,72019,00003,https://api.waterdata.usgs.gov/ogcapi/v0/collections/latest-daily/items?parameter_code=72019&statistic_id=00003&limit=10000&f=json
USGS-405928077115501,,,,,40.9901388888889,-77.1977222222222,38.98,2026-08-26,Provisional,,,,,,,72019,00003,https://api.waterdata.usgs.gov/ogcapi/v0/collections/latest-daily/items?parameter_code=72019&statistic_id=00003&limit=10000&f=json
USGS-405959087282901,,,,,40.9997557723546,-87.4747530822929,63.19,2025-03-10,Provisional,,,,,,,72019,00003,https://api.waterdata.usgs.gov/ogcapi/v0/collections/latest-daily/items?parameter_code=72019&statistic_id=00003&limit=10000&f=json
USGS-405959087282902,,,,,40.9997557723546,-87.4747530822929,13.24,2025-03-10,Provisional,,,,,,,72019,00003,https://api.waterdata.usgs.gov/ogcapi/v0/collections/latest-daily/items?parameter_code=72019&statistic_id=00003&limit=10000&f=json
USGS-410005074473801,,,,,41.0037086758062,-74.7901663193926,21.86,2026-08-27,Provisional,,,,,,,72019,00003,https://api.waterdata.usgs.gov/ogcapi/v0/collections/latest-daily/items?parameter_code=72019&statistic_id=00003&limit=10000&f=json
USGS-410025073452801,,,,,41.0069444444444,-73.7578055555555,23.3,2026-08-26,Provisional,,,,,,,72019,00003,https://api.waterdata.usgs.gov/ogcapi/v0/collections/latest-daily/items?parameter_code=72019&statistic_id=00003&limit=10000&f=json
USGS-410057095075101,,,,,41.0158248171841,-95.1308217194993,18.63,2017-12-12,Approved,,,,,,,72019,00003,https://api.waterdata.usgs.gov/ogcapi/v0/collections/latest-daily/items?parameter_code=72019&statistic_id=00003&limit=10000&f=json
USGS-410057095075102,,,,,41.0160277777778,-95.1314722222222,16.37,2026-08-27,Provisional,,,,,,,72019,00003,https://api.waterdata.usgs.gov/ogcapi/v0/collections/latest-daily/items?parameter_code=72019&statistic_id=00003&limit=10000&f=json
USGS-410123075425401,,,,,41.0231944444444,-75.7184722222222,45.98,2026-08-26,Provisional,,,,,,,72019,00003,https://api.waterdata.usgs.gov/ogcapi/v0/collections/latest-daily/items?parameter_code=72019&statistic_id=00003&limit=10000&f=json
USGS-410155074060201,,,,,41.0320414513422,-74.1001420912977,3.73,2026-08-27,Provisional,,,,,,,72019,00003,https://api.waterdata.usgs.gov/ogcapi/v0/collections/latest-daily/items?parameter_code=72019&statistic_id=00003&limit=10000&f=json
USGS-410207074270001,,,,,41.0353751862601,-74.449599437903,3.98,2026-08-27,Provisional,,,,,,,72019,00003,https://api.waterdata.usgs.gov/ogcapi/v0/collections/latest-daily/items?parameter_code=72019&statistic_id=00003&limit=10000&f=json
USGS-410209074170801,,,,,41.0359303154281,-74.2851486348303,5.88,1983-03-28,Approved,,,,,,,72019,00003,https://api.waterdata.usgs.gov/ogcapi/v0/collections/latest-daily/items?parameter_code=72019&statistic_id=00003&limit=10000&f=json
USGS-410233104093201,,,,,41.04244444444444,-104.15891666666667,450.09,2025-01-09,Approved,DISCONTINUED,,,,,,72019,00003,https://api.waterdata.usgs.gov/ogcapi/v0/collections/latest-daily/items?parameter_code=72019&statistic_id=00003&limit=10000&f=json
USGS-410233104093202,,,,,41.0425,-104.1588888888889,187.51,2025-01-09,Approved,,,,,,,72019,00003,https://api.waterdata.usgs.gov/ogcapi/v0/collections/latest-daily/items?parameter_code=72019&statistic_id=00003&limit=10000&f=json
USGS-410233104093203,,,,,41.04255555555555,-104.15891666666667,57.29,2025-01-09,Approved,,,,,,,72019,00003,https://api.waterdata.usgs.gov/ogcapi/v0/collections/latest-daily/items?parameter_code=72019&statistic_id=00003&limit=10000&f=json
USGS-410235087305901,,,,,41.0430890712598,-87.5164212036671,37.6,2010-06-03,Approved,,,,,,,72019,00003,https://api.waterdata.usgs.gov/ogcapi/v0/collections/latest-daily/items?parameter_code=72019&statistic_id=00003&limit=10000&f=json
USGS-410249087011201,,,,,41.0469830790068,-87.0200219786361,6.72,2025-02-27,Provisional,,,,,,,72019,00003,https://api.waterdata.usgs.gov/ogcapi/v0/collections/latest-daily/items?parameter_code=72019&statistic_id=00003&limit=10000&f=json
USGS-410337085264201,,,,,41.0594909127835,-85.4452548812693,53.93,2026-08-26,Provisional,,,,,,,72019,00003,https://api.waterdata.usgs.gov/ogcapi/v0/collections/latest-daily/items?parameter_code=72019&statistic_id=00003&limit=10000&f=json
USGS-410426084495201,,,,,41.073937895386,-84.831073542636,34.21,2003-10-19,Approved,,,,,,,72019,00003,https://api.waterdata.usgs.gov/ogcapi/v0/collections/latest-daily/items?parameter_code=72019&statistic_id=00003&limit=10000&f=json
USGS-410428085171701,,,,,41.0744166666667,-85.2879666666667,17.83,2025-06-11,Provisional,,,,,,,72019,00003,https://api.waterdata.usgs.gov/ogcapi/v0/collections/latest-daily/items?parameter_code=72019&statistic_id=00003&limit=10000&f=json
USGS-410428087231501,,,,,41.0744788967359,-87.4289201023808,22.31,2026-08-26,Provisional,,,,,,,72019,00003,https://api.waterdata.usgs.gov/ogcapi/v0/collections/latest-daily/items?parameter_code=72019&statistic_id=00003&limit=10000&f=json
USGS-410428087231502,,,,,41.0744788967359,-87.4289201023808,5.5,2025-03-10,Provisional,,,,,,,72019,00003,https://api.waterdata.usgs.gov/ogcapi/v0/collections/latest-daily/items?parameter_code=72019&statistic_id=00003&limit=10000&f=json
USGS-410431074395801,,,,,41.0803747204356,-74.6584955270776,52.26,2026-08-27,Provisional,,,,,,,72019,00003,https://api.waterdata.usgs.gov/ogcapi/v0/collections/latest-daily/items?parameter_code=72019&statistic_id=00003&limit=10000&f=json
USGS-410449074483301,,,,,41.0803744644985,-74.809889251325,24.24,2026-08-27,Provisional,,,,,,,72019,00003,https://api.waterdata.usgs.gov/ogcapi/v0/collections/latest-daily/items?parameter_code=72019&statistic_id=00003&limit=10000&f=json
USGS-410501079524401,,,,,41.0838333333333,-79.8791111111111,7.7,2026-08-26,Provisional,,,,,,,72019,00003,https://api.waterdata.usgs.gov/ogcapi/v0/collections/latest-daily/items?parameter_code=72019&statistic_id=00003&limit=10000&f=json
USGS-410507105003802,,,,,41.08544444444445,-105.01055555555556,41.75,2024-11-14,Approved,DISCONTINUED,,,,,,72019,00003,https://api.waterdata.usgs.gov/ogcapi/v0/collections/latest-daily/items?parameter_code=72019&statistic_id=00003&limit=10000&f=json
USGS-410508105003801,,,,,41.08538888888889,-105.0105,82.8,2024-11-14,Approved,DISCONTINUED,,,,,,72019,00003,https://api.waterdata.usgs.gov/ogcapi/v0/collections/latest-daily/items?parameter_code=72019&statistic_id=00003&limit=10000&f=json
USGS-410538080280801,,,,,41.0936944444444,-80.4686944444445,17.38,2026-08-26,Provisional,,,,,,,72019,00003,https://api.waterdata.usgs.gov/ogcapi/v0/collections/latest-daily/items?parameter_code=72019&statistic_id=00003&limit=10000&f=json
USGS-410627078313601,,,,,41.1074444444444,-78.5264722222222,22.34,2026-08-26,Provisional,,,,,,,72019,00003,https://api.waterdata.usgs.gov/ogcapi/v0/collections/latest-daily/items?parameter_code=72019&statistic_id=00003&limit=10000&f=json
USGS-410628073413301,,,,,41.10788888888889,-73.6923888888889,29.41,2026-08-27,Provisional,,,,,,,72019,00003,https://api.waterdata.usgs.gov/ogcapi/v0/collections/latest-daily/items?parameter_code=72019&statistic_id=00003&limit=10000&f=json
USGS-410705076334901,,,,,41.1176666666667,-76.5635,24.63,2026-08-26,Provisional,,,,,,,72019,00003,https://api.waterdata.usgs.gov/ogcapi/v0/collections/latest-daily/items?parameter_code=72019&statistic_id=00003&limit=10000&f=json
USGS-410727076402901,,,,,41.1241388888889,-76.6746111111111,31.78,2026-08-26,Provisional,,,,,,,72019,00003,https://api.waterdata.usgs.gov/ogcapi/v0/collections/latest-daily/items?parameter_code=72019&statistic_id=00003&limit=10000&f=json
USGS-410732077261901,,,,,41.1256361111111,-77.43875,17.16,2002-12-14,Approved,,,,,,,72019,00003,https://api.waterdata.usgs.gov/ogcapi/v0/collections/latest-daily/items?parameter_code=72019&statistic_id=00003&limit=10000&f=json
USGS-410734077262102,,,,,41.1259861111111,-77.4392888888889,12.19,2005-09-29,Approved,,,,,,,72019,00003,https://api.waterdata.usgs.gov/ogcapi/v0/collections/latest-daily/items?parameter_code=72019&statistic_id=00003&limit=10000&f=json
USGS-410736077263301,,,,,41.1266666666667,-77.4425,10.7,2001-11-12,Approved,,,,,,,72019,00003,https://api.waterdata.usgs.gov/ogcapi/v0/collections/latest-daily/items?parameter_code=72019&statistic_id=00003&limit=10000&f=json
USGS-410738077262702,,,,,41.1272388888889,-77.4409111111111,12.33,2005-09-29,Approved,,,,,,,72019,00003,https://api.waterdata.usgs.gov/ogcapi/v0/collections/latest-daily/items?parameter_code=72019&statistic_id=00003&limit=10000&f=json
USGS-410739077263601,,,,,41.1274416666667,-77.4434194444444,7.61,2001-11-12,Approved,,,,,,,72019,00003,https://api.waterdata.usgs.gov/ogcapi/v0/collections/latest-daily/items?parameter_code=72019&statistic_id=00003&limit=10000&f=json
USGS-410739086365201,,,,,41.1275410836556,-86.6144552618176,7.3,2026-08-26,Provisional,,,,,,,72019,00003,https://api.waterdata.usgs.gov/ogcapi/v0/collections/latest-daily/items?parameter_code=72019&statistic_id=00003&limit=10000&f=json
USGS-410740077262501,,,,,41.1278833333333,-77.4404055555556,6.11,2004-09-29,Approved,,,,,,,72019,00003,https://api.waterdata.usgs.gov/ogcapi/v0/collections/latest-daily/items?parameter_code=72019&statistic_id=00003&limit=10000&f=json
USGS-410740077262901,,,,,41.127775,-77.4414111111111,12.44,2001-11-13,Approved,,,,,,,72019,00003,https://api.waterdata.usgs.gov/ogcapi/v0/collections/latest-daily/items?parameter_code=72019&statistic_id=00003&limit=10000&f=json
USGS-410741077262601,,,,,41.1281361111111,-77.4404527777778,12.75,2001-11-12,Approved,,,,,,,72019,00003,https://api.waterdata.usgs.gov/ogcapi/v0/collections/latest-daily/items?parameter_code=72019&statistic_id=00003&limit=10000&f=json
USGS-410804074424401,,,,,41.1345408511971,-74.7118306555775,32.89,2026-08-27,Provisional,,,,,,,72019,00003,https://api.waterdata.usgs.gov/ogcapi/v0/collections/latest-daily/items?parameter_code=72019&statistic_id=00003&limit=10000&f=json
USGS-410809087580801,,,,,41.1361502427692,-86.9689104940174,7.8,2025-02-27,Provisional,,,,,,,72019,00003,https://api.waterdata.usgs.gov/ogcapi/v0/collections/latest-daily/items?parameter_code=72019&statistic_id=00003&limit=10000&f=json
USGS-410853073554001,,,,,41.148,-73.9276944444445,6.79,2026-08-26,Provisional,,,,,,,72019,00003,https://api.waterdata.usgs.gov/ogcapi/v0/collections/latest-daily/items?parameter_code=72019&statistic_id=00003&limit=10000&f=json
USGS-410914074540401,,,,,41.151666666666664,-74.88472222222222,21.8,2026-08-27,Provisional,,,,,,,72019,00003,https://api.waterdata.usgs.gov/ogcapi/v0/collections/latest-daily/items?parameter_code=72019&statistic_id=00003&limit=10000&f=json
USGS-410917087285801,,,,,41.1547566927246,-87.4828111345318,9.93,2025-04-27,Approved,,,,,,,72019,00003,https://api.waterdata.usgs.gov/ogcapi/v0/collections/latest-daily/items?parameter_code=72019&statistic_id=00003&limit=10000&f=json
USGS-410928074522801,,,,,41.158055555555556,-74.87277777777777,27.37,2026-08-27,Provisional,,,,,,,72019,00003,https://api.waterdata.usgs.gov/ogcapi/v0/collections/latest-daily/items?parameter_code=72019&statistic_id=00003&limit=10000&f=json
USGS-410940074583401,,,,,41.1614166666667,-74.9761944444444,74.65,2026-06-28,Approved,,,,,,,72019,00003,https://api.waterdata.usgs.gov/ogcapi/v0/collections/latest-daily/items?parameter_code=72019&statistic_id=00003&limit=10000&f=json
USGS-411038087284701,,,,,41.1772568619913,-87.4797558749503,3.71,2025-03-26,Provisional,,,,,,,72019,00003,https://api.waterdata.usgs.gov/ogcapi/v0/collections/latest-daily/items?parameter_code=72019&statistic_id=00003&limit=10000&f=json
USGS-411042085035201,,,,,41.1783333333333,-85.0644444444444,11.89,2025-05-28,Provisional,,,,,,,72019,00003,https://api.waterdata.usgs.gov/ogcapi/v0/collections/latest-daily/items?parameter_code=72019&statistic_id=00003&limit=10000&f=json
USGS-411043085035201,,,,,41.1786111111111,-85.0644444444444,45.62,2024-08-29,Approved,,,,,,,72019,00003,https://api.waterdata.usgs.gov/ogcapi/v0/collections/latest-daily/items?parameter_code=72019&statistic_id=00003&limit=10000&f=json
USGS-411138081172500,,,,,41.1939451224727,-81.2901048688893,6.49,2000-05-01,Approved,,,,,,,72019,00003,https://api.waterdata.usgs.gov/ogcapi/v0/collections/latest-daily/items?parameter_code=72019&statistic_id=00003&limit=10000&f=json
USGS-411223075234901,,,,,41.2066944444444,-75.3966111111111,10.96,2026-08-26,Provisional,,,,,,,72019,00003,https://api.waterdata.usgs.gov/ogcapi/v0/collections/latest-daily/items?parameter_code=72019&statistic_id=00003&limit=10000&f=json
USGS-411412105272001,,,,,41.2365361111111,-105.455491666667,48.1,2026-08-27,Provisional,,,,,,,72019,00003,https://api.waterdata.usgs.gov/ogcapi/v0/collections/latest-daily/items?parameter_code=72019&statistic_id=00003&limit=10000&f=json
USGS-411421073481202,,,,,41.2393611111111,-73.8032777777778,11.44,2026-08-26,Provisional,,,,,,,72019,00003,https://api.waterdata.usgs.gov/ogcapi/v0/collections/latest-daily/items?parameter_code=72019&statistic_id=00003&limit=10000&f=json
USGS-411424077462201,,,,,41.2402222222222,-77.7727777777778,50.49,2026-08-26,Provisional,,,,,,,72019,00003,https://api.waterdata.usgs.gov/ogcapi/v0/collections/latest-daily/items?parameter_code=72019&statistic_id=00003&limit=10000&f=json
USGS-411536069591301,,,,,41.2601228442463,-69.9864027791117,11.42,2026-08-27,Provisional,,,,,,,72019,00003,https://api.waterdata.usgs.gov/ogcapi/v0/collections/latest-daily/items?parameter_code=72019&statistic_id=00003&limit=10000&f=json
USGS-411555070021901,,,,,41.2654008266453,-70.0380705015409,26.2,2026-08-27,Provisional,,,,,,,72019,00003,https://api.waterdata.usgs.gov/ogcapi/v0/collections/latest-daily/items?parameter_code=72019&statistic_id=00003&limit=10000&f=json
USGS-411734078522101,,,,,41.2935,-78.8723055555555,25.08,2026-08-26,Provisional,,,,,,,72019,00003,https://api.waterdata.usgs.gov/ogcapi/v0/collections/latest-daily/items?parameter_code=72019&statistic_id=00003&limit=10000&f=json
USGS-411756076162701,,,,,41.2994166666667,-76.2745,34.56,2026-08-26,Provisional,,,,,,,72019,00003,https://api.waterdata.usgs.gov/ogcapi/v0/collections/latest-daily/items?parameter_code=72019&statistic_id=00003&limit=10000&f=json
USGS-411802073593001,,,,,41.300638888888884,-73.99125000000001,16.42,2026-08-26,Provisional,,,,,,,72019,00003,https://api.waterdata.usgs.gov/ogcapi/v0/collections/latest-daily/items?parameter_code=72019&statistic_id=00003&limit=10000&f=json
USGS-411832072325501,,,,,41.308905555555555,-72.54806944444444,4.47,2026-08-27,Provisional,,,,,,,72019,00003,https://api.waterdata.usgs.gov/ogcapi/v0/collections/latest-daily/items?parameter_code=72019&statistic_id=00003&limit=10000&f=json
USGS-411833075133601,,,,,41.3091944444444,-75.2268611111111,36.44,2026-08-26,Provisional,,,,,,,72019,00003,https://api.waterdata.usgs.gov/ogcapi/v0/collections/latest-daily/items?parameter_code=72019&statistic_id=00003&limit=10000&f=json
USGS-411843092105101,,,,,41.3118333333333,-92.1808055555556,13.15,2018-09-30,Approved,,,,,,,72019,00003,https://api.waterdata.usgs.gov/ogcapi/v0/collections/latest-daily/items?parameter_code=72019&statistic_id=00003&limit=10000&f=json
USGS-411856085455801,,,,,41.3156194444444,-85.7660972222222,13.21,2024-11-18,Provisional,,,,,,,72019,00003,https://api.waterdata.usgs.gov/ogcapi/v0/collections/latest-daily/items?parameter_code=72019&statistic_id=00003&limit=10000&f=json
USGS-411912092273601,,,,,41.320258934503,-92.4604928947603,102.57,1992-09-29,Approved,,,,,,,72019,00003,https://api.waterdata.usgs.gov/ogcapi/v0/collections/latest-daily/items?parameter_code=72019&statistic_id=00003&limit=10000&f=json
USGS-411922085221801,,,,,41.3226666666667,-85.3720833333333,32.03,2026-08-26,Provisional,,,,,,,72019,00003,https://api.waterdata.usgs.gov/ogcapi/v0/collections/latest-daily/items?parameter_code=72019&statistic_id=00003&limit=10000&f=json
USGS-411958079540202,,,,,41.3315833333333,-79.9002222222222,111.84,2026-08-26,Provisional,,,,,,,72019,00003,https://api.waterdata.usgs.gov/ogcapi/v0/collections/latest-daily/items?parameter_code=72019&statistic_id=00003&limit=10000&f=json
USGS-412012085594301,,,,,41.3367416666667,-85.9953416666667,26.88,2024-11-18,Provisional,,,,,,,72019,00003,https://api.waterdata.usgs.gov/ogcapi/v0/collections/latest-daily/items?parameter_code=72019&statistic_id=00003&limit=10000&f=json
USGS-412018085483401,,,,,41.3383333333333,-85.8094444444444,66.11,2026-08-03,Provisional,,,,,,,72019,00003,https://api.waterdata.usgs.gov/ogcapi/v0/collections/latest-daily/items?parameter_code=72019&statistic_id=00003&limit=10000&f=json
USGS-412020079133901,,,,,41.3367777777778,-79.2255277777778,33.29,2026-08-26,Provisional,,,,,,,72019,00003,https://api.waterdata.usgs.gov/ogcapi/v0/collections/latest-daily/items?parameter_code=72019&statistic_id=00003&limit=10000&f=json
USGS-412023092471201,,,,,41.3405575215535,-92.7868624853146,76.81,1992-11-03,Approved,,,,,,,72019,00003,https://api.waterdata.usgs.gov/ogcapi/v0/collections/latest-daily/items?parameter_code=72019&statistic_id=00003&limit=10000&f=json
USGS-412149073445601,,,,,41.3637222222222,-73.74875,13.8,2026-08-26,Provisional,,,,,,,72019,00003,https://api.waterdata.usgs.gov/ogcapi/v0/collections/latest-daily/items?parameter_code=72019&statistic_id=00003&limit=10000&f=json
USGS-412154070404701,,,,,41.365114,-70.679194,18.26,2026-08-27,Provisional,,,,,,,72019,00003,https://api.waterdata.usgs.gov/ogcapi/v0/collections/latest-daily/items?parameter_code=72019&statistic_id=00003&limit=10000&f=json
USGS-412154071462901,,,,,41.3650999858943,-71.7742336347743,12.95,2026-08-27,Provisional,,,,,,,72019,00003,https://api.waterdata.usgs.gov/ogcapi/v0/collections/latest-daily/items?parameter_code=72019&statistic_id=00003&limit=10000&f=json
USGS-412214071394001,,,,,41.370556,-71.661111,18.42,2026-08-27,Provisional,,,,,,,72019,00003,https://api.waterdata.usgs.gov/ogcapi/v0/collections/latest-daily/items?parameter_code=72019&statistic_id=00003&limit=10000&f=json
USGS-412304084440601,,,,,41.384394444444446,-84.7350111111111,59.64,2026-08-27,Provisional,,,,,,,72019,00003,https://api.waterdata.usgs.gov/ogcapi/v0/collections/latest-daily/items?parameter_code=72019&statistic_id=00003&limit=10000&f=json
USGS-412306084240000,,,,,41.3852805555556,-84.399925,35.63,2026-08-27,Provisional,,,,,,,72019,00003,https://api.waterdata.usgs.gov/ogcapi/v0/collections/latest-daily/items?parameter_code=72019&statistic_id=00003&limit=10000&f=json
USGS-412346070353403,,,,,41.3962255654309,-70.5922495726979,19.64,2026-08-27,Provisional,,,,,,,72019,00003,https://api.waterdata.usgs.gov/ogcapi/v0/collections/latest-daily/items?parameter_code=72019&statistic_id=00003&limit=10000&f=json
USGS-412350080223701,,,,,41.3972769893458,-80.3767336004788,2.79,2005-09-29,Approved,,,,,,,72019,00003,https://api.waterdata.usgs.gov/ogcapi/v0/collections/latest-daily/items?parameter_code=72019&statistic_id=00003&limit=10000&f=json
USGS-412350086512801,,,,,41.39724046387803,-86.85776842237092,6.62,2026-08-26,Provisional,,,,,,,72019,00003,https://api.waterdata.usgs.gov/ogcapi/v0/collections/latest-daily/items?parameter_code=72019&statistic_id=00003&limit=10000&f=json
USGS-412427076594401,,,,,41.4079166666667,-76.99475,99.36,2026-08-26,Provisional,,,,,,,72019,00003,https://api.waterdata.usgs.gov/ogcapi/v0/collections/latest-daily/items?parameter_code=72019&statistic_id=00003&limit=10000&f=json
USGS-412429073165101,,,,,41.408205555555554,-73.28055,2.74,2026-08-27,Provisional,,,,,,,72019,00003,https://api.waterdata.usgs.gov/ogcapi/v0/collections/latest-daily/items?parameter_code=72019&statistic_id=00003&limit=10000&f=json
USGS-412458078324601,,,,,41.4161944444444,-78.5451944444444,4.32,2026-08-26,Provisional,,,,,,,72019,00003,https://api.waterdata.usgs.gov/ogcapi/v0/collections/latest-daily/items?parameter_code=72019&statistic_id=00003&limit=10000&f=json
USGS-412541081194500,,,,,41.4281111111111,-81.3318888888889,57.96,2026-07-22,Provisional,,,,,,,72019,00003,https://api.waterdata.usgs.gov/ogcapi/v0/collections/latest-daily/items?parameter_code=72019&statistic_id=00003&limit=10000&f=json
USGS-412611081210600,,,,,41.4364420584534,-81.3514989007457,190.89,2026-07-03,Provisional,,,,,,,72019,00003,https://api.waterdata.usgs.gov/ogcapi/v0/collections/latest-daily/items?parameter_code=72019&statistic_id=00003&limit=10000&f=json
USGS-412637074362301,,,,,41.4436111111111,-74.6063888888889,6.83,2026-08-26,Provisional,,,,,,,72019,00003,https://api.waterdata.usgs.gov/ogcapi/v0/collections/latest-daily/items?parameter_code=72019&statistic_id=00003&limit=10000&f=json
USGS-412708076150201,,,,,41.4522777777778,-76.2505277777778,45.61,2026-08-26,Provisional,,,,,,,72019,00003,https://api.waterdata.usgs.gov/ogcapi/v0/collections/latest-daily/items?parameter_code=72019&statistic_id=00003&limit=10000&f=json
USGS-412714073331301,,,,,41.4541111111111,-73.5533611111111,2.1,2026-08-26,Provisional,,,,,,,72019,00003,https://api.waterdata.usgs.gov/ogcapi/v0/collections/latest-daily/items?parameter_code=72019&statistic_id=00003&limit=10000&f=json
USGS-412718071415201,,,,,41.4551000380977,-71.6972879621373,22.55,2005-02-28,Approved,ESTIMATED,,,,,,72019,00003,https://api.waterdata.usgs.gov/ogcapi/v0/collections/latest-daily/items?parameter_code=72019&statistic_id=00003&limit=10000&f=json
USGS-412732078034201,,,,,41.4588055555556,-78.0617777777778,22.04,2026-08-26,Provisional,,,,,,,72019,00003,https://api.waterdata.usgs.gov/ogcapi/v0/collections/latest-daily/items?parameter_code=72019&statistic_id=00003&limit=10000&f=json
USGS-412739080104201,,,,,41.4608888888889,-80.1784166666667,26.03,2026-08-26,Provisional,,,,,,,72019,00003,https://api.waterdata.usgs.gov/ogcapi/v0/collections/latest-daily/items?parameter_code=72019&statistic_id=00003&limit=10000&f=json
USGS-412803084480401,,,,,41.46749444444445,-84.80105,27.29,2026-08-27,Provisional,,,,,,,72019,00003,https://api.waterdata.usgs.gov/ogcapi/v0/collections/latest-daily/items?parameter_code=72019&statistic_id=00003&limit=10000&f=json
USGS-412823079030601,,,,,41.4734722222222,-79.0508333333333,7.3,2026-08-26,Provisional,,,,,,,72019,00003,https://api.waterdata.usgs.gov/ogcapi/v0/collections/latest-daily/items?parameter_code=72019&statistic_id=00003&limit=10000&f=json
USGS-412825072410501,,,,,41.47270555555556,-72.68390833333333,10.5,2026-08-27,Provisional,,,,,,,72019,00003,https://api.waterdata.usgs.gov/ogcapi/v0/collections/latest-daily/items?parameter_code=72019&statistic_id=00003&limit=10000&f=json
USGS-412826076083301,,,,,41.4743888888889,-76.1417222222222,16.54,2011-09-07,Approved,,,,,,,72019,00003,https://api.waterdata.usgs.gov/ogcapi/v0/collections/latest-daily/items?parameter_code=72019&statistic_id=00003&limit=10000&f=json
USGS-412844071422802,,,,,41.4789886917528,-71.7072887577827,33.09,2026-08-27,Provisional,,,,,,,72019,00003,https://api.waterdata.usgs.gov/ogcapi/v0/collections/latest-daily/items?parameter_code=72019&statistic_id=00003&limit=10000&f=json
USGS-412846074470201,,,,,41.4794444444444,-74.7841388888889,24.56,2026-08-26,Provisional,,,,,,,72019,00003,https://api.waterdata.usgs.gov/ogcapi/v0/collections/latest-daily/items?parameter_code=72019&statistic_id=00003&limit=10000&f=json
USGS-412910117321001,,,,,41.4860077297948,-117.537073588569,7.59,2015-11-17,Approved,,,,,,,72019,00003,https://api.waterdata.usgs.gov/ogcapi/v0/collections/latest-daily/items?parameter_code=72019&statistic_id=00003&limit=10000&f=json
USGS-412916073121701,,,,,41.48776710623067,-73.20426032474589,11.52,2026-08-27,Provisional,,,,,,,72019,00003,https://api.waterdata.usgs.gov/ogcapi/v0/collections/latest-daily/items?parameter_code=72019&statistic_id=00003&limit=10000&f=json
USGS-412918071321001,,,,,41.4884344892798,-71.535615915983,12.72,2026-08-27,Provisional,,,,,,,72019,00003,https://api.waterdata.usgs.gov/ogcapi/v0/collections/latest-daily/items?parameter_code=72019&statistic_id=00003&limit=10000&f=json
USGS-412927092575201,,,,,41.4909444444444,-92.9644444444445,8.1,2017-09-24,Approved,,,,,,,72019,00003,https://api.waterdata.usgs.gov/ogcapi/v0/collections/latest-daily/items?parameter_code=72019&statistic_id=00003&limit=10000&f=json
USGS-412932071374302,,,,,41.4923225901819,-71.6281194061347,7.34,2026-08-27,Provisional,,,,,,,72019,00003,https://api.waterdata.usgs.gov/ogcapi/v0/collections/latest-daily/items?parameter_code=72019&statistic_id=00003&limit=10000&f=json
USGS-413026076352901,,,,,41.5070555555556,-76.59025,27.41,2026-08-26,Provisional,,,,,,,72019,00003,https://api.waterdata.usgs.gov/ogcapi/v0/collections/latest-daily/items?parameter_code=72019&statistic_id=00003&limit=10000&f=json
USGS-413038099482701,,,,,41.5105599516687,-99.8078979829692,77.06,1994-08-02,Approved,,,,,,,72019,00003,https://api.waterdata.usgs.gov/ogcapi/v0/collections/latest-daily/items?parameter_code=72019&statistic_id=00003&limit=10000&f=json
USGS-413106085232701,,,,,41.5189387855212,-85.3910902344057,17.17,2010-12-07,Approved,,,,,,,72019,00003,https://api.waterdata.usgs.gov/ogcapi/v0/collections/latest-daily/items?parameter_code=72019&statistic_id=00003&limit=10000&f=json
USGS-413121085481301,,,,,41.5228270074547,-85.8038810858227,14.95,2026-08-26,Provisional,,,,,,,72019,00003,https://api.waterdata.usgs.gov/ogcapi/v0/collections/latest-daily/items?parameter_code=72019&statistic_id=00003&limit=10000&f=json
USGS-413139086341401,,,,,41.5278221257682,-86.5694607286454,6.4,2025-05-05,Provisional,,,,,,,72019,00003,https://api.waterdata.usgs.gov/ogcapi/v0/collections/latest-daily/items?parameter_code=72019&statistic_id=00003&limit=10000&f=json
USGS-413141084544201,,,,,41.5280555555556,-84.9116666666667,9.73,2025-05-19,Provisional,,,,,,,72019,00003,https://api.waterdata.usgs.gov/ogcapi/v0/collections/latest-daily/items?parameter_code=72019&statistic_id=00003&limit=10000&f=json
USGS-413252071323601,,,,,41.5478786276315,-71.5428388225165,10.42,2026-08-27,Provisional,,,,,,,72019,00003,https://api.waterdata.usgs.gov/ogcapi/v0/collections/latest-daily/items?parameter_code=72019&statistic_id=00003&limit=10000&f=json
USGS-413346075421301,,,,,41.5629166666667,-75.7037222222222,57.56,2026-08-26,Provisional,,,,,,,72019,00003,https://api.waterdata.usgs.gov/ogcapi/v0/collections/latest-daily/items?parameter_code=72019&statistic_id=00003&limit=10000&f=json
USGS-413358071433801,,,,,41.5662105933532,-71.7267344929748,15.91,2026-08-27,Provisional,,,,,,,72019,00003,https://api.waterdata.usgs.gov/ogcapi/v0/collections/latest-daily/items?parameter_code=72019&statistic_id=00003&limit=10000&f=json
USGS-413426085181801,,,,,41.5740138888889,-85.3051527777778,15.95,2024-11-06,Provisional,,,,,,,72019,00003,https://api.waterdata.usgs.gov/ogcapi/v0/collections/latest-daily/items?parameter_code=72019&statistic_id=00003&limit=10000&f=json
USGS-413428074085701,,,,,41.5743611111111,-74.1492777777778,5.61,2026-08-26,Provisional,,,,,,,72019,00003,https://api.waterdata.usgs.gov/ogcapi/v0/collections/latest-daily/items?parameter_code=72019&statistic_id=00003&limit=10000&f=json
USGS-413434086434701,,,,,41.5761539029009,-86.7297444828892,19.92,2025-05-05,Provisional,,,,,,,72019,00003,https://api.waterdata.usgs.gov/ogcapi/v0/collections/latest-daily/items?parameter_code=72019&statistic_id=00003&limit=10000&f=json
USGS-413525070291904,,,,,41.590539,-70.487558,8.97,2026-08-27,Provisional,,,,,,,72019,00003,https://api.waterdata.usgs.gov/ogcapi/v0/collections/latest-daily/items?parameter_code=72019&statistic_id=00003&limit=10000&f=json
USGS-413535072253701,,,,,41.593133333333334,-72.42642222222223,7.33,2026-08-27,Provisional,,,,,,,72019,00003,https://api.waterdata.usgs.gov/ogcapi/v0/collections/latest-daily/items?parameter_code=72019&statistic_id=00003&limit=10000&f=json
USGS-413542080245002,,,,,41.5953333333333,-80.41375,52.49,2026-08-26,Provisional,,,,,,,72019,00003,https://api.waterdata.usgs.gov/ogcapi/v0/collections/latest-daily/items?parameter_code=72019&statistic_id=00003&limit=10000&f=json
USGS-413547083481500,,,,,41.5964407200927,-83.8041063696167,6,2000-04-30,Approved,,,,,,,72019,00003,https://api.waterdata.usgs.gov/ogcapi/v0/collections/latest-daily/items?parameter_code=72019&statistic_id=00003&limit=10000&f=json
USGS-413559087270301,,,,,41.5997579636111,-87.4508738048022,0.48,2026-08-27,Provisional,,,,,,,72019,00003,https://api.waterdata.usgs.gov/ogcapi/v0/collections/latest-daily/items?parameter_code=72019&statistic_id=00003&limit=10000&f=json
USGS-413644087230601,,,,,41.61213888888889,-87.38511111111112,0.82,2022-08-28,Approved,,,,,,,72019,00003,https://api.waterdata.usgs.gov/ogcapi/v0/collections/latest-daily/items?parameter_code=72019&statistic_id=00003&limit=10000&f=json
USGS-413653087232201,,,,,41.6148055555556,-87.3895277777778,0.94,2022-08-29,Approved,,,,,,,72019,00003,https://api.waterdata.usgs.gov/ogcapi/v0/collections/latest-daily/items?parameter_code=72019&statistic_id=00003&limit=10000&f=json
USGS-413654087230501,,,,,41.615,-87.3846944444444,0.97,2022-08-29,Approved,,,,,,,72019,00003,https://api.waterdata.usgs.gov/ogcapi/v0/collections/latest-daily/items?parameter_code=72019&statistic_id=00003&limit=10000&f=json
USGS-413657087231201,,,,,41.6156944444444,-87.3866111111111,-0.04,2021-08-25,Approved,,,,,,,72019,00003,https://api.waterdata.usgs.gov/ogcapi/v0/collections/latest-daily/items?parameter_code=72019&statistic_id=00003&limit=10000&f=json
USGS-413703087230501,,,,,41.6174722222222,-87.3848333333333,-0.15,2020-09-21,Approved,,,,,,,72019,00003,https://api.waterdata.usgs.gov/ogcapi/v0/collections/latest-daily/items?parameter_code=72019&statistic_id=00003&limit=10000&f=json
USGS-413704087233101,,,,,41.6178611111111,-87.3918611111111,0.54,2022-08-28,Approved,,,,,,,72019,00003,https://api.waterdata.usgs.gov/ogcapi/v0/collections/latest-daily/items?parameter_code=72019&statistic_id=00003&limit=10000&f=json
USGS-413705087231601,,,,,41.6181388888889,-87.3878055555556,0.14,2022-08-29,Approved,,,,,,,72019,00003,https://api.waterdata.usgs.gov/ogcapi/v0/collections/latest-daily/items?parameter_code=72019&statistic_id=00003&limit=10000&f=json
USGS-413713093380201,,,,,41.62031666666667,-93.63395000000001,4.54,2023-10-31,Approved,,,,,,,72019,00003,https://api.waterdata.usgs.gov/ogcapi/v0/collections/latest-daily/items?parameter_code=72019&statistic_id=00003&limit=10000&f=json
USGS-413715087232101,,,,,41.6208055555556,-87.3892777777778,1.03,2022-08-28,Approved,,,,,,,72019,00003,https://api.waterdata.usgs.gov/ogcapi/v0/collections/latest-daily/items?parameter_code=72019&statistic_id=00003&limit=10000&f=json
USGS-413718087233701,,,,,41.6217777777778,-87.3936111111111,0.41,2020-03-29,Approved,,,,,,,72019,00003,https://api.waterdata.usgs.gov/ogcapi/v0/collections/latest-daily/items?parameter_code=72019&statistic_id=00003&limit=10000&f=json
USGS-413720087233901,,,,,41.6221111111111,-87.3942777777778,1.38,2022-08-28,Approved,,,,,,,72019,00003,https://api.waterdata.usgs.gov/ogcapi/v0/collections/latest-daily/items?parameter_code=72019&statistic_id=00003&limit=10000&f=json
USGS-413721087235801,,,,,41.6225833333333,-87.3994722222222,0.88,2022-08-29,Approved,,,,,,,72019,00003,https://api.waterdata.usgs.gov/ogcapi/v0/collections/latest-daily/items?parameter_code=72019&statistic_id=00003&limit=10000&f=json
USGS-413754084540601,,,,,41.6316666666667,-84.9016666666667,22.27,2025-05-19,Provisional,,,,,,,72019,00003,https://api.waterdata.usgs.gov/ogcapi/v0/collections/latest-daily/items?parameter_code=72019&statistic_id=00003&limit=10000&f=json
USGS-413754084540602,,,,,41.6316666666667,-84.9016666666667,34.97,2025-05-19,Provisional,,,,,,,72019,00003,https://api.waterdata.usgs.gov/ogcapi/v0/collections/latest-daily/items?parameter_code=72019&statistic_id=00003&limit=10000&f=json
USGS-413801070322703,,,,,41.633797,-70.540675,7.82,2026-08-27,Provisional,,,,,,,72019,00003,https://api.waterdata.usgs.gov/ogcapi/v0/collections/latest-daily/items?parameter_code=72019&statistic_id=00003&limit=10000&f=json
USGS-413812084444601,,,,,41.6366055555556,-84.7461277777778,44.47,2026-08-27,Provisional,,,,,,,72019,00003,https://api.waterdata.usgs.gov/ogcapi/v0/collections/latest-daily/items?parameter_code=72019&statistic_id=00003&limit=10000&f=json
USGS-413812084444602,,,,,41.63663888888889,-84.74608888888889,45.63,2026-08-27,Provisional,,,,,,,72019,00003,https://api.waterdata.usgs.gov/ogcapi/v0/collections/latest-daily/items?parameter_code=72019&statistic_id=00003&limit=10000&f=json
USGS-413835093384601,,,,,41.64313333333333,-93.64596666666667,8.59,2023-10-31,Approved,,,,,,,72019,00003,https://api.waterdata.usgs.gov/ogcapi/v0/collections/latest-daily/items?parameter_code=72019&statistic_id=00003&limit=10000&f=json
USGS-413836095465502,,,,,41.6433235932602,-95.782230729711,13.08,1983-12-19,Approved,,,,,,,72019,00003,https://api.waterdata.usgs.gov/ogcapi/v0/collections/latest-daily/items?parameter_code=72019&statistic_id=00003&limit=10000&f=json
USGS-413849093391401,,,,,41.6469,-93.65375,10.81,2023-10-31,Provisional,,,,,,,72019,00003,https://api.waterdata.usgs.gov/ogcapi/v0/collections/latest-daily/items?parameter_code=72019&statistic_id=00003&limit=10000&f=json
USGS-413909093391501,,,,,41.65249166666666,-93.65406666666668,11.33,2023-10-31,Provisional,,,,,,,72019,00003,https://api.waterdata.usgs.gov/ogcapi/v0/collections/latest-daily/items?parameter_code=72019&statistic_id=00003&limit=10000&f=json
USGS-413930070190901,,,,,41.6584436850124,-70.3186334228946,26.43,2026-08-27,Provisional,,,,,,,72019,00003,https://api.waterdata.usgs.gov/ogcapi/v0/collections/latest-daily/items?parameter_code=72019&statistic_id=00003&limit=10000&f=json
USGS-413952084261201,,,,,41.66431111111111,-84.43663055555555,31.71,2026-08-27,Provisional,,,,,,,72019,00003,https://api.waterdata.usgs.gov/ogcapi/v0/collections/latest-daily/items?parameter_code=72019&statistic_id=00003&limit=10000&f=json
USGS-413952084261202,,,,,41.66430555555555,-84.4366388888889,32.63,2026-08-27,Provisional,,,,,,,72019,00003,https://api.waterdata.usgs.gov/ogcapi/v0/collections/latest-daily/items?parameter_code=72019&statistic_id=00003&limit=10000&f=json
USGS-414003093391501,,,,,41.66756944444444,-93.65426666666667,14.79,2023-10-31,Approved,,,,,,,72019,00003,https://api.waterdata.usgs.gov/ogcapi/v0/collections/latest-daily/items?parameter_code=72019&statistic_id=00003&limit=10000&f=json
USGS-414031101305601,,,,,41.6536013980168,-101.50350595123,17.36,1985-07-19,Approved,,,,,,,72019,00003,https://api.waterdata.usgs.gov/ogcapi/v0/collections/latest-daily/items?parameter_code=72019&statistic_id=00003&limit=10000&f=json
USGS-414031101305602,,,,,41.6524902625736,-101.504617080611,19.73,1985-03-12,Approved,,,,,,,72019,00003,https://api.waterdata.usgs.gov/ogcapi/v0/collections/latest-daily/items?parameter_code=72019&statistic_id=00003&limit=10000&f=json
USGS-414031101305603,,,,,41.6524902625736,-101.504617080611,16.39,1985-04-19,Approved,,,,,,,72019,00003,https://api.waterdata.usgs.gov/ogcapi/v0/collections/latest-daily/items?parameter_code=72019&statistic_id=00003&limit=10000&f=json
USGS-414100070011101,,,,,41.6834449521169,-70.0191830546252,24.59,2018-09-10,Approved,,,,,,,72019,00003,https://api.waterdata.usgs.gov/ogcapi/v0/collections/latest-daily/items?parameter_code=72019&statistic_id=00003&limit=10000&f=json
USGS-414101070011001,,,,,41.6836111111111,-70.0194444444444,28.54,2026-08-26,Provisional,,,,,,,72019,00003,https://api.waterdata.usgs.gov/ogcapi/v0/collections/latest-daily/items?parameter_code=72019&statistic_id=00003&limit=10000&f=json
USGS-414124070265901,,,,,41.6901082590979,-70.4491928824853,46.81,2019-04-23,Approved,,,,,,,72019,00003,https://api.waterdata.usgs.gov/ogcapi/v0/collections/latest-daily/items?parameter_code=72019&statistic_id=00003&limit=10000&f=json
USGS-414124070311401,,,,,41.6901324893244,-70.5201282298071,19.31,2026-08-27,Provisional,,,,,,,72019,00003,https://api.waterdata.usgs.gov/ogcapi/v0/collections/latest-daily/items?parameter_code=72019&statistic_id=00003&limit=10000&f=json
USGS-414125070265901,,,,,41.6902777777778,-70.4497222222222,50.55,2026-08-27,Provisional,,,,,,,72019,00003,https://api.waterdata.usgs.gov/ogcapi/v0/collections/latest-daily/items?parameter_code=72019&statistic_id=00003&limit=10000&f=json
USGS-414125081031500,,,,,41.6903305837943,-81.053985467096,1.87,2002-05-20,Approved,,,,,,,72019,00003,https://api.waterdata.usgs.gov/ogcapi/v0/collections/latest-daily/items?parameter_code=72019&statistic_id=00003&limit=10000&f=json
USGS-414128073475201,,,,,41.6913333333333,-73.7976111111111,14.03,2026-08-26,Provisional,,,,,,,72019,00003,https://api.waterdata.usgs.gov/ogcapi/v0/collections/latest-daily/items?parameter_code=72019&statistic_id=00003&limit=10000&f=json
USGS-414129070361401,,,,,41.6914952959476,-70.6033638792772,34.36,2026-08-27,Provisional,,,,,,,72019,00003,https://api.waterdata.usgs.gov/ogcapi/v0/collections/latest-daily/items?parameter_code=72019&statistic_id=00003&limit=10000&f=json
USGS-414139070311501,,,,,41.6943657369985,-70.5204421268635,32.83,2026-08-27,Provisional,,,,,,,72019,00003,https://api.waterdata.usgs.gov/ogcapi/v0/collections/latest-daily/items?parameter_code=72019&statistic_id=00003&limit=10000&f=json
USGS-414149086183101,,,,,41.6971584849252,-86.3086147135419,45.51,2025-05-05,Provisional,,,,,,,72019,00003,https://api.waterdata.usgs.gov/ogcapi/v0/collections/latest-daily/items?parameter_code=72019&statistic_id=00003&limit=10000&f=json
USGS-414159070310501,,,,,41.6999823295263,-70.5177476046048,99.76,2026-08-27,Provisional,,,,,,,72019,00003,https://api.waterdata.usgs.gov/ogcapi/v0/collections/latest-daily/items?parameter_code=72019&statistic_id=00003&limit=10000&f=json
USGS-414159079213601,,,,,41.6994722222222,-79.3599444444444,43.29,2026-08-26,Provisional,,,,,,,72019,00003,https://api.waterdata.usgs.gov/ogcapi/v0/collections/latest-daily/items?parameter_code=72019&statistic_id=00003&limit=10000&f=json
USGS-414202086283801,,,,,41.7005555555556,-86.4772222222222,21.9,2025-03-30,Provisional,,,,,,,72019,00003,https://api.waterdata.usgs.gov/ogcapi/v0/collections/latest-daily/items?parameter_code=72019&statistic_id=00003&limit=10000&f=json
USGS-414205070334701,,,,,41.7014178433371,-70.5625766707856,174.01,2026-08-27,Provisional,,,,,,,72019,00003,https://api.waterdata.usgs.gov/ogcapi/v0/collections/latest-daily/items?parameter_code=72019&statistic_id=00003&limit=10000&f=json
USGS-414219070131101,,,,,41.705281,-70.218522,23.15,2026-08-27,Provisional,,,,,,,72019,00003,https://api.waterdata.usgs.gov/ogcapi/v0/collections/latest-daily/items?parameter_code=72019&statistic_id=00003&limit=10000&f=json
USGS-414219070313601,,,,,41.7054210085776,-70.5260006207089,103.55,2026-08-26,Provisional,,,,,,,72019,00003,https://api.waterdata.usgs.gov/ogcapi/v0/collections/latest-daily/items?parameter_code=72019&statistic_id=00003&limit=10000&f=json
USGS-414240072033201,,,,,41.71101666666667,-72.05916666666667,13.4,2026-08-27,Provisional,,,,,,,72019,00003,https://api.waterdata.usgs.gov/ogcapi/v0/collections/latest-daily/items?parameter_code=72019&statistic_id=00003&limit=10000&f=json
USGS-414315091252002,,,,,41.7211284143077,-91.4223891277426,15.79,2026-08-27,Provisional,,,,,,,72019,00003,https://api.waterdata.usgs.gov/ogcapi/v0/collections/latest-daily/items?parameter_code=72019&statistic_id=00003&limit=10000&f=json
USGS-414318085200601,,,,,41.72168161639377,-85.3349394395806,17.08,2026-08-26,Provisional,,,,,,,72019,00003,https://api.waterdata.usgs.gov/ogcapi/v0/collections/latest-daily/items?parameter_code=72019&statistic_id=00003&limit=10000&f=json
USGS-414325084552401,,,,,41.7236111111111,-84.9233333333333,36.56,2025-05-19,Provisional,,,,,,,72019,00003,https://api.waterdata.usgs.gov/ogcapi/v0/collections/latest-daily/items?parameter_code=72019&statistic_id=00003&limit=10000&f=json
USGS-414330076280501,,,,,41.7234166666667,-76.4687222222222,10.9,2026-08-26,Provisional,,,,,,,72019,00003,https://api.waterdata.usgs.gov/ogcapi/v0/collections/latest-daily/items?parameter_code=72019&statistic_id=00003&limit=10000&f=json
USGS-414333075153201,,,,,41.7252222222222,-75.2585833333333,28.06,2026-08-26,Provisional,,,,,,,72019,00003,https://api.waterdata.usgs.gov/ogcapi/v0/collections/latest-daily/items?parameter_code=72019&statistic_id=00003&limit=10000&f=json
USGS-414400070242901,,,,,41.7333333333333,-70.4080555555556,36.15,2026-08-26,Provisional,,,,,,,72019,00003,https://api.waterdata.usgs.gov/ogcapi/v0/collections/latest-daily/items?parameter_code=72019&statistic_id=00003&limit=10000&f=json
USGS-414405070312104,,,,,41.73607798932544,-70.52183548000991,125.92,2026-08-26,Provisional,,,,,,,72019,00003,https://api.waterdata.usgs.gov/ogcapi/v0/collections/latest-daily/items?parameter_code=72019&statistic_id=00003&limit=10000&f=json
USGS-414429074052001,,,,,41.7415555555556,-74.0888888888889,24.55,2026-08-26,Provisional,,,,,,,72019,00003,https://api.waterdata.usgs.gov/ogcapi/v0/collections/latest-daily/items?parameter_code=72019&statistic_id=00003&limit=10000&f=json
USGS-414431085313001,,,,,41.7419361111111,-85.5249555555556,18.61,2024-11-06,Provisional,,,,,,,72019,00003,https://api.waterdata.usgs.gov/ogcapi/v0/collections/latest-daily/items?parameter_code=72019&statistic_id=00003&limit=10000&f=json
USGS-414455070325701,,,,,41.7487365482265,-70.5487180576281,161.44,2026-08-27,Provisional,,,,,,,72019,00003,https://api.waterdata.usgs.gov/ogcapi/v0/collections/latest-daily/items?parameter_code=72019&statistic_id=00003&limit=10000&f=json
USGS-414513077333701,,,,,41.7533333333333,-77.5602222222222,31.89,2026-08-26,Provisional,,,,,,,72019,00003,https://api.waterdata.usgs.gov/ogcapi/v0/collections/latest-daily/items?parameter_code=72019&statistic_id=00003&limit=10000&f=json
USGS-414518070015801,,,,,41.755,-70.0327777777778,12.42,2026-08-27,Provisional,,,,,,,72019,00003,https://api.waterdata.usgs.gov/ogcapi/v0/collections/latest-daily/items?parameter_code=72019&statistic_id=00003&limit=10000&f=json
USGS-414525074360601,,,,,41.75688888888889,-74.60149999999999,9.43,2026-08-26,Provisional,,,,,,,72019,00003,https://api.waterdata.usgs.gov/ogcapi/v0/collections/latest-daily/items?parameter_code=72019&statistic_id=00003&limit=10000&f=json
USGS-414630070014901,,,,,41.7751092400212,-70.0297399716498,29.75,2018-09-16,Approved,,,,,,,72019,00003,https://api.waterdata.usgs.gov/ogcapi/v0/collections/latest-daily/items?parameter_code=72019&statistic_id=00003&limit=10000&f=json
USGS-414630077234901,,,,,41.7752222222222,-77.3970555555556,11.37,2017-08-23,Approved,,,,,,,72019,00003,https://api.waterdata.usgs.gov/ogcapi/v0/collections/latest-daily/items?parameter_code=72019&statistic_id=00003&limit=10000&f=json
USGS-414632070014901,,,,,41.7755555555556,-70.0302777777778,32.71,2026-08-27,Provisional,,,,,,,72019,00003,https://api.waterdata.usgs.gov/ogcapi/v0/collections/latest-daily/items?parameter_code=72019&statistic_id=00003&limit=10000&f=json
USGS-414634077235801,,,,,41.7760833333333,-77.39925,13.89,2017-08-23,Approved,,,,,,,72019,00003,https://api.waterdata.usgs.gov/ogcapi/v0/collections/latest-daily/items?parameter_code=72019&statistic_id=00003&limit=10000&f=json
USGS-414640077493801,,,,,41.7770555555556,-77.8273055555556,19.61,2026-08-26,Provisional,,,,,,,72019,00003,https://api.waterdata.usgs.gov/ogcapi/v0/collections/latest-daily/items?parameter_code=72019&statistic_id=00003&limit=10000&f=json
USGS-414642077235101,,,,,41.7785,-77.3978888888889,20.94,2017-08-23,Approved,,,,,,,72019,00003,https://api.waterdata.usgs.gov/ogcapi/v0/collections/latest-daily/items?parameter_code=72019&statistic_id=00003&limit=10000&f=json
USGS-414706071045001,,,,,41.785,-71.0805555555555,14.28,2026-08-27,Provisional,,,,,,,72019,00003,https://api.waterdata.usgs.gov/ogcapi/v0/collections/latest-daily/items?parameter_code=72019&statistic_id=00003&limit=10000&f=json
USGS-414709091515801,,,,,41.7858410605239,-91.8662886789697,7.98,1992-09-29,Approved,,,,,,,72019,00003,https://api.waterdata.usgs.gov/ogcapi/v0/collections/latest-daily/items?parameter_code=72019&statistic_id=00003&limit=10000&f=json
USGS-414712071175001,,,,,41.78666666666666,-71.29722222222222,3.87,2022-06-19,Approved,,,,,,,72019,00003,https://api.waterdata.usgs.gov/ogcapi/v0/collections/latest-daily/items?parameter_code=72019&statistic_id=00003&limit=10000&f=json
USGS-414714071175901,,,,,41.78720061233215,-71.29919625855135,6.41,2026-08-27,Provisional,,,,,,,72019,00003,https://api.waterdata.usgs.gov/ogcapi/v0/collections/latest-daily/items?parameter_code=72019&statistic_id=00003&limit=10000&f=json
USGS-414737073563301,,,,,41.79413888888889,-73.94180555555556,68.86,2026-08-26,Provisional,,,,,,,72019,00003,https://api.waterdata.usgs.gov/ogcapi/v0/collections/latest-daily/items?parameter_code=72019&statistic_id=00003&limit=10000&f=json
USGS-414741072134501,,,,,41.79502222222222,-72.22863611111111,3.9,2026-08-27,Provisional,,,,,,,72019,00003,https://api.waterdata.usgs.gov/ogcapi/v0/collections/latest-daily/items?parameter_code=72019&statistic_id=00003&limit=10000&f=json
USGS-414818092055401,,,,,41.8197222222222,-92.0984444444444,2.55,2018-07-30,Approved,,,,,,,72019,00003,https://api.waterdata.usgs.gov/ogcapi/v0/collections/latest-daily/items?parameter_code=72019&statistic_id=00003&limit=10000&f=json
USGS-414831072173002,,,,,41.80853333333333,-72.29210555555555,19.06,2026-08-27,Provisional,,,,,,,72019,00003,https://api.waterdata.usgs.gov/ogcapi/v0/collections/latest-daily/items?parameter_code=72019&statistic_id=00003&limit=10000&f=json
USGS-414844121271901,,,,,41.8118077729262,-121.456519167268,104.43,2003-08-28,Approved,,,,,,,72019,00003,https://api.waterdata.usgs.gov/ogcapi/v0/collections/latest-daily/items?parameter_code=72019&statistic_id=00003&limit=10000&f=json
USGS-414948074035001,,,,,41.830111111111115,-74.064,18.13,2026-08-26,Provisional,,,,,,,72019,00003,https://api.waterdata.usgs.gov/ogcapi/v0/collections/latest-daily/items?parameter_code=72019&statistic_id=00003&limit=10000&f=json
USGS-415104121232901,,,,,41.85125,-121.39269444444444,50.6,2026-07-06,Provisional,,,,,,,72019,00003,https://api.waterdata.usgs.gov/ogcapi/v0/collections/latest-daily/items?parameter_code=72019&statistic_id=00003&limit=10000&f=json
USGS-415108099493401,,,,,41.8525017260638,-99.8273467646484,105.42,2002-03-12,Approved,,,,,,,72019,00003,https://api.waterdata.usgs.gov/ogcapi/v0/collections/latest-daily/items?parameter_code=72019&statistic_id=00003&limit=10000&f=json
USGS-415150078220401,,,,,41.8638888888889,-78.36775,104.01,2026-08-26,Provisional,,,,,,,72019,00003,https://api.waterdata.usgs.gov/ogcapi/v0/collections/latest-daily/items?parameter_code=72019&statistic_id=00003&limit=10000&f=json
USGS-415216091400201,,,,,41.8711174582888,-91.667398842076,792.96,1990-11-28,Approved,,,,,,,72019,00003,https://api.waterdata.usgs.gov/ogcapi/v0/collections/latest-daily/items?parameter_code=72019&statistic_id=00003&limit=10000&f=json
USGS-415216091400202,,,,,41.8711174582888,-91.667398842076,795.75,1990-11-28,Approved,,,,,,,72019,00003,https://api.waterdata.usgs.gov/ogcapi/v0/collections/latest-daily/items?parameter_code=72019&statistic_id=00003&limit=10000&f=json
USGS-415216091400203,,,,,41.8711174582888,-91.667398842076,829.83,1990-10-23,Approved,,,,,,,72019,00003,https://api.waterdata.usgs.gov/ogcapi/v0/collections/latest-daily/items?parameter_code=72019&statistic_id=00003&limit=10000&f=json
USGS-415216091400204,,,,,41.8711174582888,-91.667398842076,826.76,1991-06-04,Approved,,,,,,,72019,00003,https://api.waterdata.usgs.gov/ogcapi/v0/collections/latest-daily/items?parameter_code=72019&statistic_id=00003&limit=10000&f=json
USGS-415216091400205,,,,,41.8711174582888,-91.667398842076,826.81,1991-06-04,Approved,,,,,,,72019,00003,https://api.waterdata.usgs.gov/ogcapi/v0/collections/latest-daily/items?parameter_code=72019&statistic_id=00003&limit=10000&f=json
USGS-415216091400206,,,,,41.8711174582888,-91.667398842076,825.22,1991-06-04,Approved,,,,,,,72019,00003,https://api.waterdata.usgs.gov/ogcapi/v0/collections/latest-daily/items?parameter_code=72019&statistic_id=00003&limit=10000&f=json
USGS-415217070393102,,,,,41.871492779986,-70.6580897474707,32.09,2026-08-27,Provisional,,,,,,,72019,00003,https://api.waterdata.usgs.gov/ogcapi/v0/collections/latest-daily/items?parameter_code=72019&statistic_id=00003&limit=10000&f=json
USGS-415219091400203,,,,,41.8719507477871,-91.6673988658737,818.67,1991-02-03,Approved,,,,,,,72019,00003,https://api.waterdata.usgs.gov/ogcapi/v0/collections/latest-daily/items?parameter_code=72019&statistic_id=00003&limit=10000&f=json
USGS-415219091400204,,,,,41.8719507477871,-91.6673988658737,834.85,1991-05-29,Approved,,,,,,,72019,00003,https://api.waterdata.usgs.gov/ogcapi/v0/collections/latest-daily/items?parameter_code=72019&statistic_id=00003&limit=10000&f=json
USGS-415219091400205,,,,,41.8719507477871,-91.6673988658737,835.73,1991-05-20,Approved,,,,,,,72019,00003,https://api.waterdata.usgs.gov/ogcapi/v0/collections/latest-daily/items?parameter_code=72019&statistic_id=00003&limit=10000&f=json
USGS-415219091400206,,,,,41.8719507477871,-91.6673988658737,837.77,1991-05-08,Approved,,,,,,,72019,00003,https://api.waterdata.usgs.gov/ogcapi/v0/collections/latest-daily/items?parameter_code=72019&statistic_id=00003&limit=10000&f=json
USGS-415219091400207,,,,,41.8719507477871,-91.6673988658737,838.38,1991-05-13,Approved,,,,,,,72019,00003,https://api.waterdata.usgs.gov/ogcapi/v0/collections/latest-daily/items?parameter_code=72019&statistic_id=00003&limit=10000&f=json
USGS-415219091400208,,,,,41.8719507477871,-91.6673988658737,838.38,1991-05-13,Approved,,,,,,,72019,00003,https://api.waterdata.usgs.gov/ogcapi/v0/collections/latest-daily/items?parameter_code=72019&statistic_id=00003&limit=10000&f=json
USGS-415228070554601,,,,,41.8745464369181,-70.9289296513782,17.89,2026-08-27,Provisional,,,,,,,72019,00003,https://api.waterdata.usgs.gov/ogcapi/v0/collections/latest-daily/items?parameter_code=72019&statistic_id=00003&limit=10000&f=json
USGS-415229070554301,,,,,41.8747222222222,-70.9286111111111,13.63,2026-08-27,Provisional,,,,,,,72019,00003,https://api.waterdata.usgs.gov/ogcapi/v0/collections/latest-daily/items?parameter_code=72019&statistic_id=00003&limit=10000&f=json
USGS-415307080414500,,,,,41.8853316012997,-80.6956375060729,8.72,1999-09-28,Approved,,,,,,,72019,00003,https://api.waterdata.usgs.gov/ogcapi/v0/collections/latest-daily/items?parameter_code=72019&statistic_id=00003&limit=10000&f=json
USGS-415320075450401,,,,,41.8888333333333,-75.75125,68,2026-08-26,Provisional,,,,,,,72019,00003,https://api.waterdata.usgs.gov/ogcapi/v0/collections/latest-daily/items?parameter_code=72019&statistic_id=00003&limit=10000&f=json
USGS-415323077451301,,,,,41.8900555555556,-75.7533055555556,38.32,2017-10-17,Approved,,,,,,,72019,00003,https://api.waterdata.usgs.gov/ogcapi/v0/collections/latest-daily/items?parameter_code=72019&statistic_id=00003&limit=10000&f=json
USGS-415353069585401,,,,,41.8981618748827,-69.981131109136,10.08,2018-07-30,Approved,,,,,,,72019,00003,https://api.waterdata.usgs.gov/ogcapi/v0/collections/latest-daily/items?parameter_code=72019&statistic_id=00003&limit=10000&f=json
USGS-415354069585201,,,,,41.8983333333333,-69.9811111111111,12.23,2026-08-27,Provisional,,,,,,,72019,00003,https://api.waterdata.usgs.gov/ogcapi/v0/collections/latest-daily/items?parameter_code=72019&statistic_id=00003&limit=10000&f=json
USGS-415433070583302,,,,,41.90926700000001,-70.975319,14.18,2026-08-27,Provisional,,,,,,,72019,00003,https://api.waterdata.usgs.gov/ogcapi/v0/collections/latest-daily/items?parameter_code=72019&statistic_id=00003&limit=10000&f=json
USGS-415439093094801,,,,,41.9107777777778,-93.16325,13.39,2026-08-27,Provisional,,,,,,,72019,00003,https://api.waterdata.usgs.gov/ogcapi/v0/collections/latest-daily/items?parameter_code=72019&statistic_id=00003&limit=10000&f=json
USGS-415449071155201,,,,,41.9136111111111,-71.2644444444445,4.62,2026-08-27,Provisional,,,,,,,72019,00003,https://api.waterdata.usgs.gov/ogcapi/v0/collections/latest-daily/items?parameter_code=72019&statistic_id=00003&limit=10000&f=json
USGS-415453070434901,,,,,41.914925,-70.7297666666667,25.33,2026-08-27,Provisional,,,,,,,72019,00003,https://api.waterdata.usgs.gov/ogcapi/v0/collections/latest-daily/items?parameter_code=72019&statistic_id=00003&limit=10000&f=json
USGS-415501096080501,,,,,41.9169324111507,-96.1350160555336,8.69,1996-09-29,Approved,,,,,,,72019,00003,https://api.waterdata.usgs.gov/ogcapi/v0/collections/latest-daily/items?parameter_code=72019&statistic_id=00003&limit=10000&f=json
USGS-415501096081201,,,,,41.91693372489183,-96.1369674373416,9.14,2014-12-04,Approved,,,,,,,72019,00003,https://api.waterdata.usgs.gov/ogcapi/v0/collections/latest-daily/items?parameter_code=72019&statistic_id=00003&limit=10000&f=json
USGS-415544070033301,,,,,41.929025,-70.0591694444444,4.9,2022-08-02,Approved,,,,,,,72019,00003,https://api.waterdata.usgs.gov/ogcapi/v0/collections/latest-daily/items?parameter_code=72019&statistic_id=00003&limit=10000&f=json
USGS-415546071474701,,,,,41.9295426260392,-71.7959035002532,10.05,2026-08-27,Provisional,,,,,,,72019,00003,https://api.waterdata.usgs.gov/ogcapi/v0/collections/latest-daily/items?parameter_code=72019&statistic_id=00003&limit=10000&f=json
USGS-415546121205401,,,,,41.9293055555556,-121.3495,5.82,2026-07-06,Provisional,,,,,,,72019,00003,https://api.waterdata.usgs.gov/ogcapi/v0/collections/latest-daily/items?parameter_code=72019&statistic_id=00003&limit=10000&f=json
USGS-415549070031401,,,,,41.93035,-70.0537555555556,1.87,2022-08-02,Approved,,,,,,,72019,00003,https://api.waterdata.usgs.gov/ogcapi/v0/collections/latest-daily/items?parameter_code=72019&statistic_id=00003&limit=10000&f=json
USGS-415550070032202,,,,,41.9307416666667,-70.0563194444444,12.12,2022-08-03,Approved,,,,,,,72019,00003,https://api.waterdata.usgs.gov/ogcapi/v0/collections/latest-daily/items?parameter_code=72019&statistic_id=00003&limit=10000&f=json
USGS-415552070031701,,,,,41.9311083333333,-70.0547305555556,2.18,2022-08-02,Approved,,,,,,,72019,00003,https://api.waterdata.usgs.gov/ogcapi/v0/collections/latest-daily/items?parameter_code=72019&statistic_id=00003&limit=10000&f=json
USGS-415552070031702,,,,,41.9311083333333,-70.0547305555556,2.14,2022-08-03,Approved,,,,,,,72019,00003,https://api.waterdata.usgs.gov/ogcapi/v0/collections/latest-daily/items?parameter_code=72019&statistic_id=00003&limit=10000&f=json
USGS-415556070030601,,,,,41.9321333333333,-70.0516111111111,43.31,2022-08-03,Approved,,,,,,,72019,00003,https://api.waterdata.usgs.gov/ogcapi/v0/collections/latest-daily/items?parameter_code=72019&statistic_id=00003&limit=10000&f=json
USGS-415556070033501,,,,,41.9321722222222,-70.059625,5.44,2022-08-02,Approved,,,,,,,72019,00003,https://api.waterdata.usgs.gov/ogcapi/v0/collections/latest-daily/items?parameter_code=72019&statistic_id=00003&limit=10000&f=json
USGS-415557070031701,,,,,41.9325083333333,-70.0546666666667,3.9,2022-08-03,Approved,,,,,,,72019,00003,https://api.waterdata.usgs.gov/ogcapi/v0/collections/latest-daily/items?parameter_code=72019&statistic_id=00003&limit=10000&f=json
USGS-415557070031702,,,,,41.9325083333333,-70.0546666666667,3.82,2022-08-03,Approved,,,,,,,72019,00003,https://api.waterdata.usgs.gov/ogcapi/v0/collections/latest-daily/items?parameter_code=72019&statistic_id=00003&limit=10000&f=json
USGS-415557070032301,,,,,41.9324138888889,-70.056375,3.17,2022-08-03,Approved,,,,,,,72019,00003,https://api.waterdata.usgs.gov/ogcapi/v0/collections/latest-daily/items?parameter_code=72019&statistic_id=00003&limit=10000&f=json
USGS-415557070032302,,,,,41.9324138888889,-70.056375,3.32,2022-08-03,Approved,,,,,,,72019,00003,https://api.waterdata.usgs.gov/ogcapi/v0/collections/latest-daily/items?parameter_code=72019&statistic_id=00003&limit=10000&f=json
USGS-415559070032601,,,,,41.9331444444444,-70.0573277777778,0.3,2022-08-03,Approved,,,,,,,72019,00003,https://api.waterdata.usgs.gov/ogcapi/v0/collections/latest-daily/items?parameter_code=72019&statistic_id=00003&limit=10000&f=json
USGS-415600070030701,,,,,41.9334194444444,-70.0520305555555,3.05,2022-08-02,Approved,,,,,,,72019,00003,https://api.waterdata.usgs.gov/ogcapi/v0/collections/latest-daily/items?parameter_code=72019&statistic_id=00003&limit=10000&f=json
USGS-415600070030702,,,,,41.9334194444444,-70.0520305555555,3.21,2022-08-03,Approved,,,,,,,72019,00003,https://api.waterdata.usgs.gov/ogcapi/v0/collections/latest-daily/items?parameter_code=72019&statistic_id=00003&limit=10000&f=json
USGS-415600070030703,,,,,41.9334194444444,-70.0520305555555,2.96,2022-08-02,Approved,,,,,,,72019,00003,https://api.waterdata.usgs.gov/ogcapi/v0/collections/latest-daily/items?parameter_code=72019&statistic_id=00003&limit=10000&f=json
USGS-415605070031301,,,,,41.9347166666667,-70.0536277777778,2.63,2022-08-03,Approved,,,,,,,72019,00003,https://api.waterdata.usgs.gov/ogcapi/v0/collections/latest-daily/items?parameter_code=72019&statistic_id=00003&limit=10000&f=json
USGS-415605070032001,,,,,41.9347277777778,-70.0555888888889,4.43,2022-08-02,Approved,,,,,,,72019,00003,https://api.waterdata.usgs.gov/ogcapi/v0/collections/latest-daily/items?parameter_code=72019&statistic_id=00003&limit=10000&f=json
USGS-415607080044601,,,,,41.9346666666667,-80.079,20.28,2026-08-26,Provisional,,,,,,,72019,00003,https://api.waterdata.usgs.gov/ogcapi/v0/collections/latest-daily/items?parameter_code=72019&statistic_id=00003&limit=10000&f=json
USGS-415710121373201,,,,,41.9526498001346,-121.625416933241,10.37,2005-01-04,Approved,,,,,,,72019,00003,https://api.waterdata.usgs.gov/ogcapi/v0/collections/latest-daily/items?parameter_code=72019&statistic_id=00003&limit=10000&f=json
USGS-415806092394502,,,,,41.9795,-92.66277777777778,-1.06,2024-05-29,Provisional,,,,,,,72019,00003,https://api.waterdata.usgs.gov/ogcapi/v0/collections/latest-daily/items?parameter_code=72019&statistic_id=00003&limit=10000&f=json
USGS-415808070024301,,,,,41.9689931668882,-70.0447450192164,18.89,2022-08-02,Approved,,,,,,,72019,00003,https://api.waterdata.usgs.gov/ogcapi/v0/collections/latest-daily/items?parameter_code=72019&statistic_id=00003&limit=10000&f=json
USGS-415825091405601,,,,,41.9735,-91.6821666666667,11.12,2026-03-02,Provisional,,,,,,,72019,00003,https://api.waterdata.usgs.gov/ogcapi/v0/collections/latest-daily/items?parameter_code=72019&statistic_id=00003&limit=10000&f=json
USGS-415827091392401,,,,,41.9740833333333,-91.6567222222222,16.02,2026-03-02,Provisional,,,,,,,72019,00003,https://api.waterdata.usgs.gov/ogcapi/v0/collections/latest-daily/items?parameter_code=72019&statistic_id=00003&limit=10000&f=json
USGS-415846096062901,,,,,41.9794322761445,-96.1083488485963,14.4,1996-09-29,Approved,,,,,,,72019,00003,https://api.waterdata.usgs.gov/ogcapi/v0/collections/latest-daily/items?parameter_code=72019&statistic_id=00003&limit=10000&f=json
USGS-415847096073701,,,,,41.9797100573989,-96.1272385059857,4.37,1996-09-29,Approved,,,,,,,72019,00003,https://api.waterdata.usgs.gov/ogcapi/v0/collections/latest-daily/items?parameter_code=72019&statistic_id=00003&limit=10000&f=json
USGS-415853096015001,,,,,41.9813767028868,-96.0308457097255,9.9,1996-09-29,Approved,,,,,,,72019,00003,https://api.waterdata.usgs.gov/ogcapi/v0/collections/latest-daily/items?parameter_code=72019&statistic_id=00003&limit=10000&f=json
USGS-415855096051901,,,,,41.981932268437,-96.088903630249,9.3,1996-09-29,Approved,,,,,,,72019,00003,https://api.waterdata.usgs.gov/ogcapi/v0/collections/latest-daily/items?parameter_code=72019&statistic_id=00003&limit=10000&f=json
USGS-415939091400201,,,,,41.9942555555556,-91.6673611111111,7.58,2019-05-21,Approved,,,,,,,72019,00003,https://api.waterdata.usgs.gov/ogcapi/v0/collections/latest-daily/items?parameter_code=72019&statistic_id=00003&limit=10000&f=json
USGS-415949091405401,,,,,41.9969440284273,-91.6818472138499,5.34,1999-02-27,Approved,,,,,,,72019,00003,https://api.waterdata.usgs.gov/ogcapi/v0/collections/latest-daily/items?parameter_code=72019&statistic_id=00003&limit=10000&f=json
USGS-415953091435001,,,,,41.9980545947759,-91.730737266276,8.6,1999-02-28,Approved,,,,,,,72019,00003,https://api.waterdata.usgs.gov/ogcapi/v0/collections/latest-daily/items?parameter_code=72019&statistic_id=00003&limit=10000&f=json
USGS-415953091435201,,,,,41.9980545892458,-91.7312928346884,34,2022-07-22,Approved,,,,,,,72019,00003,https://api.waterdata.usgs.gov/ogcapi/v0/collections/latest-daily/items?parameter_code=72019&statistic_id=00003&limit=10000&f=json
USGS-415953091435301,,,,,41.9980545864808,-91.7315706188946,3.74,1998-06-21,Approved,,,,,,,72019,00003,https://api.waterdata.usgs.gov/ogcapi/v0/collections/latest-daily/items?parameter_code=72019&statistic_id=00003&limit=10000&f=json
USGS-415953091435302,,,,,41.9980555555556,-91.7313888888889,5.42,2018-10-29,Approved,,,,,,,72019,00003,https://api.waterdata.usgs.gov/ogcapi/v0/collections/latest-daily/items?parameter_code=72019&statistic_id=00003&limit=10000&f=json
USGS-415954091435301,,,,,41.9983323500101,-91.731570627274,-2.13,1999-02-27,Approved,,,,,,,72019,00003,https://api.waterdata.usgs.gov/ogcapi/v0/collections/latest-daily/items?parameter_code=72019&statistic_id=00003&limit=10000&f=json
USGS-415954091435302,,,,,41.9983333333333,-91.7313888888889,7.47,2017-06-19,Approved,,,,,,,72019,00003,https://api.waterdata.usgs.gov/ogcapi/v0/collections/latest-daily/items?parameter_code=72019&statistic_id=00003&limit=10000&f=json
USGS-415954091440301,,,,,41.9983323223756,-91.7343484693555,1.03,2019-05-21,Approved,,,,,,,72019,00003,https://api.waterdata.usgs.gov/ogcapi/v0/collections/latest-daily/items?parameter_code=72019&statistic_id=00003&limit=10000&f=json
USGS-415954091440401,,,,,41.99852777777778,-91.73458333333333,6.09,2026-06-22,Provisional,,,,,,,72019,00003,https://api.waterdata.usgs.gov/ogcapi/v0/collections/latest-daily/items?parameter_code=72019&statistic_id=00003&limit=10000&f=json
USGS-415956073241501,,,,,41.99904166666667,-73.40386388888889,15.48,2024-09-30,Provisional,,,,,,,72019,00003,https://api.waterdata.usgs.gov/ogcapi/v0/collections/latest-daily/items?parameter_code=72019&statistic_id=00003&limit=10000&f=json
USGS-415959091441301,,,,,41.999611111111115,-91.73691666666667,7.67,2026-08-27,Provisional,,,,,,,72019,00003,https://api.waterdata.usgs.gov/ogcapi/v0/collections/latest-daily/items?parameter_code=72019&statistic_id=00003&limit=10000&f=json
USGS-420009091432101,,,,,42.0024989422143,-91.7226815046242,3.27,1999-02-27,Approved,,,,,,,72019,00003,https://api.waterdata.usgs.gov/ogcapi/v0/collections/latest-daily/items?parameter_code=72019&statistic_id=00003&limit=10000&f=json
USGS-420012091432601,,,,,42.0033322361583,-91.7240704001488,5.4,1999-02-27,Approved,,,,,,,72019,00003,https://api.waterdata.usgs.gov/ogcapi/v0/collections/latest-daily/items?parameter_code=72019&statistic_id=00003&limit=10000&f=json
USGS-420013091431001,,,,,42.0036100491609,-91.7196258426566,8.94,1999-02-27,Approved,,,,,,,72019,00003,https://api.waterdata.usgs.gov/ogcapi/v0/collections/latest-daily/items?parameter_code=72019&statistic_id=00003&limit=10000&f=json
USGS-420013091442801,,,,,42.00360983571,-91.7412930183973,6.25,2001-05-02,Approved,,,,,,,72019,00003,https://api.waterdata.usgs.gov/ogcapi/v0/collections/latest-daily/items?parameter_code=72019&statistic_id=00003&limit=10000&f=json
USGS-420014091431101,,,,,42.0038878156221,-91.719903618241,6.07,1999-02-27,Approved,,,,,,,72019,00003,https://api.waterdata.usgs.gov/ogcapi/v0/collections/latest-daily/items?parameter_code=72019&statistic_id=00003&limit=10000&f=json
USGS-420014091442701,,,,,42.0038888888889,-91.7408333333333,4.9,2026-06-22,Provisional,,,,,,,72019,00003,https://api.waterdata.usgs.gov/ogcapi/v0/collections/latest-daily/items?parameter_code=72019&statistic_id=00003&limit=10000&f=json
USGS-420015091431301,,,,,42.0041655793521,-91.7204591781558,4.92,1999-02-27,Approved,,,,,,,72019,00003,https://api.waterdata.usgs.gov/ogcapi/v0/collections/latest-daily/items?parameter_code=72019&statistic_id=00003&limit=10000&f=json
USGS-420019091442501,,,,,42.0052777777778,-91.7402777777778,7.41,2026-06-22,Provisional,,,,,,,72019,00003,https://api.waterdata.usgs.gov/ogcapi/v0/collections/latest-daily/items?parameter_code=72019&statistic_id=00003&limit=10000&f=json
USGS-420019091442502,,,,,42.0052777777778,-91.7402777777778,7.05,2026-06-22,Provisional,,,,,,,72019,00003,https://api.waterdata.usgs.gov/ogcapi/v0/collections/latest-daily/items?parameter_code=72019&statistic_id=00003&limit=10000&f=json
USGS-420026091423001,,,,,42.007222222222225,-91.7085,3.58,2019-05-21,Approved,,,,,,,72019,00003,https://api.waterdata.usgs.gov/ogcapi/v0/collections/latest-daily/items?parameter_code=72019&statistic_id=00003&limit=10000&f=json
USGS-420031091422601,,,,,42.00875,-91.70730555555556,3.95,2026-06-23,Provisional,,,,,,,72019,00003,https://api.waterdata.usgs.gov/ogcapi/v0/collections/latest-daily/items?parameter_code=72019&statistic_id=00003&limit=10000&f=json
USGS-420031091441801,,,,,42.0086111111111,-91.7383333333333,4.23,2026-06-22,Provisional,,,,,,,72019,00003,https://api.waterdata.usgs.gov/ogcapi/v0/collections/latest-daily/items?parameter_code=72019&statistic_id=00003&limit=10000&f=json
USGS-420031091443301,,,,,42.00877777777778,-91.74269444444444,2.08,2026-06-22,Provisional,,,,,,,72019,00003,https://api.waterdata.usgs.gov/ogcapi/v0/collections/latest-daily/items?parameter_code=72019&statistic_id=00003&limit=10000&f=json
USGS-420032091424701,,,,,42.0088877262457,-91.7132366350087,2.27,1999-02-27,Approved,,,,,,,72019,00003,https://api.waterdata.usgs.gov/ogcapi/v0/collections/latest-daily/items?parameter_code=72019&statistic_id=00003&limit=10000&f=json
USGS-420032091424901,,,,,42.0088877208236,-91.7137922038648,2.25,1999-02-27,Approved,,,,,,,72019,00003,https://api.waterdata.usgs.gov/ogcapi/v0/collections/latest-daily/items?parameter_code=72019&statistic_id=00003&limit=10000&f=json
USGS-420033091420301,,,,,42.0091656146372,-91.7010141110125,2.61,1999-02-28,Approved,,,,,,,72019,00003,https://api.waterdata.usgs.gov/ogcapi/v0/collections/latest-daily/items?parameter_code=72019&statistic_id=00003&limit=10000&f=json
USGS-420033091420302,,,,,42.00916398364065,-91.70098683367013,3.16,2019-05-21,Approved,,,,,,,72019,00003,https://api.waterdata.usgs.gov/ogcapi/v0/collections/latest-daily/items?parameter_code=72019&statistic_id=00003&limit=10000&f=json
USGS-420051070024805,,,,,42.014308,-70.045861,20.51,2026-08-27,Provisional,,,,,,,72019,00003,https://api.waterdata.usgs.gov/ogcapi/v0/collections/latest-daily/items?parameter_code=72019&statistic_id=00003&limit=10000&f=json
USGS-420117092505601,,,,,42.02125,-92.8489722222222,13.14,2017-10-01,Approved,,,,,,,72019,00003,https://api.waterdata.usgs.gov/ogcapi/v0/collections/latest-daily/items?parameter_code=72019&statistic_id=00003&limit=10000&f=json
USGS-420124096073601,,,,,42.023321424193,-96.1269610941848,8.38,1996-09-29,Approved,,,,,,,72019,00003,https://api.waterdata.usgs.gov/ogcapi/v0/collections/latest-daily/items?parameter_code=72019&statistic_id=00003&limit=10000&f=json
USGS-420134096111701,,,,,42.0260992369417,-96.1883526380556,7.88,1996-09-29,Approved,,,,,,,72019,00003,https://api.waterdata.usgs.gov/ogcapi/v0/collections/latest-daily/items?parameter_code=72019&statistic_id=00003&limit=10000&f=json
USGS-420135096130801,,,,,42.0263770182053,-96.2191872958128,13.81,1996-09-29,Approved,,,,,,,72019,00003,https://api.waterdata.usgs.gov/ogcapi/v0/collections/latest-daily/items?parameter_code=72019&statistic_id=00003&limit=10000&f=json
USGS-420136096121501,,,,,42.0266547995946,-96.2044644461289,9.81,1996-09-29,Approved,,,,,,,72019,00003,https://api.waterdata.usgs.gov/ogcapi/v0/collections/latest-daily/items?parameter_code=72019&statistic_id=00003&limit=10000&f=json
USGS-420137096043101,,,,,42.0269325810765,-96.0755700347968,6.64,1996-09-29,Approved,,,,,,,72019,00003,https://api.waterdata.usgs.gov/ogcapi/v0/collections/latest-daily/items?parameter_code=72019&statistic_id=00003&limit=10000&f=json
USGS-420143079171401,,,,,42.0287222222222,-79.2871666666667,44.09,2014-09-29,Approved,,,,,,,72019,00003,https://api.waterdata.usgs.gov/ogcapi/v0/collections/latest-daily/items?parameter_code=72019&statistic_id=00003&limit=10000&f=json
USGS-420149096011701,,,,,42.0302659557256,-96.0216788514508,17.71,1996-09-29,Approved,,,,,,,72019,00003,https://api.waterdata.usgs.gov/ogcapi/v0/collections/latest-daily/items?parameter_code=72019&statistic_id=00003&limit=10000&f=json
USGS-420206070045901,,,,,42.035228,-70.082572,10.97,2026-04-30,Approved,,,,,,,72019,00003,https://api.waterdata.usgs.gov/ogcapi/v0/collections/latest-daily/items?parameter_code=72019&statistic_id=00003&limit=10000&f=json
USGS-420212095235701,,,,,42.0366388888889,-95.3992222222222,25.33,2026-08-27,Provisional,,,,,,,72019,00003,https://api.waterdata.usgs.gov/ogcapi/v0/collections/latest-daily/items?parameter_code=72019&statistic_id=00003&limit=10000&f=json
USGS-420234071262401,,,,,42.0429083333333,-71.4400055555556,10.22,2026-08-27,Provisional,,,,,,,72019,00003,https://api.waterdata.usgs.gov/ogcapi/v0/collections/latest-daily/items?parameter_code=72019&statistic_id=00003&limit=10000&f=json
USGS-420246121541401,,,,,42.045877777777775,-121.90507777777778,166.56,2005-01-06,Approved,,,,,,,72019,00003,https://api.waterdata.usgs.gov/ogcapi/v0/collections/latest-daily/items?parameter_code=72019&statistic_id=00003&limit=10000&f=json
USGS-420259072581701,,,,,42.0498158830109,-72.9709367157541,6.41,2018-09-03,Approved,,,,,,,72019,00003,https://api.waterdata.usgs.gov/ogcapi/v0/collections/latest-daily/items?parameter_code=72019&statistic_id=00003&limit=10000&f=json
USGS-420305072581401,,,,,42.0514027777778,-72.9706777777778,7.29,2026-08-27,Provisional,,,,,,,72019,00003,https://api.waterdata.usgs.gov/ogcapi/v0/collections/latest-daily/items?parameter_code=72019&statistic_id=00003&limit=10000&f=json
USGS-420312121263001,,,,,42.0530672587618,-121.442798137611,163.93,2008-11-25,Approved,,,,,,,72019,00003,https://api.waterdata.usgs.gov/ogcapi/v0/collections/latest-daily/items?parameter_code=72019&statistic_id=00003&limit=10000&f=json
USGS-420315096070801,,,,,42.054155147351,-96.1191832534566,5.35,1996-09-29,Approved,,,,,,,72019,00003,https://api.waterdata.usgs.gov/ogcapi/v0/collections/latest-daily/items?parameter_code=72019&statistic_id=00003&limit=10000&f=json
USGS-420316070433501,,,,,42.0544444444444,-70.7263888888889,10.77,2026-08-26,Provisional,,,,,,,72019,00003,https://api.waterdata.usgs.gov/ogcapi/v0/collections/latest-daily/items?parameter_code=72019&statistic_id=00003&limit=10000&f=json
USGS-420317070432901,,,,,42.054825,-70.724206,21.47,2026-08-27,Provisional,,,,,,,72019,00003,https://api.waterdata.usgs.gov/ogcapi/v0/collections/latest-daily/items?parameter_code=72019&statistic_id=00003&limit=10000&f=json
USGS-420318096092201,,,,,42.0549884939838,-96.156407121221,5.52,1996-09-29,Approved,,,,,,,72019,00003,https://api.waterdata.usgs.gov/ogcapi/v0/collections/latest-daily/items?parameter_code=72019&statistic_id=00003&limit=10000&f=json
USGS-420318121312201,,,,,42.0548333333333,-121.523861111111,0,2026-07-07,Provisional,EQUIP,,,,,,72019,00003,https://api.waterdata.usgs.gov/ogcapi/v0/collections/latest-daily/items?parameter_code=72019&statistic_id=00003&limit=10000&f=json
USGS-420321070433502,,,,,42.055935819009,-70.7258719770029,6.96,2018-12-19,Approved,,,,,,,72019,00003,https://api.waterdata.usgs.gov/ogcapi/v0/collections/latest-daily/items?parameter_code=72019&statistic_id=00003&limit=10000&f=json
USGS-420321096114001,,,,,42.0558218408683,-96.1947421515586,10.23,1996-09-29,Approved,,,,,,,72019,00003,https://api.waterdata.usgs.gov/ogcapi/v0/collections/latest-daily/items?parameter_code=72019&statistic_id=00003&limit=10000&f=json
USGS-420326079295801,,,,,42.0574444444444,-79.4991944444444,2.04,2026-08-26,Provisional,,,,,,,72019,00003,https://api.waterdata.usgs.gov/ogcapi/v0/collections/latest-daily/items?parameter_code=72019&statistic_id=00003&limit=10000&f=json
USGS-420334096025701,,,,,42.0594329858283,-96.0494579960635,9.42,1996-09-29,Approved,,,,,,,72019,00003,https://api.waterdata.usgs.gov/ogcapi/v0/collections/latest-daily/items?parameter_code=72019&statistic_id=00003&limit=10000&f=json
USGS-420337096042301,,,,,42.0602663316529,-96.0733479464171,8.67,1996-09-29,Approved,,,,,,,72019,00003,https://api.waterdata.usgs.gov/ogcapi/v0/collections/latest-daily/items?parameter_code=72019&statistic_id=00003&limit=10000&f=json
USGS-420348121453601,,,,,42.0630833333333,-121.761138888889,49.6,2026-07-06,Provisional,,,,,,,72019,00003,https://api.waterdata.usgs.gov/ogcapi/v0/collections/latest-daily/items?parameter_code=72019&statistic_id=00003&limit=10000&f=json
USGS-420350073193601,,,,,42.0638888888889,-73.3266666666667,15.42,2026-08-26,Provisional,,,,,,,72019,00003,https://api.waterdata.usgs.gov/ogcapi/v0/collections/latest-daily/items?parameter_code=72019&statistic_id=00003&limit=10000&f=json
USGS-420351073193602,,,,,42.0640444444444,-73.3265444444444,13.79,2020-06-02,Approved,,,,,,,72019,00003,https://api.waterdata.usgs.gov/ogcapi/v0/collections/latest-daily/items?parameter_code=72019&statistic_id=00003&limit=10000&f=json
USGS-420355070520201,,,,,42.0652777777778,-70.8672222222222,5.51,2026-08-27,Provisional,,,,,,,72019,00003,https://api.waterdata.usgs.gov/ogcapi/v0/collections/latest-daily/items?parameter_code=72019&statistic_id=00003&limit=10000&f=json
USGS-420530078445201,,,,,42.0918333333333,-78.7475277777778,9.92,2026-08-26,Provisional,,,,,,,72019,00003,https://api.waterdata.usgs.gov/ogcapi/v0/collections/latest-daily/items?parameter_code=72019&statistic_id=00003&limit=10000&f=json
USGS-420544071173701,,,,,42.0955555555556,-71.2936111111111,7.72,2026-08-27,Provisional,,,,,,,72019,00003,https://api.waterdata.usgs.gov/ogcapi/v0/collections/latest-daily/items?parameter_code=72019&statistic_id=00003&limit=10000&f=json
USGS-420545071174001,,,,,42.0959318594548,-71.2939439180168,6.9,2018-09-09,Approved,,,,,,,72019,00003,https://api.waterdata.usgs.gov/ogcapi/v0/collections/latest-daily/items?parameter_code=72019&statistic_id=00003&limit=10000&f=json
USGS-420610071421402,,,,,42.102755269295756,-71.70337348140352,2.95,2024-02-14,Provisional,,,,,,,72019,00003,https://api.waterdata.usgs.gov/ogcapi/v0/collections/latest-daily/items?parameter_code=72019&statistic_id=00003&limit=10000&f=json
USGS-420619076515201,,,,,42.105361111111115,-76.86647222222221,31.83,2026-08-26,Provisional,,,,,,,72019,00003,https://api.waterdata.usgs.gov/ogcapi/v0/collections/latest-daily/items?parameter_code=72019&statistic_id=00003&limit=10000&f=json
USGS-420710077052101,,,,,42.1195555555556,-77.0890555555555,86.45,2026-08-26,Provisional,,,,,,,72019,00003,https://api.waterdata.usgs.gov/ogcapi/v0/collections/latest-daily/items?parameter_code=72019&statistic_id=00003&limit=10000&f=json
USGS-420815076155501,,,,,42.1375555555556,-76.2652222222222,46.66,2026-08-26,Provisional,,,,,,,72019,00003,https://api.waterdata.usgs.gov/ogcapi/v0/collections/latest-daily/items?parameter_code=72019&statistic_id=00003&limit=10000&f=json
USGS-420824090202812,,,,,42.1400277777778,-90.3411666666667,3.25,2018-10-22,Approved,,,,,,,72019,00003,https://api.waterdata.usgs.gov/ogcapi/v0/collections/latest-daily/items?parameter_code=72019&statistic_id=00003&limit=10000&f=json
USGS-420825123040401,,,,,42.14015,-123.06836388888888,35.53,2025-01-10,Provisional,,,,,,,72019,00003,https://api.waterdata.usgs.gov/ogcapi/v0/collections/latest-daily/items?parameter_code=72019&statistic_id=00003&limit=10000&f=json
USGS-420828076484601,,,,,42.1411666666667,-76.8128333333333,23.84,2026-08-26,Provisional,,,,,,,72019,00003,https://api.waterdata.usgs.gov/ogcapi/v0/collections/latest-daily/items?parameter_code=72019&statistic_id=00003&limit=10000&f=json
USGS-420829076484801,,,,,42.1414634234585,-76.8130116364496,25.22,2002-09-29,Approved,,,,,,,72019,00003,https://api.waterdata.usgs.gov/ogcapi/v0/collections/latest-daily/items?parameter_code=72019&statistic_id=00003&limit=10000&f=json
USGS-420836090201910,,,,,42.1434166666667,-90.3386388888889,0.88,2018-10-22,Approved,,,,,,,72019,00003,https://api.waterdata.usgs.gov/ogcapi/v0/collections/latest-daily/items?parameter_code=72019&statistic_id=00003&limit=10000&f=json
USGS-420842090203311,,,,,42.145,-90.34275,3.03,2018-10-22,Approved,,,,,,,72019,00003,https://api.waterdata.usgs.gov/ogcapi/v0/collections/latest-daily/items?parameter_code=72019&statistic_id=00003&limit=10000&f=json
USGS-420850090201608,,,,,42.1474166666667,-90.338,2.3,2018-10-22,Approved,,,,,,,72019,00003,https://api.waterdata.usgs.gov/ogcapi/v0/collections/latest-daily/items?parameter_code=72019&statistic_id=00003&limit=10000&f=json
USGS-420855090195709,,,,,42.1488611111111,-90.33275,1.56,2018-03-15,Approved,,,,,,,72019,00003,https://api.waterdata.usgs.gov/ogcapi/v0/collections/latest-daily/items?parameter_code=72019&statistic_id=00003&limit=10000&f=json
USGS-420902090202007,,,,,42.1506388888889,-90.3391388888889,3.29,2018-10-22,Approved,,,,,,,72019,00003,https://api.waterdata.usgs.gov/ogcapi/v0/collections/latest-daily/items?parameter_code=72019&statistic_id=00003&limit=10000&f=json
USGS-420903121153701,,,,,42.1506781596676,-121.261451669609,53.55,2007-07-17,Approved,,,,,,,72019,00003,https://api.waterdata.usgs.gov/ogcapi/v0/collections/latest-daily/items?parameter_code=72019&statistic_id=00003&limit=10000&f=json
USGS-420903121153702,,,,,42.1506781596676,-121.261451669609,35.21,2008-04-15,Approved,,,,,,,72019,00003,https://api.waterdata.usgs.gov/ogcapi/v0/collections/latest-daily/items?parameter_code=72019&statistic_id=00003&limit=10000&f=json
USGS-420912072042801,,,,,42.1533333333333,-73.0744444444444,9.78,2026-08-27,Provisional,,,,,,,72019,00003,https://api.waterdata.usgs.gov/ogcapi/v0/collections/latest-daily/items?parameter_code=72019&statistic_id=00003&limit=10000&f=json
USGS-420912090200406,,,,,42.1533611111111,-90.3345555555556,1.56,2018-10-22,Approved,,,,,,,72019,00003,https://api.waterdata.usgs.gov/ogcapi/v0/collections/latest-daily/items?parameter_code=72019&statistic_id=00003&limit=10000&f=json
USGS-420919090201705,,,,,42.1555,-90.3382777777778,1.87,2018-10-22,Approved,,,,,,,72019,00003,https://api.waterdata.usgs.gov/ogcapi/v0/collections/latest-daily/items?parameter_code=72019&statistic_id=00003&limit=10000&f=json
USGS-420924072422602,,,,,42.1567590339672,-72.7067589649388,3.11,2026-08-27,Provisional,,,,,,,72019,00003,https://api.waterdata.usgs.gov/ogcapi/v0/collections/latest-daily/items?parameter_code=72019&statistic_id=00003&limit=10000&f=json
USGS-420924090200904,,,,,42.1569166666667,-90.336,1.67,2018-10-22,Approved,,,,,,,72019,00003,https://api.waterdata.usgs.gov/ogcapi/v0/collections/latest-daily/items?parameter_code=72019&statistic_id=00003&limit=10000&f=json
USGS-420931090200102,,,,,42.1586111111111,-90.3336111111111,3.05,2018-10-22,Approved,,,,,,,72019,00003,https://api.waterdata.usgs.gov/ogcapi/v0/collections/latest-daily/items?parameter_code=72019&statistic_id=00003&limit=10000&f=json
USGS-420932090201003,,,,,42.1590555555556,-90.3363055555556,1.62,2018-10-22,Approved,,,,,,,72019,00003,https://api.waterdata.usgs.gov/ogcapi/v0/collections/latest-daily/items?parameter_code=72019&statistic_id=00003&limit=10000&f=json
USGS-420955070564901,,,,,42.1653722222222,-70.9469027777778,19.9,2026-08-27,Provisional,,,,,,,72019,00003,https://api.waterdata.usgs.gov/ogcapi/v0/collections/latest-daily/items?parameter_code=72019&statistic_id=00003&limit=10000&f=json
USGS-421012072324301,,,,,42.17,-72.5452777777778,24.24,2026-08-27,Provisional,,,,,,,72019,00003,https://api.waterdata.usgs.gov/ogcapi/v0/collections/latest-daily/items?parameter_code=72019&statistic_id=00003&limit=10000&f=json
USGS-421012072324501,,,,,42.1700931306279,-72.5453654597064,20.25,2019-04-28,Approved,,,,,,,72019,00003,https://api.waterdata.usgs.gov/ogcapi/v0/collections/latest-daily/items?parameter_code=72019&statistic_id=00003&limit=10000&f=json
USGS-421102121415601,,,,,42.183788888888884,-121.69911111111111,14.14,2005-01-04,Approved,,,,,,,72019,00003,https://api.waterdata.usgs.gov/ogcapi/v0/collections/latest-daily/items?parameter_code=72019&statistic_id=00003&limit=10000&f=json
USGS-421115091250501,,,,,42.1875833333333,-91.4181944444445,13.23,2018-08-26,Approved,,,,,,,72019,00003,https://api.waterdata.usgs.gov/ogcapi/v0/collections/latest-daily/items?parameter_code=72019&statistic_id=00003&limit=10000&f=json
USGS-421138075511301,,,,,42.1939444444444,-75.8533333333333,27.12,2026-08-26,Provisional,,,,,,,72019,00003,https://api.waterdata.usgs.gov/ogcapi/v0/collections/latest-daily/items?parameter_code=72019&statistic_id=00003&limit=10000&f=json
USGS-421157075535401,,,,,42.199639,-75.897583,68.15,2026-08-26,Provisional,,,,,,,72019,00003,https://api.waterdata.usgs.gov/ogcapi/v0/collections/latest-daily/items?parameter_code=72019&statistic_id=00003&limit=10000&f=json
USGS-421210121494701,,,,,42.2026528424239,-121.830691212214,48.95,2001-06-05,Approved,,,,,,,72019,00003,https://api.waterdata.usgs.gov/ogcapi/v0/collections/latest-daily/items?parameter_code=72019&statistic_id=00003&limit=10000&f=json
USGS-421213076313301,,,,,42.2035277777778,-76.5259444444444,20.67,2026-08-26,Provisional,,,,,,,72019,00003,https://api.waterdata.usgs.gov/ogcapi/v0/collections/latest-daily/items?parameter_code=72019&statistic_id=00003&limit=10000&f=json
USGS-421217079183601,,,,,42.20475,-79.3101944444444,1.65,2026-08-26,Provisional,,,,,,,72019,00003,https://api.waterdata.usgs.gov/ogcapi/v0/collections/latest-daily/items?parameter_code=72019&statistic_id=00003&limit=10000&f=json
USGS-421240072490201,,,,,42.2112666666667,-72.8169972222222,3.04,2026-08-27,Provisional,,,,,,,72019,00003,https://api.waterdata.usgs.gov/ogcapi/v0/collections/latest-daily/items?parameter_code=72019&statistic_id=00003&limit=10000&f=json
USGS-421315073212401,,,,,42.2208333333333,-73.3566666666667,13.67,2026-08-27,Provisional,,,,,,,72019,00003,https://api.waterdata.usgs.gov/ogcapi/v0/collections/latest-daily/items?parameter_code=72019&statistic_id=00003&limit=10000&f=json
USGS-421410072081101,,,,,42.2361111111111,-72.1363888888889,20.32,2026-08-26,Provisional,,,,,,,72019,00003,https://api.waterdata.usgs.gov/ogcapi/v0/collections/latest-daily/items?parameter_code=72019&statistic_id=00003&limit=10000&f=json
USGS-421410072081301,,,,,42.2362036398322,-72.1364664776207,19.15,2018-07-31,Approved,,,,,,,72019,00003,https://api.waterdata.usgs.gov/ogcapi/v0/collections/latest-daily/items?parameter_code=72019&statistic_id=00003&limit=10000&f=json
USGS-421438071165601,,,,,42.2437861111111,-71.2821916666667,33.94,2026-08-27,Provisional,,,,,,,72019,00003,https://api.waterdata.usgs.gov/ogcapi/v0/collections/latest-daily/items?parameter_code=72019&statistic_id=00003&limit=10000&f=json
USGS-421512077472801,,,,,42.253305555555556,-77.79083333333332,6,2026-08-26,Provisional,,,,,,,72019,00003,https://api.waterdata.usgs.gov/ogcapi/v0/collections/latest-daily/items?parameter_code=72019&statistic_id=00003&limit=10000&f=json
USGS-421541121474201,,,,,42.261383333333335,-121.79503888888888,209.45,2005-01-06,Approved,,,,,,,72019,00003,https://api.waterdata.usgs.gov/ogcapi/v0/collections/latest-daily/items?parameter_code=72019&statistic_id=00003&limit=10000&f=json
USGS-421544078021301,,,,,42.26219444444445,-78.03672222222222,-0.94,2026-08-26,Provisional,,,,,,,72019,00003,https://api.waterdata.usgs.gov/ogcapi/v0/collections/latest-daily/items?parameter_code=72019&statistic_id=00003&limit=10000&f=json
USGS-421550073025101,,,,,42.2641111111111,-73.0468472222222,3.55,2026-08-27,Provisional,,,,,,,72019,00003,https://api.waterdata.usgs.gov/ogcapi/v0/collections/latest-daily/items?parameter_code=72019&statistic_id=00003&limit=10000&f=json
USGS-421556075281602,,,,,42.2653611111111,-75.4708055555556,9.06,2026-08-26,Provisional,,,,,,,72019,00003,https://api.waterdata.usgs.gov/ogcapi/v0/collections/latest-daily/items?parameter_code=72019&statistic_id=00003&limit=10000&f=json
USGS-421746074180201,,,,,42.2961666666667,-74.3005833333333,8,2026-08-26,Provisional,,,,,,,72019,00003,https://api.waterdata.usgs.gov/ogcapi/v0/collections/latest-daily/items?parameter_code=72019&statistic_id=00003&limit=10000&f=json
USGS-421821074012701,,,,,42.30583333333333,-74.02411111111111,23.58,2026-08-26,Provisional,,,,,,,72019,00003,https://api.waterdata.usgs.gov/ogcapi/v0/collections/latest-daily/items?parameter_code=72019&statistic_id=00003&limit=10000&f=json
USGS-421851071312601,,,,,42.31426100000001,-71.523397,8.84,2026-08-27,Provisional,,,,,,,72019,00003,https://api.waterdata.usgs.gov/ogcapi/v0/collections/latest-daily/items?parameter_code=72019&statistic_id=00003&limit=10000&f=json
USGS-421852071220501,,,,,42.3145403462324,-71.3675594697461,16.43,2018-09-03,Approved,,,,,,,72019,00003,https://api.waterdata.usgs.gov/ogcapi/v0/collections/latest-daily/items?parameter_code=72019&statistic_id=00003&limit=10000&f=json
USGS-421853071220501,,,,,42.3147222222222,-71.3680555555555,16.99,2026-08-27,Provisional,,,,,,,72019,00003,https://api.waterdata.usgs.gov/ogcapi/v0/collections/latest-daily/items?parameter_code=72019&statistic_id=00003&limit=10000&f=json
USGS-421903074152301,,,,,42.3175,-74.25611111111111,20.75,2024-07-31,Approved,,,,,,,72019,00003,https://api.waterdata.usgs.gov/ogcapi/v0/collections/latest-daily/items?parameter_code=72019&statistic_id=00003&limit=10000&f=json
USGS-421923072451001,,,,,42.341199342806,-72.8062055214271,14.63,2026-08-27,Provisional,,,,,,,72019,00003,https://api.waterdata.usgs.gov/ogcapi/v0/collections/latest-daily/items?parameter_code=72019&statistic_id=00003&limit=10000&f=json
USGS-421948074483701,,,,,42.32991666666667,-74.81019444444445,6.33,2026-08-26,Provisional,,,,,,,72019,00003,https://api.waterdata.usgs.gov/ogcapi/v0/collections/latest-daily/items?parameter_code=72019&statistic_id=00003&limit=10000&f=json
USGS-421948074483702,,,,,42.3299444444445,-74.8101666666667,2.6,2026-08-26,Provisional,,,,,,,72019,00003,https://api.waterdata.usgs.gov/ogcapi/v0/collections/latest-daily/items?parameter_code=72019&statistic_id=00003&limit=10000&f=json
USGS-422058072085101,,,,,42.3494444444444,-72.1475,18.79,2026-08-27,Provisional,,,,,,,72019,00003,https://api.waterdata.usgs.gov/ogcapi/v0/collections/latest-daily/items?parameter_code=72019&statistic_id=00003&limit=10000&f=json
USGS-422103072241102,,,,,42.35081190396072,-72.40256103478139,19.26,2024-10-06,Approved,,,,,,,72019,00003,https://api.waterdata.usgs.gov/ogcapi/v0/collections/latest-daily/items?parameter_code=72019&statistic_id=00003&limit=10000&f=json
USGS-422103072241103,,,,,42.3509239873102,-72.402584702509,4.96,2026-08-27,Provisional,,,,,,,72019,00003,https://api.waterdata.usgs.gov/ogcapi/v0/collections/latest-daily/items?parameter_code=72019&statistic_id=00003&limit=10000&f=json
USGS-422104073152801,,,,,42.3513222222222,-73.2579861111111,7.22,2026-08-27,Provisional,,,,,,,72019,00003,https://api.waterdata.usgs.gov/ogcapi/v0/collections/latest-daily/items?parameter_code=72019&statistic_id=00003&limit=10000&f=json
USGS-422241073274601,,,,,42.377916666666664,-73.46294444444445,10.47,2026-08-26,Provisional,,,,,,,72019,00003,https://api.waterdata.usgs.gov/ogcapi/v0/collections/latest-daily/items?parameter_code=72019&statistic_id=00003&limit=10000&f=json
USGS-422248071362401,,,,,42.3798888888889,-71.6067777777778,21.55,2026-08-27,Provisional,,,,,,,72019,00003,https://api.waterdata.usgs.gov/ogcapi/v0/collections/latest-daily/items?parameter_code=72019&statistic_id=00003&limit=10000&f=json
USGS-422323076190301,,,,,42.3896666666667,-76.3175,16.94,2026-08-26,Provisional,,,,,,,72019,00003,https://api.waterdata.usgs.gov/ogcapi/v0/collections/latest-daily/items?parameter_code=72019&statistic_id=00003&limit=10000&f=json
USGS-422341071464901,,,,,42.3947833333333,-71.7798527777778,8.7,2026-08-27,Provisional,,,,,,,72019,00003,https://api.waterdata.usgs.gov/ogcapi/v0/collections/latest-daily/items?parameter_code=72019&statistic_id=00003&limit=10000&f=json
USGS-422445077203301,,,,,42.4124722222222,-77.3422777777778,10.21,2026-08-26,Provisional,,,,,,,72019,00003,https://api.waterdata.usgs.gov/ogcapi/v0/collections/latest-daily/items?parameter_code=72019&statistic_id=00003&limit=10000&f=json
USGS-422518092144701,,,,,42.4216111111111,-92.2466111111111,8.61,2015-03-28,Approved,,,,,,,72019,00003,https://api.waterdata.usgs.gov/ogcapi/v0/collections/latest-daily/items?parameter_code=72019&statistic_id=00003&limit=10000&f=json
USGS-422520071483001,,,,,42.4223137346878,-71.8078499238478,14.61,2026-08-27,Provisional,,,,,,,72019,00003,https://api.waterdata.usgs.gov/ogcapi/v0/collections/latest-daily/items?parameter_code=72019&statistic_id=00003&limit=10000&f=json
USGS-422559072332402,,,,,42.4331441949625,-72.5561992096261,5.16,2026-08-27,Provisional,,,,,,,72019,00003,https://api.waterdata.usgs.gov/ogcapi/v0/collections/latest-daily/items?parameter_code=72019&statistic_id=00003&limit=10000&f=json
USGS-422610093474202,,,,,42.4361111111111,-93.795,52.04,2004-06-15,Approved,,,,,,,72019,00003,https://api.waterdata.usgs.gov/ogcapi/v0/collections/latest-daily/items?parameter_code=72019&statistic_id=00003&limit=10000&f=json
USGS-422610093474203,,,,,42.4361111111111,-93.795,63.34,2004-06-15,Approved,,,,,,,72019,00003,https://api.waterdata.usgs.gov/ogcapi/v0/collections/latest-daily/items?parameter_code=72019&statistic_id=00003&limit=10000&f=json
USGS-422622073410901,,,,,42.4395833333333,-73.6858055555556,10.45,2026-08-26,Provisional,,,,,,,72019,00003,https://api.waterdata.usgs.gov/ogcapi/v0/collections/latest-daily/items?parameter_code=72019&statistic_id=00003&limit=10000&f=json
USGS-422627071154002,,,,,42.4409284666151,-71.2606122995367,2.52,2026-08-27,Provisional,,,,,,,72019,00003,https://api.waterdata.usgs.gov/ogcapi/v0/collections/latest-daily/items?parameter_code=72019&statistic_id=00003&limit=10000&f=json
USGS-422650071213801,,,,,42.4472222222222,-71.3605555555555,12.28,2026-08-27,Provisional,,,,,,,72019,00003,https://api.waterdata.usgs.gov/ogcapi/v0/collections/latest-daily/items?parameter_code=72019&statistic_id=00003&limit=10000&f=json
USGS-422700072404801,,,,,42.45005,-72.6803777777778,13.03,2026-08-27,Provisional,,,,,,,72019,00003,https://api.waterdata.usgs.gov/ogcapi/v0/collections/latest-daily/items?parameter_code=72019&statistic_id=00003&limit=10000&f=json
USGS-422702079005101,,,,,42.45044444444445,-79.01427777777778,31.68,2026-08-26,Provisional,,,,,,,72019,00003,https://api.waterdata.usgs.gov/ogcapi/v0/collections/latest-daily/items?parameter_code=72019&statistic_id=00003&limit=10000&f=json
USGS-422710076462901,,,,,42.45288888888889,-76.77480555555556,9,2026-08-26,Provisional,,,,,,,72019,00003,https://api.waterdata.usgs.gov/ogcapi/v0/collections/latest-daily/items?parameter_code=72019&statistic_id=00003&limit=10000&f=json
USGS-422733072532601,,,,,42.4594611111111,-72.8902805555556,5.99,2026-08-27,Provisional,,,,,,,72019,00003,https://api.waterdata.usgs.gov/ogcapi/v0/collections/latest-daily/items?parameter_code=72019&statistic_id=00003&limit=10000&f=json
USGS-422745073112001,,,,,42.4625847818285,-73.1884366329933,17.14,2026-08-27,Provisional,,,,,,,72019,00003,https://api.waterdata.usgs.gov/ogcapi/v0/collections/latest-daily/items?parameter_code=72019&statistic_id=00003&limit=10000&f=json
USGS-422805071480801,,,,,42.468056,-71.802222,6.25,2026-08-27,Provisional,,,,,,,72019,00003,https://api.waterdata.usgs.gov/ogcapi/v0/collections/latest-daily/items?parameter_code=72019&statistic_id=00003&limit=10000&f=json
USGS-422806071160301,,,,,42.468297222222226,-71.26763333333334,10.98,2024-09-28,Provisional,,,,,,,72019,00003,https://api.waterdata.usgs.gov/ogcapi/v0/collections/latest-daily/items?parameter_code=72019&statistic_id=00003&limit=10000&f=json
USGS-422806071160302,,,,,42.46828888888889,-71.26763611111112,0,2025-04-10,Provisional,DISCONTINUED,,,,,,72019,00003,https://api.waterdata.usgs.gov/ogcapi/v0/collections/latest-daily/items?parameter_code=72019&statistic_id=00003&limit=10000&f=json
USGS-422808071160201,,,,,42.46899722222222,-71.26730277777777,12.16,2024-09-28,Provisional,,,,,,,72019,00003,https://api.waterdata.usgs.gov/ogcapi/v0/collections/latest-daily/items?parameter_code=72019&statistic_id=00003&limit=10000&f=json
USGS-422812071244401,,,,,42.4701138888889,-71.4118805555556,20.39,2026-08-27,Provisional,,,,,,,72019,00003,https://api.waterdata.usgs.gov/ogcapi/v0/collections/latest-daily/items?parameter_code=72019&statistic_id=00003&limit=10000&f=json
USGS-422845071163102,,,,,42.47911944444444,-71.27515,0,2024-11-13,Provisional,DISCONTINUED,,,,,,72019,00003,https://api.waterdata.usgs.gov/ogcapi/v0/collections/latest-daily/items?parameter_code=72019&statistic_id=00003&limit=10000&f=json
USGS-422845071163103,,,,,42.47908888888889,-71.27515,0,2024-11-13,Provisional,DISCONTINUED,,,,,,72019,00003,https://api.waterdata.usgs.gov/ogcapi/v0/collections/latest-daily/items?parameter_code=72019&statistic_id=00003&limit=10000&f=json
USGS-422902076475801,,,,,42.483833,-76.799333,35.74,2026-08-26,Provisional,,,,,,,72019,00003,https://api.waterdata.usgs.gov/ogcapi/v0/collections/latest-daily/items?parameter_code=72019&statistic_id=00003&limit=10000&f=json
USGS-422906072124301,,,,,42.485075,-72.2114361111111,14.76,2026-08-27,Provisional,,,,,,,72019,00003,https://api.waterdata.usgs.gov/ogcapi/v0/collections/latest-daily/items?parameter_code=72019&statistic_id=00003&limit=10000&f=json
USGS-422920076275301,,,,,42.48891666666667,-76.46461111111111,5.58,2026-08-26,Provisional,,,,,,,72019,00003,https://api.waterdata.usgs.gov/ogcapi/v0/collections/latest-daily/items?parameter_code=72019&statistic_id=00003&limit=10000&f=json
USGS-423003121152601,,,,,42.50095,-121.25732222222223,20.78,2003-03-04,Approved,,,,,,,72019,00003,https://api.waterdata.usgs.gov/ogcapi/v0/collections/latest-daily/items?parameter_code=72019&statistic_id=00003&limit=10000&f=json
USGS-423035121331401,,,,,42.5095833333333,-121.554944444444,26.1,2026-07-07,Provisional,,,,,,,72019,00003,https://api.waterdata.usgs.gov/ogcapi/v0/collections/latest-daily/items?parameter_code=72019&statistic_id=00003&limit=10000&f=json
USGS-423058071025401,,,,,42.5161111111111,-71.0483333333333,8.21,2026-08-27,Provisional,,,,,,,72019,00003,https://api.waterdata.usgs.gov/ogcapi/v0/collections/latest-daily/items?parameter_code=72019&statistic_id=00003&limit=10000&f=json
USGS-423114090161101,,,,,42.5200361111111,-90.2698305555556,16.47,2026-06-15,Provisional,,,,,,,72019,00003,https://api.waterdata.usgs.gov/ogcapi/v0/collections/latest-daily/items?parameter_code=72019&statistic_id=00003&limit=10000&f=json
USGS-423115071032001,,,,,42.5167416666667,-71.0484638888889,7.16,2018-07-23,Approved,,,,,,,72019,00003,https://api.waterdata.usgs.gov/ogcapi/v0/collections/latest-daily/items?parameter_code=72019&statistic_id=00003&limit=10000&f=json
USGS-423143076582601,,,,,42.5288055555556,-76.974,5.37,2026-08-26,Provisional,,,,,,,72019,00003,https://api.waterdata.usgs.gov/ogcapi/v0/collections/latest-daily/items?parameter_code=72019&statistic_id=00003&limit=10000&f=json
USGS-423214087503801,,,,,42.5371555555556,-87.8432166666667,10.84,2026-08-16,Provisional,,,,,,,72019,00003,https://api.waterdata.usgs.gov/ogcapi/v0/collections/latest-daily/items?parameter_code=72019&statistic_id=00003&limit=10000&f=json
USGS-423227122055801,,,,,42.540925870268,-122.09949298991,466.48,2005-04-06,Approved,,,,,,,72019,00003,https://api.waterdata.usgs.gov/ogcapi/v0/collections/latest-daily/items?parameter_code=72019&statistic_id=00003&limit=10000&f=json
USGS-423257071243702,,,,,42.549147,-71.410386,13.06,2026-08-27,Provisional,,,,,,,72019,00003,https://api.waterdata.usgs.gov/ogcapi/v0/collections/latest-daily/items?parameter_code=72019&statistic_id=00003&limit=10000&f=json
USGS-423305121454001,,,,,42.5513486879128,-121.761035928603,106.77,2004-10-27,Approved,,,,,,,72019,00003,https://api.waterdata.usgs.gov/ogcapi/v0/collections/latest-daily/items?parameter_code=72019&statistic_id=00003&limit=10000&f=json
USGS-423307099494501,,,,,42.5519436312019,-99.8295677691343,32.37,1994-11-01,Approved,,,,,,,72019,00003,https://api.waterdata.usgs.gov/ogcapi/v0/collections/latest-daily/items?parameter_code=72019&statistic_id=00003&limit=10000&f=json
USGS-423311072355801,,,,,42.553141862327,-72.5989780562903,4.23,2026-08-27,Provisional,,,,,,,72019,00003,https://api.waterdata.usgs.gov/ogcapi/v0/collections/latest-daily/items?parameter_code=72019&statistic_id=00003&limit=10000&f=json
USGS-423312088350401,,,,,42.55326944444444,-88.58454444444445,111,2026-07-07,Provisional,,,,,,,72019,00003,https://api.waterdata.usgs.gov/ogcapi/v0/collections/latest-daily/items?parameter_code=72019&statistic_id=00003&limit=10000&f=json
USGS-423322076143801,,,,,42.5561666666667,-76.2436388888889,82.44,2026-08-26,Provisional,,,,,,,72019,00003,https://api.waterdata.usgs.gov/ogcapi/v0/collections/latest-daily/items?parameter_code=72019&statistic_id=00003&limit=10000&f=json
USGS-423339072524101,,,,,42.560918358888,-72.8775956401741,3.94,2026-08-27,Provisional,,,,,,,72019,00003,https://api.waterdata.usgs.gov/ogcapi/v0/collections/latest-daily/items?parameter_code=72019&statistic_id=00003&limit=10000&f=json
USGS-423401071093801,,,,,42.566897,-71.159967,9.44,2026-08-27,Provisional,,,,,,,72019,00003,https://api.waterdata.usgs.gov/ogcapi/v0/collections/latest-daily/items?parameter_code=72019&statistic_id=00003&limit=10000&f=json
USGS-423410075402801,,,,,42.569388888888895,-75.67452777777778,32.67,2024-04-30,Approved,,,,,,,72019,00003,https://api.waterdata.usgs.gov/ogcapi/v0/collections/latest-daily/items?parameter_code=72019&statistic_id=00003&limit=10000&f=json
USGS-423423083324001,,,,,42.5725322947052,-83.5438282967595,5.22,2004-03-31,Approved,,,,,,,72019,00003,https://api.waterdata.usgs.gov/ogcapi/v0/collections/latest-daily/items?parameter_code=72019&statistic_id=00003&limit=10000&f=json
USGS-423441072170701,,,,,42.5781426459379,-72.284806277393,8.03,2026-08-27,Provisional,,,,,,,72019,00003,https://api.waterdata.usgs.gov/ogcapi/v0/collections/latest-daily/items?parameter_code=72019&statistic_id=00003&limit=10000&f=json
USGS-423503073075401,,,,,42.5843805555556,-73.1313333333333,6.23,2026-08-27,Provisional,,,,,,,72019,00003,https://api.waterdata.usgs.gov/ogcapi/v0/collections/latest-daily/items?parameter_code=72019&statistic_id=00003&limit=10000&f=json
USGS-423505070491702,,,,,42.5850277777778,-70.8206388888889,2.7,2018-07-23,Approved,,,,,,,72019,00003,https://api.waterdata.usgs.gov/ogcapi/v0/collections/latest-daily/items?parameter_code=72019&statistic_id=00003&limit=10000&f=json
USGS-423506070491401,,,,,42.585,-70.8205555555556,2.79,2026-08-27,Provisional,,,,,,,72019,00003,https://api.waterdata.usgs.gov/ogcapi/v0/collections/latest-daily/items?parameter_code=72019&statistic_id=00003&limit=10000&f=json
USGS-423530074191701,,,,,42.591833333333334,-74.32138888888889,9.39,2026-08-26,Provisional,,,,,,,72019,00003,https://api.waterdata.usgs.gov/ogcapi/v0/collections/latest-daily/items?parameter_code=72019&statistic_id=00003&limit=10000&f=json
USGS-423534073423401,,,,,42.59236111111111,-73.70869444444445,37.14,2026-08-26,Provisional,,,,,,,72019,00003,https://api.waterdata.usgs.gov/ogcapi/v0/collections/latest-daily/items?parameter_code=72019&statistic_id=00003&limit=10000&f=json
USGS-423641071102501,,,,,42.611483,-71.173111,16.27,2026-08-27,Provisional,,,,,,,72019,00003,https://api.waterdata.usgs.gov/ogcapi/v0/collections/latest-daily/items?parameter_code=72019&statistic_id=00003&limit=10000&f=json
USGS-423715072042801,,,,,42.6208333333333,-72.0744444444444,3.93,2026-08-27,Provisional,,,,,,,72019,00003,https://api.waterdata.usgs.gov/ogcapi/v0/collections/latest-daily/items?parameter_code=72019&statistic_id=00003&limit=10000&f=json
USGS-423743078070802,,,,,42.62905555555555,-78.11863888888888,13.48,2026-08-26,Provisional,,,,,,,72019,00003,https://api.waterdata.usgs.gov/ogcapi/v0/collections/latest-daily/items?parameter_code=72019&statistic_id=00003&limit=10000&f=json
USGS-423810072435401,,,,,42.6360555555556,-72.7315277777778,16.17,2026-08-27,Provisional,,,,,,,72019,00003,https://api.waterdata.usgs.gov/ogcapi/v0/collections/latest-daily/items?parameter_code=72019&statistic_id=00003&limit=10000&f=json
USGS-423827076035901,,,,,42.6407777777778,-76.0664166666667,7.83,2026-08-26,Provisional,,,,,,,72019,00003,https://api.waterdata.usgs.gov/ogcapi/v0/collections/latest-daily/items?parameter_code=72019&statistic_id=00003&limit=10000&f=json
USGS-424004088440601,,,,,42.66780555555555,-88.7346,76.84,2026-06-01,Provisional,,,,,,,72019,00003,https://api.waterdata.usgs.gov/ogcapi/v0/collections/latest-daily/items?parameter_code=72019&statistic_id=00003&limit=10000&f=json
USGS-424017074301501,,,,,42.6713611111111,-74.5041666666667,44.84,2016-10-02,Approved,,,,,,,72019,00003,https://api.waterdata.usgs.gov/ogcapi/v0/collections/latest-daily/items?parameter_code=72019&statistic_id=00003&limit=10000&f=json
USGS-424024076574801,,,,,42.6732222222222,-76.9633611111111,9.35,2026-08-26,Provisional,,,,,,,72019,00003,https://api.waterdata.usgs.gov/ogcapi/v0/collections/latest-daily/items?parameter_code=72019&statistic_id=00003&limit=10000&f=json
USGS-424055071435301,,,,,42.6820328911039,-71.730906011061,13,2018-08-05,Approved,,,,,,,72019,00003,https://api.waterdata.usgs.gov/ogcapi/v0/collections/latest-daily/items?parameter_code=72019&statistic_id=00003&limit=10000&f=json
USGS-424055071435302,,,,,42.6819444444444,-71.7313888888889,13.61,2026-08-27,Provisional,,,,,,,72019,00003,https://api.waterdata.usgs.gov/ogcapi/v0/collections/latest-daily/items?parameter_code=72019&statistic_id=00003&limit=10000&f=json
USGS-424057072010301,,,,,42.68265,-72.01765,26.12,2026-08-27,Provisional,,,,,,,72019,00003,https://api.waterdata.usgs.gov/ogcapi/v0/collections/latest-daily/items?parameter_code=72019&statistic_id=00003&limit=10000&f=json
USGS-424115073495301,,,,,42.6874722222222,-73.8313888888889,8.12,2026-08-26,Provisional,,,,,,,72019,00003,https://api.waterdata.usgs.gov/ogcapi/v0/collections/latest-daily/items?parameter_code=72019&statistic_id=00003&limit=10000&f=json
USGS-424119088081801,,,,,42.6886888888889,-88.138575,22.71,2026-06-01,Provisional,,,,,,,72019,00003,https://api.waterdata.usgs.gov/ogcapi/v0/collections/latest-daily/items?parameter_code=72019&statistic_id=00003&limit=10000&f=json
USGS-424136075025101,,,,,42.6923611111111,-75.0481111111111,7.32,2026-08-26,Provisional,,,,,,,72019,00003,https://api.waterdata.usgs.gov/ogcapi/v0/collections/latest-daily/items?parameter_code=72019&statistic_id=00003&limit=10000&f=json
USGS-424158076251901,,,,,42.699527777777774,-76.42161111111112,20.58,2026-08-26,Provisional,,,,,,,72019,00003,https://api.waterdata.usgs.gov/ogcapi/v0/collections/latest-daily/items?parameter_code=72019&statistic_id=00003&limit=10000&f=json
USGS-424204072015201,,,,,42.7010194444444,-72.0308361111111,7.45,2026-08-27,Provisional,,,,,,,72019,00003,https://api.waterdata.usgs.gov/ogcapi/v0/collections/latest-daily/items?parameter_code=72019&statistic_id=00003&limit=10000&f=json
USGS-424249072493101,,,,,42.7137805555556,-72.8252805555556,26.41,2026-08-27,Provisional,,,,,,,72019,00003,https://api.waterdata.usgs.gov/ogcapi/v0/collections/latest-daily/items?parameter_code=72019&statistic_id=00003&limit=10000&f=json
USGS-424250072493101,,,,,42.7138888888889,-72.8252777777778,20.42,2019-04-30,Approved,,,,,,,72019,00003,https://api.waterdata.usgs.gov/ogcapi/v0/collections/latest-daily/items?parameter_code=72019&statistic_id=00003&limit=10000&f=json
USGS-424304090230701,,,,,42.71766388888889,-90.38531944444445,64.2,2026-08-23,Provisional,,,,,,,72019,00003,https://api.waterdata.usgs.gov/ogcapi/v0/collections/latest-daily/items?parameter_code=72019&statistic_id=00003&limit=10000&f=json
USGS-424304090230702,,,,,42.71766388888889,-90.38531944444445,188.34,2026-08-23,Provisional,,,,,,,72019,00003,https://api.waterdata.usgs.gov/ogcapi/v0/collections/latest-daily/items?parameter_code=72019&statistic_id=00003&limit=10000&f=json
USGS-424311073423901,,,,,42.7198055555556,-73.7108888888889,6.87,2026-08-26,Provisional,,,,,,,72019,00003,https://api.waterdata.usgs.gov/ogcapi/v0/collections/latest-daily/items?parameter_code=72019&statistic_id=00003&limit=10000&f=json
USGS-424347076530201,,,,,42.7297222222222,-76.8838888888889,2.05,2014-09-29,Approved,,,,,,,72019,00003,https://api.waterdata.usgs.gov/ogcapi/v0/collections/latest-daily/items?parameter_code=72019&statistic_id=00003&limit=10000&f=json
USGS-424347076530202,,,,,42.72986111111111,-76.88394444444445,4.39,2026-08-26,Provisional,,,,,,,72019,00003,https://api.waterdata.usgs.gov/ogcapi/v0/collections/latest-daily/items?parameter_code=72019&statistic_id=00003&limit=10000&f=json
USGS-424406078075301,,,,,42.73511111111111,-78.13147222222221,2.64,2026-08-26,Provisional,,,,,,,72019,00003,https://api.waterdata.usgs.gov/ogcapi/v0/collections/latest-daily/items?parameter_code=72019&statistic_id=00003&limit=10000&f=json
USGS-424452076081902,,,,,42.7476944444444,-76.13825,5.46,2026-08-26,Provisional,,,,,,,72019,00003,https://api.waterdata.usgs.gov/ogcapi/v0/collections/latest-daily/items?parameter_code=72019&statistic_id=00003&limit=10000&f=json
USGS-424517122031501,,,,,42.75459444444444,-122.05538055555556,40.62,2023-10-05,Provisional,,,,,,,72019,00003,https://api.waterdata.usgs.gov/ogcapi/v0/collections/latest-daily/items?parameter_code=72019&statistic_id=00003&limit=10000&f=json
USGS-424520070562401,,,,,42.7553722222222,-70.9394888888889,9.76,2026-08-27,Provisional,,,,,,,72019,00003,https://api.waterdata.usgs.gov/ogcapi/v0/collections/latest-daily/items?parameter_code=72019&statistic_id=00003&limit=10000&f=json
USGS-424539094152401,,,,,42.7608333333333,-94.2566666666667,0.48,2004-05-23,Approved,,,,,,,72019,00003,https://api.waterdata.usgs.gov/ogcapi/v0/collections/latest-daily/items?parameter_code=72019&statistic_id=00003&limit=10000&f=json
USGS-424539094152402,,,,,42.7608333333333,-94.2566666666667,37.91,2004-06-15,Approved,,,,,,,72019,00003,https://api.waterdata.usgs.gov/ogcapi/v0/collections/latest-daily/items?parameter_code=72019&statistic_id=00003&limit=10000&f=json
USGS-424539094152403,,,,,42.7608333333333,-94.2566666666667,42.11,2004-05-17,Approved,,,,,,,72019,00003,https://api.waterdata.usgs.gov/ogcapi/v0/collections/latest-daily/items?parameter_code=72019&statistic_id=00003&limit=10000&f=json
USGS-424539094152405,,,,,42.7608333333333,-94.2566666666667,37.81,2004-05-25,Approved,,,,,,,72019,00003,https://api.waterdata.usgs.gov/ogcapi/v0/collections/latest-daily/items?parameter_code=72019&statistic_id=00003&limit=10000&f=json
USGS-424560074274101,,,,,42.76661111111111,-74.46311111111112,32.55,2026-08-26,Provisional,,,,,,,72019,00003,https://api.waterdata.usgs.gov/ogcapi/v0/collections/latest-daily/items?parameter_code=72019&statistic_id=00003&limit=10000&f=json
USGS-424806070572101,,,,,42.8017805555556,-70.9558194444444,27.95,2026-08-27,Provisional,,,,,,,72019,00003,https://api.waterdata.usgs.gov/ogcapi/v0/collections/latest-daily/items?parameter_code=72019&statistic_id=00003&limit=10000&f=json
USGS-424837099425201,,,,,42.810277771831,-99.7148383569753,80.72,1999-09-01,Approved,,,,,,,72019,00003,https://api.waterdata.usgs.gov/ogcapi/v0/collections/latest-daily/items?parameter_code=72019&statistic_id=00003&limit=10000&f=json
USGS-424841071004101,,,,,42.811606,-71.011622,13.73,2026-08-27,Provisional,,,,,,,72019,00003,https://api.waterdata.usgs.gov/ogcapi/v0/collections/latest-daily/items?parameter_code=72019&statistic_id=00003&limit=10000&f=json
USGS-424859073585501,,,,,42.81638888888889,-73.98211111111111,8.01,2026-08-26,Provisional,,,,,,,72019,00003,https://api.waterdata.usgs.gov/ogcapi/v0/collections/latest-daily/items?parameter_code=72019&statistic_id=00003&limit=10000&f=json
USGS-425006088271501,,,,,42.8350416666667,-88.4553944444445,24.39,2026-07-08,Provisional,,,,,,,72019,00003,https://api.waterdata.usgs.gov/ogcapi/v0/collections/latest-daily/items?parameter_code=72019&statistic_id=00003&limit=10000&f=json
USGS-425024071413001,,,,,42.840085961561,-71.6911838964757,5.85,2009-07-06,Approved,,,,,,,72019,00003,https://api.waterdata.usgs.gov/ogcapi/v0/collections/latest-daily/items?parameter_code=72019&statistic_id=00003&limit=10000&f=json
USGS-425033074532401,,,,,42.8424166666667,-74.8900555555556,115.52,2026-08-26,Provisional,,,,,,,72019,00003,https://api.waterdata.usgs.gov/ogcapi/v0/collections/latest-daily/items?parameter_code=72019&statistic_id=00003&limit=10000&f=json
USGS-425048073472501,,,,,42.8463888888889,-73.7908055555556,2.97,2026-08-26,Provisional,,,,,,,72019,00003,https://api.waterdata.usgs.gov/ogcapi/v0/collections/latest-daily/items?parameter_code=72019&statistic_id=00003&limit=10000&f=json
USGS-425102076081601,,,,,42.85056388888889,-76.13787222222223,1.41,2023-04-23,Approved,,,,,,,72019,00003,https://api.waterdata.usgs.gov/ogcapi/v0/collections/latest-daily/items?parameter_code=72019&statistic_id=00003&limit=10000&f=json
USGS-425111076084101,,,,,42.85316666666667,-76.14471111111112,2.72,2023-04-24,Approved,,,,,,,72019,00003,https://api.waterdata.usgs.gov/ogcapi/v0/collections/latest-daily/items?parameter_code=72019&statistic_id=00003&limit=10000&f=json
USGS-425119076080301,,,,,42.85528333333333,-76.13413333333334,2.57,2023-04-24,Approved,,,,,,,72019,00003,https://api.waterdata.usgs.gov/ogcapi/v0/collections/latest-daily/items?parameter_code=72019&statistic_id=00003&limit=10000&f=json
USGS-425121076081401,,,,,42.85574166666667,-76.13714444444444,4.48,2023-04-24,Approved,,,,,,,72019,00003,https://api.waterdata.usgs.gov/ogcapi/v0/collections/latest-daily/items?parameter_code=72019&statistic_id=00003&limit=10000&f=json
USGS-425131076084401,,,,,42.85855,-76.14555,22.64,2023-04-24,Approved,,,,,,,72019,00003,https://api.waterdata.usgs.gov/ogcapi/v0/collections/latest-daily/items?parameter_code=72019&statistic_id=00003&limit=10000&f=json
USGS-425132076081001,,,,,42.85881666666667,-76.13615,13.87,2023-04-24,Approved,,,,,,,72019,00003,https://api.waterdata.usgs.gov/ogcapi/v0/collections/latest-daily/items?parameter_code=72019&statistic_id=00003&limit=10000&f=json
USGS-425136076081801,,,,,42.860125000000004,-76.13842777777778,8.39,2023-04-24,Approved,,,,,,,72019,00003,https://api.waterdata.usgs.gov/ogcapi/v0/collections/latest-daily/items?parameter_code=72019&statistic_id=00003&limit=10000&f=json
USGS-425213076084101,,,,,42.87016944444444,-76.14473055555557,0.19,2023-04-24,Approved,,,,,,,72019,00003,https://api.waterdata.usgs.gov/ogcapi/v0/collections/latest-daily/items?parameter_code=72019&statistic_id=00003&limit=10000&f=json
USGS-425430078292701,,,,,42.9079722222222,-78.4900555555556,3.11,2026-08-26,Provisional,,,,,,,72019,00003,https://api.waterdata.usgs.gov/ogcapi/v0/collections/latest-daily/items?parameter_code=72019&statistic_id=00003&limit=10000&f=json
USGS-425432073233401,,,,,42.9088888888889,-73.3928888888889,15.36,2026-08-26,Provisional,,,,,,,72019,00003,https://api.waterdata.usgs.gov/ogcapi/v0/collections/latest-daily/items?parameter_code=72019&statistic_id=00003&limit=10000&f=json
USGS-425433091285001,,,,,42.9102777777778,-91.475,12.67,1992-07-06,Approved,,,,,,,72019,00003,https://api.waterdata.usgs.gov/ogcapi/v0/collections/latest-daily/items?parameter_code=72019&statistic_id=00003&limit=10000&f=json
USGS-425433091285002,,,,,42.9102777777778,-91.475,3.28,1992-04-19,Approved,,,,,,,72019,00003,https://api.waterdata.usgs.gov/ogcapi/v0/collections/latest-daily/items?parameter_code=72019&statistic_id=00003&limit=10000&f=json
USGS-425448076350002,,,,,42.9135833333333,-76.5835,13.7,2026-08-26,Provisional,,,,,,,72019,00003,https://api.waterdata.usgs.gov/ogcapi/v0/collections/latest-daily/items?parameter_code=72019&statistic_id=00003&limit=10000&f=json
USGS-425511074254001,,,,,42.91975,-74.4279166666667,34.53,2026-08-26,Provisional,,,,,,,72019,00003,https://api.waterdata.usgs.gov/ogcapi/v0/collections/latest-daily/items?parameter_code=72019&statistic_id=00003&limit=10000&f=json
USGS-425603095250401,,,,,42.9341666666667,-95.4177777777778,18.04,2014-10-05,Approved,,,,,,,72019,00003,https://api.waterdata.usgs.gov/ogcapi/v0/collections/latest-daily/items?parameter_code=72019&statistic_id=00003&limit=10000&f=json
USGS-425607088173001,,,,,42.9356805555555,-88.2913888888889,5.5,2026-08-27,Provisional,,,,,,,72019,00003,https://api.waterdata.usgs.gov/ogcapi/v0/collections/latest-daily/items?parameter_code=72019&statistic_id=00003&limit=10000&f=json
USGS-425609121490701,,,,,42.932766666666666,-121.81882499999999,18.67,2002-08-16,Approved,,,,,,,72019,00003,https://api.waterdata.usgs.gov/ogcapi/v0/collections/latest-daily/items?parameter_code=72019&statistic_id=00003&limit=10000&f=json
USGS-425624074210601,,,,,42.93991666666666,-74.35175,10.7,2026-08-26,Provisional,,,,,,,72019,00003,https://api.waterdata.usgs.gov/ogcapi/v0/collections/latest-daily/items?parameter_code=72019&statistic_id=00003&limit=10000&f=json
USGS-425646090102001,,,,,42.946075,-90.1721083333333,51.07,2026-08-23,Provisional,,,,,,,72019,00003,https://api.waterdata.usgs.gov/ogcapi/v0/collections/latest-daily/items?parameter_code=72019&statistic_id=00003&limit=10000&f=json
USGS-425704078360601,,,,,42.9528027777778,-78.6031666666667,11.09,2022-04-20,Approved,,,,,,,72019,00003,https://api.waterdata.usgs.gov/ogcapi/v0/collections/latest-daily/items?parameter_code=72019&statistic_id=00003&limit=10000&f=json
USGS-425708074241801,,,,,42.9521944444444,-74.4048611111111,92.37,2021-04-08,Approved,,,,,,,72019,00003,https://api.waterdata.usgs.gov/ogcapi/v0/collections/latest-daily/items?parameter_code=72019&statistic_id=00003&limit=10000&f=json
USGS-425736091260302,,,,,42.9599839198362,-91.43430644551,153.81,1991-09-29,Approved,,,,,,,72019,00003,https://api.waterdata.usgs.gov/ogcapi/v0/collections/latest-daily/items?parameter_code=72019&statistic_id=00003&limit=10000&f=json
USGS-425736091260303,,,,,42.9599839198362,-91.43430644551,184.49,1991-09-29,Approved,,,,,,,72019,00003,https://api.waterdata.usgs.gov/ogcapi/v0/collections/latest-daily/items?parameter_code=72019&statistic_id=00003&limit=10000&f=json
USGS-425747121282501,,,,,42.9630138207007,-121.473655422579,84.4,2003-06-02,Approved,,,,,,,72019,00003,https://api.waterdata.usgs.gov/ogcapi/v0/collections/latest-daily/items?parameter_code=72019&statistic_id=00003&limit=10000&f=json
USGS-425803077151201,,,,,42.967416666666665,-77.25288888888889,2.37,2026-08-26,Provisional,,,,,,,72019,00003,https://api.waterdata.usgs.gov/ogcapi/v0/collections/latest-daily/items?parameter_code=72019&statistic_id=00003&limit=10000&f=json
USGS-425821076461301,,,,,42.9725,-76.7703333333333,3.63,2026-08-26,Provisional,,,,,,,72019,00003,https://api.waterdata.usgs.gov/ogcapi/v0/collections/latest-daily/items?parameter_code=72019&statistic_id=00003&limit=10000&f=json
USGS-425833077503901,,,,,42.9758055555556,-77.8440833333333,10.4,2026-08-26,Provisional,,,,,,,72019,00003,https://api.waterdata.usgs.gov/ogcapi/v0/collections/latest-daily/items?parameter_code=72019&statistic_id=00003&limit=10000&f=json
USGS-425840077133901,,,,,42.97741666666667,-77.22855555555556,3.99,2026-08-26,Provisional,,,,,,,72019,00003,https://api.waterdata.usgs.gov/ogcapi/v0/collections/latest-daily/items?parameter_code=72019&statistic_id=00003&limit=10000&f=json
USGS-425844077532901,,,,,42.9788888888889,-77.8913888888889,48.77,2026-08-26,Provisional,,,,,,,72019,00003,https://api.waterdata.usgs.gov/ogcapi/v0/collections/latest-daily/items?parameter_code=72019&statistic_id=00003&limit=10000&f=json
USGS-425846075504501,,,,,42.9793888888889,-75.84575,139.23,2026-08-26,Provisional,,,,,,,72019,00003,https://api.waterdata.usgs.gov/ogcapi/v0/collections/latest-daily/items?parameter_code=72019&statistic_id=00003&limit=10000&f=json
USGS-425913078085501,,,,,42.987,-78.1481944444445,29.31,2026-08-26,Provisional,,,,,,,72019,00003,https://api.waterdata.usgs.gov/ogcapi/v0/collections/latest-daily/items?parameter_code=72019&statistic_id=00003&limit=10000&f=json
USGS-430006078464101,,,,,43.001666666666665,-78.77788888888888,19.43,2026-08-26,Provisional,,,,,,,72019,00003,https://api.waterdata.usgs.gov/ogcapi/v0/collections/latest-daily/items?parameter_code=72019&statistic_id=00003&limit=10000&f=json
USGS-430029121552101,,,,,43.008002777777776,-121.92373888888889,202.43,2026-07-08,Provisional,,,,,,,72019,00003,https://api.waterdata.usgs.gov/ogcapi/v0/collections/latest-daily/items?parameter_code=72019&statistic_id=00003&limit=10000&f=json
USGS-430040091325402,,,,,43.0110929975372,-91.5484791444117,4.77,1991-09-29,Approved,,,,,,,72019,00003,https://api.waterdata.usgs.gov/ogcapi/v0/collections/latest-daily/items?parameter_code=72019&statistic_id=00003&limit=10000&f=json
USGS-430055121401501,,,,,43.015186,-121.670797,22.65,2026-08-27,Provisional,,,,,,,72019,00003,https://api.waterdata.usgs.gov/ogcapi/v0/collections/latest-daily/items?parameter_code=72019&statistic_id=00003&limit=10000&f=json
USGS-430056075354102,,,,,43.0158611111111,-75.5943888888889,10.13,2026-08-26,Provisional,,,,,,,72019,00003,https://api.waterdata.usgs.gov/ogcapi/v0/collections/latest-daily/items?parameter_code=72019&statistic_id=00003&limit=10000&f=json
USGS-430120073232201,,,,,43.0222222222222,-73.3894722222222,13.64,2026-08-26,Provisional,,,,,,,72019,00003,https://api.waterdata.usgs.gov/ogcapi/v0/collections/latest-daily/items?parameter_code=72019&statistic_id=00003&limit=10000&f=json
USGS-430121074523001,,,,,43.0224444444444,-74.8750833333333,57.82,2026-08-26,Provisional,,,,,,,72019,00003,https://api.waterdata.usgs.gov/ogcapi/v0/collections/latest-daily/items?parameter_code=72019&statistic_id=00003&limit=10000&f=json
USGS-430133091344801,,,,,43.0258142826689,-91.5801473945212,370.71,1991-09-29,Approved,,,,,,,72019,00003,https://api.waterdata.usgs.gov/ogcapi/v0/collections/latest-daily/items?parameter_code=72019&statistic_id=00003&limit=10000&f=json
USGS-430133091344802,,,,,43.0258142826689,-91.5801473945212,208.59,1991-09-29,Approved,,,,,,,72019,00003,https://api.waterdata.usgs.gov/ogcapi/v0/collections/latest-daily/items?parameter_code=72019&statistic_id=00003&limit=10000&f=json
USGS-430133091344803,,,,,43.0258142826689,-91.5801473945212,72.08,1991-09-29,Approved,,,,,,,72019,00003,https://api.waterdata.usgs.gov/ogcapi/v0/collections/latest-daily/items?parameter_code=72019&statistic_id=00003&limit=10000&f=json
USGS-430133091344804,,,,,43.0258142826689,-91.5801473945212,55.15,1991-09-29,Approved,,,,,,,72019,00003,https://api.waterdata.usgs.gov/ogcapi/v0/collections/latest-daily/items?parameter_code=72019&statistic_id=00003&limit=10000&f=json
USGS-430145091253002,,,,,43.0291496315754,-91.4251392776282,167.82,1990-01-10,Approved,,,,,,,72019,00003,https://api.waterdata.usgs.gov/ogcapi/v0/collections/latest-daily/items?parameter_code=72019&statistic_id=00003&limit=10000&f=json
USGS-430145091253003,,,,,43.0291496315754,-91.4251392776282,68.2,1990-06-17,Approved,,,,,,,72019,00003,https://api.waterdata.usgs.gov/ogcapi/v0/collections/latest-daily/items?parameter_code=72019&statistic_id=00003&limit=10000&f=json
USGS-430145091253004,,,,,43.0291496315754,-91.4251392776282,15.16,1990-12-23,Approved,,,,,,,72019,00003,https://api.waterdata.usgs.gov/ogcapi/v0/collections/latest-daily/items?parameter_code=72019&statistic_id=00003&limit=10000&f=json
USGS-430146078101301,,,,,43.0296388888889,-78.1704444444445,9.4,2026-08-26,Provisional,,,,,,,72019,00003,https://api.waterdata.usgs.gov/ogcapi/v0/collections/latest-daily/items?parameter_code=72019&statistic_id=00003&limit=10000&f=json
USGS-430159093403201,,,,,43.0331111111111,-93.6755277777778,11.04,2017-10-10,Approved,,,,,,,72019,00003,https://api.waterdata.usgs.gov/ogcapi/v0/collections/latest-daily/items?parameter_code=72019&statistic_id=00003&limit=10000&f=json
USGS-430203091501201,,,,,43.0341666666667,-91.8366666666667,11.48,2026-08-27,Provisional,,,,,,,72019,00003,https://api.waterdata.usgs.gov/ogcapi/v0/collections/latest-daily/items?parameter_code=72019&statistic_id=00003&limit=10000&f=json
USGS-430212070505201,,,,,43.0367548774574,-70.847277080354,7.43,2013-06-24,Approved,DISCONTINUED,,,,,,72019,00003,https://api.waterdata.usgs.gov/ogcapi/v0/collections/latest-daily/items?parameter_code=72019&statistic_id=00003&limit=10000&f=json
USGS-430243076180401,,,,,43.0453888888889,-76.3013055555556,13.73,2026-08-26,Provisional,,,,,,,72019,00003,https://api.waterdata.usgs.gov/ogcapi/v0/collections/latest-daily/items?parameter_code=72019&statistic_id=00003&limit=10000&f=json
USGS-430243076180402,,,,,43.0453888888889,-76.3013055555556,14.52,2026-08-26,Provisional,,,,,,,72019,00003,https://api.waterdata.usgs.gov/ogcapi/v0/collections/latest-daily/items?parameter_code=72019&statistic_id=00003&limit=10000&f=json
USGS-430252077283402,,,,,43.048,-77.47575,9.1,2026-08-26,Provisional,,,,,,,72019,00003,https://api.waterdata.usgs.gov/ogcapi/v0/collections/latest-daily/items?parameter_code=72019&statistic_id=00003&limit=10000&f=json
USGS-430311077051501,,,,,43.0530833333333,-77.0867222222222,13.91,2026-08-26,Provisional,,,,,,,72019,00003,https://api.waterdata.usgs.gov/ogcapi/v0/collections/latest-daily/items?parameter_code=72019&statistic_id=00003&limit=10000&f=json
USGS-430327073475401,,,,,43.0576111111111,-73.7975277777778,40.62,2026-08-26,Provisional,,,,,,,72019,00003,https://api.waterdata.usgs.gov/ogcapi/v0/collections/latest-daily/items?parameter_code=72019&statistic_id=00003&limit=10000&f=json
USGS-430405074222501,,,,,43.0680555555556,-74.3736111111111,14.15,2010-05-16,Approved,,,,,,,72019,00003,https://api.waterdata.usgs.gov/ogcapi/v0/collections/latest-daily/items?parameter_code=72019&statistic_id=00003&limit=10000&f=json
USGS-430409089234601,,,,,43.069047222222224,-89.39605277777778,16.88,2026-08-12,Provisional,,,,,,,72019,00003,https://api.waterdata.usgs.gov/ogcapi/v0/collections/latest-daily/items?parameter_code=72019&statistic_id=00003&limit=10000&f=json
USGS-430416088144301,,,,,43.0710861111111,-88.2452027777778,2.59,2026-08-12,Provisional,,,,,,,72019,00003,https://api.waterdata.usgs.gov/ogcapi/v0/collections/latest-daily/items?parameter_code=72019&statistic_id=00003&limit=10000&f=json
USGS-430416088144602,,,,,43.07115,-88.2462444444444,336.76,2026-05-08,Provisional,,,,,,,72019,00003,https://api.waterdata.usgs.gov/ogcapi/v0/collections/latest-daily/items?parameter_code=72019&statistic_id=00003&limit=10000&f=json
USGS-430416088144604,,,,,43.0712444444444,-88.2462555555555,339.95,2026-05-08,Provisional,,,,,,,72019,00003,https://api.waterdata.usgs.gov/ogcapi/v0/collections/latest-daily/items?parameter_code=72019&statistic_id=00003&limit=10000&f=json
USGS-430427089284901,,,,,43.074283333333334,-89.48017222222222,47.8,2026-08-13,Provisional,,,,,,,72019,00003,https://api.waterdata.usgs.gov/ogcapi/v0/collections/latest-daily/items?parameter_code=72019&statistic_id=00003&limit=10000&f=json
USGS-430510093425101,,,,,43.0860305555556,-93.714275,4.63,2026-08-27,Provisional,,,,,,,72019,00003,https://api.waterdata.usgs.gov/ogcapi/v0/collections/latest-daily/items?parameter_code=72019&statistic_id=00003&limit=10000&f=json
USGS-430649121305201,,,,,43.11333055555556,-121.5154388888889,399.31,2026-07-05,Provisional,,,,,,,72019,00003,https://api.waterdata.usgs.gov/ogcapi/v0/collections/latest-daily/items?parameter_code=72019&statistic_id=00003&limit=10000&f=json
USGS-430739078502701,,,,,43.1277777777778,-78.841,1,2026-08-26,Provisional,,,,,,,72019,00003,https://api.waterdata.usgs.gov/ogcapi/v0/collections/latest-daily/items?parameter_code=72019&statistic_id=00003&limit=10000&f=json
USGS-430742087581102,,,,,43.128425,-87.96931111111111,30.29,2026-06-01,Approved,,,,,,,72019,00003,https://api.waterdata.usgs.gov/ogcapi/v0/collections/latest-daily/items?parameter_code=72019&statistic_id=00003&limit=10000&f=json
USGS-430913077103101,,,,,43.15358333333333,-77.17533333333334,13.49,2026-08-26,Provisional,,,,,,,72019,00003,https://api.waterdata.usgs.gov/ogcapi/v0/collections/latest-daily/items?parameter_code=72019&statistic_id=00003&limit=10000&f=json
USGS-430924078241301,,,,,43.1567777777778,-78.4036388888889,40.7,2026-08-26,Provisional,,,,,,,72019,00003,https://api.waterdata.usgs.gov/ogcapi/v0/collections/latest-daily/items?parameter_code=72019&statistic_id=00003&limit=10000&f=json
USGS-430930074290301,,,,,43.15825,-74.4841666666667,7.36,2026-08-26,Provisional,,,,,,,72019,00003,https://api.waterdata.usgs.gov/ogcapi/v0/collections/latest-daily/items?parameter_code=72019&statistic_id=00003&limit=10000&f=json
USGS-431030073192101,,,,,43.1749444444444,-73.3219444444444,7.32,2026-08-26,Provisional,,,,,,,72019,00003,https://api.waterdata.usgs.gov/ogcapi/v0/collections/latest-daily/items?parameter_code=72019&statistic_id=00003&limit=10000&f=json
USGS-431034071340501,,,,,43.1760833333333,-71.5681333333333,19.61,2013-04-03,Approved,DISCONTINUED,,,,,,72019,00003,https://api.waterdata.usgs.gov/ogcapi/v0/collections/latest-daily/items?parameter_code=72019&statistic_id=00003&limit=10000&f=json
USGS-431045078160401,,,,,43.1791666666667,-78.2680277777778,24.68,2026-08-26,Provisional,,,,,,,72019,00003,https://api.waterdata.usgs.gov/ogcapi/v0/collections/latest-daily/items?parameter_code=72019&statistic_id=00003&limit=10000&f=json
USGS-431120071284201,,,,,43.18881944444444,-71.4783638888889,9.75,2024-12-03,Approved,,,,,,,72019,00003,https://api.waterdata.usgs.gov/ogcapi/v0/collections/latest-daily/items?parameter_code=72019&statistic_id=00003&limit=10000&f=json
USGS-431227075233301,,,,,43.20766666666667,-75.39230555555557,43.49,2026-08-26,Provisional,,,,,,,72019,00003,https://api.waterdata.usgs.gov/ogcapi/v0/collections/latest-daily/items?parameter_code=72019&statistic_id=00003&limit=10000&f=json
USGS-431233089103201,,,,,43.208980555555556,-89.17577222222222,22.2,2026-07-22,Provisional,,,,,,,72019,00003,https://api.waterdata.usgs.gov/ogcapi/v0/collections/latest-daily/items?parameter_code=72019&statistic_id=00003&limit=10000&f=json
USGS-431308078544501,,,,,43.2189444444444,-78.9122222222222,2.31,2026-08-26,Provisional,,,,,,,72019,00003,https://api.waterdata.usgs.gov/ogcapi/v0/collections/latest-daily/items?parameter_code=72019&statistic_id=00003&limit=10000&f=json
USGS-431312089475301,,,,,43.2229527777778,-89.7999166666667,12.22,2026-08-27,Provisional,,,,,,,72019,00003,https://api.waterdata.usgs.gov/ogcapi/v0/collections/latest-daily/items?parameter_code=72019&statistic_id=00003&limit=10000&f=json
USGS-431316095135201,,,,,43.2213055555556,-95.2303333333333,11.88,2014-10-06,Approved,,,,,,,72019,00003,https://api.waterdata.usgs.gov/ogcapi/v0/collections/latest-daily/items?parameter_code=72019&statistic_id=00003&limit=10000&f=json
USGS-431359075235501,,,,,43.2329444444444,-75.3985,4.01,2026-08-26,Provisional,,,,,,,72019,00003,https://api.waterdata.usgs.gov/ogcapi/v0/collections/latest-daily/items?parameter_code=72019&statistic_id=00003&limit=10000&f=json
USGS-431410077232701,,,,,43.23619444444444,-77.39080555555556,4.98,2024-04-30,Approved,,,,,,,72019,00003,https://api.waterdata.usgs.gov/ogcapi/v0/collections/latest-daily/items?parameter_code=72019&statistic_id=00003&limit=10000&f=json
USGS-431509074093201,,,,,43.2524166666667,-74.15875,29.38,2026-08-26,Provisional,,,,,,,72019,00003,https://api.waterdata.usgs.gov/ogcapi/v0/collections/latest-daily/items?parameter_code=72019&statistic_id=00003&limit=10000&f=json
USGS-431527071312401,,,,,43.25745,-71.5233861111111,3.77,2018-10-01,Approved,,,,,,,72019,00003,https://api.waterdata.usgs.gov/ogcapi/v0/collections/latest-daily/items?parameter_code=72019&statistic_id=00003&limit=10000&f=json
USGS-431540071452801,,,,,43.2611890032343,-71.7573003060568,30.63,2026-08-26,Provisional,,,,,,,72019,00003,https://api.waterdata.usgs.gov/ogcapi/v0/collections/latest-daily/items?parameter_code=72019&statistic_id=00003&limit=10000&f=json
USGS-431618071293801,,,,,43.2717222222222,-71.4938055555556,5.46,2018-10-01,Approved,,,,,,,72019,00003,https://api.waterdata.usgs.gov/ogcapi/v0/collections/latest-daily/items?parameter_code=72019&statistic_id=00003&limit=10000&f=json
USGS-431841074573201,,,,,43.3114166666667,-74.9589166666667,30.6,2026-08-26,Provisional,,,,,,,72019,00003,https://api.waterdata.usgs.gov/ogcapi/v0/collections/latest-daily/items?parameter_code=72019&statistic_id=00003&limit=10000&f=json
USGS-432100089440001,,,,,43.3784888888889,-89.7553166666667,76.13,2026-07-06,Provisional,,,,,,,72019,00003,https://api.waterdata.usgs.gov/ogcapi/v0/collections/latest-daily/items?parameter_code=72019&statistic_id=00003&limit=10000&f=json
USGS-432148076225101,,,,,43.3635277777778,-76.3803888888889,23.5,2026-08-26,Provisional,,,,,,,72019,00003,https://api.waterdata.usgs.gov/ogcapi/v0/collections/latest-daily/items?parameter_code=72019&statistic_id=00003&limit=10000&f=json
USGS-432148076225102,,,,,43.3635277777778,-76.3803888888889,23.6,2026-08-26,Provisional,,,,,,,72019,00003,https://api.waterdata.usgs.gov/ogcapi/v0/collections/latest-daily/items?parameter_code=72019&statistic_id=00003&limit=10000&f=json
USGS-432310070393301,,,,,43.3861951828212,-70.6586661892053,20.55,2026-08-27,Provisional,,,,,,,72019,00003,https://api.waterdata.usgs.gov/ogcapi/v0/collections/latest-daily/items?parameter_code=72019&statistic_id=00003&limit=10000&f=json
USGS-432415088552601,,,,,43.40425,-88.92394444444444,19.63,2026-08-27,Provisional,,,,,,,72019,00003,https://api.waterdata.usgs.gov/ogcapi/v0/collections/latest-daily/items?parameter_code=72019&statistic_id=00003&limit=10000&f=json
USGS-432832074122201,,,,,43.4758055555556,-74.2057777777778,12.5,2026-08-26,Provisional,,,,,,,72019,00003,https://api.waterdata.usgs.gov/ogcapi/v0/collections/latest-daily/items?parameter_code=72019&statistic_id=00003&limit=10000&f=json
USGS-433001073474701,,,,,43.50113888888889,-73.79633333333334,18.88,2026-08-26,Provisional,,,,,,,72019,00003,https://api.waterdata.usgs.gov/ogcapi/v0/collections/latest-daily/items?parameter_code=72019&statistic_id=00003&limit=10000&f=json
USGS-433112075091501,,,,,43.5203333333333,-75.1539722222222,24.97,2026-08-26,Provisional,,,,,,,72019,00003,https://api.waterdata.usgs.gov/ogcapi/v0/collections/latest-daily/items?parameter_code=72019&statistic_id=00003&limit=10000&f=json
USGS-433240072242901,,,,,43.5445153058841,-72.4075916119263,10.11,2026-08-26,Provisional,,,,,,,72019,00003,https://api.waterdata.usgs.gov/ogcapi/v0/collections/latest-daily/items?parameter_code=72019&statistic_id=00003&limit=10000&f=json
USGS-433240092260501,,,,,43.5447055555556,-92.4348666666667,2.65,2018-09-23,Approved,,,,,,,72019,00003,https://api.waterdata.usgs.gov/ogcapi/v0/collections/latest-daily/items?parameter_code=72019&statistic_id=00003&limit=10000&f=json
USGS-433240092260601,,,,,43.5447083333333,-92.4346805555556,3.89,2018-10-29,Approved,,,,,,,72019,00003,https://api.waterdata.usgs.gov/ogcapi/v0/collections/latest-daily/items?parameter_code=72019&statistic_id=00003&limit=10000&f=json
USGS-433242092260901,,,,,43.5450166666667,-92.4360555555556,2.13,2018-10-29,Approved,,,,,,,72019,00003,https://api.waterdata.usgs.gov/ogcapi/v0/collections/latest-daily/items?parameter_code=72019&statistic_id=00003&limit=10000&f=json
USGS-433242092260902,,,,,43.5450138888889,-92.4360666666667,5.7,2018-10-29,Approved,,,,,,,72019,00003,https://api.waterdata.usgs.gov/ogcapi/v0/collections/latest-daily/items?parameter_code=72019&statistic_id=00003&limit=10000&f=json
USGS-433243092260601,,,,,43.5453833333333,-92.4349444444445,5.01,2018-10-30,Approved,,,,,,,72019,00003,https://api.waterdata.usgs.gov/ogcapi/v0/collections/latest-daily/items?parameter_code=72019&statistic_id=00003&limit=10000&f=json
USGS-433243092260602,,,,,43.5453833333333,-92.4350111111111,5.85,2017-10-31,Approved,,,,,,,72019,00003,https://api.waterdata.usgs.gov/ogcapi/v0/collections/latest-daily/items?parameter_code=72019&statistic_id=00003&limit=10000&f=json
USGS-433243092260603,,,,,43.5453833333333,-92.4350861111111,3.4,2018-10-30,Approved,,,,,,,72019,00003,https://api.waterdata.usgs.gov/ogcapi/v0/collections/latest-daily/items?parameter_code=72019&statistic_id=00003&limit=10000&f=json
USGS-433243092260604,,,,,43.5453805555556,-92.4350861111111,5.95,2018-10-30,Approved,,,,,,,72019,00003,https://api.waterdata.usgs.gov/ogcapi/v0/collections/latest-daily/items?parameter_code=72019&statistic_id=00003&limit=10000&f=json
USGS-433243092260605,,,,,43.5453833333333,-92.4351638888889,4.44,2017-10-31,Approved,,,,,,,72019,00003,https://api.waterdata.usgs.gov/ogcapi/v0/collections/latest-daily/items?parameter_code=72019&statistic_id=00003&limit=10000&f=json
USGS-433243092260606,,,,,43.5453805555556,-92.4352277777778,2.83,2018-10-30,Approved,,,,,,,72019,00003,https://api.waterdata.usgs.gov/ogcapi/v0/collections/latest-daily/items?parameter_code=72019&statistic_id=00003&limit=10000&f=json
USGS-433244092255002,,,,,43.5456194444444,-92.4306583333333,18.08,2018-10-09,Approved,,,,,,,72019,00003,https://api.waterdata.usgs.gov/ogcapi/v0/collections/latest-daily/items?parameter_code=72019&statistic_id=00003&limit=10000&f=json
USGS-433245092254904,,,,,43.5459222222222,-92.4304638888889,8.65,2018-10-29,Approved,GREATERTHAN,,,,,,72019,00003,https://api.waterdata.usgs.gov/ogcapi/v0/collections/latest-daily/items?parameter_code=72019&statistic_id=00003&limit=10000&f=json
USGS-433245092254905,,,,,43.545925,-92.4305333333333,11.42,2018-10-29,Approved,GREATERTHAN,,,,,,72019,00003,https://api.waterdata.usgs.gov/ogcapi/v0/collections/latest-daily/items?parameter_code=72019&statistic_id=00003&limit=10000&f=json
USGS-433246092254801,,,,,43.54625,-92.43015,7,2018-10-29,Approved,GREATERTHAN,,,,,,72019,00003,https://api.waterdata.usgs.gov/ogcapi/v0/collections/latest-daily/items?parameter_code=72019&statistic_id=00003&limit=10000&f=json
USGS-433246092255001,,,,,43.5462138888889,-92.430575,6.52,2018-10-29,Approved,GREATERTHAN,,,,,,72019,00003,https://api.waterdata.usgs.gov/ogcapi/v0/collections/latest-daily/items?parameter_code=72019&statistic_id=00003&limit=10000&f=json
USGS-433247092260701,,,,,43.5464944444444,-92.4352694444444,3.27,2018-10-29,Approved,,,,,,,72019,00003,https://api.waterdata.usgs.gov/ogcapi/v0/collections/latest-daily/items?parameter_code=72019&statistic_id=00003&limit=10000&f=json
USGS-433247092260702,,,,,43.5464888888889,-92.4353305555556,2.84,2018-10-29,Approved,,,,,,,72019,00003,https://api.waterdata.usgs.gov/ogcapi/v0/collections/latest-daily/items?parameter_code=72019&statistic_id=00003&limit=10000&f=json
USGS-433247092260703,,,,,43.5464888888889,-92.4354111111111,2.39,2018-10-30,Approved,,,,,,,72019,00003,https://api.waterdata.usgs.gov/ogcapi/v0/collections/latest-daily/items?parameter_code=72019&statistic_id=00003&limit=10000&f=json
USGS-433247092260704,,,,,43.5464861111111,-92.4354111111111,4.44,2018-10-30,Approved,,,,,,,72019,00003,https://api.waterdata.usgs.gov/ogcapi/v0/collections/latest-daily/items?parameter_code=72019&statistic_id=00003&limit=10000&f=json
USGS-433247092260705,,,,,43.5464833333333,-92.4354861111111,2.22,2017-10-30,Approved,,,,,,,72019,00003,https://api.waterdata.usgs.gov/ogcapi/v0/collections/latest-daily/items?parameter_code=72019&statistic_id=00003&limit=10000&f=json
USGS-433247092260706,,,,,43.5464833333333,-92.43555,2.55,2018-10-30,Approved,,,,,,,72019,00003,https://api.waterdata.usgs.gov/ogcapi/v0/collections/latest-daily/items?parameter_code=72019&statistic_id=00003&limit=10000&f=json
USGS-433249092260501,,,,,43.5470694444444,-92.434875,4.99,2018-10-30,Approved,,,,,,,72019,00003,https://api.waterdata.usgs.gov/ogcapi/v0/collections/latest-daily/items?parameter_code=72019&statistic_id=00003&limit=10000&f=json
USGS-433249092260801,,,,,43.5470472222222,-92.4357777777778,2.78,2018-10-30,Approved,,,,,,,72019,00003,https://api.waterdata.usgs.gov/ogcapi/v0/collections/latest-daily/items?parameter_code=72019&statistic_id=00003&limit=10000&f=json
USGS-433258073440201,,,,,43.5494166666667,-73.7339722222222,42.1,2026-08-26,Provisional,,,,,,,72019,00003,https://api.waterdata.usgs.gov/ogcapi/v0/collections/latest-daily/items?parameter_code=72019&statistic_id=00003&limit=10000&f=json
USGS-433517110493001,,,,,43.5879840140025,-110.825766710484,19.76,1994-10-20,Approved,,,,,,,72019,00003,https://api.waterdata.usgs.gov/ogcapi/v0/collections/latest-daily/items?parameter_code=72019&statistic_id=00003&limit=10000&f=json
USGS-433527092265501,,,,,43.5908777777778,-92.448725,3.18,2018-10-28,Approved,,,,,,,72019,00003,https://api.waterdata.usgs.gov/ogcapi/v0/collections/latest-daily/items?parameter_code=72019&statistic_id=00003&limit=10000&f=json
USGS-433527092265502,,,,,43.5909277777778,-92.4487194444444,3.16,2017-11-01,Approved,,,,,,,72019,00003,https://api.waterdata.usgs.gov/ogcapi/v0/collections/latest-daily/items?parameter_code=72019&statistic_id=00003&limit=10000&f=json
USGS-433527092265503,,,,,43.5909805555556,-92.4487138888889,3.19,2018-10-28,Approved,,,,,,,72019,00003,https://api.waterdata.usgs.gov/ogcapi/v0/collections/latest-daily/items?parameter_code=72019&statistic_id=00003&limit=10000&f=json
USGS-433527092265504,,,,,43.5910333333333,-92.4487083333333,2.9,2018-10-28,Approved,,,,,,,72019,00003,https://api.waterdata.usgs.gov/ogcapi/v0/collections/latest-daily/items?parameter_code=72019&statistic_id=00003&limit=10000&f=json
USGS-433527092265505,,,,,43.5910861111111,-92.4487111111111,3.14,2018-10-28,Approved,,,,,,,72019,00003,https://api.waterdata.usgs.gov/ogcapi/v0/collections/latest-daily/items?parameter_code=72019&statistic_id=00003&limit=10000&f=json
USGS-433527092265601,,,,,43.5908055555556,-92.4488444444444,2.57,2018-09-25,Approved,,,,,,,72019,00003,https://api.waterdata.usgs.gov/ogcapi/v0/collections/latest-daily/items?parameter_code=72019&statistic_id=00003&limit=10000&f=json
USGS-433527092265701,,,,,43.5909611111111,-92.4490833333333,2.23,2018-10-28,Approved,,,,,,,72019,00003,https://api.waterdata.usgs.gov/ogcapi/v0/collections/latest-daily/items?parameter_code=72019&statistic_id=00003&limit=10000&f=json
USGS-433528092265101,,,,,43.5911194444444,-92.4475027777778,3.39,2018-10-28,Approved,,,,,,,72019,00003,https://api.waterdata.usgs.gov/ogcapi/v0/collections/latest-daily/items?parameter_code=72019&statistic_id=00003&limit=10000&f=json
USGS-433528092265102,,,,,43.5911611111111,-92.4475,3.24,2018-10-28,Approved,,,,,,,72019,00003,https://api.waterdata.usgs.gov/ogcapi/v0/collections/latest-daily/items?parameter_code=72019&statistic_id=00003&limit=10000&f=json
USGS-433528092265103,,,,,43.5912138888889,-92.4475,3.12,2018-09-24,Approved,,,,,,,72019,00003,https://api.waterdata.usgs.gov/ogcapi/v0/collections/latest-daily/items?parameter_code=72019&statistic_id=00003&limit=10000&f=json
USGS-433528092265104,,,,,43.5912138888889,-92.4474916666667,3.27,2018-10-29,Approved,,,,,,,72019,00003,https://api.waterdata.usgs.gov/ogcapi/v0/collections/latest-daily/items?parameter_code=72019&statistic_id=00003&limit=10000&f=json
USGS-433528092265106,,,,,43.5911944444444,-92.4474972222222,13.6,2018-10-28,Approved,,,,,,,72019,00003,https://api.waterdata.usgs.gov/ogcapi/v0/collections/latest-daily/items?parameter_code=72019&statistic_id=00003&limit=10000&f=json
USGS-433528092265107,,,,,43.5912638888889,-92.4474916666667,3.39,2018-10-28,Approved,,,,,,,72019,00003,https://api.waterdata.usgs.gov/ogcapi/v0/collections/latest-daily/items?parameter_code=72019&statistic_id=00003&limit=10000&f=json
USGS-433528092265108,,,,,43.5913083333333,-92.4474888888889,3.24,2018-10-28,Approved,,,,,,,72019,00003,https://api.waterdata.usgs.gov/ogcapi/v0/collections/latest-daily/items?parameter_code=72019&statistic_id=00003&limit=10000&f=json
USGS-433531092263901,,,,,43.5919555555556,-92.4440527777778,3.25,2018-10-28,Approved,,,,,,,72019,00003,https://api.waterdata.usgs.gov/ogcapi/v0/collections/latest-daily/items?parameter_code=72019&statistic_id=00003&limit=10000&f=json
USGS-433531092265301,,,,,43.5919944444444,-92.4479694444445,3.54,2018-10-28,Approved,,,,,,,72019,00003,https://api.waterdata.usgs.gov/ogcapi/v0/collections/latest-daily/items?parameter_code=72019&statistic_id=00003&limit=10000&f=json
USGS-433531092265303,,,,,43.5920916666667,-92.4479694444445,3.22,2018-10-28,Approved,,,,,,,72019,00003,https://api.waterdata.usgs.gov/ogcapi/v0/collections/latest-daily/items?parameter_code=72019&statistic_id=00003&limit=10000&f=json
USGS-433531092265304,,,,,43.5920916666667,-92.4479638888889,2.92,2018-10-28,Approved,,,,,,,72019,00003,https://api.waterdata.usgs.gov/ogcapi/v0/collections/latest-daily/items?parameter_code=72019&statistic_id=00003&limit=10000&f=json
USGS-433531092265306,,,,,43.5921944444444,-92.4479583333333,3.28,2018-10-28,Approved,,,,,,,72019,00003,https://api.waterdata.usgs.gov/ogcapi/v0/collections/latest-daily/items?parameter_code=72019&statistic_id=00003&limit=10000&f=json
USGS-433533092264901,,,,,43.592375,-92.4470083333333,3.75,2018-10-28,Approved,,,,,,,72019,00003,https://api.waterdata.usgs.gov/ogcapi/v0/collections/latest-daily/items?parameter_code=72019&statistic_id=00003&limit=10000&f=json
USGS-433533092265701,,,,,43.5925638888889,-92.4490583333333,2.42,2018-10-28,Approved,,,,,,,72019,00003,https://api.waterdata.usgs.gov/ogcapi/v0/collections/latest-daily/items?parameter_code=72019&statistic_id=00003&limit=10000&f=json
USGS-433551110443501,,,,,43.5974143094125,-110.743761258061,49.1,2022-09-24,Approved,,,,,,,72019,00003,https://api.waterdata.usgs.gov/ogcapi/v0/collections/latest-daily/items?parameter_code=72019&statistic_id=00003&limit=10000&f=json
USGS-433603110443501,,,,,43.6007365728004,-110.743739125925,58.13,2023-03-22,Approved,,,,,,,72019,00003,https://api.waterdata.usgs.gov/ogcapi/v0/collections/latest-daily/items?parameter_code=72019&statistic_id=00003&limit=10000&f=json
USGS-433603110443502,,,,,43.600713094715154,-110.74376511743169,58.23,2023-03-22,Approved,,,,,,,72019,00003,https://api.waterdata.usgs.gov/ogcapi/v0/collections/latest-daily/items?parameter_code=72019&statistic_id=00003&limit=10000&f=json
USGS-433604110443402,,,,,43.6011666666667,-110.742638888889,50.7,2026-08-12,Provisional,,,,,,,72019,00003,https://api.waterdata.usgs.gov/ogcapi/v0/collections/latest-daily/items?parameter_code=72019&statistic_id=00003&limit=10000&f=json
USGS-433604110443403,,,,,43.6011805555556,-110.742661111111,50.48,2026-08-12,Provisional,,,,,,,72019,00003,https://api.waterdata.usgs.gov/ogcapi/v0/collections/latest-daily/items?parameter_code=72019&statistic_id=00003&limit=10000&f=json
USGS-433613110443501,,,,,43.60344363275139,-110.74383182193552,55.98,2020-11-02,Approved,,,,,,,72019,00003,https://api.waterdata.usgs.gov/ogcapi/v0/collections/latest-daily/items?parameter_code=72019&statistic_id=00003&limit=10000&f=json
USGS-433615110440001,,,,,43.6040424373007,-110.733974942135,41.47,2026-08-27,Provisional,,,,,,,72019,00003,https://api.waterdata.usgs.gov/ogcapi/v0/collections/latest-daily/items?parameter_code=72019&statistic_id=00003&limit=10000&f=json
USGS-433641110441501,,,,,43.6118333333333,-110.737222222222,55.46,2026-08-10,Provisional,,,,,,,72019,00003,https://api.waterdata.usgs.gov/ogcapi/v0/collections/latest-daily/items?parameter_code=72019&statistic_id=00003&limit=10000&f=json
USGS-433920096434001,,,,,43.65547222222222,-96.72773055555555,5.75,2021-10-24,Approved,,,,,,,72019,00003,https://api.waterdata.usgs.gov/ogcapi/v0/collections/latest-daily/items?parameter_code=72019&statistic_id=00003&limit=10000&f=json
USGS-433923096431301,,,,,43.65642777777778,-96.72039722222222,9.43,2022-11-08,Approved,,,,,,,72019,00003,https://api.waterdata.usgs.gov/ogcapi/v0/collections/latest-daily/items?parameter_code=72019&statistic_id=00003&limit=10000&f=json
USGS-433926096431701,,,,,43.65714722222222,-96.72146388888889,9.93,2022-11-08,Approved,,,,,,,72019,00003,https://api.waterdata.usgs.gov/ogcapi/v0/collections/latest-daily/items?parameter_code=72019&statistic_id=00003&limit=10000&f=json
USGS-433929096432701,,,,,43.65748611111111,-96.72553611111111,8.1,2022-11-08,Approved,,,,,,,72019,00003,https://api.waterdata.usgs.gov/ogcapi/v0/collections/latest-daily/items?parameter_code=72019&statistic_id=00003&limit=10000&f=json
USGS-433931091103501,,,,,43.658741666666664,-91.17635,40.59,2026-06-15,Provisional,,,,,,,72019,00003,https://api.waterdata.usgs.gov/ogcapi/v0/collections/latest-daily/items?parameter_code=72019&statistic_id=00003&limit=10000&f=json
USGS-434202121301501,,,,,43.7003682749357,-121.505361468864,13.55,2002-04-28,Approved,,,,,,,72019,00003,https://api.waterdata.usgs.gov/ogcapi/v0/collections/latest-daily/items?parameter_code=72019&statistic_id=00003&limit=10000&f=json
USGS-434202121301502,,,,,43.7003682749357,-121.505361468864,12.48,2000-04-24,Approved,,,,,,,72019,00003,https://api.waterdata.usgs.gov/ogcapi/v0/collections/latest-daily/items?parameter_code=72019&statistic_id=00003&limit=10000&f=json
USGS-434202121301503,,,,,43.7003682749357,-121.505361468864,12.44,2000-01-29,Approved,,,,,,,72019,00003,https://api.waterdata.usgs.gov/ogcapi/v0/collections/latest-daily/items?parameter_code=72019&statistic_id=00003&limit=10000&f=json
USGS-434206121311701,,,,,43.7014486918555,-121.522536656825,10.89,2002-04-28,Approved,,,,,,,72019,00003,https://api.waterdata.usgs.gov/ogcapi/v0/collections/latest-daily/items?parameter_code=72019&statistic_id=00003&limit=10000&f=json
USGS-434217073010601,,,,,43.704811230165106,-73.01801461154498,35.67,2022-11-07,Approved,,,,,,,72019,00003,https://api.waterdata.usgs.gov/ogcapi/v0/collections/latest-daily/items?parameter_code=72019&statistic_id=00003&limit=10000&f=json
USGS-434217073010602,,,,,43.70472222222222,-73.01777777777778,35.22,2026-08-26,Provisional,,,,,,,72019,00003,https://api.waterdata.usgs.gov/ogcapi/v0/collections/latest-daily/items?parameter_code=72019&statistic_id=00003&limit=10000&f=json
USGS-434231088311801,,,,,43.7086027777778,-88.5220111111111,77.7,2026-07-22,Provisional,,,,,,,72019,00003,https://api.waterdata.usgs.gov/ogcapi/v0/collections/latest-daily/items?parameter_code=72019&statistic_id=00003&limit=10000&f=json
USGS-434342090495601,,,,,43.7287083333333,-90.8319888888889,5.17,2026-07-09,Provisional,,,,,,,72019,00003,https://api.waterdata.usgs.gov/ogcapi/v0/collections/latest-daily/items?parameter_code=72019&statistic_id=00003&limit=10000&f=json
USGS-434400121275801,,,,,43.7334453704725,-121.467105853813,28.36,2016-10-25,Approved,,,,,,,72019,00003,https://api.waterdata.usgs.gov/ogcapi/v0/collections/latest-daily/items?parameter_code=72019&statistic_id=00003&limit=10000&f=json
USGS-434551089365001,,,,,43.7647916666667,-89.61365,34.9,2026-08-27,Provisional,,,,,,,72019,00003,https://api.waterdata.usgs.gov/ogcapi/v0/collections/latest-daily/items?parameter_code=72019&statistic_id=00003&limit=10000&f=json
USGS-434920075343901,,,,,43.8220833333333,-75.5775277777778,13.01,2026-08-26,Provisional,,,,,,,72019,00003,https://api.waterdata.usgs.gov/ogcapi/v0/collections/latest-daily/items?parameter_code=72019&statistic_id=00003&limit=10000&f=json
USGS-434955070261401,,,,,43.8320211265895,-70.4367203894771,11.86,2026-08-27,Provisional,,,,,,,72019,00003,https://api.waterdata.usgs.gov/ogcapi/v0/collections/latest-daily/items?parameter_code=72019&statistic_id=00003&limit=10000&f=json
USGS-435024123053401,,,,,43.8398453910552,-123.09397169051,5.77,1999-10-03,Approved,,,,,,,72019,00003,https://api.waterdata.usgs.gov/ogcapi/v0/collections/latest-daily/items?parameter_code=72019&statistic_id=00003&limit=10000&f=json
USGS-435039070261101,,,,,43.8422986777239,-70.4361649988844,15.81,2006-08-15,Approved,,,,,,,72019,00003,https://api.waterdata.usgs.gov/ogcapi/v0/collections/latest-daily/items?parameter_code=72019&statistic_id=00003&limit=10000&f=json
USGS-435103070191701,,,,,43.8508333333333,-70.3213888888889,11.55,2009-05-14,Approved,ESTIMATED,,,,,,72019,00003,https://api.waterdata.usgs.gov/ogcapi/v0/collections/latest-daily/items?parameter_code=72019&statistic_id=00003&limit=10000&f=json
USGS-435239095074801,,,,,43.8773055555556,-95.1300972222222,11.16,2024-08-12,Approved,,,,,,,72019,00003,https://api.waterdata.usgs.gov/ogcapi/v0/collections/latest-daily/items?parameter_code=72019&statistic_id=00003&limit=10000&f=json
USGS-435253073440701,,,,,43.8814491196069,-73.7348521715639,25.8,2020-10-24,Approved,,,,,,,72019,00003,https://api.waterdata.usgs.gov/ogcapi/v0/collections/latest-daily/items?parameter_code=72019&statistic_id=00003&limit=10000&f=json
USGS-435453070013601,,,,,43.914801886334,-70.0261620585964,31.41,2026-08-27,Provisional,,,,,,,72019,00003,https://api.waterdata.usgs.gov/ogcapi/v0/collections/latest-daily/items?parameter_code=72019&statistic_id=00003&limit=10000&f=json
USGS-435605095121201,,,,,43.9346611111111,-95.2033,17.22,2001-10-25,Approved,,,,,,,72019,00003,https://api.waterdata.usgs.gov/ogcapi/v0/collections/latest-daily/items?parameter_code=72019&statistic_id=00003&limit=10000&f=json
USGS-435723092171801,,,,,43.9562888888889,-92.2883611111111,7.98,2024-08-13,Approved,,,,,,,72019,00003,https://api.waterdata.usgs.gov/ogcapi/v0/collections/latest-daily/items?parameter_code=72019&statistic_id=00003&limit=10000&f=json
USGS-435902070171301,,,,,43.9839636073794,-70.2864428942002,6.38,2000-09-30,Approved,,,,,,,72019,00003,https://api.waterdata.usgs.gov/ogcapi/v0/collections/latest-daily/items?parameter_code=72019&statistic_id=00003&limit=10000&f=json
USGS-440013074244101,,,,,44.0036944444444,-74.4114444444445,7.98,2026-08-26,Provisional,,,,,,,72019,00003,https://api.waterdata.usgs.gov/ogcapi/v0/collections/latest-daily/items?parameter_code=72019&statistic_id=00003&limit=10000&f=json
USGS-440050094102801,,,,,44.0138518684064,-94.1746800193748,74.65,1999-09-30,Approved,,,,,,,72019,00003,https://api.waterdata.usgs.gov/ogcapi/v0/collections/latest-daily/items?parameter_code=72019&statistic_id=00003&limit=10000&f=json
USGS-440114075453701,,,,,44.0205277777778,-75.7603333333333,17.56,2026-08-26,Provisional,,,,,,,72019,00003,https://api.waterdata.usgs.gov/ogcapi/v0/collections/latest-daily/items?parameter_code=72019&statistic_id=00003&limit=10000&f=json
USGS-440213070203201,,,,,44.03702292014714,-70.34180919731263,11.1,2026-08-27,Provisional,,,,,,,72019,00003,https://api.waterdata.usgs.gov/ogcapi/v0/collections/latest-daily/items?parameter_code=72019&statistic_id=00003&limit=10000&f=json
USGS-440329092255803,,,,,44.0581611111111,-92.4326916666667,212.81,2007-09-29,Approved,,,,,,,72019,00003,https://api.waterdata.usgs.gov/ogcapi/v0/collections/latest-daily/items?parameter_code=72019&statistic_id=00003&limit=10000&f=json
USGS-440341122584001,,,,,44.061236441263,-122.978972025382,18.77,1998-12-16,Approved,,,,,,,72019,00003,https://api.waterdata.usgs.gov/ogcapi/v0/collections/latest-daily/items?parameter_code=72019&statistic_id=00003&limit=10000&f=json
USGS-440341122584002,,,,,44.061236441263,-122.978972025382,10.34,1998-03-22,Approved,,,,,,,72019,00003,https://api.waterdata.usgs.gov/ogcapi/v0/collections/latest-daily/items?parameter_code=72019&statistic_id=00003&limit=10000&f=json
USGS-440349092255901,,,,,44.06355,-92.4327638888889,78.73,2007-09-29,Approved,,,,,,,72019,00003,https://api.waterdata.usgs.gov/ogcapi/v0/collections/latest-daily/items?parameter_code=72019&statistic_id=00003&limit=10000&f=json
USGS-440434090365701,,,,,44.07606666666667,-90.61582222222222,13.85,2026-08-23,Provisional,,,,,,,72019,00003,https://api.waterdata.usgs.gov/ogcapi/v0/collections/latest-daily/items?parameter_code=72019&statistic_id=00003&limit=10000&f=json
USGS-440642070583402,,,,,44.111734927258,-70.9756252521238,8.19,2000-09-30,Approved,,,,,,,72019,00003,https://api.waterdata.usgs.gov/ogcapi/v0/collections/latest-daily/items?parameter_code=72019&statistic_id=00003&limit=10000&f=json
USGS-440810069553601,,,,,44.138056,-69.926667,10.44,2023-06-24,Approved,,,,,,,72019,00003,https://api.waterdata.usgs.gov/ogcapi/v0/collections/latest-daily/items?parameter_code=72019&statistic_id=00003&limit=10000&f=json
USGS-440823070291501,,,,,44.1397931041032,-70.4870028658956,10.37,2026-08-27,Provisional,,,,,,,72019,00003,https://api.waterdata.usgs.gov/ogcapi/v0/collections/latest-daily/items?parameter_code=72019&statistic_id=00003&limit=10000&f=json
USGS-440915123145601,,,,,44.154012354412,-123.250093797793,1.78,2002-04-10,Approved,,,,,,,72019,00003,https://api.waterdata.usgs.gov/ogcapi/v0/collections/latest-daily/items?parameter_code=72019&statistic_id=00003&limit=10000&f=json
USGS-440918069564001,,,,,44.1550732395663,-69.9439386508115,50.44,2026-08-27,Provisional,,,,,,,72019,00003,https://api.waterdata.usgs.gov/ogcapi/v0/collections/latest-daily/items?parameter_code=72019&statistic_id=00003&limit=10000&f=json
USGS-440939075191301,,,,,44.161056,-75.319778,22.86,2026-08-26,Provisional,,,,,,,72019,00003,https://api.waterdata.usgs.gov/ogcapi/v0/collections/latest-daily/items?parameter_code=72019&statistic_id=00003&limit=10000&f=json
USGS-440951123023501,,,,,44.1640133869375,-123.044253474556,6,1999-12-07,Approved,,,,,,,72019,00003,https://api.waterdata.usgs.gov/ogcapi/v0/collections/latest-daily/items?parameter_code=72019&statistic_id=00003&limit=10000&f=json
USGS-441023123044001,,,,,44.1729020649194,-123.078977002413,5.46,1998-07-28,Approved,,,,,,,72019,00003,https://api.waterdata.usgs.gov/ogcapi/v0/collections/latest-daily/items?parameter_code=72019&statistic_id=00003&limit=10000&f=json
USGS-441214075542101,,,,,44.2039444444444,-75.9058611111111,3.07,2026-08-26,Provisional,,,,,,,72019,00003,https://api.waterdata.usgs.gov/ogcapi/v0/collections/latest-daily/items?parameter_code=72019&statistic_id=00003&limit=10000&f=json
USGS-441214089272402,,,,,44.2040222222222,-89.4566138888889,22.65,2026-07-21,Provisional,,,,,,,72019,00003,https://api.waterdata.usgs.gov/ogcapi/v0/collections/latest-daily/items?parameter_code=72019&statistic_id=00003&limit=10000&f=json
USGS-441214089272403,,,,,44.2040222222222,-89.4566138888889,22.71,2026-07-21,Provisional,,,,,,,72019,00003,https://api.waterdata.usgs.gov/ogcapi/v0/collections/latest-daily/items?parameter_code=72019&statistic_id=00003&limit=10000&f=json
USGS-441226069502201,,,,,44.2072138888889,-69.8395444444444,7.49,2009-09-30,Approved,,,,,,,72019,00003,https://api.waterdata.usgs.gov/ogcapi/v0/collections/latest-daily/items?parameter_code=72019&statistic_id=00003&limit=10000&f=json
USGS-441326103215101,,,,,44.22386111111111,-103.3642611111111,9.7,2024-05-20,Approved,,,,,,,72019,00003,https://api.waterdata.usgs.gov/ogcapi/v0/collections/latest-daily/items?parameter_code=72019&statistic_id=00003&limit=10000&f=json
USGS-441440068182701,,,,,44.2445251469459,-68.3069606092086,9.97,2000-09-30,Approved,,,,,,,72019,00003,https://api.waterdata.usgs.gov/ogcapi/v0/collections/latest-daily/items?parameter_code=72019&statistic_id=00003&limit=10000&f=json
USGS-441516068194101,,,,,44.2544444444444,-68.3280555555556,7.26,2005-09-30,Approved,DISCONTINUED,,,,,,72019,00003,https://api.waterdata.usgs.gov/ogcapi/v0/collections/latest-daily/items?parameter_code=72019&statistic_id=00003&limit=10000&f=json
USGS-441533069452401,,,,,44.2592356766925,-69.7561549852955,4.28,2000-09-30,Approved,,,,,,,72019,00003,https://api.waterdata.usgs.gov/ogcapi/v0/collections/latest-daily/items?parameter_code=72019&statistic_id=00003&limit=10000&f=json
USGS-441644073315101,,,,,44.2788611111111,-73.5308888888889,18.67,2026-08-26,Provisional,,,,,,,72019,00003,https://api.waterdata.usgs.gov/ogcapi/v0/collections/latest-daily/items?parameter_code=72019&statistic_id=00003&limit=10000&f=json
USGS-441650068210801,,,,,44.2805555555556,-68.3522222222222,10.49,2005-09-30,Approved,DISCONTINUED,,,,,,72019,00003,https://api.waterdata.usgs.gov/ogcapi/v0/collections/latest-daily/items?parameter_code=72019&statistic_id=00003&limit=10000&f=json
USGS-441801069455501,,,,,44.3002777777778,-69.7652777777778,17.38,2026-08-27,Provisional,,,,,,,72019,00003,https://api.waterdata.usgs.gov/ogcapi/v0/collections/latest-daily/items?parameter_code=72019&statistic_id=00003&limit=10000&f=json
USGS-441834073545601,,,,,44.309527777777774,-73.91569444444445,9.62,2026-08-26,Provisional,,,,,,,72019,00003,https://api.waterdata.usgs.gov/ogcapi/v0/collections/latest-daily/items?parameter_code=72019&statistic_id=00003&limit=10000&f=json
USGS-441849069442001,,,,,44.3136796603632,-69.738377715703,6.3,2004-09-30,Approved,,,,,,,72019,00003,https://api.waterdata.usgs.gov/ogcapi/v0/collections/latest-daily/items?parameter_code=72019&statistic_id=00003&limit=10000&f=json
USGS-442233069490701,,,,,44.3759010886167,-69.8181029619729,5.88,2000-09-30,Approved,,,,,,,72019,00003,https://api.waterdata.usgs.gov/ogcapi/v0/collections/latest-daily/items?parameter_code=72019&statistic_id=00003&limit=10000&f=json
USGS-442238068154101,,,,,44.3772222222222,-68.2613888888889,24.95,2026-08-27,Provisional,,,,,,,72019,00003,https://api.waterdata.usgs.gov/ogcapi/v0/collections/latest-daily/items?parameter_code=72019&statistic_id=00003&limit=10000&f=json
USGS-442242121405501,,,,,44.3783388888889,-121.683127777778,301.57,2026-08-26,Provisional,,,,,,,72019,00003,https://api.waterdata.usgs.gov/ogcapi/v0/collections/latest-daily/items?parameter_code=72019&statistic_id=00003&limit=10000&f=json
USGS-442353088443801,,,,,44.397875,-88.74405,7.76,2026-07-22,Provisional,,,,,,,72019,00003,https://api.waterdata.usgs.gov/ogcapi/v0/collections/latest-daily/items?parameter_code=72019&statistic_id=00003&limit=10000&f=json
USGS-442439068184502,,,,,44.4108055555556,-68.3124722222222,-0.98,2009-12-03,Approved,,,,,,,72019,00003,https://api.waterdata.usgs.gov/ogcapi/v0/collections/latest-daily/items?parameter_code=72019&statistic_id=00003&limit=10000&f=json
USGS-442450068175201,,,,,44.4138888888889,-68.2977777777778,5.78,2018-10-03,Approved,,,,,,,72019,00003,https://api.waterdata.usgs.gov/ogcapi/v0/collections/latest-daily/items?parameter_code=72019&statistic_id=00003&limit=10000&f=json
USGS-442450071052301,,,,,44.41396799890902,-71.0893324812663,5.76,2024-05-22,Approved,,,,,,,72019,00003,https://api.waterdata.usgs.gov/ogcapi/v0/collections/latest-daily/items?parameter_code=72019&statistic_id=00003&limit=10000&f=json
USGS-442455123020101,,,,,44.415123423575,-123.034812491979,75.11,2002-04-10,Approved,,,,,,,72019,00003,https://api.waterdata.usgs.gov/ogcapi/v0/collections/latest-daily/items?parameter_code=72019&statistic_id=00003&limit=10000&f=json
USGS-442502089031401,,,,,44.417344444444446,-89.05386666666666,-0.13,2026-06-05,Provisional,,,,,,,72019,00003,https://api.waterdata.usgs.gov/ogcapi/v0/collections/latest-daily/items?parameter_code=72019&statistic_id=00003&limit=10000&f=json
USGS-442505089032001,,,,,44.418319,-89.055831,1.1,2026-06-04,Provisional,,,,,,,72019,00003,https://api.waterdata.usgs.gov/ogcapi/v0/collections/latest-daily/items?parameter_code=72019&statistic_id=00003&limit=10000&f=json
USGS-442508089032401,,,,,44.419061,-89.056739,3.15,2026-06-04,Provisional,,,,,,,72019,00003,https://api.waterdata.usgs.gov/ogcapi/v0/collections/latest-daily/items?parameter_code=72019&statistic_id=00003&limit=10000&f=json
USGS-442509089031801,,,,,44.419108,-89.055061,0.12,2026-06-04,Provisional,,,,,,,72019,00003,https://api.waterdata.usgs.gov/ogcapi/v0/collections/latest-daily/items?parameter_code=72019&statistic_id=00003&limit=10000&f=json
USGS-442510089032101,,,,,44.419469,-89.055981,2.54,2026-06-04,Provisional,,,,,,,72019,00003,https://api.waterdata.usgs.gov/ogcapi/v0/collections/latest-daily/items?parameter_code=72019&statistic_id=00003&limit=10000&f=json
USGS-442513089032901,,,,,44.42035,-89.0582,2.46,2026-06-05,Provisional,,,,,,,72019,00003,https://api.waterdata.usgs.gov/ogcapi/v0/collections/latest-daily/items?parameter_code=72019&statistic_id=00003&limit=10000&f=json
USGS-442515070481002,,,,,44.4208981463746,-70.802292117117,9.27,2000-09-30,Approved,,,,,,,72019,00003,https://api.waterdata.usgs.gov/ogcapi/v0/collections/latest-daily/items?parameter_code=72019&statistic_id=00003&limit=10000&f=json
USGS-442808089193501,,,,,44.46885833333334,-89.3263861111111,7.75,2026-07-21,Provisional,,,,,,,72019,00003,https://api.waterdata.usgs.gov/ogcapi/v0/collections/latest-daily/items?parameter_code=72019&statistic_id=00003&limit=10000&f=json
USGS-442822069081301,,,,,44.4728514084033,-69.1364276523656,7.58,2010-09-30,Approved,,,,,,,72019,00003,https://api.waterdata.usgs.gov/ogcapi/v0/collections/latest-daily/items?parameter_code=72019&statistic_id=00003&limit=10000&f=json
USGS-442929122504801,,,,,44.4912342977459,-122.847866016676,10.17,1999-07-21,Approved,,,,,,,72019,00003,https://api.waterdata.usgs.gov/ogcapi/v0/collections/latest-daily/items?parameter_code=72019&statistic_id=00003&limit=10000&f=json
USGS-442955088072803,,,,,44.4986018182995,-88.1245478623985,1.24,1986-09-29,Approved,,,,,,,72019,00003,https://api.waterdata.usgs.gov/ogcapi/v0/collections/latest-daily/items?parameter_code=72019&statistic_id=00003&limit=10000&f=json
USGS-443035088045501,,,,,44.5113055555556,-88.0856111111111,51.39,2026-07-21,Provisional,,,,,,,72019,00003,https://api.waterdata.usgs.gov/ogcapi/v0/collections/latest-daily/items?parameter_code=72019&statistic_id=00003&limit=10000&f=json
USGS-443053094591001,,,,,44.5148111111111,-94.9861694444444,47.49,2026-08-27,Provisional,,,,,,,72019,00003,https://api.waterdata.usgs.gov/ogcapi/v0/collections/latest-daily/items?parameter_code=72019&statistic_id=00003&limit=10000&f=json
USGS-443113068115101,,,,,44.52,-68.1980555555556,31.51,2009-06-03,Approved,ESTIMATED,,,,,,72019,00003,https://api.waterdata.usgs.gov/ogcapi/v0/collections/latest-daily/items?parameter_code=72019&statistic_id=00003&limit=10000&f=json
USGS-443145068131801,,,,,44.5291666666667,-68.2216666666667,12.96,2009-06-03,Approved,ESTIMATED,,,,,,72019,00003,https://api.waterdata.usgs.gov/ogcapi/v0/collections/latest-daily/items?parameter_code=72019&statistic_id=00003&limit=10000&f=json
USGS-443217123222301,,,,,44.5378987125214,-123.374268181191,8,1999-07-20,Approved,,,,,,,72019,00003,https://api.waterdata.usgs.gov/ogcapi/v0/collections/latest-daily/items?parameter_code=72019&statistic_id=00003&limit=10000&f=json
USGS-443348123150201,,,,,44.5631771054313,-123.251765532035,8.68,2002-04-09,Approved,,,,,,,72019,00003,https://api.waterdata.usgs.gov/ogcapi/v0/collections/latest-daily/items?parameter_code=72019&statistic_id=00003&limit=10000&f=json
USGS-443349123150501,,,,,44.56345487504,-123.252598883936,21.2,2002-04-09,Approved,,,,,,,72019,00003,https://api.waterdata.usgs.gov/ogcapi/v0/collections/latest-daily/items?parameter_code=72019&statistic_id=00003&limit=10000&f=json
USGS-443407069020901,,,,,44.5686841950247,-69.0353153786129,16.2,2000-09-30,Approved,,,,,,,72019,00003,https://api.waterdata.usgs.gov/ogcapi/v0/collections/latest-daily/items?parameter_code=72019&statistic_id=00003&limit=10000&f=json
USGS-443535087345401,,,,,44.5929722222222,-87.5816194444444,6.12,2026-08-27,Provisional,,,,,,,72019,00003,https://api.waterdata.usgs.gov/ogcapi/v0/collections/latest-daily/items?parameter_code=72019&statistic_id=00003&limit=10000&f=json
USGS-443647070552302,,,,,44.7797763215764,-70.9225736123586,6.36,2013-09-30,Approved,,,,,,,72019,00003,https://api.waterdata.usgs.gov/ogcapi/v0/collections/latest-daily/items?parameter_code=72019&statistic_id=00003&limit=10000&f=json
USGS-443647070552303,,,,,44.7787944444444,-70.9212194444444,9.86,2026-08-27,Provisional,,,,,,,72019,00003,https://api.waterdata.usgs.gov/ogcapi/v0/collections/latest-daily/items?parameter_code=72019&statistic_id=00003&limit=10000&f=json
USGS-443831070002601,,,,,44.6420061086009,-70.0067255567589,18.04,2000-09-30,Approved,,,,,,,72019,00003,https://api.waterdata.usgs.gov/ogcapi/v0/collections/latest-daily/items?parameter_code=72019&statistic_id=00003&limit=10000&f=json
USGS-443952072114001,,,,,44.665,-72.1938888888889,16.99,2026-08-26,Provisional,,,,,,,72019,00003,https://api.waterdata.usgs.gov/ogcapi/v0/collections/latest-daily/items?parameter_code=72019&statistic_id=00003&limit=10000&f=json
USGS-444205092500001,,,,,44.7013888888889,-92.8336111111111,90.41,1999-07-15,Approved,,,,,,,72019,00003,https://api.waterdata.usgs.gov/ogcapi/v0/collections/latest-daily/items?parameter_code=72019&statistic_id=00003&limit=10000&f=json
USGS-444302070252401,,,,,44.7172813270818,-70.4228435127509,26.66,2026-08-27,Provisional,,,,,,,72019,00003,https://api.waterdata.usgs.gov/ogcapi/v0/collections/latest-daily/items?parameter_code=72019&statistic_id=00003&limit=10000&f=json
USGS-444427093353901,,,,,44.7407961540765,-93.5944006447242,36.43,1999-09-30,Approved,,,,,,,72019,00003,https://api.waterdata.usgs.gov/ogcapi/v0/collections/latest-daily/items?parameter_code=72019&statistic_id=00003&limit=10000&f=json
USGS-444427093353902,,,,,44.7407961540765,-93.5944006447242,24.88,1999-09-30,Approved,,,,,,,72019,00003,https://api.waterdata.usgs.gov/ogcapi/v0/collections/latest-daily/items?parameter_code=72019&statistic_id=00003&limit=10000&f=json
USGS-444427093353903,,,,,44.7407961540765,-93.5944006447242,52.57,1999-09-30,Approved,,,,,,,72019,00003,https://api.waterdata.usgs.gov/ogcapi/v0/collections/latest-daily/items?parameter_code=72019&statistic_id=00003&limit=10000&f=json
USGS-444526068013301,,,,,44.7572966255369,-68.0252864378117,9.52,1996-07-10,Approved,,,,,,,72019,00003,https://api.waterdata.usgs.gov/ogcapi/v0/collections/latest-daily/items?parameter_code=72019&statistic_id=00003&limit=10000&f=json
USGS-444630095002203,,,,,44.775038888888886,-95.00595,5.54,2018-10-09,Approved,,,,,,,72019,00003,https://api.waterdata.usgs.gov/ogcapi/v0/collections/latest-daily/items?parameter_code=72019&statistic_id=00003&limit=10000&f=json
USGS-444630095002205,,,,,44.77493055555556,-95.00595,6.44,2018-10-09,Approved,,,,,,,72019,00003,https://api.waterdata.usgs.gov/ogcapi/v0/collections/latest-daily/items?parameter_code=72019&statistic_id=00003&limit=10000&f=json
USGS-444630095002206,,,,,44.77517777777778,-95.0060388888889,14.67,2018-10-09,Approved,,,,,,,72019,00003,https://api.waterdata.usgs.gov/ogcapi/v0/collections/latest-daily/items?parameter_code=72019&statistic_id=00003&limit=10000&f=json
USGS-444630095002207,,,,,44.77514722222222,-95.00604166666666,17.94,2018-10-09,Approved,,,,,,,72019,00003,https://api.waterdata.usgs.gov/ogcapi/v0/collections/latest-daily/items?parameter_code=72019&statistic_id=00003&limit=10000&f=json
USGS-444630095002208,,,,,44.77511944444444,-95.00604166666666,25.82,2018-10-09,Approved,,,,,,,72019,00003,https://api.waterdata.usgs.gov/ogcapi/v0/collections/latest-daily/items?parameter_code=72019&statistic_id=00003&limit=10000&f=json
USGS-444630095002209,,,,,44.77509166666667,-95.00604444444444,99.48,2018-10-09,Approved,,,,,,,72019,00003,https://api.waterdata.usgs.gov/ogcapi/v0/collections/latest-daily/items?parameter_code=72019&statistic_id=00003&limit=10000&f=json
USGS-444709089265301,,,,,44.7861055555556,-89.4483194444445,13.14,2026-08-27,Provisional,,,,,,,72019,00003,https://api.waterdata.usgs.gov/ogcapi/v0/collections/latest-daily/items?parameter_code=72019&statistic_id=00003&limit=10000&f=json
USGS-444719108050501,,,,,44.7885555555556,-108.084861111111,18.58,2026-08-26,Provisional,,,,,,,72019,00003,https://api.waterdata.usgs.gov/ogcapi/v0/collections/latest-daily/items?parameter_code=72019&statistic_id=00003&limit=10000&f=json
USGS-444801093202801,,,,,44.79975,-93.3411111111111,79.39,1999-09-30,Approved,,,,,,,72019,00003,https://api.waterdata.usgs.gov/ogcapi/v0/collections/latest-daily/items?parameter_code=72019&statistic_id=00003&limit=10000&f=json
USGS-444904074455201,,,,,44.81780555555556,-74.7641388888889,6.19,2026-08-26,Provisional,,,,,,,72019,00003,https://api.waterdata.usgs.gov/ogcapi/v0/collections/latest-daily/items?parameter_code=72019&statistic_id=00003&limit=10000&f=json
USGS-444935123003701,,,,,44.826232024863,-123.011483152951,137.63,2002-04-10,Approved,,,,,,,72019,00003,https://api.waterdata.usgs.gov/ogcapi/v0/collections/latest-daily/items?parameter_code=72019&statistic_id=00003&limit=10000&f=json
USGS-444950068220601,,,,,44.8306265177811,-68.3677994048915,6.32,1991-09-30,Approved,,,,,,,72019,00003,https://api.waterdata.usgs.gov/ogcapi/v0/collections/latest-daily/items?parameter_code=72019&statistic_id=00003&limit=10000&f=json
USGS-444950068220602,,,,,44.832015387128,-68.3658548897237,21.1,2021-10-11,Approved,DISCONTINUED,,,,,,72019,00003,https://api.waterdata.usgs.gov/ogcapi/v0/collections/latest-daily/items?parameter_code=72019&statistic_id=00003&limit=10000&f=json
USGS-445052073350201,,,,,44.848,-73.584,23.52,2026-08-26,Provisional,,,,,,,72019,00003,https://api.waterdata.usgs.gov/ogcapi/v0/collections/latest-daily/items?parameter_code=72019&statistic_id=00003&limit=10000&f=json
USGS-445148069513301,,,,,44.8633922978793,-69.8586679973764,12.5,2008-09-30,Approved,,,,,,,72019,00003,https://api.waterdata.usgs.gov/ogcapi/v0/collections/latest-daily/items?parameter_code=72019&statistic_id=00003&limit=10000&f=json
USGS-445216074593001,,,,,44.8711666666667,-74.9913055555556,14.3,2026-08-26,Provisional,,,,,,,72019,00003,https://api.waterdata.usgs.gov/ogcapi/v0/collections/latest-daily/items?parameter_code=72019&statistic_id=00003&limit=10000&f=json
USGS-445227067520101,,,,,44.874240312155,-67.8663921558273,6.22,2026-08-27,Provisional,,,,,,,72019,00003,https://api.waterdata.usgs.gov/ogcapi/v0/collections/latest-daily/items?parameter_code=72019&statistic_id=00003&limit=10000&f=json
USGS-445319068560101,,,,,44.88867990365,-68.9330941343957,24.97,2026-08-27,Provisional,,,,,,,72019,00003,https://api.waterdata.usgs.gov/ogcapi/v0/collections/latest-daily/items?parameter_code=72019&statistic_id=00003&limit=10000&f=json
USGS-445410093142801,,,,,44.902855555555554,-93.2413,4.41,2024-04-21,Approved,,,,,,,72019,00003,https://api.waterdata.usgs.gov/ogcapi/v0/collections/latest-daily/items?parameter_code=72019&statistic_id=00003&limit=10000&f=json
USGS-445416093141501,,,,,44.90269722222222,-93.23894444444444,21.58,2024-04-21,Approved,,,,,,,72019,00003,https://api.waterdata.usgs.gov/ogcapi/v0/collections/latest-daily/items?parameter_code=72019&statistic_id=00003&limit=10000&f=json
USGS-445435093150801,,,,,44.90960277777778,-93.25225833333333,32.46,2024-04-21,Approved,,,,,,,72019,00003,https://api.waterdata.usgs.gov/ogcapi/v0/collections/latest-daily/items?parameter_code=72019&statistic_id=00003&limit=10000&f=json
USGS-445436093144901,,,,,44.91007222222222,-93.24675555555555,8.56,2024-04-21,Approved,,,,,,,72019,00003,https://api.waterdata.usgs.gov/ogcapi/v0/collections/latest-daily/items?parameter_code=72019&statistic_id=00003&limit=10000&f=json
USGS-445444093140401,,,,,44.912105555555556,-93.23436944444444,11.39,2024-04-21,Approved,,,,,,,72019,00003,https://api.waterdata.usgs.gov/ogcapi/v0/collections/latest-daily/items?parameter_code=72019&statistic_id=00003&limit=10000&f=json
USGS-445450093140101,,,,,44.914,-93.233675,35.77,2024-04-21,Approved,,,,,,,72019,00003,https://api.waterdata.usgs.gov/ogcapi/v0/collections/latest-daily/items?parameter_code=72019&statistic_id=00003&limit=10000&f=json
USGS-445456068403901,,,,,44.91555555555556,-68.67750000000001,3.27,2026-03-31,Provisional,,,,,,,72019,00003,https://api.waterdata.usgs.gov/ogcapi/v0/collections/latest-daily/items?parameter_code=72019&statistic_id=00003&limit=10000&f=json
USGS-445511074103901,,,,,44.91963888888888,-74.17708333333334,2.93,2026-08-26,Provisional,,,,,,,72019,00003,https://api.waterdata.usgs.gov/ogcapi/v0/collections/latest-daily/items?parameter_code=72019&statistic_id=00003&limit=10000&f=json
USGS-445511074103902,,,,,44.91963888888888,-74.17705555555555,30.76,2026-08-26,Provisional,,,,,,,72019,00003,https://api.waterdata.usgs.gov/ogcapi/v0/collections/latest-daily/items?parameter_code=72019&statistic_id=00003&limit=10000&f=json
USGS-445700093051001,,,,,44.9499656993229,-93.086329596393,39.34,1997-09-30,Approved,,,,,,,72019,00003,https://api.waterdata.usgs.gov/ogcapi/v0/collections/latest-daily/items?parameter_code=72019&statistic_id=00003&limit=10000&f=json
USGS-445706122512701,,,,,44.9516097968283,-122.858574987903,44.95,2002-04-08,Approved,,,,,,,72019,00003,https://api.waterdata.usgs.gov/ogcapi/v0/collections/latest-daily/items?parameter_code=72019&statistic_id=00003&limit=10000&f=json
USGS-445740093333001,,,,,44.9610742283561,-93.5585680271123,36.97,1999-09-30,Approved,,,,,,,72019,00003,https://api.waterdata.usgs.gov/ogcapi/v0/collections/latest-daily/items?parameter_code=72019&statistic_id=00003&limit=10000&f=json
USGS-445804123061201,,,,,44.9677217412639,-123.104523282718,42.87,2002-04-10,Approved,,,,,,,72019,00003,https://api.waterdata.usgs.gov/ogcapi/v0/collections/latest-daily/items?parameter_code=72019&statistic_id=00003&limit=10000&f=json
USGS-445805073380501,,,,,44.9680833333333,-73.6346944444444,2.23,2026-08-26,Provisional,,,,,,,72019,00003,https://api.waterdata.usgs.gov/ogcapi/v0/collections/latest-daily/items?parameter_code=72019&statistic_id=00003&limit=10000&f=json
USGS-445907122451801,,,,,44.9851215335013,-122.756200192422,93.46,2002-04-08,Approved,,,,,,,72019,00003,https://api.waterdata.usgs.gov/ogcapi/v0/collections/latest-daily/items?parameter_code=72019&statistic_id=00003&limit=10000&f=json
USGS-445913123051101,,,,,44.9867272458182,-123.088239784045,12.74,1999-07-11,Approved,,,,,,,72019,00003,https://api.waterdata.usgs.gov/ogcapi/v0/collections/latest-daily/items?parameter_code=72019&statistic_id=00003&limit=10000&f=json
USGS-445918123050801,,,,,44.9882661254347,-123.087617565613,110.47,2002-04-10,Approved,,,,,,,72019,00003,https://api.waterdata.usgs.gov/ogcapi/v0/collections/latest-daily/items?parameter_code=72019&statistic_id=00003&limit=10000&f=json
USGS-450116093205301,,,,,45.0210758575051,-93.3482837854852,34.91,1999-09-30,Approved,,,,,,,72019,00003,https://api.waterdata.usgs.gov/ogcapi/v0/collections/latest-daily/items?parameter_code=72019&statistic_id=00003&limit=10000&f=json
USGS-450140122490701,,,,,45.0276708014963,-122.819755379642,34.9,2001-04-10,Approved,,,,,,,72019,00003,https://api.waterdata.usgs.gov/ogcapi/v0/collections/latest-daily/items?parameter_code=72019&statistic_id=00003&limit=10000&f=json
USGS-450223093231801,,,,,45.0396866978218,-93.388563027116,73,1999-09-29,Approved,,,,,,,72019,00003,https://api.waterdata.usgs.gov/ogcapi/v0/collections/latest-daily/items?parameter_code=72019&statistic_id=00003&limit=10000&f=json
USGS-450238093082501,,,,,45.0438545967278,-93.1404994796486,135.14,1999-09-30,Approved,,,,,,,72019,00003,https://api.waterdata.usgs.gov/ogcapi/v0/collections/latest-daily/items?parameter_code=72019&statistic_id=00003&limit=10000&f=json
USGS-450451123031901,,,,,45.0806740486258,-123.056487957125,-0.73,1999-11-27,Approved,,,,,,,72019,00003,https://api.waterdata.usgs.gov/ogcapi/v0/collections/latest-daily/items?parameter_code=72019&statistic_id=00003&limit=10000&f=json
USGS-450524112380701,,,,,45.0899198136155,-112.636128202249,171.03,2026-08-26,Provisional,,,,,,,72019,00003,https://api.waterdata.usgs.gov/ogcapi/v0/collections/latest-daily/items?parameter_code=72019&statistic_id=00003&limit=10000&f=json
USGS-450539070301301,,,,,45.0942211760489,-70.5031232708542,7.32,2000-09-28,Approved,ESTIMATED,,,,,,72019,00003,https://api.waterdata.usgs.gov/ogcapi/v0/collections/latest-daily/items?parameter_code=72019&statistic_id=00003&limit=10000&f=json
USGS-450542093105401,,,,,45.09507222222222,-93.1815888888889,1.37,2024-06-09,Approved,,,,,,,72019,00003,https://api.waterdata.usgs.gov/ogcapi/v0/collections/latest-daily/items?parameter_code=72019&statistic_id=00003&limit=10000&f=json
USGS-450542093105506,,,,,45.09511388888889,-93.18183611111111,6.21,2022-10-06,Approved,,,,,,,72019,00003,https://api.waterdata.usgs.gov/ogcapi/v0/collections/latest-daily/items?parameter_code=72019&statistic_id=00003&limit=10000&f=json
USGS-450542093105508,,,,,45.095105555555556,-93.18190277777778,1.85,2024-06-09,Approved,,,,,,,72019,00003,https://api.waterdata.usgs.gov/ogcapi/v0/collections/latest-daily/items?parameter_code=72019&statistic_id=00003&limit=10000&f=json
USGS-450542093105809,,,,,45.095086111111115,-93.18270555555556,4.39,2024-06-09,Approved,,,,,,,72019,00003,https://api.waterdata.usgs.gov/ogcapi/v0/collections/latest-daily/items?parameter_code=72019&statistic_id=00003&limit=10000&f=json
USGS-450542093105813,,,,,45.095086111111115,-93.18276111111112,4.97,2024-06-09,Approved,,,,,,,72019,00003,https://api.waterdata.usgs.gov/ogcapi/v0/collections/latest-daily/items?parameter_code=72019&statistic_id=00003&limit=10000&f=json
USGS-450543093105301,,,,,45.09525277777778,-93.18149444444445,0.7,2024-06-09,Approved,,,,,,,72019,00003,https://api.waterdata.usgs.gov/ogcapi/v0/collections/latest-daily/items?parameter_code=72019&statistic_id=00003&limit=10000&f=json
USGS-450543093105306,,,,,45.09524722222223,-93.18154444444446,1,2024-06-09,Approved,,,,,,,72019,00003,https://api.waterdata.usgs.gov/ogcapi/v0/collections/latest-daily/items?parameter_code=72019&statistic_id=00003&limit=10000&f=json
USGS-450543093105407,,,,,45.09523611111111,-93.18161111111111,1.48,2023-11-14,Approved,,,,,,,72019,00003,https://api.waterdata.usgs.gov/ogcapi/v0/collections/latest-daily/items?parameter_code=72019&statistic_id=00003&limit=10000&f=json
USGS-450543093105501,,,,,45.095219444444446,-93.18173333333334,1.1,2024-06-09,Approved,,,,,,,72019,00003,https://api.waterdata.usgs.gov/ogcapi/v0/collections/latest-daily/items?parameter_code=72019&statistic_id=00003&limit=10000&f=json
USGS-450713067162801,,,,,45.1203532284882,-67.2738802291902,3.9,2026-08-27,Provisional,,,,,,,72019,00003,https://api.waterdata.usgs.gov/ogcapi/v0/collections/latest-daily/items?parameter_code=72019&statistic_id=00003&limit=10000&f=json
USGS-450740123074401,,,,,45.1276175079005,-123.130101819653,76.07,2002-04-23,Approved,,,,,,,72019,00003,https://api.waterdata.usgs.gov/ogcapi/v0/collections/latest-daily/items?parameter_code=72019&statistic_id=00003&limit=10000&f=json
USGS-450814094315001,,,,,45.13722222222222,-94.53055555555555,10.64,2017-04-23,Approved,,,,,,,72019,00003,https://api.waterdata.usgs.gov/ogcapi/v0/collections/latest-daily/items?parameter_code=72019&statistic_id=00003&limit=10000&f=json
USGS-450814094315003,,,,,45.1372222222222,-94.5305555555556,23.81,2017-04-23,Approved,,,,,,,72019,00003,https://api.waterdata.usgs.gov/ogcapi/v0/collections/latest-daily/items?parameter_code=72019&statistic_id=00003&limit=10000&f=json
USGS-450814094315006,,,,,45.1372222222222,-94.5305555555556,32.5,2017-04-23,Approved,,,,,,,72019,00003,https://api.waterdata.usgs.gov/ogcapi/v0/collections/latest-daily/items?parameter_code=72019&statistic_id=00003&limit=10000&f=json
USGS-450826123082601,,,,,45.1403117467201,-123.141813470425,186.14,2001-09-29,Approved,,,,,,,72019,00003,https://api.waterdata.usgs.gov/ogcapi/v0/collections/latest-daily/items?parameter_code=72019&statistic_id=00003&limit=10000&f=json
USGS-450832094321201,,,,,45.1422222222222,-94.5366666666667,11.06,2017-04-23,Approved,,,,,,,72019,00003,https://api.waterdata.usgs.gov/ogcapi/v0/collections/latest-daily/items?parameter_code=72019&statistic_id=00003&limit=10000&f=json
USGS-450832094321203,,,,,45.1422222222222,-94.5366666666667,15.04,2017-04-23,Approved,,,,,,,72019,00003,https://api.waterdata.usgs.gov/ogcapi/v0/collections/latest-daily/items?parameter_code=72019&statistic_id=00003&limit=10000&f=json
USGS-450832094321204,,,,,45.1422222222222,-94.5366666666667,32.43,2017-04-23,Approved,,,,,,,72019,00003,https://api.waterdata.usgs.gov/ogcapi/v0/collections/latest-daily/items?parameter_code=72019&statistic_id=00003&limit=10000&f=json
USGS-450832094321206,,,,,45.1422222222222,-94.5366666666667,58.46,2017-04-23,Approved,,,,,,,72019,00003,https://api.waterdata.usgs.gov/ogcapi/v0/collections/latest-daily/items?parameter_code=72019&statistic_id=00003&limit=10000&f=json
USGS-450851122580101,,,,,45.1474383006093,-122.968092476419,27.96,1999-12-28,Approved,,,,,,,72019,00003,https://api.waterdata.usgs.gov/ogcapi/v0/collections/latest-daily/items?parameter_code=72019&statistic_id=00003&limit=10000&f=json
USGS-450927093033802,,,,,45.1574665973774,-93.0607758243402,10.63,1999-09-29,Approved,,,,,,,72019,00003,https://api.waterdata.usgs.gov/ogcapi/v0/collections/latest-daily/items?parameter_code=72019&statistic_id=00003&limit=10000&f=json
USGS-450937112393701,,,,,45.1601988447955,-112.661131100819,25.21,2010-10-11,Approved,,,,,,,72019,00003,https://api.waterdata.usgs.gov/ogcapi/v0/collections/latest-daily/items?parameter_code=72019&statistic_id=00003&limit=10000&f=json
USGS-450938107350101,,,,,45.1605195085234,-107.584264569296,6.12,2012-11-05,Approved,,,,,,,72019,00003,https://api.waterdata.usgs.gov/ogcapi/v0/collections/latest-daily/items?parameter_code=72019&statistic_id=00003&limit=10000&f=json
USGS-450939122520901,,,,,45.1606751882904,-122.870373219831,31.57,2002-04-08,Approved,,,,,,,72019,00003,https://api.waterdata.usgs.gov/ogcapi/v0/collections/latest-daily/items?parameter_code=72019&statistic_id=00003&limit=10000&f=json
USGS-451048092293001,,,,,45.1801055555556,-92.4916027777778,5.44,2026-06-22,Provisional,,,,,,,72019,00003,https://api.waterdata.usgs.gov/ogcapi/v0/collections/latest-daily/items?parameter_code=72019&statistic_id=00003&limit=10000&f=json
USGS-451128070280301,,,,,45.1911647370934,-70.4670120395828,9.25,2026-08-27,Provisional,,,,,,,72019,00003,https://api.waterdata.usgs.gov/ogcapi/v0/collections/latest-daily/items?parameter_code=72019&statistic_id=00003&limit=10000&f=json
USGS-451402122462501,,,,,45.2337478545627,-122.774888449666,68.29,2001-07-10,Approved,,,,,,,72019,00003,https://api.waterdata.usgs.gov/ogcapi/v0/collections/latest-daily/items?parameter_code=72019&statistic_id=00003&limit=10000&f=json
USGS-451437122453701,,,,,45.243453478339,-122.761482676628,8.18,2002-04-07,Approved,,,,,,,72019,00003,https://api.waterdata.usgs.gov/ogcapi/v0/collections/latest-daily/items?parameter_code=72019&statistic_id=00003&limit=10000&f=json
USGS-451447122502101,,,,,45.2462305341405,-122.840373948189,28.45,2002-04-07,Approved,,,,,,,72019,00003,https://api.waterdata.usgs.gov/ogcapi/v0/collections/latest-daily/items?parameter_code=72019&statistic_id=00003&limit=10000&f=json
USGS-451722122443501,,,,,45.289367122467,-122.744324640553,59.15,2002-04-07,Approved,,,,,,,72019,00003,https://api.waterdata.usgs.gov/ogcapi/v0/collections/latest-daily/items?parameter_code=72019&statistic_id=00003&limit=10000&f=json
USGS-451746106301101,,,,,45.296111,-106.503056,10.92,2026-08-27,Provisional,,,,,,,72019,00003,https://api.waterdata.usgs.gov/ogcapi/v0/collections/latest-daily/items?parameter_code=72019&statistic_id=00003&limit=10000&f=json
USGS-451752122453501,,,,,45.2976196581739,-122.76092801761,23.27,1999-12-27,Approved,,,,,,,72019,00003,https://api.waterdata.usgs.gov/ogcapi/v0/collections/latest-daily/items?parameter_code=72019&statistic_id=00003&limit=10000&f=json
USGS-451753093434801,,,,,45.2980111111111,-93.7300305555556,11.46,2014-11-03,Approved,,,,,,,72019,00003,https://api.waterdata.usgs.gov/ogcapi/v0/collections/latest-daily/items?parameter_code=72019&statistic_id=00003&limit=10000&f=json
USGS-451811093445601,,,,,45.303377777777776,-93.74510555555555,15.02,2014-03-24,Approved,GREATERTHAN,,,,,,72019,00003,https://api.waterdata.usgs.gov/ogcapi/v0/collections/latest-daily/items?parameter_code=72019&statistic_id=00003&limit=10000&f=json
USGS-451822093413201,,,,,45.30576111111111,-93.68856666666667,24.98,2014-11-03,Approved,,,,,,,72019,00003,https://api.waterdata.usgs.gov/ogcapi/v0/collections/latest-daily/items?parameter_code=72019&statistic_id=00003&limit=10000&f=json
USGS-451836090354801,,,,,45.3100694444444,-90.5967361111111,17.58,2026-06-29,Provisional,,,,,,,72019,00003,https://api.waterdata.usgs.gov/ogcapi/v0/collections/latest-daily/items?parameter_code=72019&statistic_id=00003&limit=10000&f=json
USGS-451838107212901,,,,,45.3106666666667,-107.358194444444,7.8,2011-09-29,Approved,,,,,,,72019,00003,https://api.waterdata.usgs.gov/ogcapi/v0/collections/latest-daily/items?parameter_code=72019&statistic_id=00003&limit=10000&f=json
USGS-451903122460801,,,,,45.3173416166304,-122.770095280697,188.11,1999-06-23,Approved,,,,,,,72019,00003,https://api.waterdata.usgs.gov/ogcapi/v0/collections/latest-daily/items?parameter_code=72019&statistic_id=00003&limit=10000&f=json
USGS-451943093504501,,,,,45.3295833333333,-93.8456305555555,21.39,2014-11-05,Approved,,,,,,,72019,00003,https://api.waterdata.usgs.gov/ogcapi/v0/collections/latest-daily/items?parameter_code=72019&statistic_id=00003&limit=10000&f=json
USGS-451957093483201,,,,,45.331611111111116,-93.81135833333333,41.95,2014-11-03,Approved,,,,,,,72019,00003,https://api.waterdata.usgs.gov/ogcapi/v0/collections/latest-daily/items?parameter_code=72019&statistic_id=00003&limit=10000&f=json
USGS-452012093412701,,,,,45.3364583333333,-93.6906944444444,17.43,2026-08-26,Provisional,,,,,,,72019,00003,https://api.waterdata.usgs.gov/ogcapi/v0/collections/latest-daily/items?parameter_code=72019&statistic_id=00003&limit=10000&f=json
USGS-452030093511403,,,,,45.34205555555556,-93.85481388888888,19.01,2014-03-23,Approved,GREATERTHAN,,,,,,72019,00003,https://api.waterdata.usgs.gov/ogcapi/v0/collections/latest-daily/items?parameter_code=72019&statistic_id=00003&limit=10000&f=json
USGS-452033122195901,,,,,45.36561944444445,-122.33419722222222,63.39,2024-12-19,Provisional,,,,,,,72019,00003,https://api.waterdata.usgs.gov/ogcapi/v0/collections/latest-daily/items?parameter_code=72019&statistic_id=00003&limit=10000&f=json
USGS-452111093523402,,,,,45.3574361111111,-93.8812111111111,30.38,2014-11-03,Approved,,,,,,,72019,00003,https://api.waterdata.usgs.gov/ogcapi/v0/collections/latest-daily/items?parameter_code=72019&statistic_id=00003&limit=10000&f=json
USGS-452215093481001,,,,,45.37009166666667,-93.80642499999999,20,2014-11-03,Approved,,,,,,,72019,00003,https://api.waterdata.usgs.gov/ogcapi/v0/collections/latest-daily/items?parameter_code=72019&statistic_id=00003&limit=10000&f=json
USGS-452229093525801,,,,,45.37623333333333,-93.88256666666666,34.13,2014-11-04,Approved,,,,,,,72019,00003,https://api.waterdata.usgs.gov/ogcapi/v0/collections/latest-daily/items?parameter_code=72019&statistic_id=00003&limit=10000&f=json
USGS-452411106301601,,,,,45.4030479834196,-106.505032539721,107.73,2016-10-16,Approved,,,,,,,72019,00003,https://api.waterdata.usgs.gov/ogcapi/v0/collections/latest-daily/items?parameter_code=72019&statistic_id=00003&limit=10000&f=json
USGS-452413093540701,,,,,45.4041666666667,-93.9018111111111,15.3,2014-11-03,Approved,,,,,,,72019,00003,https://api.waterdata.usgs.gov/ogcapi/v0/collections/latest-daily/items?parameter_code=72019&statistic_id=00003&limit=10000&f=json
USGS-452416106413001,,,,,45.4044313070677,-106.69226592959,181.57,2016-10-16,Approved,,,,,,,72019,00003,https://api.waterdata.usgs.gov/ogcapi/v0/collections/latest-daily/items?parameter_code=72019&statistic_id=00003&limit=10000&f=json
USGS-452428093591601,,,,,45.407444444444444,-93.98669444444444,12.59,2014-11-04,Approved,ESTIMATED,,,,,,72019,00003,https://api.waterdata.usgs.gov/ogcapi/v0/collections/latest-daily/items?parameter_code=72019&statistic_id=00003&limit=10000&f=json
USGS-452454106273801,,,,,45.415,-106.46053888888889,6.31,2026-08-26,Provisional,,,,,,,72019,00003,https://api.waterdata.usgs.gov/ogcapi/v0/collections/latest-daily/items?parameter_code=72019&statistic_id=00003&limit=10000&f=json
USGS-452545093571002,,,,,45.429430555555555,-93.95335277777778,23.18,2014-04-26,Approved,,,,,,,72019,00003,https://api.waterdata.usgs.gov/ogcapi/v0/collections/latest-daily/items?parameter_code=72019&statistic_id=00003&limit=10000&f=json
USGS-452609093553001,,,,,45.44370277777777,-93.92130833333334,10.03,2014-11-05,Approved,ESTIMATED,,,,,,72019,00003,https://api.waterdata.usgs.gov/ogcapi/v0/collections/latest-daily/items?parameter_code=72019&statistic_id=00003&limit=10000&f=json
USGS-452619122492401,,,,,45.4384512166654,-122.824543293729,47.86,2002-04-15,Approved,,,,,,,72019,00003,https://api.waterdata.usgs.gov/ogcapi/v0/collections/latest-daily/items?parameter_code=72019&statistic_id=00003&limit=10000&f=json
USGS-452708123033201,,,,,45.4520600568238,-123.060105489348,129.87,1998-08-11,Approved,,,,,,,72019,00003,https://api.waterdata.usgs.gov/ogcapi/v0/collections/latest-daily/items?parameter_code=72019&statistic_id=00003&limit=10000&f=json
USGS-452726088434401,,,,,45.4576305555556,-88.7292777777778,16.45,2026-08-27,Provisional,,,,,,,72019,00003,https://api.waterdata.usgs.gov/ogcapi/v0/collections/latest-daily/items?parameter_code=72019&statistic_id=00003&limit=10000&f=json
USGS-452822122372001,,,,,45.4726388888889,-122.623333333333,97.67,2026-03-01,Approved,,,,,,,72019,00003,https://api.waterdata.usgs.gov/ogcapi/v0/collections/latest-daily/items?parameter_code=72019&statistic_id=00003&limit=10000&f=json
USGS-452825122355501,,,,,45.4734305246303,-122.599801562963,118.46,2019-03-10,Approved,,,,,,,72019,00003,https://api.waterdata.usgs.gov/ogcapi/v0/collections/latest-daily/items?parameter_code=72019&statistic_id=00003&limit=10000&f=json
USGS-452827122382401,,,,,45.47394444444445,-122.64118611111111,4.19,2019-03-03,Approved,,,,,,,72019,00003,https://api.waterdata.usgs.gov/ogcapi/v0/collections/latest-daily/items?parameter_code=72019&statistic_id=00003&limit=10000&f=json
USGS-452827122382402,,,,,45.47391944444445,-122.64121111111112,9.36,2019-03-10,Approved,,,,,,,72019,00003,https://api.waterdata.usgs.gov/ogcapi/v0/collections/latest-daily/items?parameter_code=72019&statistic_id=00003&limit=10000&f=json
USGS-452829069322101,,,,,45.4906014788056,-69.6645006042861,4.44,2000-09-30,Approved,,,,,,,72019,00003,https://api.waterdata.usgs.gov/ogcapi/v0/collections/latest-daily/items?parameter_code=72019&statistic_id=00003&limit=10000&f=json
USGS-452840122302201,,,,,45.4776174181767,-122.507904687391,23.6,2017-01-02,Approved,,,,,,,72019,00003,https://api.waterdata.usgs.gov/ogcapi/v0/collections/latest-daily/items?parameter_code=72019&statistic_id=00003&limit=10000&f=json
USGS-452840122302202,,,,,45.4776257512751,-122.50791857678,9.07,2017-01-02,Approved,,,,,,,72019,00003,https://api.waterdata.usgs.gov/ogcapi/v0/collections/latest-daily/items?parameter_code=72019&statistic_id=00003&limit=10000&f=json
USGS-452855119064701,,,,,45.4818356355507,-119.114185439954,62.88,2005-09-01,Approved,,,,,,,72019,00003,https://api.waterdata.usgs.gov/ogcapi/v0/collections/latest-daily/items?parameter_code=72019&statistic_id=00003&limit=10000&f=json
USGS-452859122364701,,,,,45.48299417106,-122.614218769751,127.33,2019-03-11,Approved,,,,,,,72019,00003,https://api.waterdata.usgs.gov/ogcapi/v0/collections/latest-daily/items?parameter_code=72019&statistic_id=00003&limit=10000&f=json
USGS-452912122312801,,,,,45.4864638888889,-122.526088888889,43.6,2026-08-25,Provisional,,,,,,,72019,00003,https://api.waterdata.usgs.gov/ogcapi/v0/collections/latest-daily/items?parameter_code=72019&statistic_id=00003&limit=10000&f=json
USGS-453107106110601,,,,,45.5186098904892,-106.185567711181,7.23,2018-08-21,Approved,,,,,,,72019,00003,https://api.waterdata.usgs.gov/ogcapi/v0/collections/latest-daily/items?parameter_code=72019&statistic_id=00003&limit=10000&f=json
USGS-453136112420301,,,,,45.5265377118092,-112.701384583169,5.21,2016-10-03,Approved,DISCONTINUED,,,,,,72019,00003,https://api.waterdata.usgs.gov/ogcapi/v0/collections/latest-daily/items?parameter_code=72019&statistic_id=00003&limit=10000&f=json
USGS-453239119031501,,,,,45.5435582571581,-119.054742675742,227.19,2005-09-01,Approved,,,,,,,72019,00003,https://api.waterdata.usgs.gov/ogcapi/v0/collections/latest-daily/items?parameter_code=72019&statistic_id=00003&limit=10000&f=json
USGS-453628123012101,,,,,45.6074341825125,-123.023253746371,104.27,2002-03-13,Approved,,,,,,,72019,00003,https://api.waterdata.usgs.gov/ogcapi/v0/collections/latest-daily/items?parameter_code=72019&statistic_id=00003&limit=10000&f=json
USGS-453629068531801,,,,,45.6081042913004,-68.887818647428,10.88,2026-08-27,Provisional,,,,,,,72019,00003,https://api.waterdata.usgs.gov/ogcapi/v0/collections/latest-daily/items?parameter_code=72019&statistic_id=00003&limit=10000&f=json
USGS-453657087594101,,,,,45.61584722222222,-87.99458611111112,18.38,2026-06-24,Provisional,,,,,,,72019,00003,https://api.waterdata.usgs.gov/ogcapi/v0/collections/latest-daily/items?parameter_code=72019&statistic_id=00003&limit=10000&f=json
USGS-453845121191401,,,,,45.645675057169,-121.321628207566,144.2,2007-10-25,Approved,,,,,,,72019,00003,https://api.waterdata.usgs.gov/ogcapi/v0/collections/latest-daily/items?parameter_code=72019&statistic_id=00003&limit=10000&f=json
USGS-453937121215801,,,,,45.6602860519882,-121.36726724083,361.95,2006-09-30,Approved,,,,,,,72019,00003,https://api.waterdata.usgs.gov/ogcapi/v0/collections/latest-daily/items?parameter_code=72019&statistic_id=00003&limit=10000&f=json
USGS-453944121211301,,,,,45.6620084010642,-121.354906061107,433.62,2006-05-10,Approved,,,,,,,72019,00003,https://api.waterdata.usgs.gov/ogcapi/v0/collections/latest-daily/items?parameter_code=72019&statistic_id=00003&limit=10000&f=json
USGS-454013121225901,,,,,45.6702305164455,-121.384295045705,74.18,2007-09-25,Approved,,,,,,,72019,00003,https://api.waterdata.usgs.gov/ogcapi/v0/collections/latest-daily/items?parameter_code=72019&statistic_id=00003&limit=10000&f=json
USGS-454027121212501,,,,,45.6740919047606,-121.358128234118,393.2,2007-06-27,Approved,,,,,,,72019,00003,https://api.waterdata.usgs.gov/ogcapi/v0/collections/latest-daily/items?parameter_code=72019&statistic_id=00003&limit=10000&f=json
USGS-454040121222901,,,,,45.6776751475627,-121.375933854262,80.74,2007-10-23,Approved,,,,,,,72019,00003,https://api.waterdata.usgs.gov/ogcapi/v0/collections/latest-daily/items?parameter_code=72019&statistic_id=00003&limit=10000&f=json
USGS-454043110005101,,,,,45.6785695214158,-111.015029529539,0.83,2021-07-26,Approved,,,,,,,72019,00003,https://api.waterdata.usgs.gov/ogcapi/v0/collections/latest-daily/items?parameter_code=72019&statistic_id=00003&limit=10000&f=json
USGS-454047121203701,,,,,45.6796754381217,-121.345100365324,93,2007-10-25,Approved,,,,,,,72019,00003,https://api.waterdata.usgs.gov/ogcapi/v0/collections/latest-daily/items?parameter_code=72019&statistic_id=00003&limit=10000&f=json
USGS-454100119164801,,,,,45.682770637047,-119.280110265102,236.62,2005-08-31,Approved,,,,,,,72019,00003,https://api.waterdata.usgs.gov/ogcapi/v0/collections/latest-daily/items?parameter_code=72019&statistic_id=00003&limit=10000&f=json
USGS-454149108415401,,,,,45.6968946310871,-108.699030432481,8.94,2026-08-02,Provisional,,,,,,,72019,00003,https://api.waterdata.usgs.gov/ogcapi/v0/collections/latest-daily/items?parameter_code=72019&statistic_id=00003&limit=10000&f=json
USGS-454301091542901,,,,,45.7171666666667,-91.90825,2.12,2009-09-29,Approved,,,,,,,72019,00003,https://api.waterdata.usgs.gov/ogcapi/v0/collections/latest-daily/items?parameter_code=72019&statistic_id=00003&limit=10000&f=json
USGS-454301091542902,,,,,45.7171666666667,-91.90825,0.39,2009-09-29,Approved,,,,,,,72019,00003,https://api.waterdata.usgs.gov/ogcapi/v0/collections/latest-daily/items?parameter_code=72019&statistic_id=00003&limit=10000&f=json
USGS-454302108392001,,,,,45.7171727982854,-108.656251316573,7.46,2026-08-02,Provisional,,,,,,,72019,00003,https://api.waterdata.usgs.gov/ogcapi/v0/collections/latest-daily/items?parameter_code=72019&statistic_id=00003&limit=10000&f=json
USGS-454323091530501,,,,,45.7231944444444,-91.8848055555556,2.27,2009-09-29,Approved,,,,,,,72019,00003,https://api.waterdata.usgs.gov/ogcapi/v0/collections/latest-daily/items?parameter_code=72019&statistic_id=00003&limit=10000&f=json
USGS-454323091530502,,,,,45.7231944444444,-91.8848055555556,14.5,2009-09-29,Approved,,,,,,,72019,00003,https://api.waterdata.usgs.gov/ogcapi/v0/collections/latest-daily/items?parameter_code=72019&statistic_id=00003&limit=10000&f=json
USGS-454416119212801,,,,,45.7373734742206,-119.358404209895,399.64,2005-08-31,Approved,,,,,,,72019,00003,https://api.waterdata.usgs.gov/ogcapi/v0/collections/latest-daily/items?parameter_code=72019&statistic_id=00003&limit=10000&f=json
USGS-454447091545901,,,,,45.7465833333333,-91.9164444444445,8.42,2009-09-22,Approved,,,,,,,72019,00003,https://api.waterdata.usgs.gov/ogcapi/v0/collections/latest-daily/items?parameter_code=72019&statistic_id=00003&limit=10000&f=json
USGS-454447091545902,,,,,45.7465833333333,-91.9164444444445,19.59,2009-09-29,Approved,,,,,,,72019,00003,https://api.waterdata.usgs.gov/ogcapi/v0/collections/latest-daily/items?parameter_code=72019&statistic_id=00003&limit=10000&f=json
USGS-454458091525701,,,,,45.7495277777778,-91.8825833333333,4.41,2009-09-29,Approved,,,,,,,72019,00003,https://api.waterdata.usgs.gov/ogcapi/v0/collections/latest-daily/items?parameter_code=72019&statistic_id=00003&limit=10000&f=json
USGS-454458091525702,,,,,45.7495277777778,-91.8825833333333,44.11,2009-09-29,Approved,,,,,,,72019,00003,https://api.waterdata.usgs.gov/ogcapi/v0/collections/latest-daily/items?parameter_code=72019&statistic_id=00003&limit=10000&f=json
USGS-454809111095401,,,,,45.8024291638032,-111.16578583722,12.76,2010-10-13,Approved,,,,,,,72019,00003,https://api.waterdata.usgs.gov/ogcapi/v0/collections/latest-daily/items?parameter_code=72019&statistic_id=00003&limit=10000&f=json
USGS-455016107360402,,,,,45.8377777777778,-107.601111111111,7.74,2026-08-26,Provisional,,,,,,,72019,00003,https://api.waterdata.usgs.gov/ogcapi/v0/collections/latest-daily/items?parameter_code=72019&statistic_id=00003&limit=10000&f=json
USGS-455024107355601,,,,,45.8398888888889,-107.598888888889,7.22,2015-08-25,Approved,,,,,,,72019,00003,https://api.waterdata.usgs.gov/ogcapi/v0/collections/latest-daily/items?parameter_code=72019&statistic_id=00003&limit=10000&f=json
USGS-455313113093401,,,,,45.8869444444444,-113.159444444444,6.01,2022-06-27,Approved,,,,,,,72019,00003,https://api.waterdata.usgs.gov/ogcapi/v0/collections/latest-daily/items?parameter_code=72019&statistic_id=00003&limit=10000&f=json
USGS-455418118333001,,,,,45.9048194623003,-118.561178659167,129.83,2005-08-31,Approved,,,,,,,72019,00003,https://api.waterdata.usgs.gov/ogcapi/v0/collections/latest-daily/items?parameter_code=72019&statistic_id=00003&limit=10000&f=json
USGS-455701089030901,,,,,45.9502222222222,-89.0525277777778,5.64,2014-10-14,Approved,,,,,,,72019,00003,https://api.waterdata.usgs.gov/ogcapi/v0/collections/latest-daily/items?parameter_code=72019&statistic_id=00003&limit=10000&f=json
USGS-455927095123101,,,,,45.9909527777778,-95.2068444444444,7.61,2026-08-26,Provisional,,,,,,,72019,00003,https://api.waterdata.usgs.gov/ogcapi/v0/collections/latest-daily/items?parameter_code=72019&statistic_id=00003&limit=10000&f=json
USGS-460005112391901,,,,,46.0021944444444,-112.659472222222,7.38,2026-08-02,Provisional,,,,,,,72019,00003,https://api.waterdata.usgs.gov/ogcapi/v0/collections/latest-daily/items?parameter_code=72019&statistic_id=00003&limit=10000&f=json
USGS-460444094212501,,,,,46.07920555555556,-94.35725555555555,12.54,2005-09-27,Approved,,,,,,,72019,00003,https://api.waterdata.usgs.gov/ogcapi/v0/collections/latest-daily/items?parameter_code=72019&statistic_id=00003&limit=10000&f=json
USGS-461518114090802,,,,,46.2554771397783,-114.155094163754,10.78,2010-10-20,Approved,,,,,,,72019,00003,https://api.waterdata.usgs.gov/ogcapi/v0/collections/latest-daily/items?parameter_code=72019&statistic_id=00003&limit=10000&f=json
USGS-461935118081501,,,,,46.3262055555556,-118.138558333333,38.65,2026-08-26,Provisional,,,,,,,72019,00003,https://api.waterdata.usgs.gov/ogcapi/v0/collections/latest-daily/items?parameter_code=72019&statistic_id=00003&limit=10000&f=json
USGS-462148114062801,,,,,46.3632553339843,-114.10870872601,4.15,2025-11-24,Approved,,,,,,,72019,00003,https://api.waterdata.usgs.gov/ogcapi/v0/collections/latest-daily/items?parameter_code=72019&statistic_id=00003&limit=10000&f=json
USGS-462641110561701,,,,,46.444618597745425,-110.93889225000969,84.43,2024-04-30,Approved,,,,,,,72019,00003,https://api.waterdata.usgs.gov/ogcapi/v0/collections/latest-daily/items?parameter_code=72019&statistic_id=00003&limit=10000&f=json
USGS-462745110174601,,,,,46.4624483833739,-110.296855880797,7.16,2012-08-19,Approved,,,,,,,72019,00003,https://api.waterdata.usgs.gov/ogcapi/v0/collections/latest-daily/items?parameter_code=72019&statistic_id=00003&limit=10000&f=json
USGS-463418094183601,,,,,46.571783333333336,-94.30986388888888,50.56,2021-10-18,Approved,,,,,,,72019,00003,https://api.waterdata.usgs.gov/ogcapi/v0/collections/latest-daily/items?parameter_code=72019&statistic_id=00003&limit=10000&f=json
USGS-463635090481101,,,,,46.6095972222222,-90.8117,30.33,2026-07-14,Provisional,,,,,,,72019,00003,https://api.waterdata.usgs.gov/ogcapi/v0/collections/latest-daily/items?parameter_code=72019&statistic_id=00003&limit=10000&f=json
USGS-463642069344601,,,,,46.6116971142703,-69.5783909941362,16.86,2026-08-27,Provisional,,,,,,,72019,00003,https://api.waterdata.usgs.gov/ogcapi/v0/collections/latest-daily/items?parameter_code=72019&statistic_id=00003&limit=10000&f=json
USGS-463750114033001,,,,,46.6315896251132,-114.062051085854,5.91,2010-10-20,Approved,,,,,,,72019,00003,https://api.waterdata.usgs.gov/ogcapi/v0/collections/latest-daily/items?parameter_code=72019&statistic_id=00003&limit=10000&f=json
USGS-464018068010101,,,,,46.6717084938923,-68.0164172049739,11.15,1987-07-29,Approved,,,,,,,72019,00003,https://api.waterdata.usgs.gov/ogcapi/v0/collections/latest-daily/items?parameter_code=72019&statistic_id=00003&limit=10000&f=json
USGS-464110092531401,,,,,46.6861111111111,-92.8872222222222,17.85,2017-04-24,Approved,,,,,,,72019,00003,https://api.waterdata.usgs.gov/ogcapi/v0/collections/latest-daily/items?parameter_code=72019&statistic_id=00003&limit=10000&f=json
USGS-464110092531402,,,,,46.6861111111111,-92.8872222222222,13.39,2017-04-24,Approved,,,,,,,72019,00003,https://api.waterdata.usgs.gov/ogcapi/v0/collections/latest-daily/items?parameter_code=72019&statistic_id=00003&limit=10000&f=json
USGS-464110092531403,,,,,46.6861111111111,-92.8872222222222,13.42,2017-04-24,Approved,,,,,,,72019,00003,https://api.waterdata.usgs.gov/ogcapi/v0/collections/latest-daily/items?parameter_code=72019&statistic_id=00003&limit=10000&f=json
USGS-464112092531401,,,,,46.6866666666667,-92.8872222222222,27.07,2017-04-24,Approved,,,,,,,72019,00003,https://api.waterdata.usgs.gov/ogcapi/v0/collections/latest-daily/items?parameter_code=72019&statistic_id=00003&limit=10000&f=json
USGS-464112092531404,,,,,46.6866666666667,-92.8872222222222,20.94,2017-04-24,Approved,,,,,,,72019,00003,https://api.waterdata.usgs.gov/ogcapi/v0/collections/latest-daily/items?parameter_code=72019&statistic_id=00003&limit=10000&f=json
USGS-464222092403801,,,,,46.70611111111111,-92.67708333333334,7.45,2010-05-02,Approved,,,,,,,72019,00003,https://api.waterdata.usgs.gov/ogcapi/v0/collections/latest-daily/items?parameter_code=72019&statistic_id=00003&limit=10000&f=json
USGS-464234068010401,,,,,46.709486433817,-68.0172506061397,10.26,1994-09-28,Approved,ESTIMATED,,,,,,72019,00003,https://api.waterdata.usgs.gov/ogcapi/v0/collections/latest-daily/items?parameter_code=72019&statistic_id=00003&limit=10000&f=json
USGS-464239067574401,,,,,46.7108756265763,-67.9616929018743,16.29,1990-07-31,Approved,,,,,,,72019,00003,https://api.waterdata.usgs.gov/ogcapi/v0/collections/latest-daily/items?parameter_code=72019&statistic_id=00003&limit=10000&f=json
USGS-464259067572901,,,,,46.716431241204,-67.9575260548736,18.22,2010-09-30,Approved,,,,,,,72019,00003,https://api.waterdata.usgs.gov/ogcapi/v0/collections/latest-daily/items?parameter_code=72019&statistic_id=00003&limit=10000&f=json
USGS-464303067592201,,,,,46.7175421364578,-67.9889161954994,4.21,1991-09-30,Approved,,,,,,,72019,00003,https://api.waterdata.usgs.gov/ogcapi/v0/collections/latest-daily/items?parameter_code=72019&statistic_id=00003&limit=10000&f=json
USGS-464322092401401,,,,,46.722750000000005,-92.67041666666667,4.09,2010-05-02,Approved,,,,,,,72019,00003,https://api.waterdata.usgs.gov/ogcapi/v0/collections/latest-daily/items?parameter_code=72019&statistic_id=00003&limit=10000&f=json
USGS-465033122570202,,,,,46.84241388888889,-122.96003888888889,24.52,2024-07-10,Approved,,,,,,,72019,00003,https://api.waterdata.usgs.gov/ogcapi/v0/collections/latest-daily/items?parameter_code=72019&statistic_id=00003&limit=10000&f=json
USGS-465237096383901,,,,,46.8769067034589,-96.6445206440699,23.61,1999-10-27,Approved,,,,,,,72019,00003,https://api.waterdata.usgs.gov/ogcapi/v0/collections/latest-daily/items?parameter_code=72019&statistic_id=00003&limit=10000&f=json
USGS-465520114074001,,,,,46.922200718161,-114.127724386438,1.19,2009-11-29,Approved,,,,,,,72019,00003,https://api.waterdata.usgs.gov/ogcapi/v0/collections/latest-daily/items?parameter_code=72019&statistic_id=00003&limit=10000&f=json
USGS-465652094394801,,,,,46.9480027777778,-94.663325,60.72,2018-10-10,Approved,,,,,,,72019,00003,https://api.waterdata.usgs.gov/ogcapi/v0/collections/latest-daily/items?parameter_code=72019&statistic_id=00003&limit=10000&f=json
USGS-465652094394802,,,,,46.9479972222222,-94.6632888888889,61.07,2018-10-10,Approved,,,,,,,72019,00003,https://api.waterdata.usgs.gov/ogcapi/v0/collections/latest-daily/items?parameter_code=72019&statistic_id=00003&limit=10000&f=json
USGS-465652094394803,,,,,46.948025,-94.6632972222222,63.15,2018-10-10,Approved,,,,,,,72019,00003,https://api.waterdata.usgs.gov/ogcapi/v0/collections/latest-daily/items?parameter_code=72019&statistic_id=00003&limit=10000&f=json
USGS-465652094394804,,,,,46.9480277777778,-94.6633361111111,64.59,2018-10-10,Approved,,,,,,,72019,00003,https://api.waterdata.usgs.gov/ogcapi/v0/collections/latest-daily/items?parameter_code=72019&statistic_id=00003&limit=10000&f=json
USGS-470049113035401,,,,,47.0135501626052,-113.065889259158,104.25,2010-10-12,Approved,,,,,,,72019,00003,https://api.waterdata.usgs.gov/ogcapi/v0/collections/latest-daily/items?parameter_code=72019&statistic_id=00003&limit=10000&f=json
USGS-470207114210901,,,,,47.0351944444444,-114.352527777778,5.21,2026-06-01,Provisional,,,,,,,72019,00003,https://api.waterdata.usgs.gov/ogcapi/v0/collections/latest-daily/items?parameter_code=72019&statistic_id=00003&limit=10000&f=json
USGS-470946114013201,,,,,47.1627055836121,-114.026495696748,151.49,2010-10-20,Approved,,,,,,,72019,00003,https://api.waterdata.usgs.gov/ogcapi/v0/collections/latest-daily/items?parameter_code=72019&statistic_id=00003&limit=10000&f=json
USGS-471032122292701,,,,,47.1752583333333,-122.492202777778,34.81,2020-01-08,Approved,,,,,,,72019,00003,https://api.waterdata.usgs.gov/ogcapi/v0/collections/latest-daily/items?parameter_code=72019&statistic_id=00003&limit=10000&f=json
USGS-471457068353001,,,,,47.2492057264312,-68.5911575672281,9.79,2026-08-27,Provisional,,,,,,,72019,00003,https://api.waterdata.usgs.gov/ogcapi/v0/collections/latest-daily/items?parameter_code=72019&statistic_id=00003&limit=10000&f=json
USGS-471729114052101,,,,,47.29138888888889,-114.08916666666666,4.53,2024-09-17,Provisional,,,,,,,72019,00003,https://api.waterdata.usgs.gov/ogcapi/v0/collections/latest-daily/items?parameter_code=72019&statistic_id=00003&limit=10000&f=json
USGS-471729114052201,,,,,47.291288888888886,-114.08948888888888,4.69,2026-07-22,Provisional,,,,,,,72019,00003,https://api.waterdata.usgs.gov/ogcapi/v0/collections/latest-daily/items?parameter_code=72019&statistic_id=00003&limit=10000&f=json
USGS-471735114052701,,,,,47.293055555555554,-114.09083333333332,10.69,2024-09-17,Provisional,,,,,,,72019,00003,https://api.waterdata.usgs.gov/ogcapi/v0/collections/latest-daily/items?parameter_code=72019&statistic_id=00003&limit=10000&f=json
USGS-471736114052601,,,,,47.293438888888886,-114.09061944444444,8.63,2026-07-22,Provisional,,,,,,,72019,00003,https://api.waterdata.usgs.gov/ogcapi/v0/collections/latest-daily/items?parameter_code=72019&statistic_id=00003&limit=10000&f=json
USGS-471740114051301,,,,,47.2944444444444,-114.086944444444,2.57,2026-07-22,Provisional,,,,,,,72019,00003,https://api.waterdata.usgs.gov/ogcapi/v0/collections/latest-daily/items?parameter_code=72019&statistic_id=00003&limit=10000&f=json
USGS-472121122442011,,,,,47.3555361111111,-122.740347222222,0,2024-05-02,Provisional,DISCONTINUED,,,,,,72019,00003,https://api.waterdata.usgs.gov/ogcapi/v0/collections/latest-daily/items?parameter_code=72019&statistic_id=00003&limit=10000&f=json
USGS-472203111112602,,,,,47.367736244548,-111.191353992529,137.44,2019-04-24,Approved,,,,,,,72019,00003,https://api.waterdata.usgs.gov/ogcapi/v0/collections/latest-daily/items?parameter_code=72019&statistic_id=00003&limit=10000&f=json
USGS-473423095053301,,,,,47.57291111111111,-95.09282499999999,29.92,2026-08-26,Provisional,,,,,,,72019,00003,https://api.waterdata.usgs.gov/ogcapi/v0/collections/latest-daily/items?parameter_code=72019&statistic_id=00003&limit=10000&f=json
USGS-473425095052302,,,,,47.57373055555556,-95.08967777777778,28.89,2026-08-26,Provisional,,,,,,,72019,00003,https://api.waterdata.usgs.gov/ogcapi/v0/collections/latest-daily/items?parameter_code=72019&statistic_id=00003&limit=10000&f=json
USGS-473425095052602,,,,,47.57360277777778,-95.090875,21.19,2026-08-26,Provisional,,,,,,,72019,00003,https://api.waterdata.usgs.gov/ogcapi/v0/collections/latest-daily/items?parameter_code=72019&statistic_id=00003&limit=10000&f=json
USGS-473426095052401,,,,,47.573711111111116,-95.09039166666666,21.7,2026-08-26,Provisional,,,,,,,72019,00003,https://api.waterdata.usgs.gov/ogcapi/v0/collections/latest-daily/items?parameter_code=72019&statistic_id=00003&limit=10000&f=json
USGS-473429095050703,,,,,47.57451666666667,-95.08548333333333,-1.92,2011-10-25,Approved,,,,,,,72019,00003,https://api.waterdata.usgs.gov/ogcapi/v0/collections/latest-daily/items?parameter_code=72019&statistic_id=00003&limit=10000&f=json
USGS-473429095051303,,,,,47.57468611111111,-95.08732777777777,30.8,2012-04-09,Approved,,,,,,,72019,00003,https://api.waterdata.usgs.gov/ogcapi/v0/collections/latest-daily/items?parameter_code=72019&statistic_id=00003&limit=10000&f=json
USGS-473442118162201,,,,,47.5781861111111,-118.274908333333,42.36,2026-08-26,Provisional,,,,,,,72019,00003,https://api.waterdata.usgs.gov/ogcapi/v0/collections/latest-daily/items?parameter_code=72019&statistic_id=00003&limit=10000&f=json
USGS-473841096153101,,,,,47.6447,-96.25860833333333,2.27,2018-10-23,Approved,,,,,,,72019,00003,https://api.waterdata.usgs.gov/ogcapi/v0/collections/latest-daily/items?parameter_code=72019&statistic_id=00003&limit=10000&f=json
USGS-474005111583803,,,,,47.6680075203092,-111.978058006492,16.39,2010-10-12,Approved,,,,,,,72019,00003,https://api.waterdata.usgs.gov/ogcapi/v0/collections/latest-daily/items?parameter_code=72019&statistic_id=00003&limit=10000&f=json
USGS-474011117072901,,,,,47.66965,-117.126894444444,101.76,2026-08-26,Provisional,,,,,,,72019,00003,https://api.waterdata.usgs.gov/ogcapi/v0/collections/latest-daily/items?parameter_code=72019&statistic_id=00003&limit=10000&f=json
USGS-474126096165301,,,,,47.6903805555555,-96.2812888888889,7.57,2026-08-26,Provisional,,,,,,,72019,00003,https://api.waterdata.usgs.gov/ogcapi/v0/collections/latest-daily/items?parameter_code=72019&statistic_id=00003&limit=10000&f=json
USGS-474251114385201,,,,,47.7141052358696,-114.648741196326,115.13,2010-10-20,Approved,,,,,,,72019,00003,https://api.waterdata.usgs.gov/ogcapi/v0/collections/latest-daily/items?parameter_code=72019&statistic_id=00003&limit=10000&f=json
USGS-474428091594601,,,,,47.7412611111111,-91.9961166666667,2.2,2024-08-15,Approved,,,,,,,72019,00003,https://api.waterdata.usgs.gov/ogcapi/v0/collections/latest-daily/items?parameter_code=72019&statistic_id=00003&limit=10000&f=json
USGS-474921093144001,,,,,47.8224666666667,-93.2440694444444,25.11,2026-08-27,Provisional,,,,,,,72019,00003,https://api.waterdata.usgs.gov/ogcapi/v0/collections/latest-daily/items?parameter_code=72019&statistic_id=00003&limit=10000&f=json
USGS-475209115241901,,,,,47.86906666666667,-115.40541111111112,3.78,2024-10-07,Provisional,,,,,,,72019,00003,https://api.waterdata.usgs.gov/ogcapi/v0/collections/latest-daily/items?parameter_code=72019&statistic_id=00003&limit=10000&f=json
USGS-475439116503401,,,,,47.91065,-116.843816666667,408.96,2026-08-26,Provisional,,,,,,,72019,00003,https://api.waterdata.usgs.gov/ogcapi/v0/collections/latest-daily/items?parameter_code=72019&statistic_id=00003&limit=10000&f=json
USGS-480034105195401,,,,,48.0093638888889,-105.331008333333,43.79,2026-08-26,Provisional,,,,,,,72019,00003,https://api.waterdata.usgs.gov/ogcapi/v0/collections/latest-daily/items?parameter_code=72019&statistic_id=00003&limit=10000&f=json
USGS-480519114091001,,,,,48.0887222222222,-114.15275,0.74,2014-12-28,Approved,,,,,,,72019,00003,https://api.waterdata.usgs.gov/ogcapi/v0/collections/latest-daily/items?parameter_code=72019&statistic_id=00003&limit=10000&f=json
USGS-480546123100901,,,,,48.096111111111114,-123.16911111111112,0,2024-09-15,Provisional,DISCONTINUED,,,,,,72019,00003,https://api.waterdata.usgs.gov/ogcapi/v0/collections/latest-daily/items?parameter_code=72019&statistic_id=00003&limit=10000&f=json
USGS-480550113585001,,,,,48.0972222222222,-113.980555555556,8.32,2026-08-27,Provisional,,,,,,,72019,00003,https://api.waterdata.usgs.gov/ogcapi/v0/collections/latest-daily/items?parameter_code=72019&statistic_id=00003&limit=10000&f=json
USGS-480621115244901,,,,,48.10586111111111,-115.41358333333334,3.07,2026-05-31,Provisional,,,,,,,72019,00003,https://api.waterdata.usgs.gov/ogcapi/v0/collections/latest-daily/items?parameter_code=72019&statistic_id=00003&limit=10000&f=json
USGS-480728105243901,,,,,48.1244444444444,-105.410833333333,16.4,2026-08-26,Provisional,,,,,,,72019,00003,https://api.waterdata.usgs.gov/ogcapi/v0/collections/latest-daily/items?parameter_code=72019&statistic_id=00003&limit=10000&f=json
USGS-480736106200201,,,,,48.1266666666667,-106.333888888889,23.47,2026-08-26,Provisional,,,,,,,72019,00003,https://api.waterdata.usgs.gov/ogcapi/v0/collections/latest-daily/items?parameter_code=72019&statistic_id=00003&limit=10000&f=json
USGS-480746105080104,,,,,48.1294633578874,-105.134145765353,40.68,2026-05-04,Provisional,,,,,,,72019,00003,https://api.waterdata.usgs.gov/ogcapi/v0/collections/latest-daily/items?parameter_code=72019&statistic_id=00003&limit=10000&f=json
USGS-480844104382601,,,,,48.1465833333333,-104.645083333333,22.02,2026-08-26,Provisional,,,,,,,72019,00003,https://api.waterdata.usgs.gov/ogcapi/v0/collections/latest-daily/items?parameter_code=72019&statistic_id=00003&limit=10000&f=json
USGS-481357104475701,,,,,48.2325916666667,-104.799241666667,237.49,2026-08-26,Provisional,,,,,,,72019,00003,https://api.waterdata.usgs.gov/ogcapi/v0/collections/latest-daily/items?parameter_code=72019&statistic_id=00003&limit=10000&f=json
USGS-481558104492301,,,,,48.26605555555555,-104.82297222222222,24.76,2026-08-26,Provisional,,,,,,,72019,00003,https://api.waterdata.usgs.gov/ogcapi/v0/collections/latest-daily/items?parameter_code=72019&statistic_id=00003&limit=10000&f=json
USGS-481713105052804,,,,,48.2869647540837,-105.091644458785,8.06,2026-08-26,Provisional,,,,,,,72019,00003,https://api.waterdata.usgs.gov/ogcapi/v0/collections/latest-daily/items?parameter_code=72019&statistic_id=00003&limit=10000&f=json
USGS-481904122183301,,,,,48.3174908890503,-122.310376744747,171.26,2008-09-03,Approved,,,,,,,72019,00003,https://api.waterdata.usgs.gov/ogcapi/v0/collections/latest-daily/items?parameter_code=72019&statistic_id=00003&limit=10000&f=json
USGS-482410122261301,,,,,48.4026315998188,-122.438439899443,3.02,2008-05-27,Approved,,,,,,,72019,00003,https://api.waterdata.usgs.gov/ogcapi/v0/collections/latest-daily/items?parameter_code=72019&statistic_id=00003&limit=10000&f=json
USGS-482532122231401,,,,,48.4254380640036,-122.388660738405,5.58,2008-05-27,Approved,,,,,,,72019,00003,https://api.waterdata.usgs.gov/ogcapi/v0/collections/latest-daily/items?parameter_code=72019&statistic_id=00003&limit=10000&f=json
USGS-483148106281601,,,,,48.53,-106.47111111111111,5.95,2026-05-27,Provisional,,,,,,,72019,00003,https://api.waterdata.usgs.gov/ogcapi/v0/collections/latest-daily/items?parameter_code=72019&statistic_id=00003&limit=10000&f=json
USGS-483318104105402,,,,,48.5550255746752,-104.182163354352,23.75,2010-10-28,Approved,,,,,,,72019,00003,https://api.waterdata.usgs.gov/ogcapi/v0/collections/latest-daily/items?parameter_code=72019&statistic_id=00003&limit=10000&f=json
USGS-483320109451101,,,,,48.5555277777778,-109.753555555556,20.55,2021-10-07,Approved,DISCONTINUED,,,,,,72019,00003,https://api.waterdata.usgs.gov/ogcapi/v0/collections/latest-daily/items?parameter_code=72019&statistic_id=00003&limit=10000&f=json
USGS-483650104084001,,,,,48.6139151628608,-104.144939462208,13.78,2010-10-28,Approved,,,,,,,72019,00003,https://api.waterdata.usgs.gov/ogcapi/v0/collections/latest-daily/items?parameter_code=72019&statistic_id=00003&limit=10000&f=json
USGS-484047112353301,,,,,48.67969444444444,-112.59238888888889,10.5,2026-08-27,Provisional,,,,,,,72019,00003,https://api.waterdata.usgs.gov/ogcapi/v0/collections/latest-daily/items?parameter_code=72019&statistic_id=00003&limit=10000&f=json
USGS-484623108252201,,,,,48.7730555555556,-108.422777777778,23.64,2017-08-23,Approved,,,,,,,72019,00003,https://api.waterdata.usgs.gov/ogcapi/v0/collections/latest-daily/items?parameter_code=72019&statistic_id=00003&limit=10000&f=json
USGS-582359134352103,,,,,58.3993961465783,-134.590948637007,14.23,2026-08-26,Provisional,,,,,,,72019,00003,https://api.waterdata.usgs.gov/ogcapi/v0/collections/latest-daily/items?parameter_code=72019&statistic_id=00003&limit=10000&f=json
USGS-611725149335401,,,,,61.2900097367741,-149.596375649354,109.21,2026-08-27,Provisional,,,,,,,72019,00003,https://api.waterdata.usgs.gov/ogcapi/v0/collections/latest-daily/items?parameter_code=72019&statistic_id=00003&limit=10000&f=json
USGS-644400147151502,,,,,64.7333333333333,-147.2575,13.26,2021-12-15,Approved,,,,,,,72019,00003,https://api.waterdata.usgs.gov/ogcapi/v0/collections/latest-daily/items?parameter_code=72019&statistic_id=00003&limit=10000&f=json
USGS-644528147131202,,,,,64.7577777777778,-147.223611111111,10.3,2021-12-15,Approved,,,,,,,72019,00003,https://api.waterdata.usgs.gov/ogcapi/v0/collections/latest-daily/items?parameter_code=72019&statistic_id=00003&limit=10000&f=json
USGS-645434147385101,,,,,64.90956111111112,-147.64999166666666,9.8,2023-06-21,Approved,,,,,,,72019,00003,https://api.waterdata.usgs.gov/ogcapi/v0/collections/latest-daily/items?parameter_code=72019&statistic_id=00003&limit=10000&f=json
USNPS-362532116172701,,,,,36.4255115750305,-116.291706645674,1.78,2026-08-26,Provisional,,,,,,,72019,00003,https://api.waterdata.usgs.gov/ogcapi/v0/collections/latest-daily/items?parameter_code=72019&statistic_id=00003&limit=10000&f=json
