year,state,state_fips,event_type,unique_events,detail_records,deaths,injuries,property_damage_usd,crop_damage_usd,max_magnitude
2021,ALABAMA,1,Cold/Wind Chill,7,7,0,0,0,0,
2021,ALABAMA,1,Excessive Heat,2,2,0,0,0,0,
2021,ALABAMA,1,Flash Flood,166,166,8,0,3705000,0,
2021,ALABAMA,1,Flood,13,13,0,0,0,0,
2021,ALABAMA,1,Frost/Freeze,44,44,0,0,0,0,
2021,ALABAMA,1,Funnel Cloud,2,2,0,0,0,0,
2021,ALABAMA,1,Hail,139,139,0,0,0,0,4
2021,ALABAMA,1,Heat,27,27,0,0,0,0,
2021,ALABAMA,1,Heavy Rain,8,8,0,0,0,0,
2021,ALABAMA,1,Heavy Snow,8,8,0,0,0,0,
2021,ALABAMA,1,High Wind,1,1,0,0,0,0,50
2021,ALABAMA,1,Ice Storm,7,7,0,0,0,0,
2021,ALABAMA,1,Lightning,4,4,0,1,1005000,0,
2021,ALABAMA,1,Rip Current,4,4,5,1,0,0,
2021,ALABAMA,1,Storm Surge/Tide,8,8,0,0,0,0,
2021,ALABAMA,1,Strong Wind,6,6,0,0,2600,0,39
2021,ALABAMA,1,Thunderstorm Wind,593,593,2,3,660300,0,76
2021,ALABAMA,1,Tornado,92,92,7,90,3659000,0,
2021,ALABAMA,1,Tropical Depression,2,2,0,0,30000,0,
2021,ALABAMA,1,Tropical Storm,12,12,0,0,23000,0,
2021,ALABAMA,1,Winter Storm,15,15,0,0,0,0,
2021,ALABAMA,1,Winter Weather,26,26,0,0,0,0,
2021,ALASKA,2,Avalanche,2,2,0,0,0,0,
2021,ALASKA,2,Blizzard,51,51,0,0,0,0,
2021,ALASKA,2,Coastal Flood,2,2,0,0,0,0,
2021,ALASKA,2,Cold/Wind Chill,8,8,0,0,0,0,
2021,ALASKA,2,Extreme Cold/Wind Chill,3,3,0,0,0,0,
2021,ALASKA,2,Flood,6,6,0,0,5855740,0,
2021,ALASKA,2,Heavy Snow,95,95,0,0,0,0,
2021,ALASKA,2,High Wind,54,54,0,1,0,0,91
2021,ALASKA,2,Ice Storm,6,6,0,0,0,0,
2021,ALASKA,2,Winter Storm,45,45,0,0,0,0,
2021,ALASKA,2,Winter Weather,11,11,0,0,0,0,
2021,AMERICAN SAMOA,97,Flash Flood,3,3,0,0,30000,30000,
2021,AMERICAN SAMOA,97,Heavy Rain,4,4,0,0,130000,0,
2021,AMERICAN SAMOA,97,High Surf,4,4,1,0,100000,1200000,
2021,AMERICAN SAMOA,97,High Wind,1,1,0,0,20000,0,35
2021,AMERICAN SAMOA,97,Rip Current,1,1,1,0,0,0,
2021,AMERICAN SAMOA,97,Strong Wind,1,1,0,0,0,100000,26
2021,ARIZONA,4,Cold/Wind Chill,1,1,1,0,0,0,
2021,ARIZONA,4,Debris Flow,2,2,0,0,5000,0,
2021,ARIZONA,4,Dense Fog,2,2,0,0,0,0,
2021,ARIZONA,4,Drought,106,106,0,0,0,0,
2021,ARIZONA,4,Dust Storm,36,36,0,13,50000,0,
2021,ARIZONA,4,Excessive Heat,186,186,150,0,0,0,
2021,ARIZONA,4,Flash Flood,398,398,11,8,78619500,0,
2021,ARIZONA,4,Flood,12,12,0,0,8285000,0,
2021,ARIZONA,4,Funnel Cloud,9,9,0,0,0,0,
2021,ARIZONA,4,Hail,49,49,0,0,30000,5000,2.5
2021,ARIZONA,4,Heat,108,108,186,0,0,0,
2021,ARIZONA,4,Heavy Rain,18,18,0,0,1200000,0,
2021,ARIZONA,4,Heavy Snow,35,35,0,0,0,0,
2021,ARIZONA,4,High Wind,49,49,0,0,98000,0,69
2021,ARIZONA,4,Ice Storm,1,1,0,0,0,0,
2021,ARIZONA,4,Lightning,11,11,0,4,155000,0,
2021,ARIZONA,4,Strong Wind,4,4,0,0,13000,0,43
2021,ARIZONA,4,Thunderstorm Wind,226,226,0,0,6424550,0,79
2021,ARIZONA,4,Tornado,6,6,0,0,0,0,
2021,ARIZONA,4,Wildfire,30,30,0,0,10050000,0,
2021,ARIZONA,4,Winter Storm,8,8,0,1,0,0,
2021,ARIZONA,4,Winter Weather,4,4,0,0,100000,0,
2021,ARKANSAS,5,Cold/Wind Chill,19,19,0,0,0,0,
2021,ARKANSAS,5,Drought,10,10,0,0,0,0,
2021,ARKANSAS,5,Excessive Heat,14,14,0,0,0,0,
2021,ARKANSAS,5,Flash Flood,114,114,0,0,1088000,0,
2021,ARKANSAS,5,Flood,90,90,1,0,37000,0,
2021,ARKANSAS,5,Funnel Cloud,5,5,0,0,0,0,
2021,ARKANSAS,5,Hail,153,153,0,0,150500,0,3
2021,ARKANSAS,5,Heat,81,81,0,0,0,0,
2021,ARKANSAS,5,Heavy Rain,10,10,0,0,0,0,
2021,ARKANSAS,5,Heavy Snow,118,118,0,0,90000,0,
2021,ARKANSAS,5,Ice Storm,7,7,0,0,0,0,
2021,ARKANSAS,5,Lightning,5,5,0,0,335000,0,
2021,ARKANSAS,5,Sleet,3,3,0,0,0,0,
2021,ARKANSAS,5,Strong Wind,1,1,0,0,0,0,43
2021,ARKANSAS,5,Thunderstorm Wind,203,203,0,0,1107000,10000,87
2021,ARKANSAS,5,Tornado,41,41,2,9,27900000,5000,
2021,ARKANSAS,5,Tropical Depression,1,1,0,0,1000,0,
2021,ARKANSAS,5,Winter Storm,41,41,0,0,976000,0,
2021,ARKANSAS,5,Winter Weather,66,66,0,0,0,0,
2021,ATLANTIC NORTH,88,Marine Hail,5,5,0,0,0,0,1.75
2021,ATLANTIC NORTH,88,Marine High Wind,24,24,0,0,0,0,70
2021,ATLANTIC NORTH,88,Marine Thunderstorm Wind,986,986,0,0,0,0,72
2021,ATLANTIC NORTH,88,Marine Tropical Storm,26,26,0,0,0,0,
2021,ATLANTIC NORTH,88,Waterspout,12,12,0,0,0,0,
2021,ATLANTIC SOUTH,87,Marine Hail,10,10,0,0,0,0,1.75
2021,ATLANTIC SOUTH,87,Marine Thunderstorm Wind,443,443,1,0,0,0,67
2021,ATLANTIC SOUTH,87,Marine Tropical Depression,5,5,0,0,0,0,
2021,ATLANTIC SOUTH,87,Marine Tropical Storm,4,4,0,0,0,0,
2021,ATLANTIC SOUTH,87,Waterspout,53,53,0,0,0,0,
2021,CALIFORNIA,6,Astronomical Low Tide,11,11,1,0,0,0,
2021,CALIFORNIA,6,Avalanche,2,2,1,1,250000,0,
2021,CALIFORNIA,6,Blizzard,4,4,0,0,0,0,
2021,CALIFORNIA,6,Coastal Flood,7,7,0,0,0,0,
2021,CALIFORNIA,6,Cold/Wind Chill,5,5,5,3,0,0,
2021,CALIFORNIA,6,Debris Flow,60,60,0,1,4606200,10000,
2021,CALIFORNIA,6,Dense Fog,240,240,6,13,800000,0,
2021,CALIFORNIA,6,Drought,359,359,0,0,0,0,
2021,CALIFORNIA,6,Dust Storm,20,20,1,1,70000,0,
2021,CALIFORNIA,6,Excessive Heat,306,306,3,3,0,0,
2021,CALIFORNIA,6,Flash Flood,77,77,3,8,5296000,13000,
2021,CALIFORNIA,6,Flood,142,142,0,2,16541000,4000,
2021,CALIFORNIA,6,Frost/Freeze,29,29,0,0,0,0,
2021,CALIFORNIA,6,Funnel Cloud,4,4,0,0,0,0,
2021,CALIFORNIA,6,Hail,16,16,0,0,26050,0,1
2021,CALIFORNIA,6,Heat,99,99,3,0,0,0,
2021,CALIFORNIA,6,Heavy Rain,124,124,0,0,111000,0,
2021,CALIFORNIA,6,Heavy Snow,202,202,0,0,26000,0,
2021,CALIFORNIA,6,High Surf,18,18,9,1,0,0,
2021,CALIFORNIA,6,High Wind,483,483,1,4,201305000,19000,138
2021,CALIFORNIA,6,Lake-Effect Snow,1,1,0,0,0,0,
2021,CALIFORNIA,6,Lightning,14,14,1,0,101000,19000,
2021,CALIFORNIA,6,Rip Current,7,7,2,0,0,0,
2021,CALIFORNIA,6,Sneakerwave,1,1,1,0,0,0,
2021,CALIFORNIA,6,Strong Wind,215,215,2,2,1552550,2018000,49
2021,CALIFORNIA,6,Thunderstorm Wind,43,43,1,2,1478000,20000,68
2021,CALIFORNIA,6,Tornado,4,4,0,0,10000,20000,
2021,CALIFORNIA,6,Wildfire,69,69,1,4,66080000,10000,
2021,CALIFORNIA,6,Winter Storm,77,77,0,0,1000,0,
2021,CALIFORNIA,6,Winter Weather,181,181,0,2,6000,0,
2021,COLORADO,8,Avalanche,7,7,9,8,0,0,
2021,COLORADO,8,Blizzard,5,5,0,0,0,0,
2021,COLORADO,8,Debris Flow,50,50,0,0,155470500,0,
2021,COLORADO,8,Dense Fog,6,6,0,0,0,0,
2021,COLORADO,8,Drought,283,283,0,0,0,0,
2021,COLORADO,8,Dust Storm,8,8,1,0,0,0,
2021,COLORADO,8,Excessive Heat,1,1,0,0,0,0,
2021,COLORADO,8,Extreme Cold/Wind Chill,4,4,0,0,0,0,
2021,COLORADO,8,Flash Flood,101,101,4,10,2094000,410000,
2021,COLORADO,8,Flood,6,6,0,0,7000,15000,
2021,COLORADO,8,Frost/Freeze,44,44,0,0,0,0,
2021,COLORADO,8,Funnel Cloud,3,3,0,0,0,0,
2021,COLORADO,8,Hail,268,268,0,0,15000,0,4
2021,COLORADO,8,Heat,5,5,0,0,0,0,
2021,COLORADO,8,Heavy Rain,131,131,0,0,0,0,
2021,COLORADO,8,Heavy Snow,96,96,0,0,0,0,
2021,COLORADO,8,High Wind,333,333,1,6,50000,0,101
2021,COLORADO,8,Lightning,2,2,0,2,0,10000,
2021,COLORADO,8,Strong Wind,1,1,0,0,100000,0,43
2021,COLORADO,8,Thunderstorm Wind,140,140,0,0,1201900,10,103
2021,COLORADO,8,Tornado,49,49,0,0,550500,0,
2021,COLORADO,8,Wildfire,29,29,3,7,2000950000,0,
2021,COLORADO,8,Winter Storm,90,90,0,0,0,0,
2021,COLORADO,8,Winter Weather,182,182,0,0,0,0,
2021,CONNECTICUT,9,Cold/Wind Chill,4,4,0,0,0,0,
2021,CONNECTICUT,9,Flash Flood,68,68,0,0,7040510,0,
2021,CONNECTICUT,9,Flood,10,10,1,0,10000,0,
2021,CONNECTICUT,9,Hail,5,5,0,0,0,0,1
2021,CONNECTICUT,9,Heat,8,8,0,0,0,0,
2021,CONNECTICUT,9,Heavy Rain,2,2,0,0,0,0,
2021,CONNECTICUT,9,Heavy Snow,15,15,0,0,0,0,
2021,CONNECTICUT,9,High Wind,9,9,0,0,5000,0,61
2021,CONNECTICUT,9,Strong Wind,10,10,0,0,18100,3000,47
2021,CONNECTICUT,9,Thunderstorm Wind,120,120,0,2,242900,0,70
2021,CONNECTICUT,9,Tornado,8,8,0,0,390500,5000,
2021,CONNECTICUT,9,Tropical Depression,2,2,0,0,0,0,
2021,CONNECTICUT,9,Tropical Storm,9,9,0,0,5800,0,
2021,CONNECTICUT,9,Winter Storm,10,10,0,0,0,0,
2021,CONNECTICUT,9,Winter Weather,23,23,0,0,0,0,
2021,DELAWARE,10,Coastal Flood,10,10,0,0,0,0,
2021,DELAWARE,10,Excessive Heat,3,3,0,0,0,0,
2021,DELAWARE,10,Flash Flood,6,6,0,0,3600000,0,
2021,DELAWARE,10,Funnel Cloud,2,2,0,0,0,0,
2021,DELAWARE,10,Hail,3,3,0,0,0,0,1
2021,DELAWARE,10,High Wind,3,3,0,1,0,0,50
2021,DELAWARE,10,Lightning,9,9,0,1,0,0,
2021,DELAWARE,10,Thunderstorm Wind,44,44,0,0,0,0,70
2021,DELAWARE,10,Tornado,2,2,0,0,0,0,
2021,DELAWARE,10,Winter Weather,15,15,0,0,0,0,
2021,DISTRICT OF COLUMBIA,11,Coastal Flood,2,2,0,0,0,0,
2021,DISTRICT OF COLUMBIA,11,Flash Flood,8,8,0,0,0,0,
2021,DISTRICT OF COLUMBIA,11,Flood,9,9,0,0,0,0,
2021,DISTRICT OF COLUMBIA,11,Heat,1,1,0,0,0,0,
2021,DISTRICT OF COLUMBIA,11,Ice Storm,1,1,0,0,0,0,
2021,DISTRICT OF COLUMBIA,11,Thunderstorm Wind,24,24,0,5,542000,0,65
2021,DISTRICT OF COLUMBIA,11,Tornado,2,2,0,0,200000,0,
2021,DISTRICT OF COLUMBIA,11,Winter Weather,2,2,0,0,0,0,
2021,E PACIFIC,86,Marine Dense Fog,1,1,2,0,0,0,
2021,E PACIFIC,86,Waterspout,1,1,0,0,0,0,
2021,FLORIDA,12,Coastal Flood,13,13,0,0,0,0,
2021,FLORIDA,12,Flash Flood,130,130,0,0,151000,0,
2021,FLORIDA,12,Flood,79,79,0,0,37462000,0,
2021,FLORIDA,12,Frost/Freeze,4,4,0,0,0,0,
2021,FLORIDA,12,Funnel Cloud,11,11,0,0,0,0,
2021,FLORIDA,12,Hail,78,78,0,0,0,0,2
2021,FLORIDA,12,Heavy Rain,97,97,1,1,0,0,
2021,FLORIDA,12,High Surf,1,1,0,0,1000,0,
2021,FLORIDA,12,High Wind,4,4,0,0,50000,0,67
2021,FLORIDA,12,Lightning,21,21,4,10,132000,0,
2021,FLORIDA,12,Rip Current,32,32,28,18,0,0,
2021,FLORIDA,12,Storm Surge/Tide,8,8,0,0,0,0,
2021,FLORIDA,12,Strong Wind,14,14,0,0,1047000,0,46
2021,FLORIDA,12,Thunderstorm Wind,308,308,2,1,5248420,0,74
2021,FLORIDA,12,Tornado,33,33,0,2,2795000,2000,
2021,FLORIDA,12,Tropical Depression,8,8,0,0,0,0,
2021,FLORIDA,12,Tropical Storm,74,74,0,0,1158000,0,
2021,FLORIDA,12,Wildfire,5,5,0,0,810000,0,
2021,GEORGIA,13,Coastal Flood,2,2,0,0,0,0,
2021,GEORGIA,13,Debris Flow,1,1,0,0,0,0,
2021,GEORGIA,13,Flash Flood,198,198,0,0,3160000,0,
2021,GEORGIA,13,Flood,14,14,0,0,23500,0,
2021,GEORGIA,13,Funnel Cloud,2,2,0,0,0,0,
2021,GEORGIA,13,Hail,84,84,0,0,8750040,40,2.5
2021,GEORGIA,13,Heavy Rain,17,17,0,0,0,0,
2021,GEORGIA,13,Heavy Snow,2,2,0,0,0,0,
2021,GEORGIA,13,Lightning,12,12,1,1,210500,0,
2021,GEORGIA,13,Rip Current,7,7,0,0,0,0,
2021,GEORGIA,13,Strong Wind,1,1,0,0,4000,0,40
2021,GEORGIA,13,Thunderstorm Wind,417,417,2,3,2847130,120,91
2021,GEORGIA,13,Tornado,53,53,1,29,24083000,0,
2021,GEORGIA,13,Tropical Depression,4,4,0,0,0,0,
2021,GEORGIA,13,Tropical Storm,17,17,0,0,43000,0,
2021,GEORGIA,13,Wildfire,2,2,0,0,0,0,
2021,GEORGIA,13,Winter Storm,4,4,0,0,0,0,
2021,GEORGIA,13,Winter Weather,10,10,0,0,0,0,
2021,GUAM,98,Coastal Flood,2,2,0,0,2000000,2000000,
2021,GUAM,98,Drought,12,12,0,0,0,0,
2021,GUAM,98,Hurricane (Typhoon),1,1,0,0,3900000,2000000,
2021,GUAM,98,Rip Current,1,1,1,0,0,0,
2021,GUAM,98,Thunderstorm Wind,1,1,0,0,10000,0,45
2021,GUAM,98,Tropical Storm,2,2,0,0,0,0,
2021,GULF OF MEXICO,85,Marine Dense Fog,2,2,0,0,0,0,
2021,GULF OF MEXICO,85,Marine High Wind,1,1,0,0,100000,0,54
2021,GULF OF MEXICO,85,Marine Hurricane/Typhoon,12,12,0,0,0,0,
2021,GULF OF MEXICO,85,Marine Strong Wind,1,1,0,0,15000,0,38
2021,GULF OF MEXICO,85,Marine Thunderstorm Wind,863,863,13,0,50000000,0,74
2021,GULF OF MEXICO,85,Marine Tropical Depression,1,1,0,0,0,0,
2021,GULF OF MEXICO,85,Marine Tropical Storm,71,71,9,0,0,0,
2021,GULF OF MEXICO,85,Waterspout,82,82,0,0,0,0,
2021,HAWAII WATERS,84,Waterspout,2,2,0,0,0,0,
2021,HAWAII,15,Debris Flow,6,6,0,0,3900000,0,
2021,HAWAII,15,Drought,180,180,0,0,0,0,
2021,HAWAII,15,Flash Flood,24,24,0,1,47100000,1800000,
2021,HAWAII,15,Funnel Cloud,1,1,0,0,0,0,
2021,HAWAII,15,Hail,1,1,0,0,0,0,0.88
2021,HAWAII,15,Heavy Rain,159,159,3,0,0,0,
2021,HAWAII,15,High Surf,319,319,1,0,0,0,
2021,HAWAII,15,High Wind,1,1,0,0,0,0,91
2021,HAWAII,15,Lightning,1,1,0,0,20000,0,
2021,HAWAII,15,Strong Wind,2,2,0,3,0,3000,43
2021,HAWAII,15,Wildfire,3,3,0,0,0,0,
2021,HAWAII,15,Winter Storm,2,2,0,0,0,0,
2021,IDAHO,16,Avalanche,4,4,4,0,0,0,
2021,IDAHO,16,Cold/Wind Chill,1,1,1,0,0,0,
2021,IDAHO,16,Debris Flow,4,4,0,0,0,0,
2021,IDAHO,16,Dust Storm,1,1,0,0,0,0,
2021,IDAHO,16,Excessive Heat,9,9,0,0,0,0,
2021,IDAHO,16,Flash Flood,15,15,0,0,0,0,
2021,IDAHO,16,Flood,3,3,0,0,0,0,
2021,IDAHO,16,Funnel Cloud,2,2,0,0,0,0,
2021,IDAHO,16,Hail,11,11,0,0,9000,0,1.5
2021,IDAHO,16,Heat,4,4,0,0,0,0,
2021,IDAHO,16,Heavy Rain,4,4,0,0,0,0,
2021,IDAHO,16,Heavy Snow,110,110,1,0,25000,0,
2021,IDAHO,16,High Wind,55,55,2,2,5298500,0,75
2021,IDAHO,16,Lightning,1,1,0,1,0,0,
2021,IDAHO,16,Strong Wind,14,14,0,0,250100,0,49
2021,IDAHO,16,Thunderstorm Wind,53,53,3,5,10000,0,69
2021,IDAHO,16,Wildfire,16,16,0,22,534000,0,
2021,IDAHO,16,Winter Storm,63,63,0,8,25000,0,
2021,IDAHO,16,Winter Weather,20,20,1,0,8000,0,
2021,ILLINOIS,17,Cold/Wind Chill,77,77,3,0,0,0,
2021,ILLINOIS,17,Dense Fog,63,63,0,0,0,0,
2021,ILLINOIS,17,Drought,45,45,0,0,0,0,
2021,ILLINOIS,17,Excessive Heat,2,2,0,0,0,0,
2021,ILLINOIS,17,Extreme Cold/Wind Chill,10,10,0,0,0,0,
2021,ILLINOIS,17,Flash Flood,66,66,0,0,25848000,200000,
2021,ILLINOIS,17,Flood,51,51,1,0,69000,0,
2021,ILLINOIS,17,Frost/Freeze,57,57,0,0,0,0,
2021,ILLINOIS,17,Funnel Cloud,12,12,0,0,0,0,
2021,ILLINOIS,17,Hail,99,99,0,0,100000,0,3
2021,ILLINOIS,17,Heat,57,57,0,0,0,0,
2021,ILLINOIS,17,Heavy Rain,13,13,4,1,0,0,
2021,ILLINOIS,17,Heavy Snow,43,43,0,0,0,0,
2021,ILLINOIS,17,High Wind,36,36,0,0,0,0,63
2021,ILLINOIS,17,Ice Storm,18,18,0,0,0,0,
2021,ILLINOIS,17,Lakeshore Flood,1,1,0,0,0,0,
2021,ILLINOIS,17,Lightning,1,1,1,0,0,0,
2021,ILLINOIS,17,Rip Current,3,3,3,1,0,0,
2021,ILLINOIS,17,Strong Wind,41,41,0,1,40000,0,43
2021,ILLINOIS,17,Thunderstorm Wind,573,573,1,4,2261000,2000000,81
2021,ILLINOIS,17,Tornado,82,82,6,13,8487000,100000,
2021,ILLINOIS,17,Winter Storm,97,97,1,1,20000,0,
2021,ILLINOIS,17,Winter Weather,171,171,1,0,0,0,
2021,INDIANA,18,Cold/Wind Chill,6,6,0,0,0,0,
2021,INDIANA,18,Dense Fog,18,18,0,0,0,0,
2021,INDIANA,18,Flash Flood,47,47,1,1,49338000,0,
2021,INDIANA,18,Flood,63,63,1,0,66000,40000,
2021,INDIANA,18,Frost/Freeze,18,18,0,0,0,0,
2021,INDIANA,18,Funnel Cloud,3,3,0,0,0,0,
2021,INDIANA,18,Hail,76,76,0,0,0,0,3.4
2021,INDIANA,18,Heat,18,18,0,0,0,0,
2021,INDIANA,18,Heavy Rain,2,2,0,0,0,0,
2021,INDIANA,18,Heavy Snow,49,49,0,9,950000,0,
2021,INDIANA,18,High Wind,33,33,0,0,535000,0,57
2021,INDIANA,18,Ice Storm,4,4,0,0,0,0,
2021,INDIANA,18,Lightning,4,4,0,0,62000,0,
2021,INDIANA,18,Strong Wind,36,36,0,1,79000,0,49
2021,INDIANA,18,Thunderstorm Wind,378,378,2,3,2526000,106000,74
2021,INDIANA,18,Tornado,21,21,0,1,436500,18500,
2021,INDIANA,18,Wildfire,1,1,0,0,0,0,
2021,INDIANA,18,Winter Storm,88,88,0,0,75000,0,
2021,INDIANA,18,Winter Weather,116,116,1,8,560000,0,
2021,IOWA,19,Blizzard,60,60,1,1,0,0,
2021,IOWA,19,Cold/Wind Chill,57,57,0,0,0,0,
2021,IOWA,19,Drought,307,307,0,0,0,9808000,
2021,IOWA,19,Extreme Cold/Wind Chill,43,43,0,0,0,0,
2021,IOWA,19,Flash Flood,31,31,0,0,800000,6430000,
2021,IOWA,19,Flood,13,13,0,0,520000,2500000,
2021,IOWA,19,Funnel Cloud,39,39,0,0,0,0,
2021,IOWA,19,Hail,198,198,0,0,316000,6782000,4
2021,IOWA,19,Heavy Rain,177,177,0,0,0,0,
2021,IOWA,19,Heavy Snow,54,54,0,0,0,0,
2021,IOWA,19,High Wind,94,94,0,0,200000,0,72
2021,IOWA,19,Lightning,4,4,0,0,80000,0,
2021,IOWA,19,Thunderstorm Wind,381,381,1,1,3364000,186000,87
2021,IOWA,19,Tornado,146,146,0,1,16992500,95900,
2021,IOWA,19,Winter Storm,109,109,0,0,0,0,
2021,IOWA,19,Winter Weather,73,73,1,0,30000,0,
2021,KANSAS,20,Drought,50,50,0,0,0,0,
2021,KANSAS,20,Dust Storm,18,18,0,3,0,0,
2021,KANSAS,20,Excessive Heat,11,11,0,0,0,0,
2021,KANSAS,20,Extreme Cold/Wind Chill,68,68,3,0,0,0,
2021,KANSAS,20,Flash Flood,52,52,0,0,2000210,210,
2021,KANSAS,20,Flood,25,25,0,0,2200,300,
2021,KANSAS,20,Frost/Freeze,3,3,0,0,0,0,
2021,KANSAS,20,Funnel Cloud,3,3,0,0,0,0,
2021,KANSAS,20,Hail,537,537,0,0,724110,6250000,4
2021,KANSAS,20,Heavy Rain,128,128,0,0,0,0,
2021,KANSAS,20,Heavy Snow,6,6,0,0,0,0,
2021,KANSAS,20,High Wind,222,222,0,2,123000,0,104
2021,KANSAS,20,Lightning,1,1,0,0,10000,0,
2021,KANSAS,20,Strong Wind,2,2,0,0,0,0,48
2021,KANSAS,20,Thunderstorm Wind,672,672,0,3,1713100,30520,99
2021,KANSAS,20,Tornado,39,39,0,0,245000,0,
2021,KANSAS,20,Wildfire,16,16,3,1,2406000,0,
2021,KANSAS,20,Winter Storm,37,37,0,0,170000,0,
2021,KANSAS,20,Winter Weather,72,72,0,0,0,0,
2021,KENTUCKY,21,Cold/Wind Chill,9,9,0,0,0,0,
2021,KENTUCKY,21,Debris Flow,16,16,0,0,13000,5000,
2021,KENTUCKY,21,Dense Fog,71,71,0,0,0,0,
2021,KENTUCKY,21,Flash Flood,217,217,2,0,9301500,0,
2021,KENTUCKY,21,Flood,179,179,1,0,542000,100000,
2021,KENTUCKY,21,Frost/Freeze,66,66,0,0,0,0,
2021,KENTUCKY,21,Funnel Cloud,3,3,0,0,0,0,
2021,KENTUCKY,21,Hail,52,52,0,0,23130,0,1.75
2021,KENTUCKY,21,Heat,66,66,0,0,0,0,
2021,KENTUCKY,21,Heavy Rain,31,31,0,0,0,0,
2021,KENTUCKY,21,Heavy Snow,52,52,2,2,35000,0,
2021,KENTUCKY,21,High Wind,5,5,0,0,1000,2200,50
2021,KENTUCKY,21,Ice Storm,117,117,1,1,75000,0,
2021,KENTUCKY,21,Lightning,5,5,0,0,32000,0,
2021,KENTUCKY,21,Sleet,10,10,0,0,0,0,
2021,KENTUCKY,21,Strong Wind,53,53,0,0,46000,0,44
2021,KENTUCKY,21,Thunderstorm Wind,342,342,0,2,987950,64650,100
2021,KENTUCKY,21,Tornado,63,63,76,617,1630000,1000,
2021,KENTUCKY,21,Winter Storm,148,148,3,3,300000,0,
2021,KENTUCKY,21,Winter Weather,122,122,0,0,0,0,
2021,LAKE ERIE,95,Marine High Wind,4,4,0,0,0,0,55
2021,LAKE ERIE,95,Marine Thunderstorm Wind,89,89,0,0,0,0,65
2021,LAKE ERIE,95,Waterspout,19,19,0,0,0,0,
2021,LAKE HURON,90,Marine Thunderstorm Wind,46,46,0,0,7500,0,68
2021,LAKE HURON,90,Waterspout,4,4,0,0,0,0,
2021,LAKE MICHIGAN,91,Marine Hail,5,5,0,0,0,0,1.75
2021,LAKE MICHIGAN,91,Marine High Wind,10,10,0,0,0,0,64
2021,LAKE MICHIGAN,91,Marine Strong Wind,1,1,1,3,0,0,39
2021,LAKE MICHIGAN,91,Marine Thunderstorm Wind,159,159,1,0,0,0,70
2021,LAKE MICHIGAN,91,Waterspout,3,3,0,0,0,0,
2021,LAKE ONTARIO,94,Marine Hail,1,1,0,0,0,0,0.88
2021,LAKE ONTARIO,94,Marine Thunderstorm Wind,8,8,0,0,0,0,49
2021,LAKE ONTARIO,94,Waterspout,3,3,0,0,0,0,
2021,LAKE ST CLAIR,81,Marine Hail,1,1,0,0,0,0,1
2021,LAKE ST CLAIR,81,Marine Thunderstorm Wind,36,36,0,0,0,0,60
2021,LAKE SUPERIOR,92,Marine Hail,3,3,0,0,0,0,1
2021,LAKE SUPERIOR,92,Marine High Wind,38,38,0,0,0,0,67
2021,LAKE SUPERIOR,92,Marine Strong Wind,1,1,0,1,5000,0,23
2021,LAKE SUPERIOR,92,Marine Thunderstorm Wind,50,50,0,0,0,0,54
2021,LOUISIANA,22,Astronomical Low Tide,5,5,0,0,0,0,
2021,LOUISIANA,22,Coastal Flood,10,10,0,0,0,0,
2021,LOUISIANA,22,Cold/Wind Chill,17,17,1,0,0,0,
2021,LOUISIANA,22,Drought,10,10,0,0,0,0,
2021,LOUISIANA,22,Excessive Heat,18,18,0,0,0,0,
2021,LOUISIANA,22,Flash Flood,120,120,5,0,501444000,0,
2021,LOUISIANA,22,Flood,2,2,0,0,5000,0,
2021,LOUISIANA,22,Funnel Cloud,3,3,0,0,0,0,
2021,LOUISIANA,22,Hail,61,61,0,0,57000,0,2.75
2021,LOUISIANA,22,Heat,96,96,0,0,0,0,
2021,LOUISIANA,22,Heavy Rain,26,26,0,0,0,0,
2021,LOUISIANA,22,Heavy Snow,9,9,0,0,0,0,
2021,LOUISIANA,22,High Wind,1,1,0,0,10000,0,61
2021,LOUISIANA,22,Hurricane (Typhoon),30,30,28,0,8575000000,0,
2021,LOUISIANA,22,Ice Storm,17,17,0,0,250000,0,
2021,LOUISIANA,22,Lightning,3,3,0,0,8500,0,
2021,LOUISIANA,22,Sleet,8,8,0,0,350000,0,
2021,LOUISIANA,22,Storm Surge/Tide,19,19,1,0,3572500000,0,
2021,LOUISIANA,22,Strong Wind,5,5,1,0,0,0,49
2021,LOUISIANA,22,Thunderstorm Wind,177,177,0,1,761100,0,78
2021,LOUISIANA,22,Tornado,51,51,1,11,7649000,0,
2021,LOUISIANA,22,Tropical Storm,17,17,0,0,2880000,0,
2021,LOUISIANA,22,Winter Storm,75,75,5,0,850000,0,
2021,LOUISIANA,22,Winter Weather,4,4,0,0,20000,0,
2021,MAINE,23,Coastal Flood,4,4,0,0,280000,0,
2021,MAINE,23,Dense Fog,1,1,1,0,0,0,
2021,MAINE,23,Drought,28,28,0,0,0,0,
2021,MAINE,23,Extreme Cold/Wind Chill,4,4,0,0,0,0,
2021,MAINE,23,Flash Flood,9,9,0,0,2958000,0,
2021,MAINE,23,Flood,9,9,0,0,1760000,0,
2021,MAINE,23,Funnel Cloud,2,2,0,0,0,0,
2021,MAINE,23,Hail,13,13,0,0,0,0,1.75
2021,MAINE,23,Heat,40,40,0,0,0,0,
2021,MAINE,23,Heavy Snow,27,27,0,0,0,0,
2021,MAINE,23,High Wind,12,12,0,0,0,0,63
2021,MAINE,23,Strong Wind,4,4,1,0,0,0,43
2021,MAINE,23,Thunderstorm Wind,70,70,1,0,285000,0,96
2021,MAINE,23,Winter Storm,55,55,0,0,0,0,
2021,MAINE,23,Winter Weather,45,45,0,0,0,0,
2021,MARYLAND,24,Coastal Flood,16,16,0,0,1650000,0,
2021,MARYLAND,24,Dense Fog,40,40,0,0,0,0,
2021,MARYLAND,24,Excessive Heat,1,1,0,0,0,0,
2021,MARYLAND,24,Flash Flood,53,53,1,4,1040000,0,
2021,MARYLAND,24,Flood,203,203,0,0,205000,0,
2021,MARYLAND,24,Frost/Freeze,24,24,0,0,0,0,
2021,MARYLAND,24,Funnel Cloud,1,1,0,0,0,0,
2021,MARYLAND,24,Hail,29,29,0,0,0,0,1.75
2021,MARYLAND,24,Heat,30,30,0,0,0,0,
2021,MARYLAND,24,Heavy Rain,22,22,0,0,0,0,
2021,MARYLAND,24,High Wind,3,3,0,0,0,0,50
2021,MARYLAND,24,Ice Storm,6,6,0,0,0,0,
2021,MARYLAND,24,Lightning,10,10,1,0,2956500,0,
2021,MARYLAND,24,Rip Current,4,4,4,0,0,0,
2021,MARYLAND,24,Thunderstorm Wind,471,471,0,5,4699500,23000,78
2021,MARYLAND,24,Tornado,8,8,0,0,670000,5000,
2021,MARYLAND,24,Tropical Storm,5,5,0,0,105000,0,
2021,MARYLAND,24,Winter Storm,34,34,0,0,0,0,
2021,MARYLAND,24,Winter Weather,143,143,0,0,95000,0,
2021,MASSACHUSETTS,25,Coastal Flood,6,6,0,0,0,0,
2021,MASSACHUSETTS,25,Cold/Wind Chill,3,3,0,0,0,0,
2021,MASSACHUSETTS,25,Extreme Cold/Wind Chill,2,2,0,0,0,0,
2021,MASSACHUSETTS,25,Flash Flood,32,32,0,0,749000,0,
2021,MASSACHUSETTS,25,Flood,52,52,0,0,100400,0,
2021,MASSACHUSETTS,25,Hail,25,25,0,0,0,0,1.75
2021,MASSACHUSETTS,25,Heat,6,6,0,0,0,0,
2021,MASSACHUSETTS,25,Heavy Snow,28,28,0,0,6500,0,
2021,MASSACHUSETTS,25,High Wind,43,43,0,0,7131040,1000,82
2021,MASSACHUSETTS,25,Lightning,7,7,0,0,40800,0,
2021,MASSACHUSETTS,25,Strong Wind,80,80,1,4,174700,5000,49
2021,MASSACHUSETTS,25,Thunderstorm Wind,253,253,0,0,878100,201000,78
2021,MASSACHUSETTS,25,Tornado,6,6,0,0,49000,0,
2021,MASSACHUSETTS,25,Tropical Storm,13,13,0,0,26000,0,
2021,MASSACHUSETTS,25,Wildfire,1,1,0,0,0,0,
2021,MASSACHUSETTS,25,Winter Storm,11,11,0,0,5000,0,
2021,MASSACHUSETTS,25,Winter Weather,17,17,0,0,5800,0,
2021,MICHIGAN,26,Cold/Wind Chill,29,29,0,0,0,0,
2021,MICHIGAN,26,Extreme Cold/Wind Chill,3,3,0,0,0,0,
2021,MICHIGAN,26,Flash Flood,18,18,0,1,154875000,0,
2021,MICHIGAN,26,Flood,8,8,0,0,550000,0,
2021,MICHIGAN,26,Funnel Cloud,3,3,0,0,0,0,
2021,MICHIGAN,26,Hail,80,80,0,0,493000,0,4
2021,MICHIGAN,26,Heavy Rain,3,3,0,0,0,0,
2021,MICHIGAN,26,Heavy Snow,14,14,0,0,0,0,
2021,MICHIGAN,26,High Wind,104,104,0,1,6137000,0,69
2021,MICHIGAN,26,Lake-Effect Snow,2,2,0,0,0,0,
2021,MICHIGAN,26,Lakeshore Flood,3,3,0,0,0,0,
2021,MICHIGAN,26,Lightning,4,4,0,5,107000,0,
2021,MICHIGAN,26,Strong Wind,6,6,0,0,6000,0,45
2021,MICHIGAN,26,Thunderstorm Wind,467,467,0,2,6236800,0,78
2021,MICHIGAN,26,Tornado,19,19,0,6,17345000,0,
2021,MICHIGAN,26,Wildfire,1,1,0,0,10000,0,
2021,MICHIGAN,26,Winter Storm,115,115,0,0,2000,0,
2021,MICHIGAN,26,Winter Weather,85,85,3,4,43000,0,
2021,MINNESOTA,27,Blizzard,32,32,0,0,0,0,
2021,MINNESOTA,27,Cold/Wind Chill,45,45,0,0,0,0,
2021,MINNESOTA,27,Dense Fog,1,1,1,4,130000,0,
2021,MINNESOTA,27,Drought,122,122,0,0,0,23996000,
2021,MINNESOTA,27,Excessive Heat,1,1,1,0,0,0,
2021,MINNESOTA,27,Extreme Cold/Wind Chill,223,223,0,0,0,0,
2021,MINNESOTA,27,Flash Flood,3,3,0,0,2000,0,
2021,MINNESOTA,27,Flood,2,2,0,0,0,0,
2021,MINNESOTA,27,Frost/Freeze,24,24,0,0,0,0,
2021,MINNESOTA,27,Funnel Cloud,12,12,0,0,0,0,
2021,MINNESOTA,27,Hail,246,246,0,0,9923000,179000,3.75
2021,MINNESOTA,27,Heavy Rain,5,5,0,0,0,0,
2021,MINNESOTA,27,Heavy Snow,135,135,4,5,0,0,
2021,MINNESOTA,27,High Wind,61,61,1,0,901000,0,68
2021,MINNESOTA,27,Lightning,5,5,0,1,290500,0,
2021,MINNESOTA,27,Rip Current,3,3,0,3,0,0,
2021,MINNESOTA,27,Strong Wind,6,6,0,0,5400,0,48
2021,MINNESOTA,27,Thunderstorm Wind,343,343,3,1,2460000,1245000,78
2021,MINNESOTA,27,Tornado,68,68,0,0,4082000,121000,
2021,MINNESOTA,27,Wildfire,2,2,0,0,0,0,
2021,MINNESOTA,27,Winter Storm,86,86,0,5,25000,0,
2021,MINNESOTA,27,Winter Weather,26,26,1,2,0,0,
2021,MISSISSIPPI,28,Coastal Flood,1,1,0,0,0,0,
2021,MISSISSIPPI,28,Cold/Wind Chill,5,5,0,0,0,0,
2021,MISSISSIPPI,28,Debris Flow,1,1,0,0,25000,0,
2021,MISSISSIPPI,28,Drought,2,2,0,0,0,0,
2021,MISSISSIPPI,28,Excessive Heat,19,19,0,0,0,0,
2021,MISSISSIPPI,28,Flash Flood,175,175,3,7,13147000,0,
2021,MISSISSIPPI,28,Flood,11,11,0,0,63000,15000,
2021,MISSISSIPPI,28,Hail,82,82,0,0,509000,0,2.75
2021,MISSISSIPPI,28,Heat,74,74,0,0,0,0,
2021,MISSISSIPPI,28,Heavy Rain,11,11,0,0,0,0,
2021,MISSISSIPPI,28,Heavy Snow,48,48,0,0,1200000,0,
2021,MISSISSIPPI,28,Hurricane (Typhoon),7,7,0,0,9500000,0,
2021,MISSISSIPPI,28,Ice Storm,31,31,0,0,2715000,0,
2021,MISSISSIPPI,28,Lightning,6,6,0,7,140000,0,
2021,MISSISSIPPI,28,Sleet,34,34,0,0,1680000,0,
2021,MISSISSIPPI,28,Storm Surge/Tide,6,6,0,0,0,0,
2021,MISSISSIPPI,28,Strong Wind,5,5,0,0,12000,0,38
2021,MISSISSIPPI,28,Thunderstorm Wind,395,395,3,4,7138600,0,87
2021,MISSISSIPPI,28,Tornado,88,88,1,0,7590000,0,
2021,MISSISSIPPI,28,Tropical Depression,5,5,0,0,121000,0,
2021,MISSISSIPPI,28,Tropical Storm,38,38,0,0,2306000,0,
2021,MISSISSIPPI,28,Winter Storm,63,63,0,0,3935000,0,
2021,MISSISSIPPI,28,Winter Weather,58,58,0,0,169000,0,
2021,MISSOURI,29,Cold/Wind Chill,22,22,0,0,0,0,
2021,MISSOURI,29,Dense Fog,17,17,0,0,0,0,
2021,MISSOURI,29,Excessive Heat,18,18,0,19,0,0,
2021,MISSOURI,29,Extreme Cold/Wind Chill,142,142,0,0,95000,0,
2021,MISSOURI,29,Flash Flood,220,220,1,4,725000,5000,
2021,MISSOURI,29,Flood,124,124,1,3,35000,10000,
2021,MISSOURI,29,Frost/Freeze,65,65,0,0,0,3500000,
2021,MISSOURI,29,Funnel Cloud,3,3,0,0,0,0,
2021,MISSOURI,29,Hail,167,167,0,0,180000,0,2
2021,MISSOURI,29,Heat,34,34,0,0,0,0,
2021,MISSOURI,29,Heavy Rain,8,8,0,0,0,0,
2021,MISSOURI,29,Heavy Snow,19,19,0,0,0,0,
2021,MISSOURI,29,High Wind,23,23,0,0,0,0,56
2021,MISSOURI,29,Lightning,5,5,0,2,112000,0,
2021,MISSOURI,29,Strong Wind,46,46,0,0,46000,0,42
2021,MISSOURI,29,Thunderstorm Wind,420,420,1,2,3504000,0,78
2021,MISSOURI,29,Tornado,61,61,4,15,11685000,0,
2021,MISSOURI,29,Winter Storm,107,107,0,0,520000,0,
2021,MISSOURI,29,Winter Weather,145,145,3,5,225000,0,
2021,MONTANA,30,Avalanche,3,3,1,2,0,0,
2021,MONTANA,30,Blizzard,1,1,0,0,0,0,
2021,MONTANA,30,Cold/Wind Chill,43,43,0,0,0,0,
2021,MONTANA,30,Debris Flow,1,1,0,0,0,0,
2021,MONTANA,30,Dense Fog,17,17,0,0,0,0,
2021,MONTANA,30,Drought,201,201,0,0,0,0,
2021,MONTANA,30,Extreme Cold/Wind Chill,29,29,0,0,0,0,
2021,MONTANA,30,Flash Flood,8,8,0,0,15000,15000,
2021,MONTANA,30,Flood,3,3,0,0,0,0,
2021,MONTANA,30,Funnel Cloud,2,2,0,0,0,0,
2021,MONTANA,30,Hail,139,139,0,0,0,0,4
2021,MONTANA,30,Heat,2,2,0,0,0,0,
2021,MONTANA,30,Heavy Rain,11,11,0,0,0,0,
2021,MONTANA,30,Heavy Snow,55,55,0,0,0,0,
2021,MONTANA,30,High Wind,545,545,0,0,1015000,0,109
2021,MONTANA,30,Strong Wind,18,18,0,0,1087000,0,49
2021,MONTANA,30,Thunderstorm Wind,206,206,1,0,1310000,0,100
2021,MONTANA,30,Tornado,1,1,0,0,0,0,
2021,MONTANA,30,Wildfire,32,32,1,6,3570000,0,
2021,MONTANA,30,Winter Storm,68,68,1,0,0,0,
2021,MONTANA,30,Winter Weather,39,39,2,3,0,0,
2021,NEBRASKA,31,Blizzard,22,22,0,0,0,0,
2021,NEBRASKA,31,Drought,161,161,0,0,0,938000,
2021,NEBRASKA,31,Dust Storm,3,3,0,0,0,0,
2021,NEBRASKA,31,Extreme Cold/Wind Chill,93,93,0,0,0,0,
2021,NEBRASKA,31,Flash Flood,38,38,0,0,75000,3000000,
2021,NEBRASKA,31,Flood,10,10,0,0,1020000,0,
2021,NEBRASKA,31,Funnel Cloud,1,1,0,0,0,0,
2021,NEBRASKA,31,Hail,333,333,0,0,2175000,22260000,4.3
2021,NEBRASKA,31,Heavy Rain,6,6,0,0,0,0,
2021,NEBRASKA,31,Heavy Snow,35,35,0,0,0,0,
2021,NEBRASKA,31,High Wind,206,206,0,0,5500,0,75
2021,NEBRASKA,31,Thunderstorm Wind,455,455,0,1,36866300,96105000,86
2021,NEBRASKA,31,Tornado,56,56,0,2,4342000,0,
2021,NEBRASKA,31,Wildfire,7,7,0,0,554000,200,
2021,NEBRASKA,31,Winter Storm,71,71,0,0,0,0,
2021,NEBRASKA,31,Winter Weather,114,114,0,0,200000,0,
2021,NEVADA,32,Avalanche,2,2,1,1,0,0,
2021,NEVADA,32,Cold/Wind Chill,2,2,2,0,0,0,
2021,NEVADA,32,Dust Storm,2,2,0,0,0,0,
2021,NEVADA,32,Excessive Heat,37,37,7,0,0,0,
2021,NEVADA,32,Flash Flood,29,29,0,0,2100000,0,
2021,NEVADA,32,Flood,11,11,0,0,0,0,
2021,NEVADA,32,Funnel Cloud,2,2,0,0,0,0,
2021,NEVADA,32,Hail,4,4,0,0,500000,0,1.5
2021,NEVADA,32,Heat,3,3,3,0,0,0,
2021,NEVADA,32,Heavy Rain,6,6,0,0,0,0,
2021,NEVADA,32,Heavy Snow,101,101,0,0,0,0,
2021,NEVADA,32,High Wind,151,151,0,0,25000,0,90
2021,NEVADA,32,Lake-Effect Snow,1,1,0,0,0,0,
2021,NEVADA,32,Lightning,2,2,0,3,1000,0,
2021,NEVADA,32,Strong Wind,5,5,0,0,5000,0,48
2021,NEVADA,32,Thunderstorm Wind,70,70,0,0,667000,0,79
2021,NEVADA,32,Tornado,1,1,0,0,0,0,
2021,NEVADA,32,Wildfire,1,1,0,0,200000,0,
2021,NEVADA,32,Winter Storm,5,5,0,0,0,0,
2021,NEVADA,32,Winter Weather,15,15,0,0,0,0,
2021,NEW HAMPSHIRE,33,Avalanche,1,1,1,0,0,0,
2021,NEW HAMPSHIRE,33,Coastal Flood,2,2,0,0,175000,0,
2021,NEW HAMPSHIRE,33,Drought,5,5,0,0,0,0,
2021,NEW HAMPSHIRE,33,Flash Flood,36,36,0,1,5399000,0,
2021,NEW HAMPSHIRE,33,Flood,2,2,0,0,120000,0,
2021,NEW HAMPSHIRE,33,Hail,42,42,0,0,2000,0,1.75
2021,NEW HAMPSHIRE,33,Heavy Snow,7,7,0,0,0,0,
2021,NEW HAMPSHIRE,33,High Wind,2,2,0,0,0,0,55
2021,NEW HAMPSHIRE,33,Strong Wind,1,1,0,2,0,0,47
2021,NEW HAMPSHIRE,33,Thunderstorm Wind,86,86,0,0,20000,0,61
2021,NEW HAMPSHIRE,33,Winter Storm,27,27,0,0,0,0,
2021,NEW JERSEY,34,Coastal Flood,43,43,0,0,0,0,
2021,NEW JERSEY,34,Excessive Heat,21,21,0,0,0,0,
2021,NEW JERSEY,34,Flash Flood,220,220,29,7,220000000,13000000,
2021,NEW JERSEY,34,Flood,9,9,0,0,0,0,
2021,NEW JERSEY,34,Funnel Cloud,1,1,0,0,0,0,
2021,NEW JERSEY,34,Hail,62,62,0,0,0,0,2.5
2021,NEW JERSEY,34,Heavy Snow,7,7,0,0,0,0,
2021,NEW JERSEY,34,High Wind,17,17,0,4,0,0,60
2021,NEW JERSEY,34,Lightning,6,6,2,6,12000,0,
2021,NEW JERSEY,34,Rip Current,1,1,0,0,0,0,
2021,NEW JERSEY,34,Strong Wind,1,1,0,0,0,0,49
2021,NEW JERSEY,34,Thunderstorm Wind,402,402,0,0,213500,0,65
2021,NEW JERSEY,34,Tornado,14,14,0,10,5330000,0,
2021,NEW JERSEY,34,Wildfire,1,1,0,1,0,0,
2021,NEW JERSEY,34,Winter Storm,37,37,0,0,0,0,
2021,NEW JERSEY,34,Winter Weather,120,120,0,0,0,0,
2021,NEW MEXICO,35,Blizzard,3,3,0,0,0,0,
2021,NEW MEXICO,35,Cold/Wind Chill,4,4,0,0,0,0,
2021,NEW MEXICO,35,Drought,634,634,0,0,0,0,
2021,NEW MEXICO,35,Dust Storm,1,1,0,2,0,0,
2021,NEW MEXICO,35,Excessive Heat,2,2,0,0,0,0,
2021,NEW MEXICO,35,Extreme Cold/Wind Chill,4,4,0,0,0,0,
2021,NEW MEXICO,35,Flash Flood,78,78,6,0,9674000,500000,
2021,NEW MEXICO,35,Flood,11,11,0,0,173000,0,
2021,NEW MEXICO,35,Funnel Cloud,2,2,0,0,0,0,
2021,NEW MEXICO,35,Hail,121,121,0,0,701500,75000,3.07
2021,NEW MEXICO,35,Heavy Rain,2,2,0,0,0,0,
2021,NEW MEXICO,35,Heavy Snow,103,103,0,0,0,0,
2021,NEW MEXICO,35,High Wind,185,185,0,2,3795000,0,90
2021,NEW MEXICO,35,Lightning,1,1,0,0,25000,0,
2021,NEW MEXICO,35,Strong Wind,2,2,0,0,65000,0,43
2021,NEW MEXICO,35,Thunderstorm Wind,111,111,0,0,7705500,100000,83
2021,NEW MEXICO,35,Tornado,16,16,0,0,0,0,
2021,NEW MEXICO,35,Wildfire,4,4,0,2,420000,0,
2021,NEW MEXICO,35,Winter Storm,7,7,0,11,740000,0,
2021,NEW MEXICO,35,Winter Weather,9,9,0,0,50000,0,
2021,NEW YORK,36,Cold/Wind Chill,38,38,0,0,0,0,
2021,NEW YORK,36,Debris Flow,1,1,0,0,0,0,
2021,NEW YORK,36,Excessive Heat,6,6,0,0,0,0,
2021,NEW YORK,36,Flash Flood,375,375,19,1,513222000,0,
2021,NEW YORK,36,Flood,67,67,0,0,102000,0,
2021,NEW YORK,36,Funnel Cloud,5,5,0,0,0,0,
2021,NEW YORK,36,Hail,72,72,0,0,0,0,2.5
2021,NEW YORK,36,Heat,109,109,0,0,0,0,
2021,NEW YORK,36,Heavy Rain,61,61,0,0,0,0,
2021,NEW YORK,36,Heavy Snow,9,9,0,0,0,0,
2021,NEW YORK,36,High Wind,120,120,1,1,1615000,0,69
2021,NEW YORK,36,Ice Storm,2,2,0,0,0,0,
2021,NEW YORK,36,Lake-Effect Snow,39,39,0,0,0,0,
2021,NEW YORK,36,Lakeshore Flood,12,12,0,0,1510000,0,
2021,NEW YORK,36,Lightning,15,15,1,6,306500,0,
2021,NEW YORK,36,Rip Current,1,1,1,0,0,0,
2021,NEW YORK,36,Strong Wind,118,118,0,0,135000,58000,49
2021,NEW YORK,36,Thunderstorm Wind,973,973,0,3,2526000,4000,78
2021,NEW YORK,36,Tornado,12,12,0,0,2683500,50000,
2021,NEW YORK,36,Tropical Storm,8,8,0,0,0,0,
2021,NEW YORK,36,Winter Storm,89,89,0,0,115000,0,
2021,NEW YORK,36,Winter Weather,263,263,0,0,110000,0,
2021,NORTH CAROLINA,37,Astronomical Low Tide,1,1,0,0,0,0,
2021,NORTH CAROLINA,37,Coastal Flood,9,9,0,0,50000,0,
2021,NORTH CAROLINA,37,Cold/Wind Chill,8,8,0,0,0,0,
2021,NORTH CAROLINA,37,Debris Flow,2,2,1,0,200000,0,
2021,NORTH CAROLINA,37,Drought,4,4,0,0,0,0,
2021,NORTH CAROLINA,37,Flash Flood,84,84,5,0,212407500,0,
2021,NORTH CAROLINA,37,Flood,25,25,0,1,2252500,0,
2021,NORTH CAROLINA,37,Hail,129,129,0,0,45000,0,2.75
2021,NORTH CAROLINA,37,Heavy Rain,15,15,0,0,0,0,
2021,NORTH CAROLINA,37,Heavy Snow,15,15,0,0,0,0,
2021,NORTH CAROLINA,37,High Wind,5,5,0,0,0,0,56
2021,NORTH CAROLINA,37,Ice Storm,8,8,0,0,0,0,
2021,NORTH CAROLINA,37,Lightning,7,7,0,10,235000,0,
2021,NORTH CAROLINA,37,Rip Current,11,11,4,0,0,0,
2021,NORTH CAROLINA,37,Thunderstorm Wind,353,353,0,9,1190400,1300000,96
2021,NORTH CAROLINA,37,Tornado,21,21,3,10,2181000,0,
2021,NORTH CAROLINA,37,Tropical Storm,12,12,0,0,155000,0,
2021,NORTH CAROLINA,37,Wildfire,1,1,0,0,364000,0,
2021,NORTH CAROLINA,37,Winter Storm,42,42,0,0,600000,0,
2021,NORTH CAROLINA,37,Winter Weather,152,152,0,0,135000,0,
2021,NORTH DAKOTA,38,Blizzard,27,27,0,0,0,0,
2021,NORTH DAKOTA,38,Cold/Wind Chill,18,18,0,0,0,0,
2021,NORTH DAKOTA,38,Drought,319,319,0,0,0,0,
2021,NORTH DAKOTA,38,Extreme Cold/Wind Chill,85,85,0,0,0,0,
2021,NORTH DAKOTA,38,Flash Flood,10,10,0,0,2560000,290000,
2021,NORTH DAKOTA,38,Freezing Fog,5,5,0,0,385000,0,
2021,NORTH DAKOTA,38,Frost/Freeze,21,21,0,0,0,0,
2021,NORTH DAKOTA,38,Funnel Cloud,12,12,0,0,0,0,
2021,NORTH DAKOTA,38,Hail,180,180,0,0,2771000,1294000,3
2021,NORTH DAKOTA,38,Heavy Snow,77,77,0,0,0,0,
2021,NORTH DAKOTA,38,High Wind,192,192,0,0,945000,0,81
2021,NORTH DAKOTA,38,Thunderstorm Wind,235,235,0,0,1626000,200000,81
2021,NORTH DAKOTA,38,Tornado,15,15,0,0,153000,7000,
2021,OHIO,39,Cold/Wind Chill,1,1,7,0,0,0,
2021,OHIO,39,Flash Flood,55,55,0,0,2322000,0,
2021,OHIO,39,Flood,94,94,0,0,235000,0,
2021,OHIO,39,Funnel Cloud,1,1,0,0,0,0,
2021,OHIO,39,Hail,51,51,0,0,5000,0,2.5
2021,OHIO,39,Heavy Rain,3,3,0,0,0,0,
2021,OHIO,39,Heavy Snow,6,6,0,0,20000,0,
2021,OHIO,39,High Wind,76,76,1,0,670500,0,56
2021,OHIO,39,Lake-Effect Snow,2,2,0,0,0,0,
2021,OHIO,39,Strong Wind,14,14,0,0,12000,0,49
2021,OHIO,39,Thunderstorm Wind,436,436,0,1,886700,1000,65
2021,OHIO,39,Tornado,33,33,0,1,4105500,60000,
2021,OHIO,39,Winter Storm,86,86,0,0,50000,0,
2021,OHIO,39,Winter Weather,214,214,0,10,1100000,0,
2021,OKLAHOMA,40,Cold/Wind Chill,49,49,1,0,0,0,
2021,OKLAHOMA,40,Drought,214,214,0,0,0,0,
2021,OKLAHOMA,40,Dust Storm,1,1,0,0,0,0,
2021,OKLAHOMA,40,Excessive Heat,51,51,0,45,0,0,
2021,OKLAHOMA,40,Extreme Cold/Wind Chill,3,3,0,0,0,0,
2021,OKLAHOMA,40,Flash Flood,103,103,0,0,380000,0,
2021,OKLAHOMA,40,Flood,40,40,0,0,0,0,
2021,OKLAHOMA,40,Freezing Fog,1,1,0,0,0,0,
2021,OKLAHOMA,40,Hail,259,259,0,0,325000,0,3.61
2021,OKLAHOMA,40,Heat,10,10,0,0,0,0,
2021,OKLAHOMA,40,Heavy Snow,81,81,0,0,0,0,
2021,OKLAHOMA,40,High Wind,56,56,0,0,10000,0,69
2021,OKLAHOMA,40,Strong Wind,1,1,0,1,0,0,39
2021,OKLAHOMA,40,Thunderstorm Wind,297,297,0,0,2322000,0,78
2021,OKLAHOMA,40,Tornado,68,68,0,0,4086000,100000,
2021,OKLAHOMA,40,Wildfire,38,38,0,1,635000,0,
2021,OKLAHOMA,40,Winter Storm,48,48,0,0,0,0,
2021,OKLAHOMA,40,Winter Weather,4,4,2,0,50000,0,
2021,OREGON,41,Blizzard,1,1,0,0,0,0,
2021,OREGON,41,Coastal Flood,5,5,0,0,0,0,
2021,OREGON,41,Debris Flow,2,2,1,1,35000,0,
2021,OREGON,41,Excessive Heat,62,62,126,0,50000,50000,
2021,OREGON,41,Flood,27,27,0,0,60000,0,
2021,OREGON,41,Frost/Freeze,29,29,0,0,0,0,
2021,OREGON,41,Funnel Cloud,1,1,0,0,0,0,
2021,OREGON,41,Hail,7,7,0,0,0,0,1.75
2021,OREGON,41,Heat,4,4,0,0,0,0,
2021,OREGON,41,Heavy Snow,70,70,1,0,0,0,
2021,OREGON,41,High Surf,10,10,2,0,10000,0,
2021,OREGON,41,High Wind,100,100,0,0,0,0,81
2021,OREGON,41,Ice Storm,4,4,0,0,15100000,0,
2021,OREGON,41,Sneakerwave,1,1,1,0,0,0,
2021,OREGON,41,Strong Wind,10,10,0,0,62700,0,48
2021,OREGON,41,Thunderstorm Wind,6,6,2,3,1000000,0,70
2021,OREGON,41,Wildfire,34,34,1,0,0,0,
2021,OREGON,41,Winter Storm,15,15,0,0,10100000,0,
2021,OREGON,41,Winter Weather,3,3,0,0,0,0,
2021,PENNSYLVANIA,42,Coastal Flood,9,9,0,0,0,0,
2021,PENNSYLVANIA,42,Excessive Heat,16,16,0,0,0,0,
2021,PENNSYLVANIA,42,Flash Flood,275,275,4,0,352485000,4010000,
2021,PENNSYLVANIA,42,Flood,14,14,1,0,200000,10000,
2021,PENNSYLVANIA,42,Frost/Freeze,1,1,0,0,0,3000000,
2021,PENNSYLVANIA,42,Funnel Cloud,3,3,0,0,0,0,
2021,PENNSYLVANIA,42,Hail,100,100,0,0,20000,4000,1.75
2021,PENNSYLVANIA,42,Heavy Rain,14,14,0,0,0,0,
2021,PENNSYLVANIA,42,Heavy Snow,5,5,0,0,0,0,
2021,PENNSYLVANIA,42,High Wind,38,38,0,1,678000,7000,57
2021,PENNSYLVANIA,42,Ice Storm,12,12,0,0,0,0,
2021,PENNSYLVANIA,42,Lake-Effect Snow,4,4,0,0,100000,0,
2021,PENNSYLVANIA,42,Lightning,9,9,1,0,648000,0,
2021,PENNSYLVANIA,42,Strong Wind,7,7,1,0,15000,0,46
2021,PENNSYLVANIA,42,Thunderstorm Wind,1328,1328,0,12,25791950,0,96
2021,PENNSYLVANIA,42,Tornado,50,50,1,3,14575000,856000,
2021,PENNSYLVANIA,42,Wildfire,3,3,0,0,0,0,
2021,PENNSYLVANIA,42,Winter Storm,114,114,1,0,0,0,
2021,PENNSYLVANIA,42,Winter Weather,248,248,0,0,0,0,
2021,PUERTO RICO,99,Coastal Flood,1,1,0,0,0,0,
2021,PUERTO RICO,99,Debris Flow,34,34,0,0,1000,0,
2021,PUERTO RICO,99,Flash Flood,46,46,0,0,35500,0,
2021,PUERTO RICO,99,Flood,60,60,0,0,500,0,
2021,PUERTO RICO,99,Hail,5,5,0,0,1500,0,1
2021,PUERTO RICO,99,Heavy Rain,4,4,0,0,1000,0,
2021,PUERTO RICO,99,Lightning,1,1,0,0,1000,0,
2021,PUERTO RICO,99,Rip Current,25,25,27,3,0,0,
2021,PUERTO RICO,99,Thunderstorm Wind,15,15,0,0,26000,0,50
2021,PUERTO RICO,99,Tropical Storm,8,8,0,0,0,0,
2021,RHODE ISLAND,44,Flash Flood,2,2,0,0,54000,0,
2021,RHODE ISLAND,44,Flood,4,4,0,0,6000,0,
2021,RHODE ISLAND,44,Hail,3,3,0,0,0,0,0.75
2021,RHODE ISLAND,44,Heavy Snow,7,7,0,0,0,0,
2021,RHODE ISLAND,44,High Wind,13,13,0,0,90800,0,74
2021,RHODE ISLAND,44,Rip Current,1,1,2,0,0,0,
2021,RHODE ISLAND,44,Strong Wind,14,14,0,0,25500,0,49
2021,RHODE ISLAND,44,Thunderstorm Wind,14,14,0,0,37100,0,61
2021,RHODE ISLAND,44,Tornado,3,3,0,0,110000,0,
2021,RHODE ISLAND,44,Tropical Storm,8,8,0,0,1820000,0,
2021,RHODE ISLAND,44,Winter Storm,3,3,0,0,1900,0,
2021,SOUTH CAROLINA,45,Coastal Flood,46,46,0,0,0,0,
2021,SOUTH CAROLINA,45,Excessive Heat,3,3,0,0,0,0,
2021,SOUTH CAROLINA,45,Flash Flood,16,16,0,0,253010,10,
2021,SOUTH CAROLINA,45,Flood,3,3,0,0,6000,0,
2021,SOUTH CAROLINA,45,Funnel Cloud,1,1,0,0,0,0,
2021,SOUTH CAROLINA,45,Hail,87,87,0,0,230,230,2
2021,SOUTH CAROLINA,45,Heavy Snow,3,3,0,0,0,0,
2021,SOUTH CAROLINA,45,Lightning,5,5,0,0,104000,0,
2021,SOUTH CAROLINA,45,Rip Current,3,3,2,0,0,0,
2021,SOUTH CAROLINA,45,Strong Wind,3,3,0,0,3000,0,43
2021,SOUTH CAROLINA,45,Thunderstorm Wind,243,243,0,1,382470,130,75
2021,SOUTH CAROLINA,45,Tornado,25,25,0,1,1775000,0,
2021,SOUTH CAROLINA,45,Tropical Depression,9,9,0,0,0,0,
2021,SOUTH CAROLINA,45,Tropical Storm,8,8,0,0,100000,0,
2021,SOUTH CAROLINA,45,Wildfire,2,2,0,0,0,0,
2021,SOUTH CAROLINA,45,Winter Weather,8,8,0,0,0,0,
2021,SOUTH DAKOTA,46,Blizzard,28,28,1,2,0,0,
2021,SOUTH DAKOTA,46,Cold/Wind Chill,44,44,0,0,0,0,
2021,SOUTH DAKOTA,46,Dense Fog,1,1,1,0,0,0,
2021,SOUTH DAKOTA,46,Drought,339,339,0,0,0,111933000,
2021,SOUTH DAKOTA,46,Extreme Cold/Wind Chill,72,72,0,0,0,0,
2021,SOUTH DAKOTA,46,Flash Flood,9,9,0,0,0,0,
2021,SOUTH DAKOTA,46,Flood,1,1,0,0,0,0,
2021,SOUTH DAKOTA,46,Freezing Fog,5,5,0,0,0,0,
2021,SOUTH DAKOTA,46,Funnel Cloud,6,6,0,0,0,0,
2021,SOUTH DAKOTA,46,Hail,327,327,0,0,500000,1266000,4.5
2021,SOUTH DAKOTA,46,Heavy Rain,1,1,1,4,0,0,
2021,SOUTH DAKOTA,46,Heavy Snow,44,44,1,1,0,0,
2021,SOUTH DAKOTA,46,High Wind,373,373,0,0,0,0,81
2021,SOUTH DAKOTA,46,Lightning,1,1,0,0,10000,0,
2021,SOUTH DAKOTA,46,Thunderstorm Wind,380,380,0,1,3857000,320000,97
2021,SOUTH DAKOTA,46,Tornado,21,21,0,0,75000,0,
2021,SOUTH DAKOTA,46,Wildfire,4,4,0,0,0,0,
2021,SOUTH DAKOTA,46,Winter Storm,77,77,0,0,0,0,
2021,SOUTH DAKOTA,46,Winter Weather,127,127,0,0,0,0,
2021,ST LAWRENCE R,93,Marine Thunderstorm Wind,4,4,0,0,1000,0,63
2021,TENNESSEE,47,Cold/Wind Chill,21,21,4,1,0,0,
2021,TENNESSEE,47,Debris Flow,1,1,0,0,0,0,
2021,TENNESSEE,47,Excessive Heat,10,10,0,0,0,0,
2021,TENNESSEE,47,Flash Flood,208,208,27,1,127475680,0,
2021,TENNESSEE,47,Flood,35,35,2,0,1825000,0,
2021,TENNESSEE,47,Frost/Freeze,21,21,0,0,0,0,
2021,TENNESSEE,47,Funnel Cloud,2,2,0,0,0,0,
2021,TENNESSEE,47,Hail,138,138,0,0,0,0,2.25
2021,TENNESSEE,47,Heat,73,73,0,0,0,0,
2021,TENNESSEE,47,Heavy Rain,9,9,0,0,0,0,
2021,TENNESSEE,47,Heavy Snow,48,48,0,0,0,0,
2021,TENNESSEE,47,High Wind,12,12,0,0,0,0,74
2021,TENNESSEE,47,Ice Storm,15,15,0,0,629000,0,
2021,TENNESSEE,47,Lightning,10,10,0,3,167000,0,
2021,TENNESSEE,47,Strong Wind,4,4,0,0,65500,0,43
2021,TENNESSEE,47,Thunderstorm Wind,384,384,3,11,10226600,0,74
2021,TENNESSEE,47,Tornado,97,97,4,43,39080000,0,
2021,TENNESSEE,47,Winter Storm,84,84,0,0,13013000,0,
2021,TENNESSEE,47,Winter Weather,113,113,0,0,0,0,
2021,TEXAS,48,Astronomical Low Tide,2,2,0,0,0,0,
2021,TEXAS,48,Coastal Flood,2,2,0,0,10000,0,
2021,TEXAS,48,Cold/Wind Chill,96,96,56,0,96497000,0,
2021,TEXAS,48,Dense Fog,1,1,0,9,195000,0,
2021,TEXAS,48,Drought,575,575,0,0,0,0,
2021,TEXAS,48,Dust Storm,13,13,0,0,0,0,
2021,TEXAS,48,Excessive Heat,15,15,0,0,0,0,
2021,TEXAS,48,Extreme Cold/Wind Chill,127,127,54,0,150079800,0,
2021,TEXAS,48,Flash Flood,405,405,7,4,31179000,120000,
2021,TEXAS,48,Flood,98,98,1,1,262000,11000,
2021,TEXAS,48,Frost/Freeze,74,74,1,0,157620,460000000,
2021,TEXAS,48,Funnel Cloud,8,8,0,0,0,0,
2021,TEXAS,48,Hail,1214,1214,0,6,994134800,0,6.42
2021,TEXAS,48,Heat,260,260,0,0,0,0,
2021,TEXAS,48,Heavy Rain,13,13,0,0,0,55581200,
2021,TEXAS,48,Heavy Snow,118,118,0,0,6000,0,
2021,TEXAS,48,High Wind,270,270,0,0,10000,0,78
2021,TEXAS,48,Hurricane (Typhoon),1,1,0,0,0,0,
2021,TEXAS,48,Ice Storm,59,59,2,0,400000,0,
2021,TEXAS,48,Lightning,23,23,0,1,1726500,0,
2021,TEXAS,48,Rip Current,8,8,10,0,0,0,
2021,TEXAS,48,Storm Surge/Tide,18,18,0,0,25000,0,
2021,TEXAS,48,Strong Wind,19,19,2,0,5000,0,48
2021,TEXAS,48,Thunderstorm Wind,681,681,0,1,18017450,0,100
2021,TEXAS,48,Tornado,103,103,1,13,13247000,0,
2021,TEXAS,48,Tropical Storm,26,26,0,0,100000,0,
2021,TEXAS,48,Wildfire,23,23,0,1,335000,0,
2021,TEXAS,48,Winter Storm,270,270,6,0,27478000,0,
2021,TEXAS,48,Winter Weather,101,101,13,103,2570000,0,
2021,UTAH,49,Avalanche,3,3,6,1,0,0,
2021,UTAH,49,Debris Flow,19,19,0,0,83500,0,
2021,UTAH,49,Dense Fog,2,2,0,0,0,0,
2021,UTAH,49,Drought,84,84,0,0,0,0,
2021,UTAH,49,Dust Storm,1,1,8,10,300000,0,
2021,UTAH,49,Excessive Heat,23,23,0,0,0,0,
2021,UTAH,49,Flash Flood,96,96,1,4,19573200,0,
2021,UTAH,49,Flood,15,15,0,0,2308000,0,
2021,UTAH,49,Frost/Freeze,8,8,0,0,0,0,
2021,UTAH,49,Funnel Cloud,1,1,0,0,0,0,
2021,UTAH,49,Hail,21,21,0,0,20000,0,2
2021,UTAH,49,Heat,4,4,1,0,0,0,
2021,UTAH,49,Heavy Rain,10,10,0,0,0,0,
2021,UTAH,49,Heavy Snow,45,45,0,0,0,0,
2021,UTAH,49,High Wind,33,33,0,0,0,0,75
2021,UTAH,49,Lightning,2,2,0,2,10000,0,
2021,UTAH,49,Thunderstorm Wind,133,133,0,1,658500,0,68
2021,UTAH,49,Tornado,4,4,0,0,0,750000,
2021,UTAH,49,Wildfire,5,5,0,0,1500000,0,
2021,UTAH,49,Winter Storm,15,15,0,0,350000,0,
2021,UTAH,49,Winter Weather,22,22,0,0,0,0,
2021,VERMONT,50,Cold/Wind Chill,8,8,1,0,0,0,
2021,VERMONT,50,Extreme Cold/Wind Chill,1,1,0,0,0,0,
2021,VERMONT,50,Flash Flood,24,24,0,1,4815000,0,
2021,VERMONT,50,Flood,8,8,0,0,440000,0,
2021,VERMONT,50,Hail,2,2,0,0,0,0,1.25
2021,VERMONT,50,Heat,5,5,0,0,0,0,
2021,VERMONT,50,High Wind,2,2,0,0,0,0,52
2021,VERMONT,50,Lightning,1,1,0,0,20000,0,
2021,VERMONT,50,Strong Wind,54,54,0,0,642000,0,48
2021,VERMONT,50,Thunderstorm Wind,90,90,0,0,1144000,0,65
2021,VERMONT,50,Tornado,1,1,0,2,75000,0,
2021,VERMONT,50,Winter Storm,40,40,0,0,385000,0,
2021,VERMONT,50,Winter Weather,114,114,1,0,265000,0,
2021,VIRGIN ISLANDS,96,Flood,1,1,0,0,0,0,
2021,VIRGIN ISLANDS,96,Rip Current,2,2,2,0,0,0,
2021,VIRGIN ISLANDS,96,Tropical Storm,4,4,0,0,0,0,
2021,VIRGINIA,51,Coastal Flood,18,18,0,0,245000,0,
2021,VIRGINIA,51,Cold/Wind Chill,2,2,0,0,0,0,
2021,VIRGINIA,51,Debris Flow,3,3,0,0,32000,0,
2021,VIRGINIA,51,Dense Fog,98,98,0,0,0,0,
2021,VIRGINIA,51,Drought,6,6,0,0,0,0,
2021,VIRGINIA,51,Flash Flood,175,175,1,0,2660000,0,
2021,VIRGINIA,51,Flood,212,212,0,0,6000,0,
2021,VIRGINIA,51,Frost/Freeze,39,39,0,0,0,0,
2021,VIRGINIA,51,Funnel Cloud,3,3,0,0,0,0,
2021,VIRGINIA,51,Hail,102,102,0,0,1028000,0,2.25
2021,VIRGINIA,51,Heat,39,39,0,0,0,0,
2021,VIRGINIA,51,Heavy Rain,185,185,0,0,0,0,
2021,VIRGINIA,51,Heavy Snow,7,7,0,0,0,0,
2021,VIRGINIA,51,High Wind,3,3,0,1,110000,0,56
2021,VIRGINIA,51,Ice Storm,52,52,0,0,1870000,0,
2021,VIRGINIA,51,Lightning,17,17,0,3,375000,0,
2021,VIRGINIA,51,Rip Current,1,1,1,0,0,0,
2021,VIRGINIA,51,Strong Wind,1,1,0,0,50000,0,26
2021,VIRGINIA,51,Thunderstorm Wind,897,897,1,10,6350000,20500,100
2021,VIRGINIA,51,Tornado,11,11,0,0,1193000,0,
2021,VIRGINIA,51,Tropical Storm,15,15,0,0,270000,0,
2021,VIRGINIA,51,Winter Storm,183,183,0,1,970000,0,
2021,VIRGINIA,51,Winter Weather,232,232,0,0,235000,0,
2021,WASHINGTON,53,Avalanche,1,1,1,0,0,0,
2021,WASHINGTON,53,Blizzard,1,1,0,0,0,0,
2021,WASHINGTON,53,Coastal Flood,4,4,0,0,1100000,0,
2021,WASHINGTON,53,Cold/Wind Chill,7,7,0,0,0,0,
2021,WASHINGTON,53,Debris Flow,7,7,0,0,45000,0,
2021,WASHINGTON,53,Dust Storm,7,7,0,8,250000,0,
2021,WASHINGTON,53,Excessive Heat,30,30,7,0,0,0,
2021,WASHINGTON,53,Extreme Cold/Wind Chill,1,1,1,0,0,0,
2021,WASHINGTON,53,Flood,28,28,2,0,72197600,20000,
2021,WASHINGTON,53,Frost/Freeze,1,1,1,1,20000,0,
2021,WASHINGTON,53,Hail,3,3,0,0,0,0,1.5
2021,WASHINGTON,53,Heat,28,28,0,0,0,0,
2021,WASHINGTON,53,Heavy Rain,2,2,0,1,225000,0,
2021,WASHINGTON,53,Heavy Snow,111,111,0,0,0,0,
2021,WASHINGTON,53,High Surf,2,2,1,0,0,0,
2021,WASHINGTON,53,High Wind,65,65,4,3,4475000,0,75
2021,WASHINGTON,53,Ice Storm,2,2,1,0,1000000,0,
2021,WASHINGTON,53,Rip Current,1,1,1,0,0,0,
2021,WASHINGTON,53,Strong Wind,18,18,0,2,166500,0,49
2021,WASHINGTON,53,Thunderstorm Wind,4,4,0,0,10000,0,70
2021,WASHINGTON,53,Tornado,2,2,0,0,40000,0,
2021,WASHINGTON,53,Wildfire,19,19,0,1,4505000,50000,
2021,WASHINGTON,53,Winter Storm,30,30,0,0,1110000,0,
2021,WASHINGTON,53,Winter Weather,7,7,1,1,0,0,
2021,WEST VIRGINIA,54,Astronomical Low Tide,2,2,0,0,0,0,
2021,WEST VIRGINIA,54,Cold/Wind Chill,4,4,0,0,0,0,
2021,WEST VIRGINIA,54,Debris Flow,2,2,0,0,0,0,
2021,WEST VIRGINIA,54,Dense Fog,36,36,0,0,0,0,
2021,WEST VIRGINIA,54,Flash Flood,120,120,0,0,1748500,0,
2021,WEST VIRGINIA,54,Flood,104,104,0,0,654060,0,
2021,WEST VIRGINIA,54,Frost/Freeze,9,9,0,0,0,0,
2021,WEST VIRGINIA,54,Hail,35,35,1,0,10000,0,2
2021,WEST VIRGINIA,54,Heat,12,12,0,0,0,0,
2021,WEST VIRGINIA,54,Heavy Rain,8,8,0,0,0,0,
2021,WEST VIRGINIA,54,Heavy Snow,17,17,0,0,61000,0,
2021,WEST VIRGINIA,54,High Wind,7,7,0,0,7000,0,52
2021,WEST VIRGINIA,54,Ice Storm,9,9,0,0,180000,0,
2021,WEST VIRGINIA,54,Strong Wind,11,11,0,0,48000,0,47
2021,WEST VIRGINIA,54,Thunderstorm Wind,243,243,0,1,1081000,0,65
2021,WEST VIRGINIA,54,Tornado,2,2,0,1,100000,0,
2021,WEST VIRGINIA,54,Winter Storm,64,64,0,0,72000,0,
2021,WEST VIRGINIA,54,Winter Weather,175,175,0,0,3000,0,
2021,WISCONSIN,55,Cold/Wind Chill,62,62,1,0,0,0,
2021,WISCONSIN,55,Dense Fog,3,3,4,1,30000,0,
2021,WISCONSIN,55,Drought,25,25,0,0,0,0,
2021,WISCONSIN,55,Extreme Cold/Wind Chill,38,38,0,0,0,0,
2021,WISCONSIN,55,Flash Flood,20,20,0,0,596500,765000,
2021,WISCONSIN,55,Flood,22,22,0,0,175000,0,
2021,WISCONSIN,55,Funnel Cloud,6,6,0,0,0,0,
2021,WISCONSIN,55,Hail,253,253,0,0,2163000,120000,4.5
2021,WISCONSIN,55,Heavy Rain,12,12,0,0,0,0,
2021,WISCONSIN,55,Heavy Snow,39,39,0,0,0,0,
2021,WISCONSIN,55,High Surf,1,1,0,0,0,0,
2021,WISCONSIN,55,High Wind,47,47,0,0,519000,0,66
2021,WISCONSIN,55,Lakeshore Flood,1,1,0,0,0,0,
2021,WISCONSIN,55,Lightning,7,7,1,5,645000,0,
2021,WISCONSIN,55,Rip Current,4,4,4,0,0,0,
2021,WISCONSIN,55,Strong Wind,9,9,2,0,108700,0,48
2021,WISCONSIN,55,Thunderstorm Wind,316,316,1,1,3333000,140000,70
2021,WISCONSIN,55,Tornado,46,46,0,1,3023000,42000,
2021,WISCONSIN,55,Wildfire,1,1,0,0,60000,0,
2021,WISCONSIN,55,Winter Storm,97,97,0,0,0,0,
2021,WISCONSIN,55,Winter Weather,156,156,3,59,533000,0,
2021,WYOMING,56,Avalanche,7,7,3,1,0,0,
2021,WYOMING,56,Blizzard,18,18,1,0,0,0,
2021,WYOMING,56,Cold/Wind Chill,6,6,0,0,0,0,
2021,WYOMING,56,Drought,2,2,0,0,0,0,
2021,WYOMING,56,Excessive Heat,3,3,0,0,0,0,
2021,WYOMING,56,Extreme Cold/Wind Chill,23,23,0,0,0,0,
2021,WYOMING,56,Flash Flood,14,14,0,0,775000,0,
2021,WYOMING,56,Flood,1,1,0,0,0,0,
2021,WYOMING,56,Funnel Cloud,1,1,0,0,0,0,
2021,WYOMING,56,Hail,111,111,0,0,0,0,2.75
2021,WYOMING,56,Heat,30,30,0,0,0,0,
2021,WYOMING,56,Heavy Snow,61,61,0,0,0,0,
2021,WYOMING,56,High Wind,451,451,0,0,143000,0,104
2021,WYOMING,56,Thunderstorm Wind,61,61,0,0,41000,0,69
2021,WYOMING,56,Tornado,1,1,0,0,0,0,
2021,WYOMING,56,Wildfire,2,2,1,0,2000000,0,
2021,WYOMING,56,Winter Storm,93,93,0,0,0,0,
2021,WYOMING,56,Winter Weather,61,61,0,1,0,0,
2022,ALABAMA,1,Cold/Wind Chill,23,23,0,0,50000,0,
2022,ALABAMA,1,Drought,6,6,0,0,0,0,
2022,ALABAMA,1,Excessive Heat,8,8,1,0,0,0,
2022,ALABAMA,1,Extreme Cold/Wind Chill,10,10,0,0,0,0,
2022,ALABAMA,1,Flash Flood,115,115,4,1,450000,0,
2022,ALABAMA,1,Flood,12,12,0,0,0,0,
2022,ALABAMA,1,Frost/Freeze,31,31,0,0,0,0,
2022,ALABAMA,1,Funnel Cloud,1,1,0,0,0,0,
2022,ALABAMA,1,Hail,92,92,0,0,0,0,2.75
2022,ALABAMA,1,Heat,51,51,0,0,0,0,
2022,ALABAMA,1,Heavy Rain,7,7,0,0,0,0,
2022,ALABAMA,1,Heavy Snow,16,16,0,0,0,0,
2022,ALABAMA,1,High Wind,1,1,0,0,0,0,50
2022,ALABAMA,1,Lightning,13,13,1,0,795100,0,
2022,ALABAMA,1,Rip Current,3,3,3,3,0,0,
2022,ALABAMA,1,Strong Wind,21,21,1,3,21194000,0,49
2022,ALABAMA,1,Thunderstorm Wind,466,466,3,13,8221500,0,87
2022,ALABAMA,1,Tornado,124,124,3,13,259000,3000,
2022,ALABAMA,1,Winter Storm,15,15,0,0,0,0,
2022,ALABAMA,1,Winter Weather,15,15,0,0,0,0,
2022,ALASKA,2,Astronomical Low Tide,1,1,0,0,0,0,
2022,ALASKA,2,Avalanche,2,2,0,0,0,0,
2022,ALASKA,2,Blizzard,24,24,0,0,0,0,
2022,ALASKA,2,Coastal Flood,13,13,0,0,0,0,
2022,ALASKA,2,Cold/Wind Chill,6,6,0,0,0,0,
2022,ALASKA,2,Debris Flow,4,4,0,0,268800,0,
2022,ALASKA,2,Extreme Cold/Wind Chill,5,5,1,0,0,0,
2022,ALASKA,2,Flash Flood,1,1,0,0,14000000,0,
2022,ALASKA,2,Flood,29,29,0,0,583000,0,
2022,ALASKA,2,Heavy Snow,51,51,0,0,0,0,
2022,ALASKA,2,High Wind,62,62,0,0,2000000,0,83
2022,ALASKA,2,Storm Surge/Tide,2,2,0,0,0,0,
2022,ALASKA,2,Strong Wind,3,3,0,2,1400000,0,44
2022,ALASKA,2,Wildfire,11,11,0,0,0,0,
2022,ALASKA,2,Winter Storm,61,61,0,0,0,0,
2022,ALASKA,2,Winter Weather,57,57,0,0,0,0,
2022,AMERICAN SAMOA,97,Coastal Flood,2,2,0,0,2000000,10000,
2022,AMERICAN SAMOA,97,Flash Flood,3,3,0,0,120000,10000,
2022,AMERICAN SAMOA,97,Heat,3,3,0,0,0,0,
2022,AMERICAN SAMOA,97,Heavy Rain,12,12,0,0,200000,5000,
2022,AMERICAN SAMOA,97,High Surf,1,1,0,0,0,0,
2022,AMERICAN SAMOA,97,Rip Current,1,1,0,0,0,10000,
2022,AMERICAN SAMOA,97,Strong Wind,1,1,0,0,10000,0,25
2022,AMERICAN SAMOA,97,Tsunami,1,1,0,0,0,0,
2022,ARIZONA,4,Avalanche,3,3,0,0,0,0,
2022,ARIZONA,4,Cold/Wind Chill,13,13,3,0,0,0,
2022,ARIZONA,4,Debris Flow,9,9,0,0,46000,0,
2022,ARIZONA,4,Dense Fog,12,12,0,0,0,0,
2022,ARIZONA,4,Drought,14,14,0,0,0,0,
2022,ARIZONA,4,Dust Devil,2,2,0,0,150000,0,
2022,ARIZONA,4,Dust Storm,108,108,0,0,25000,0,
2022,ARIZONA,4,Excessive Heat,169,169,147,0,0,0,
2022,ARIZONA,4,Flash Flood,458,458,2,1,10968000,0,
2022,ARIZONA,4,Flood,10,10,0,0,1760000,0,
2022,ARIZONA,4,Funnel Cloud,6,6,0,0,0,0,
2022,ARIZONA,4,Hail,43,43,0,0,50500,0,2
2022,ARIZONA,4,Heat,131,131,286,0,0,0,
2022,ARIZONA,4,Heavy Rain,8,8,0,0,120000,0,
2022,ARIZONA,4,Heavy Snow,21,21,0,0,0,0,
2022,ARIZONA,4,High Wind,98,98,0,0,198000,0,73
2022,ARIZONA,4,Lightning,7,7,0,2,1602000,0,
2022,ARIZONA,4,Strong Wind,7,7,1,0,67000,0,43
2022,ARIZONA,4,Thunderstorm Wind,265,265,0,1,8195800,25000,87
2022,ARIZONA,4,Tornado,9,9,0,0,350000,0,
2022,ARIZONA,4,Wildfire,24,24,0,0,20925000,0,
2022,ARIZONA,4,Winter Weather,2,2,0,0,0,0,
2022,ARKANSAS,5,Cold/Wind Chill,19,19,0,0,0,0,
2022,ARKANSAS,5,Drought,107,107,0,0,0,0,
2022,ARKANSAS,5,Excessive Heat,73,73,0,0,0,0,
2022,ARKANSAS,5,Extreme Cold/Wind Chill,10,10,0,0,0,0,
2022,ARKANSAS,5,Flash Flood,76,76,3,0,125000,0,
2022,ARKANSAS,5,Flood,86,86,1,0,0,0,
2022,ARKANSAS,5,Funnel Cloud,4,4,0,0,0,0,
2022,ARKANSAS,5,Hail,251,251,0,0,1423000,0,4.5
2022,ARKANSAS,5,Heat,175,175,1,0,0,0,
2022,ARKANSAS,5,Heavy Rain,23,23,0,0,0,0,
2022,ARKANSAS,5,Heavy Snow,16,16,0,0,0,0,
2022,ARKANSAS,5,Ice Storm,7,7,0,0,0,0,
2022,ARKANSAS,5,Lightning,5,5,0,0,186000,0,
2022,ARKANSAS,5,Strong Wind,5,5,0,0,5000,100,49
2022,ARKANSAS,5,Thunderstorm Wind,339,339,0,2,2430200,0,71
2022,ARKANSAS,5,Tornado,46,46,0,12,22147000,12000,
2022,ARKANSAS,5,Winter Storm,135,135,0,0,0,0,
2022,ARKANSAS,5,Winter Weather,156,156,0,0,0,0,
2022,ATLANTIC NORTH,88,Marine Hail,3,3,0,0,0,0,1
2022,ATLANTIC NORTH,88,Marine High Wind,18,18,0,0,0,0,66
2022,ATLANTIC NORTH,88,Marine Thunderstorm Wind,912,912,0,0,20000,0,69
2022,ATLANTIC NORTH,88,Waterspout,4,4,0,0,0,0,
2022,ATLANTIC SOUTH,87,Marine Dense Fog,1,1,0,0,0,0,
2022,ATLANTIC SOUTH,87,Marine Hail,7,7,0,0,0,0,1.75
2022,ATLANTIC SOUTH,87,Marine High Wind,2,2,0,0,0,0,48
2022,ATLANTIC SOUTH,87,Marine Hurricane/Typhoon,2,2,0,0,0,0,
2022,ATLANTIC SOUTH,87,Marine Strong Wind,2,2,0,0,20,0,45
2022,ATLANTIC SOUTH,87,Marine Thunderstorm Wind,443,443,0,0,0,0,71
2022,ATLANTIC SOUTH,87,Marine Tropical Depression,3,3,0,0,0,0,
2022,ATLANTIC SOUTH,87,Marine Tropical Storm,28,28,0,0,0,0,
2022,ATLANTIC SOUTH,87,Waterspout,68,68,0,0,5000,0,
2022,CALIFORNIA,6,Avalanche,1,1,0,0,0,0,
2022,CALIFORNIA,6,Coastal Flood,3,3,0,0,0,0,
2022,CALIFORNIA,6,Cold/Wind Chill,7,7,6,0,0,0,
2022,CALIFORNIA,6,Debris Flow,51,51,3,0,6012010,0,
2022,CALIFORNIA,6,Dense Fog,155,155,4,14,690000,0,
2022,CALIFORNIA,6,Dense Smoke,1,1,0,0,0,0,
2022,CALIFORNIA,6,Drought,606,606,0,0,0,0,
2022,CALIFORNIA,6,Dust Storm,28,28,0,1,15000,0,
2022,CALIFORNIA,6,Excessive Heat,160,160,1,1,0,0,
2022,CALIFORNIA,6,Extreme Cold/Wind Chill,2,2,1,4,0,0,
2022,CALIFORNIA,6,Flash Flood,172,172,3,2,6654000,0,
2022,CALIFORNIA,6,Flood,164,164,1,0,276010,0,
2022,CALIFORNIA,6,Frost/Freeze,118,118,0,0,0,0,
2022,CALIFORNIA,6,Funnel Cloud,3,3,0,0,0,0,
2022,CALIFORNIA,6,Hail,9,9,0,3,23500,0,1.25
2022,CALIFORNIA,6,Heat,229,229,6,64,0,0,
2022,CALIFORNIA,6,Heavy Rain,125,125,0,0,792000,0,
2022,CALIFORNIA,6,Heavy Snow,155,155,0,0,10000,0,
2022,CALIFORNIA,6,High Surf,5,5,1,4,0,0,
2022,CALIFORNIA,6,High Wind,473,473,0,1,436000,0,139
2022,CALIFORNIA,6,Lightning,6,6,1,1,10000,2500,
2022,CALIFORNIA,6,Rip Current,2,2,1,0,0,0,
2022,CALIFORNIA,6,Sneakerwave,1,1,1,1,0,0,
2022,CALIFORNIA,6,Storm Surge/Tide,2,2,1,1,0,0,
2022,CALIFORNIA,6,Strong Wind,129,129,4,2,802410,61100,49
2022,CALIFORNIA,6,Thunderstorm Wind,43,43,1,0,585000,1000,63
2022,CALIFORNIA,6,Tornado,4,4,0,0,0,0,
2022,CALIFORNIA,6,Tsunami,5,5,0,0,9500000,0,
2022,CALIFORNIA,6,Wildfire,42,42,8,11,60357500,100000,
2022,CALIFORNIA,6,Winter Storm,50,50,0,2,0,0,
2022,CALIFORNIA,6,Winter Weather,81,81,0,0,0,0,
2022,COLORADO,8,Avalanche,6,6,6,4,0,0,
2022,COLORADO,8,Blizzard,11,11,0,0,0,0,
2022,COLORADO,8,Cold/Wind Chill,22,22,1,0,0,0,
2022,COLORADO,8,Debris Flow,35,35,0,0,62000,0,
2022,COLORADO,8,Dense Fog,11,11,0,0,0,0,
2022,COLORADO,8,Drought,50,50,0,0,0,0,
2022,COLORADO,8,Dust Storm,16,16,0,0,0,0,
2022,COLORADO,8,Excessive Heat,2,2,1,0,0,0,
2022,COLORADO,8,Extreme Cold/Wind Chill,14,14,0,0,0,0,
2022,COLORADO,8,Flash Flood,71,71,2,0,678000,165000,
2022,COLORADO,8,Flood,17,17,0,0,9860,2010,
2022,COLORADO,8,Frost/Freeze,38,38,0,0,0,0,
2022,COLORADO,8,Funnel Cloud,3,3,0,0,0,0,
2022,COLORADO,8,Hail,205,205,0,0,17000,0,3.75
2022,COLORADO,8,Heavy Rain,59,59,0,0,0,0,
2022,COLORADO,8,Heavy Snow,76,76,0,0,0,0,
2022,COLORADO,8,High Wind,374,374,1,0,73000,0,101
2022,COLORADO,8,Strong Wind,1,1,0,0,0,0,46
2022,COLORADO,8,Thunderstorm Wind,121,121,1,0,62000,5000,78
2022,COLORADO,8,Tornado,31,31,0,0,5000,0,
2022,COLORADO,8,Wildfire,18,18,0,3,11000,0,
2022,COLORADO,8,Winter Storm,100,100,0,0,0,0,
2022,COLORADO,8,Winter Weather,306,306,0,20,7500,0,
2022,CONNECTICUT,9,Blizzard,2,2,0,0,0,0,
2022,CONNECTICUT,9,Cold/Wind Chill,6,6,0,0,0,0,
2022,CONNECTICUT,9,Drought,6,6,0,0,0,0,
2022,CONNECTICUT,9,Flash Flood,11,11,0,0,0,0,
2022,CONNECTICUT,9,Flood,1,1,0,0,0,0,
2022,CONNECTICUT,9,Funnel Cloud,1,1,0,0,0,0,
2022,CONNECTICUT,9,Hail,1,1,0,0,0,0,1
2022,CONNECTICUT,9,Heat,6,6,0,0,0,0,
2022,CONNECTICUT,9,Heavy Rain,2,2,0,0,0,0,
2022,CONNECTICUT,9,Heavy Snow,13,13,0,0,0,0,
2022,CONNECTICUT,9,High Wind,14,14,0,0,0,0,55
2022,CONNECTICUT,9,Lightning,1,1,0,0,7000,0,
2022,CONNECTICUT,9,Strong Wind,8,8,0,0,11400,0,43
2022,CONNECTICUT,9,Thunderstorm Wind,64,64,0,0,167100,0,70
2022,CONNECTICUT,9,Tornado,1,1,0,0,0,0,
2022,CONNECTICUT,9,Winter Storm,8,8,0,0,0,0,
2022,CONNECTICUT,9,Winter Weather,45,45,0,2,0,0,
2022,DELAWARE,10,Blizzard,1,1,0,0,0,0,
2022,DELAWARE,10,Coastal Flood,12,12,0,0,0,0,
2022,DELAWARE,10,Cold/Wind Chill,2,2,0,0,0,0,
2022,DELAWARE,10,Dense Fog,10,10,0,0,0,0,
2022,DELAWARE,10,Excessive Heat,1,1,0,0,0,0,
2022,DELAWARE,10,Hail,7,7,0,0,0,0,2.25
2022,DELAWARE,10,Heavy Rain,8,8,0,0,0,0,
2022,DELAWARE,10,High Wind,3,3,0,0,0,0,63
2022,DELAWARE,10,Lightning,1,1,0,0,1000,0,
2022,DELAWARE,10,Thunderstorm Wind,38,38,0,1,0,0,96
2022,DELAWARE,10,Winter Storm,7,7,0,0,0,0,
2022,DELAWARE,10,Winter Weather,13,13,0,0,0,0,
2022,DISTRICT OF COLUMBIA,11,Coastal Flood,1,1,0,0,0,0,
2022,DISTRICT OF COLUMBIA,11,Cold/Wind Chill,1,1,0,0,0,0,
2022,DISTRICT OF COLUMBIA,11,Flash Flood,9,9,0,0,0,0,
2022,DISTRICT OF COLUMBIA,11,Flood,12,12,0,0,0,0,
2022,DISTRICT OF COLUMBIA,11,Lightning,2,2,3,0,200000,0,
2022,DISTRICT OF COLUMBIA,11,Thunderstorm Wind,10,10,0,0,57500,0,50
2022,DISTRICT OF COLUMBIA,11,Winter Storm,1,1,0,0,0,0,
2022,DISTRICT OF COLUMBIA,11,Winter Weather,4,4,0,0,0,0,
2022,E PACIFIC,86,Marine Dense Fog,1,1,2,0,0,0,
2022,FLORIDA,12,Coastal Flood,2,2,0,0,13200,0,
2022,FLORIDA,12,Cold/Wind Chill,26,26,2,0,1300000,0,
2022,FLORIDA,12,Dense Fog,3,3,6,42,0,0,
2022,FLORIDA,12,Drought,68,68,0,0,0,0,
2022,FLORIDA,12,Dust Devil,1,1,0,0,0,0,
2022,FLORIDA,12,Excessive Heat,9,9,0,0,0,0,
2022,FLORIDA,12,Flash Flood,69,69,0,0,33000,0,
2022,FLORIDA,12,Flood,103,103,6,0,1045971000,200,
2022,FLORIDA,12,Frost/Freeze,8,8,0,0,0,0,
2022,FLORIDA,12,Funnel Cloud,28,28,0,0,0,0,
2022,FLORIDA,12,Hail,109,109,0,0,500500,0,2
2022,FLORIDA,12,Heat,1,1,1,0,0,0,
2022,FLORIDA,12,Heavy Rain,69,69,0,0,0,0,
2022,FLORIDA,12,High Surf,2,2,1,6,0,0,
2022,FLORIDA,12,High Wind,1,1,0,0,1000,0,50
2022,FLORIDA,12,Hurricane (Typhoon),23,23,93,0,15203819000,0,
2022,FLORIDA,12,Lightning,46,46,5,19,1297000,0,
2022,FLORIDA,12,Rip Current,21,21,15,11,0,0,
2022,FLORIDA,12,Storm Surge/Tide,19,19,8,0,510000000,0,
2022,FLORIDA,12,Strong Wind,5,5,0,0,6000,0,43
2022,FLORIDA,12,Thunderstorm Wind,434,434,1,7,6498050,0,80
2022,FLORIDA,12,Tornado,71,71,2,9,17251240,0,
2022,FLORIDA,12,Tropical Depression,15,15,0,0,0,500000,
2022,FLORIDA,12,Tropical Storm,107,107,15,0,217475000,0,
2022,FLORIDA,12,Wildfire,1,1,0,0,0,0,
2022,FLORIDA,12,Winter Weather,1,1,0,0,0,0,
2022,GEORGIA,13,Cold/Wind Chill,4,4,0,0,0,0,
2022,GEORGIA,13,Dense Fog,1,1,2,5,0,0,
2022,GEORGIA,13,Drought,10,10,0,0,0,0,
2022,GEORGIA,13,Extreme Cold/Wind Chill,2,2,0,0,0,0,
2022,GEORGIA,13,Flash Flood,31,31,0,0,96010,110,
2022,GEORGIA,13,Flood,11,11,0,0,500,0,
2022,GEORGIA,13,Frost/Freeze,2,2,0,0,0,0,
2022,GEORGIA,13,Funnel Cloud,2,2,0,0,0,0,
2022,GEORGIA,13,Hail,105,105,0,0,40,40,2.75
2022,GEORGIA,13,Heat,1,1,2,0,0,0,
2022,GEORGIA,13,Heavy Rain,13,13,0,0,0,0,
2022,GEORGIA,13,Heavy Snow,5,5,0,0,0,0,
2022,GEORGIA,13,High Wind,2,2,0,0,10000,0,50
2022,GEORGIA,13,Lightning,12,12,2,9,390000,0,
2022,GEORGIA,13,Rip Current,3,3,1,1,0,0,
2022,GEORGIA,13,Storm Surge/Tide,2,2,0,0,0,0,
2022,GEORGIA,13,Strong Wind,31,31,1,0,930500,0,49
2022,GEORGIA,13,Thunderstorm Wind,725,725,2,11,1244670,3120,65
2022,GEORGIA,13,Tornado,56,56,1,15,1515000,0,
2022,GEORGIA,13,Tropical Depression,4,4,0,0,0,0,
2022,GEORGIA,13,Tropical Storm,29,29,0,0,66000,0,
2022,GEORGIA,13,Winter Storm,24,24,0,0,0,0,
2022,GEORGIA,13,Winter Weather,31,31,0,0,0,0,
2022,GUAM,98,Drought,12,12,0,0,0,0,
2022,GUAM,98,Flash Flood,1,1,0,0,0,0,
2022,GUAM,98,Flood,3,3,0,0,500,0,
2022,GUAM,98,High Surf,1,1,1,1,0,0,
2022,GUAM,98,Lightning,1,1,0,0,50000,0,
2022,GUAM,98,Rip Current,2,2,1,3,0,0,
2022,GUAM,98,Thunderstorm Wind,1,1,1,0,0,0,34
2022,GUAM,98,Tropical Depression,1,1,0,0,0,0,
2022,GUAM,98,Tropical Storm,1,1,0,1,0,0,
2022,GULF OF MEXICO,85,Marine Dense Fog,2,2,0,0,0,0,
2022,GULF OF MEXICO,85,Marine Hurricane/Typhoon,2,2,0,0,0,0,
2022,GULF OF MEXICO,85,Marine Strong Wind,1,1,6,0,500,0,36
2022,GULF OF MEXICO,85,Marine Thunderstorm Wind,934,934,0,0,0,0,68
2022,GULF OF MEXICO,85,Marine Tropical Storm,17,17,20,0,0,0,
2022,GULF OF MEXICO,85,Waterspout,125,125,0,0,1000,0,
2022,HAWAII,15,Blizzard,1,1,0,0,0,0,
2022,HAWAII,15,Drought,240,240,0,0,0,0,
2022,HAWAII,15,Flash Flood,13,13,0,0,1200000,0,
2022,HAWAII,15,Heavy Rain,59,59,0,0,0,0,
2022,HAWAII,15,High Surf,325,325,0,3,122000,0,
2022,HAWAII,15,High Wind,2,2,0,0,0,0,144
2022,HAWAII,15,Strong Wind,14,14,0,0,0,12000,49
2022,HAWAII,15,Thunderstorm Wind,4,4,0,0,0,0,53
2022,HAWAII,15,Volcanic Ashfall,1,1,0,0,0,0,
2022,HAWAII,15,Wildfire,2,2,0,0,0,0,
2022,HAWAII,15,Winter Weather,2,2,0,0,0,0,
2022,IDAHO,16,Avalanche,2,2,0,0,0,0,
2022,IDAHO,16,Blizzard,1,1,0,0,0,0,
2022,IDAHO,16,Cold/Wind Chill,5,5,0,0,0,0,
2022,IDAHO,16,Debris Flow,1,1,0,0,1000,0,
2022,IDAHO,16,Dust Devil,1,1,0,0,0,0,
2022,IDAHO,16,Dust Storm,2,2,0,0,0,0,
2022,IDAHO,16,Excessive Heat,5,5,1,0,0,0,
2022,IDAHO,16,Extreme Cold/Wind Chill,14,14,1,0,0,0,
2022,IDAHO,16,Flash Flood,3,3,0,0,19000,0,
2022,IDAHO,16,Flood,28,28,0,0,1860000,25000,
2022,IDAHO,16,Freezing Fog,1,1,1,0,0,0,
2022,IDAHO,16,Funnel Cloud,8,8,0,0,0,0,
2022,IDAHO,16,Hail,38,38,0,0,172600,50500,2.75
2022,IDAHO,16,Heat,2,2,0,0,0,0,
2022,IDAHO,16,Heavy Rain,13,13,0,0,0,0,
2022,IDAHO,16,Heavy Snow,119,119,0,0,32000,0,
2022,IDAHO,16,High Wind,59,59,0,0,1314000,0,83
2022,IDAHO,16,Lightning,2,2,0,1,803000,0,
2022,IDAHO,16,Strong Wind,13,13,0,0,3000,0,58
2022,IDAHO,16,Thunderstorm Wind,68,68,0,0,576200,0,63
2022,IDAHO,16,Tornado,1,1,0,0,0,0,
2022,IDAHO,16,Wildfire,24,24,0,0,20436000,0,
2022,IDAHO,16,Winter Storm,49,49,0,0,352500,0,
2022,IDAHO,16,Winter Weather,51,51,1,4,59000,0,
2022,ILLINOIS,17,Blizzard,1,1,0,0,0,0,
2022,ILLINOIS,17,Cold/Wind Chill,26,26,0,0,0,0,
2022,ILLINOIS,17,Dense Fog,97,97,0,0,0,0,
2022,ILLINOIS,17,Drought,75,75,0,0,0,0,
2022,ILLINOIS,17,Excessive Heat,77,77,0,0,0,0,
2022,ILLINOIS,17,Extreme Cold/Wind Chill,79,79,1,0,0,0,
2022,ILLINOIS,17,Flash Flood,112,112,1,0,13304000,0,
2022,ILLINOIS,17,Flood,72,72,0,0,0,10000,
2022,ILLINOIS,17,Frost/Freeze,23,23,0,0,0,0,
2022,ILLINOIS,17,Funnel Cloud,14,14,0,0,0,0,
2022,ILLINOIS,17,Hail,186,186,0,0,1000,0,3
2022,ILLINOIS,17,Heat,65,65,1,0,0,0,
2022,ILLINOIS,17,Heavy Rain,8,8,0,0,0,0,
2022,ILLINOIS,17,Heavy Snow,37,37,0,0,0,0,
2022,ILLINOIS,17,High Wind,43,43,0,0,0,0,60
2022,ILLINOIS,17,Lake-Effect Snow,2,2,0,0,0,0,
2022,ILLINOIS,17,Lightning,6,6,0,5,80000,0,
2022,ILLINOIS,17,Rip Current,3,3,1,2,0,0,
2022,ILLINOIS,17,Sleet,13,13,0,0,0,0,
2022,ILLINOIS,17,Strong Wind,54,54,0,0,62000,0,47
2022,ILLINOIS,17,Thunderstorm Wind,718,718,0,4,1543000,0,83
2022,ILLINOIS,17,Tornado,39,39,0,0,952000,0,
2022,ILLINOIS,17,Winter Storm,177,177,0,0,25000,0,
2022,ILLINOIS,17,Winter Weather,254,254,0,0,0,0,
2022,INDIANA,18,Blizzard,5,5,0,0,0,0,
2022,INDIANA,18,Cold/Wind Chill,4,4,0,0,0,0,
2022,INDIANA,18,Dense Fog,16,16,0,0,0,0,
2022,INDIANA,18,Excessive Heat,27,27,0,0,0,0,
2022,INDIANA,18,Extreme Cold/Wind Chill,85,85,1,0,0,0,
2022,INDIANA,18,Flash Flood,30,30,1,0,18895000,0,
2022,INDIANA,18,Flood,46,46,0,0,15000,30000,
2022,INDIANA,18,Frost/Freeze,6,6,0,0,0,0,
2022,INDIANA,18,Funnel Cloud,1,1,0,0,0,0,
2022,INDIANA,18,Hail,66,66,0,0,0,446000,2.75
2022,INDIANA,18,Heat,16,16,0,0,0,0,
2022,INDIANA,18,High Wind,35,35,0,1,137000,0,59
2022,INDIANA,18,Ice Storm,10,10,0,0,0,0,
2022,INDIANA,18,Lightning,6,6,0,1,85000,0,
2022,INDIANA,18,Rip Current,3,3,3,2,0,0,
2022,INDIANA,18,Strong Wind,13,13,2,0,13000,0,44
2022,INDIANA,18,Thunderstorm Wind,480,480,2,4,4208000,0,87
2022,INDIANA,18,Tornado,16,16,0,0,910000,0,
2022,INDIANA,18,Wildfire,3,3,0,0,35000,0,
2022,INDIANA,18,Winter Storm,186,186,4,3,25000,0,
2022,INDIANA,18,Winter Weather,131,131,5,3,175000,0,
2022,IOWA,19,Blizzard,49,49,0,0,0,0,
2022,IOWA,19,Cold/Wind Chill,33,33,0,0,0,0,
2022,IOWA,19,Drought,203,203,0,0,0,83266000,
2022,IOWA,19,Extreme Cold/Wind Chill,123,123,0,0,0,0,
2022,IOWA,19,Flash Flood,23,23,0,0,80000,535000,
2022,IOWA,19,Flood,12,12,0,0,0,0,
2022,IOWA,19,Funnel Cloud,21,21,0,0,0,0,
2022,IOWA,19,Hail,247,247,0,0,20000,156000,3
2022,IOWA,19,Heavy Rain,130,130,0,0,0,0,
2022,IOWA,19,Heavy Snow,6,6,0,0,0,0,
2022,IOWA,19,High Wind,79,79,0,0,0,0,61
2022,IOWA,19,Ice Storm,5,5,0,0,0,0,
2022,IOWA,19,Lightning,4,4,0,0,419000,0,
2022,IOWA,19,Strong Wind,9,9,0,0,0,0,46
2022,IOWA,19,Thunderstorm Wind,322,322,0,0,1375000,480000,78
2022,IOWA,19,Tornado,56,56,7,7,224925000,500,
2022,IOWA,19,Wildfire,1,1,0,0,0,0,
2022,IOWA,19,Winter Storm,138,138,0,0,0,0,
2022,IOWA,19,Winter Weather,53,53,0,0,0,0,
2022,KANSAS,20,Blizzard,2,2,0,0,0,0,
2022,KANSAS,20,Cold/Wind Chill,1,1,0,0,0,0,
2022,KANSAS,20,Drought,354,354,0,0,0,45200000,
2022,KANSAS,20,Dust Storm,45,45,1,0,207500,0,
2022,KANSAS,20,Extreme Cold/Wind Chill,56,56,0,0,0,0,
2022,KANSAS,20,Flash Flood,30,30,0,0,1000900,250900,
2022,KANSAS,20,Flood,21,21,0,0,31800,2000,
2022,KANSAS,20,Funnel Cloud,2,2,0,0,0,0,
2022,KANSAS,20,Hail,463,463,0,1,3330000,2200000,4
2022,KANSAS,20,Heavy Rain,176,176,0,0,0,0,
2022,KANSAS,20,Heavy Snow,87,87,0,0,0,0,
2022,KANSAS,20,High Wind,271,271,0,1,227550,0,78
2022,KANSAS,20,Lightning,3,3,0,1,50500,0,
2022,KANSAS,20,Strong Wind,24,24,0,0,1000,1000,49
2022,KANSAS,20,Thunderstorm Wind,507,507,0,0,1188600,0,100
2022,KANSAS,20,Tornado,63,63,0,6,51500000,0,
2022,KANSAS,20,Wildfire,12,12,0,0,0,0,
2022,KANSAS,20,Winter Storm,56,56,4,0,300000,0,
2022,KANSAS,20,Winter Weather,151,151,3,1,0,0,
2022,KENTUCKY,21,Debris Flow,6,6,0,0,1000,1000,
2022,KENTUCKY,21,Dense Fog,78,78,0,0,0,0,
2022,KENTUCKY,21,Drought,95,95,0,0,0,0,
2022,KENTUCKY,21,Excessive Heat,66,66,0,23,0,0,
2022,KENTUCKY,21,Extreme Cold/Wind Chill,36,36,2,3,5000,0,
2022,KENTUCKY,21,Flash Flood,163,163,41,0,1721950,2000,
2022,KENTUCKY,21,Flood,100,100,1,1,32000,0,
2022,KENTUCKY,21,Frost/Freeze,22,22,0,0,0,0,
2022,KENTUCKY,21,Funnel Cloud,1,1,0,0,0,0,
2022,KENTUCKY,21,Hail,102,102,0,0,4000,0,3
2022,KENTUCKY,21,Heat,60,60,0,0,0,0,
2022,KENTUCKY,21,Heavy Rain,19,19,0,0,0,0,
2022,KENTUCKY,21,Heavy Snow,135,135,0,2,0,0,
2022,KENTUCKY,21,High Wind,29,29,0,0,200500,14000,52
2022,KENTUCKY,21,Ice Storm,34,34,0,0,250000,0,
2022,KENTUCKY,21,Lightning,5,5,1,1,123000,0,
2022,KENTUCKY,21,Strong Wind,78,78,0,0,96400,0,48
2022,KENTUCKY,21,Thunderstorm Wind,694,694,1,3,4403800,481200,78
2022,KENTUCKY,21,Tornado,34,34,0,2,850000,10000,
2022,KENTUCKY,21,Winter Storm,160,160,0,0,25000,0,
2022,KENTUCKY,21,Winter Weather,151,151,1,28,0,0,
2022,LAKE ERIE,95,Marine High Wind,2,2,0,0,0,0,55
2022,LAKE ERIE,95,Marine Strong Wind,1,1,1,0,0,0,38
2022,LAKE ERIE,95,Marine Thunderstorm Wind,79,79,0,0,0,0,56
2022,LAKE ERIE,95,Waterspout,11,11,0,0,0,0,
2022,LAKE HURON,90,Marine Hail,2,2,0,0,0,0,3
2022,LAKE HURON,90,Marine Thunderstorm Wind,23,23,0,0,0,0,50
2022,LAKE MICHIGAN,91,Marine Hail,4,4,0,0,0,0,1.25
2022,LAKE MICHIGAN,91,Marine High Wind,13,13,0,0,0,0,59
2022,LAKE MICHIGAN,91,Marine Strong Wind,1,1,0,0,18000,0,35
2022,LAKE MICHIGAN,91,Marine Thunderstorm Wind,103,103,0,0,0,0,73
2022,LAKE MICHIGAN,91,Waterspout,5,5,0,0,0,0,
2022,LAKE ONTARIO,94,Marine Hail,1,1,0,0,0,0,0.75
2022,LAKE ONTARIO,94,Marine Thunderstorm Wind,15,15,0,0,0,0,51
2022,LAKE ONTARIO,94,Waterspout,2,2,0,0,0,0,
2022,LAKE ST CLAIR,81,Marine Thunderstorm Wind,19,19,0,0,0,0,59
2022,LAKE SUPERIOR,92,Marine Hail,12,12,0,0,0,0,2.75
2022,LAKE SUPERIOR,92,Marine High Wind,70,70,0,0,0,0,69
2022,LAKE SUPERIOR,92,Marine Thunderstorm Wind,49,49,0,0,0,0,61
2022,LOUISIANA,22,Astronomical Low Tide,27,27,0,0,0,0,
2022,LOUISIANA,22,Cold/Wind Chill,17,17,0,0,0,0,
2022,LOUISIANA,22,Drought,97,97,0,0,0,0,
2022,LOUISIANA,22,Excessive Heat,35,35,0,0,0,0,
2022,LOUISIANA,22,Extreme Cold/Wind Chill,3,3,0,0,0,0,
2022,LOUISIANA,22,Flash Flood,96,96,0,0,373000,0,
2022,LOUISIANA,22,Flood,5,5,0,0,10000,0,
2022,LOUISIANA,22,Funnel Cloud,2,2,0,0,0,0,
2022,LOUISIANA,22,Hail,64,64,0,0,25000,5000,2
2022,LOUISIANA,22,Heat,153,153,2,0,0,0,
2022,LOUISIANA,22,Lightning,5,5,1,0,1250000,0,
2022,LOUISIANA,22,Strong Wind,2,2,0,0,8200,0,43
2022,LOUISIANA,22,Thunderstorm Wind,220,220,1,0,613000,0,83
2022,LOUISIANA,22,Tornado,65,65,5,60,189247000,35000,
2022,LOUISIANA,22,Winter Storm,1,1,0,0,0,0,
2022,LOUISIANA,22,Winter Weather,23,23,0,0,0,0,
2022,MAINE,23,Blizzard,21,21,0,0,0,0,
2022,MAINE,23,Coastal Flood,13,13,0,0,32220000,0,
2022,MAINE,23,Drought,20,20,0,0,0,0,
2022,MAINE,23,Extreme Cold/Wind Chill,14,14,0,0,0,0,
2022,MAINE,23,Flash Flood,9,9,0,0,69000,0,
2022,MAINE,23,Flood,23,23,0,0,150000,0,
2022,MAINE,23,Hail,21,21,0,0,0,0,2.5
2022,MAINE,23,Heat,13,13,0,0,0,0,
2022,MAINE,23,Heavy Snow,33,33,0,0,0,0,
2022,MAINE,23,High Wind,45,45,0,0,0,0,70
2022,MAINE,23,Strong Wind,8,8,0,0,0,0,39
2022,MAINE,23,Thunderstorm Wind,59,59,1,0,392000,0,78
2022,MAINE,23,Winter Storm,77,77,0,0,0,0,
2022,MAINE,23,Winter Weather,59,59,0,0,0,0,
2022,MARYLAND,24,Coastal Flood,15,15,0,0,0,0,
2022,MARYLAND,24,Cold/Wind Chill,23,23,0,0,0,0,
2022,MARYLAND,24,Dense Fog,12,12,0,0,0,0,
2022,MARYLAND,24,Excessive Heat,2,2,0,0,0,0,
2022,MARYLAND,24,Extreme Cold/Wind Chill,2,2,0,0,0,0,
2022,MARYLAND,24,Flash Flood,77,77,0,0,0,0,
2022,MARYLAND,24,Flood,83,83,0,0,0,0,
2022,MARYLAND,24,Funnel Cloud,2,2,0,0,0,0,
2022,MARYLAND,24,Hail,33,33,0,0,103000,0,3
2022,MARYLAND,24,Heavy Rain,4,4,0,0,0,0,
2022,MARYLAND,24,High Wind,4,4,1,0,0,0,55
2022,MARYLAND,24,Ice Storm,7,7,0,0,10000,0,
2022,MARYLAND,24,Lightning,7,7,1,0,225000,2000,
2022,MARYLAND,24,Thunderstorm Wind,393,393,1,1,6586500,0,80
2022,MARYLAND,24,Tornado,7,7,0,1,910000,0,
2022,MARYLAND,24,Winter Storm,46,46,0,0,0,0,
2022,MARYLAND,24,Winter Weather,148,148,0,0,0,0,
2022,MASSACHUSETTS,25,Blizzard,8,8,0,0,4500,0,
2022,MASSACHUSETTS,25,Coastal Flood,20,20,0,0,78000,0,
2022,MASSACHUSETTS,25,Cold/Wind Chill,8,8,0,0,0,0,
2022,MASSACHUSETTS,25,Drought,6,6,0,0,0,0,
2022,MASSACHUSETTS,25,Extreme Cold/Wind Chill,2,2,0,0,0,0,
2022,MASSACHUSETTS,25,Flash Flood,3,3,0,0,2000,0,
2022,MASSACHUSETTS,25,Flood,21,21,0,0,34000,0,
2022,MASSACHUSETTS,25,Hail,5,5,0,0,0,0,1
2022,MASSACHUSETTS,25,Heat,4,4,0,0,0,0,
2022,MASSACHUSETTS,25,Heavy Rain,2,2,0,0,25000,0,
2022,MASSACHUSETTS,25,Heavy Snow,49,49,0,0,11400,0,
2022,MASSACHUSETTS,25,High Wind,34,34,0,0,75600,0,70
2022,MASSACHUSETTS,25,Lightning,13,13,0,0,59300,0,
2022,MASSACHUSETTS,25,Strong Wind,72,72,0,0,128800,0,48
2022,MASSACHUSETTS,25,Thunderstorm Wind,155,155,1,0,477400,1000,78
2022,MASSACHUSETTS,25,Winter Storm,13,13,0,0,0,0,
2022,MASSACHUSETTS,25,Winter Weather,24,24,0,0,1000,0,
2022,MICHIGAN,26,Blizzard,36,36,0,0,1000,0,
2022,MICHIGAN,26,Cold/Wind Chill,28,28,0,0,0,0,
2022,MICHIGAN,26,Excessive Heat,22,22,0,0,0,0,
2022,MICHIGAN,26,Extreme Cold/Wind Chill,3,3,0,0,0,0,
2022,MICHIGAN,26,Flash Flood,4,4,0,0,3032000,0,
2022,MICHIGAN,26,Flood,14,14,0,0,2611000,0,
2022,MICHIGAN,26,Funnel Cloud,1,1,0,0,0,0,
2022,MICHIGAN,26,Hail,76,76,0,0,10056000,0,3
2022,MICHIGAN,26,Heavy Rain,3,3,0,0,2000,0,
2022,MICHIGAN,26,Heavy Snow,7,7,0,0,0,0,
2022,MICHIGAN,26,High Wind,41,41,0,0,183000,0,59
2022,MICHIGAN,26,Ice Storm,26,26,0,0,120000,0,
2022,MICHIGAN,26,Lake-Effect Snow,4,4,0,0,0,0,
2022,MICHIGAN,26,Rip Current,4,4,5,0,0,0,
2022,MICHIGAN,26,Strong Wind,4,4,0,0,61000,0,49
2022,MICHIGAN,26,Thunderstorm Wind,239,239,3,0,8504500,0,96
2022,MICHIGAN,26,Tornado,6,6,2,44,50245000,0,
2022,MICHIGAN,26,Wildfire,3,3,0,0,200000,0,
2022,MICHIGAN,26,Winter Storm,193,193,0,0,131000,0,
2022,MICHIGAN,26,Winter Weather,117,117,1,1,98000,0,
2022,MINNESOTA,27,Blizzard,131,131,0,1,0,0,
2022,MINNESOTA,27,Cold/Wind Chill,67,67,0,0,0,0,
2022,MINNESOTA,27,Drought,53,53,0,0,0,34460000,
2022,MINNESOTA,27,Excessive Heat,68,68,0,0,0,0,
2022,MINNESOTA,27,Extreme Cold/Wind Chill,317,317,2,0,0,0,
2022,MINNESOTA,27,Flash Flood,23,23,0,0,2288000,905000,
2022,MINNESOTA,27,Flood,18,18,0,0,3805000,0,
2022,MINNESOTA,27,Funnel Cloud,19,19,0,0,0,0,
2022,MINNESOTA,27,Hail,701,701,0,0,709000,897000,3
2022,MINNESOTA,27,Heat,1,1,0,14,0,0,
2022,MINNESOTA,27,Heavy Rain,17,17,0,0,0,0,
2022,MINNESOTA,27,Heavy Snow,118,118,0,0,0,0,
2022,MINNESOTA,27,High Surf,1,1,0,0,200000,0,
2022,MINNESOTA,27,High Wind,57,57,0,0,25000,0,65
2022,MINNESOTA,27,Ice Storm,9,9,0,0,0,0,
2022,MINNESOTA,27,Lightning,2,2,0,0,18000,0,
2022,MINNESOTA,27,Strong Wind,26,26,0,0,810000,0,49
2022,MINNESOTA,27,Thunderstorm Wind,807,807,3,3,18717700,10000,87
2022,MINNESOTA,27,Tornado,83,83,0,2,10420000,1000,
2022,MINNESOTA,27,Wildfire,1,1,0,0,0,0,
2022,MINNESOTA,27,Winter Storm,131,131,0,0,0,0,
2022,MINNESOTA,27,Winter Weather,78,78,2,13,144000,0,
2022,MISSISSIPPI,28,Cold/Wind Chill,22,22,0,0,0,0,
2022,MISSISSIPPI,28,Drought,31,31,0,0,0,0,
2022,MISSISSIPPI,28,Excessive Heat,65,65,0,0,0,0,
2022,MISSISSIPPI,28,Extreme Cold/Wind Chill,22,22,0,0,0,0,
2022,MISSISSIPPI,28,Flash Flood,178,178,0,0,7452000,0,
2022,MISSISSIPPI,28,Flood,8,8,0,0,20000,0,
2022,MISSISSIPPI,28,Funnel Cloud,5,5,0,0,0,0,
2022,MISSISSIPPI,28,Hail,142,142,0,0,37387500,7000,2.75
2022,MISSISSIPPI,28,Heat,153,153,1,0,0,0,
2022,MISSISSIPPI,28,Heavy Rain,7,7,0,1,77000,0,
2022,MISSISSIPPI,28,Heavy Snow,15,15,0,0,0,0,
2022,MISSISSIPPI,28,High Wind,1,1,0,0,0,0,50
2022,MISSISSIPPI,28,Ice Storm,2,2,0,0,0,0,
2022,MISSISSIPPI,28,Lightning,7,7,0,0,541000,0,
2022,MISSISSIPPI,28,Strong Wind,22,22,0,0,138200,2000,49
2022,MISSISSIPPI,28,Thunderstorm Wind,544,544,0,9,5239800,2000,87
2022,MISSISSIPPI,28,Tornado,186,186,0,9,13344100,252000,
2022,MISSISSIPPI,28,Winter Storm,23,23,0,0,0,0,
2022,MISSISSIPPI,28,Winter Weather,41,41,0,0,0,0,
2022,MISSOURI,29,Cold/Wind Chill,8,8,0,0,0,0,
2022,MISSOURI,29,Dense Fog,58,58,5,14,0,0,
2022,MISSOURI,29,Drought,275,275,0,350,15671600,11700000,
2022,MISSOURI,29,Excessive Heat,53,53,3,0,0,0,
2022,MISSOURI,29,Extreme Cold/Wind Chill,76,76,0,0,0,0,
2022,MISSOURI,29,Flash Flood,113,113,3,0,145735000,0,
2022,MISSOURI,29,Flood,181,181,0,0,5000,0,
2022,MISSOURI,29,Frost/Freeze,16,16,0,0,0,0,
2022,MISSOURI,29,Hail,238,238,0,0,6952000,0,4
2022,MISSOURI,29,Heat,58,58,0,0,0,0,
2022,MISSOURI,29,Heavy Rain,7,7,0,0,0,0,
2022,MISSOURI,29,Heavy Snow,71,71,0,0,0,0,
2022,MISSOURI,29,Lightning,1,1,0,0,2500,0,
2022,MISSOURI,29,Sleet,21,21,0,0,0,0,
2022,MISSOURI,29,Strong Wind,51,51,0,0,59000,0,45
2022,MISSOURI,29,Thunderstorm Wind,325,325,0,4,2757000,0,78
2022,MISSOURI,29,Tornado,16,16,0,0,500000,0,
2022,MISSOURI,29,Wildfire,5,5,0,3,200000,0,
2022,MISSOURI,29,Winter Storm,187,187,1,54,35000,0,
2022,MISSOURI,29,Winter Weather,165,165,2,56,60000,0,
2022,MONTANA,30,Avalanche,9,9,3,1,0,0,
2022,MONTANA,30,Blizzard,52,52,0,0,1000000,0,
2022,MONTANA,30,Cold/Wind Chill,59,59,0,0,500,0,
2022,MONTANA,30,Dense Fog,20,20,0,0,0,0,
2022,MONTANA,30,Drought,158,158,0,0,0,0,
2022,MONTANA,30,Extreme Cold/Wind Chill,58,58,0,0,0,0,
2022,MONTANA,30,Flash Flood,9,9,0,0,1200000,0,
2022,MONTANA,30,Flood,8,8,0,0,0,0,
2022,MONTANA,30,Funnel Cloud,6,6,0,0,0,0,
2022,MONTANA,30,Hail,233,233,0,0,1513000,56100,3
2022,MONTANA,30,Heat,1,1,0,0,0,0,
2022,MONTANA,30,Heavy Rain,62,62,0,0,0,0,
2022,MONTANA,30,Heavy Snow,151,151,1,0,110000,0,
2022,MONTANA,30,High Wind,562,562,0,1,100500,0,78
2022,MONTANA,30,Lightning,3,3,0,3,2000,0,
2022,MONTANA,30,Strong Wind,6,6,2,0,14000,0,49
2022,MONTANA,30,Thunderstorm Wind,300,300,1,14,270000,0,79
2022,MONTANA,30,Tornado,3,3,0,0,0,0,
2022,MONTANA,30,Wildfire,8,8,0,0,0,0,
2022,MONTANA,30,Winter Storm,123,123,0,1,0,0,
2022,MONTANA,30,Winter Weather,70,70,2,1,1000,0,
2022,NEBRASKA,31,Astronomical Low Tide,1,1,0,0,0,0,
2022,NEBRASKA,31,Blizzard,25,25,0,0,0,0,
2022,NEBRASKA,31,Cold/Wind Chill,4,4,0,0,0,0,
2022,NEBRASKA,31,Drought,508,508,0,0,0,25526000,
2022,NEBRASKA,31,Dust Storm,10,10,0,0,75000,0,
2022,NEBRASKA,31,Excessive Heat,2,2,0,0,0,0,
2022,NEBRASKA,31,Extreme Cold/Wind Chill,124,124,0,0,0,0,
2022,NEBRASKA,31,Flash Flood,15,15,0,0,30000,0,
2022,NEBRASKA,31,Flood,2,2,0,0,0,0,
2022,NEBRASKA,31,Funnel Cloud,5,5,0,0,0,0,
2022,NEBRASKA,31,Hail,547,547,0,0,61401000,198250000,6
2022,NEBRASKA,31,Heat,6,6,0,0,0,0,
2022,NEBRASKA,31,Heavy Rain,5,5,0,0,0,0,
2022,NEBRASKA,31,Heavy Snow,18,18,0,0,0,0,
2022,NEBRASKA,31,High Wind,296,296,0,0,522000,0,72
2022,NEBRASKA,31,Sleet,1,1,0,0,0,0,
2022,NEBRASKA,31,Strong Wind,2,2,0,0,0,0,46
2022,NEBRASKA,31,Thunderstorm Wind,511,511,0,3,38716500,106508000,91
2022,NEBRASKA,31,Tornado,29,29,0,2,2700000,5200000,
2022,NEBRASKA,31,Wildfire,14,14,3,8,3355000,1000000,
2022,NEBRASKA,31,Winter Storm,11,11,0,0,0,0,
2022,NEBRASKA,31,Winter Weather,59,59,0,0,0,0,
2022,NEVADA,32,Cold/Wind Chill,5,5,6,0,0,0,
2022,NEVADA,32,Debris Flow,8,8,0,0,32000,0,
2022,NEVADA,32,Dense Smoke,2,2,0,0,0,0,
2022,NEVADA,32,Dust Devil,2,2,0,6,1200,0,
2022,NEVADA,32,Dust Storm,12,12,0,20,0,0,
2022,NEVADA,32,Excessive Heat,32,32,26,0,0,0,
2022,NEVADA,32,Flash Flood,38,38,0,0,337000,0,
2022,NEVADA,32,Flood,3,3,0,0,5000000,0,
2022,NEVADA,32,Hail,1,1,0,0,0,0,1
2022,NEVADA,32,Heat,15,15,27,0,0,0,
2022,NEVADA,32,Heavy Rain,11,11,1,0,20000,0,
2022,NEVADA,32,Heavy Snow,131,131,0,0,0,0,
2022,NEVADA,32,High Wind,368,368,0,0,5017000,0,101
2022,NEVADA,32,Lightning,2,2,0,0,6000,0,
2022,NEVADA,32,Strong Wind,5,5,0,0,37000,0,43
2022,NEVADA,32,Thunderstorm Wind,48,48,1,0,141900,0,73
2022,NEVADA,32,Winter Storm,12,12,0,3,13000000,0,
2022,NEVADA,32,Winter Weather,3,3,0,0,0,0,
2022,NEW HAMPSHIRE,33,Blizzard,2,2,0,0,0,0,
2022,NEW HAMPSHIRE,33,Coastal Flood,2,2,0,0,10500000,0,
2022,NEW HAMPSHIRE,33,Drought,12,12,0,0,0,0,
2022,NEW HAMPSHIRE,33,Flood,32,32,0,0,187000,0,
2022,NEW HAMPSHIRE,33,Hail,49,49,0,0,6000,0,2
2022,NEW HAMPSHIRE,33,High Wind,5,5,0,0,0,0,55
2022,NEW HAMPSHIRE,33,Strong Wind,2,2,1,0,23000,0,48
2022,NEW HAMPSHIRE,33,Thunderstorm Wind,115,115,0,0,275000,0,70
2022,NEW HAMPSHIRE,33,Tornado,2,2,0,0,8000,0,
2022,NEW HAMPSHIRE,33,Wildfire,1,1,0,0,0,0,
2022,NEW HAMPSHIRE,33,Winter Storm,57,57,0,0,0,0,
2022,NEW HAMPSHIRE,33,Winter Weather,14,14,2,0,0,0,
2022,NEW JERSEY,34,Astronomical Low Tide,1,1,0,0,0,0,
2022,NEW JERSEY,34,Blizzard,6,6,0,0,0,0,
2022,NEW JERSEY,34,Coastal Flood,40,40,0,0,0,0,
2022,NEW JERSEY,34,Cold/Wind Chill,19,19,0,0,0,0,
2022,NEW JERSEY,34,Dense Fog,55,55,0,0,0,0,
2022,NEW JERSEY,34,Excessive Heat,10,10,0,0,0,0,
2022,NEW JERSEY,34,Flash Flood,34,34,0,0,50000,0,
2022,NEW JERSEY,34,Flood,8,8,0,0,0,0,
2022,NEW JERSEY,34,Hail,40,40,0,0,0,0,2.5
2022,NEW JERSEY,34,Heavy Rain,13,13,0,0,0,0,
2022,NEW JERSEY,34,Heavy Snow,5,5,0,0,0,0,
2022,NEW JERSEY,34,High Wind,13,13,0,0,0,0,61
2022,NEW JERSEY,34,Ice Storm,1,1,0,0,0,0,
2022,NEW JERSEY,34,Lightning,3,3,0,0,31000,0,
2022,NEW JERSEY,34,Rip Current,6,6,5,7,0,0,
2022,NEW JERSEY,34,Strong Wind,1,1,0,1,0,0,43
2022,NEW JERSEY,34,Thunderstorm Wind,113,113,0,1,89000,0,75
2022,NEW JERSEY,34,Tornado,2,2,0,0,0,0,
2022,NEW JERSEY,34,Wildfire,1,1,0,0,0,0,
2022,NEW JERSEY,34,Winter Storm,36,36,0,0,0,0,
2022,NEW JERSEY,34,Winter Weather,142,142,1,8,0,0,
2022,NEW MEXICO,35,Avalanche,1,1,0,0,0,0,
2022,NEW MEXICO,35,Cold/Wind Chill,3,3,0,0,0,0,
2022,NEW MEXICO,35,Debris Flow,2,2,0,0,150000,0,
2022,NEW MEXICO,35,Drought,521,521,0,0,0,0,
2022,NEW MEXICO,35,Dust Devil,1,1,0,0,0,0,
2022,NEW MEXICO,35,Dust Storm,8,8,0,0,100000,0,
2022,NEW MEXICO,35,Excessive Heat,2,2,0,0,0,0,
2022,NEW MEXICO,35,Extreme Cold/Wind Chill,9,9,0,0,0,0,
2022,NEW MEXICO,35,Flash Flood,121,121,5,1,6854900,0,
2022,NEW MEXICO,35,Flood,5,5,0,0,1050000,0,
2022,NEW MEXICO,35,Funnel Cloud,4,4,0,0,0,0,
2022,NEW MEXICO,35,Hail,59,59,0,0,552000,0,2.75
2022,NEW MEXICO,35,Heavy Rain,11,11,0,0,0,0,
2022,NEW MEXICO,35,Heavy Snow,75,75,3,3,0,0,
2022,NEW MEXICO,35,High Wind,258,258,0,0,375000,0,81
2022,NEW MEXICO,35,Strong Wind,3,3,0,0,30000,0,45
2022,NEW MEXICO,35,Thunderstorm Wind,55,55,0,0,71000,15000,65
2022,NEW MEXICO,35,Tornado,2,2,0,0,0,0,
2022,NEW MEXICO,35,Wildfire,20,20,2,14,173900000,0,
2022,NEW MEXICO,35,Winter Storm,9,9,1,6,25000,0,
2022,NEW MEXICO,35,Winter Weather,4,4,1,1,0,0,
2022,NEW YORK,36,Astronomical Low Tide,1,1,0,0,0,0,
2022,NEW YORK,36,Blizzard,13,13,44,0,15000000,0,
2022,NEW YORK,36,Cold/Wind Chill,89,89,1,0,0,0,
2022,NEW YORK,36,Debris Flow,1,1,0,0,0,0,
2022,NEW YORK,36,Drought,10,10,0,0,0,0,
2022,NEW YORK,36,Extreme Cold/Wind Chill,76,76,0,0,0,0,
2022,NEW YORK,36,Flash Flood,45,45,0,0,685000,0,
2022,NEW YORK,36,Flood,57,57,0,0,5672000,0,
2022,NEW YORK,36,Frost/Freeze,3,3,0,0,0,0,
2022,NEW YORK,36,Funnel Cloud,1,1,0,0,0,0,
2022,NEW YORK,36,Hail,63,63,0,0,20000,0,3
2022,NEW YORK,36,Heat,73,73,0,0,0,0,
2022,NEW YORK,36,Heavy Rain,1,1,0,0,2000,0,
2022,NEW YORK,36,Heavy Snow,75,75,0,0,626900,0,
2022,NEW YORK,36,High Wind,47,47,1,0,805000,0,63
2022,NEW YORK,36,Ice Storm,2,2,0,0,0,0,
2022,NEW YORK,36,Lake-Effect Snow,61,61,3,0,30500000,0,
2022,NEW YORK,36,Lakeshore Flood,4,4,0,0,500000,0,
2022,NEW YORK,36,Lightning,5,5,0,1,247000,0,
2022,NEW YORK,36,Rip Current,2,2,3,0,0,0,
2022,NEW YORK,36,Strong Wind,107,107,0,0,180000,1000,49
2022,NEW YORK,36,Thunderstorm Wind,738,738,0,3,2054900,8000,87
2022,NEW YORK,36,Tornado,7,7,0,0,1043000,0,
2022,NEW YORK,36,Wildfire,2,2,0,0,0,0,
2022,NEW YORK,36,Winter Storm,212,212,4,2,235000,0,
2022,NEW YORK,36,Winter Weather,296,296,0,1,50000,0,
2022,NORTH CAROLINA,37,Coastal Flood,7,7,0,0,0,0,
2022,NORTH CAROLINA,37,Cold/Wind Chill,18,18,0,0,0,0,
2022,NORTH CAROLINA,37,Drought,26,26,0,0,0,0,
2022,NORTH CAROLINA,37,Extreme Cold/Wind Chill,20,20,0,0,0,0,
2022,NORTH CAROLINA,37,Flash Flood,74,74,0,1,1370000,0,
2022,NORTH CAROLINA,37,Flood,15,15,0,0,13500,0,
2022,NORTH CAROLINA,37,Funnel Cloud,5,5,0,0,0,0,
2022,NORTH CAROLINA,37,Hail,160,160,0,0,0,0,2.75
2022,NORTH CAROLINA,37,Heavy Rain,10,10,0,0,0,0,
2022,NORTH CAROLINA,37,Heavy Snow,39,39,0,0,0,0,
2022,NORTH CAROLINA,37,High Wind,28,28,0,0,256000,0,75
2022,NORTH CAROLINA,37,Ice Storm,6,6,0,0,0,0,
2022,NORTH CAROLINA,37,Lightning,10,10,1,1,223500,0,
2022,NORTH CAROLINA,37,Rip Current,7,7,3,0,0,0,
2022,NORTH CAROLINA,37,Storm Surge/Tide,3,3,0,0,0,0,
2022,NORTH CAROLINA,37,Strong Wind,31,31,0,0,259000,0,49
2022,NORTH CAROLINA,37,Thunderstorm Wind,836,836,2,6,3639950,33400,87
2022,NORTH CAROLINA,37,Tornado,21,21,0,1,3541000,12000,
2022,NORTH CAROLINA,37,Tropical Storm,53,53,4,0,21585000,0,
2022,NORTH CAROLINA,37,Winter Storm,84,84,0,0,51000,0,
2022,NORTH CAROLINA,37,Winter Weather,133,133,0,0,0,0,
2022,NORTH DAKOTA,38,Blizzard,289,289,2,0,60000000,0,
2022,NORTH DAKOTA,38,Cold/Wind Chill,62,62,0,0,0,0,
2022,NORTH DAKOTA,38,Dense Fog,2,2,1,4,225000,0,
2022,NORTH DAKOTA,38,Drought,88,88,0,0,0,0,
2022,NORTH DAKOTA,38,Extreme Cold/Wind Chill,98,98,0,0,0,0,
2022,NORTH DAKOTA,38,Flash Flood,8,8,0,0,1020000,0,
2022,NORTH DAKOTA,38,Flood,1,1,2,0,30000,0,
2022,NORTH DAKOTA,38,Funnel Cloud,9,9,0,0,0,0,
2022,NORTH DAKOTA,38,Hail,188,188,0,0,2357000,1545000,3
2022,NORTH DAKOTA,38,Heavy Rain,3,3,0,0,0,0,
2022,NORTH DAKOTA,38,Heavy Snow,148,148,0,0,0,0,
2022,NORTH DAKOTA,38,High Wind,258,258,1,1,75000,0,64
2022,NORTH DAKOTA,38,Ice Storm,1,1,0,0,225000,0,
2022,NORTH DAKOTA,38,Strong Wind,14,14,0,0,0,0,49
2022,NORTH DAKOTA,38,Thunderstorm Wind,289,289,0,0,4041000,270000,104
2022,NORTH DAKOTA,38,Tornado,16,16,0,0,275000,10000,
2022,NORTH DAKOTA,38,Winter Storm,10,10,0,0,0,0,
2022,NORTH DAKOTA,38,Winter Weather,2,2,0,0,0,0,
2022,OHIO,39,Blizzard,7,7,4,73,0,0,
2022,OHIO,39,Cold/Wind Chill,11,11,0,0,0,0,
2022,OHIO,39,Extreme Cold/Wind Chill,69,69,3,0,23000,0,
2022,OHIO,39,Flash Flood,37,37,0,0,6628100,0,
2022,OHIO,39,Flood,173,173,0,0,1536950,0,
2022,OHIO,39,Funnel Cloud,2,2,0,0,0,0,
2022,OHIO,39,Hail,119,119,0,0,351000,0,2.75
2022,OHIO,39,Heavy Rain,3,3,0,0,0,0,
2022,OHIO,39,Heavy Snow,20,20,0,0,0,0,
2022,OHIO,39,High Wind,21,21,0,0,0,0,60
2022,OHIO,39,Ice Storm,15,15,0,0,0,0,
2022,OHIO,39,Lake-Effect Snow,8,8,0,0,0,0,
2022,OHIO,39,Lightning,1,1,1,0,0,0,
2022,OHIO,39,Strong Wind,11,11,0,0,0,0,41
2022,OHIO,39,Thunderstorm Wind,708,708,0,1,4603950,393000,104
2022,OHIO,39,Tornado,33,33,0,5,6637750,0,
2022,OHIO,39,Winter Storm,178,178,1,0,0,0,
2022,OHIO,39,Winter Weather,149,149,0,0,0,0,
2022,OKLAHOMA,40,Cold/Wind Chill,1,1,0,0,0,0,
2022,OKLAHOMA,40,Drought,895,895,0,0,0,0,
2022,OKLAHOMA,40,Dust Storm,1,1,0,0,0,0,
2022,OKLAHOMA,40,Excessive Heat,113,113,0,81,0,0,
2022,OKLAHOMA,40,Extreme Cold/Wind Chill,24,24,0,0,0,0,
2022,OKLAHOMA,40,Flash Flood,38,38,2,2,2000000,0,
2022,OKLAHOMA,40,Flood,30,30,1,0,50000,0,
2022,OKLAHOMA,40,Hail,334,334,0,0,1290000,0,4.5
2022,OKLAHOMA,40,Heat,17,17,0,0,0,0,
2022,OKLAHOMA,40,Heavy Snow,20,20,0,0,0,0,
2022,OKLAHOMA,40,High Wind,81,81,0,0,34000,0,64
2022,OKLAHOMA,40,Thunderstorm Wind,305,305,0,0,1055000,0,87
2022,OKLAHOMA,40,Tornado,63,63,1,9,39447000,0,
2022,OKLAHOMA,40,Wildfire,62,62,2,10,957000,0,
2022,OKLAHOMA,40,Winter Storm,87,87,0,0,0,0,
2022,OKLAHOMA,40,Winter Weather,6,6,0,0,0,0,
2022,OREGON,41,Coastal Flood,2,2,0,0,0,0,
2022,OREGON,41,Debris Flow,5,5,0,0,57000,0,
2022,OREGON,41,Dense Fog,1,1,1,4,2000000,0,
2022,OREGON,41,Excessive Heat,39,39,16,0,0,0,
2022,OREGON,41,Extreme Cold/Wind Chill,1,1,0,0,0,0,
2022,OREGON,41,Flood,12,12,0,0,25000,0,
2022,OREGON,41,Freezing Fog,2,2,0,0,0,0,
2022,OREGON,41,Frost/Freeze,38,38,0,0,0,0,
2022,OREGON,41,Funnel Cloud,3,3,0,0,0,0,
2022,OREGON,41,Hail,14,14,1,5,50000,0,2.5
2022,OREGON,41,Heat,15,15,1,0,0,0,
2022,OREGON,41,Heavy Rain,6,6,0,0,50000,0,
2022,OREGON,41,Heavy Snow,37,37,0,0,0,0,
2022,OREGON,41,High Surf,2,2,0,0,0,0,
2022,OREGON,41,High Wind,80,80,4,2,7038250,0,86
2022,OREGON,41,Ice Storm,5,5,0,0,0,0,
2022,OREGON,41,Lightning,1,1,0,0,1200,0,
2022,OREGON,41,Rip Current,1,1,1,0,0,0,
2022,OREGON,41,Strong Wind,8,8,0,0,29500,0,46
2022,OREGON,41,Thunderstorm Wind,9,9,0,0,5000,0,78
2022,OREGON,41,Tornado,4,4,0,0,75000,0,
2022,OREGON,41,Tsunami,2,2,0,0,0,0,
2022,OREGON,41,Wildfire,16,16,2,0,500000,0,
2022,OREGON,41,Winter Storm,28,28,0,0,0,0,
2022,OREGON,41,Winter Weather,2,2,1,0,0,0,
2022,PENNSYLVANIA,42,Blizzard,1,1,0,0,0,0,
2022,PENNSYLVANIA,42,Coastal Flood,3,3,0,0,0,0,
2022,PENNSYLVANIA,42,Cold/Wind Chill,29,29,0,0,0,0,
2022,PENNSYLVANIA,42,Dense Fog,32,32,0,0,0,0,
2022,PENNSYLVANIA,42,Excessive Heat,8,8,1,0,0,0,
2022,PENNSYLVANIA,42,Extreme Cold/Wind Chill,31,31,0,0,0,0,
2022,PENNSYLVANIA,42,Flash Flood,39,39,0,0,983500,0,
2022,PENNSYLVANIA,42,Flood,19,19,0,0,183000,0,
2022,PENNSYLVANIA,42,Hail,104,104,0,0,2436000,3500,2.5
2022,PENNSYLVANIA,42,Heavy Rain,35,35,0,0,0,0,
2022,PENNSYLVANIA,42,Heavy Snow,28,28,0,0,303150,0,
2022,PENNSYLVANIA,42,High Wind,2,2,0,0,0,0,53
2022,PENNSYLVANIA,42,Ice Storm,23,23,0,0,0,0,
2022,PENNSYLVANIA,42,Lake-Effect Snow,11,11,0,0,0,0,
2022,PENNSYLVANIA,42,Lightning,5,5,0,1,26000,0,
2022,PENNSYLVANIA,42,Strong Wind,19,19,0,0,50000,0,49
2022,PENNSYLVANIA,42,Thunderstorm Wind,676,676,1,3,3078500,39000,96
2022,PENNSYLVANIA,42,Tornado,8,8,0,4,949000,5000,
2022,PENNSYLVANIA,42,Wildfire,1,1,0,0,0,0,
2022,PENNSYLVANIA,42,Winter Storm,143,143,0,16,0,0,
2022,PENNSYLVANIA,42,Winter Weather,310,310,8,30,20000,0,
2022,PUERTO RICO,99,Coastal Flood,4,4,0,0,1600,0,
2022,PUERTO RICO,99,Debris Flow,40,40,0,0,3094300,1100,
2022,PUERTO RICO,99,Drought,16,16,0,0,0,0,
2022,PUERTO RICO,99,Flash Flood,112,112,3,1,942300,0,
2022,PUERTO RICO,99,Flood,120,120,0,0,162800,0,
2022,PUERTO RICO,99,Funnel Cloud,2,2,0,0,0,0,
2022,PUERTO RICO,99,Hail,2,2,0,0,10000,10,0.25
2022,PUERTO RICO,99,Heavy Rain,2,2,0,0,0,0,
2022,PUERTO RICO,99,Lightning,5,5,2,3,16100,0,
2022,PUERTO RICO,99,Rip Current,17,17,16,15,0,0,
2022,PUERTO RICO,99,Strong Wind,1,1,0,0,0,0,30
2022,PUERTO RICO,99,Thunderstorm Wind,18,18,0,1,85000,17600,43
2022,PUERTO RICO,99,Tornado,1,1,0,0,0,0,
2022,RHODE ISLAND,44,Blizzard,4,4,0,0,0,0,
2022,RHODE ISLAND,44,Coastal Flood,6,6,0,0,7000,0,
2022,RHODE ISLAND,44,Flash Flood,8,8,0,3,1059500,0,
2022,RHODE ISLAND,44,Flood,6,6,0,0,8300,0,
2022,RHODE ISLAND,44,Heavy Rain,9,9,0,0,0,0,
2022,RHODE ISLAND,44,Heavy Snow,10,10,0,0,0,0,
2022,RHODE ISLAND,44,High Surf,1,1,0,0,500,0,
2022,RHODE ISLAND,44,High Wind,11,11,0,0,9100,0,69
2022,RHODE ISLAND,44,Lightning,3,3,0,0,17000,0,
2022,RHODE ISLAND,44,Strong Wind,9,9,0,0,7300,0,43
2022,RHODE ISLAND,44,Thunderstorm Wind,7,7,0,0,12800,0,55
2022,RHODE ISLAND,44,Winter Storm,1,1,0,0,0,0,
2022,SOUTH CAROLINA,45,Coastal Flood,12,12,0,0,0,0,
2022,SOUTH CAROLINA,45,Cold/Wind Chill,12,12,2,0,0,0,
2022,SOUTH CAROLINA,45,Extreme Cold/Wind Chill,5,5,0,0,0,0,
2022,SOUTH CAROLINA,45,Flash Flood,48,48,0,0,779130,520,
2022,SOUTH CAROLINA,45,Flood,1,1,0,0,0,0,
2022,SOUTH CAROLINA,45,Frost/Freeze,2,2,0,0,0,0,
2022,SOUTH CAROLINA,45,Funnel Cloud,1,1,0,0,0,0,
2022,SOUTH CAROLINA,45,Hail,161,161,0,0,760,750,2.75
2022,SOUTH CAROLINA,45,Heat,1,1,0,1,0,0,
2022,SOUTH CAROLINA,45,Heavy Rain,3,3,0,0,0,0,
2022,SOUTH CAROLINA,45,Heavy Snow,11,11,0,0,0,0,
2022,SOUTH CAROLINA,45,High Wind,20,20,1,0,60000,0,55
2022,SOUTH CAROLINA,45,Ice Storm,9,9,0,0,0,0,
2022,SOUTH CAROLINA,45,Lightning,22,22,0,4,398000,0,
2022,SOUTH CAROLINA,45,Rip Current,3,3,1,0,0,0,
2022,SOUTH CAROLINA,45,Storm Surge/Tide,4,4,0,0,0,0,
2022,SOUTH CAROLINA,45,Strong Wind,66,66,0,0,54500,0,48
2022,SOUTH CAROLINA,45,Thunderstorm Wind,626,626,1,0,486990,450,83
2022,SOUTH CAROLINA,45,Tornado,30,30,0,2,300000,0,
2022,SOUTH CAROLINA,45,Tropical Depression,2,2,0,1,0,0,
2022,SOUTH CAROLINA,45,Tropical Storm,40,40,0,3,0,0,
2022,SOUTH CAROLINA,45,Wildfire,1,1,0,0,0,0,
2022,SOUTH CAROLINA,45,Winter Storm,23,23,0,0,0,0,
2022,SOUTH CAROLINA,45,Winter Weather,43,43,0,0,0,0,
2022,SOUTH DAKOTA,46,Blizzard,133,133,6,0,0,0,
2022,SOUTH DAKOTA,46,Cold/Wind Chill,50,50,0,0,0,0,
2022,SOUTH DAKOTA,46,Dense Fog,1,1,1,0,0,0,
2022,SOUTH DAKOTA,46,Drought,227,227,0,0,0,489403110,
2022,SOUTH DAKOTA,46,Excessive Heat,44,44,0,0,0,0,
2022,SOUTH DAKOTA,46,Extreme Cold/Wind Chill,189,189,0,0,0,0,
2022,SOUTH DAKOTA,46,Flash Flood,17,17,0,0,1290000,0,
2022,SOUTH DAKOTA,46,Flood,60,60,1,0,0,1585000,
2022,SOUTH DAKOTA,46,Funnel Cloud,8,8,0,0,0,0,
2022,SOUTH DAKOTA,46,Hail,450,450,0,0,0,5103000,4.5
2022,SOUTH DAKOTA,46,Heat,1,1,0,0,0,0,
2022,SOUTH DAKOTA,46,Heavy Rain,2,2,0,0,0,0,
2022,SOUTH DAKOTA,46,Heavy Snow,33,33,0,0,0,0,
2022,SOUTH DAKOTA,46,High Wind,458,458,0,0,0,222000,71
2022,SOUTH DAKOTA,46,Ice Storm,31,31,0,0,0,0,
2022,SOUTH DAKOTA,46,Strong Wind,22,22,0,0,0,0,49
2022,SOUTH DAKOTA,46,Thunderstorm Wind,765,765,4,0,180000,2042000,113
2022,SOUTH DAKOTA,46,Tornado,39,39,0,3,0,5000,
2022,SOUTH DAKOTA,46,Wildfire,5,5,0,0,0,0,
2022,SOUTH DAKOTA,46,Winter Storm,44,44,0,0,0,0,
2022,SOUTH DAKOTA,46,Winter Weather,162,162,3,2,0,0,
2022,ST LAWRENCE R,93,Marine Thunderstorm Wind,2,2,0,0,0,0,43
2022,TENNESSEE,47,Cold/Wind Chill,31,31,0,0,0,0,
2022,TENNESSEE,47,Drought,110,110,0,0,0,0,
2022,TENNESSEE,47,Excessive Heat,81,81,0,0,0,0,
2022,TENNESSEE,47,Extreme Cold/Wind Chill,62,62,0,0,0,0,
2022,TENNESSEE,47,Flash Flood,73,73,0,0,288000,0,
2022,TENNESSEE,47,Flood,41,41,0,0,20000,0,
2022,TENNESSEE,47,Frost/Freeze,12,12,0,0,0,0,
2022,TENNESSEE,47,Hail,130,130,0,0,25000,0,4
2022,TENNESSEE,47,Heat,178,178,0,15,0,0,
2022,TENNESSEE,47,Heavy Rain,9,9,0,0,0,0,
2022,TENNESSEE,47,Heavy Snow,82,82,0,0,0,0,
2022,TENNESSEE,47,High Wind,18,18,0,0,0,0,74
2022,TENNESSEE,47,Ice Storm,15,15,2,0,180000,0,
2022,TENNESSEE,47,Lightning,3,3,0,0,30000,0,
2022,TENNESSEE,47,Strong Wind,29,29,0,0,124000,0,48
2022,TENNESSEE,47,Thunderstorm Wind,451,451,2,1,1753600,0,74
2022,TENNESSEE,47,Tornado,6,6,0,0,1075000,0,
2022,TENNESSEE,47,Winter Storm,126,126,0,0,0,0,
2022,TENNESSEE,47,Winter Weather,142,142,0,0,5000,0,
2022,TEXAS,48,Astronomical Low Tide,11,11,0,0,0,0,
2022,TEXAS,48,Coastal Flood,2,2,0,0,0,0,
2022,TEXAS,48,Cold/Wind Chill,88,88,0,0,0,0,
2022,TEXAS,48,Drought,1896,1896,0,0,0,107820000,
2022,TEXAS,48,Dust Devil,3,3,0,0,0,0,
2022,TEXAS,48,Dust Storm,6,6,0,0,0,0,
2022,TEXAS,48,Excessive Heat,169,169,0,0,0,0,
2022,TEXAS,48,Extreme Cold/Wind Chill,26,26,1,0,0,0,
2022,TEXAS,48,Flash Flood,179,179,1,0,855544100,0,
2022,TEXAS,48,Flood,35,35,2,2,500210000,0,
2022,TEXAS,48,Frost/Freeze,77,77,0,0,0,0,
2022,TEXAS,48,Funnel Cloud,3,3,0,0,0,0,
2022,TEXAS,48,Hail,751,751,0,0,3907500,0,5.68
2022,TEXAS,48,Heat,448,448,53,40,0,0,
2022,TEXAS,48,Heavy Rain,7,7,1,0,0,0,
2022,TEXAS,48,High Wind,354,354,0,0,76000,0,83
2022,TEXAS,48,Ice Storm,8,8,0,0,0,0,
2022,TEXAS,48,Lightning,12,12,0,1,787100,0,
2022,TEXAS,48,Rip Current,2,2,2,1,0,0,
2022,TEXAS,48,Sleet,7,7,1,6,0,0,
2022,TEXAS,48,Strong Wind,16,16,0,1,74000,0,49
2022,TEXAS,48,Thunderstorm Wind,813,813,2,7,6235500,0,91
2022,TEXAS,48,Tornado,142,142,3,106,46904000,0,
2022,TEXAS,48,Wildfire,121,121,1,10,5765000,0,
2022,TEXAS,48,Winter Storm,75,75,3,0,70000,0,
2022,TEXAS,48,Winter Weather,163,163,1,3,0,0,
2022,UTAH,49,Avalanche,1,1,0,0,0,0,
2022,UTAH,49,Debris Flow,14,14,0,0,22950,0,
2022,UTAH,49,Dense Fog,7,7,1,0,15000,0,
2022,UTAH,49,Drought,52,52,0,0,0,0,
2022,UTAH,49,Dust Storm,1,1,0,0,0,0,
2022,UTAH,49,Excessive Heat,2,2,1,0,0,0,
2022,UTAH,49,Flash Flood,76,76,1,1,36251550,0,
2022,UTAH,49,Flood,1,1,0,0,250,0,
2022,UTAH,49,Frost/Freeze,21,21,0,0,0,0,
2022,UTAH,49,Funnel Cloud,4,4,0,0,0,0,
2022,UTAH,49,Hail,9,9,0,0,52500,0,1.75
2022,UTAH,49,Heavy Snow,58,58,1,2,40000,0,
2022,UTAH,49,High Wind,83,83,0,0,251000,0,129
2022,UTAH,49,Strong Wind,5,5,0,0,0,0,48
2022,UTAH,49,Thunderstorm Wind,168,168,0,0,131000,0,79
2022,UTAH,49,Tornado,1,1,0,0,0,0,
2022,UTAH,49,Winter Storm,10,10,0,0,0,0,
2022,UTAH,49,Winter Weather,27,27,0,0,0,0,
2022,VERMONT,50,Cold/Wind Chill,48,48,0,0,0,0,
2022,VERMONT,50,Drought,4,4,0,0,0,0,
2022,VERMONT,50,Extreme Cold/Wind Chill,28,28,0,0,0,0,
2022,VERMONT,50,Flash Flood,1,1,0,0,5000,0,
2022,VERMONT,50,Flood,4,4,0,0,25000,0,
2022,VERMONT,50,Hail,14,14,0,0,2000,0,1.75
2022,VERMONT,50,Heat,7,7,0,0,0,0,
2022,VERMONT,50,High Wind,18,18,1,0,3250000,0,61
2022,VERMONT,50,Strong Wind,21,21,0,0,525000,0,49
2022,VERMONT,50,Thunderstorm Wind,89,89,0,2,1086000,103000,70
2022,VERMONT,50,Tornado,2,2,0,0,10000,0,
2022,VERMONT,50,Winter Storm,84,84,1,0,120000,0,
2022,VERMONT,50,Winter Weather,51,51,0,0,560000,0,
2022,VIRGIN ISLANDS,96,Coastal Flood,2,2,0,0,400,0,
2022,VIRGIN ISLANDS,96,Drought,7,7,0,0,0,0,
2022,VIRGINIA,51,Blizzard,2,2,0,0,0,0,
2022,VIRGINIA,51,Coastal Flood,35,35,0,0,0,0,
2022,VIRGINIA,51,Cold/Wind Chill,33,33,0,0,0,0,
2022,VIRGINIA,51,Drought,3,3,0,0,0,0,
2022,VIRGINIA,51,Extreme Cold/Wind Chill,20,20,0,0,0,0,
2022,VIRGINIA,51,Flash Flood,92,92,0,1,2440500,0,
2022,VIRGINIA,51,Flood,111,111,0,0,29500,0,
2022,VIRGINIA,51,Funnel Cloud,13,13,0,0,0,0,
2022,VIRGINIA,51,Hail,98,98,0,0,3000,0,3
2022,VIRGINIA,51,Heavy Rain,54,54,0,0,0,0,
2022,VIRGINIA,51,Heavy Snow,13,13,0,0,0,0,
2022,VIRGINIA,51,High Wind,15,15,0,0,139000,0,56
2022,VIRGINIA,51,Ice Storm,9,9,0,0,0,0,
2022,VIRGINIA,51,Lightning,23,23,0,5,524200,0,
2022,VIRGINIA,51,Strong Wind,35,35,1,0,337000,0,47
2022,VIRGINIA,51,Thunderstorm Wind,1034,1034,1,2,63578450,17000,85
2022,VIRGINIA,51,Tornado,22,22,0,3,2428000,0,
2022,VIRGINIA,51,Winter Storm,162,162,0,0,63500,0,
2022,VIRGINIA,51,Winter Weather,243,243,1,0,0,0,
2022,WASHINGTON,53,Astronomical Low Tide,1,1,0,0,935000,0,
2022,WASHINGTON,53,Avalanche,2,2,0,1,0,0,
2022,WASHINGTON,53,Coastal Flood,9,9,0,0,0,0,
2022,WASHINGTON,53,Debris Flow,2,2,0,0,20000,0,
2022,WASHINGTON,53,Dust Storm,1,1,0,0,20000,0,
2022,WASHINGTON,53,Excessive Heat,43,43,0,0,0,0,
2022,WASHINGTON,53,Extreme Cold/Wind Chill,2,2,0,0,0,0,
2022,WASHINGTON,53,Flash Flood,23,23,0,0,2044000,3000,
2022,WASHINGTON,53,Flood,20,20,2,0,4431000,0,
2022,WASHINGTON,53,Frost/Freeze,6,6,0,0,0,0,
2022,WASHINGTON,53,Funnel Cloud,2,2,0,0,0,0,
2022,WASHINGTON,53,Hail,18,18,1,0,200000,150000,2.75
2022,WASHINGTON,53,Heat,31,31,0,0,0,0,
2022,WASHINGTON,53,Heavy Rain,13,13,1,1,1520000,0,
2022,WASHINGTON,53,Heavy Snow,138,138,0,0,15000,0,
2022,WASHINGTON,53,High Surf,1,1,0,0,0,0,
2022,WASHINGTON,53,High Wind,39,39,0,0,5478500,0,90
2022,WASHINGTON,53,Ice Storm,11,11,0,0,0,0,
2022,WASHINGTON,53,Lightning,1,1,0,0,5000,0,
2022,WASHINGTON,53,Strong Wind,10,10,0,0,34000,0,44
2022,WASHINGTON,53,Thunderstorm Wind,15,15,0,0,321800,0,52
2022,WASHINGTON,53,Tornado,2,2,0,0,50000,0,
2022,WASHINGTON,53,Tsunami,1,1,0,0,0,0,
2022,WASHINGTON,53,Wildfire,20,20,0,1,343995000,0,
2022,WASHINGTON,53,Winter Storm,28,28,0,1,20000,0,
2022,WASHINGTON,53,Winter Weather,38,38,3,0,220000,0,
2022,WEST VIRGINIA,54,Blizzard,1,1,0,0,0,0,
2022,WEST VIRGINIA,54,Cold/Wind Chill,27,27,0,0,500000,0,
2022,WEST VIRGINIA,54,Debris Flow,1,1,0,0,5000,0,
2022,WEST VIRGINIA,54,Extreme Cold/Wind Chill,19,19,0,0,3633000,0,
2022,WEST VIRGINIA,54,Flash Flood,98,98,2,0,16244600,0,
2022,WEST VIRGINIA,54,Flood,84,84,1,0,96950,0,
2022,WEST VIRGINIA,54,Funnel Cloud,3,3,0,0,0,0,
2022,WEST VIRGINIA,54,Hail,58,58,0,0,16500,1000,2
2022,WEST VIRGINIA,54,Heavy Rain,8,8,0,0,0,0,
2022,WEST VIRGINIA,54,Heavy Snow,98,98,0,0,10000,0,
2022,WEST VIRGINIA,54,High Wind,8,8,0,0,10000,0,52
2022,WEST VIRGINIA,54,Ice Storm,16,16,0,0,0,0,
2022,WEST VIRGINIA,54,Lightning,1,1,0,0,500,0,
2022,WEST VIRGINIA,54,Strong Wind,16,16,0,0,5000,0,48
2022,WEST VIRGINIA,54,Thunderstorm Wind,463,463,0,0,2407350,172300,89
2022,WEST VIRGINIA,54,Tornado,3,3,0,0,900000,5000,
2022,WEST VIRGINIA,54,Winter Storm,77,77,0,0,0,0,
2022,WEST VIRGINIA,54,Winter Weather,224,224,0,0,100000,0,
2022,WISCONSIN,55,Blizzard,1,1,0,0,0,0,
2022,WISCONSIN,55,Cold/Wind Chill,25,25,1,0,0,0,
2022,WISCONSIN,55,Drought,12,12,0,0,0,0,
2022,WISCONSIN,55,Excessive Heat,29,29,2,0,0,0,
2022,WISCONSIN,55,Extreme Cold/Wind Chill,31,31,0,0,0,0,
2022,WISCONSIN,55,Flash Flood,9,9,0,0,498500,120000,
2022,WISCONSIN,55,Flood,25,25,3,0,120000,1000,
2022,WISCONSIN,55,Funnel Cloud,5,5,0,0,0,0,
2022,WISCONSIN,55,Hail,301,301,0,0,500000,5000,3
2022,WISCONSIN,55,Heat,20,20,0,0,0,0,
2022,WISCONSIN,55,Heavy Rain,9,9,0,0,11000,0,
2022,WISCONSIN,55,Heavy Snow,52,52,0,0,0,0,
2022,WISCONSIN,55,High Surf,2,2,3,0,0,0,
2022,WISCONSIN,55,High Wind,10,10,0,0,40000,0,55
2022,WISCONSIN,55,Ice Storm,9,9,0,0,100000,0,
2022,WISCONSIN,55,Lake-Effect Snow,2,2,0,0,0,0,
2022,WISCONSIN,55,Lightning,5,5,0,0,1185000,0,
2022,WISCONSIN,55,Rip Current,2,2,2,1,0,0,
2022,WISCONSIN,55,Seiche,2,2,0,0,0,0,
2022,WISCONSIN,55,Strong Wind,26,26,0,0,95000,0,49
2022,WISCONSIN,55,Thunderstorm Wind,335,335,0,2,2051000,2000,87
2022,WISCONSIN,55,Tornado,30,30,0,2,6710000,0,
2022,WISCONSIN,55,Wildfire,1,1,0,0,20000,0,
2022,WISCONSIN,55,Winter Storm,65,65,0,1,30000,0,
2022,WISCONSIN,55,Winter Weather,258,258,1,0,0,0,
2022,WYOMING,56,Avalanche,2,2,2,1,0,0,
2022,WYOMING,56,Blizzard,25,25,0,0,0,0,
2022,WYOMING,56,Cold/Wind Chill,7,7,0,0,0,0,
2022,WYOMING,56,Extreme Cold/Wind Chill,88,88,0,0,0,0,
2022,WYOMING,56,Flash Flood,9,9,0,0,126380,0,
2022,WYOMING,56,Flood,8,8,0,0,25000000,0,
2022,WYOMING,56,Funnel Cloud,4,4,0,0,0,0,
2022,WYOMING,56,Hail,73,73,0,0,0,0,2.75
2022,WYOMING,56,Heat,12,12,0,0,0,0,
2022,WYOMING,56,Heavy Snow,46,46,0,0,0,0,
2022,WYOMING,56,High Wind,398,398,0,0,27000,0,111
2022,WYOMING,56,Lightning,1,1,1,1,0,0,
2022,WYOMING,56,Thunderstorm Wind,67,67,0,0,12000,5000,87
2022,WYOMING,56,Tornado,2,2,0,0,0,0,
2022,WYOMING,56,Wildfire,1,1,0,0,0,0,
2022,WYOMING,56,Winter Storm,121,121,0,0,0,0,
2022,WYOMING,56,Winter Weather,62,62,0,0,0,0,
2023,ALABAMA,1,Drought,125,125,0,0,0,0,
2023,ALABAMA,1,Excessive Heat,146,146,0,0,0,0,
2023,ALABAMA,1,Flash Flood,84,84,0,0,20000,0,
2023,ALABAMA,1,Flood,14,14,0,0,0,0,
2023,ALABAMA,1,Freezing Fog,1,1,0,0,0,0,
2023,ALABAMA,1,Frost/Freeze,80,80,0,0,0,0,
2023,ALABAMA,1,Funnel Cloud,1,1,0,0,0,0,
2023,ALABAMA,1,Hail,243,243,0,0,5000,0,3
2023,ALABAMA,1,Heat,85,85,0,0,0,0,
2023,ALABAMA,1,Heavy Rain,13,13,0,0,0,0,
2023,ALABAMA,1,High Wind,11,11,2,1,9000,0,55
2023,ALABAMA,1,Lightning,11,11,1,3,674000,0,
2023,ALABAMA,1,Rip Current,3,3,3,0,0,0,
2023,ALABAMA,1,Strong Wind,21,21,4,1,118300,0,48
2023,ALABAMA,1,Thunderstorm Wind,1188,1188,0,26,27116900,0,83
2023,ALABAMA,1,Tornado,94,94,9,28,14980000,0,
2023,ALABAMA,1,Winter Weather,5,5,0,0,0,0,
2023,ALASKA,2,Avalanche,1,1,0,0,0,0,
2023,ALASKA,2,Blizzard,73,73,0,0,60000,0,
2023,ALASKA,2,Coastal Flood,1,1,0,0,0,0,
2023,ALASKA,2,Cold/Wind Chill,1,1,0,0,0,0,
2023,ALASKA,2,Debris Flow,2,2,6,1,2151000,0,
2023,ALASKA,2,Extreme Cold/Wind Chill,2,2,0,0,0,0,
2023,ALASKA,2,Flash Flood,1,1,0,0,0,0,
2023,ALASKA,2,Flood,43,43,0,0,7000000,0,
2023,ALASKA,2,Frost/Freeze,13,13,0,0,0,0,
2023,ALASKA,2,Heavy Snow,61,61,0,0,0,0,
2023,ALASKA,2,High Wind,64,64,0,0,0,0,95
2023,ALASKA,2,Lightning,1,1,0,1,0,0,
2023,ALASKA,2,Thunderstorm Wind,2,2,0,0,0,0,52
2023,ALASKA,2,Volcanic Ashfall,2,2,0,0,0,0,
2023,ALASKA,2,Wildfire,3,3,0,0,0,0,
2023,ALASKA,2,Winter Storm,50,50,0,0,0,0,
2023,ALASKA,2,Winter Weather,65,65,0,0,0,0,
2023,AMERICAN SAMOA,97,Drought,1,1,0,0,50000,0,
2023,AMERICAN SAMOA,97,Flash Flood,10,10,0,0,570000,0,
2023,AMERICAN SAMOA,97,Flood,1,1,0,0,10000,0,
2023,AMERICAN SAMOA,97,Heavy Rain,11,11,0,0,167000,0,
2023,AMERICAN SAMOA,97,High Surf,1,1,0,0,10000,0,
2023,AMERICAN SAMOA,97,High Wind,1,1,0,0,10000,0,35
2023,AMERICAN SAMOA,97,Lightning,2,2,0,0,120000,0,
2023,AMERICAN SAMOA,97,Thunderstorm Wind,4,4,0,0,102000,0,60
2023,ARIZONA,4,Cold/Wind Chill,4,4,5,0,5000,0,
2023,ARIZONA,4,Dense Fog,11,11,0,0,0,0,
2023,ARIZONA,4,Drought,20,20,0,0,0,0,
2023,ARIZONA,4,Dust Devil,1,1,0,0,5000,0,
2023,ARIZONA,4,Dust Storm,23,23,0,0,0,0,
2023,ARIZONA,4,Excessive Heat,286,286,593,1,0,0,
2023,ARIZONA,4,Extreme Cold/Wind Chill,3,3,0,0,0,0,
2023,ARIZONA,4,Flash Flood,89,89,0,0,7869000,0,
2023,ARIZONA,4,Flood,70,70,6,0,292000,0,
2023,ARIZONA,4,Frost/Freeze,2,2,0,0,0,0,
2023,ARIZONA,4,Funnel Cloud,1,1,0,0,0,0,
2023,ARIZONA,4,Hail,23,23,0,0,165000,0,1.75
2023,ARIZONA,4,Heat,94,94,167,0,0,0,
2023,ARIZONA,4,Heavy Rain,7,7,0,0,75000,0,
2023,ARIZONA,4,Heavy Snow,85,85,0,15,0,0,
2023,ARIZONA,4,High Wind,70,70,0,0,127000,0,80
2023,ARIZONA,4,Lightning,5,5,0,0,751000,50000,
2023,ARIZONA,4,Strong Wind,8,8,0,0,24250,0,48
2023,ARIZONA,4,Thunderstorm Wind,161,161,0,5,9689500,0,78
2023,ARIZONA,4,Tornado,5,5,0,0,0,0,
2023,ARIZONA,4,Wildfire,27,27,0,0,530000,0,
2023,ARIZONA,4,Winter Storm,12,12,0,0,20000,0,
2023,ARIZONA,4,Winter Weather,5,5,0,0,0,0,
2023,ARKANSAS,5,Drought,15,15,0,0,0,2000000,
2023,ARKANSAS,5,Excessive Heat,145,145,0,0,0,0,
2023,ARKANSAS,5,Flash Flood,114,114,1,0,359000,0,
2023,ARKANSAS,5,Flood,100,100,0,0,0,0,
2023,ARKANSAS,5,Funnel Cloud,1,1,0,0,0,0,
2023,ARKANSAS,5,Hail,346,346,0,0,1396000,0,4.5
2023,ARKANSAS,5,Heat,151,151,0,0,0,0,
2023,ARKANSAS,5,Heavy Rain,43,43,0,0,0,0,
2023,ARKANSAS,5,High Wind,3,3,0,0,0,0,52
2023,ARKANSAS,5,Ice Storm,32,32,0,0,0,0,
2023,ARKANSAS,5,Lightning,2,2,0,0,250000,0,
2023,ARKANSAS,5,Strong Wind,1,1,0,0,15000,0,43
2023,ARKANSAS,5,Thunderstorm Wind,399,399,2,1,10140000,0,87
2023,ARKANSAS,5,Tornado,37,37,5,89,248895000,0,
2023,ARKANSAS,5,Winter Storm,80,80,0,0,315000,0,
2023,ARKANSAS,5,Winter Weather,41,41,0,0,0,0,
2023,ATLANTIC NORTH,88,Marine Hail,3,3,0,0,0,0,1.25
2023,ATLANTIC NORTH,88,Marine High Wind,20,20,0,0,0,0,81
2023,ATLANTIC NORTH,88,Marine Strong Wind,1,1,0,2,0,0,43
2023,ATLANTIC NORTH,88,Marine Thunderstorm Wind,758,758,0,0,10000,0,72
2023,ATLANTIC NORTH,88,Marine Tropical Storm,15,15,0,0,0,0,
2023,ATLANTIC NORTH,88,Waterspout,4,4,0,0,0,0,
2023,ATLANTIC SOUTH,87,Marine Hail,9,9,0,0,0,0,2
2023,ATLANTIC SOUTH,87,Marine High Wind,4,4,0,0,40000,0,65
2023,ATLANTIC SOUTH,87,Marine Thunderstorm Wind,679,679,0,0,0,0,74
2023,ATLANTIC SOUTH,87,Marine Tropical Depression,3,3,0,0,0,0,
2023,ATLANTIC SOUTH,87,Marine Tropical Storm,10,10,0,0,0,0,
2023,ATLANTIC SOUTH,87,Waterspout,49,49,0,0,1000,0,
2023,CALIFORNIA,6,Avalanche,13,13,2,2,520000,0,
2023,CALIFORNIA,6,Blizzard,7,7,0,0,0,0,
2023,CALIFORNIA,6,Coastal Flood,10,10,0,1,30,0,
2023,CALIFORNIA,6,Cold/Wind Chill,9,9,3,0,0,0,
2023,CALIFORNIA,6,Debris Flow,46,46,0,0,30010,0,
2023,CALIFORNIA,6,Dense Fog,69,69,0,0,0,0,
2023,CALIFORNIA,6,Drought,19,19,0,0,0,0,
2023,CALIFORNIA,6,Dust Storm,12,12,3,0,100000,0,
2023,CALIFORNIA,6,Excessive Heat,197,197,2,0,0,10,
2023,CALIFORNIA,6,Flash Flood,245,245,5,1,677539000,50000,
2023,CALIFORNIA,6,Flood,769,769,8,1,336099200,0,
2023,CALIFORNIA,6,Frost/Freeze,82,82,0,5,0,0,
2023,CALIFORNIA,6,Funnel Cloud,21,21,0,0,0,0,
2023,CALIFORNIA,6,Hail,18,18,0,0,21030,0,1.75
2023,CALIFORNIA,6,Heat,123,123,0,0,0,10,
2023,CALIFORNIA,6,Heavy Rain,87,87,0,1,25030,0,
2023,CALIFORNIA,6,Heavy Snow,285,285,2,0,100020,0,
2023,CALIFORNIA,6,High Surf,20,20,3,1,20,0,
2023,CALIFORNIA,6,High Wind,551,551,1,1,11386020,0,134
2023,CALIFORNIA,6,Lightning,7,7,0,2,18000,1000,
2023,CALIFORNIA,6,Rip Current,2,2,2,0,0,0,
2023,CALIFORNIA,6,Strong Wind,203,203,8,11,506250,0,48
2023,CALIFORNIA,6,Thunderstorm Wind,78,78,1,1,405000,0,72
2023,CALIFORNIA,6,Tornado,10,10,0,2,62000,0,
2023,CALIFORNIA,6,Tropical Storm,13,13,0,0,0,0,
2023,CALIFORNIA,6,Wildfire,22,22,0,26,5300000,0,
2023,CALIFORNIA,6,Winter Storm,71,71,1,1,15000000,0,
2023,CALIFORNIA,6,Winter Weather,159,159,0,0,10000,0,
2023,COLORADO,8,Avalanche,8,8,8,9,0,0,
2023,COLORADO,8,Blizzard,8,8,0,0,0,0,
2023,COLORADO,8,Debris Flow,16,16,0,0,2133000,0,
2023,COLORADO,8,Dense Fog,19,19,0,0,0,0,
2023,COLORADO,8,Drought,1,1,0,0,0,0,
2023,COLORADO,8,Dust Storm,3,3,0,0,0,0,
2023,COLORADO,8,Excessive Heat,1,1,0,0,0,0,
2023,COLORADO,8,Extreme Cold/Wind Chill,15,15,0,0,0,0,
2023,COLORADO,8,Flash Flood,45,45,1,0,835000,90000,
2023,COLORADO,8,Flood,75,75,6,5,2982500,540000,
2023,COLORADO,8,Frost/Freeze,16,16,0,0,0,0,
2023,COLORADO,8,Funnel Cloud,3,3,0,0,0,0,
2023,COLORADO,8,Hail,769,769,0,91,13000,0,5.25
2023,COLORADO,8,Heavy Rain,136,136,0,0,0,0,
2023,COLORADO,8,Heavy Snow,158,158,0,0,0,0,
2023,COLORADO,8,High Wind,145,145,0,0,4000,0,87
2023,COLORADO,8,Lightning,1,1,0,0,25000,0,
2023,COLORADO,8,Thunderstorm Wind,151,151,0,0,207120,20,87
2023,COLORADO,8,Tornado,92,92,0,0,1545000,0,
2023,COLORADO,8,Wildfire,43,43,0,0,40190000,0,
2023,COLORADO,8,Winter Storm,93,93,0,0,0,0,
2023,COLORADO,8,Winter Weather,304,304,0,0,0,0,
2023,CONNECTICUT,9,Extreme Cold/Wind Chill,4,4,0,0,0,0,
2023,CONNECTICUT,9,Flash Flood,94,94,0,0,1205000,0,
2023,CONNECTICUT,9,Flood,15,15,0,0,615000,0,
2023,CONNECTICUT,9,Frost/Freeze,4,4,0,0,0,0,
2023,CONNECTICUT,9,Funnel Cloud,2,2,0,0,0,0,
2023,CONNECTICUT,9,Hail,8,8,0,0,0,0,1.75
2023,CONNECTICUT,9,Heavy Snow,9,9,0,0,3000,0,
2023,CONNECTICUT,9,High Wind,6,6,0,0,0,0,58
2023,CONNECTICUT,9,Lightning,1,1,0,0,7000,0,
2023,CONNECTICUT,9,Strong Wind,2,2,0,0,0,2000,40
2023,CONNECTICUT,9,Thunderstorm Wind,81,81,0,0,174600,0,60
2023,CONNECTICUT,9,Tornado,3,3,0,0,36000,0,
2023,CONNECTICUT,9,Winter Storm,1,1,0,0,0,0,
2023,CONNECTICUT,9,Winter Weather,10,10,0,0,0,0,
2023,DELAWARE,10,Coastal Flood,11,11,0,0,0,0,
2023,DELAWARE,10,Dense Fog,13,13,0,0,0,0,
2023,DELAWARE,10,Flash Flood,10,10,0,0,0,0,
2023,DELAWARE,10,Flood,2,2,0,0,0,0,
2023,DELAWARE,10,Funnel Cloud,1,1,0,0,0,0,
2023,DELAWARE,10,Hail,11,11,0,0,0,0,1
2023,DELAWARE,10,High Wind,2,2,0,0,0,0,56
2023,DELAWARE,10,Lightning,1,1,0,0,10000,0,
2023,DELAWARE,10,Rip Current,1,1,1,0,0,0,
2023,DELAWARE,10,Thunderstorm Wind,54,54,0,0,20000,0,85
2023,DELAWARE,10,Tornado,3,3,1,0,0,0,
2023,DISTRICT OF COLUMBIA,11,Coastal Flood,1,1,0,0,0,0,
2023,DISTRICT OF COLUMBIA,11,Excessive Heat,1,1,0,0,0,0,
2023,DISTRICT OF COLUMBIA,11,Flash Flood,3,3,0,0,0,0,
2023,DISTRICT OF COLUMBIA,11,Flood,1,1,0,0,0,0,
2023,DISTRICT OF COLUMBIA,11,High Wind,1,1,0,0,0,0,56
2023,DISTRICT OF COLUMBIA,11,Thunderstorm Wind,10,10,0,2,25331000,0,73
2023,E PACIFIC,86,Waterspout,1,1,0,0,0,0,
2023,FLORIDA,12,Astronomical Low Tide,2,2,0,0,0,0,
2023,FLORIDA,12,Coastal Flood,40,40,0,0,220000,0,
2023,FLORIDA,12,Drought,61,61,0,0,0,0,
2023,FLORIDA,12,Excessive Heat,216,216,0,0,0,0,
2023,FLORIDA,12,Flash Flood,57,57,0,0,28350000,0,
2023,FLORIDA,12,Flood,88,88,0,0,595000,0,
2023,FLORIDA,12,Frost/Freeze,1,1,0,0,0,0,
2023,FLORIDA,12,Funnel Cloud,33,33,0,0,0,0,
2023,FLORIDA,12,Hail,129,129,0,0,600,0,3
2023,FLORIDA,12,Heat,3,3,2,26,0,0,
2023,FLORIDA,12,Heavy Rain,102,102,0,0,0,0,
2023,FLORIDA,12,High Wind,7,7,0,0,36000,0,56
2023,FLORIDA,12,Hurricane (Typhoon),8,8,0,1,37500000,270000000,
2023,FLORIDA,12,Lightning,19,19,4,8,471000,0,
2023,FLORIDA,12,Rip Current,39,39,28,13,0,0,
2023,FLORIDA,12,Storm Surge/Tide,6,6,0,0,25000000,0,
2023,FLORIDA,12,Strong Wind,12,12,0,0,76200,0,48
2023,FLORIDA,12,Thunderstorm Wind,713,713,0,1,1554600,15000,75
2023,FLORIDA,12,Tornado,53,53,0,1,3118500,0,
2023,FLORIDA,12,Tropical Depression,12,12,0,0,0,0,
2023,FLORIDA,12,Tropical Storm,60,60,3,0,10035000,67500000,
2023,FLORIDA,12,Wildfire,8,8,0,0,0,0,
2023,GEORGIA,13,Coastal Flood,8,8,0,0,0,0,
2023,GEORGIA,13,Drought,114,114,0,0,0,0,
2023,GEORGIA,13,Excessive Heat,99,99,0,0,0,0,
2023,GEORGIA,13,Flash Flood,159,159,0,0,2325500,100,
2023,GEORGIA,13,Flood,17,17,0,0,16500,500,
2023,GEORGIA,13,Funnel Cloud,2,2,0,0,0,0,
2023,GEORGIA,13,Hail,184,184,0,0,600,6900600,4
2023,GEORGIA,13,Heavy Rain,13,13,0,0,0,0,
2023,GEORGIA,13,Hurricane (Typhoon),3,3,1,7,26000000,0,
2023,GEORGIA,13,Lightning,14,14,1,1,609500,0,
2023,GEORGIA,13,Rip Current,8,8,0,0,0,0,
2023,GEORGIA,13,Strong Wind,12,12,0,0,14010,200,46
2023,GEORGIA,13,Thunderstorm Wind,1951,1951,1,3,3336650,500,83
2023,GEORGIA,13,Tornado,72,72,8,113,881000,0,
2023,GEORGIA,13,Tropical Storm,52,52,0,2,11295000,0,
2023,GUAM WATERS,83,Marine Tropical Depression,1,1,0,0,0,0,
2023,GUAM,98,Coastal Flood,2,2,0,0,3000,0,
2023,GUAM,98,Drought,3,3,0,0,0,0,
2023,GUAM,98,Flash Flood,4,4,0,0,7000,0,
2023,GUAM,98,Flood,2,2,0,0,0,0,
2023,GUAM,98,High Surf,2,2,1,0,1000000,0,
2023,GUAM,98,Hurricane (Typhoon),5,5,2,0,4000000000,10000000,
2023,GUAM,98,Strong Wind,2,2,0,0,3500000,0,39
2023,GUAM,98,Tropical Storm,2,2,0,0,0,0,
2023,GULF OF ALASKA,89,Marine High Wind,4,4,0,0,0,0,55
2023,GULF OF MEXICO,85,Marine Hail,1,1,0,0,0,0,2
2023,GULF OF MEXICO,85,Marine High Wind,2,2,0,0,60000,0,58
2023,GULF OF MEXICO,85,Marine Hurricane/Typhoon,5,5,0,0,0,0,
2023,GULF OF MEXICO,85,Marine Lightning,1,1,1,0,0,0,
2023,GULF OF MEXICO,85,Marine Thunderstorm Wind,907,907,2,0,0,0,75
2023,GULF OF MEXICO,85,Marine Tropical Depression,2,2,0,0,0,0,
2023,GULF OF MEXICO,85,Marine Tropical Storm,17,17,0,0,0,0,
2023,GULF OF MEXICO,85,Waterspout,131,131,0,2,0,0,
2023,HAWAII,15,Debris Flow,3,3,0,0,0,0,
2023,HAWAII,15,Drought,70,70,0,0,0,0,
2023,HAWAII,15,Flash Flood,12,12,1,0,0,0,
2023,HAWAII,15,Flood,17,17,0,1,1000,0,
2023,HAWAII,15,Hail,1,1,0,0,0,0,1.25
2023,HAWAII,15,Heavy Rain,1,1,0,0,0,0,
2023,HAWAII,15,Heavy Snow,1,1,0,0,0,0,
2023,HAWAII,15,High Surf,109,109,0,12,20000,0,
2023,HAWAII,15,High Wind,10,10,0,0,0,0,80
2023,HAWAII,15,Lightning,2,2,0,0,2000,0,
2023,HAWAII,15,Strong Wind,20,20,0,0,0,0,49
2023,HAWAII,15,Tropical Storm,1,1,0,0,0,0,
2023,HAWAII,15,Volcanic Ashfall,5,5,0,0,0,0,
2023,HAWAII,15,Wildfire,11,11,102,32,5554600000,0,
2023,HAWAII,15,Winter Storm,1,1,0,0,0,0,
2023,HAWAII,15,Winter Weather,4,4,0,0,0,0,
2023,IDAHO,16,Avalanche,18,18,1,0,15000,0,
2023,IDAHO,16,Cold/Wind Chill,1,1,0,0,0,0,
2023,IDAHO,16,Debris Flow,9,9,0,0,21500,0,
2023,IDAHO,16,Dense Fog,2,2,1,13,350000,0,
2023,IDAHO,16,Dust Storm,1,1,0,0,0,0,
2023,IDAHO,16,Excessive Heat,2,2,0,0,0,0,
2023,IDAHO,16,Extreme Cold/Wind Chill,19,19,0,0,0,0,
2023,IDAHO,16,Flash Flood,18,18,0,0,2967500,1000000,
2023,IDAHO,16,Flood,15,15,0,0,3685000,50000,
2023,IDAHO,16,Freezing Fog,1,1,0,0,0,0,
2023,IDAHO,16,Funnel Cloud,10,10,0,0,0,0,
2023,IDAHO,16,Hail,30,30,2,1,65000,0,1.75
2023,IDAHO,16,Heavy Rain,53,53,0,0,0,0,
2023,IDAHO,16,Heavy Snow,108,108,0,13,117000,0,
2023,IDAHO,16,High Wind,28,28,0,0,191000,0,66
2023,IDAHO,16,Lightning,1,1,0,0,1000,0,
2023,IDAHO,16,Sleet,2,2,0,0,0,0,
2023,IDAHO,16,Strong Wind,3,3,0,0,2000,0,43
2023,IDAHO,16,Thunderstorm Wind,129,129,0,9,275600,9500,69
2023,IDAHO,16,Tornado,4,4,0,0,0,0,
2023,IDAHO,16,Wildfire,13,13,0,0,84060000,0,
2023,IDAHO,16,Winter Storm,74,74,0,0,108000,0,
2023,IDAHO,16,Winter Weather,40,40,1,9,212000,0,
2023,ILLINOIS,17,Dense Fog,3,3,0,0,0,0,
2023,ILLINOIS,17,Drought,110,110,0,0,0,0,
2023,ILLINOIS,17,Dust Storm,3,3,8,37,100000,0,
2023,ILLINOIS,17,Excessive Heat,205,205,1,0,0,0,
2023,ILLINOIS,17,Flash Flood,57,57,0,0,550912000,8000,
2023,ILLINOIS,17,Flood,71,71,0,0,0,0,
2023,ILLINOIS,17,Freezing Fog,2,2,0,0,0,0,
2023,ILLINOIS,17,Frost/Freeze,19,19,0,0,0,0,
2023,ILLINOIS,17,Funnel Cloud,4,4,0,0,0,0,
2023,ILLINOIS,17,Hail,580,580,0,0,10005000,0,4
2023,ILLINOIS,17,Heat,53,53,0,0,0,0,
2023,ILLINOIS,17,Heavy Rain,23,23,0,0,0,0,
2023,ILLINOIS,17,Heavy Snow,12,12,0,0,75000,0,
2023,ILLINOIS,17,High Wind,39,39,0,1,0,0,63
2023,ILLINOIS,17,Ice Storm,11,11,0,0,0,0,
2023,ILLINOIS,17,Lightning,4,4,0,3,780000,0,
2023,ILLINOIS,17,Rip Current,2,2,2,0,0,0,
2023,ILLINOIS,17,Strong Wind,137,137,0,4,133000,0,49
2023,ILLINOIS,17,Thunderstorm Wind,919,919,0,7,1777000,0,104
2023,ILLINOIS,17,Tornado,145,145,4,54,2040000,0,
2023,ILLINOIS,17,Winter Storm,36,36,0,0,0,0,
2023,ILLINOIS,17,Winter Weather,70,70,0,0,0,0,
2023,INDIANA,18,Drought,24,24,0,0,0,0,
2023,INDIANA,18,Excessive Heat,58,58,0,0,0,0,
2023,INDIANA,18,Flash Flood,25,25,2,0,10807500,0,
2023,INDIANA,18,Flood,47,47,1,0,41000,0,
2023,INDIANA,18,Freezing Fog,2,2,0,0,0,0,
2023,INDIANA,18,Frost/Freeze,6,6,0,0,0,0,
2023,INDIANA,18,Funnel Cloud,2,2,0,0,0,0,
2023,INDIANA,18,Hail,263,263,0,0,138500,800000,4
2023,INDIANA,18,Heat,18,18,0,0,0,0,
2023,INDIANA,18,Heavy Rain,5,5,0,0,0,0,
2023,INDIANA,18,Heavy Snow,23,23,0,0,0,0,
2023,INDIANA,18,High Wind,29,29,2,2,631000,0,60
2023,INDIANA,18,Ice Storm,1,1,0,0,0,0,
2023,INDIANA,18,Lightning,4,4,0,3,950000,0,
2023,INDIANA,18,Rip Current,4,4,4,1,0,0,
2023,INDIANA,18,Strong Wind,44,44,0,0,41000,0,49
2023,INDIANA,18,Thunderstorm Wind,466,466,0,14,13843200,150,81
2023,INDIANA,18,Tornado,65,65,6,14,41867000,0,
2023,INDIANA,18,Winter Storm,12,12,0,0,0,0,
2023,INDIANA,18,Winter Weather,30,30,0,4,0,0,
2023,IOWA,19,Blizzard,5,5,0,0,0,0,
2023,IOWA,19,Cold/Wind Chill,6,6,0,0,0,0,
2023,IOWA,19,Dense Fog,1,1,1,0,0,0,
2023,IOWA,19,Drought,466,466,0,0,0,70270000,
2023,IOWA,19,Excessive Heat,54,54,0,0,0,0,
2023,IOWA,19,Extreme Cold/Wind Chill,4,4,0,0,0,0,
2023,IOWA,19,Flash Flood,18,18,0,0,2115000,466000,
2023,IOWA,19,Flood,43,43,0,0,0,0,
2023,IOWA,19,Freezing Fog,1,1,2,0,0,0,
2023,IOWA,19,Funnel Cloud,21,21,0,0,0,0,
2023,IOWA,19,Hail,577,577,0,0,411000,1878000,4
2023,IOWA,19,Heat,4,4,0,0,0,0,
2023,IOWA,19,Heavy Rain,38,38,0,0,0,0,
2023,IOWA,19,Heavy Snow,40,40,0,0,0,0,
2023,IOWA,19,High Wind,11,11,0,0,0,0,59
2023,IOWA,19,Ice Storm,31,31,0,0,0,0,
2023,IOWA,19,Lightning,2,2,0,0,151000,0,
2023,IOWA,19,Strong Wind,25,25,0,0,0,0,49
2023,IOWA,19,Thunderstorm Wind,294,294,0,0,260250,14000,103
2023,IOWA,19,Tornado,84,84,0,11,2430500,4800,
2023,IOWA,19,Wildfire,1,1,0,1,0,0,
2023,IOWA,19,Winter Storm,95,95,0,0,0,0,
2023,IOWA,19,Winter Weather,65,65,1,0,270000,0,
2023,KANSAS,20,Dense Fog,11,11,1,7,0,0,
2023,KANSAS,20,Drought,482,482,0,0,0,9100000,
2023,KANSAS,20,Dust Storm,8,8,0,0,0,0,
2023,KANSAS,20,Extreme Cold/Wind Chill,2,2,0,0,0,0,
2023,KANSAS,20,Flash Flood,38,38,0,0,160500,26040,
2023,KANSAS,20,Flood,21,21,0,0,45010,25220,
2023,KANSAS,20,Funnel Cloud,1,1,0,0,0,0,
2023,KANSAS,20,Hail,780,780,0,1,3642000,11250000,4
2023,KANSAS,20,Heat,13,13,0,0,0,0,
2023,KANSAS,20,Heavy Rain,90,90,1,0,0,0,
2023,KANSAS,20,Heavy Snow,150,150,0,0,0,0,
2023,KANSAS,20,High Wind,105,105,0,2,59500,0,70
2023,KANSAS,20,Lightning,2,2,0,0,51250,0,
2023,KANSAS,20,Strong Wind,32,32,0,0,250,0,49
2023,KANSAS,20,Thunderstorm Wind,941,941,0,2,2852300,1010040,100
2023,KANSAS,20,Tornado,46,46,0,2,75000,0,
2023,KANSAS,20,Wildfire,1,1,0,2,0,0,
2023,KANSAS,20,Winter Storm,68,68,0,10,0,0,
2023,KANSAS,20,Winter Weather,46,46,0,0,0,0,
2023,KENTUCKY,21,Debris Flow,2,2,0,0,2000,0,
2023,KENTUCKY,21,Dense Fog,14,14,0,0,0,0,
2023,KENTUCKY,21,Drought,4,4,0,0,0,0,
2023,KENTUCKY,21,Excessive Heat,60,60,0,0,0,0,
2023,KENTUCKY,21,Flash Flood,121,121,2,0,6640000,1000000,
2023,KENTUCKY,21,Flood,41,41,1,0,7500,0,
2023,KENTUCKY,21,Freezing Fog,13,13,0,0,0,0,
2023,KENTUCKY,21,Frost/Freeze,22,22,0,0,0,0,
2023,KENTUCKY,21,Funnel Cloud,1,1,0,0,0,0,
2023,KENTUCKY,21,Hail,157,157,0,0,170000,0,2.75
2023,KENTUCKY,21,Heat,55,55,0,0,0,0,
2023,KENTUCKY,21,Heavy Rain,5,5,0,0,0,0,
2023,KENTUCKY,21,High Wind,175,175,1,2,1288000,260500,69
2023,KENTUCKY,21,Lightning,6,6,1,3,115000,0,
2023,KENTUCKY,21,Strong Wind,133,133,2,3,129250,1000,48
2023,KENTUCKY,21,Thunderstorm Wind,738,738,1,6,3217750,444550,96
2023,KENTUCKY,21,Tornado,43,43,0,0,3261000,34800,
2023,KENTUCKY,21,Winter Storm,18,18,0,0,0,0,
2023,KENTUCKY,21,Winter Weather,9,9,0,7,0,0,
2023,LAKE ERIE,95,Marine Thunderstorm Wind,133,133,0,0,0,0,70
2023,LAKE ERIE,95,Waterspout,14,14,0,0,0,0,
2023,LAKE HURON,90,Marine Hail,1,1,0,0,0,0,1.75
2023,LAKE HURON,90,Marine Thunderstorm Wind,10,10,0,0,0,0,43
2023,LAKE HURON,90,Waterspout,1,1,0,0,0,0,
2023,LAKE MICHIGAN,91,Marine Hail,5,5,0,0,0,0,1
2023,LAKE MICHIGAN,91,Marine High Wind,4,4,0,0,0,0,55
2023,LAKE MICHIGAN,91,Marine Thunderstorm Wind,70,70,0,0,15000,0,73
2023,LAKE MICHIGAN,91,Waterspout,11,11,0,0,0,0,
2023,LAKE ONTARIO,94,Marine Hail,1,1,0,0,0,0,1
2023,LAKE ONTARIO,94,Marine Thunderstorm Wind,15,15,0,0,0,0,51
2023,LAKE ONTARIO,94,Waterspout,2,2,0,0,0,0,
2023,LAKE ST CLAIR,81,Marine Hail,1,1,0,0,0,0,1
2023,LAKE ST CLAIR,81,Marine Thunderstorm Wind,26,26,0,0,0,0,61
2023,LAKE ST CLAIR,81,Waterspout,2,2,0,0,0,0,
2023,LAKE SUPERIOR,92,Marine Hail,7,7,0,0,0,0,1.5
2023,LAKE SUPERIOR,92,Marine High Wind,18,18,0,0,0,0,56
2023,LAKE SUPERIOR,92,Marine Thunderstorm Wind,45,45,0,0,0,0,68
2023,LAKE SUPERIOR,92,Waterspout,1,1,0,0,0,0,
2023,LOUISIANA,22,Astronomical Low Tide,7,7,0,0,0,0,
2023,LOUISIANA,22,Coastal Flood,1,1,0,0,0,0,
2023,LOUISIANA,22,Dense Fog,1,1,7,55,4000000,0,
2023,LOUISIANA,22,Drought,307,307,0,0,0,11000000,
2023,LOUISIANA,22,Excessive Heat,939,939,3,0,0,0,
2023,LOUISIANA,22,Flash Flood,90,90,1,0,203000,0,
2023,LOUISIANA,22,Hail,191,191,0,0,2000000,5000,3.75
2023,LOUISIANA,22,Heat,142,142,0,0,0,0,
2023,LOUISIANA,22,Lightning,3,3,1,0,1505000,0,
2023,LOUISIANA,22,Rip Current,1,1,3,1,0,0,
2023,LOUISIANA,22,Strong Wind,1,1,0,0,100,0,45
2023,LOUISIANA,22,Thunderstorm Wind,470,470,0,5,6174750,40000,80
2023,LOUISIANA,22,Tornado,38,38,0,12,53534500,0,
2023,LOUISIANA,22,Wildfire,8,8,0,0,22915000,0,
2023,MAINE,23,Coastal Flood,2,2,0,0,0,0,
2023,MAINE,23,Debris Flow,1,1,0,0,350000,0,
2023,MAINE,23,Extreme Cold/Wind Chill,33,33,0,0,0,0,
2023,MAINE,23,Flash Flood,103,103,0,0,13144000,0,
2023,MAINE,23,Flood,86,86,2,0,31378000,0,
2023,MAINE,23,Frost/Freeze,13,13,0,0,0,0,
2023,MAINE,23,Hail,15,15,0,0,0,0,2
2023,MAINE,23,Heat,12,12,0,0,0,0,
2023,MAINE,23,Heavy Snow,42,42,0,0,0,0,
2023,MAINE,23,High Wind,42,42,3,0,0,0,81
2023,MAINE,23,Lightning,4,4,0,8,0,0,
2023,MAINE,23,Thunderstorm Wind,46,46,0,0,10000,0,61
2023,MAINE,23,Tropical Storm,17,17,1,1,0,0,
2023,MAINE,23,Winter Storm,96,96,0,0,0,0,
2023,MAINE,23,Winter Weather,151,151,0,0,0,0,
2023,MARYLAND,24,Coastal Flood,22,22,0,0,0,0,
2023,MARYLAND,24,Cold/Wind Chill,2,2,0,0,0,0,
2023,MARYLAND,24,Dense Fog,9,9,0,0,0,0,
2023,MARYLAND,24,Excessive Heat,14,14,0,0,0,0,
2023,MARYLAND,24,Flash Flood,42,42,0,0,501000,2000,
2023,MARYLAND,24,Flood,29,29,0,0,0,0,
2023,MARYLAND,24,Hail,56,56,0,0,100000,0,4
2023,MARYLAND,24,Heavy Rain,6,6,0,0,0,0,
2023,MARYLAND,24,High Wind,13,13,0,0,0,0,59
2023,MARYLAND,24,Ice Storm,2,2,0,0,0,0,
2023,MARYLAND,24,Lightning,2,2,0,0,15000,0,
2023,MARYLAND,24,Rip Current,2,2,2,0,0,0,
2023,MARYLAND,24,Thunderstorm Wind,397,397,0,4,74074000,6000,90
2023,MARYLAND,24,Tornado,4,4,0,0,2055000,0,
2023,MARYLAND,24,Tropical Storm,3,3,0,0,40000,2000,
2023,MARYLAND,24,Winter Storm,4,4,0,0,0,0,
2023,MARYLAND,24,Winter Weather,42,42,0,0,0,0,
2023,MASSACHUSETTS,25,Coastal Flood,7,7,0,0,3000,0,
2023,MASSACHUSETTS,25,Extreme Cold/Wind Chill,2,2,0,0,0,0,
2023,MASSACHUSETTS,25,Flash Flood,102,102,0,0,30200,0,
2023,MASSACHUSETTS,25,Flood,72,72,0,0,1665500,0,
2023,MASSACHUSETTS,25,Frost/Freeze,4,4,0,0,0,0,
2023,MASSACHUSETTS,25,Hail,11,11,0,0,0,0,1
2023,MASSACHUSETTS,25,Heavy Snow,36,36,0,0,150600,0,
2023,MASSACHUSETTS,25,High Wind,21,21,1,1,46400,0,78
2023,MASSACHUSETTS,25,Lightning,19,19,0,2,955600,0,
2023,MASSACHUSETTS,25,Strong Wind,22,22,1,0,41600,0,49
2023,MASSACHUSETTS,25,Thunderstorm Wind,152,152,0,0,197400,1000,61
2023,MASSACHUSETTS,25,Tornado,8,8,0,0,72000,0,
2023,MASSACHUSETTS,25,Tropical Storm,10,10,0,0,11700,0,
2023,MASSACHUSETTS,25,Winter Storm,4,4,0,0,0,0,
2023,MASSACHUSETTS,25,Winter Weather,5,5,0,2,0,0,
2023,MICHIGAN,26,Cold/Wind Chill,22,22,0,0,0,0,
2023,MICHIGAN,26,Dense Fog,8,8,0,0,0,0,
2023,MICHIGAN,26,Excessive Heat,1,1,0,0,0,0,
2023,MICHIGAN,26,Extreme Cold/Wind Chill,1,1,0,0,0,0,
2023,MICHIGAN,26,Flash Flood,9,9,0,0,5000,0,
2023,MICHIGAN,26,Flood,25,25,0,0,63762000,710000,
2023,MICHIGAN,26,Funnel Cloud,2,2,0,0,0,0,
2023,MICHIGAN,26,Hail,124,124,0,0,25574000,1000000,2.75
2023,MICHIGAN,26,Heat,6,6,0,0,0,0,
2023,MICHIGAN,26,Heavy Snow,38,38,0,0,800000,0,
2023,MICHIGAN,26,High Wind,1,1,0,0,0,0,52
2023,MICHIGAN,26,Ice Storm,32,32,1,0,49000000,0,
2023,MICHIGAN,26,Lightning,1,1,0,1,0,0,
2023,MICHIGAN,26,Rip Current,2,2,2,0,0,0,
2023,MICHIGAN,26,Thunderstorm Wind,274,274,5,0,93755000,0,87
2023,MICHIGAN,26,Tornado,18,18,2,4,87955000,10000,
2023,MICHIGAN,26,Winter Storm,122,122,0,0,2300000,0,
2023,MICHIGAN,26,Winter Weather,106,106,2,5,137000,0,
2023,MINNESOTA,27,Blizzard,50,50,0,6,0,0,
2023,MINNESOTA,27,Cold/Wind Chill,6,6,0,0,0,0,
2023,MINNESOTA,27,Dense Fog,2,2,1,1,2000,0,
2023,MINNESOTA,27,Drought,193,193,0,0,0,48485000,
2023,MINNESOTA,27,Excessive Heat,79,79,0,0,0,0,
2023,MINNESOTA,27,Extreme Cold/Wind Chill,63,63,0,0,0,0,
2023,MINNESOTA,27,Flash Flood,13,13,0,0,621500,0,
2023,MINNESOTA,27,Flood,63,63,0,0,2232500,1200000,
2023,MINNESOTA,27,Funnel Cloud,8,8,0,0,0,0,
2023,MINNESOTA,27,Hail,429,429,0,0,15206500,1247000,3.75
2023,MINNESOTA,27,Heat,7,7,0,0,0,0,
2023,MINNESOTA,27,Heavy Rain,2,2,0,0,0,0,
2023,MINNESOTA,27,Heavy Snow,189,189,1,0,1000000,0,
2023,MINNESOTA,27,High Surf,1,1,2,0,0,0,
2023,MINNESOTA,27,High Wind,14,14,0,0,0,0,59
2023,MINNESOTA,27,Ice Storm,15,15,0,0,0,0,
2023,MINNESOTA,27,Lightning,2,2,0,0,20500,0,
2023,MINNESOTA,27,Rip Current,1,1,0,0,0,0,
2023,MINNESOTA,27,Strong Wind,22,22,3,0,0,0,49
2023,MINNESOTA,27,Thunderstorm Wind,169,169,0,0,5552500,2000,93
2023,MINNESOTA,27,Tornado,25,25,0,0,81000,0,
2023,MINNESOTA,27,Winter Storm,196,196,0,0,0,0,
2023,MINNESOTA,27,Winter Weather,141,141,0,13,20000,0,
2023,MISSISSIPPI,28,Drought,257,257,0,0,52200,53038000,
2023,MISSISSIPPI,28,Excessive Heat,355,355,2,2,0,0,
2023,MISSISSIPPI,28,Flash Flood,50,50,0,0,4345000,0,
2023,MISSISSIPPI,28,Flood,5,5,0,0,14000,0,
2023,MISSISSIPPI,28,Funnel Cloud,1,1,0,0,0,0,
2023,MISSISSIPPI,28,Hail,263,263,0,0,40648100,925000,4.88
2023,MISSISSIPPI,28,Heat,254,254,0,0,0,0,
2023,MISSISSIPPI,28,High Wind,24,24,0,1,202000,0,53
2023,MISSISSIPPI,28,Ice Storm,14,14,0,0,0,0,
2023,MISSISSIPPI,28,Lightning,6,6,0,0,78000,0,
2023,MISSISSIPPI,28,Strong Wind,19,19,2,0,180000,0,48
2023,MISSISSIPPI,28,Thunderstorm Wind,613,613,3,13,19016350,40000,91
2023,MISSISSIPPI,28,Tornado,77,77,24,263,307828000,5384200,
2023,MISSISSIPPI,28,Winter Storm,4,4,0,0,0,0,
2023,MISSOURI,29,Drought,287,287,0,0,850000,99905000,
2023,MISSOURI,29,Excessive Heat,82,82,0,137,0,0,
2023,MISSOURI,29,Flash Flood,125,125,3,2,20213000,0,
2023,MISSOURI,29,Flood,134,134,1,0,40000,0,
2023,MISSOURI,29,Freezing Fog,3,3,0,0,0,0,
2023,MISSOURI,29,Frost/Freeze,11,11,0,0,0,0,
2023,MISSOURI,29,Funnel Cloud,1,1,0,0,0,0,
2023,MISSOURI,29,Hail,550,550,0,0,15436000,0,5
2023,MISSOURI,29,Heat,101,101,0,0,0,0,
2023,MISSOURI,29,Heavy Rain,7,7,0,0,0,0,
2023,MISSOURI,29,Heavy Snow,22,22,0,0,400000,0,
2023,MISSOURI,29,High Wind,13,13,0,1,102000,0,64
2023,MISSOURI,29,Lightning,3,3,0,0,80000,0,
2023,MISSOURI,29,Sleet,3,3,0,0,0,0,
2023,MISSOURI,29,Strong Wind,78,78,1,0,78000,0,49
2023,MISSOURI,29,Thunderstorm Wind,731,731,3,5,8678000,5000,87
2023,MISSOURI,29,Tornado,23,23,5,14,5312000,0,
2023,MISSOURI,29,Winter Storm,44,44,0,22,0,0,
2023,MISSOURI,29,Winter Weather,85,85,1,26,0,0,
2023,MONTANA,30,Avalanche,1,1,0,0,0,0,
2023,MONTANA,30,Blizzard,17,17,0,0,0,0,
2023,MONTANA,30,Cold/Wind Chill,11,11,0,0,0,0,
2023,MONTANA,30,Debris Flow,5,5,0,0,105000,0,
2023,MONTANA,30,Dense Fog,71,71,0,0,0,0,
2023,MONTANA,30,Drought,78,78,0,0,0,0,
2023,MONTANA,30,Extreme Cold/Wind Chill,45,45,0,0,0,0,
2023,MONTANA,30,Flash Flood,35,35,0,0,2090000,20000,
2023,MONTANA,30,Flood,29,29,2,0,4320000,1000000,
2023,MONTANA,30,Freezing Fog,3,3,3,7,170000,0,
2023,MONTANA,30,Funnel Cloud,11,11,0,0,0,0,
2023,MONTANA,30,Hail,75,75,0,0,1000000,200000,3
2023,MONTANA,30,Heavy Rain,11,11,0,0,0,0,
2023,MONTANA,30,Heavy Snow,143,143,0,0,0,0,
2023,MONTANA,30,High Wind,244,244,0,0,0,0,77
2023,MONTANA,30,Ice Storm,2,2,0,0,0,0,
2023,MONTANA,30,Lightning,3,3,0,2,75000,0,
2023,MONTANA,30,Thunderstorm Wind,135,135,0,0,86000,8000,79
2023,MONTANA,30,Tornado,6,6,0,0,2000,0,
2023,MONTANA,30,Wildfire,2,2,0,0,300000,0,
2023,MONTANA,30,Winter Storm,154,154,0,6,204000,0,
2023,MONTANA,30,Winter Weather,43,43,6,7,130000,0,
2023,NEBRASKA,31,Blizzard,40,40,0,0,0,0,
2023,NEBRASKA,31,Drought,491,491,0,0,0,6670000,
2023,NEBRASKA,31,Excessive Heat,57,57,1,0,0,0,
2023,NEBRASKA,31,Extreme Cold/Wind Chill,28,28,0,0,0,0,
2023,NEBRASKA,31,Flash Flood,43,43,0,0,988000,90000,
2023,NEBRASKA,31,Flood,11,11,0,0,919500,82010,
2023,NEBRASKA,31,Funnel Cloud,4,4,0,0,0,0,
2023,NEBRASKA,31,Hail,744,744,0,0,53167250,81262500,4.5
2023,NEBRASKA,31,Heat,26,26,0,0,0,0,
2023,NEBRASKA,31,Heavy Snow,27,27,0,0,0,0,
2023,NEBRASKA,31,High Wind,19,19,0,0,0,0,67
2023,NEBRASKA,31,Ice Storm,2,2,0,0,0,0,
2023,NEBRASKA,31,Lightning,3,3,1,6,50000,0,
2023,NEBRASKA,31,Strong Wind,3,3,0,0,0,0,43
2023,NEBRASKA,31,Thunderstorm Wind,481,481,0,0,7042500,36015000,104
2023,NEBRASKA,31,Tornado,67,67,0,2,4143000,1550000,
2023,NEBRASKA,31,Wildfire,3,3,0,2,2500000,950000,
2023,NEBRASKA,31,Winter Storm,208,208,0,0,0,0,
2023,NEBRASKA,31,Winter Weather,78,78,1,0,40000,0,
2023,NEVADA,32,Avalanche,2,2,1,0,0,0,
2023,NEVADA,32,Cold/Wind Chill,1,1,2,0,0,0,
2023,NEVADA,32,Debris Flow,12,12,0,0,11100,0,
2023,NEVADA,32,Dust Devil,1,1,0,0,5000,0,
2023,NEVADA,32,Dust Storm,2,2,0,0,0,0,
2023,NEVADA,32,Excessive Heat,22,22,18,0,0,0,
2023,NEVADA,32,Flash Flood,39,39,3,0,26053000,0,
2023,NEVADA,32,Flood,35,35,0,0,13213000,0,
2023,NEVADA,32,Funnel Cloud,1,1,0,0,0,0,
2023,NEVADA,32,Hail,7,7,0,0,0,0,1.5
2023,NEVADA,32,Heat,9,9,22,0,0,0,
2023,NEVADA,32,Heavy Rain,32,32,1,0,100000,0,
2023,NEVADA,32,Heavy Snow,227,227,0,0,0,0,
2023,NEVADA,32,High Wind,200,200,0,0,139000,0,105
2023,NEVADA,32,Thunderstorm Wind,55,55,0,0,27500,0,86
2023,NEVADA,32,Tornado,2,2,0,0,20000,0,
2023,NEVADA,32,Winter Weather,9,9,1,3,0,0,
2023,NEW HAMPSHIRE,33,Astronomical Low Tide,1,1,0,0,0,0,
2023,NEW HAMPSHIRE,33,Extreme Cold/Wind Chill,15,15,0,0,0,0,
2023,NEW HAMPSHIRE,33,Flash Flood,97,97,0,0,1090000,0,
2023,NEW HAMPSHIRE,33,Flood,38,38,0,0,550000,0,
2023,NEW HAMPSHIRE,33,Frost/Freeze,10,10,0,0,0,0,
2023,NEW HAMPSHIRE,33,Hail,32,32,0,0,0,0,1.75
2023,NEW HAMPSHIRE,33,High Wind,1,1,0,0,0,0,52
2023,NEW HAMPSHIRE,33,Thunderstorm Wind,42,42,0,0,0,0,58
2023,NEW HAMPSHIRE,33,Tornado,1,1,0,0,0,0,
2023,NEW HAMPSHIRE,33,Winter Storm,54,54,0,0,0,0,
2023,NEW JERSEY,34,Coastal Flood,24,24,0,0,0,0,
2023,NEW JERSEY,34,Cold/Wind Chill,1,1,0,0,0,0,
2023,NEW JERSEY,34,Dense Fog,120,120,0,0,0,0,
2023,NEW JERSEY,34,Flash Flood,80,80,0,0,33000,0,
2023,NEW JERSEY,34,Flood,16,16,0,0,100000,0,
2023,NEW JERSEY,34,Funnel Cloud,5,5,0,0,0,0,
2023,NEW JERSEY,34,Hail,71,71,0,0,0,0,1.75
2023,NEW JERSEY,34,Heavy Snow,2,2,0,0,0,0,
2023,NEW JERSEY,34,High Surf,1,1,1,2,0,0,
2023,NEW JERSEY,34,High Wind,11,11,0,0,0,0,58
2023,NEW JERSEY,34,Lightning,6,6,0,2,30000,0,
2023,NEW JERSEY,34,Rip Current,5,5,5,12,0,0,
2023,NEW JERSEY,34,Thunderstorm Wind,246,246,0,0,60000,0,62
2023,NEW JERSEY,34,Tornado,18,18,0,0,0,0,
2023,NEW JERSEY,34,Winter Storm,1,1,0,0,0,0,
2023,NEW JERSEY,34,Winter Weather,23,23,0,0,0,0,
2023,NEW MEXICO,35,Avalanche,1,1,0,0,2000,0,
2023,NEW MEXICO,35,Drought,341,341,0,0,0,0,
2023,NEW MEXICO,35,Dust Storm,2,2,0,0,0,0,
2023,NEW MEXICO,35,Excessive Heat,11,11,0,0,0,0,
2023,NEW MEXICO,35,Flash Flood,45,45,0,0,2366500,1000,
2023,NEW MEXICO,35,Flood,2,2,0,0,1300000,0,
2023,NEW MEXICO,35,Freezing Fog,2,2,0,0,0,0,
2023,NEW MEXICO,35,Funnel Cloud,4,4,0,0,0,0,
2023,NEW MEXICO,35,Hail,226,226,0,1,5188000,0,3.5
2023,NEW MEXICO,35,Heavy Rain,1,1,0,0,0,0,
2023,NEW MEXICO,35,Heavy Snow,103,103,0,0,0,0,
2023,NEW MEXICO,35,High Wind,353,353,0,0,4571000,0,96
2023,NEW MEXICO,35,Strong Wind,4,4,0,0,60000,0,49
2023,NEW MEXICO,35,Thunderstorm Wind,126,126,0,0,3218000,10000,113
2023,NEW MEXICO,35,Tornado,13,13,0,0,100000,0,
2023,NEW MEXICO,35,Wildfire,3,3,0,1,760000,0,
2023,NEW MEXICO,35,Winter Storm,15,15,0,0,2000,0,
2023,NEW MEXICO,35,Winter Weather,5,5,0,0,25000,0,
2023,NEW YORK,36,Coastal Flood,5,5,0,0,0,0,
2023,NEW YORK,36,Cold/Wind Chill,5,5,0,0,0,0,
2023,NEW YORK,36,Debris Flow,4,4,0,0,10000,4000,
2023,NEW YORK,36,Extreme Cold/Wind Chill,34,34,0,0,0,0,
2023,NEW YORK,36,Flash Flood,266,266,1,2,2129000,15000,
2023,NEW YORK,36,Flood,139,139,1,0,5703000,0,
2023,NEW YORK,36,Frost/Freeze,65,65,0,0,0,0,
2023,NEW YORK,36,Funnel Cloud,2,2,0,0,0,0,
2023,NEW YORK,36,Hail,111,111,0,0,1000,0,2
2023,NEW YORK,36,Heat,32,32,0,0,0,0,
2023,NEW YORK,36,Heavy Rain,1,1,0,0,0,0,
2023,NEW YORK,36,Heavy Snow,24,24,0,0,0,0,
2023,NEW YORK,36,High Wind,42,42,0,0,29500,0,60
2023,NEW YORK,36,Ice Storm,6,6,0,0,1000,0,
2023,NEW YORK,36,Lake-Effect Snow,15,15,0,0,0,0,
2023,NEW YORK,36,Lakeshore Flood,3,3,0,0,0,0,
2023,NEW YORK,36,Lightning,17,17,1,6,103500,2000,
2023,NEW YORK,36,Rip Current,2,2,2,0,0,0,
2023,NEW YORK,36,Strong Wind,27,27,0,0,1000,12000,46
2023,NEW YORK,36,Thunderstorm Wind,781,781,0,2,1874250,615000,87
2023,NEW YORK,36,Tornado,10,10,0,0,1800000,0,
2023,NEW YORK,36,Winter Storm,89,89,0,0,0,0,
2023,NEW YORK,36,Winter Weather,145,145,0,0,0,0,
2023,NORTH CAROLINA,37,Coastal Flood,10,10,0,0,0,0,
2023,NORTH CAROLINA,37,Debris Flow,1,1,0,0,0,0,
2023,NORTH CAROLINA,37,Drought,18,18,0,0,0,0,
2023,NORTH CAROLINA,37,Excessive Heat,17,17,0,0,0,0,
2023,NORTH CAROLINA,37,Flash Flood,141,141,1,1,466000,0,
2023,NORTH CAROLINA,37,Flood,13,13,0,0,15000,0,
2023,NORTH CAROLINA,37,Funnel Cloud,4,4,0,0,0,0,
2023,NORTH CAROLINA,37,Hail,160,160,0,0,10000,0,2.75
2023,NORTH CAROLINA,37,Heavy Rain,30,30,0,0,0,0,
2023,NORTH CAROLINA,37,Heavy Snow,3,3,0,0,0,0,
2023,NORTH CAROLINA,37,High Wind,22,22,0,0,401500,0,66
2023,NORTH CAROLINA,37,Lightning,22,22,0,3,1013200,900000,
2023,NORTH CAROLINA,37,Rip Current,10,10,2,0,0,0,
2023,NORTH CAROLINA,37,Storm Surge/Tide,9,9,0,0,0,0,
2023,NORTH CAROLINA,37,Strong Wind,4,4,1,8,12000,0,40
2023,NORTH CAROLINA,37,Thunderstorm Wind,851,851,0,8,4693200,5500,83
2023,NORTH CAROLINA,37,Tornado,26,26,0,16,300615000,4000,
2023,NORTH CAROLINA,37,Tropical Depression,1,1,0,0,20000,0,
2023,NORTH CAROLINA,37,Tropical Storm,16,16,0,0,0,0,
2023,NORTH CAROLINA,37,Winter Storm,3,3,0,0,0,0,
2023,NORTH CAROLINA,37,Winter Weather,19,19,0,0,0,0,
2023,NORTH DAKOTA,38,Blizzard,94,94,0,0,0,0,
2023,NORTH DAKOTA,38,Cold/Wind Chill,12,12,0,0,0,0,
2023,NORTH DAKOTA,38,Dense Fog,7,7,1,0,2400000,0,
2023,NORTH DAKOTA,38,Dense Smoke,36,36,0,0,0,0,
2023,NORTH DAKOTA,38,Drought,34,34,0,0,0,0,
2023,NORTH DAKOTA,38,Extreme Cold/Wind Chill,27,27,0,0,0,0,
2023,NORTH DAKOTA,38,Flash Flood,3,3,0,0,0,0,
2023,NORTH DAKOTA,38,Flood,44,44,1,0,11161000,0,
2023,NORTH DAKOTA,38,Funnel Cloud,6,6,0,0,0,0,
2023,NORTH DAKOTA,38,Hail,135,135,0,0,1847000,0,2
2023,NORTH DAKOTA,38,Heavy Snow,148,148,0,0,0,0,
2023,NORTH DAKOTA,38,High Wind,26,26,0,0,0,0,73
2023,NORTH DAKOTA,38,Ice Storm,34,34,0,0,5850000,0,
2023,NORTH DAKOTA,38,Thunderstorm Wind,119,119,0,2,4331000,3945000,109
2023,NORTH DAKOTA,38,Tornado,7,7,0,0,0,0,
2023,NORTH DAKOTA,38,Winter Storm,1,1,0,0,0,0,
2023,NORTH DAKOTA,38,Winter Weather,48,48,2,2,515000,0,
2023,OHIO,39,Excessive Heat,8,8,0,0,0,0,
2023,OHIO,39,Flash Flood,60,60,0,2,14928000,0,
2023,OHIO,39,Flood,60,60,1,0,29700,0,
2023,OHIO,39,Funnel Cloud,3,3,0,0,0,0,
2023,OHIO,39,Hail,147,147,0,0,4000,0,3.5
2023,OHIO,39,Heavy Snow,7,7,0,0,0,0,
2023,OHIO,39,High Wind,49,49,1,0,43000,0,61
2023,OHIO,39,Lake-Effect Snow,8,8,0,0,0,0,
2023,OHIO,39,Lightning,2,2,0,0,30000,0,
2023,OHIO,39,Rip Current,1,1,1,0,0,0,
2023,OHIO,39,Strong Wind,6,6,0,0,143000,0,47
2023,OHIO,39,Thunderstorm Wind,621,621,1,4,2877700,122500,78
2023,OHIO,39,Tornado,62,62,0,7,10036000,5000,
2023,OHIO,39,Winter Storm,13,13,0,0,0,0,
2023,OHIO,39,Winter Weather,52,52,0,0,0,0,
2023,OKLAHOMA,40,Drought,539,539,0,0,0,0,
2023,OKLAHOMA,40,Dust Storm,2,2,0,0,0,0,
2023,OKLAHOMA,40,Excessive Heat,679,679,0,118,0,0,
2023,OKLAHOMA,40,Flash Flood,59,59,0,0,305000,0,
2023,OKLAHOMA,40,Flood,17,17,0,0,15000,0,
2023,OKLAHOMA,40,Frost/Freeze,47,47,0,0,0,0,
2023,OKLAHOMA,40,Hail,742,742,0,0,1475000,0,4
2023,OKLAHOMA,40,Heat,625,625,0,0,0,0,
2023,OKLAHOMA,40,Heavy Snow,20,20,0,0,0,0,
2023,OKLAHOMA,40,High Wind,61,61,0,1,92500,0,73
2023,OKLAHOMA,40,Ice Storm,2,2,0,0,0,0,
2023,OKLAHOMA,40,Lightning,3,3,1,4,952000,0,
2023,OKLAHOMA,40,Sleet,3,3,0,0,0,0,
2023,OKLAHOMA,40,Thunderstorm Wind,805,805,2,6,168854000,0,99
2023,OKLAHOMA,40,Tornado,89,89,2,17,62246000,0,
2023,OKLAHOMA,40,Wildfire,26,26,3,2,2804370,0,
2023,OKLAHOMA,40,Winter Storm,29,29,0,0,45000,0,
2023,OKLAHOMA,40,Winter Weather,16,16,4,1,1500000,0,
2023,OREGON,41,Cold/Wind Chill,1,1,0,0,0,0,
2023,OREGON,41,Debris Flow,2,2,0,0,0,0,
2023,OREGON,41,Dense Fog,2,2,3,3,0,0,
2023,OREGON,41,Excessive Heat,14,14,5,0,0,0,
2023,OREGON,41,Flash Flood,4,4,0,0,0,0,
2023,OREGON,41,Flood,14,14,1,0,114000,0,
2023,OREGON,41,Frost/Freeze,57,57,0,0,0,0,
2023,OREGON,41,Funnel Cloud,5,5,0,0,0,0,
2023,OREGON,41,Hail,14,14,0,0,0,0,1.75
2023,OREGON,41,Heavy Rain,22,22,1,0,0,0,
2023,OREGON,41,Heavy Snow,85,85,0,0,20000000,0,
2023,OREGON,41,High Surf,8,8,0,0,0,0,
2023,OREGON,41,High Wind,31,31,0,0,0,0,92
2023,OREGON,41,Ice Storm,1,1,0,0,0,0,
2023,OREGON,41,Rip Current,1,1,1,0,0,0,
2023,OREGON,41,Sneakerwave,10,10,0,1,0,0,
2023,OREGON,41,Strong Wind,5,5,0,0,54000,0,47
2023,OREGON,41,Thunderstorm Wind,7,7,0,0,0,0,60
2023,OREGON,41,Tornado,4,4,0,0,0,0,
2023,OREGON,41,Wildfire,32,32,0,0,0,0,
2023,OREGON,41,Winter Storm,20,20,0,0,0,0,
2023,PENNSYLVANIA,42,Coastal Flood,5,5,0,0,0,0,
2023,PENNSYLVANIA,42,Cold/Wind Chill,1,1,0,0,0,0,
2023,PENNSYLVANIA,42,Dense Fog,73,73,0,0,0,0,
2023,PENNSYLVANIA,42,Flash Flood,176,176,9,6,20500000,0,
2023,PENNSYLVANIA,42,Flood,43,43,1,0,390000,0,
2023,PENNSYLVANIA,42,Freezing Fog,3,3,0,0,0,0,
2023,PENNSYLVANIA,42,Funnel Cloud,8,8,0,0,0,0,
2023,PENNSYLVANIA,42,Hail,131,131,0,0,53000,11000,3
2023,PENNSYLVANIA,42,Heat,1,1,1,0,0,0,
2023,PENNSYLVANIA,42,Heavy Snow,9,9,0,0,0,0,
2023,PENNSYLVANIA,42,High Wind,11,11,0,0,300000,0,53
2023,PENNSYLVANIA,42,Lake-Effect Snow,5,5,0,0,0,0,
2023,PENNSYLVANIA,42,Lightning,11,11,1,1,163000,0,
2023,PENNSYLVANIA,42,Strong Wind,33,33,0,1,122000,0,49
2023,PENNSYLVANIA,42,Thunderstorm Wind,976,976,2,8,4088200,186000,87
2023,PENNSYLVANIA,42,Tornado,25,25,0,6,1605000,30000,
2023,PENNSYLVANIA,42,Wildfire,2,2,0,1,0,0,
2023,PENNSYLVANIA,42,Winter Storm,10,10,0,0,0,0,
2023,PENNSYLVANIA,42,Winter Weather,101,101,0,1,0,0,
2023,PUERTO RICO,99,Coastal Flood,5,5,1,0,3300,0,
2023,PUERTO RICO,99,Debris Flow,34,34,0,0,76300,0,
2023,PUERTO RICO,99,Drought,8,8,0,0,0,0,
2023,PUERTO RICO,99,Excessive Heat,26,26,0,0,0,0,
2023,PUERTO RICO,99,Flash Flood,93,93,0,2,457300,1100,
2023,PUERTO RICO,99,Flood,69,69,0,0,68600,800,
2023,PUERTO RICO,99,Funnel Cloud,7,7,0,0,0,0,
2023,PUERTO RICO,99,Hail,2,2,0,0,2000,0,0.25
2023,PUERTO RICO,99,High Surf,1,1,1,0,0,0,
2023,PUERTO RICO,99,Lightning,2,2,0,0,10000,1100,
2023,PUERTO RICO,99,Rip Current,18,18,20,22,0,0,
2023,PUERTO RICO,99,Thunderstorm Wind,15,15,0,0,46900,2000,43
2023,PUERTO RICO,99,Tornado,3,3,0,0,80000,0,
2023,PUERTO RICO,99,Wildfire,1,1,0,0,400000,120000,
2023,RHODE ISLAND,44,Coastal Flood,3,3,0,0,0,0,
2023,RHODE ISLAND,44,Flash Flood,28,28,0,0,0,0,
2023,RHODE ISLAND,44,Flood,8,8,0,0,0,0,
2023,RHODE ISLAND,44,Hail,2,2,0,0,0,0,1
2023,RHODE ISLAND,44,Heavy Snow,5,5,0,0,0,0,
2023,RHODE ISLAND,44,High Wind,7,7,0,0,7300,0,63
2023,RHODE ISLAND,44,Lightning,2,2,0,0,8000,0,
2023,RHODE ISLAND,44,Rip Current,2,2,1,0,0,0,
2023,RHODE ISLAND,44,Strong Wind,2,2,0,0,3800,0,46
2023,RHODE ISLAND,44,Thunderstorm Wind,21,21,0,2,31000,0,54
2023,RHODE ISLAND,44,Tornado,3,3,0,1,285000,0,
2023,SOUTH CAROLINA,45,Coastal Flood,29,29,0,0,0,0,
2023,SOUTH CAROLINA,45,Flash Flood,45,45,1,0,1280100,200400,
2023,SOUTH CAROLINA,45,Flood,6,6,0,0,56000,0,
2023,SOUTH CAROLINA,45,Funnel Cloud,2,2,0,0,0,0,
2023,SOUTH CAROLINA,45,Hail,89,89,0,0,3000,3000,2.25
2023,SOUTH CAROLINA,45,Heavy Rain,9,9,0,0,0,0,
2023,SOUTH CAROLINA,45,High Surf,4,4,0,0,0,0,
2023,SOUTH CAROLINA,45,High Wind,1,1,0,0,0,0,50
2023,SOUTH CAROLINA,45,Lightning,18,18,0,1,9505000,0,
2023,SOUTH CAROLINA,45,Rip Current,5,5,2,0,0,0,
2023,SOUTH CAROLINA,45,Storm Surge/Tide,12,12,0,0,0,0,
2023,SOUTH CAROLINA,45,Strong Wind,71,71,1,0,67000,0,45
2023,SOUTH CAROLINA,45,Thunderstorm Wind,596,596,1,5,1004850,2500,83
2023,SOUTH CAROLINA,45,Tornado,19,19,0,2,453000,0,
2023,SOUTH CAROLINA,45,Tropical Storm,20,20,0,0,0,0,
2023,SOUTH DAKOTA,46,Blizzard,119,119,0,3,500000,0,
2023,SOUTH DAKOTA,46,Cold/Wind Chill,18,18,0,0,0,0,
2023,SOUTH DAKOTA,46,Dense Fog,1,1,0,3,0,0,
2023,SOUTH DAKOTA,46,Dense Smoke,10,10,0,0,0,0,
2023,SOUTH DAKOTA,46,Drought,161,161,0,0,0,143632000,
2023,SOUTH DAKOTA,46,Excessive Heat,106,106,1,0,0,0,
2023,SOUTH DAKOTA,46,Extreme Cold/Wind Chill,50,50,0,0,0,0,
2023,SOUTH DAKOTA,46,Flash Flood,11,11,0,0,50000,220000,
2023,SOUTH DAKOTA,46,Flood,127,127,0,0,1500000,4739000,
2023,SOUTH DAKOTA,46,Freezing Fog,1,1,0,0,0,0,
2023,SOUTH DAKOTA,46,Funnel Cloud,1,1,0,0,0,0,
2023,SOUTH DAKOTA,46,Hail,467,467,0,0,0,1807000,4.5
2023,SOUTH DAKOTA,46,Heat,27,27,0,0,0,0,
2023,SOUTH DAKOTA,46,Heavy Snow,55,55,0,0,0,0,
2023,SOUTH DAKOTA,46,High Wind,76,76,0,0,0,0,61
2023,SOUTH DAKOTA,46,Ice Storm,22,22,0,0,0,0,
2023,SOUTH DAKOTA,46,Strong Wind,73,73,0,0,0,222000,49
2023,SOUTH DAKOTA,46,Thunderstorm Wind,283,283,0,0,10000,0,87
2023,SOUTH DAKOTA,46,Tornado,18,18,0,0,0,0,
2023,SOUTH DAKOTA,46,Winter Storm,116,116,0,0,0,0,
2023,SOUTH DAKOTA,46,Winter Weather,282,282,3,12,0,0,
2023,TENNESSEE,47,Debris Flow,2,2,0,0,0,0,
2023,TENNESSEE,47,Drought,166,166,0,0,0,0,
2023,TENNESSEE,47,Excessive Heat,94,94,0,0,0,0,
2023,TENNESSEE,47,Flash Flood,102,102,0,0,12887000,0,
2023,TENNESSEE,47,Flood,15,15,0,0,0,0,
2023,TENNESSEE,47,Frost/Freeze,28,28,0,0,0,0,
2023,TENNESSEE,47,Funnel Cloud,6,6,0,0,0,0,
2023,TENNESSEE,47,Hail,148,148,0,0,5000,0,2.75
2023,TENNESSEE,47,Heat,226,226,0,0,0,0,
2023,TENNESSEE,47,Heavy Rain,7,7,0,0,0,0,
2023,TENNESSEE,47,Heavy Snow,4,4,0,0,0,0,
2023,TENNESSEE,47,High Wind,87,87,5,7,74715000,0,85
2023,TENNESSEE,47,Ice Storm,14,14,0,0,155000,0,
2023,TENNESSEE,47,Lightning,14,14,0,1,6451000,0,
2023,TENNESSEE,47,Strong Wind,4,4,0,0,18000,0,43
2023,TENNESSEE,47,Thunderstorm Wind,835,835,6,8,16107800,0,83
2023,TENNESSEE,47,Tornado,60,60,17,149,174275000,0,
2023,TENNESSEE,47,Wildfire,2,2,0,0,2500000,0,
2023,TENNESSEE,47,Winter Storm,36,36,0,0,0,0,
2023,TENNESSEE,47,Winter Weather,4,4,0,0,1000,0,
2023,TEXAS,48,Astronomical Low Tide,3,3,0,0,0,0,
2023,TEXAS,48,Coastal Flood,3,3,0,0,10000,0,
2023,TEXAS,48,Cold/Wind Chill,1,1,0,8,0,0,
2023,TEXAS,48,Drought,1171,1171,0,0,0,122350000,
2023,TEXAS,48,Dust Storm,28,28,0,0,30000,0,
2023,TEXAS,48,Excessive Heat,993,993,38,1370,0,0,
2023,TEXAS,48,Flash Flood,229,229,1,0,764000,0,
2023,TEXAS,48,Flood,38,38,0,0,125000,0,
2023,TEXAS,48,Frost/Freeze,4,4,0,0,0,0,
2023,TEXAS,48,Funnel Cloud,12,12,0,0,0,0,
2023,TEXAS,48,Hail,1912,1912,0,0,2020125500,0,5.9
2023,TEXAS,48,Heat,1206,1206,23,208,0,0,
2023,TEXAS,48,Heavy Snow,15,15,0,0,0,0,
2023,TEXAS,48,High Wind,426,426,0,1,285000,0,90
2023,TEXAS,48,Ice Storm,45,45,0,0,0,0,
2023,TEXAS,48,Lightning,18,18,2,3,2733300,0,
2023,TEXAS,48,Storm Surge/Tide,3,3,0,0,0,0,
2023,TEXAS,48,Strong Wind,15,15,0,0,72000,0,49
2023,TEXAS,48,Thunderstorm Wind,1281,1281,5,22,47555500,1000,104
2023,TEXAS,48,Tornado,82,82,8,139,14204000,277000,
2023,TEXAS,48,Tropical Storm,22,22,0,0,435000,0,
2023,TEXAS,48,Wildfire,58,58,0,0,9535500,0,
2023,TEXAS,48,Winter Storm,65,65,2,36,84179000,0,
2023,TEXAS,48,Winter Weather,59,59,5,1,2990000,0,
2023,UTAH,49,Avalanche,8,8,3,5,173500,0,
2023,UTAH,49,Debris Flow,9,9,0,3,121000,0,
2023,UTAH,49,Dense Fog,6,6,0,0,0,0,
2023,UTAH,49,Drought,5,5,0,0,0,0,
2023,UTAH,49,Extreme Cold/Wind Chill,4,4,0,0,0,0,
2023,UTAH,49,Flash Flood,58,58,3,0,20505000,0,
2023,UTAH,49,Flood,25,25,5,2,2409000,1000,
2023,UTAH,49,Frost/Freeze,8,8,0,0,0,0,
2023,UTAH,49,Funnel Cloud,1,1,0,0,0,0,
2023,UTAH,49,Hail,18,18,0,0,7500,0,1.5
2023,UTAH,49,Heavy Snow,159,159,0,0,1329000,0,
2023,UTAH,49,High Wind,52,52,0,0,16000,0,95
2023,UTAH,49,Strong Wind,3,3,0,0,0,0,49
2023,UTAH,49,Thunderstorm Wind,267,267,1,0,127250,0,78
2023,UTAH,49,Wildfire,3,3,0,0,680000,0,
2023,UTAH,49,Winter Storm,15,15,0,0,10000,0,
2023,UTAH,49,Winter Weather,48,48,3,8,790000,0,
2023,VERMONT,50,Extreme Cold/Wind Chill,20,20,0,0,0,0,
2023,VERMONT,50,Flash Flood,38,38,2,0,143281000,0,
2023,VERMONT,50,Flood,40,40,0,0,3482000,5000,
2023,VERMONT,50,Frost/Freeze,22,22,0,0,0,7275000,
2023,VERMONT,50,Hail,14,14,0,0,0,0,1.25
2023,VERMONT,50,Heat,2,2,0,0,0,0,
2023,VERMONT,50,Strong Wind,9,9,0,0,0,0,45
2023,VERMONT,50,Thunderstorm Wind,55,55,0,1,668000,0,74
2023,VERMONT,50,Tornado,1,1,0,0,50000,0,
2023,VERMONT,50,Winter Storm,61,61,0,0,0,0,
2023,VERMONT,50,Winter Weather,89,89,0,0,0,0,
2023,VIRGIN ISLANDS,96,Drought,13,13,0,0,0,0,
2023,VIRGIN ISLANDS,96,Excessive Heat,2,2,0,0,0,0,
2023,VIRGIN ISLANDS,96,Hail,1,1,0,0,1000,0,0.25
2023,VIRGINIA,51,Coastal Flood,21,21,0,0,0,0,
2023,VIRGINIA,51,Cold/Wind Chill,3,3,0,0,0,0,
2023,VIRGINIA,51,Debris Flow,3,3,0,0,111500,0,
2023,VIRGINIA,51,Drought,51,51,0,0,0,0,
2023,VIRGINIA,51,Excessive Heat,8,8,0,0,0,0,
2023,VIRGINIA,51,Flash Flood,152,152,0,0,464500,0,
2023,VIRGINIA,51,Flood,56,56,0,0,27500,0,
2023,VIRGINIA,51,Funnel Cloud,2,2,0,0,0,0,
2023,VIRGINIA,51,Hail,172,172,0,0,75000,0,4
2023,VIRGINIA,51,Heavy Rain,73,73,0,0,0,0,
2023,VIRGINIA,51,Heavy Snow,1,1,0,0,0,0,
2023,VIRGINIA,51,High Wind,50,50,0,0,726500,0,59
2023,VIRGINIA,51,Lightning,13,13,1,1,123500,0,
2023,VIRGINIA,51,Strong Wind,2,2,0,0,2000,0,49
2023,VIRGINIA,51,Thunderstorm Wind,797,797,2,2,32214900,124250,78
2023,VIRGINIA,51,Tornado,6,6,0,0,20075000,0,
2023,VIRGINIA,51,Tropical Storm,10,10,0,0,1000,250,
2023,VIRGINIA,51,Wildfire,1,1,0,0,0,0,
2023,VIRGINIA,51,Winter Storm,5,5,0,0,0,0,
2023,VIRGINIA,51,Winter Weather,82,82,0,0,0,0,
2023,WASHINGTON,53,Avalanche,1,1,3,1,0,0,
2023,WASHINGTON,53,Cold/Wind Chill,6,6,0,0,0,0,
2023,WASHINGTON,53,Debris Flow,12,12,0,0,608500,0,
2023,WASHINGTON,53,Flash Flood,7,7,0,0,1028000,0,
2023,WASHINGTON,53,Flood,19,19,0,0,8000,0,
2023,WASHINGTON,53,Freezing Fog,1,1,0,5,5000,0,
2023,WASHINGTON,53,Frost/Freeze,18,18,0,0,0,0,
2023,WASHINGTON,53,Funnel Cloud,2,2,0,0,0,0,
2023,WASHINGTON,53,Hail,9,9,0,0,10200,30000,2
2023,WASHINGTON,53,Heat,45,45,0,0,0,0,
2023,WASHINGTON,53,Heavy Rain,10,10,0,0,0,0,
2023,WASHINGTON,53,Heavy Snow,66,66,2,1,2000000,0,
2023,WASHINGTON,53,High Wind,15,15,0,0,0,0,75
2023,WASHINGTON,53,Ice Storm,1,1,0,0,0,0,
2023,WASHINGTON,53,Lightning,1,1,0,0,250,0,
2023,WASHINGTON,53,Strong Wind,4,4,1,0,3000,0,46
2023,WASHINGTON,53,Thunderstorm Wind,16,16,0,0,414000,10000,54
2023,WASHINGTON,53,Tornado,3,3,0,0,0,1000,
2023,WASHINGTON,53,Wildfire,24,24,2,0,186003650,0,
2023,WASHINGTON,53,Winter Weather,24,24,1,0,20000,0,
2023,WEST VIRGINIA,54,Cold/Wind Chill,4,4,0,0,0,0,
2023,WEST VIRGINIA,54,Debris Flow,2,2,0,0,10000,0,
2023,WEST VIRGINIA,54,Excessive Heat,1,1,0,0,0,0,
2023,WEST VIRGINIA,54,Flash Flood,47,47,0,0,5679350,0,
2023,WEST VIRGINIA,54,Flood,53,53,1,0,220250,0,
2023,WEST VIRGINIA,54,Funnel Cloud,2,2,0,0,0,0,
2023,WEST VIRGINIA,54,Hail,52,52,0,0,135000,85000,2.5
2023,WEST VIRGINIA,54,Heavy Rain,11,11,0,0,0,0,
2023,WEST VIRGINIA,54,Heavy Snow,5,5,0,0,0,0,
2023,WEST VIRGINIA,54,High Wind,81,81,0,0,126000,0,63
2023,WEST VIRGINIA,54,Ice Storm,2,2,0,0,0,0,
2023,WEST VIRGINIA,54,Lightning,3,3,0,0,1002200,0,
2023,WEST VIRGINIA,54,Strong Wind,33,33,0,0,75000,0,49
2023,WEST VIRGINIA,54,Thunderstorm Wind,357,357,0,0,1098000,76000,91
2023,WEST VIRGINIA,54,Tornado,1,1,0,0,3000,0,
2023,WEST VIRGINIA,54,Winter Storm,20,20,0,0,0,0,
2023,WEST VIRGINIA,54,Winter Weather,172,172,0,0,0,0,
2023,WISCONSIN,55,Blizzard,4,4,0,0,0,0,
2023,WISCONSIN,55,Cold/Wind Chill,3,3,2,0,0,0,
2023,WISCONSIN,55,Dense Fog,1,1,1,0,0,0,
2023,WISCONSIN,55,Drought,180,180,0,0,0,0,
2023,WISCONSIN,55,Excessive Heat,46,46,0,0,0,0,
2023,WISCONSIN,55,Flash Flood,7,7,0,0,65000,0,
2023,WISCONSIN,55,Flood,53,53,0,0,677000,3000,
2023,WISCONSIN,55,Frost/Freeze,1,1,0,0,0,0,
2023,WISCONSIN,55,Funnel Cloud,6,6,0,0,0,0,
2023,WISCONSIN,55,Hail,273,273,0,0,670000,0,4
2023,WISCONSIN,55,Heat,3,3,0,0,0,0,
2023,WISCONSIN,55,Heavy Rain,26,26,0,0,5000,0,
2023,WISCONSIN,55,Heavy Snow,124,124,0,0,330000,0,
2023,WISCONSIN,55,High Wind,3,3,0,1,0,0,52
2023,WISCONSIN,55,Ice Storm,14,14,0,0,0,0,
2023,WISCONSIN,55,Rip Current,1,1,1,0,0,0,
2023,WISCONSIN,55,Strong Wind,4,4,0,0,80000,0,40
2023,WISCONSIN,55,Thunderstorm Wind,225,225,0,0,1411110,20500,74
2023,WISCONSIN,55,Tornado,25,25,0,0,5156000,0,
2023,WISCONSIN,55,Wildfire,3,3,0,0,10000,0,
2023,WISCONSIN,55,Winter Storm,166,166,1,3,70000,0,
2023,WISCONSIN,55,Winter Weather,157,157,2,54,339000,0,
2023,WYOMING,56,Avalanche,1,1,1,0,0,0,
2023,WYOMING,56,Blizzard,16,16,0,2,0,0,
2023,WYOMING,56,Cold/Wind Chill,3,3,0,0,0,0,
2023,WYOMING,56,Extreme Cold/Wind Chill,37,37,0,0,0,0,
2023,WYOMING,56,Flash Flood,22,22,0,0,2941000,0,
2023,WYOMING,56,Flood,10,10,0,0,0,0,
2023,WYOMING,56,Funnel Cloud,2,2,0,0,0,0,
2023,WYOMING,56,Hail,249,249,0,0,3005000,0,4
2023,WYOMING,56,Heavy Snow,49,49,0,4,0,0,
2023,WYOMING,56,High Wind,237,237,0,0,0,0,85
2023,WYOMING,56,Lightning,1,1,0,1,0,0,
2023,WYOMING,56,Strong Wind,2,2,0,0,50000,0,43
2023,WYOMING,56,Thunderstorm Wind,113,113,1,0,550250,0,83
2023,WYOMING,56,Tornado,22,22,0,9,200000,0,
2023,WYOMING,56,Winter Storm,186,186,1,40,0,0,
2023,WYOMING,56,Winter Weather,52,52,0,0,0,0,
2024,ALABAMA,1,Astronomical Low Tide,1,1,0,0,0,0,
2024,ALABAMA,1,Coastal Flood,13,13,0,0,0,0,
2024,ALABAMA,1,Cold/Wind Chill,38,38,0,0,0,0,
2024,ALABAMA,1,Drought,156,156,0,0,0,0,
2024,ALABAMA,1,Excessive Heat,15,15,0,0,0,0,
2024,ALABAMA,1,Flash Flood,77,77,0,0,125000,0,
2024,ALABAMA,1,Flood,13,13,0,0,0,0,
2024,ALABAMA,1,Frost/Freeze,24,24,0,0,0,0,
2024,ALABAMA,1,Funnel Cloud,1,1,0,0,0,0,
2024,ALABAMA,1,Hail,81,81,0,0,0,0,4.5
2024,ALABAMA,1,Heat,98,98,0,0,0,0,
2024,ALABAMA,1,Heavy Rain,3,3,0,0,0,0,
2024,ALABAMA,1,Heavy Snow,2,2,0,1,0,0,
2024,ALABAMA,1,High Wind,4,4,0,1,0,0,59
2024,ALABAMA,1,Lightning,4,4,1,0,35000,0,
2024,ALABAMA,1,Sleet,6,6,0,0,0,0,
2024,ALABAMA,1,Strong Wind,63,63,2,3,496500,0,49
2024,ALABAMA,1,Thunderstorm Wind,569,569,1,0,1553800,0,87
2024,ALABAMA,1,Tornado,80,80,1,25,15186300,0,
2024,ALABAMA,1,Tropical Depression,4,4,0,0,0,0,
2024,ALABAMA,1,Tropical Storm,5,5,0,0,0,0,
2024,ALABAMA,1,Winter Storm,3,3,0,0,0,0,
2024,ALABAMA,1,Winter Weather,13,13,0,0,0,0,
2024,ALASKA,2,Avalanche,1,1,0,0,0,0,
2024,ALASKA,2,Blizzard,85,85,0,0,0,0,
2024,ALASKA,2,Coastal Flood,15,15,0,0,0,0,
2024,ALASKA,2,Cold/Wind Chill,1,1,0,0,0,0,
2024,ALASKA,2,Debris Flow,2,2,1,3,4010000,0,
2024,ALASKA,2,Extreme Cold/Wind Chill,3,3,0,0,0,0,
2024,ALASKA,2,Flood,28,28,0,0,6660000,0,
2024,ALASKA,2,Frost/Freeze,5,5,0,0,0,0,
2024,ALASKA,2,Funnel Cloud,1,1,0,0,0,0,
2024,ALASKA,2,Hail,1,1,0,0,0,0,1
2024,ALASKA,2,Heavy Rain,1,1,0,0,0,0,
2024,ALASKA,2,Heavy Snow,31,31,0,0,0,0,
2024,ALASKA,2,High Wind,77,77,0,0,0,0,89
2024,ALASKA,2,Strong Wind,2,2,0,0,0,0,43
2024,ALASKA,2,Thunderstorm Wind,1,1,0,0,20000,0,43
2024,ALASKA,2,Tornado,1,1,0,0,0,0,
2024,ALASKA,2,Wildfire,2,2,0,0,0,0,
2024,ALASKA,2,Winter Storm,43,43,0,0,100000,0,
2024,ALASKA,2,Winter Weather,19,19,1,1,0,0,
2024,AMERICAN SAMOA,97,Flash Flood,6,6,0,0,197000,0,
2024,AMERICAN SAMOA,97,Flood,1,1,0,0,20000,0,
2024,AMERICAN SAMOA,97,Heavy Rain,6,6,0,0,360000,0,
2024,AMERICAN SAMOA,97,High Surf,3,3,0,0,95000,0,
2024,AMERICAN SAMOA,97,Rip Current,1,1,1,1,0,0,
2024,AMERICAN SAMOA,97,Thunderstorm Wind,6,6,0,0,325000,0,52
2024,ARIZONA,4,Cold/Wind Chill,4,4,4,0,0,0,
2024,ARIZONA,4,Drought,14,14,0,0,0,0,
2024,ARIZONA,4,Dust Devil,1,1,0,0,0,0,
2024,ARIZONA,4,Dust Storm,28,28,0,1,5000,0,
2024,ARIZONA,4,Excessive Heat,152,152,109,0,0,0,
2024,ARIZONA,4,Flash Flood,65,65,4,0,1145000,0,
2024,ARIZONA,4,Flood,12,12,0,0,21500,0,
2024,ARIZONA,4,Funnel Cloud,3,3,0,0,0,0,
2024,ARIZONA,4,Hail,31,31,0,5,101000,0,1.75
2024,ARIZONA,4,Heat,98,98,146,0,0,0,
2024,ARIZONA,4,Heavy Rain,3,3,0,0,0,0,
2024,ARIZONA,4,Heavy Snow,32,32,0,0,0,0,
2024,ARIZONA,4,High Wind,37,37,0,0,26000,0,66
2024,ARIZONA,4,Lightning,3,3,0,2,25000,0,
2024,ARIZONA,4,Strong Wind,4,4,1,0,5500,0,43
2024,ARIZONA,4,Thunderstorm Wind,174,174,2,2,29316500,0,68
2024,ARIZONA,4,Tornado,7,7,0,0,50000,0,
2024,ARIZONA,4,Wildfire,6,6,0,0,9020000,0,
2024,ARIZONA,4,Winter Storm,6,6,0,0,0,0,
2024,ARIZONA,4,Winter Weather,8,8,0,0,0,0,
2024,ARKANSAS,5,Cold/Wind Chill,26,26,0,0,0,0,
2024,ARKANSAS,5,Drought,49,49,0,0,0,0,
2024,ARKANSAS,5,Excessive Heat,126,126,0,0,0,0,
2024,ARKANSAS,5,Extreme Cold/Wind Chill,1,1,0,0,0,0,
2024,ARKANSAS,5,Flash Flood,68,68,0,0,236000,0,
2024,ARKANSAS,5,Flood,71,71,2,0,65000,0,
2024,ARKANSAS,5,Freezing Fog,1,1,0,0,0,0,
2024,ARKANSAS,5,Funnel Cloud,3,3,0,0,0,0,
2024,ARKANSAS,5,Hail,193,193,0,0,1095000,1000,4
2024,ARKANSAS,5,Heat,122,122,0,0,0,0,
2024,ARKANSAS,5,Heavy Rain,48,48,2,0,0,0,
2024,ARKANSAS,5,High Wind,2,2,0,0,10000,0,53
2024,ARKANSAS,5,Ice Storm,5,5,0,0,0,0,
2024,ARKANSAS,5,Lightning,1,1,0,0,50000,0,
2024,ARKANSAS,5,Strong Wind,8,8,0,0,43000,0,49
2024,ARKANSAS,5,Thunderstorm Wind,329,329,1,1,21783500,0,87
2024,ARKANSAS,5,Tornado,62,62,5,20,92370800,0,
2024,ARKANSAS,5,Winter Storm,58,58,0,0,0,0,
2024,ARKANSAS,5,Winter Weather,73,73,0,0,0,0,
2024,ATLANTIC NORTH,88,Marine Hail,1,1,0,0,0,0,0.88
2024,ATLANTIC NORTH,88,Marine High Wind,16,16,0,0,0,0,62
2024,ATLANTIC NORTH,88,Marine Thunderstorm Wind,652,652,0,0,4000,0,68
2024,ATLANTIC NORTH,88,Waterspout,4,4,0,0,0,0,
2024,ATLANTIC SOUTH,87,Marine Hail,9,9,0,0,0,0,1.5
2024,ATLANTIC SOUTH,87,Marine High Wind,1,1,0,0,0,0,60
2024,ATLANTIC SOUTH,87,Marine Hurricane/Typhoon,1,1,0,0,0,0,
2024,ATLANTIC SOUTH,87,Marine Thunderstorm Wind,486,486,0,0,0,0,89
2024,ATLANTIC SOUTH,87,Marine Tropical Depression,1,1,0,0,0,0,
2024,ATLANTIC SOUTH,87,Marine Tropical Storm,29,29,0,0,0,0,
2024,ATLANTIC SOUTH,87,Waterspout,55,55,0,0,0,0,
2024,CALIFORNIA,6,Blizzard,6,6,0,0,0,0,
2024,CALIFORNIA,6,Coastal Flood,1,1,0,0,10,0,
2024,CALIFORNIA,6,Cold/Wind Chill,9,9,10,0,0,0,
2024,CALIFORNIA,6,Debris Flow,37,37,2,0,51100,0,
2024,CALIFORNIA,6,Dense Fog,226,226,10,17,195000,0,
2024,CALIFORNIA,6,Dust Devil,1,1,2,2,0,0,
2024,CALIFORNIA,6,Dust Storm,7,7,0,7,410000,0,
2024,CALIFORNIA,6,Excessive Heat,186,186,15,4,10000,0,
2024,CALIFORNIA,6,Flash Flood,101,101,2,0,35676000,0,
2024,CALIFORNIA,6,Flood,414,414,6,0,4479030,0,
2024,CALIFORNIA,6,Freezing Fog,1,1,0,0,0,0,
2024,CALIFORNIA,6,Frost/Freeze,70,70,0,0,0,0,
2024,CALIFORNIA,6,Funnel Cloud,12,12,0,0,0,0,
2024,CALIFORNIA,6,Hail,21,21,0,0,90040,0,1
2024,CALIFORNIA,6,Heat,106,106,10,25,0,0,
2024,CALIFORNIA,6,Heavy Rain,104,104,1,0,67520,0,
2024,CALIFORNIA,6,Heavy Snow,275,275,1,0,0,0,
2024,CALIFORNIA,6,High Surf,13,13,5,8,20,0,
2024,CALIFORNIA,6,High Wind,583,583,3,2,1399200,0,136
2024,CALIFORNIA,6,Lightning,6,6,0,0,1131000,0,
2024,CALIFORNIA,6,Rip Current,1,1,0,2,0,0,
2024,CALIFORNIA,6,Sneakerwave,3,3,3,1,0,0,
2024,CALIFORNIA,6,Strong Wind,80,80,7,7,545530,0,48
2024,CALIFORNIA,6,Thunderstorm Wind,73,73,1,4,292090,10,84
2024,CALIFORNIA,6,Tornado,4,4,0,5,50010,0,
2024,CALIFORNIA,6,Wildfire,56,56,0,36,97885010,0,
2024,CALIFORNIA,6,Winter Storm,66,66,0,0,300,0,
2024,CALIFORNIA,6,Winter Weather,126,126,1,3,13500,0,
2024,COLORADO,8,Avalanche,4,4,2,3,0,0,
2024,COLORADO,8,Blizzard,5,5,0,0,0,0,
2024,COLORADO,8,Cold/Wind Chill,3,3,0,0,0,0,
2024,COLORADO,8,Debris Flow,33,33,0,0,15000,0,
2024,COLORADO,8,Dense Fog,23,23,0,0,0,0,
2024,COLORADO,8,Dust Storm,3,3,0,0,0,0,
2024,COLORADO,8,Extreme Cold/Wind Chill,14,14,0,0,0,0,
2024,COLORADO,8,Flash Flood,26,26,0,0,57000,0,
2024,COLORADO,8,Flood,18,18,2,0,3400500,0,
2024,COLORADO,8,Frost/Freeze,11,11,0,0,0,0,
2024,COLORADO,8,Funnel Cloud,2,2,0,0,0,0,
2024,COLORADO,8,Hail,415,415,0,0,5000,507000,4
2024,COLORADO,8,Heavy Rain,24,24,0,0,0,0,
2024,COLORADO,8,Heavy Snow,439,439,0,0,1000,0,
2024,COLORADO,8,High Wind,155,155,0,0,87000,0,89
2024,COLORADO,8,Lightning,2,2,1,0,585000,0,
2024,COLORADO,8,Strong Wind,12,12,0,3,3000,0,49
2024,COLORADO,8,Thunderstorm Wind,290,290,0,0,94000,1005000,97
2024,COLORADO,8,Tornado,21,21,0,0,0,0,
2024,COLORADO,8,Wildfire,27,27,2,0,815000,27710000,
2024,COLORADO,8,Winter Storm,96,96,0,0,0,0,
2024,COLORADO,8,Winter Weather,273,273,0,0,0,0,
2024,CONNECTICUT,9,Astronomical Low Tide,1,1,0,0,0,0,
2024,CONNECTICUT,9,Coastal Flood,6,6,0,0,0,0,
2024,CONNECTICUT,9,Drought,4,4,0,0,0,0,
2024,CONNECTICUT,9,Flash Flood,59,59,3,0,878500,0,
2024,CONNECTICUT,9,Flood,4,4,0,0,25000,0,
2024,CONNECTICUT,9,Hail,22,22,0,0,0,0,1.75
2024,CONNECTICUT,9,Heat,12,12,0,0,0,0,
2024,CONNECTICUT,9,Heavy Snow,16,16,0,0,0,0,
2024,CONNECTICUT,9,High Wind,10,10,0,0,0,0,56
2024,CONNECTICUT,9,Lightning,3,3,0,7,2000,0,
2024,CONNECTICUT,9,Strong Wind,3,3,0,0,0,0,42
2024,CONNECTICUT,9,Thunderstorm Wind,128,128,1,0,318200,0,67
2024,CONNECTICUT,9,Tornado,1,1,0,0,15000,0,
2024,CONNECTICUT,9,Winter Storm,1,1,0,0,0,0,
2024,CONNECTICUT,9,Winter Weather,18,18,0,0,0,0,
2024,DELAWARE,10,Astronomical Low Tide,2,2,0,0,0,0,
2024,DELAWARE,10,Coastal Flood,15,15,0,0,0,0,
2024,DELAWARE,10,Dense Fog,17,17,0,0,0,0,
2024,DELAWARE,10,Excessive Heat,8,8,0,0,0,0,
2024,DELAWARE,10,Flash Flood,4,4,0,0,50000,0,
2024,DELAWARE,10,Flood,1,1,0,0,0,0,
2024,DELAWARE,10,High Wind,4,4,0,0,0,0,56
2024,DELAWARE,10,Thunderstorm Wind,21,21,0,3,0,0,50
2024,DELAWARE,10,Tornado,1,1,0,0,0,0,
2024,DELAWARE,10,Winter Storm,2,2,0,0,0,0,
2024,DELAWARE,10,Winter Weather,8,8,0,0,0,0,
2024,DISTRICT OF COLUMBIA,11,Coastal Flood,7,7,0,0,0,0,
2024,DISTRICT OF COLUMBIA,11,Excessive Heat,4,4,0,0,0,0,
2024,DISTRICT OF COLUMBIA,11,Flood,2,2,0,0,0,0,
2024,DISTRICT OF COLUMBIA,11,Hail,1,1,0,0,0,0,1
2024,DISTRICT OF COLUMBIA,11,Thunderstorm Wind,11,11,0,0,68000,0,56
2024,DISTRICT OF COLUMBIA,11,Winter Storm,1,1,0,0,0,0,
2024,DISTRICT OF COLUMBIA,11,Winter Weather,2,2,0,0,0,0,
2024,E PACIFIC,86,Waterspout,5,5,0,0,0,0,
2024,FLORIDA,12,Coastal Flood,14,14,0,0,0,0,
2024,FLORIDA,12,Drought,10,10,0,0,0,0,
2024,FLORIDA,12,Flash Flood,188,188,0,0,10885000,0,
2024,FLORIDA,12,Flood,73,73,0,0,311696500,0,
2024,FLORIDA,12,Funnel Cloud,34,34,0,0,0,0,
2024,FLORIDA,12,Hail,75,75,0,0,0,0,2
2024,FLORIDA,12,Heavy Rain,94,94,0,0,20000,0,
2024,FLORIDA,12,High Wind,11,11,0,0,35000,0,61
2024,FLORIDA,12,Hurricane (Typhoon),40,40,6,0,4411560000,410000000,
2024,FLORIDA,12,Lightning,23,23,6,7,367000,0,
2024,FLORIDA,12,Rip Current,18,18,19,4,0,0,
2024,FLORIDA,12,Storm Surge/Tide,28,28,0,0,867478000,0,
2024,FLORIDA,12,Strong Wind,5,5,0,0,1800,0,45
2024,FLORIDA,12,Thunderstorm Wind,475,475,1,8,1646950,0,96
2024,FLORIDA,12,Tornado,132,132,8,24,892963000,0,
2024,FLORIDA,12,Tropical Depression,29,29,0,0,10000,0,
2024,FLORIDA,12,Tropical Storm,187,187,17,4,689120000,5000000,
2024,FLORIDA,12,Wildfire,5,5,1,1,42000,0,
2024,GEORGIA,13,Coastal Flood,2,2,0,0,0,0,
2024,GEORGIA,13,Cold/Wind Chill,3,3,0,0,0,0,
2024,GEORGIA,13,Drought,24,24,0,0,0,0,
2024,GEORGIA,13,Flash Flood,231,231,0,0,5573000,0,
2024,GEORGIA,13,Flood,20,20,0,0,19500,0,
2024,GEORGIA,13,Funnel Cloud,6,6,0,0,0,0,
2024,GEORGIA,13,Hail,104,104,0,0,0,0,2.5
2024,GEORGIA,13,Heavy Rain,14,14,0,0,0,0,
2024,GEORGIA,13,High Wind,6,6,0,0,0,0,61
2024,GEORGIA,13,Hurricane (Typhoon),29,29,11,82,810000000,1100000000,
2024,GEORGIA,13,Lightning,9,9,0,1,161000,0,
2024,GEORGIA,13,Rip Current,1,1,0,0,0,0,
2024,GEORGIA,13,Strong Wind,12,12,0,2,10000,0,45
2024,GEORGIA,13,Thunderstorm Wind,1002,1002,2,2,5453100,100200,100
2024,GEORGIA,13,Tornado,38,38,2,10,7223000,0,
2024,GEORGIA,13,Tropical Storm,169,169,20,5,760701000,124000000,
2024,GUAM WATERS,83,Marine Strong Wind,1,1,4,3,0,0,25
2024,GUAM,98,Coastal Flood,6,6,0,1,56000,50000,
2024,GUAM,98,Drought,27,27,0,0,0,0,
2024,GUAM,98,Dust Devil,1,1,0,0,200,0,
2024,GUAM,98,Flash Flood,3,3,0,0,2500,0,
2024,GUAM,98,Flood,2,2,0,0,0,0,
2024,GUAM,98,High Surf,1,1,0,3,0,0,
2024,GUAM,98,High Wind,2,2,0,0,0,0,53
2024,GUAM,98,Rip Current,8,8,5,7,0,0,
2024,GUAM,98,Thunderstorm Wind,1,1,0,0,43300,0,35
2024,GUAM,98,Tropical Depression,3,3,0,0,0,0,
2024,GUAM,98,Tropical Storm,2,2,0,0,0,0,
2024,GUAM,98,Wildfire,1,1,0,0,0,0,
2024,GULF OF ALASKA,89,Marine Thunderstorm Wind,2,2,0,0,0,0,38
2024,GULF OF MEXICO,85,Marine Hurricane/Typhoon,10,10,0,0,0,0,
2024,GULF OF MEXICO,85,Marine Strong Wind,1,1,0,0,1000,0,39
2024,GULF OF MEXICO,85,Marine Thunderstorm Wind,728,728,0,0,0,0,76
2024,GULF OF MEXICO,85,Marine Tropical Storm,45,45,0,0,0,0,
2024,GULF OF MEXICO,85,Waterspout,93,93,0,0,0,0,
2024,HAWAII,15,Debris Flow,1,1,0,0,0,0,
2024,HAWAII,15,Drought,54,54,0,0,0,0,
2024,HAWAII,15,Flash Flood,19,19,0,0,17700000,0,
2024,HAWAII,15,Flood,13,13,0,0,5000000,10000,
2024,HAWAII,15,Funnel Cloud,1,1,0,0,0,0,
2024,HAWAII,15,Heavy Rain,1,1,0,2,0,0,
2024,HAWAII,15,High Surf,77,77,3,5,0,0,
2024,HAWAII,15,High Wind,6,6,0,0,65000,0,60
2024,HAWAII,15,Thunderstorm Wind,1,1,0,0,1000,0,48
2024,HAWAII,15,Tropical Storm,3,3,0,0,10000,0,
2024,HAWAII,15,Wildfire,4,4,0,0,0,0,
2024,IDAHO,16,Avalanche,6,6,2,3,0,0,
2024,IDAHO,16,Blizzard,8,8,0,0,0,0,
2024,IDAHO,16,Debris Flow,4,4,0,0,201000,0,
2024,IDAHO,16,Dust Storm,3,3,0,3,60000,0,
2024,IDAHO,16,Excessive Heat,7,7,0,0,0,0,
2024,IDAHO,16,Flash Flood,8,8,0,0,8251700,0,
2024,IDAHO,16,Flood,2,2,0,0,100,0,
2024,IDAHO,16,Freezing Fog,1,1,0,0,0,0,
2024,IDAHO,16,Frost/Freeze,4,4,0,0,0,0,
2024,IDAHO,16,Funnel Cloud,3,3,0,0,0,0,
2024,IDAHO,16,Hail,21,21,0,9,500,1000,1.75
2024,IDAHO,16,Heat,5,5,0,0,0,0,
2024,IDAHO,16,Heavy Rain,27,27,0,0,0,0,
2024,IDAHO,16,Heavy Snow,76,76,0,0,0,0,
2024,IDAHO,16,High Wind,48,48,0,0,58000,0,67
2024,IDAHO,16,Lightning,4,4,0,0,9200,0,
2024,IDAHO,16,Strong Wind,11,11,0,0,24000,0,48
2024,IDAHO,16,Thunderstorm Wind,261,261,1,1,1667250,25000,74
2024,IDAHO,16,Tornado,1,1,0,0,0,0,
2024,IDAHO,16,Wildfire,13,13,0,0,32828000,0,
2024,IDAHO,16,Winter Storm,42,42,0,0,374000,0,
2024,IDAHO,16,Winter Weather,41,41,0,0,828000,0,
2024,ILLINOIS,17,Cold/Wind Chill,78,78,2,0,0,0,
2024,ILLINOIS,17,Dense Fog,132,132,0,0,0,0,
2024,ILLINOIS,17,Drought,45,45,0,0,0,0,
2024,ILLINOIS,17,Dust Storm,8,8,0,6,0,0,
2024,ILLINOIS,17,Excessive Heat,69,69,0,0,0,0,
2024,ILLINOIS,17,Extreme Cold/Wind Chill,51,51,3,0,0,0,
2024,ILLINOIS,17,Flash Flood,68,68,1,1,4015000,0,
2024,ILLINOIS,17,Flood,94,94,0,0,0,0,
2024,ILLINOIS,17,Frost/Freeze,43,43,0,0,0,0,
2024,ILLINOIS,17,Funnel Cloud,6,6,0,0,0,0,
2024,ILLINOIS,17,Hail,373,373,0,0,100000,0,4
2024,ILLINOIS,17,Heat,77,77,0,0,0,0,
2024,ILLINOIS,17,Heavy Rain,40,40,0,0,0,0,
2024,ILLINOIS,17,Heavy Snow,14,14,0,0,0,0,
2024,ILLINOIS,17,High Wind,57,57,1,3,50000,0,60
2024,ILLINOIS,17,Ice Storm,11,11,0,47,0,0,
2024,ILLINOIS,17,Lightning,2,2,0,1,50000,0,
2024,ILLINOIS,17,Rip Current,5,5,4,6,0,0,
2024,ILLINOIS,17,Seiche,2,2,0,0,0,0,
2024,ILLINOIS,17,Strong Wind,61,61,1,1,98250,0,48
2024,ILLINOIS,17,Thunderstorm Wind,959,959,1,3,2202800,2000,91
2024,ILLINOIS,17,Tornado,174,174,0,10,13371500,150000,
2024,ILLINOIS,17,Wildfire,3,3,0,0,0,320000,
2024,ILLINOIS,17,Winter Storm,57,57,1,0,0,0,
2024,ILLINOIS,17,Winter Weather,139,139,0,8,0,0,
2024,INDIANA,18,Cold/Wind Chill,12,12,1,0,0,0,
2024,INDIANA,18,Dense Fog,24,24,0,0,0,0,
2024,INDIANA,18,Drought,52,52,0,0,0,0,
2024,INDIANA,18,Extreme Cold/Wind Chill,58,58,0,0,0,0,
2024,INDIANA,18,Flash Flood,30,30,0,0,241000,0,
2024,INDIANA,18,Flood,34,34,0,0,165000,0,
2024,INDIANA,18,Frost/Freeze,10,10,0,0,0,0,
2024,INDIANA,18,Funnel Cloud,1,1,0,0,0,0,
2024,INDIANA,18,Hail,149,149,0,0,1020000,0,3.5
2024,INDIANA,18,Heat,26,26,0,0,0,0,
2024,INDIANA,18,Heavy Rain,1,1,0,0,0,0,
2024,INDIANA,18,Heavy Snow,37,37,1,13,40000,0,
2024,INDIANA,18,High Wind,44,44,0,1,2192000,0,59
2024,INDIANA,18,Lake-Effect Snow,9,9,0,0,0,0,
2024,INDIANA,18,Lightning,6,6,0,3,361500,0,
2024,INDIANA,18,Rip Current,1,1,1,3,0,0,
2024,INDIANA,18,Seiche,1,1,0,0,0,0,
2024,INDIANA,18,Strong Wind,36,36,1,0,67000,1000,43
2024,INDIANA,18,Thunderstorm Wind,426,426,2,2,17927250,17000,83
2024,INDIANA,18,Tornado,73,73,1,49,37304000,43500,
2024,INDIANA,18,Winter Storm,4,4,0,0,0,0,
2024,INDIANA,18,Winter Weather,59,59,0,0,700000,0,
2024,IOWA,19,Blizzard,64,64,0,0,0,0,
2024,IOWA,19,Cold/Wind Chill,14,14,0,0,0,0,
2024,IOWA,19,Dense Fog,2,2,4,5,0,0,
2024,IOWA,19,Drought,299,299,0,0,0,0,
2024,IOWA,19,Excessive Heat,66,66,0,0,0,0,
2024,IOWA,19,Extreme Cold/Wind Chill,81,81,0,0,0,0,
2024,IOWA,19,Flash Flood,74,74,0,0,226000,125000,
2024,IOWA,19,Flood,185,185,2,0,73988000,477800,
2024,IOWA,19,Funnel Cloud,52,52,0,0,0,0,
2024,IOWA,19,Hail,417,417,0,0,0,434000,3.5
2024,IOWA,19,Heat,25,25,0,0,0,0,
2024,IOWA,19,Heavy Rain,104,104,0,0,0,0,
2024,IOWA,19,High Wind,28,28,0,0,0,0,57
2024,IOWA,19,Ice Storm,30,30,0,0,0,0,
2024,IOWA,19,Lightning,5,5,0,0,10330000,0,
2024,IOWA,19,Strong Wind,38,38,0,0,30000,0,48
2024,IOWA,19,Thunderstorm Wind,659,659,0,0,1819000,230000,93
2024,IOWA,19,Tornado,155,155,6,44,47830200,74700,
2024,IOWA,19,Wildfire,1,1,0,1,0,50000,
2024,IOWA,19,Winter Storm,175,175,0,0,0,0,
2024,IOWA,19,Winter Weather,58,58,0,0,1500,0,
2024,KANSAS,20,Blizzard,29,29,0,0,0,0,
2024,KANSAS,20,Cold/Wind Chill,13,13,0,0,0,0,
2024,KANSAS,20,Dense Fog,1,1,1,3,0,0,
2024,KANSAS,20,Drought,162,162,0,0,0,5300000,
2024,KANSAS,20,Dust Storm,13,13,0,3,0,0,
2024,KANSAS,20,Extreme Cold/Wind Chill,9,9,0,0,0,0,
2024,KANSAS,20,Flash Flood,47,47,0,0,100000,0,
2024,KANSAS,20,Flood,37,37,0,0,0,0,
2024,KANSAS,20,Funnel Cloud,3,3,0,0,0,0,
2024,KANSAS,20,Hail,767,767,0,0,3050000,9750000,4.5
2024,KANSAS,20,Heat,1,1,0,15,0,0,
2024,KANSAS,20,Heavy Rain,85,85,0,0,0,0,
2024,KANSAS,20,Heavy Snow,51,51,0,0,0,0,
2024,KANSAS,20,High Wind,123,123,0,1,7010000,0,65
2024,KANSAS,20,Lightning,2,2,0,1,5000,0,
2024,KANSAS,20,Thunderstorm Wind,1043,1043,1,9,1572000,2000000,104
2024,KANSAS,20,Tornado,69,69,0,0,416000,0,
2024,KANSAS,20,Wildfire,1,1,0,0,10000,0,
2024,KANSAS,20,Winter Storm,30,30,0,14,0,0,
2024,KANSAS,20,Winter Weather,86,86,0,6,0,0,
2024,KENTUCKY,21,Cold/Wind Chill,6,6,1,0,0,0,
2024,KENTUCKY,21,Dense Fog,135,135,0,0,0,0,
2024,KENTUCKY,21,Drought,24,24,0,0,0,0,
2024,KENTUCKY,21,Excessive Heat,54,54,0,0,0,0,
2024,KENTUCKY,21,Extreme Cold/Wind Chill,1,1,1,1,0,0,
2024,KENTUCKY,21,Flash Flood,69,69,1,0,192650,0,
2024,KENTUCKY,21,Flood,64,64,1,0,25750,6000,
2024,KENTUCKY,21,Frost/Freeze,46,46,0,0,0,0,
2024,KENTUCKY,21,Funnel Cloud,1,1,0,0,0,0,
2024,KENTUCKY,21,Hail,103,103,0,0,10000,0,3
2024,KENTUCKY,21,Heat,79,79,0,0,0,0,
2024,KENTUCKY,21,Heavy Rain,1,1,0,0,0,0,
2024,KENTUCKY,21,Heavy Snow,32,32,0,0,0,0,
2024,KENTUCKY,21,High Wind,69,69,0,0,479000,266200,56
2024,KENTUCKY,21,Lightning,1,1,0,0,200000,0,
2024,KENTUCKY,21,Strong Wind,96,96,0,0,136050,0,48
2024,KENTUCKY,21,Thunderstorm Wind,818,818,2,4,4508700,836450,89
2024,KENTUCKY,21,Tornado,66,66,2,46,9365000,29000,
2024,KENTUCKY,21,Winter Storm,10,10,0,0,0,0,
2024,KENTUCKY,21,Winter Weather,79,79,5,0,50000,0,
2024,LAKE ERIE,95,Marine Dense Fog,2,2,0,0,0,0,
2024,LAKE ERIE,95,Marine Hail,4,4,0,0,0,0,1.25
2024,LAKE ERIE,95,Marine High Wind,1,1,0,0,0,0,49
2024,LAKE ERIE,95,Marine Strong Wind,1,1,2,0,0,0,15
2024,LAKE ERIE,95,Marine Thunderstorm Wind,92,92,0,0,500,0,69
2024,LAKE ERIE,95,Waterspout,11,11,0,0,0,0,
2024,LAKE HURON,90,Marine Thunderstorm Wind,19,19,0,0,0,0,58
2024,LAKE HURON,90,Waterspout,2,2,0,0,0,0,
2024,LAKE MICHIGAN,91,Marine Hail,4,4,0,0,0,0,1
2024,LAKE MICHIGAN,91,Marine High Wind,14,14,0,0,0,0,59
2024,LAKE MICHIGAN,91,Marine Thunderstorm Wind,117,117,0,0,0,0,64
2024,LAKE MICHIGAN,91,Waterspout,19,19,0,0,0,0,
2024,LAKE ONTARIO,94,Marine Thunderstorm Wind,27,27,0,0,5000,0,70
2024,LAKE ONTARIO,94,Waterspout,2,2,0,0,0,0,
2024,LAKE ST CLAIR,81,Marine Thunderstorm Wind,31,31,0,0,0,0,53
2024,LAKE SUPERIOR,92,Marine Hail,4,4,0,0,0,0,1
2024,LAKE SUPERIOR,92,Marine High Wind,32,32,0,0,0,0,63
2024,LAKE SUPERIOR,92,Marine Thunderstorm Wind,35,35,0,0,0,0,52
2024,LAKE SUPERIOR,92,Waterspout,1,1,0,0,0,0,
2024,LOUISIANA,22,Astronomical Low Tide,8,8,0,0,0,0,
2024,LOUISIANA,22,Coastal Flood,7,7,0,0,0,0,
2024,LOUISIANA,22,Cold/Wind Chill,17,17,1,0,0,0,
2024,LOUISIANA,22,Drought,45,45,0,0,0,0,
2024,LOUISIANA,22,Excessive Heat,68,68,0,0,0,0,
2024,LOUISIANA,22,Flash Flood,244,244,0,1,129863000,0,
2024,LOUISIANA,22,Flood,7,7,0,0,0,0,
2024,LOUISIANA,22,Funnel Cloud,3,3,0,0,0,0,
2024,LOUISIANA,22,Hail,122,122,0,0,626000,0,3
2024,LOUISIANA,22,Heat,120,120,1,0,0,0,
2024,LOUISIANA,22,Heavy Rain,4,4,0,0,0,0,
2024,LOUISIANA,22,Hurricane (Typhoon),7,7,0,3,81000000,0,
2024,LOUISIANA,22,Lightning,5,5,0,0,435000,0,
2024,LOUISIANA,22,Storm Surge/Tide,32,32,0,0,32000,0,
2024,LOUISIANA,22,Thunderstorm Wind,425,425,4,6,3035250,72000,87
2024,LOUISIANA,22,Tornado,108,108,2,6,8102000,15000,
2024,LOUISIANA,22,Tropical Storm,32,32,0,2,8308000,1000,
2024,LOUISIANA,22,Winter Storm,14,14,0,0,0,0,
2024,LOUISIANA,22,Winter Weather,43,43,0,0,0,0,
2024,MAINE,23,Blizzard,2,2,0,0,0,0,
2024,MAINE,23,Coastal Flood,22,22,0,0,110200000,0,
2024,MAINE,23,Excessive Heat,6,6,0,0,0,0,
2024,MAINE,23,Flash Flood,22,22,0,0,670000,0,
2024,MAINE,23,Flood,36,36,0,0,0,0,
2024,MAINE,23,Hail,15,15,0,0,0,0,1.75
2024,MAINE,23,Heat,6,6,0,0,0,0,
2024,MAINE,23,Heavy Snow,51,51,0,0,0,0,
2024,MAINE,23,High Wind,32,32,0,0,0,0,70
2024,MAINE,23,Thunderstorm Wind,127,127,0,0,5000,0,61
2024,MAINE,23,Winter Storm,90,90,0,0,0,0,
2024,MAINE,23,Winter Weather,86,86,0,0,0,0,
2024,MARYLAND,24,Blizzard,1,1,0,0,0,0,
2024,MARYLAND,24,Coastal Flood,51,51,0,0,80000,0,
2024,MARYLAND,24,Cold/Wind Chill,6,6,0,0,0,0,
2024,MARYLAND,24,Dense Fog,14,14,0,0,0,0,
2024,MARYLAND,24,Excessive Heat,41,41,0,0,0,0,
2024,MARYLAND,24,Flash Flood,41,41,0,0,0,0,
2024,MARYLAND,24,Flood,30,30,0,0,0,0,
2024,MARYLAND,24,Hail,16,16,0,0,0,0,1.5
2024,MARYLAND,24,Heavy Rain,1,1,0,0,0,0,
2024,MARYLAND,24,High Wind,4,4,0,0,14000,0,50
2024,MARYLAND,24,Lightning,3,3,0,0,560000,0,
2024,MARYLAND,24,Thunderstorm Wind,202,202,1,0,2427500,0,70
2024,MARYLAND,24,Tornado,13,13,0,5,38000000,0,
2024,MARYLAND,24,Winter Storm,46,46,0,0,0,0,
2024,MARYLAND,24,Winter Weather,85,85,0,0,0,0,
2024,MASSACHUSETTS,25,Coastal Flood,18,18,0,0,0,0,
2024,MASSACHUSETTS,25,Drought,4,4,0,0,0,0,
2024,MASSACHUSETTS,25,Flash Flood,12,12,0,0,0,0,
2024,MASSACHUSETTS,25,Flood,10,10,0,0,0,0,
2024,MASSACHUSETTS,25,Hail,36,36,0,0,0,0,2
2024,MASSACHUSETTS,25,Heat,4,4,0,0,0,0,
2024,MASSACHUSETTS,25,Heavy Snow,21,21,0,0,0,0,
2024,MASSACHUSETTS,25,High Wind,30,30,0,0,24900,0,60
2024,MASSACHUSETTS,25,Lightning,5,5,0,0,25500,0,
2024,MASSACHUSETTS,25,Strong Wind,18,18,0,3,10400,0,47
2024,MASSACHUSETTS,25,Thunderstorm Wind,127,127,0,0,105000,0,87
2024,MASSACHUSETTS,25,Tornado,2,2,0,0,35000,0,
2024,MASSACHUSETTS,25,Wildfire,3,3,0,0,75000,0,
2024,MASSACHUSETTS,25,Winter Storm,1,1,0,0,0,0,
2024,MASSACHUSETTS,25,Winter Weather,23,23,0,0,0,0,
2024,MICHIGAN,26,Blizzard,4,4,0,0,15000,0,
2024,MICHIGAN,26,Cold/Wind Chill,10,10,0,0,0,0,
2024,MICHIGAN,26,Extreme Cold/Wind Chill,4,4,0,0,0,0,
2024,MICHIGAN,26,Flash Flood,6,6,0,0,101000,0,
2024,MICHIGAN,26,Flood,8,8,0,0,33500,0,
2024,MICHIGAN,26,Hail,110,110,0,0,3485000,0,4
2024,MICHIGAN,26,Heavy Rain,2,2,0,0,0,0,
2024,MICHIGAN,26,Heavy Snow,3,3,0,0,0,0,
2024,MICHIGAN,26,High Wind,15,15,0,0,84000,0,64
2024,MICHIGAN,26,Lake-Effect Snow,6,6,0,0,0,0,
2024,MICHIGAN,26,Lightning,5,5,0,7,650000,0,
2024,MICHIGAN,26,Rip Current,1,1,1,0,0,0,
2024,MICHIGAN,26,Strong Wind,10,10,0,0,44500,0,49
2024,MICHIGAN,26,Thunderstorm Wind,263,263,0,6,7707500,0,70
2024,MICHIGAN,26,Tornado,18,18,1,15,54241000,0,
2024,MICHIGAN,26,Wildfire,1,1,0,0,2000000,0,
2024,MICHIGAN,26,Winter Storm,156,156,0,1,80000,0,
2024,MICHIGAN,26,Winter Weather,79,79,0,0,0,0,
2024,MINNESOTA,27,Blizzard,9,9,0,0,0,0,
2024,MINNESOTA,27,Cold/Wind Chill,19,19,0,0,0,0,
2024,MINNESOTA,27,Dense Fog,2,2,0,3,15000,0,
2024,MINNESOTA,27,Drought,152,152,0,0,0,0,
2024,MINNESOTA,27,Excessive Heat,17,17,0,0,0,0,
2024,MINNESOTA,27,Extreme Cold/Wind Chill,45,45,0,0,0,0,
2024,MINNESOTA,27,Flash Flood,76,76,0,0,699600,7600,
2024,MINNESOTA,27,Flood,53,53,0,0,30814000,12000,
2024,MINNESOTA,27,Freezing Fog,1,1,1,1,15000,0,
2024,MINNESOTA,27,Funnel Cloud,15,15,0,0,0,0,
2024,MINNESOTA,27,Hail,336,336,0,0,385000,517000,6
2024,MINNESOTA,27,Heat,17,17,0,0,0,0,
2024,MINNESOTA,27,Heavy Rain,27,27,0,0,0,0,
2024,MINNESOTA,27,Heavy Snow,88,88,0,0,0,0,
2024,MINNESOTA,27,High Wind,20,20,0,2,30000,0,59
2024,MINNESOTA,27,Strong Wind,27,27,0,5,180000,1000,49
2024,MINNESOTA,27,Thunderstorm Wind,363,363,0,2,723500,283000,74
2024,MINNESOTA,27,Tornado,34,34,0,0,4325000,545000,
2024,MINNESOTA,27,Wildfire,1,1,0,3,0,0,
2024,MINNESOTA,27,Winter Storm,79,79,0,4,40000,0,
2024,MINNESOTA,27,Winter Weather,161,161,2,6,98000,0,
2024,MISSISSIPPI,28,Cold/Wind Chill,16,16,1,0,0,0,
2024,MISSISSIPPI,28,Dense Fog,1,1,0,21,750000,0,
2024,MISSISSIPPI,28,Drought,86,86,0,0,0,0,
2024,MISSISSIPPI,28,Excessive Heat,163,163,0,0,0,0,
2024,MISSISSIPPI,28,Extreme Cold/Wind Chill,7,7,0,0,0,0,
2024,MISSISSIPPI,28,Flash Flood,102,102,0,0,2198000,0,
2024,MISSISSIPPI,28,Flood,23,23,1,0,98000,0,
2024,MISSISSIPPI,28,Funnel Cloud,1,1,0,0,0,0,
2024,MISSISSIPPI,28,Hail,107,107,0,0,4921000,1000,2.75
2024,MISSISSIPPI,28,Heat,195,195,0,0,0,0,
2024,MISSISSIPPI,28,High Wind,5,5,0,0,65000,0,58
2024,MISSISSIPPI,28,Lightning,9,9,0,2,389000,0,
2024,MISSISSIPPI,28,Storm Surge/Tide,6,6,0,0,30000,0,
2024,MISSISSIPPI,28,Strong Wind,40,40,0,0,493500,0,45
2024,MISSISSIPPI,28,Thunderstorm Wind,419,419,4,12,13999500,59000,96
2024,MISSISSIPPI,28,Tornado,94,94,0,4,6770000,75000,
2024,MISSISSIPPI,28,Tropical Storm,16,16,0,0,300000,0,
2024,MISSISSIPPI,28,Wildfire,1,1,0,0,20000,0,
2024,MISSISSIPPI,28,Winter Storm,35,35,6,5,120000,0,
2024,MISSISSIPPI,28,Winter Weather,37,37,0,17,420000,0,
2024,MISSOURI,29,Blizzard,1,1,0,0,0,0,
2024,MISSOURI,29,Cold/Wind Chill,46,46,0,0,0,0,
2024,MISSOURI,29,Dense Fog,96,96,0,0,0,0,
2024,MISSOURI,29,Drought,117,117,0,0,0,19835000,
2024,MISSOURI,29,Excessive Heat,55,55,0,0,0,0,
2024,MISSOURI,29,Extreme Cold/Wind Chill,45,45,0,0,0,0,
2024,MISSOURI,29,Flash Flood,182,182,3,0,56382000,2000,
2024,MISSOURI,29,Flood,130,130,4,0,4672500,0,
2024,MISSOURI,29,Frost/Freeze,25,25,0,0,0,0,
2024,MISSOURI,29,Funnel Cloud,5,5,0,0,0,0,
2024,MISSOURI,29,Hail,496,496,0,0,46008250,0,4
2024,MISSOURI,29,Heat,50,50,0,0,0,0,
2024,MISSOURI,29,Heavy Rain,106,106,0,0,0,0,
2024,MISSOURI,29,Heavy Snow,7,7,0,0,0,0,
2024,MISSOURI,29,High Wind,1,1,0,0,3000,0,50
2024,MISSOURI,29,Ice Storm,4,4,0,0,0,0,
2024,MISSOURI,29,Lightning,4,4,2,1,70000,0,
2024,MISSOURI,29,Strong Wind,48,48,0,0,90000,0,48
2024,MISSOURI,29,Thunderstorm Wind,723,723,3,0,5717500,0,87
2024,MISSOURI,29,Tornado,119,119,1,8,7173000,0,
2024,MISSOURI,29,Wildfire,3,3,0,0,0,0,
2024,MISSOURI,29,Winter Storm,16,16,0,0,0,0,
2024,MISSOURI,29,Winter Weather,83,83,1,1,30000,0,
2024,MONTANA,30,Blizzard,9,9,0,0,114000,0,
2024,MONTANA,30,Cold/Wind Chill,15,15,0,0,0,0,
2024,MONTANA,30,Dense Fog,25,25,0,0,0,0,
2024,MONTANA,30,Drought,40,40,0,0,0,0,
2024,MONTANA,30,Excessive Heat,3,3,0,0,0,0,
2024,MONTANA,30,Extreme Cold/Wind Chill,29,29,0,0,0,0,
2024,MONTANA,30,Flash Flood,2,2,0,0,0,0,
2024,MONTANA,30,Flood,5,5,0,0,2574000,0,
2024,MONTANA,30,Frost/Freeze,6,6,0,0,0,0,
2024,MONTANA,30,Funnel Cloud,10,10,0,0,0,0,
2024,MONTANA,30,Hail,96,96,0,0,0,0,4
2024,MONTANA,30,Heat,7,7,0,0,0,0,
2024,MONTANA,30,Heavy Snow,88,88,1,0,5000,0,
2024,MONTANA,30,High Wind,435,435,0,0,20000,0,83
2024,MONTANA,30,Ice Storm,8,8,0,10,0,0,
2024,MONTANA,30,Strong Wind,8,8,0,0,58500,0,49
2024,MONTANA,30,Thunderstorm Wind,299,299,0,3,4260000,20000,72
2024,MONTANA,30,Tornado,4,4,0,0,0,0,
2024,MONTANA,30,Wildfire,24,24,0,0,0,0,
2024,MONTANA,30,Winter Storm,80,80,0,0,620000,0,
2024,MONTANA,30,Winter Weather,46,46,0,0,388000,0,
2024,NEBRASKA,31,Blizzard,38,38,1,1,7500000,0,
2024,NEBRASKA,31,Cold/Wind Chill,5,5,1,0,0,0,
2024,NEBRASKA,31,Drought,161,161,0,0,0,0,
2024,NEBRASKA,31,Dust Storm,1,1,0,0,0,0,
2024,NEBRASKA,31,Excessive Heat,48,48,0,21,0,0,
2024,NEBRASKA,31,Extreme Cold/Wind Chill,101,101,0,24,0,0,
2024,NEBRASKA,31,Flash Flood,60,60,0,0,6802000,29575000,
2024,NEBRASKA,31,Flood,35,35,0,0,3195000,4275000,
2024,NEBRASKA,31,Funnel Cloud,26,26,0,0,0,0,
2024,NEBRASKA,31,Hail,510,510,0,1,66353000,129045000,4.5
2024,NEBRASKA,31,Heat,13,13,0,57,0,0,
2024,NEBRASKA,31,Heavy Rain,3,3,0,0,0,0,
2024,NEBRASKA,31,Heavy Snow,4,4,0,0,0,0,
2024,NEBRASKA,31,High Wind,93,93,0,0,0,0,78
2024,NEBRASKA,31,Lightning,2,2,0,0,127000,0,
2024,NEBRASKA,31,Strong Wind,1,1,0,0,0,0,40
2024,NEBRASKA,31,Thunderstorm Wind,599,599,0,1,70615500,21534000,103
2024,NEBRASKA,31,Tornado,115,115,0,8,14782000,7250000,
2024,NEBRASKA,31,Wildfire,5,5,1,0,1551000,787000,
2024,NEBRASKA,31,Winter Storm,138,138,0,2,0,0,
2024,NEBRASKA,31,Winter Weather,82,82,0,0,0,0,
2024,NEVADA,32,Avalanche,1,1,0,1,50000,0,
2024,NEVADA,32,Debris Flow,1,1,0,0,0,0,
2024,NEVADA,32,Dust Devil,3,3,0,1,11000,0,
2024,NEVADA,32,Excessive Heat,38,38,115,0,0,0,
2024,NEVADA,32,Flash Flood,4,4,0,0,1000,0,
2024,NEVADA,32,Flood,5,5,0,0,1000,0,
2024,NEVADA,32,Funnel Cloud,1,1,0,0,0,0,
2024,NEVADA,32,Hail,2,2,0,0,1000,0,0.75
2024,NEVADA,32,Heat,11,11,46,0,0,0,
2024,NEVADA,32,Heavy Rain,19,19,0,0,0,0,
2024,NEVADA,32,Heavy Snow,103,103,0,0,0,0,
2024,NEVADA,32,High Wind,245,245,0,0,117000,0,106
2024,NEVADA,32,Lightning,1,1,0,0,0,2500000,
2024,NEVADA,32,Thunderstorm Wind,41,41,1,0,15000,0,86
2024,NEVADA,32,Wildfire,1,1,0,0,0,0,
2024,NEVADA,32,Winter Weather,14,14,0,0,0,0,
2024,NEW HAMPSHIRE,33,Coastal Flood,3,3,0,0,45000000,0,
2024,NEW HAMPSHIRE,33,Excessive Heat,7,7,0,0,0,0,
2024,NEW HAMPSHIRE,33,Flash Flood,40,40,0,0,205000,0,
2024,NEW HAMPSHIRE,33,Flood,1,1,0,0,0,0,
2024,NEW HAMPSHIRE,33,Hail,35,35,0,0,8000,0,1.75
2024,NEW HAMPSHIRE,33,High Wind,1,1,0,0,0,0,54
2024,NEW HAMPSHIRE,33,Thunderstorm Wind,109,109,0,0,1045000,0,83
2024,NEW HAMPSHIRE,33,Tornado,2,2,0,0,81000,0,
2024,NEW HAMPSHIRE,33,Winter Storm,51,51,1,0,0,0,
2024,NEW HAMPSHIRE,33,Winter Weather,14,14,0,0,0,0,
2024,NEW JERSEY,34,Astronomical Low Tide,1,1,0,0,0,0,
2024,NEW JERSEY,34,Coastal Flood,77,77,0,0,0,0,
2024,NEW JERSEY,34,Dense Fog,68,68,0,0,0,0,
2024,NEW JERSEY,34,Excessive Heat,76,76,0,0,0,0,
2024,NEW JERSEY,34,Flash Flood,62,62,0,0,110000,0,
2024,NEW JERSEY,34,Flood,3,3,0,0,0,0,
2024,NEW JERSEY,34,Hail,6,6,0,0,0,0,1
2024,NEW JERSEY,34,Heavy Snow,7,7,0,0,0,0,
2024,NEW JERSEY,34,High Wind,33,33,0,1,0,0,63
2024,NEW JERSEY,34,Lightning,3,3,1,0,20000,0,
2024,NEW JERSEY,34,Thunderstorm Wind,262,262,1,1,125500,0,61
2024,NEW JERSEY,34,Tornado,1,1,0,0,0,0,
2024,NEW JERSEY,34,Winter Storm,20,20,0,0,0,0,
2024,NEW JERSEY,34,Winter Weather,100,100,0,0,0,0,
2024,NEW MEXICO,35,Blizzard,9,9,1,2,4500000,0,
2024,NEW MEXICO,35,Debris Flow,6,6,0,0,10502000,0,
2024,NEW MEXICO,35,Drought,375,375,0,0,0,0,
2024,NEW MEXICO,35,Dust Storm,15,15,1,54,600000,0,
2024,NEW MEXICO,35,Flash Flood,90,90,4,1,517275000,0,
2024,NEW MEXICO,35,Flood,5,5,0,0,0,0,
2024,NEW MEXICO,35,Hail,98,98,0,0,9500,0,3
2024,NEW MEXICO,35,Heavy Snow,95,95,0,0,65000,0,
2024,NEW MEXICO,35,High Wind,229,229,0,0,219000,0,83
2024,NEW MEXICO,35,Lightning,1,1,0,0,50000,0,
2024,NEW MEXICO,35,Strong Wind,2,2,0,0,1000,0,41
2024,NEW MEXICO,35,Thunderstorm Wind,112,112,0,10,5942500,0,87
2024,NEW MEXICO,35,Tornado,12,12,0,0,10000,0,
2024,NEW MEXICO,35,Wildfire,13,13,2,0,23000000,0,
2024,NEW MEXICO,35,Winter Storm,4,4,0,0,0,0,
2024,NEW MEXICO,35,Winter Weather,2,2,2,0,0,0,
2024,NEW YORK,36,Astronomical Low Tide,1,1,0,0,10000000,0,
2024,NEW YORK,36,Coastal Flood,24,24,0,0,0,0,
2024,NEW YORK,36,Drought,20,20,0,0,0,0,
2024,NEW YORK,36,Flash Flood,208,208,0,0,73664000,0,
2024,NEW YORK,36,Flood,30,30,0,0,2506000,0,
2024,NEW YORK,36,Frost/Freeze,5,5,0,0,0,0,
2024,NEW YORK,36,Funnel Cloud,10,10,0,0,0,0,
2024,NEW YORK,36,Hail,54,54,0,0,0,0,2.5
2024,NEW YORK,36,Heat,132,132,0,0,0,0,
2024,NEW YORK,36,Heavy Rain,3,3,0,0,0,0,
2024,NEW YORK,36,Heavy Snow,84,84,0,0,0,0,
2024,NEW YORK,36,High Wind,131,131,1,1,1119000,0,74
2024,NEW YORK,36,Lake-Effect Snow,57,57,0,0,0,0,
2024,NEW YORK,36,Lakeshore Flood,1,1,0,0,0,0,
2024,NEW YORK,36,Lightning,4,4,0,1,110000,2000,
2024,NEW YORK,36,Rip Current,3,3,5,0,0,0,
2024,NEW YORK,36,Strong Wind,87,87,0,0,80000,18000,48
2024,NEW YORK,36,Thunderstorm Wind,1021,1021,2,8,2782450,2000,87
2024,NEW YORK,36,Tornado,33,33,1,1,4213500,0,
2024,NEW YORK,36,Wildfire,1,1,0,1,20000,0,
2024,NEW YORK,36,Winter Storm,76,76,0,0,0,0,
2024,NEW YORK,36,Winter Weather,283,283,1,0,0,0,
2024,NORTH CAROLINA,37,Coastal Flood,6,6,0,0,0,0,
2024,NORTH CAROLINA,37,Cold/Wind Chill,34,34,0,0,0,0,
2024,NORTH CAROLINA,37,Debris Flow,2,2,13,0,1000500,0,
2024,NORTH CAROLINA,37,Drought,6,6,0,0,0,0,
2024,NORTH CAROLINA,37,Excessive Heat,26,26,0,0,0,0,
2024,NORTH CAROLINA,37,Flash Flood,367,367,67,4,1934510500,0,
2024,NORTH CAROLINA,37,Flood,71,71,2,0,27154000,0,
2024,NORTH CAROLINA,37,Funnel Cloud,2,2,0,0,0,0,
2024,NORTH CAROLINA,37,Hail,104,104,0,0,22000,0,4
2024,NORTH CAROLINA,37,Heavy Rain,22,22,0,0,0,0,
2024,NORTH CAROLINA,37,Heavy Snow,5,5,0,0,0,0,
2024,NORTH CAROLINA,37,High Wind,41,41,2,0,39954500,0,79
2024,NORTH CAROLINA,37,Lightning,2,2,0,0,20000,0,
2024,NORTH CAROLINA,37,Rip Current,6,6,3,0,0,0,
2024,NORTH CAROLINA,37,Strong Wind,15,15,1,0,466500,1000,45
2024,NORTH CAROLINA,37,Thunderstorm Wind,696,696,2,4,2351900,124000,70
2024,NORTH CAROLINA,37,Tornado,49,49,2,21,5579000,3000,
2024,NORTH CAROLINA,37,Tropical Storm,35,35,6,0,127000000,0,
2024,NORTH CAROLINA,37,Winter Storm,4,4,0,0,0,0,
2024,NORTH CAROLINA,37,Winter Weather,77,77,0,0,10000,0,
2024,NORTH DAKOTA,38,Blizzard,25,25,0,0,0,0,
2024,NORTH DAKOTA,38,Cold/Wind Chill,36,36,0,0,0,0,
2024,NORTH DAKOTA,38,Drought,75,75,0,0,0,0,
2024,NORTH DAKOTA,38,Extreme Cold/Wind Chill,35,35,0,0,0,0,
2024,NORTH DAKOTA,38,Flash Flood,6,6,0,0,8562000,151500,
2024,NORTH DAKOTA,38,Flood,5,5,0,0,27000,1500,
2024,NORTH DAKOTA,38,Funnel Cloud,20,20,0,0,0,0,
2024,NORTH DAKOTA,38,Hail,174,174,0,0,15035000,1295000,4.5
2024,NORTH DAKOTA,38,Heavy Snow,75,75,0,0,0,0,
2024,NORTH DAKOTA,38,High Wind,72,72,0,0,0,0,66
2024,NORTH DAKOTA,38,Lightning,1,1,0,3,1000,0,
2024,NORTH DAKOTA,38,Strong Wind,2,2,0,0,0,0,48
2024,NORTH DAKOTA,38,Thunderstorm Wind,167,167,0,0,3536000,756250,87
2024,NORTH DAKOTA,38,Tornado,14,14,0,0,649000,25000,
2024,NORTH DAKOTA,38,Wildfire,2,2,2,8,19000000,13000000,
2024,NORTH DAKOTA,38,Winter Storm,1,1,0,0,0,0,
2024,NORTH DAKOTA,38,Winter Weather,7,7,0,0,0,0,
2024,OHIO,39,Cold/Wind Chill,1,1,1,0,0,0,
2024,OHIO,39,Drought,87,87,0,0,0,0,
2024,OHIO,39,Extreme Cold/Wind Chill,7,7,0,0,0,0,
2024,OHIO,39,Flash Flood,116,116,1,0,5017750,2000,
2024,OHIO,39,Flood,123,123,1,0,138450,5000,
2024,OHIO,39,Funnel Cloud,3,3,0,0,0,0,
2024,OHIO,39,Hail,194,194,0,0,4000,0,3
2024,OHIO,39,Heavy Snow,1,1,0,0,0,0,
2024,OHIO,39,High Wind,42,42,0,0,175000,0,58
2024,OHIO,39,Lake-Effect Snow,20,20,0,0,1900000,0,
2024,OHIO,39,Rip Current,1,1,1,0,0,0,
2024,OHIO,39,Strong Wind,47,47,0,0,83550,0,48
2024,OHIO,39,Thunderstorm Wind,639,639,1,5,5113500,0,87
2024,OHIO,39,Tornado,90,90,3,43,24239000,150000,
2024,OHIO,39,Winter Storm,25,25,0,0,0,0,
2024,OHIO,39,Winter Weather,65,65,0,0,0,0,
2024,OKLAHOMA,40,Blizzard,2,2,0,0,0,0,
2024,OKLAHOMA,40,Cold/Wind Chill,78,78,0,0,0,0,
2024,OKLAHOMA,40,Dense Fog,1,1,0,10,50000,0,
2024,OKLAHOMA,40,Drought,193,193,0,0,0,0,
2024,OKLAHOMA,40,Excessive Heat,567,567,0,57,0,0,
2024,OKLAHOMA,40,Extreme Cold/Wind Chill,9,9,0,0,0,0,
2024,OKLAHOMA,40,Flash Flood,87,87,0,0,270000,0,
2024,OKLAHOMA,40,Flood,12,12,3,0,50000,0,
2024,OKLAHOMA,40,Frost/Freeze,1,1,0,0,0,0,
2024,OKLAHOMA,40,Funnel Cloud,1,1,0,0,0,0,
2024,OKLAHOMA,40,Hail,765,765,0,0,5955000,0,6
2024,OKLAHOMA,40,Heat,912,912,0,0,0,0,
2024,OKLAHOMA,40,Heavy Rain,1,1,0,0,0,0,
2024,OKLAHOMA,40,Heavy Snow,10,10,0,0,0,0,
2024,OKLAHOMA,40,High Wind,59,59,0,0,35000,0,78
2024,OKLAHOMA,40,Ice Storm,2,2,0,0,0,0,
2024,OKLAHOMA,40,Lightning,5,5,0,0,450000,0,
2024,OKLAHOMA,40,Strong Wind,2,2,0,0,0,0,43
2024,OKLAHOMA,40,Thunderstorm Wind,536,536,1,5,3589500,0,91
2024,OKLAHOMA,40,Tornado,178,178,8,135,331284000,0,
2024,OKLAHOMA,40,Wildfire,41,41,0,2,24637860,0,
2024,OKLAHOMA,40,Winter Storm,15,15,0,0,15000,0,
2024,OKLAHOMA,40,Winter Weather,27,27,0,3,5000,0,
2024,OREGON,41,Blizzard,4,4,0,0,20000,0,
2024,OREGON,41,Dust Devil,1,1,0,0,0,0,
2024,OREGON,41,Excessive Heat,16,16,4,0,0,0,
2024,OREGON,41,Flood,12,12,0,0,0,0,
2024,OREGON,41,Frost/Freeze,61,61,0,0,0,0,
2024,OREGON,41,Funnel Cloud,2,2,0,0,0,0,
2024,OREGON,41,Hail,9,9,0,0,0,0,1.5
2024,OREGON,41,Heat,3,3,12,0,0,0,
2024,OREGON,41,Heavy Rain,8,8,0,0,75000,0,
2024,OREGON,41,Heavy Snow,76,76,0,0,0,0,
2024,OREGON,41,High Surf,11,11,0,0,0,0,
2024,OREGON,41,High Wind,64,64,0,0,8000,0,82
2024,OREGON,41,Ice Storm,20,20,6,0,37333000,0,
2024,OREGON,41,Sneakerwave,12,12,0,0,0,0,
2024,OREGON,41,Strong Wind,4,4,0,0,0,0,49
2024,OREGON,41,Thunderstorm Wind,21,21,0,0,228500,0,79
2024,OREGON,41,Tornado,3,3,0,0,18400,0,
2024,OREGON,41,Wildfire,28,28,0,0,4300000,0,
2024,OREGON,41,Winter Storm,73,73,9,16,10250000,0,
2024,OREGON,41,Winter Weather,3,3,1,1,50000,0,
2024,PENNSYLVANIA,42,Coastal Flood,15,15,0,0,0,0,
2024,PENNSYLVANIA,42,Cold/Wind Chill,1,1,1,0,0,0,
2024,PENNSYLVANIA,42,Dense Fog,62,62,0,0,0,0,
2024,PENNSYLVANIA,42,Drought,55,55,0,0,0,0,
2024,PENNSYLVANIA,42,Excessive Heat,39,39,0,0,0,0,
2024,PENNSYLVANIA,42,Flash Flood,165,165,0,0,2416000,82000,
2024,PENNSYLVANIA,42,Flood,44,44,0,0,267000,13000,
2024,PENNSYLVANIA,42,Funnel Cloud,4,4,0,0,0,0,
2024,PENNSYLVANIA,42,Hail,209,209,0,0,3000,0,2
2024,PENNSYLVANIA,42,Heavy Snow,62,62,0,0,201000,0,
2024,PENNSYLVANIA,42,High Wind,29,29,0,3,2195000,0,70
2024,PENNSYLVANIA,42,Lake-Effect Snow,32,32,0,1,3650000,0,
2024,PENNSYLVANIA,42,Lightning,8,8,0,1,147000,0,
2024,PENNSYLVANIA,42,Strong Wind,37,37,2,0,197500,0,48
2024,PENNSYLVANIA,42,Thunderstorm Wind,971,971,0,4,44479650,1000000,91
2024,PENNSYLVANIA,42,Tornado,24,24,0,0,2343000,0,
2024,PENNSYLVANIA,42,Wildfire,1,1,0,3,2000000,0,
2024,PENNSYLVANIA,42,Winter Storm,57,57,0,0,0,0,
2024,PENNSYLVANIA,42,Winter Weather,166,166,1,18,105000,0,
2024,PUERTO RICO,99,Coastal Flood,8,8,0,0,21700,0,
2024,PUERTO RICO,99,Debris Flow,78,78,0,0,397500,0,
2024,PUERTO RICO,99,Excessive Heat,158,158,0,0,0,0,
2024,PUERTO RICO,99,Flash Flood,189,189,2,9,984100,0,
2024,PUERTO RICO,99,Flood,207,207,0,0,332300,0,
2024,PUERTO RICO,99,Funnel Cloud,3,3,0,0,0,0,
2024,PUERTO RICO,99,Hail,6,6,0,0,2300,0,0.25
2024,PUERTO RICO,99,Heavy Rain,2,2,0,0,5500,0,
2024,PUERTO RICO,99,High Surf,4,4,0,0,93500,0,
2024,PUERTO RICO,99,Lightning,8,8,0,3,12100,0,
2024,PUERTO RICO,99,Rip Current,16,16,17,17,0,0,
2024,PUERTO RICO,99,Strong Wind,1,1,0,0,15000,0,40
2024,PUERTO RICO,99,Thunderstorm Wind,35,35,0,0,241900,1000,52
2024,PUERTO RICO,99,Tornado,1,1,0,0,7500,0,
2024,PUERTO RICO,99,Tropical Storm,29,29,0,0,0,0,
2024,PUERTO RICO,99,Wildfire,1,1,0,2,0,0,
2024,RHODE ISLAND,44,Coastal Flood,2,2,0,0,0,0,
2024,RHODE ISLAND,44,Flash Flood,9,9,0,0,0,0,
2024,RHODE ISLAND,44,Flood,7,7,0,0,0,0,
2024,RHODE ISLAND,44,Hail,8,8,0,0,0,0,1.5
2024,RHODE ISLAND,44,Heavy Snow,9,9,0,0,0,0,
2024,RHODE ISLAND,44,High Wind,9,9,0,0,15000,0,57
2024,RHODE ISLAND,44,Strong Wind,1,1,0,0,500,0,46
2024,RHODE ISLAND,44,Thunderstorm Wind,11,11,0,0,10300,0,50
2024,RHODE ISLAND,44,Tornado,1,1,0,0,30000,0,
2024,SOUTH CAROLINA,45,Coastal Flood,13,13,0,0,0,0,
2024,SOUTH CAROLINA,45,Cold/Wind Chill,6,6,0,0,0,0,
2024,SOUTH CAROLINA,45,Dense Fog,1,1,0,3,0,0,
2024,SOUTH CAROLINA,45,Excessive Heat,1,1,1,0,0,0,
2024,SOUTH CAROLINA,45,Flash Flood,191,191,2,0,2723000,400,
2024,SOUTH CAROLINA,45,Flood,27,27,2,0,230000,0,
2024,SOUTH CAROLINA,45,Funnel Cloud,2,2,0,0,0,0,
2024,SOUTH CAROLINA,45,Hail,129,129,0,0,25003000,3000,2.75
2024,SOUTH CAROLINA,45,Heavy Rain,4,4,0,0,0,0,
2024,SOUTH CAROLINA,45,High Wind,18,18,0,0,20000,0,60
2024,SOUTH CAROLINA,45,Lightning,9,9,0,0,107000,0,
2024,SOUTH CAROLINA,45,Rip Current,7,7,4,1,0,0,
2024,SOUTH CAROLINA,45,Strong Wind,112,112,0,6,80000,0,48
2024,SOUTH CAROLINA,45,Thunderstorm Wind,491,491,0,3,2385550,87800,80
2024,SOUTH CAROLINA,45,Tornado,57,57,0,3,2052000,0,
2024,SOUTH CAROLINA,45,Tropical Storm,59,59,35,1,316563000,124000000,
2024,SOUTH DAKOTA,46,Blizzard,12,12,0,0,0,0,
2024,SOUTH DAKOTA,46,Cold/Wind Chill,24,24,0,0,0,0,
2024,SOUTH DAKOTA,46,Dense Fog,1,1,1,0,0,0,
2024,SOUTH DAKOTA,46,Drought,98,98,0,0,0,0,
2024,SOUTH DAKOTA,46,Excessive Heat,103,103,0,0,0,24000,
2024,SOUTH DAKOTA,46,Extreme Cold/Wind Chill,78,78,1,0,0,0,
2024,SOUTH DAKOTA,46,Flash Flood,40,40,0,0,367000,12000,
2024,SOUTH DAKOTA,46,Flood,105,105,1,0,101126000,15000,
2024,SOUTH DAKOTA,46,Funnel Cloud,6,6,0,0,0,0,
2024,SOUTH DAKOTA,46,Hail,317,317,0,0,40000,26000,4.25
2024,SOUTH DAKOTA,46,Heat,45,45,0,0,0,0,
2024,SOUTH DAKOTA,46,Heavy Snow,30,30,0,0,0,0,
2024,SOUTH DAKOTA,46,High Wind,224,224,0,1,0,12000,69
2024,SOUTH DAKOTA,46,Strong Wind,105,105,0,0,0,27000,49
2024,SOUTH DAKOTA,46,Thunderstorm Wind,501,501,2,2,117000,105000,95
2024,SOUTH DAKOTA,46,Tornado,7,7,0,0,30000,0,
2024,SOUTH DAKOTA,46,Wildfire,3,3,0,0,0,0,
2024,SOUTH DAKOTA,46,Winter Storm,52,52,0,0,0,0,
2024,SOUTH DAKOTA,46,Winter Weather,185,185,1,1,0,0,
2024,ST LAWRENCE R,93,Marine Thunderstorm Wind,3,3,0,0,1000,0,52
2024,TENNESSEE,47,Astronomical Low Tide,1,1,0,0,0,0,
2024,TENNESSEE,47,Cold/Wind Chill,17,17,3,0,0,0,
2024,TENNESSEE,47,Debris Flow,3,3,0,0,0,0,
2024,TENNESSEE,47,Drought,244,244,0,0,0,0,
2024,TENNESSEE,47,Excessive Heat,123,123,0,0,0,0,
2024,TENNESSEE,47,Extreme Cold/Wind Chill,20,20,4,0,0,0,
2024,TENNESSEE,47,Flash Flood,101,101,15,0,134801000,0,
2024,TENNESSEE,47,Flood,24,24,3,0,33744300,0,
2024,TENNESSEE,47,Frost/Freeze,8,8,0,0,0,0,
2024,TENNESSEE,47,Funnel Cloud,8,8,0,0,0,0,
2024,TENNESSEE,47,Hail,169,169,0,0,200500,0,3
2024,TENNESSEE,47,Heat,146,146,0,0,0,0,
2024,TENNESSEE,47,Heavy Snow,72,72,9,1,0,0,
2024,TENNESSEE,47,High Wind,59,59,1,1,0,5250000,91
2024,TENNESSEE,47,Lightning,14,14,3,6,1452000,0,
2024,TENNESSEE,47,Strong Wind,25,25,2,0,309000,0,48
2024,TENNESSEE,47,Thunderstorm Wind,504,504,1,3,7995100,0,81
2024,TENNESSEE,47,Tornado,23,23,1,13,16108000,0,
2024,TENNESSEE,47,Winter Storm,29,29,6,0,0,0,
2024,TENNESSEE,47,Winter Weather,87,87,4,0,0,0,
2024,TEXAS,48,Astronomical Low Tide,2,2,0,0,0,0,
2024,TEXAS,48,Blizzard,8,8,0,0,0,0,
2024,TEXAS,48,Coastal Flood,16,16,0,0,1000,0,
2024,TEXAS,48,Cold/Wind Chill,122,122,0,0,0,0,
2024,TEXAS,48,Dense Fog,2,2,2,1,50000,0,
2024,TEXAS,48,Drought,449,449,0,0,0,0,
2024,TEXAS,48,Dust Storm,6,6,0,0,50000,0,
2024,TEXAS,48,Excessive Heat,336,336,3,16,0,0,
2024,TEXAS,48,Extreme Cold/Wind Chill,47,47,0,0,0,0,
2024,TEXAS,48,Flash Flood,539,539,5,0,9586000,0,
2024,TEXAS,48,Flood,40,40,2,0,16828000,0,
2024,TEXAS,48,Frost/Freeze,47,47,0,0,0,0,
2024,TEXAS,48,Funnel Cloud,17,17,0,0,0,0,
2024,TEXAS,48,Hail,1588,1588,0,0,52205000,0,7.02
2024,TEXAS,48,Heat,828,828,4,76,0,0,
2024,TEXAS,48,Heavy Rain,3,3,0,0,0,0,
2024,TEXAS,48,Heavy Snow,3,3,0,0,0,0,
2024,TEXAS,48,High Wind,318,318,0,0,861000,0,78
2024,TEXAS,48,Ice Storm,11,11,1,1,0,0,
2024,TEXAS,48,Lightning,18,18,3,2,2170400,0,
2024,TEXAS,48,Rip Current,3,3,3,0,0,0,
2024,TEXAS,48,Storm Surge/Tide,5,5,0,0,2502000,0,
2024,TEXAS,48,Strong Wind,7,7,0,0,0,0,48
2024,TEXAS,48,Thunderstorm Wind,988,988,11,37,124039350,50000,104
2024,TEXAS,48,Tornado,149,149,9,153,40180500,23000,
2024,TEXAS,48,Tropical Storm,7,7,0,0,5000,5000,
2024,TEXAS,48,Wildfire,37,37,2,0,310450000,0,
2024,TEXAS,48,Winter Storm,35,35,0,0,40000,0,
2024,TEXAS,48,Winter Weather,47,47,0,0,0,0,
2024,UTAH,49,Avalanche,10,10,4,6,5000,0,
2024,UTAH,49,Debris Flow,1,1,0,0,0,0,
2024,UTAH,49,Dense Fog,4,4,0,0,0,0,
2024,UTAH,49,Dust Storm,1,1,0,0,0,0,
2024,UTAH,49,Excessive Heat,2,2,2,2,0,0,
2024,UTAH,49,Flash Flood,52,52,2,2,147000,0,
2024,UTAH,49,Flood,5,5,0,0,45000,0,
2024,UTAH,49,Frost/Freeze,5,5,0,0,0,0,
2024,UTAH,49,Funnel Cloud,1,1,0,0,0,0,
2024,UTAH,49,Hail,34,34,0,0,191000,0,1.75
2024,UTAH,49,Heavy Snow,49,49,0,0,1000000,0,
2024,UTAH,49,High Wind,51,51,0,0,55500,0,80
2024,UTAH,49,Lightning,1,1,1,2,0,0,
2024,UTAH,49,Strong Wind,5,5,3,0,4500,0,39
2024,UTAH,49,Thunderstorm Wind,229,229,1,0,257000,0,83
2024,UTAH,49,Tornado,2,2,0,0,0,0,
2024,UTAH,49,Wildfire,7,7,0,0,0,22950000,
2024,UTAH,49,Winter Storm,22,22,0,0,0,0,
2024,UTAH,49,Winter Weather,43,43,3,7,1662500,0,
2024,VERMONT,50,Drought,6,6,0,0,0,0,
2024,VERMONT,50,Flash Flood,39,39,3,0,24200000,0,
2024,VERMONT,50,Hail,6,6,0,0,0,0,1.25
2024,VERMONT,50,Heat,4,4,0,0,0,0,
2024,VERMONT,50,Heavy Snow,5,5,0,0,0,0,
2024,VERMONT,50,High Wind,22,22,0,0,1350000,0,63
2024,VERMONT,50,Lightning,1,1,0,0,25000,0,
2024,VERMONT,50,Strong Wind,49,49,0,0,675000,0,49
2024,VERMONT,50,Thunderstorm Wind,56,56,0,0,311000,0,83
2024,VERMONT,50,Winter Storm,70,70,0,0,0,0,
2024,VERMONT,50,Winter Weather,92,92,0,0,0,0,
2024,VIRGIN ISLANDS,96,Coastal Flood,7,7,0,0,0,0,
2024,VIRGIN ISLANDS,96,Drought,2,2,0,0,0,0,
2024,VIRGIN ISLANDS,96,Excessive Heat,14,14,0,0,0,0,
2024,VIRGIN ISLANDS,96,Flash Flood,4,4,0,0,17000,0,
2024,VIRGINIA,51,Avalanche,1,1,0,0,0,0,
2024,VIRGINIA,51,Coastal Flood,30,30,0,0,0,0,
2024,VIRGINIA,51,Cold/Wind Chill,8,8,0,0,0,0,
2024,VIRGINIA,51,Debris Flow,1,1,0,0,5000,0,
2024,VIRGINIA,51,Drought,16,16,0,0,0,0,
2024,VIRGINIA,51,Excessive Heat,22,22,0,0,0,0,
2024,VIRGINIA,51,Flash Flood,281,281,2,0,135656500,71450000,
2024,VIRGINIA,51,Flood,169,169,0,0,17643000,0,
2024,VIRGINIA,51,Funnel Cloud,2,2,0,0,0,0,
2024,VIRGINIA,51,Hail,81,81,0,0,108540,0,2.5
2024,VIRGINIA,51,Heavy Rain,150,150,0,0,0,0,
2024,VIRGINIA,51,Heavy Snow,16,16,0,0,0,0,
2024,VIRGINIA,51,High Wind,82,82,3,5,64567500,107067000,83
2024,VIRGINIA,51,Lightning,7,7,0,0,58000,0,
2024,VIRGINIA,51,Strong Wind,33,33,0,0,169000,0,40
2024,VIRGINIA,51,Thunderstorm Wind,732,732,2,5,3698550,129500,78
2024,VIRGINIA,51,Tornado,14,14,0,6,3718670,30000,
2024,VIRGINIA,51,Wildfire,3,3,0,0,1554000,0,
2024,VIRGINIA,51,Winter Storm,21,21,0,0,0,0,
2024,VIRGINIA,51,Winter Weather,143,143,0,0,0,0,
2024,WASHINGTON,53,Avalanche,1,1,1,0,0,0,
2024,WASHINGTON,53,Blizzard,4,4,0,0,20000,0,
2024,WASHINGTON,53,Coastal Flood,4,4,0,0,0,0,
2024,WASHINGTON,53,Cold/Wind Chill,9,9,5,0,0,0,
2024,WASHINGTON,53,Debris Flow,1,1,0,0,500,0,
2024,WASHINGTON,53,Dust Storm,3,3,0,0,0,0,
2024,WASHINGTON,53,Excessive Heat,3,3,4,0,2000,0,
2024,WASHINGTON,53,Flash Flood,2,2,0,0,103900,0,
2024,WASHINGTON,53,Flood,2,2,0,0,0,0,
2024,WASHINGTON,53,Freezing Fog,1,1,1,0,5000,0,
2024,WASHINGTON,53,Frost/Freeze,22,22,0,0,0,0,
2024,WASHINGTON,53,Funnel Cloud,3,3,0,0,0,0,
2024,WASHINGTON,53,Hail,2,2,0,0,0,2000,1
2024,WASHINGTON,53,Heat,17,17,0,0,0,0,
2024,WASHINGTON,53,Heavy Rain,4,4,0,0,0,0,
2024,WASHINGTON,53,Heavy Snow,90,90,0,0,2000,0,
2024,WASHINGTON,53,High Wind,49,49,2,0,5500,0,72
2024,WASHINGTON,53,Ice Storm,20,20,0,0,0,0,
2024,WASHINGTON,53,Lightning,2,2,0,0,2000,0,
2024,WASHINGTON,53,Strong Wind,7,7,2,0,18000,0,47
2024,WASHINGTON,53,Thunderstorm Wind,42,42,0,0,47500,0,67
2024,WASHINGTON,53,Tornado,4,4,0,0,0,0,
2024,WASHINGTON,53,Wildfire,25,25,0,0,548442000,0,
2024,WASHINGTON,53,Winter Storm,9,9,0,0,50000,0,
2024,WASHINGTON,53,Winter Weather,34,34,1,9,278000,0,
2024,WEST VIRGINIA,54,Blizzard,6,6,0,0,0,0,
2024,WEST VIRGINIA,54,Cold/Wind Chill,18,18,0,0,0,0,
2024,WEST VIRGINIA,54,Drought,210,210,0,0,0,0,
2024,WEST VIRGINIA,54,Excessive Heat,5,5,0,0,0,0,
2024,WEST VIRGINIA,54,Flash Flood,122,122,0,0,8693500,33000,
2024,WEST VIRGINIA,54,Flood,103,103,3,0,1191000,10000,
2024,WEST VIRGINIA,54,Hail,49,49,0,0,3000,0,1.75
2024,WEST VIRGINIA,54,Heavy Rain,2,2,0,0,0,0,
2024,WEST VIRGINIA,54,Heavy Snow,79,79,0,0,0,0,
2024,WEST VIRGINIA,54,High Wind,43,43,0,1,5518500,0,65
2024,WEST VIRGINIA,54,Ice Storm,1,1,0,0,0,0,
2024,WEST VIRGINIA,54,Lightning,1,1,0,0,3000,0,
2024,WEST VIRGINIA,54,Strong Wind,187,187,0,1,444800,0,49
2024,WEST VIRGINIA,54,Thunderstorm Wind,481,481,0,2,2170650,1000,96
2024,WEST VIRGINIA,54,Tornado,21,21,0,3,1413000,0,
2024,WEST VIRGINIA,54,Wildfire,1,1,0,0,0,0,
2024,WEST VIRGINIA,54,Winter Storm,52,52,0,0,0,0,
2024,WEST VIRGINIA,54,Winter Weather,194,194,0,0,3000,0,
2024,WISCONSIN,55,Cold/Wind Chill,46,46,8,0,0,0,
2024,WISCONSIN,55,Debris Flow,1,1,0,0,1000,0,
2024,WISCONSIN,55,Dense Fog,1,1,0,2,10000,0,
2024,WISCONSIN,55,Drought,112,112,0,0,0,0,
2024,WISCONSIN,55,Excessive Heat,36,36,0,0,0,0,
2024,WISCONSIN,55,Extreme Cold/Wind Chill,7,7,0,0,0,0,
2024,WISCONSIN,55,Flash Flood,49,49,0,1,1634000,136000,
2024,WISCONSIN,55,Flood,47,47,0,0,796000,80000,
2024,WISCONSIN,55,Funnel Cloud,4,4,0,0,0,0,
2024,WISCONSIN,55,Hail,225,225,0,0,549000,1278000,3
2024,WISCONSIN,55,Heat,6,6,0,0,0,0,
2024,WISCONSIN,55,Heavy Rain,1,1,0,0,0,0,
2024,WISCONSIN,55,Heavy Snow,24,24,0,0,0,0,
2024,WISCONSIN,55,High Wind,1,1,0,0,0,0,52
2024,WISCONSIN,55,Ice Storm,1,1,0,0,0,0,
2024,WISCONSIN,55,Lightning,1,1,0,0,20000,0,
2024,WISCONSIN,55,Rip Current,1,1,1,1,0,0,
2024,WISCONSIN,55,Thunderstorm Wind,342,342,0,2,2775000,616000,87
2024,WISCONSIN,55,Tornado,55,55,0,1,39451000,118000,
2024,WISCONSIN,55,Winter Storm,144,144,0,0,555000,0,
2024,WISCONSIN,55,Winter Weather,176,176,1,6,32000,0,
2024,WYOMING,56,Avalanche,2,2,2,1,0,0,
2024,WYOMING,56,Blizzard,1,1,0,0,0,0,
2024,WYOMING,56,Dense Fog,1,1,0,0,0,0,
2024,WYOMING,56,Extreme Cold/Wind Chill,53,53,0,0,0,0,
2024,WYOMING,56,Flash Flood,8,8,0,0,210000,0,
2024,WYOMING,56,Funnel Cloud,1,1,0,0,0,0,
2024,WYOMING,56,Hail,59,59,0,0,400000,0,4.5
2024,WYOMING,56,Heat,6,6,0,0,0,0,
2024,WYOMING,56,Heavy Snow,48,48,0,0,0,0,
2024,WYOMING,56,High Wind,271,271,0,0,100000,0,86
2024,WYOMING,56,Thunderstorm Wind,159,159,0,1,31000,0,70
2024,WYOMING,56,Tornado,5,5,0,0,50000,0,
2024,WYOMING,56,Wildfire,15,15,0,0,25250000,0,
2024,WYOMING,56,Winter Storm,103,103,0,0,0,0,
2024,WYOMING,56,Winter Weather,71,71,0,0,100000,0,
2025,ALABAMA,1,Cold/Wind Chill,30,30,0,0,0,0,
2025,ALABAMA,1,Drought,105,105,0,0,0,0,
2025,ALABAMA,1,Excessive Heat,23,23,0,0,0,0,
2025,ALABAMA,1,Extreme Cold/Wind Chill,6,6,0,0,0,0,
2025,ALABAMA,1,Flash Flood,98,98,1,2,0,0,
2025,ALABAMA,1,Flood,7,7,0,0,0,0,
2025,ALABAMA,1,Frost/Freeze,11,11,0,0,0,0,
2025,ALABAMA,1,Funnel Cloud,2,2,0,0,0,0,
2025,ALABAMA,1,Hail,184,184,0,0,0,0,3.75
2025,ALABAMA,1,Heat,81,81,4,0,0,0,
2025,ALABAMA,1,Heavy Rain,4,4,0,0,0,0,
2025,ALABAMA,1,Heavy Snow,42,42,1,0,0,0,
2025,ALABAMA,1,Lightning,15,15,0,5,8568000,15000,
2025,ALABAMA,1,Rip Current,1,1,1,0,0,0,
2025,ALABAMA,1,Strong Wind,31,31,1,0,23000,0,48
2025,ALABAMA,1,Thunderstorm Wind,1532,1532,2,15,4228700,0,87
2025,ALABAMA,1,Tornado,95,95,3,18,8993000,0,
2025,ALABAMA,1,Winter Storm,19,19,1,0,0,0,
2025,ALABAMA,1,Winter Weather,16,16,0,0,0,0,
2025,ALASKA,2,Avalanche,2,2,0,0,0,0,
2025,ALASKA,2,Blizzard,55,55,0,0,0,0,
2025,ALASKA,2,Coastal Flood,9,9,1,1,2105000,0,
2025,ALASKA,2,Debris Flow,1,1,0,0,2000,0,
2025,ALASKA,2,Extreme Cold/Wind Chill,4,4,0,0,0,0,
2025,ALASKA,2,Flood,17,17,0,0,19080000,0,
2025,ALASKA,2,Hail,2,2,0,0,0,0,1
2025,ALASKA,2,Heavy Snow,35,35,0,0,0,0,
2025,ALASKA,2,High Wind,78,78,0,0,465000,0,93
2025,ALASKA,2,Ice Storm,5,5,0,0,0,0,
2025,ALASKA,2,Thunderstorm Wind,2,2,0,0,8200,0,63
2025,ALASKA,2,Tsunami,2,2,0,0,0,0,
2025,ALASKA,2,Wildfire,5,5,0,0,0,0,
2025,ALASKA,2,Winter Storm,24,24,0,0,0,0,
2025,ALASKA,2,Winter Weather,6,6,0,0,0,0,
2025,AMERICAN SAMOA,97,Coastal Flood,1,1,0,0,30000,0,
2025,AMERICAN SAMOA,97,Flash Flood,30,30,1,3,3895000,90000,
2025,AMERICAN SAMOA,97,Flood,8,8,0,0,105000,0,
2025,AMERICAN SAMOA,97,Funnel Cloud,1,1,0,0,0,0,
2025,AMERICAN SAMOA,97,Heavy Rain,11,11,0,0,490000,5000,
2025,AMERICAN SAMOA,97,High Surf,4,4,2,2,30000,4000,
2025,AMERICAN SAMOA,97,High Wind,20,20,0,0,1055000,30000,61
2025,AMERICAN SAMOA,97,Strong Wind,13,13,0,0,33000,289000,48
2025,AMERICAN SAMOA,97,Tsunami,5,5,0,0,0,0,
2025,ARIZONA,4,Cold/Wind Chill,7,7,6,0,0,0,
2025,ARIZONA,4,Debris Flow,1,1,0,0,3000,0,
2025,ARIZONA,4,Drought,98,98,0,0,0,0,
2025,ARIZONA,4,Dust Storm,77,77,4,8,301000,0,
2025,ARIZONA,4,Excessive Heat,48,48,43,0,0,0,
2025,ARIZONA,4,Flash Flood,260,260,7,0,31540000,0,
2025,ARIZONA,4,Flood,26,26,0,0,32000,0,
2025,ARIZONA,4,Funnel Cloud,4,4,0,0,0,0,
2025,ARIZONA,4,Hail,57,57,0,0,23800,0,2.75
2025,ARIZONA,4,Heat,71,71,99,33,0,0,
2025,ARIZONA,4,Heavy Rain,4,4,0,0,10000,0,
2025,ARIZONA,4,Heavy Snow,23,23,0,0,0,0,
2025,ARIZONA,4,High Wind,47,47,0,0,4000,0,73
2025,ARIZONA,4,Lightning,12,12,0,2,130000,0,
2025,ARIZONA,4,Strong Wind,7,7,1,0,7500,0,43
2025,ARIZONA,4,Thunderstorm Wind,134,134,0,0,4009100,0,78
2025,ARIZONA,4,Tornado,8,8,0,0,50000,0,
2025,ARIZONA,4,Wildfire,10,10,0,7,1504000,0,
2025,ARIZONA,4,Winter Storm,1,1,5,0,0,0,
2025,ARIZONA,4,Winter Weather,1,1,0,0,0,0,
2025,ARKANSAS,5,Drought,17,17,0,0,0,0,
2025,ARKANSAS,5,Excessive Heat,54,54,0,0,0,0,
2025,ARKANSAS,5,Flash Flood,144,144,0,0,141000,0,
2025,ARKANSAS,5,Flood,114,114,0,0,0,0,
2025,ARKANSAS,5,Funnel Cloud,2,2,0,0,0,0,
2025,ARKANSAS,5,Hail,213,213,0,0,643000,0,3
2025,ARKANSAS,5,Heat,279,279,0,0,0,0,
2025,ARKANSAS,5,Heavy Rain,14,14,0,0,0,0,
2025,ARKANSAS,5,High Wind,8,8,0,0,17000,0,55
2025,ARKANSAS,5,Ice Storm,6,6,0,0,0,0,
2025,ARKANSAS,5,Lightning,2,2,0,0,10000,200,
2025,ARKANSAS,5,Strong Wind,3,3,0,0,0,0,48
2025,ARKANSAS,5,Thunderstorm Wind,301,301,1,6,906000,0,96
2025,ARKANSAS,5,Tornado,67,67,0,16,14913000,0,
2025,ARKANSAS,5,Winter Storm,107,107,0,0,0,0,
2025,ARKANSAS,5,Winter Weather,38,38,0,0,0,0,
2025,ATLANTIC NORTH,88,Marine Dense Fog,1,1,0,0,0,0,
2025,ATLANTIC NORTH,88,Marine Hail,3,3,0,0,0,0,0.75
2025,ATLANTIC NORTH,88,Marine High Wind,11,11,0,0,0,0,66
2025,ATLANTIC NORTH,88,Marine Strong Wind,1,1,2,0,0,0,30
2025,ATLANTIC NORTH,88,Marine Thunderstorm Wind,724,724,0,0,7000,0,64
2025,ATLANTIC NORTH,88,Marine Tropical Storm,17,17,0,0,0,0,
2025,ATLANTIC NORTH,88,Waterspout,6,6,0,0,0,0,
2025,ATLANTIC SOUTH,87,Marine Dense Fog,2,2,0,0,0,0,
2025,ATLANTIC SOUTH,87,Marine Hail,12,12,0,0,0,0,2
2025,ATLANTIC SOUTH,87,Marine High Wind,3,3,0,0,0,0,56
2025,ATLANTIC SOUTH,87,Marine Thunderstorm Wind,535,535,0,0,0,0,62
2025,ATLANTIC SOUTH,87,Marine Tropical Storm,1,1,0,0,0,0,
2025,ATLANTIC SOUTH,87,Waterspout,43,43,0,0,0,0,
2025,CALIFORNIA,6,Astronomical Low Tide,1,1,0,0,0,0,
2025,CALIFORNIA,6,Avalanche,1,1,1,0,0,0,
2025,CALIFORNIA,6,Coastal Flood,2,2,0,0,0,0,
2025,CALIFORNIA,6,Cold/Wind Chill,4,4,6,0,0,0,
2025,CALIFORNIA,6,Debris Flow,27,27,0,0,23500,0,
2025,CALIFORNIA,6,Dense Fog,60,60,3,2,0,0,
2025,CALIFORNIA,6,Drought,12,12,0,0,0,0,
2025,CALIFORNIA,6,Dust Storm,3,3,0,0,0,0,
2025,CALIFORNIA,6,Excessive Heat,51,51,0,0,0,0,
2025,CALIFORNIA,6,Flash Flood,118,118,2,1,9979000,0,
2025,CALIFORNIA,6,Flood,386,386,6,6,5598450,1000,
2025,CALIFORNIA,6,Frost/Freeze,53,53,0,0,0,0,
2025,CALIFORNIA,6,Funnel Cloud,9,9,0,0,20,0,
2025,CALIFORNIA,6,Hail,11,11,0,2,0,0,1
2025,CALIFORNIA,6,Heat,15,15,1,0,0,0,
2025,CALIFORNIA,6,Heavy Rain,141,141,0,0,49900,0,
2025,CALIFORNIA,6,Heavy Snow,102,102,0,0,0,0,
2025,CALIFORNIA,6,High Surf,7,7,7,5,0,0,
2025,CALIFORNIA,6,High Wind,333,333,1,2,729350,5000,143
2025,CALIFORNIA,6,Sneakerwave,2,2,3,0,0,0,
2025,CALIFORNIA,6,Strong Wind,83,83,1,1,172400,1000,49
2025,CALIFORNIA,6,Thunderstorm Wind,98,98,8,1,2176520,16000,83
2025,CALIFORNIA,6,Tornado,4,4,0,0,20000,0,
2025,CALIFORNIA,6,Tsunami,2,2,0,0,1000000,0,
2025,CALIFORNIA,6,Wildfire,41,41,58,31,50060010,10000,
2025,CALIFORNIA,6,Winter Storm,30,30,0,0,0,0,
2025,CALIFORNIA,6,Winter Weather,93,93,0,0,19000,0,
2025,COLORADO,8,Avalanche,9,9,3,3,0,0,
2025,COLORADO,8,Blizzard,5,5,0,0,0,0,
2025,COLORADO,8,Cold/Wind Chill,6,6,0,0,0,0,
2025,COLORADO,8,Debris Flow,29,29,0,0,60000,0,
2025,COLORADO,8,Dense Fog,30,30,0,0,0,0,
2025,COLORADO,8,Drought,133,133,0,0,0,0,
2025,COLORADO,8,Dust Storm,6,6,0,0,0,0,
2025,COLORADO,8,Excessive Heat,1,1,0,0,0,0,
2025,COLORADO,8,Extreme Cold/Wind Chill,211,211,0,0,0,0,
2025,COLORADO,8,Flash Flood,27,27,0,0,135000,0,
2025,COLORADO,8,Flood,8,8,0,0,0,0,
2025,COLORADO,8,Frost/Freeze,33,33,0,0,0,0,
2025,COLORADO,8,Hail,492,492,0,0,500,0,4
2025,COLORADO,8,Heavy Rain,5,5,0,0,0,0,
2025,COLORADO,8,Heavy Snow,114,114,0,0,0,0,
2025,COLORADO,8,High Wind,156,156,0,0,300000,0,108
2025,COLORADO,8,Strong Wind,11,11,0,0,0,0,49
2025,COLORADO,8,Thunderstorm Wind,254,254,0,0,331000,12000,109
2025,COLORADO,8,Tornado,26,26,0,0,0,0,
2025,COLORADO,8,Wildfire,50,50,0,0,1050000,180620000,
2025,COLORADO,8,Winter Storm,35,35,0,0,0,0,
2025,COLORADO,8,Winter Weather,195,195,0,0,0,0,
2025,CONNECTICUT,9,Cold/Wind Chill,2,2,0,0,0,0,
2025,CONNECTICUT,9,Drought,6,6,0,0,0,0,
2025,CONNECTICUT,9,Excessive Heat,2,2,0,0,0,0,
2025,CONNECTICUT,9,Flash Flood,4,4,0,0,0,0,
2025,CONNECTICUT,9,Flood,1,1,0,0,0,0,
2025,CONNECTICUT,9,Hail,4,4,0,0,5000,0,1.75
2025,CONNECTICUT,9,Heat,19,19,0,0,0,0,
2025,CONNECTICUT,9,Heavy Snow,8,8,0,0,0,0,
2025,CONNECTICUT,9,High Wind,12,12,0,0,13000,0,61
2025,CONNECTICUT,9,Ice Storm,3,3,0,0,0,0,
2025,CONNECTICUT,9,Lightning,6,6,0,1,31000,0,
2025,CONNECTICUT,9,Strong Wind,10,10,0,0,1000,0,45
2025,CONNECTICUT,9,Thunderstorm Wind,93,93,0,3,172450,0,60
2025,CONNECTICUT,9,Winter Storm,1,1,0,0,0,0,
2025,CONNECTICUT,9,Winter Weather,36,36,0,0,0,0,
2025,DELAWARE,10,Coastal Flood,10,10,0,0,0,0,
2025,DELAWARE,10,Dense Fog,9,9,0,0,0,0,
2025,DELAWARE,10,Excessive Heat,7,7,0,0,0,0,
2025,DELAWARE,10,Flash Flood,16,16,0,0,90000,0,
2025,DELAWARE,10,Hail,1,1,0,0,0,0,1.75
2025,DELAWARE,10,High Wind,5,5,0,0,0,0,58
2025,DELAWARE,10,Lightning,3,3,0,0,3000,0,
2025,DELAWARE,10,Thunderstorm Wind,31,31,1,2,30000,0,91
2025,DELAWARE,10,Tornado,2,2,0,0,0,0,
2025,DELAWARE,10,Winter Storm,7,7,0,0,0,0,
2025,DELAWARE,10,Winter Weather,15,15,0,0,0,0,
2025,DISTRICT OF COLUMBIA,11,Coastal Flood,1,1,0,0,0,0,
2025,DISTRICT OF COLUMBIA,11,Cold/Wind Chill,1,1,0,0,0,0,
2025,DISTRICT OF COLUMBIA,11,Excessive Heat,2,2,0,0,0,0,
2025,DISTRICT OF COLUMBIA,11,Flash Flood,10,10,0,0,0,0,
2025,DISTRICT OF COLUMBIA,11,High Wind,1,1,0,0,0,0,52
2025,DISTRICT OF COLUMBIA,11,Thunderstorm Wind,12,12,0,0,1728000,0,65
2025,DISTRICT OF COLUMBIA,11,Winter Storm,1,1,0,0,0,0,
2025,DISTRICT OF COLUMBIA,11,Winter Weather,6,6,0,0,0,0,
2025,E PACIFIC,86,Waterspout,2,2,0,0,0,0,
2025,FLORIDA,12,Coastal Flood,32,32,0,0,100000,0,
2025,FLORIDA,12,Drought,195,195,0,0,0,0,
2025,FLORIDA,12,Extreme Cold/Wind Chill,19,19,0,0,0,0,
2025,FLORIDA,12,Flash Flood,37,37,0,0,13884000,0,
2025,FLORIDA,12,Flood,47,47,0,0,405000,0,
2025,FLORIDA,12,Funnel Cloud,23,23,0,0,0,0,
2025,FLORIDA,12,Hail,84,84,0,0,0,0,2.5
2025,FLORIDA,12,Heavy Rain,125,125,0,0,0,0,
2025,FLORIDA,12,Heavy Snow,21,21,0,0,0,7000000,
2025,FLORIDA,12,Ice Storm,2,2,0,0,100000,1000000,
2025,FLORIDA,12,Lightning,23,23,4,13,621500,0,
2025,FLORIDA,12,Rip Current,15,15,11,10,0,0,
2025,FLORIDA,12,Strong Wind,3,3,0,0,100,0,43
2025,FLORIDA,12,Thunderstorm Wind,268,268,3,0,572200,0,67
2025,FLORIDA,12,Tornado,28,28,0,11,4909000,0,
2025,FLORIDA,12,Wildfire,16,16,0,1,170000,0,
2025,FLORIDA,12,Winter Storm,10,10,0,1,0,1000000,
2025,GEORGIA,13,Coastal Flood,6,6,0,0,0,0,
2025,GEORGIA,13,Cold/Wind Chill,5,5,0,0,0,0,
2025,GEORGIA,13,Drought,145,145,0,0,0,0,
2025,GEORGIA,13,Extreme Cold/Wind Chill,18,18,0,0,0,0,
2025,GEORGIA,13,Flash Flood,51,51,0,0,110000,0,
2025,GEORGIA,13,Flood,5,5,0,0,0,0,
2025,GEORGIA,13,Funnel Cloud,3,3,0,0,0,0,
2025,GEORGIA,13,Hail,140,140,0,0,12000,0,2.5
2025,GEORGIA,13,Heavy Rain,34,34,0,0,0,0,
2025,GEORGIA,13,Heavy Snow,29,29,0,0,0,0,
2025,GEORGIA,13,Lightning,9,9,2,0,287000,0,
2025,GEORGIA,13,Rip Current,3,3,0,0,0,0,
2025,GEORGIA,13,Strong Wind,1,1,0,0,1000,0,35
2025,GEORGIA,13,Thunderstorm Wind,1025,1025,1,3,2429750,0,78
2025,GEORGIA,13,Tornado,54,54,0,2,839000,0,
2025,GEORGIA,13,Wildfire,1,1,0,0,200000,0,
2025,GEORGIA,13,Winter Storm,158,158,0,0,0,0,
2025,GEORGIA,13,Winter Weather,10,10,0,0,0,0,
2025,GUAM WATERS,83,Waterspout,1,1,0,0,0,0,
2025,GUAM,98,Coastal Flood,1,1,0,0,0,0,
2025,GUAM,98,Debris Flow,1,1,0,0,15000,0,
2025,GUAM,98,Drought,19,19,0,0,8250,0,
2025,GUAM,98,Flash Flood,2,2,0,0,5000,0,
2025,GUAM,98,Rip Current,2,2,2,1,0,0,
2025,GUAM,98,Storm Surge/Tide,1,1,0,0,0,0,
2025,GUAM,98,Strong Wind,2,2,0,0,9000,0,39
2025,GUAM,98,Thunderstorm Wind,1,1,0,0,20000,0,32
2025,GUAM,98,Tropical Depression,3,3,0,0,0,0,
2025,GUAM,98,Tropical Storm,1,1,0,0,0,0,
2025,GULF OF ALASKA,89,Marine High Wind,2,2,0,0,0,0,56
2025,GULF OF ALASKA,89,Marine Thunderstorm Wind,4,4,0,0,0,0,56
2025,GULF OF MEXICO,85,Marine Strong Wind,4,4,0,0,4000,0,45
2025,GULF OF MEXICO,85,Marine Thunderstorm Wind,563,563,0,1,0,0,62
2025,GULF OF MEXICO,85,Waterspout,87,87,0,0,0,0,
2025,HAWAII,15,Drought,77,77,0,0,0,2000000,
2025,HAWAII,15,Dust Devil,1,1,0,1,0,0,
2025,HAWAII,15,Flash Flood,2,2,0,0,100000,0,
2025,HAWAII,15,Flood,5,5,0,0,50000,0,
2025,HAWAII,15,High Surf,29,29,2,0,530000,0,
2025,HAWAII,15,High Wind,3,3,0,0,40000,0,48
2025,HAWAII,15,Storm Surge/Tide,1,1,0,0,0,0,
2025,HAWAII,15,Thunderstorm Wind,4,4,0,0,100000,0,56
2025,HAWAII,15,Tsunami,1,1,0,0,20000,0,
2025,HAWAII,15,Wildfire,3,3,1,0,1000000,0,
2025,IDAHO,16,Avalanche,7,7,0,1,0,0,
2025,IDAHO,16,Debris Flow,4,4,0,0,0,0,
2025,IDAHO,16,Dust Storm,1,1,0,0,0,0,
2025,IDAHO,16,Extreme Cold/Wind Chill,14,14,0,0,0,0,
2025,IDAHO,16,Flash Flood,9,9,0,0,35000,0,
2025,IDAHO,16,Flood,10,10,0,0,59000,0,
2025,IDAHO,16,Frost/Freeze,1,1,0,0,0,0,
2025,IDAHO,16,Funnel Cloud,3,3,0,0,0,0,
2025,IDAHO,16,Hail,17,17,0,0,8000,0,1.75
2025,IDAHO,16,Heavy Snow,53,53,0,0,0,0,
2025,IDAHO,16,High Wind,91,91,1,0,1471000,0,79
2025,IDAHO,16,Lightning,4,4,0,1,7300,0,
2025,IDAHO,16,Strong Wind,4,4,0,0,3000,0,48
2025,IDAHO,16,Thunderstorm Wind,214,214,0,3,484700,0,72
2025,IDAHO,16,Tornado,2,2,0,0,10000,0,
2025,IDAHO,16,Wildfire,18,18,2,0,49215000,0,
2025,IDAHO,16,Winter Storm,20,20,0,0,7000,0,
2025,IDAHO,16,Winter Weather,40,40,0,0,322000,0,
2025,ILLINOIS,17,Cold/Wind Chill,96,96,2,0,0,0,
2025,ILLINOIS,17,Dense Fog,120,120,1,0,19000,0,
2025,ILLINOIS,17,Drought,134,134,0,0,0,0,
2025,ILLINOIS,17,Dust Storm,30,30,0,4,0,0,
2025,ILLINOIS,17,Excessive Heat,61,61,0,0,0,0,
2025,ILLINOIS,17,Extreme Cold/Wind Chill,21,21,0,0,0,0,
2025,ILLINOIS,17,Flash Flood,109,109,0,0,498529000,20000,
2025,ILLINOIS,17,Flood,69,69,0,0,25000,0,
2025,ILLINOIS,17,Freezing Fog,5,5,0,0,0,0,
2025,ILLINOIS,17,Frost/Freeze,1,1,0,0,0,0,
2025,ILLINOIS,17,Funnel Cloud,16,16,0,0,0,0,
2025,ILLINOIS,17,Hail,331,331,0,0,3500,0,3
2025,ILLINOIS,17,Heat,76,76,1,0,0,0,
2025,ILLINOIS,17,Heavy Rain,29,29,0,0,255000,0,
2025,ILLINOIS,17,Heavy Snow,101,101,1,1,80000,0,
2025,ILLINOIS,17,High Surf,3,3,3,1,0,0,
2025,ILLINOIS,17,High Wind,40,40,0,0,41500,0,61
2025,ILLINOIS,17,Ice Storm,11,11,1,0,1005000,0,
2025,ILLINOIS,17,Lightning,7,7,0,1,51000,0,
2025,ILLINOIS,17,Strong Wind,71,71,0,0,86000,0,48
2025,ILLINOIS,17,Thunderstorm Wind,978,978,0,11,1979600,13000,96
2025,ILLINOIS,17,Tornado,141,141,0,11,30218000,0,
2025,ILLINOIS,17,Wildfire,2,2,0,0,15000,40000,
2025,ILLINOIS,17,Winter Storm,89,89,0,0,165000,0,
2025,ILLINOIS,17,Winter Weather,161,161,2,4,0,0,
2025,INDIANA,18,Cold/Wind Chill,38,38,0,0,0,0,
2025,INDIANA,18,Dense Fog,26,26,0,0,0,0,
2025,INDIANA,18,Drought,44,44,0,0,0,0,
2025,INDIANA,18,Dust Storm,5,5,0,0,0,0,
2025,INDIANA,18,Excessive Heat,12,12,0,0,0,0,
2025,INDIANA,18,Extreme Cold/Wind Chill,28,28,0,0,0,0,
2025,INDIANA,18,Flash Flood,83,83,0,0,8098000,0,
2025,INDIANA,18,Flood,67,67,2,0,79000,0,
2025,INDIANA,18,Freezing Fog,4,4,0,0,0,0,
2025,INDIANA,18,Frost/Freeze,11,11,0,0,0,0,
2025,INDIANA,18,Funnel Cloud,2,2,0,0,0,0,
2025,INDIANA,18,Hail,131,131,0,0,63500,0,4
2025,INDIANA,18,Heat,28,28,0,0,0,0,
2025,INDIANA,18,Heavy Rain,6,6,0,0,0,0,
2025,INDIANA,18,Heavy Snow,77,77,0,0,150000,0,
2025,INDIANA,18,High Surf,2,2,0,4,0,0,
2025,INDIANA,18,High Wind,3,3,0,0,0,0,55
2025,INDIANA,18,Lightning,6,6,0,0,138500,0,
2025,INDIANA,18,Rip Current,2,2,0,5,0,0,
2025,INDIANA,18,Strong Wind,18,18,0,0,29000,0,43
2025,INDIANA,18,Thunderstorm Wind,714,714,1,11,5979950,16000,91
2025,INDIANA,18,Tornado,61,61,1,7,18886000,5000,
2025,INDIANA,18,Winter Storm,109,109,1,0,1150000,0,
2025,INDIANA,18,Winter Weather,112,112,1,2,240000,0,
2025,IOWA,19,Blizzard,112,112,0,7,0,0,
2025,IOWA,19,Cold/Wind Chill,11,11,0,0,0,0,
2025,IOWA,19,Dense Fog,1,1,1,0,0,0,
2025,IOWA,19,Drought,9,9,0,0,0,0,
2025,IOWA,19,Excessive Heat,68,68,0,0,0,0,
2025,IOWA,19,Extreme Cold/Wind Chill,102,102,0,0,0,0,
2025,IOWA,19,Flash Flood,74,74,0,0,353000,0,
2025,IOWA,19,Flood,12,12,0,0,0,0,
2025,IOWA,19,Funnel Cloud,9,9,0,0,0,0,
2025,IOWA,19,Hail,256,256,0,0,147000,446000,4
2025,IOWA,19,Heat,6,6,0,0,0,0,
2025,IOWA,19,Heavy Rain,30,30,0,0,0,0,
2025,IOWA,19,High Wind,183,183,0,0,0,0,63
2025,IOWA,19,Lightning,2,2,0,0,26000,0,
2025,IOWA,19,Strong Wind,24,24,0,0,0,0,49
2025,IOWA,19,Thunderstorm Wind,564,564,1,2,792300,20000,87
2025,IOWA,19,Tornado,36,36,0,0,51000,5000,
2025,IOWA,19,Winter Storm,83,83,0,0,0,0,
2025,IOWA,19,Winter Weather,60,60,0,0,0,0,
2025,KANSAS,20,Blizzard,74,74,2,2,0,0,
2025,KANSAS,20,Cold/Wind Chill,3,3,0,0,0,0,
2025,KANSAS,20,Dense Fog,47,47,0,1,0,0,
2025,KANSAS,20,Drought,10,10,0,0,0,0,
2025,KANSAS,20,Dust Storm,31,31,8,45,0,0,
2025,KANSAS,20,Extreme Cold/Wind Chill,39,39,0,0,11000,0,
2025,KANSAS,20,Flash Flood,56,56,0,6,2613250,144000,
2025,KANSAS,20,Flood,23,23,0,0,4892000,10000,
2025,KANSAS,20,Funnel Cloud,4,4,0,0,0,0,
2025,KANSAS,20,Hail,541,541,0,0,4561000,0,4
2025,KANSAS,20,Heavy Rain,15,15,0,0,1000,0,
2025,KANSAS,20,Heavy Snow,15,15,0,0,0,0,
2025,KANSAS,20,High Wind,215,215,1,0,524000,0,78
2025,KANSAS,20,Ice Storm,1,1,0,0,0,0,
2025,KANSAS,20,Lightning,1,1,0,0,100000,0,
2025,KANSAS,20,Strong Wind,1,1,0,0,1000,0,48
2025,KANSAS,20,Thunderstorm Wind,832,832,0,0,5770050,1000,89
2025,KANSAS,20,Tornado,32,32,0,0,1020000,0,
2025,KANSAS,20,Wildfire,5,5,0,0,0,0,
2025,KANSAS,20,Winter Storm,79,79,2,2,0,0,
2025,KANSAS,20,Winter Weather,73,73,0,1,12000,0,
2025,KENTUCKY,21,Cold/Wind Chill,51,51,2,0,0,0,
2025,KENTUCKY,21,Debris Flow,6,6,0,0,20500,1000,
2025,KENTUCKY,21,Dense Fog,138,138,0,0,0,0,
2025,KENTUCKY,21,Drought,35,35,0,0,0,0,
2025,KENTUCKY,21,Dust Devil,1,1,0,0,0,0,
2025,KENTUCKY,21,Excessive Heat,50,50,0,0,0,0,
2025,KENTUCKY,21,Extreme Cold/Wind Chill,1,1,0,0,0,0,
2025,KENTUCKY,21,Flash Flood,207,207,7,0,702000,0,
2025,KENTUCKY,21,Flood,160,160,5,1,5074050,0,
2025,KENTUCKY,21,Frost/Freeze,43,43,0,0,0,0,
2025,KENTUCKY,21,Funnel Cloud,7,7,0,0,0,0,
2025,KENTUCKY,21,Hail,262,262,0,0,2505000,0,4.5
2025,KENTUCKY,21,Heat,35,35,0,0,0,0,
2025,KENTUCKY,21,Heavy Rain,2,2,0,0,0,0,
2025,KENTUCKY,21,Heavy Snow,126,126,0,0,10000,5000,
2025,KENTUCKY,21,High Wind,2,2,0,0,10000,4000,50
2025,KENTUCKY,21,Ice Storm,11,11,0,0,1375000,0,
2025,KENTUCKY,21,Lightning,3,3,1,0,51000,0,
2025,KENTUCKY,21,Strong Wind,61,61,0,0,63000,0,45
2025,KENTUCKY,21,Thunderstorm Wind,677,677,0,1,4113700,467300,83
2025,KENTUCKY,21,Tornado,39,39,19,23,18050000,100000,
2025,KENTUCKY,21,Winter Storm,81,81,1,0,10000,14000,
2025,KENTUCKY,21,Winter Weather,101,101,1,3,365000,0,
2025,LAKE ERIE,95,Marine Thunderstorm Wind,43,43,0,0,0,0,51
2025,LAKE ERIE,95,Waterspout,4,4,0,0,0,0,
2025,LAKE HURON,90,Marine Hail,1,1,0,0,0,0,2
2025,LAKE HURON,90,Marine High Wind,3,3,0,0,0,0,60
2025,LAKE HURON,90,Marine Thunderstorm Wind,42,42,0,0,0,0,68
2025,LAKE HURON,90,Waterspout,2,2,0,0,0,0,
2025,LAKE MICHIGAN,91,Marine Hail,8,8,0,0,0,0,2
2025,LAKE MICHIGAN,91,Marine High Wind,26,26,0,0,0,0,61
2025,LAKE MICHIGAN,91,Marine Strong Wind,1,1,1,1,0,0,43
2025,LAKE MICHIGAN,91,Marine Thunderstorm Wind,117,117,0,0,0,0,72
2025,LAKE MICHIGAN,91,Waterspout,2,2,0,0,0,0,
2025,LAKE ONTARIO,94,Marine Thunderstorm Wind,14,14,0,0,0,0,58
2025,LAKE ONTARIO,94,Waterspout,2,2,0,0,0,0,
2025,LAKE ST CLAIR,81,Marine Thunderstorm Wind,40,40,0,0,0,0,50
2025,LAKE SUPERIOR,92,Marine Hail,1,1,0,0,0,0,0.75
2025,LAKE SUPERIOR,92,Marine High Wind,38,38,0,0,0,0,60
2025,LAKE SUPERIOR,92,Marine Thunderstorm Wind,43,43,0,0,0,0,54
2025,LOUISIANA,22,Astronomical Low Tide,29,29,0,0,0,0,
2025,LOUISIANA,22,Blizzard,4,4,0,0,0,0,
2025,LOUISIANA,22,Cold/Wind Chill,2,2,1,0,0,0,
2025,LOUISIANA,22,Dense Fog,1,1,1,1,0,0,
2025,LOUISIANA,22,Drought,7,7,0,0,0,0,
2025,LOUISIANA,22,Excessive Heat,88,88,0,0,0,0,
2025,LOUISIANA,22,Extreme Cold/Wind Chill,36,36,2,0,0,0,
2025,LOUISIANA,22,Flash Flood,223,223,0,0,1799500,0,
2025,LOUISIANA,22,Funnel Cloud,5,5,0,0,0,0,
2025,LOUISIANA,22,Hail,139,139,0,0,10000,0,2
2025,LOUISIANA,22,Heat,119,119,0,0,0,0,
2025,LOUISIANA,22,Heavy Snow,38,38,7,0,0,0,
2025,LOUISIANA,22,High Wind,1,1,0,0,0,0,50
2025,LOUISIANA,22,Lightning,10,10,1,0,2710000,0,
2025,LOUISIANA,22,Strong Wind,5,5,0,0,50400,0,48
2025,LOUISIANA,22,Thunderstorm Wind,408,408,0,3,1029000,0,87
2025,LOUISIANA,22,Tornado,36,36,0,0,2827000,0,
2025,LOUISIANA,22,Winter Storm,20,20,0,0,0,0,
2025,LOUISIANA,22,Winter Weather,17,17,0,0,0,0,
2025,MAINE,23,Drought,105,105,0,0,0,0,
2025,MAINE,23,Excessive Heat,3,3,0,0,0,0,
2025,MAINE,23,Flash Flood,4,4,0,0,0,0,
2025,MAINE,23,Flood,5,5,0,0,2000,0,
2025,MAINE,23,Funnel Cloud,1,1,0,0,0,0,
2025,MAINE,23,Hail,6,6,0,0,0,0,1.5
2025,MAINE,23,Heat,36,36,0,0,0,0,
2025,MAINE,23,Heavy Snow,36,36,0,0,0,0,
2025,MAINE,23,High Surf,1,1,0,1,10000,0,
2025,MAINE,23,High Wind,21,21,0,0,0,0,58
2025,MAINE,23,Sleet,1,1,0,0,0,0,
2025,MAINE,23,Thunderstorm Wind,43,43,1,0,74000,0,70
2025,MAINE,23,Winter Storm,63,63,0,0,0,0,
2025,MAINE,23,Winter Weather,166,166,0,0,0,0,
2025,MARYLAND,24,Astronomical Low Tide,2,2,0,0,0,0,
2025,MARYLAND,24,Blizzard,1,1,0,0,0,0,
2025,MARYLAND,24,Coastal Flood,21,21,0,0,0,0,
2025,MARYLAND,24,Cold/Wind Chill,23,23,0,0,0,0,
2025,MARYLAND,24,Dense Fog,4,4,0,0,0,0,
2025,MARYLAND,24,Excessive Heat,32,32,0,0,0,0,
2025,MARYLAND,24,Extreme Cold/Wind Chill,3,3,0,0,0,0,
2025,MARYLAND,24,Flash Flood,112,112,1,0,0,0,
2025,MARYLAND,24,Flood,21,21,0,0,0,0,
2025,MARYLAND,24,Funnel Cloud,1,1,0,0,0,0,
2025,MARYLAND,24,Hail,50,50,0,0,0,0,2.5
2025,MARYLAND,24,Heavy Snow,4,4,0,0,4000,0,
2025,MARYLAND,24,High Wind,23,23,0,0,0,0,66
2025,MARYLAND,24,Ice Storm,4,4,0,0,0,0,
2025,MARYLAND,24,Lightning,3,3,0,0,30000,0,
2025,MARYLAND,24,Rip Current,1,1,1,0,0,0,
2025,MARYLAND,24,Strong Wind,6,6,0,0,1600,1000,45
2025,MARYLAND,24,Thunderstorm Wind,397,397,0,5,7383500,1000,83
2025,MARYLAND,24,Tornado,7,7,0,0,2160000,0,
2025,MARYLAND,24,Tropical Storm,1,1,0,0,0,0,
2025,MARYLAND,24,Winter Storm,59,59,0,0,0,250,
2025,MARYLAND,24,Winter Weather,171,171,0,0,0,0,
2025,MASSACHUSETTS,25,Coastal Flood,1,1,0,0,0,0,
2025,MASSACHUSETTS,25,Cold/Wind Chill,6,6,0,0,0,0,
2025,MASSACHUSETTS,25,Excessive Heat,1,1,0,3,0,0,
2025,MASSACHUSETTS,25,Flash Flood,32,32,0,0,0,0,
2025,MASSACHUSETTS,25,Hail,15,15,0,0,0,0,1.5
2025,MASSACHUSETTS,25,Heat,4,4,0,0,0,0,
2025,MASSACHUSETTS,25,Heavy Rain,3,3,0,0,0,0,
2025,MASSACHUSETTS,25,Heavy Snow,14,14,0,0,0,0,
2025,MASSACHUSETTS,25,High Wind,18,18,0,0,31500,0,69
2025,MASSACHUSETTS,25,Lightning,6,6,0,0,45000,0,
2025,MASSACHUSETTS,25,Strong Wind,44,44,0,0,125500,0,49
2025,MASSACHUSETTS,25,Thunderstorm Wind,158,158,0,0,268300,0,56
2025,MASSACHUSETTS,25,Tornado,5,5,0,0,35000,0,
2025,MASSACHUSETTS,25,Winter Storm,13,13,0,0,0,0,
2025,MASSACHUSETTS,25,Winter Weather,15,15,0,0,0,0,
2025,MICHIGAN,26,Blizzard,40,40,0,0,0,0,
2025,MICHIGAN,26,Cold/Wind Chill,20,20,0,0,0,0,
2025,MICHIGAN,26,Extreme Cold/Wind Chill,1,1,0,0,0,0,
2025,MICHIGAN,26,Flash Flood,16,16,0,0,16708500,0,
2025,MICHIGAN,26,Flood,2,2,0,0,33500,0,
2025,MICHIGAN,26,Hail,58,58,0,0,0,0,2
2025,MICHIGAN,26,Heat,22,22,0,0,0,0,
2025,MICHIGAN,26,Heavy Snow,11,11,0,0,0,0,
2025,MICHIGAN,26,High Wind,15,15,0,0,0,0,62
2025,MICHIGAN,26,Ice Storm,21,21,0,0,0,0,
2025,MICHIGAN,26,Lake-Effect Snow,11,11,0,0,0,0,
2025,MICHIGAN,26,Lakeshore Flood,1,1,0,0,0,0,
2025,MICHIGAN,26,Lightning,3,3,0,0,127000,0,
2025,MICHIGAN,26,Rip Current,3,3,1,14,0,0,
2025,MICHIGAN,26,Seiche,2,2,0,0,0,0,
2025,MICHIGAN,26,Strong Wind,1,1,0,0,0,0,46
2025,MICHIGAN,26,Thunderstorm Wind,308,308,0,0,530000,0,87
2025,MICHIGAN,26,Tornado,33,33,0,0,510000,0,
2025,MICHIGAN,26,Winter Storm,171,171,1,1,0,0,
2025,MICHIGAN,26,Winter Weather,77,77,0,0,0,0,
2025,MINNESOTA,27,Blizzard,124,124,0,2,0,0,
2025,MINNESOTA,27,Cold/Wind Chill,16,16,0,0,0,0,
2025,MINNESOTA,27,Drought,52,52,0,0,0,0,
2025,MINNESOTA,27,Excessive Heat,19,19,0,0,0,0,
2025,MINNESOTA,27,Extreme Cold/Wind Chill,220,220,0,0,0,0,
2025,MINNESOTA,27,Flash Flood,42,42,0,0,865000,0,
2025,MINNESOTA,27,Flood,12,12,0,0,0,0,
2025,MINNESOTA,27,Funnel Cloud,19,19,0,0,0,0,
2025,MINNESOTA,27,Hail,262,262,0,0,0,0,3.25
2025,MINNESOTA,27,Heat,5,5,0,0,0,0,
2025,MINNESOTA,27,Heavy Rain,19,19,0,0,0,0,
2025,MINNESOTA,27,Heavy Snow,112,112,1,0,0,0,
2025,MINNESOTA,27,High Surf,1,1,1,0,0,0,
2025,MINNESOTA,27,High Wind,80,80,0,0,0,0,63
2025,MINNESOTA,27,Ice Storm,2,2,0,0,0,0,
2025,MINNESOTA,27,Lightning,6,6,0,0,265000,0,
2025,MINNESOTA,27,Strong Wind,13,13,0,0,0,0,49
2025,MINNESOTA,27,Thunderstorm Wind,415,415,0,1,16367000,41000,104
2025,MINNESOTA,27,Tornado,49,49,0,0,102000,130000,
2025,MINNESOTA,27,Wildfire,6,6,0,0,22940000,0,
2025,MINNESOTA,27,Winter Storm,117,117,0,3,50000,0,
2025,MINNESOTA,27,Winter Weather,242,242,0,6,115000,0,
2025,MISSISSIPPI,28,Drought,28,28,0,0,0,0,
2025,MISSISSIPPI,28,Excessive Heat,76,76,0,0,0,0,
2025,MISSISSIPPI,28,Extreme Cold/Wind Chill,11,11,0,0,0,0,
2025,MISSISSIPPI,28,Flash Flood,86,86,1,1,2020000,0,
2025,MISSISSIPPI,28,Flood,4,4,0,0,9000,0,
2025,MISSISSIPPI,28,Funnel Cloud,2,2,0,0,0,0,
2025,MISSISSIPPI,28,Hail,131,131,0,0,2078000,0,2.75
2025,MISSISSIPPI,28,Heat,396,396,0,0,0,0,
2025,MISSISSIPPI,28,Heavy Snow,26,26,1,0,0,0,
2025,MISSISSIPPI,28,High Wind,3,3,0,0,1000,0,78
2025,MISSISSIPPI,28,Lightning,11,11,1,0,465000,0,
2025,MISSISSIPPI,28,Sleet,7,7,0,0,0,0,
2025,MISSISSIPPI,28,Strong Wind,35,35,2,0,426000,0,48
2025,MISSISSIPPI,28,Thunderstorm Wind,698,698,0,1,7166300,602300,90
2025,MISSISSIPPI,28,Tornado,114,114,9,43,30106000,2610000,
2025,MISSISSIPPI,28,Wildfire,3,3,0,0,10000,0,
2025,MISSISSIPPI,28,Winter Storm,22,22,0,0,0,0,
2025,MISSISSIPPI,28,Winter Weather,18,18,1,0,0,0,
2025,MISSOURI,29,Blizzard,3,3,0,0,0,0,
2025,MISSOURI,29,Cold/Wind Chill,61,61,0,0,0,0,
2025,MISSOURI,29,Dense Fog,59,59,0,0,0,0,
2025,MISSOURI,29,Drought,125,125,0,0,37125000,370000,
2025,MISSOURI,29,Excessive Heat,61,61,0,154,0,0,
2025,MISSOURI,29,Extreme Cold/Wind Chill,73,73,0,0,0,0,
2025,MISSOURI,29,Flash Flood,245,245,2,0,7452000,0,
2025,MISSOURI,29,Flood,119,119,1,0,250000,20000,
2025,MISSOURI,29,Frost/Freeze,2,2,0,0,0,0,
2025,MISSOURI,29,Funnel Cloud,8,8,0,0,0,0,
2025,MISSOURI,29,Hail,493,493,0,0,1260000,0,3
2025,MISSOURI,29,Heat,57,57,0,0,0,0,
2025,MISSOURI,29,Heavy Rain,73,73,0,0,50000,0,
2025,MISSOURI,29,Heavy Snow,29,29,0,0,0,0,
2025,MISSOURI,29,High Wind,62,62,0,2,254000,0,60
2025,MISSOURI,29,Ice Storm,13,13,0,0,675000,0,
2025,MISSOURI,29,Lightning,2,2,0,0,70000,0,
2025,MISSOURI,29,Strong Wind,45,45,0,0,70000,0,49
2025,MISSOURI,29,Thunderstorm Wind,886,886,2,9,15391500,105000,87
2025,MISSOURI,29,Tornado,114,114,16,59,1687517500,0,
2025,MISSOURI,29,Wildfire,17,17,0,0,15107000,0,
2025,MISSOURI,29,Winter Storm,144,144,0,0,0,0,
2025,MISSOURI,29,Winter Weather,66,66,2,36,20000,0,
2025,MONTANA,30,Avalanche,2,2,0,0,0,0,
2025,MONTANA,30,Blizzard,7,7,0,0,0,0,
2025,MONTANA,30,Cold/Wind Chill,7,7,0,0,0,0,
2025,MONTANA,30,Debris Flow,4,4,0,0,26500,0,
2025,MONTANA,30,Dense Fog,12,12,0,0,0,0,
2025,MONTANA,30,Drought,59,59,0,0,0,0,
2025,MONTANA,30,Extreme Cold/Wind Chill,155,155,0,0,0,0,
2025,MONTANA,30,Flash Flood,3,3,0,0,2000,0,
2025,MONTANA,30,Flood,12,12,0,0,35100000,0,
2025,MONTANA,30,Frost/Freeze,3,3,0,0,0,0,
2025,MONTANA,30,Funnel Cloud,3,3,0,0,0,0,
2025,MONTANA,30,Hail,190,190,0,0,1000,0,3.5
2025,MONTANA,30,Heavy Rain,9,9,0,0,5000,0,
2025,MONTANA,30,Heavy Snow,108,108,0,0,0,0,
2025,MONTANA,30,High Wind,300,300,1,0,2448500,10000,90
2025,MONTANA,30,Ice Storm,3,3,0,0,0,0,
2025,MONTANA,30,Strong Wind,14,14,0,1,19500,0,49
2025,MONTANA,30,Thunderstorm Wind,309,309,0,0,8500,0,80
2025,MONTANA,30,Wildfire,15,15,0,0,0,0,
2025,MONTANA,30,Winter Storm,138,138,8,10,35000,0,
2025,MONTANA,30,Winter Weather,79,79,10,6,8000,0,
2025,NEBRASKA,31,Blizzard,68,68,0,0,0,0,
2025,NEBRASKA,31,Cold/Wind Chill,1,1,1,0,0,0,
2025,NEBRASKA,31,Dense Fog,1,1,1,0,0,0,
2025,NEBRASKA,31,Drought,192,192,0,0,0,0,
2025,NEBRASKA,31,Dust Storm,10,10,0,0,0,0,
2025,NEBRASKA,31,Excessive Heat,74,74,0,0,0,0,
2025,NEBRASKA,31,Extreme Cold/Wind Chill,133,133,1,0,0,0,
2025,NEBRASKA,31,Flash Flood,29,29,0,0,577000,1000,
2025,NEBRASKA,31,Flood,5,5,0,0,1000,0,
2025,NEBRASKA,31,Funnel Cloud,1,1,0,0,0,0,
2025,NEBRASKA,31,Hail,441,441,0,0,6020000,1010000,4
2025,NEBRASKA,31,Heat,2,2,0,0,0,0,
2025,NEBRASKA,31,Heavy Rain,5,5,0,0,0,0,
2025,NEBRASKA,31,Heavy Snow,2,2,0,0,0,0,
2025,NEBRASKA,31,High Wind,318,318,0,0,65000,0,72
2025,NEBRASKA,31,Thunderstorm Wind,350,350,1,8,43101810,55020000,104
2025,NEBRASKA,31,Tornado,44,44,0,0,3155000,0,
2025,NEBRASKA,31,Wildfire,4,4,0,2,150000,580000,
2025,NEBRASKA,31,Winter Storm,22,22,0,0,0,0,
2025,NEBRASKA,31,Winter Weather,126,126,2,0,0,0,
2025,NEVADA,32,Avalanche,1,1,0,0,0,0,
2025,NEVADA,32,Debris Flow,4,4,0,0,45000,0,
2025,NEVADA,32,Dust Storm,5,5,0,0,0,0,
2025,NEVADA,32,Excessive Heat,33,33,41,0,0,0,
2025,NEVADA,32,Flash Flood,30,30,1,1,1724000,0,
2025,NEVADA,32,Flood,2,2,0,0,2000,0,
2025,NEVADA,32,Hail,10,10,0,0,0,0,1.5
2025,NEVADA,32,Heat,19,19,53,0,0,0,
2025,NEVADA,32,Heavy Rain,13,13,1,1,0,0,
2025,NEVADA,32,Heavy Snow,34,34,0,0,0,0,
2025,NEVADA,32,High Wind,214,214,0,0,100000,0,118
2025,NEVADA,32,Lightning,2,2,0,0,10100,0,
2025,NEVADA,32,Strong Wind,4,4,0,0,10000,0,49
2025,NEVADA,32,Thunderstorm Wind,62,62,0,0,1215000,0,67
2025,NEVADA,32,Wildfire,1,1,0,0,0,0,
2025,NEVADA,32,Winter Weather,13,13,0,0,0,0,
2025,NEW HAMPSHIRE,33,Drought,45,45,0,0,0,0,
2025,NEW HAMPSHIRE,33,Flash Flood,7,7,0,0,5000,0,
2025,NEW HAMPSHIRE,33,Flood,6,6,0,0,0,0,
2025,NEW HAMPSHIRE,33,Hail,29,29,0,0,1100,0,1.75
2025,NEW HAMPSHIRE,33,Lightning,2,2,0,2,0,0,
2025,NEW HAMPSHIRE,33,Rip Current,1,1,1,1,0,0,
2025,NEW HAMPSHIRE,33,Thunderstorm Wind,53,53,0,0,61000,0,91
2025,NEW HAMPSHIRE,33,Winter Storm,49,49,0,0,0,0,
2025,NEW HAMPSHIRE,33,Winter Weather,6,6,0,0,0,0,
2025,NEW JERSEY,34,Coastal Flood,23,23,0,0,0,0,
2025,NEW JERSEY,34,Dense Fog,56,56,0,0,0,0,
2025,NEW JERSEY,34,Excessive Heat,60,60,0,166,0,0,
2025,NEW JERSEY,34,Flash Flood,78,78,2,0,220000,0,
2025,NEW JERSEY,34,Flood,3,3,0,0,5000,0,
2025,NEW JERSEY,34,Hail,8,8,0,0,0,0,1.75
2025,NEW JERSEY,34,Heavy Snow,2,2,0,0,0,0,
2025,NEW JERSEY,34,High Wind,29,29,0,0,0,0,62
2025,NEW JERSEY,34,Lightning,8,8,2,15,38000,0,
2025,NEW JERSEY,34,Rip Current,3,3,3,4,0,0,
2025,NEW JERSEY,34,Strong Wind,1,1,0,0,0,0,45
2025,NEW JERSEY,34,Thunderstorm Wind,208,208,2,4,198500,0,87
2025,NEW JERSEY,34,Tornado,2,2,0,0,60000,0,
2025,NEW JERSEY,34,Wildfire,2,2,0,0,300000,0,
2025,NEW JERSEY,34,Winter Storm,29,29,0,0,0,0,
2025,NEW JERSEY,34,Winter Weather,148,148,0,0,0,0,
2025,NEW MEXICO,35,Debris Flow,11,11,3,2,50085000,0,
2025,NEW MEXICO,35,Drought,400,400,0,0,0,0,
2025,NEW MEXICO,35,Dust Storm,88,88,4,15,1501000,0,
2025,NEW MEXICO,35,Extreme Cold/Wind Chill,31,31,0,0,0,0,
2025,NEW MEXICO,35,Flash Flood,120,120,4,0,1345000,10000,
2025,NEW MEXICO,35,Flood,6,6,0,0,0,0,
2025,NEW MEXICO,35,Funnel Cloud,5,5,0,0,0,0,
2025,NEW MEXICO,35,Hail,164,164,0,0,487500,3000,3
2025,NEW MEXICO,35,Heavy Rain,1,1,0,0,0,0,
2025,NEW MEXICO,35,Heavy Snow,40,40,0,0,1500000,0,
2025,NEW MEXICO,35,High Wind,306,306,0,0,511250,0,88
2025,NEW MEXICO,35,Strong Wind,5,5,0,0,0,0,35
2025,NEW MEXICO,35,Thunderstorm Wind,115,115,0,0,226500,3400,72
2025,NEW MEXICO,35,Tornado,15,15,0,0,100000,10000,
2025,NEW MEXICO,35,Wildfire,16,16,0,2,6050000,0,
2025,NEW MEXICO,35,Winter Storm,9,9,0,0,0,0,
2025,NEW MEXICO,35,Winter Weather,12,12,1,1,250000,0,
2025,NEW YORK,36,Astronomical Low Tide,1,1,0,0,0,0,
2025,NEW YORK,36,Blizzard,1,1,0,0,0,0,
2025,NEW YORK,36,Cold/Wind Chill,36,36,0,0,0,0,
2025,NEW YORK,36,Drought,5,5,0,0,0,0,
2025,NEW YORK,36,Excessive Heat,15,15,1,0,0,0,
2025,NEW YORK,36,Flash Flood,184,184,1,0,1993000,85000,
2025,NEW YORK,36,Flood,17,17,0,0,242000,3000,
2025,NEW YORK,36,Funnel Cloud,1,1,0,0,0,0,
2025,NEW YORK,36,Hail,87,87,0,0,20050000,0,2.5
2025,NEW YORK,36,Heat,162,162,0,0,0,0,
2025,NEW YORK,36,Heavy Rain,9,9,0,0,0,0,
2025,NEW YORK,36,Heavy Snow,14,14,0,0,0,0,
2025,NEW YORK,36,High Wind,67,67,0,1,120500,0,69
2025,NEW YORK,36,Ice Storm,16,16,0,0,0,0,
2025,NEW YORK,36,Lake-Effect Snow,117,117,0,3,2348000,0,
2025,NEW YORK,36,Lightning,5,5,0,2,395000,0,
2025,NEW YORK,36,Rip Current,1,1,1,0,0,0,
2025,NEW YORK,36,Strong Wind,258,258,2,1,18500,2000,49
2025,NEW YORK,36,Thunderstorm Wind,635,635,0,5,6889550,3000,83
2025,NEW YORK,36,Tornado,7,7,3,0,639000,0,
2025,NEW YORK,36,Winter Storm,121,121,0,0,0,0,
2025,NEW YORK,36,Winter Weather,334,334,3,8,22500,0,
2025,NORTH CAROLINA,37,Astronomical Low Tide,1,1,0,0,0,0,
2025,NORTH CAROLINA,37,Coastal Flood,12,12,0,0,0,0,
2025,NORTH CAROLINA,37,Cold/Wind Chill,55,55,0,0,0,0,
2025,NORTH CAROLINA,37,Drought,27,27,0,0,0,0,
2025,NORTH CAROLINA,37,Excessive Heat,152,152,0,0,0,0,
2025,NORTH CAROLINA,37,Extreme Cold/Wind Chill,1,1,0,0,0,0,
2025,NORTH CAROLINA,37,Flash Flood,216,216,8,0,40615000,0,
2025,NORTH CAROLINA,37,Flood,10,10,0,0,21000,0,
2025,NORTH CAROLINA,37,Frost/Freeze,30,30,0,0,0,0,
2025,NORTH CAROLINA,37,Funnel Cloud,1,1,0,0,0,0,
2025,NORTH CAROLINA,37,Hail,139,139,0,0,4000,0,2.5
2025,NORTH CAROLINA,37,Heavy Rain,1,1,0,0,0,0,
2025,NORTH CAROLINA,37,Heavy Snow,18,18,0,0,10000,0,
2025,NORTH CAROLINA,37,High Wind,38,38,2,0,757500,0,65
2025,NORTH CAROLINA,37,Lightning,11,11,2,3,152000,0,
2025,NORTH CAROLINA,37,Rip Current,7,7,1,0,0,0,
2025,NORTH CAROLINA,37,Storm Surge/Tide,2,2,0,0,0,0,
2025,NORTH CAROLINA,37,Strong Wind,10,10,0,1,10000,0,48
2025,NORTH CAROLINA,37,Thunderstorm Wind,734,734,0,0,2424750,15000,82
2025,NORTH CAROLINA,37,Tornado,16,16,0,8,2635000,0,
2025,NORTH CAROLINA,37,Tropical Storm,6,6,0,0,0,0,
2025,NORTH CAROLINA,37,Winter Storm,105,105,0,0,400000,0,
2025,NORTH CAROLINA,37,Winter Weather,87,87,0,0,0,0,
2025,NORTH DAKOTA,38,Blizzard,44,44,0,2,0,0,
2025,NORTH DAKOTA,38,Cold/Wind Chill,36,36,0,0,0,0,
2025,NORTH DAKOTA,38,Drought,80,80,0,0,0,0,
2025,NORTH DAKOTA,38,Extreme Cold/Wind Chill,100,100,0,0,0,0,
2025,NORTH DAKOTA,38,Flash Flood,11,11,0,0,570000,0,
2025,NORTH DAKOTA,38,Funnel Cloud,7,7,0,0,0,0,
2025,NORTH DAKOTA,38,Hail,198,198,0,0,12990000,150000,3.5
2025,NORTH DAKOTA,38,Heavy Snow,46,46,0,0,0,0,
2025,NORTH DAKOTA,38,High Wind,111,111,0,0,100000,0,79
2025,NORTH DAKOTA,38,Thunderstorm Wind,345,345,1,1,12996000,120000,96
2025,NORTH DAKOTA,38,Tornado,91,91,3,0,5905000,100000,
2025,NORTH DAKOTA,38,Winter Storm,1,1,0,0,0,0,
2025,OHIO,39,Cold/Wind Chill,10,10,0,0,0,0,
2025,OHIO,39,Drought,12,12,0,0,0,0,
2025,OHIO,39,Extreme Cold/Wind Chill,1,1,0,0,0,0,
2025,OHIO,39,Flash Flood,141,141,1,0,2152000,0,
2025,OHIO,39,Flood,178,178,0,0,57000,0,
2025,OHIO,39,Hail,176,176,0,0,22000,0,3
2025,OHIO,39,Heavy Rain,1,1,0,0,0,0,
2025,OHIO,39,Heavy Snow,9,9,0,0,0,0,
2025,OHIO,39,Ice Storm,4,4,0,0,0,0,
2025,OHIO,39,Lake-Effect Snow,13,13,0,0,0,0,
2025,OHIO,39,Lightning,1,1,1,0,0,0,
2025,OHIO,39,Strong Wind,19,19,0,0,20000,0,41
2025,OHIO,39,Thunderstorm Wind,717,717,0,1,2547300,15000,80
2025,OHIO,39,Tornado,33,33,0,2,2467500,0,
2025,OHIO,39,Winter Storm,88,88,0,0,0,0,
2025,OHIO,39,Winter Weather,213,213,0,0,0,0,
2025,OKLAHOMA,40,Cold/Wind Chill,148,148,0,0,0,0,
2025,OKLAHOMA,40,Drought,47,47,0,0,0,0,
2025,OKLAHOMA,40,Dust Storm,4,4,1,6,100000,0,
2025,OKLAHOMA,40,Excessive Heat,89,89,0,0,0,0,
2025,OKLAHOMA,40,Extreme Cold/Wind Chill,82,82,0,0,0,0,
2025,OKLAHOMA,40,Flash Flood,107,107,5,1,1485000,0,
2025,OKLAHOMA,40,Flood,30,30,2,0,325000,0,
2025,OKLAHOMA,40,Funnel Cloud,1,1,0,0,0,0,
2025,OKLAHOMA,40,Hail,836,836,0,0,2256000,0,4.5
2025,OKLAHOMA,40,Heat,517,517,0,0,0,0,
2025,OKLAHOMA,40,Heavy Snow,28,28,0,0,0,0,
2025,OKLAHOMA,40,High Wind,250,250,0,0,620000,0,72
2025,OKLAHOMA,40,Lightning,2,2,2,1,0,0,
2025,OKLAHOMA,40,Thunderstorm Wind,549,549,1,4,5254000,25000,104
2025,OKLAHOMA,40,Tornado,115,115,1,7,17201000,0,
2025,OKLAHOMA,40,Wildfire,36,36,2,0,60363100,0,
2025,OKLAHOMA,40,Winter Storm,37,37,0,0,0,0,
2025,OKLAHOMA,40,Winter Weather,14,14,3,29,2000,0,
2025,OREGON,41,Cold/Wind Chill,1,1,1,1,0,0,
2025,OREGON,41,Debris Flow,4,4,0,0,2000,0,
2025,OREGON,41,Excessive Heat,2,2,4,0,0,0,
2025,OREGON,41,Extreme Cold/Wind Chill,5,5,0,0,0,0,
2025,OREGON,41,Flood,27,27,0,0,1055000,5000,
2025,OREGON,41,Frost/Freeze,23,23,0,0,0,0,
2025,OREGON,41,Funnel Cloud,6,6,0,0,0,0,
2025,OREGON,41,Hail,2,2,0,0,0,0,1.5
2025,OREGON,41,Heavy Snow,33,33,0,0,60000,0,
2025,OREGON,41,High Surf,4,4,0,0,0,0,
2025,OREGON,41,High Wind,28,28,0,3,2000,0,74
2025,OREGON,41,Ice Storm,5,5,0,0,0,0,
2025,OREGON,41,Sneakerwave,13,13,1,1,0,0,
2025,OREGON,41,Strong Wind,2,2,0,3,8000,0,43
2025,OREGON,41,Thunderstorm Wind,15,15,0,0,153000,0,62
2025,OREGON,41,Tornado,1,1,0,0,0,0,
2025,OREGON,41,Wildfire,14,14,0,0,0,0,
2025,OREGON,41,Winter Storm,28,28,0,0,40000,0,
2025,PENNSYLVANIA,42,Blizzard,2,2,0,0,0,0,
2025,PENNSYLVANIA,42,Cold/Wind Chill,52,52,0,0,0,0,
2025,PENNSYLVANIA,42,Dense Fog,58,58,0,1,0,0,
2025,PENNSYLVANIA,42,Drought,36,36,0,0,0,0,
2025,PENNSYLVANIA,42,Dust Devil,1,1,0,0,0,0,
2025,PENNSYLVANIA,42,Excessive Heat,46,46,0,0,0,0,
2025,PENNSYLVANIA,42,Extreme Cold/Wind Chill,2,2,2,0,0,0,
2025,PENNSYLVANIA,42,Flash Flood,417,417,0,1,2916700,0,
2025,PENNSYLVANIA,42,Flood,50,50,0,0,20000,0,
2025,PENNSYLVANIA,42,Funnel Cloud,3,3,0,0,0,0,
2025,PENNSYLVANIA,42,Hail,132,132,0,0,0,0,2.5
2025,PENNSYLVANIA,42,Heat,33,33,0,0,0,0,
2025,PENNSYLVANIA,42,Heavy Snow,18,18,0,0,0,0,
2025,PENNSYLVANIA,42,High Wind,35,35,1,1,29000,0,57
2025,PENNSYLVANIA,42,Ice Storm,6,6,0,0,50000,0,
2025,PENNSYLVANIA,42,Lake-Effect Snow,20,20,0,2,50000,0,
2025,PENNSYLVANIA,42,Lightning,12,12,0,2,136000,0,
2025,PENNSYLVANIA,42,Strong Wind,28,28,0,0,308000,0,48
2025,PENNSYLVANIA,42,Thunderstorm Wind,1010,1010,7,9,6164000,9000,104
2025,PENNSYLVANIA,42,Tornado,23,23,0,0,1077000,0,
2025,PENNSYLVANIA,42,Wildfire,2,2,0,0,800000,1100000,
2025,PENNSYLVANIA,42,Winter Storm,43,43,0,0,0,0,
2025,PENNSYLVANIA,42,Winter Weather,220,220,3,20,441000,0,
2025,PUERTO RICO,99,Coastal Flood,20,20,0,0,39900,0,
2025,PUERTO RICO,99,Debris Flow,58,58,0,0,280600,0,
2025,PUERTO RICO,99,Flash Flood,123,123,3,1,655000,0,
2025,PUERTO RICO,99,Flood,128,128,0,0,454700,0,
2025,PUERTO RICO,99,Funnel Cloud,6,6,0,0,0,0,
2025,PUERTO RICO,99,Hail,2,2,0,0,350,0,0.25
2025,PUERTO RICO,99,High Surf,4,4,2,0,3500,0,
2025,PUERTO RICO,99,Lightning,14,14,1,5,46000,200,
2025,PUERTO RICO,99,Rip Current,12,12,9,10,0,0,
2025,PUERTO RICO,99,Strong Wind,4,4,0,0,33150,0,30
2025,PUERTO RICO,99,Thunderstorm Wind,69,69,1,1,281050,0,52
2025,RHODE ISLAND,44,Excessive Heat,1,1,0,3,0,0,
2025,RHODE ISLAND,44,Flash Flood,1,1,0,0,0,0,
2025,RHODE ISLAND,44,Hail,1,1,0,0,0,0,1
2025,RHODE ISLAND,44,High Wind,2,2,0,0,0,0,70
2025,RHODE ISLAND,44,Lightning,4,4,0,0,30300,0,
2025,RHODE ISLAND,44,Strong Wind,6,6,1,1,13800,0,43
2025,RHODE ISLAND,44,Thunderstorm Wind,10,10,0,0,17600,0,56
2025,SOUTH CAROLINA,45,Coastal Flood,39,39,0,0,0,0,
2025,SOUTH CAROLINA,45,Cold/Wind Chill,5,5,0,0,0,0,
2025,SOUTH CAROLINA,45,Excessive Heat,1,1,1,0,0,0,
2025,SOUTH CAROLINA,45,Flash Flood,123,123,0,0,174000,0,
2025,SOUTH CAROLINA,45,Flood,10,10,0,0,25000,0,
2025,SOUTH CAROLINA,45,Freezing Fog,2,2,0,3,0,0,
2025,SOUTH CAROLINA,45,Hail,81,81,0,0,5500,0,2
2025,SOUTH CAROLINA,45,Heavy Rain,4,4,2,26,0,0,
2025,SOUTH CAROLINA,45,Heavy Snow,14,14,0,0,0,0,
2025,SOUTH CAROLINA,45,Lightning,20,20,0,22,492000,0,
2025,SOUTH CAROLINA,45,Rip Current,7,7,2,2,0,0,
2025,SOUTH CAROLINA,45,Strong Wind,9,9,0,0,10000,0,45
2025,SOUTH CAROLINA,45,Thunderstorm Wind,502,502,0,3,459500,0,78
2025,SOUTH CAROLINA,45,Tornado,9,9,0,0,0,0,
2025,SOUTH CAROLINA,45,Wildfire,3,3,0,0,10000,0,
2025,SOUTH CAROLINA,45,Winter Storm,41,41,0,0,0,0,
2025,SOUTH CAROLINA,45,Winter Weather,19,19,0,2,0,0,
2025,SOUTH DAKOTA,46,Blizzard,15,15,0,0,0,0,
2025,SOUTH DAKOTA,46,Cold/Wind Chill,33,33,1,0,0,0,
2025,SOUTH DAKOTA,46,Drought,148,148,0,0,0,0,
2025,SOUTH DAKOTA,46,Dust Storm,2,2,0,0,0,0,
2025,SOUTH DAKOTA,46,Excessive Heat,102,102,0,0,0,0,
2025,SOUTH DAKOTA,46,Extreme Cold/Wind Chill,178,178,0,0,0,0,
2025,SOUTH DAKOTA,46,Flash Flood,19,19,0,0,60000,0,
2025,SOUTH DAKOTA,46,Flood,73,73,0,0,0,0,
2025,SOUTH DAKOTA,46,Funnel Cloud,16,16,0,0,0,0,
2025,SOUTH DAKOTA,46,Hail,329,329,0,0,0,0,4.5
2025,SOUTH DAKOTA,46,Heat,23,23,0,0,0,0,
2025,SOUTH DAKOTA,46,Heavy Rain,1,1,0,0,0,0,
2025,SOUTH DAKOTA,46,Heavy Snow,22,22,0,0,0,0,
2025,SOUTH DAKOTA,46,High Wind,388,388,0,0,0,0,88
2025,SOUTH DAKOTA,46,Ice Storm,2,2,0,0,0,0,
2025,SOUTH DAKOTA,46,Lightning,2,2,0,0,102000,0,
2025,SOUTH DAKOTA,46,Strong Wind,42,42,0,0,0,0,49
2025,SOUTH DAKOTA,46,Thunderstorm Wind,749,749,0,0,0,0,100
2025,SOUTH DAKOTA,46,Tornado,20,20,0,10,1000000,0,
2025,SOUTH DAKOTA,46,Wildfire,12,12,0,0,0,65000,
2025,SOUTH DAKOTA,46,Winter Storm,42,42,1,1,0,0,
2025,SOUTH DAKOTA,46,Winter Weather,182,182,1,2,0,0,
2025,ST LAWRENCE R,93,Marine Thunderstorm Wind,1,1,0,0,0,0,50
2025,TENNESSEE,47,Cold/Wind Chill,15,15,0,0,0,0,
2025,TENNESSEE,47,Drought,106,106,0,0,0,0,
2025,TENNESSEE,47,Excessive Heat,90,90,0,0,0,0,
2025,TENNESSEE,47,Extreme Cold/Wind Chill,4,4,0,0,0,0,
2025,TENNESSEE,47,Flash Flood,227,227,2,0,15068000,0,
2025,TENNESSEE,47,Flood,72,72,0,0,4350000,0,
2025,TENNESSEE,47,Frost/Freeze,3,3,0,0,0,0,
2025,TENNESSEE,47,Funnel Cloud,1,1,0,0,0,0,
2025,TENNESSEE,47,Hail,382,382,0,0,85000,0,3
2025,TENNESSEE,47,Heat,459,459,2,0,0,0,
2025,TENNESSEE,47,Heavy Rain,1,1,3,0,25000,0,
2025,TENNESSEE,47,Heavy Snow,43,43,0,0,0,0,
2025,TENNESSEE,47,High Wind,31,31,0,0,726000,0,86
2025,TENNESSEE,47,Lightning,10,10,0,3,492000,0,
2025,TENNESSEE,47,Strong Wind,30,30,0,0,656500,0,48
2025,TENNESSEE,47,Thunderstorm Wind,658,658,1,4,5662500,0,87
2025,TENNESSEE,47,Tornado,60,60,9,27,26515000,200000,
2025,TENNESSEE,47,Winter Storm,78,78,0,0,0,0,
2025,TENNESSEE,47,Winter Weather,73,73,0,0,0,0,
2025,TEXAS,48,Astronomical Low Tide,11,11,0,0,0,0,
2025,TEXAS,48,Blizzard,1,1,0,0,0,0,
2025,TEXAS,48,Coastal Flood,1,1,0,0,0,0,
2025,TEXAS,48,Cold/Wind Chill,188,188,0,0,0,0,
2025,TEXAS,48,Dense Fog,2,2,0,4,0,0,
2025,TEXAS,48,Drought,611,611,0,0,0,0,
2025,TEXAS,48,Dust Storm,55,55,0,0,375000,0,
2025,TEXAS,48,Excessive Heat,11,11,0,0,0,0,
2025,TEXAS,48,Extreme Cold/Wind Chill,46,46,0,0,0,0,
2025,TEXAS,48,Flash Flood,624,624,145,0,427962000,0,
2025,TEXAS,48,Flood,50,50,0,0,172200,0,
2025,TEXAS,48,Frost/Freeze,54,54,0,0,0,0,
2025,TEXAS,48,Funnel Cloud,6,6,0,0,0,0,
2025,TEXAS,48,Hail,1453,1453,0,5,5457750,250000,6
2025,TEXAS,48,Heat,347,347,2,18,0,0,
2025,TEXAS,48,Heavy Rain,50,50,0,0,0,0,
2025,TEXAS,48,Heavy Snow,18,18,0,0,0,0,
2025,TEXAS,48,High Wind,448,448,0,0,80000,0,83
2025,TEXAS,48,Ice Storm,5,5,0,0,0,0,
2025,TEXAS,48,Lightning,41,41,3,20,6540000,0,
2025,TEXAS,48,Rip Current,11,11,3,0,0,0,
2025,TEXAS,48,Sleet,5,5,0,0,0,0,
2025,TEXAS,48,Strong Wind,21,21,0,0,47000,0,49
2025,TEXAS,48,Thunderstorm Wind,1205,1205,2,15,30255700,2000000,104
2025,TEXAS,48,Tornado,143,143,0,12,16062500,10000,
2025,TEXAS,48,Wildfire,16,16,0,0,1520000,0,
2025,TEXAS,48,Winter Storm,87,87,2,0,0,0,
2025,TEXAS,48,Winter Weather,131,131,0,0,10000,0,
2025,UTAH,49,Avalanche,5,5,3,2,10000,0,
2025,UTAH,49,Debris Flow,1,1,0,0,1000,0,
2025,UTAH,49,Dense Fog,6,6,0,0,0,0,
2025,UTAH,49,Drought,29,29,0,0,0,0,
2025,UTAH,49,Dust Storm,1,1,0,0,0,0,
2025,UTAH,49,Extreme Cold/Wind Chill,29,29,0,0,0,0,
2025,UTAH,49,Flash Flood,48,48,0,2,750000,0,
2025,UTAH,49,Flood,6,6,0,0,1055000,0,
2025,UTAH,49,Frost/Freeze,5,5,0,0,0,0,
2025,UTAH,49,Hail,6,6,0,0,20000,0,1.25
2025,UTAH,49,Heavy Rain,2,2,0,0,0,0,
2025,UTAH,49,Heavy Snow,21,21,0,0,0,0,
2025,UTAH,49,High Wind,26,26,0,0,25000,0,74
2025,UTAH,49,Strong Wind,9,9,3,1,57500,0,49
2025,UTAH,49,Thunderstorm Wind,163,163,0,0,44500,0,76
2025,UTAH,49,Tornado,5,5,0,0,0,0,
2025,UTAH,49,Wildfire,6,6,0,0,35000000,11000000,
2025,UTAH,49,Winter Storm,8,8,0,0,25000,0,
2025,UTAH,49,Winter Weather,18,18,1,3,425000,0,
2025,VERMONT,50,Cold/Wind Chill,2,2,0,0,0,0,
2025,VERMONT,50,Drought,9,9,0,0,0,0,
2025,VERMONT,50,Excessive Heat,1,1,0,0,0,0,
2025,VERMONT,50,Extreme Cold/Wind Chill,2,2,0,0,0,0,
2025,VERMONT,50,Flash Flood,11,11,0,0,1591000,400000,
2025,VERMONT,50,Flood,2,2,0,0,50000,0,
2025,VERMONT,50,Hail,12,12,0,0,20000,0,1.75
2025,VERMONT,50,Heat,25,25,0,0,0,0,
2025,VERMONT,50,High Wind,14,14,0,0,110000,0,60
2025,VERMONT,50,Ice Storm,4,4,0,0,0,0,
2025,VERMONT,50,Strong Wind,45,45,0,0,1500,0,49
2025,VERMONT,50,Thunderstorm Wind,33,33,0,0,268000,0,65
2025,VERMONT,50,Winter Storm,58,58,0,0,0,0,
2025,VERMONT,50,Winter Weather,160,160,0,0,0,0,
2025,VIRGIN ISLANDS,96,Debris Flow,1,1,0,0,1100,0,
2025,VIRGIN ISLANDS,96,Flash Flood,3,3,0,0,7600,0,
2025,VIRGINIA,51,Astronomical Low Tide,6,6,0,0,1000,0,
2025,VIRGINIA,51,Avalanche,1,1,0,0,3500,0,
2025,VIRGINIA,51,Coastal Flood,88,88,0,0,440000,0,
2025,VIRGINIA,51,Cold/Wind Chill,45,45,0,0,0,0,
2025,VIRGINIA,51,Debris Flow,3,3,0,0,15000,0,
2025,VIRGINIA,51,Excessive Heat,82,82,0,0,0,0,
2025,VIRGINIA,51,Extreme Cold/Wind Chill,5,5,0,0,0,0,
2025,VIRGINIA,51,Flash Flood,485,485,2,0,16995500,0,
2025,VIRGINIA,51,Flood,100,100,0,0,66000,0,
2025,VIRGINIA,51,Funnel Cloud,3,3,0,0,0,0,
2025,VIRGINIA,51,Hail,78,78,0,0,26000,6000,2
2025,VIRGINIA,51,Heat,1,1,1,0,0,0,
2025,VIRGINIA,51,Heavy Rain,10,10,0,0,0,0,
2025,VIRGINIA,51,Heavy Snow,61,61,0,0,35000,0,
2025,VIRGINIA,51,High Wind,73,73,0,0,371000,0,62
2025,VIRGINIA,51,Ice Storm,2,2,0,0,0,0,
2025,VIRGINIA,51,Lightning,15,15,0,0,259200,0,
2025,VIRGINIA,51,Rip Current,2,2,2,2,0,0,
2025,VIRGINIA,51,Strong Wind,17,17,0,1,18500,14000,46
2025,VIRGINIA,51,Thunderstorm Wind,1096,1096,2,3,5402250,8250,70
2025,VIRGINIA,51,Tornado,3,3,0,0,99000,0,
2025,VIRGINIA,51,Tropical Storm,2,2,0,0,0,0,
2025,VIRGINIA,51,Winter Storm,217,217,0,0,1017500,146000,
2025,VIRGINIA,51,Winter Weather,237,237,0,0,1000,0,
2025,WASHINGTON,53,Avalanche,2,2,1,0,9000,0,
2025,WASHINGTON,53,Coastal Flood,1,1,0,0,10000,0,
2025,WASHINGTON,53,Dust Storm,2,2,0,0,15000,0,
2025,WASHINGTON,53,Flood,30,30,0,0,526500,0,
2025,WASHINGTON,53,Frost/Freeze,3,3,0,0,0,0,
2025,WASHINGTON,53,Funnel Cloud,2,2,0,0,0,0,
2025,WASHINGTON,53,Heat,2,2,0,0,0,0,
2025,WASHINGTON,53,Heavy Rain,4,4,0,0,0,0,
2025,WASHINGTON,53,Heavy Snow,36,36,0,6,74000,0,
2025,WASHINGTON,53,High Wind,33,33,0,0,421000,0,74
2025,WASHINGTON,53,Strong Wind,9,9,0,0,3900,0,45
2025,WASHINGTON,53,Thunderstorm Wind,11,11,0,0,50500,0,74
2025,WASHINGTON,53,Wildfire,38,38,0,0,543468000,0,
2025,WASHINGTON,53,Winter Storm,1,1,0,0,0,0,
2025,WASHINGTON,53,Winter Weather,22,22,0,0,0,0,
2025,WEST VIRGINIA,54,Blizzard,10,10,0,0,0,0,
2025,WEST VIRGINIA,54,Cold/Wind Chill,36,36,0,0,0,0,
2025,WEST VIRGINIA,54,Debris Flow,7,7,0,0,20000,0,
2025,WEST VIRGINIA,54,Drought,92,92,0,0,0,0,
2025,WEST VIRGINIA,54,Excessive Heat,4,4,0,0,0,0,
2025,WEST VIRGINIA,54,Extreme Cold/Wind Chill,8,8,0,0,0,0,
2025,WEST VIRGINIA,54,Flash Flood,244,244,12,0,11081500,0,
2025,WEST VIRGINIA,54,Flood,284,284,0,0,10108550,0,
2025,WEST VIRGINIA,54,Funnel Cloud,1,1,0,0,0,0,
2025,WEST VIRGINIA,54,Hail,104,104,0,0,8000,0,2.25
2025,WEST VIRGINIA,54,Heavy Rain,1,1,0,0,0,0,
2025,WEST VIRGINIA,54,Heavy Snow,114,114,0,0,0,0,
2025,WEST VIRGINIA,54,High Wind,38,38,0,0,65500,0,65
2025,WEST VIRGINIA,54,Ice Storm,7,7,0,0,0,0,
2025,WEST VIRGINIA,54,Lightning,2,2,0,0,6250,0,
2025,WEST VIRGINIA,54,Strong Wind,88,88,0,0,298000,0,49
2025,WEST VIRGINIA,54,Thunderstorm Wind,681,681,1,2,1879500,0,65
2025,WEST VIRGINIA,54,Winter Storm,136,136,0,0,23000,0,
2025,WEST VIRGINIA,54,Winter Weather,330,330,0,0,0,0,
2025,WISCONSIN,55,Blizzard,2,2,0,0,0,0,
2025,WISCONSIN,55,Cold/Wind Chill,12,12,2,0,0,0,
2025,WISCONSIN,55,Dense Fog,1,1,1,0,50000,0,
2025,WISCONSIN,55,Drought,29,29,0,0,0,0,
2025,WISCONSIN,55,Excessive Heat,17,17,0,0,0,0,
2025,WISCONSIN,55,Extreme Cold/Wind Chill,116,116,0,0,0,0,
2025,WISCONSIN,55,Flash Flood,37,37,1,1,170117000,25000,
2025,WISCONSIN,55,Flood,32,32,1,1,3028000,6000,
2025,WISCONSIN,55,Hail,359,359,0,0,298000,435000,4
2025,WISCONSIN,55,Heat,16,16,0,0,0,0,
2025,WISCONSIN,55,Heavy Rain,5,5,0,0,25000,0,
2025,WISCONSIN,55,Heavy Snow,78,78,0,0,50000,0,
2025,WISCONSIN,55,High Wind,4,4,0,0,0,0,53
2025,WISCONSIN,55,Ice Storm,20,20,0,0,0,40000,
2025,WISCONSIN,55,Lake-Effect Snow,2,2,0,0,0,0,
2025,WISCONSIN,55,Lightning,3,3,1,0,165000,0,
2025,WISCONSIN,55,Rip Current,1,1,1,0,0,0,
2025,WISCONSIN,55,Strong Wind,3,3,0,0,32000,0,41
2025,WISCONSIN,55,Thunderstorm Wind,317,317,1,4,855500,111000,87
2025,WISCONSIN,55,Tornado,42,42,0,1,8193000,203000,
2025,WISCONSIN,55,Wildfire,1,1,0,0,0,0,
2025,WISCONSIN,55,Winter Storm,142,142,1,1,25000,0,
2025,WISCONSIN,55,Winter Weather,237,237,0,0,25000,0,
2025,WYOMING,56,Avalanche,4,4,2,1,0,0,
2025,WYOMING,56,Cold/Wind Chill,1,1,0,0,0,0,
2025,WYOMING,56,Debris Flow,1,1,0,0,0,0,
2025,WYOMING,56,Dense Fog,1,1,0,0,0,0,
2025,WYOMING,56,Extreme Cold/Wind Chill,26,26,0,0,0,0,
2025,WYOMING,56,Flash Flood,8,8,0,0,30000,10000,
2025,WYOMING,56,Funnel Cloud,1,1,0,0,0,0,
2025,WYOMING,56,Hail,106,106,0,0,1000000,0,3
2025,WYOMING,56,Heat,9,9,0,0,0,0,
2025,WYOMING,56,Heavy Snow,29,29,0,0,0,0,
2025,WYOMING,56,High Wind,430,430,0,0,654000,0,107
2025,WYOMING,56,Thunderstorm Wind,164,164,0,0,34000,0,76
2025,WYOMING,56,Tornado,9,9,0,0,1000,0,
2025,WYOMING,56,Wildfire,7,7,0,0,0,0,
2025,WYOMING,56,Winter Storm,127,127,0,0,0,0,
2025,WYOMING,56,Winter Weather,40,40,0,0,0,0,
