year,site_id,time_series_id,site_name,state,county,latitude,longitude,groundwater_mean_ft,change_from_2021_ft,change_from_previous_ft,observation_count,baseline_year,baseline_date,latest_date
2021,AR008-362155094254801,7a31b759fa7346c3bd8259bf155eabb1,,,,36.365278,-94.43,70.938,0,,12,2021,2021-01-15,2025-12-15
2022,AR008-362155094254801,7a31b759fa7346c3bd8259bf155eabb1,,,,36.365278,-94.43,70.565,-0.373,-0.373,11,2021,2021-01-15,2025-12-15
2023,AR008-362155094254801,7a31b759fa7346c3bd8259bf155eabb1,,,,36.365278,-94.43,71.509,0.571,0.944,12,2021,2021-01-15,2025-12-15
2024,AR008-362155094254801,7a31b759fa7346c3bd8259bf155eabb1,,,,36.365278,-94.43,73.89,2.952,2.381,12,2021,2021-01-15,2025-12-15
2025,AR008-362155094254801,7a31b759fa7346c3bd8259bf155eabb1,,,,36.365278,-94.43,73.739,2.801,-0.151,12,2021,2021-01-15,2025-12-15
2021,AZ014-344354112014901,d6187aa4245e4fc1b11c57a3d947e86b,,,,34.730799,-112.032269,259.023,0,,12,2021,2021-01-15,2025-05-15
2022,AZ014-344354112014901,d6187aa4245e4fc1b11c57a3d947e86b,,,,34.730799,-112.032269,259.377,0.353,0.353,12,2021,2021-01-15,2025-05-15
2023,AZ014-344354112014901,d6187aa4245e4fc1b11c57a3d947e86b,,,,34.730799,-112.032269,257.226,-1.797,-2.151,12,2021,2021-01-15,2025-05-15
2024,AZ014-344354112014901,d6187aa4245e4fc1b11c57a3d947e86b,,,,34.730799,-112.032269,257.862,-1.161,0.637,12,2021,2021-01-15,2025-05-15
2025,AZ014-344354112014901,d6187aa4245e4fc1b11c57a3d947e86b,,,,34.730799,-112.032269,257.488,-1.535,-0.375,5,2021,2021-01-15,2025-05-15
2021,MO005-360252090173201,d7af00711155466283604f06b2495d07,,,,36.049,-90.292278,8.944,0,,12,2021,2021-01-15,2025-12-15
2022,MO005-360252090173201,d7af00711155466283604f06b2495d07,,,,36.049,-90.292278,9.173,0.229,0.229,12,2021,2021-01-15,2025-12-15
2023,MO005-360252090173201,d7af00711155466283604f06b2495d07,,,,36.049,-90.292278,9.432,0.488,0.259,12,2021,2021-01-15,2025-12-15
2024,MO005-360252090173201,d7af00711155466283604f06b2495d07,,,,36.049,-90.292278,11.264,2.32,1.832,9,2021,2021-01-15,2025-12-15
2025,MO005-360252090173201,d7af00711155466283604f06b2495d07,,,,36.049,-90.292278,8.533,-0.411,-2.731,12,2021,2021-01-15,2025-12-15
2021,MO005-360252090173202,f428b426461646809b61ac1eb12fe745,,,,36.049,-90.292278,-20.119,0,,12,2021,2021-01-15,2025-12-15
2022,MO005-360252090173202,f428b426461646809b61ac1eb12fe745,,,,36.049,-90.292278,-19.245,0.874,0.874,12,2021,2021-01-15,2025-12-15
2023,MO005-360252090173202,f428b426461646809b61ac1eb12fe745,,,,36.049,-90.292278,-20.178,-0.059,-0.933,12,2021,2021-01-15,2025-12-15
2024,MO005-360252090173202,f428b426461646809b61ac1eb12fe745,,,,36.049,-90.292278,-18.635,1.484,1.543,11,2021,2021-01-15,2025-12-15
2025,MO005-360252090173202,f428b426461646809b61ac1eb12fe745,,,,36.049,-90.292278,-19.247,0.872,-0.612,12,2021,2021-01-15,2025-12-15
2021,MO005-360425089485001,474076b0b2384167b02c4dabf1a6f530,,,,36.073528,-89.813556,14.666,0,,12,2021,2021-01-15,2025-12-15
2022,MO005-360425089485001,474076b0b2384167b02c4dabf1a6f530,,,,36.073528,-89.813556,14.747,0.082,0.082,12,2021,2021-01-15,2025-12-15
2023,MO005-360425089485001,474076b0b2384167b02c4dabf1a6f530,,,,36.073528,-89.813556,14.583,-0.082,-0.164,12,2021,2021-01-15,2025-12-15
2024,MO005-360425089485001,474076b0b2384167b02c4dabf1a6f530,,,,36.073528,-89.813556,14.706,0.04,0.123,12,2021,2021-01-15,2025-12-15
2025,MO005-360425089485001,474076b0b2384167b02c4dabf1a6f530,,,,36.073528,-89.813556,13.602,-1.064,-1.104,12,2021,2021-01-15,2025-12-15
2021,MO005-361145089394101,1f420a58099b4d49a4398d69503ec4ca,,,,36.195889,-89.661306,20.054,0,,12,2021,2021-01-15,2025-12-15
2022,MO005-361145089394101,1f420a58099b4d49a4398d69503ec4ca,,,,36.195889,-89.661306,21.342,1.288,1.288,12,2021,2021-01-15,2025-12-15
2023,MO005-361145089394101,1f420a58099b4d49a4398d69503ec4ca,,,,36.195889,-89.661306,23.019,2.965,1.677,12,2021,2021-01-15,2025-12-15
2024,MO005-361145089394101,1f420a58099b4d49a4398d69503ec4ca,,,,36.195889,-89.661306,23.531,3.477,0.512,12,2021,2021-01-15,2025-12-15
2025,MO005-361145089394101,1f420a58099b4d49a4398d69503ec4ca,,,,36.195889,-89.661306,23.77,3.716,0.239,12,2021,2021-01-15,2025-12-15
2021,MO005-362718089552301,9b564f55d9f843158fc9acc507d42c7c,,,,36.455111,-89.923028,-1.481,0,,12,2021,2021-01-15,2025-12-15
2022,MO005-362718089552301,9b564f55d9f843158fc9acc507d42c7c,,,,36.455111,-89.923028,-1.753,-0.272,-0.272,12,2021,2021-01-15,2025-12-15
2023,MO005-362718089552301,9b564f55d9f843158fc9acc507d42c7c,,,,36.455111,-89.923028,-1.159,0.322,0.593,12,2021,2021-01-15,2025-12-15
2024,MO005-362718089552301,9b564f55d9f843158fc9acc507d42c7c,,,,36.455111,-89.923028,-1.92,-0.439,-0.761,12,2021,2021-01-15,2025-12-15
2025,MO005-362718089552301,9b564f55d9f843158fc9acc507d42c7c,,,,36.455111,-89.923028,-2.353,-0.872,-0.433,12,2021,2021-01-15,2025-12-15
2021,MO005-362955089581801,8f316328e3db43efa98e078d82252be8,,,,36.4995,-89.971889,13.591,0,,11,2021,2021-01-15,2025-12-15
2022,MO005-362955089581801,8f316328e3db43efa98e078d82252be8,,,,36.4995,-89.971889,14.202,0.611,0.611,11,2021,2021-01-15,2025-12-15
2023,MO005-362955089581801,8f316328e3db43efa98e078d82252be8,,,,36.4995,-89.971889,14.801,1.21,0.599,12,2021,2021-01-15,2025-12-15
2024,MO005-362955089581801,8f316328e3db43efa98e078d82252be8,,,,36.4995,-89.971889,15.222,1.632,0.422,12,2021,2021-01-15,2025-12-15
2025,MO005-362955089581801,8f316328e3db43efa98e078d82252be8,,,,36.4995,-89.971889,12.523,-1.068,-2.7,12,2021,2021-01-15,2025-12-15
2021,MO005-363236094290301,5d6ace60b2bd4e9a84566860b2ed4639,,,,36.542694,-94.484667,484.113,0,,12,2021,2021-01-15,2025-12-15
2022,MO005-363236094290301,5d6ace60b2bd4e9a84566860b2ed4639,,,,36.542694,-94.484667,482.509,-1.604,-1.604,12,2021,2021-01-15,2025-12-15
2023,MO005-363236094290301,5d6ace60b2bd4e9a84566860b2ed4639,,,,36.542694,-94.484667,487.298,3.185,4.789,12,2021,2021-01-15,2025-12-15
2024,MO005-363236094290301,5d6ace60b2bd4e9a84566860b2ed4639,,,,36.542694,-94.484667,322.531,-161.582,-164.768,12,2021,2021-01-15,2025-12-15
2025,MO005-363236094290301,5d6ace60b2bd4e9a84566860b2ed4639,,,,36.542694,-94.484667,292.859,-191.254,-29.672,11,2021,2021-01-15,2025-12-15
2021,MO005-363436092391001,4cee8d6e166a4c50991db341c8d099f8,,,,36.575639,-92.653028,32.105,0,,11,2021,2021-01-15,2025-12-15
2022,MO005-363436092391001,4cee8d6e166a4c50991db341c8d099f8,,,,36.575639,-92.653028,34.004,1.898,1.898,11,2021,2021-01-15,2025-12-15
2023,MO005-363436092391001,4cee8d6e166a4c50991db341c8d099f8,,,,36.575639,-92.653028,38.554,6.449,4.551,12,2021,2021-01-15,2025-12-15
2024,MO005-363436092391001,4cee8d6e166a4c50991db341c8d099f8,,,,36.575639,-92.653028,40.204,8.099,1.65,12,2021,2021-01-15,2025-12-15
2025,MO005-363436092391001,4cee8d6e166a4c50991db341c8d099f8,,,,36.575639,-92.653028,31.376,-0.73,-8.828,12,2021,2021-01-15,2025-12-15
2021,MO005-363442090364301,39617192729647f0a0900d9302949d48,,,,36.579222,-90.612944,9.952,0,,10,2021,2021-01-15,2025-12-15
2022,MO005-363442090364301,39617192729647f0a0900d9302949d48,,,,36.579222,-90.612944,10.65,0.698,0.698,11,2021,2021-01-15,2025-12-15
2023,MO005-363442090364301,39617192729647f0a0900d9302949d48,,,,36.579222,-90.612944,11.185,1.233,0.535,12,2021,2021-01-15,2025-12-15
2024,MO005-363442090364301,39617192729647f0a0900d9302949d48,,,,36.579222,-90.612944,12.477,2.525,1.292,12,2021,2021-01-15,2025-12-15
2025,MO005-363442090364301,39617192729647f0a0900d9302949d48,,,,36.579222,-90.612944,10.263,0.31,-2.215,12,2021,2021-01-15,2025-12-15
2021,MO005-363551090152801,2493ae1aeb1e4a37af933e68690ba1bb,,,,36.598472,-90.260389,20.705,0,,11,2021,2021-01-15,2025-12-15
2022,MO005-363551090152801,2493ae1aeb1e4a37af933e68690ba1bb,,,,36.598472,-90.260389,20.595,-0.111,-0.111,11,2021,2021-01-15,2025-12-15
2023,MO005-363551090152801,2493ae1aeb1e4a37af933e68690ba1bb,,,,36.598472,-90.260389,21.657,0.952,1.063,8,2021,2021-01-15,2025-12-15
2024,MO005-363551090152801,2493ae1aeb1e4a37af933e68690ba1bb,,,,36.598472,-90.260389,23.027,2.321,1.369,12,2021,2021-01-15,2025-12-15
2025,MO005-363551090152801,2493ae1aeb1e4a37af933e68690ba1bb,,,,36.598472,-90.260389,23.307,2.601,0.28,12,2021,2021-01-15,2025-12-15
2021,MO005-363728093150401,b09fde2822e647a7ac113562abf8429f,,,,36.624528,-93.251694,186.658,0,,12,2021,2021-01-15,2025-12-15
2022,MO005-363728093150401,b09fde2822e647a7ac113562abf8429f,,,,36.624528,-93.251694,182.643,-4.015,-4.015,12,2021,2021-01-15,2025-12-15
2023,MO005-363728093150401,b09fde2822e647a7ac113562abf8429f,,,,36.624528,-93.251694,184.593,-2.065,1.95,12,2021,2021-01-15,2025-12-15
2024,MO005-363728093150401,b09fde2822e647a7ac113562abf8429f,,,,36.624528,-93.251694,193.954,7.295,9.36,11,2021,2021-01-15,2025-12-15
2025,MO005-363728093150401,b09fde2822e647a7ac113562abf8429f,,,,36.624528,-93.251694,186.317,-0.342,-7.637,12,2021,2021-01-15,2025-12-15
2021,MO005-363855093134701,7befde2ebcd8485dbb79cef75997fae8,,,,36.648861,-93.229667,163.727,0,,11,2021,2021-01-15,2025-12-15
2022,MO005-363855093134701,7befde2ebcd8485dbb79cef75997fae8,,,,36.648861,-93.229667,159.418,-4.31,-4.31,12,2021,2021-01-15,2025-12-15
2023,MO005-363855093134701,7befde2ebcd8485dbb79cef75997fae8,,,,36.648861,-93.229667,164.195,0.468,4.778,11,2021,2021-01-15,2025-12-15
2024,MO005-363855093134701,7befde2ebcd8485dbb79cef75997fae8,,,,36.648861,-93.229667,167.089,3.362,2.894,12,2021,2021-01-15,2025-12-15
2025,MO005-363855093134701,7befde2ebcd8485dbb79cef75997fae8,,,,36.648861,-93.229667,165.451,1.724,-1.638,11,2021,2021-01-15,2025-12-15
2021,MO005-364006093200301,9af2a2c1c320449595b5f41195f6baab,,,,36.668167,-93.333917,318.829,0,,11,2021,2021-01-15,2025-12-15
2022,MO005-364006093200301,9af2a2c1c320449595b5f41195f6baab,,,,36.668167,-93.333917,327.524,8.695,8.695,12,2021,2021-01-15,2025-12-15
2023,MO005-364006093200301,9af2a2c1c320449595b5f41195f6baab,,,,36.668167,-93.333917,328.932,10.103,1.408,11,2021,2021-01-15,2025-12-15
2024,MO005-364006093200301,9af2a2c1c320449595b5f41195f6baab,,,,36.668167,-93.333917,339.118,20.289,10.187,12,2021,2021-01-15,2025-12-15
2025,MO005-364006093200301,9af2a2c1c320449595b5f41195f6baab,,,,36.668167,-93.333917,340.525,21.696,1.407,12,2021,2021-01-15,2025-12-15
2021,MO005-364059093520001,fe0329a8c81945db96aa77e0ed80cf08,,,,36.679556,-93.869333,347.047,0,,12,2021,2021-01-15,2025-12-15
2022,MO005-364059093520001,fe0329a8c81945db96aa77e0ed80cf08,,,,36.679556,-93.869333,352.68,5.633,5.633,11,2021,2021-01-15,2025-12-15
2023,MO005-364059093520001,fe0329a8c81945db96aa77e0ed80cf08,,,,36.679556,-93.869333,337.603,-9.444,-15.077,12,2021,2021-01-15,2025-12-15
2024,MO005-364059093520001,fe0329a8c81945db96aa77e0ed80cf08,,,,36.679556,-93.869333,311.818,-35.228,-25.784,12,2021,2021-01-15,2025-12-15
2025,MO005-364059093520001,fe0329a8c81945db96aa77e0ed80cf08,,,,36.679556,-93.869333,308.074,-38.973,-3.745,11,2021,2021-01-15,2025-12-15
2021,MO005-364313094121101,401061d948ce45ec97f12e30c98253aa,,,,36.720583,-94.205167,194.357,0,,11,2021,2021-01-15,2025-12-15
2022,MO005-364313094121101,401061d948ce45ec97f12e30c98253aa,,,,36.720583,-94.205167,194.755,0.398,0.398,12,2021,2021-01-15,2025-12-15
2023,MO005-364313094121101,401061d948ce45ec97f12e30c98253aa,,,,36.720583,-94.205167,195.257,0.9,0.502,12,2021,2021-01-15,2025-12-15
2024,MO005-364313094121101,401061d948ce45ec97f12e30c98253aa,,,,36.720583,-94.205167,195.602,1.245,0.345,12,2021,2021-01-15,2025-12-15
2025,MO005-364313094121101,401061d948ce45ec97f12e30c98253aa,,,,36.720583,-94.205167,195.92,1.563,0.318,12,2021,2021-01-15,2025-12-15
2021,MO005-364324091515001,7950d220a68f4fb9bf1469a2a2dccfce,,,,36.746444,-91.8785,154.105,0,,12,2021,2021-01-15,2025-12-15
2022,MO005-364324091515001,7950d220a68f4fb9bf1469a2a2dccfce,,,,36.746444,-91.8785,152.992,-1.113,-1.113,12,2021,2021-01-15,2025-12-15
2023,MO005-364324091515001,7950d220a68f4fb9bf1469a2a2dccfce,,,,36.746444,-91.8785,171,16.895,18.008,12,2021,2021-01-15,2025-12-15
2024,MO005-364324091515001,7950d220a68f4fb9bf1469a2a2dccfce,,,,36.746444,-91.8785,190.551,36.446,19.551,12,2021,2021-01-15,2025-12-15
2025,MO005-364324091515001,7950d220a68f4fb9bf1469a2a2dccfce,,,,36.746444,-91.8785,181.303,27.198,-9.248,9,2021,2021-01-15,2025-12-15
2021,MO005-364453093543601,e230adb7118c4ed2ae6ac595c806f874,,,,36.748083,-93.910056,39.758,0,,12,2021,2021-01-15,2025-12-15
2022,MO005-364453093543601,e230adb7118c4ed2ae6ac595c806f874,,,,36.748083,-93.910056,40.173,0.416,0.416,12,2021,2021-01-15,2025-12-15
2023,MO005-364453093543601,e230adb7118c4ed2ae6ac595c806f874,,,,36.748083,-93.910056,40.352,0.594,0.178,12,2021,2021-01-15,2025-12-15
2024,MO005-364453093543601,e230adb7118c4ed2ae6ac595c806f874,,,,36.748083,-93.910056,40.454,0.697,0.102,12,2021,2021-01-15,2025-12-15
2025,MO005-364453093543601,e230adb7118c4ed2ae6ac595c806f874,,,,36.748083,-93.910056,40.547,0.789,0.093,10,2021,2021-01-15,2025-12-15
2021,MO005-364453093543602,19b5523d4c3a4a519b93b2102bc94879,,,,36.748083,-93.910111,255.708,0,,12,2021,2021-01-15,2025-12-15
2022,MO005-364453093543602,19b5523d4c3a4a519b93b2102bc94879,,,,36.748083,-93.910111,218.252,-37.457,-37.457,12,2021,2021-01-15,2025-12-15
2023,MO005-364453093543602,19b5523d4c3a4a519b93b2102bc94879,,,,36.748083,-93.910111,180.492,-75.217,-37.76,12,2021,2021-01-15,2025-12-15
2024,MO005-364453093543602,19b5523d4c3a4a519b93b2102bc94879,,,,36.748083,-93.910111,221.043,-34.665,40.552,9,2021,2021-01-15,2025-12-15
2025,MO005-364453093543602,19b5523d4c3a4a519b93b2102bc94879,,,,36.748083,-93.910111,220.529,-35.179,-0.514,10,2021,2021-01-15,2025-12-15
2021,MO005-364643089212301,c6016cdcc1324694992b97f0828759d7,,,,36.779472,-89.356028,8.229,0,,12,2021,2021-01-15,2025-11-15
2022,MO005-364643089212301,c6016cdcc1324694992b97f0828759d7,,,,36.779472,-89.356028,8.972,0.743,0.743,12,2021,2021-01-15,2025-11-15
2023,MO005-364643089212301,c6016cdcc1324694992b97f0828759d7,,,,36.779472,-89.356028,8.942,0.712,-0.031,12,2021,2021-01-15,2025-11-15
2024,MO005-364643089212301,c6016cdcc1324694992b97f0828759d7,,,,36.779472,-89.356028,9.169,0.94,0.228,12,2021,2021-01-15,2025-11-15
2025,MO005-364643089212301,c6016cdcc1324694992b97f0828759d7,,,,36.779472,-89.356028,7.961,-0.268,-1.208,11,2021,2021-01-15,2025-11-15
2021,MO005-364818094185301,07d7ab75ff91482fb2978c4781719e2b,,,,36.804917,-94.314806,95.865,0,,11,2021,2021-01-15,2025-12-15
2022,MO005-364818094185301,07d7ab75ff91482fb2978c4781719e2b,,,,36.804917,-94.314806,98.368,2.503,2.503,10,2021,2021-01-15,2025-12-15
2023,MO005-364818094185301,07d7ab75ff91482fb2978c4781719e2b,,,,36.804917,-94.314806,102.05,6.185,3.682,10,2021,2021-01-15,2025-12-15
2024,MO005-364818094185301,07d7ab75ff91482fb2978c4781719e2b,,,,36.804917,-94.314806,107.683,11.818,5.633,10,2021,2021-01-15,2025-12-15
2025,MO005-364818094185301,07d7ab75ff91482fb2978c4781719e2b,,,,36.804917,-94.314806,105.89,10.025,-1.793,9,2021,2021-01-15,2025-12-15
2021,MO005-364818094185302,0f2ffdcb19c74bce85c7ce95e3fa27c5,,,,36.804917,-94.31475,315.603,0,,12,2021,2021-01-15,2025-12-15
2022,MO005-364818094185302,0f2ffdcb19c74bce85c7ce95e3fa27c5,,,,36.804917,-94.31475,321.644,6.041,6.041,12,2021,2021-01-15,2025-12-15
2023,MO005-364818094185302,0f2ffdcb19c74bce85c7ce95e3fa27c5,,,,36.804917,-94.31475,326.198,10.595,4.554,10,2021,2021-01-15,2025-12-15
2024,MO005-364818094185302,0f2ffdcb19c74bce85c7ce95e3fa27c5,,,,36.804917,-94.31475,334.14,18.537,7.942,10,2021,2021-01-15,2025-12-15
2025,MO005-364818094185302,0f2ffdcb19c74bce85c7ce95e3fa27c5,,,,36.804917,-94.31475,333.166,17.562,-0.974,9,2021,2021-01-15,2025-12-15
2021,MO005-365141090304001,b3762df7adb347adb533c39b55fd0a2c,,,,36.861414,-90.511161,111.979,0,,12,2021,2021-01-15,2025-12-15
2022,MO005-365141090304001,b3762df7adb347adb533c39b55fd0a2c,,,,36.861414,-90.511161,110.827,-1.153,-1.153,12,2021,2021-01-15,2025-12-15
2023,MO005-365141090304001,b3762df7adb347adb533c39b55fd0a2c,,,,36.861414,-90.511161,113.889,1.91,3.063,12,2021,2021-01-15,2025-12-15
2024,MO005-365141090304001,b3762df7adb347adb533c39b55fd0a2c,,,,36.861414,-90.511161,117.854,5.874,3.964,11,2021,2021-01-15,2025-12-15
2025,MO005-365141090304001,b3762df7adb347adb533c39b55fd0a2c,,,,36.861414,-90.511161,118.688,6.708,0.834,12,2021,2021-01-15,2025-12-15
2021,MO005-365319089331001,41d206c925ca4c7089ea8e4bf392bbb7,,,,36.888222,-89.55275,7.174,0,,10,2021,2021-01-15,2025-12-15
2022,MO005-365319089331001,41d206c925ca4c7089ea8e4bf392bbb7,,,,36.888222,-89.55275,7.405,0.231,0.231,12,2021,2021-01-15,2025-12-15
2023,MO005-365319089331001,41d206c925ca4c7089ea8e4bf392bbb7,,,,36.888222,-89.55275,7.139,-0.035,-0.266,12,2021,2021-01-15,2025-12-15
2024,MO005-365319089331001,41d206c925ca4c7089ea8e4bf392bbb7,,,,36.888222,-89.55275,7.462,0.288,0.323,11,2021,2021-01-15,2025-12-15
2025,MO005-365319089331001,41d206c925ca4c7089ea8e4bf392bbb7,,,,36.888222,-89.55275,7.149,-0.025,-0.313,12,2021,2021-01-15,2025-12-15
2021,MO005-365415093342301,d1cb1df34f6a4fa697ee442c6b3c5a62,,,,36.904167,-93.573,20.58,0,,11,2021,2021-01-15,2025-12-15
2022,MO005-365415093342301,d1cb1df34f6a4fa697ee442c6b3c5a62,,,,36.904167,-93.573,20.99,0.41,0.41,12,2021,2021-01-15,2025-12-15
2023,MO005-365415093342301,d1cb1df34f6a4fa697ee442c6b3c5a62,,,,36.904167,-93.573,27.373,6.793,6.383,12,2021,2021-01-15,2025-12-15
2024,MO005-365415093342301,d1cb1df34f6a4fa697ee442c6b3c5a62,,,,36.904167,-93.573,31.555,10.975,4.183,12,2021,2021-01-15,2025-12-15
2025,MO005-365415093342301,d1cb1df34f6a4fa697ee442c6b3c5a62,,,,36.904167,-93.573,36.558,15.978,5.003,12,2021,2021-01-15,2025-12-15
2021,MO005-365451093555501,4dc5297a6a5b430a849e3686c92f0556,,,,36.914083,-93.931972,158.346,0,,12,2021,2021-01-15,2025-12-15
2022,MO005-365451093555501,4dc5297a6a5b430a849e3686c92f0556,,,,36.914083,-93.931972,154.627,-3.718,-3.718,12,2021,2021-01-15,2025-12-15
2023,MO005-365451093555501,4dc5297a6a5b430a849e3686c92f0556,,,,36.914083,-93.931972,159.044,0.698,4.416,11,2021,2021-01-15,2025-12-15
2024,MO005-365451093555501,4dc5297a6a5b430a849e3686c92f0556,,,,36.914083,-93.931972,298.499,140.153,139.455,9,2021,2021-01-15,2025-12-15
2025,MO005-365451093555501,4dc5297a6a5b430a849e3686c92f0556,,,,36.914083,-93.931972,249.505,91.159,-48.994,12,2021,2021-01-15,2025-12-15
2021,MO005-365559092030001,062d90c698f244cc81be9d38c4c55c06,,,,36.933083,-92.05,199.102,0,,11,2021,2021-01-15,2025-12-15
2022,MO005-365559092030001,062d90c698f244cc81be9d38c4c55c06,,,,36.933083,-92.05,199.107,0.005,0.005,11,2021,2021-01-15,2025-12-15
2023,MO005-365559092030001,062d90c698f244cc81be9d38c4c55c06,,,,36.933083,-92.05,201.873,2.771,2.765,12,2021,2021-01-15,2025-12-15
2024,MO005-365559092030001,062d90c698f244cc81be9d38c4c55c06,,,,36.933083,-92.05,204.908,5.806,3.035,12,2021,2021-01-15,2025-12-15
2025,MO005-365559092030001,062d90c698f244cc81be9d38c4c55c06,,,,36.933083,-92.05,199.867,0.766,-5.04,12,2021,2021-01-15,2025-12-15
2021,MO005-365602092395101,c064982c6304468ba7cb0c128a9632cf,,,,36.934028,-92.664278,279.445,0,,12,2021,2021-01-15,2025-12-15
2022,MO005-365602092395101,c064982c6304468ba7cb0c128a9632cf,,,,36.934028,-92.664278,280.919,1.474,1.474,8,2021,2021-01-15,2025-12-15
2023,MO005-365602092395101,c064982c6304468ba7cb0c128a9632cf,,,,36.934028,-92.664278,288.089,8.644,7.17,11,2021,2021-01-15,2025-12-15
2024,MO005-365602092395101,c064982c6304468ba7cb0c128a9632cf,,,,36.934028,-92.664278,290.867,11.422,2.778,12,2021,2021-01-15,2025-12-15
2025,MO005-365602092395101,c064982c6304468ba7cb0c128a9632cf,,,,36.934028,-92.664278,285.974,6.529,-4.892,12,2021,2021-01-15,2025-12-15
2021,MO005-365644094001301,7edb3e971daa467f96be0ac548691922,,,,36.945528,-94.003528,108.013,0,,12,2021,2021-01-15,2025-12-15
2022,MO005-365644094001301,7edb3e971daa467f96be0ac548691922,,,,36.945528,-94.003528,92.823,-15.191,-15.191,11,2021,2021-01-15,2025-12-15
2023,MO005-365644094001301,7edb3e971daa467f96be0ac548691922,,,,36.945528,-94.003528,82.78,-25.233,-10.043,11,2021,2021-01-15,2025-12-15
2024,MO005-365644094001301,7edb3e971daa467f96be0ac548691922,,,,36.945528,-94.003528,97.61,-10.403,14.83,11,2021,2021-01-15,2025-12-15
2025,MO005-365644094001301,7edb3e971daa467f96be0ac548691922,,,,36.945528,-94.003528,93.412,-14.602,-4.198,12,2021,2021-01-15,2025-12-15
2021,MO005-365645093431601,8a80000373fc4f3ab3cb78107c668a9f,,,,36.943694,-93.720167,80.983,0,,12,2021,2021-01-15,2025-12-15
2022,MO005-365645093431601,8a80000373fc4f3ab3cb78107c668a9f,,,,36.943694,-93.720167,83.645,2.662,2.662,12,2021,2021-01-15,2025-12-15
2023,MO005-365645093431601,8a80000373fc4f3ab3cb78107c668a9f,,,,36.943694,-93.720167,86.691,5.707,3.046,12,2021,2021-01-15,2025-12-15
2024,MO005-365645093431601,8a80000373fc4f3ab3cb78107c668a9f,,,,36.943694,-93.720167,94.793,13.81,8.103,12,2021,2021-01-15,2025-12-15
2025,MO005-365645093431601,8a80000373fc4f3ab3cb78107c668a9f,,,,36.943694,-93.720167,92.703,11.72,-2.09,12,2021,2021-01-15,2025-12-15
2021,MO005-365654091001301,76b7ad3b858d49149a6b3385e5d3d1bd,,,,36.948417,-91.003722,10.916,0,,12,2021,2021-01-15,2025-12-15
2022,MO005-365654091001301,76b7ad3b858d49149a6b3385e5d3d1bd,,,,36.948417,-91.003722,10.263,-0.653,-0.653,12,2021,2021-01-15,2025-12-15
2023,MO005-365654091001301,76b7ad3b858d49149a6b3385e5d3d1bd,,,,36.948417,-91.003722,12.803,1.887,2.54,11,2021,2021-01-15,2025-12-15
2024,MO005-365654091001301,76b7ad3b858d49149a6b3385e5d3d1bd,,,,36.948417,-91.003722,13.708,2.793,0.906,12,2021,2021-01-15,2025-12-15
2025,MO005-365654091001301,76b7ad3b858d49149a6b3385e5d3d1bd,,,,36.948417,-91.003722,10.393,-0.523,-3.316,12,2021,2021-01-15,2025-12-15
2021,MO005-365949091421401,67bfdf39424741b8bd8fcd490c4c5960,,,,36.996889,-91.703417,322.633,0,,12,2021,2021-01-15,2025-12-15
2022,MO005-365949091421401,67bfdf39424741b8bd8fcd490c4c5960,,,,36.996889,-91.703417,319.055,-3.578,-3.578,11,2021,2021-01-15,2025-12-15
2023,MO005-365949091421401,67bfdf39424741b8bd8fcd490c4c5960,,,,36.996889,-91.703417,324.834,2.201,5.779,12,2021,2021-01-15,2025-12-15
2024,MO005-365949091421401,67bfdf39424741b8bd8fcd490c4c5960,,,,36.996889,-91.703417,325.309,2.676,0.475,12,2021,2021-01-15,2025-12-15
2025,MO005-365949091421401,67bfdf39424741b8bd8fcd490c4c5960,,,,36.996889,-91.703417,305.701,-16.933,-19.608,12,2021,2021-01-15,2025-12-15
2021,MO005-370005093122401,f88dc9b98ff1467a929db067458d074b,,,,37.000694,-93.207389,241.05,0,,12,2021,2021-01-15,2025-12-15
2022,MO005-370005093122401,f88dc9b98ff1467a929db067458d074b,,,,37.000694,-93.207389,246.692,5.642,5.642,12,2021,2021-01-15,2025-12-15
2023,MO005-370005093122401,f88dc9b98ff1467a929db067458d074b,,,,37.000694,-93.207389,251.521,10.471,4.829,12,2021,2021-01-15,2025-12-15
2024,MO005-370005093122401,f88dc9b98ff1467a929db067458d074b,,,,37.000694,-93.207389,252.095,11.045,0.574,12,2021,2021-01-15,2025-12-15
2025,MO005-370005093122401,f88dc9b98ff1467a929db067458d074b,,,,37.000694,-93.207389,254.922,13.872,2.827,12,2021,2021-01-15,2025-12-15
2021,MO005-370224094320201,b8967e39ba53489eafe52f9199462151,,,,37.039389,-94.533472,75.217,0,,12,2021,2021-01-15,2025-12-15
2022,MO005-370224094320201,b8967e39ba53489eafe52f9199462151,,,,37.039389,-94.533472,75.949,0.732,0.732,11,2021,2021-01-15,2025-12-15
2023,MO005-370224094320201,b8967e39ba53489eafe52f9199462151,,,,37.039389,-94.533472,85.813,10.597,9.864,12,2021,2021-01-15,2025-12-15
2024,MO005-370224094320201,b8967e39ba53489eafe52f9199462151,,,,37.039389,-94.533472,85.542,10.325,-0.272,6,2021,2021-01-15,2025-12-15
2025,MO005-370224094320201,b8967e39ba53489eafe52f9199462151,,,,37.039389,-94.533472,80.869,5.653,-4.672,12,2021,2021-01-15,2025-12-15
2021,MO005-370236093174401,faeab8e41b5d4c1099cc70d5e52b8e16,,,,37.043111,-93.295083,316.935,0,,10,2021,2021-01-15,2025-12-15
2022,MO005-370236093174401,faeab8e41b5d4c1099cc70d5e52b8e16,,,,37.043111,-93.295083,319.349,2.414,2.414,12,2021,2021-01-15,2025-12-15
2023,MO005-370236093174401,faeab8e41b5d4c1099cc70d5e52b8e16,,,,37.043111,-93.295083,322.58,5.645,3.231,12,2021,2021-01-15,2025-12-15
2024,MO005-370236093174401,faeab8e41b5d4c1099cc70d5e52b8e16,,,,37.043111,-93.295083,328.816,11.881,6.236,12,2021,2021-01-15,2025-12-15
2025,MO005-370236093174401,faeab8e41b5d4c1099cc70d5e52b8e16,,,,37.043111,-93.295083,316.978,0.043,-11.838,12,2021,2021-01-15,2025-12-15
2021,MO005-370248090042601,77ce26a33d5a4b389653f41aa5ff9afb,,,,37.045972,-90.074722,6.825,0,,11,2021,2021-01-15,2025-12-15
2022,MO005-370248090042601,77ce26a33d5a4b389653f41aa5ff9afb,,,,37.045972,-90.074722,8.279,1.454,1.454,12,2021,2021-01-15,2025-12-15
2023,MO005-370248090042601,77ce26a33d5a4b389653f41aa5ff9afb,,,,37.045972,-90.074722,8.769,1.944,0.49,11,2021,2021-01-15,2025-12-15
2024,MO005-370248090042601,77ce26a33d5a4b389653f41aa5ff9afb,,,,37.045972,-90.074722,8.028,1.203,-0.741,12,2021,2021-01-15,2025-12-15
2025,MO005-370248090042601,77ce26a33d5a4b389653f41aa5ff9afb,,,,37.045972,-90.074722,8.463,1.638,0.435,12,2021,2021-01-15,2025-12-15
2021,MO005-370354093325901,b6ecce81505140e8b029826e2f6ab74b,,,,37.064833,-93.549806,174.838,0,,12,2021,2021-01-15,2025-12-15
2022,MO005-370354093325901,b6ecce81505140e8b029826e2f6ab74b,,,,37.064833,-93.549806,180.08,5.242,5.242,12,2021,2021-01-15,2025-12-15
2023,MO005-370354093325901,b6ecce81505140e8b029826e2f6ab74b,,,,37.064833,-93.549806,184.15,9.312,4.07,12,2021,2021-01-15,2025-12-15
2024,MO005-370354093325901,b6ecce81505140e8b029826e2f6ab74b,,,,37.064833,-93.549806,191.793,16.954,7.643,12,2021,2021-01-15,2025-12-15
2025,MO005-370354093325901,b6ecce81505140e8b029826e2f6ab74b,,,,37.064833,-93.549806,190.659,15.821,-1.133,12,2021,2021-01-15,2025-12-15
2021,MO005-370539093494001,94ede78f53bb4f60a3efe5edc6342d85,,,,37.094222,-93.827833,176.375,0,,12,2021,2021-01-15,2025-12-15
2022,MO005-370539093494001,94ede78f53bb4f60a3efe5edc6342d85,,,,37.094222,-93.827833,191.49,15.115,15.115,11,2021,2021-01-15,2025-12-15
2023,MO005-370539093494001,94ede78f53bb4f60a3efe5edc6342d85,,,,37.094222,-93.827833,196.558,20.183,5.068,12,2021,2021-01-15,2025-12-15
2024,MO005-370539093494001,94ede78f53bb4f60a3efe5edc6342d85,,,,37.094222,-93.827833,217.475,41.1,20.917,12,2021,2021-01-15,2025-12-15
2025,MO005-370539093494001,94ede78f53bb4f60a3efe5edc6342d85,,,,37.094222,-93.827833,208.099,31.724,-9.376,12,2021,2021-01-15,2025-12-15
2021,MO005-370539093494002,ee8f0746af4845daaeae181098b59d52,,,,37.094194,-93.827889,62.972,0,,12,2021,2021-01-15,2025-12-15
2022,MO005-370539093494002,ee8f0746af4845daaeae181098b59d52,,,,37.094194,-93.827889,64.79,1.818,1.818,11,2021,2021-01-15,2025-12-15
2023,MO005-370539093494002,ee8f0746af4845daaeae181098b59d52,,,,37.094194,-93.827889,67.404,4.432,2.614,12,2021,2021-01-15,2025-12-15
2024,MO005-370539093494002,ee8f0746af4845daaeae181098b59d52,,,,37.094194,-93.827889,69.351,6.379,1.947,12,2021,2021-01-15,2025-12-15
2025,MO005-370539093494002,ee8f0746af4845daaeae181098b59d52,,,,37.094194,-93.827889,71.853,8.881,2.502,12,2021,2021-01-15,2025-12-15
2021,MO005-370600094223501,5452eff0e1dc49358d8f102f032f9986,,,,37.100083,-94.376333,15.427,0,,11,2021,2021-01-15,2025-12-15
2022,MO005-370600094223501,5452eff0e1dc49358d8f102f032f9986,,,,37.100083,-94.376333,16.025,0.598,0.598,11,2021,2021-01-15,2025-12-15
2023,MO005-370600094223501,5452eff0e1dc49358d8f102f032f9986,,,,37.100083,-94.376333,17.808,2.381,1.783,12,2021,2021-01-15,2025-12-15
2024,MO005-370600094223501,5452eff0e1dc49358d8f102f032f9986,,,,37.100083,-94.376333,17.708,2.281,-0.1,12,2021,2021-01-15,2025-12-15
2025,MO005-370600094223501,5452eff0e1dc49358d8f102f032f9986,,,,37.100083,-94.376333,16.85,1.423,-0.858,11,2021,2021-01-15,2025-12-15
2021,MO005-370624092244701,dfae1c599d524a8cbc93bef18b978ace,,,,37.106611,-92.413167,544.01,0,,12,2021,2021-01-15,2025-12-15
2022,MO005-370624092244701,dfae1c599d524a8cbc93bef18b978ace,,,,37.106611,-92.413167,542.504,-1.506,-1.506,12,2021,2021-01-15,2025-12-15
2023,MO005-370624092244701,dfae1c599d524a8cbc93bef18b978ace,,,,37.106611,-92.413167,568.557,24.547,26.053,12,2021,2021-01-15,2025-12-15
2024,MO005-370624092244701,dfae1c599d524a8cbc93bef18b978ace,,,,37.106611,-92.413167,557.473,13.463,-11.083,12,2021,2021-01-15,2025-12-15
2025,MO005-370624092244701,dfae1c599d524a8cbc93bef18b978ace,,,,37.106611,-92.413167,543.063,-0.947,-14.411,11,2021,2021-01-15,2025-12-15
2021,MO005-370655093035301,7dfcb64721e94ff482cc9b1dd1282a23,,,,37.115417,-93.065083,177.69,0,,12,2021,2021-01-15,2025-12-15
2022,MO005-370655093035301,7dfcb64721e94ff482cc9b1dd1282a23,,,,37.115417,-93.065083,185.107,7.417,7.417,12,2021,2021-01-15,2025-12-15
2023,MO005-370655093035301,7dfcb64721e94ff482cc9b1dd1282a23,,,,37.115417,-93.065083,187.66,9.97,2.553,12,2021,2021-01-15,2025-12-15
2024,MO005-370655093035301,7dfcb64721e94ff482cc9b1dd1282a23,,,,37.115417,-93.065083,203.13,25.44,15.47,3,2021,2021-01-15,2025-12-15
2025,MO005-370655093035301,7dfcb64721e94ff482cc9b1dd1282a23,,,,37.115417,-93.065083,219.705,42.015,16.575,4,2021,2021-01-15,2025-12-15
2021,MO005-370828094274101,31753815f54c45df8373a4fdd59e1f12,,,,37.141111,-94.461194,570.968,0,,9,2021,2021-01-15,2025-12-15
2022,MO005-370828094274101,31753815f54c45df8373a4fdd59e1f12,,,,37.141111,-94.461194,568.687,-2.281,-2.281,10,2021,2021-01-15,2025-12-15
2023,MO005-370828094274101,31753815f54c45df8373a4fdd59e1f12,,,,37.141111,-94.461194,562.194,-8.774,-6.493,12,2021,2021-01-15,2025-12-15
2024,MO005-370828094274101,31753815f54c45df8373a4fdd59e1f12,,,,37.141111,-94.461194,619.668,48.701,57.474,12,2021,2021-01-15,2025-12-15
2025,MO005-370828094274101,31753815f54c45df8373a4fdd59e1f12,,,,37.141111,-94.461194,637.551,66.583,17.883,12,2021,2021-01-15,2025-12-15
2021,MO005-370907093144101,0b897493f0ec4ddaafcaaee333f42319,,,,37.151889,-93.244611,252.908,0,,12,2021,2021-01-15,2025-12-15
2022,MO005-370907093144101,0b897493f0ec4ddaafcaaee333f42319,,,,37.151889,-93.244611,257.857,4.949,4.949,12,2021,2021-01-15,2025-12-15
2023,MO005-370907093144101,0b897493f0ec4ddaafcaaee333f42319,,,,37.151889,-93.244611,265.968,13.061,8.112,12,2021,2021-01-15,2025-12-15
2024,MO005-370907093144101,0b897493f0ec4ddaafcaaee333f42319,,,,37.151889,-93.244611,267.8,14.892,1.832,12,2021,2021-01-15,2025-12-15
2025,MO005-370907093144101,0b897493f0ec4ddaafcaaee333f42319,,,,37.151889,-93.244611,263.302,10.394,-4.498,12,2021,2021-01-15,2025-12-15
2021,MO005-371036094171301,219b1f45e0c245fcbd70ee4f959f7763,,,,37.176528,-94.287028,354.894,0,,11,2021,2021-01-15,2025-12-15
2022,MO005-371036094171301,219b1f45e0c245fcbd70ee4f959f7763,,,,37.176528,-94.287028,201.551,-153.343,-153.343,12,2021,2021-01-15,2025-12-15
2023,MO005-371036094171301,219b1f45e0c245fcbd70ee4f959f7763,,,,37.176528,-94.287028,249.452,-105.442,47.901,12,2021,2021-01-15,2025-12-15
2024,MO005-371036094171301,219b1f45e0c245fcbd70ee4f959f7763,,,,37.176528,-94.287028,214.062,-140.831,-35.389,12,2021,2021-01-15,2025-12-15
2025,MO005-371036094171301,219b1f45e0c245fcbd70ee4f959f7763,,,,37.176528,-94.287028,214.866,-140.028,0.803,12,2021,2021-01-15,2025-12-15
2021,MO005-371125089445301,05be09df90514c7186e9b3fb262190af,,,,37.190583,-89.747917,16.31,0,,8,2021,2021-01-15,2025-12-15
2022,MO005-371125089445301,05be09df90514c7186e9b3fb262190af,,,,37.190583,-89.747917,19.312,3.002,3.002,12,2021,2021-01-15,2025-12-15
2023,MO005-371125089445301,05be09df90514c7186e9b3fb262190af,,,,37.190583,-89.747917,18.646,2.336,-0.666,12,2021,2021-01-15,2025-12-15
2024,MO005-371125089445301,05be09df90514c7186e9b3fb262190af,,,,37.190583,-89.747917,18.823,2.513,0.177,12,2021,2021-01-15,2025-12-15
2025,MO005-371125089445301,05be09df90514c7186e9b3fb262190af,,,,37.190583,-89.747917,19.201,2.891,0.378,10,2021,2021-01-15,2025-12-15
2021,MO005-371435093134701,3305a32d740a47a280985a3d4bc3ddae,,,,37.241417,-93.231778,351.899,0,,12,2021,2021-01-15,2025-12-15
2022,MO005-371435093134701,3305a32d740a47a280985a3d4bc3ddae,,,,37.241417,-93.231778,350.24,-1.659,-1.659,12,2021,2021-01-15,2025-12-15
2023,MO005-371435093134701,3305a32d740a47a280985a3d4bc3ddae,,,,37.241417,-93.231778,354.452,2.553,4.212,12,2021,2021-01-15,2025-12-15
2024,MO005-371435093134701,3305a32d740a47a280985a3d4bc3ddae,,,,37.241417,-93.231778,353.214,1.315,-1.238,12,2021,2021-01-15,2025-12-15
2025,MO005-371435093134701,3305a32d740a47a280985a3d4bc3ddae,,,,37.241417,-93.231778,349.747,-2.152,-3.467,12,2021,2021-01-15,2025-12-15
2021,MO005-371548093144701,a0ff8481b33d49f8818dc8b288b42106,,,,37.263222,-93.2465,17.932,0,,12,2021,2021-01-15,2025-12-15
2022,MO005-371548093144701,a0ff8481b33d49f8818dc8b288b42106,,,,37.263222,-93.2465,18.413,0.482,0.482,12,2021,2021-01-15,2025-12-15
2023,MO005-371548093144701,a0ff8481b33d49f8818dc8b288b42106,,,,37.263222,-93.2465,18.508,0.577,0.095,12,2021,2021-01-15,2025-12-15
2024,MO005-371548093144701,a0ff8481b33d49f8818dc8b288b42106,,,,37.263222,-93.2465,18.517,0.585,0.008,12,2021,2021-01-15,2025-12-15
2025,MO005-371548093144701,a0ff8481b33d49f8818dc8b288b42106,,,,37.263222,-93.2465,18.762,0.83,0.245,12,2021,2021-01-15,2025-12-15
2021,MO005-371548093144702,1639bd3174d94ceeb9b36de787ad2a7a,,,,37.263222,-93.2465,206.662,0,,12,2021,2021-01-15,2025-12-15
2022,MO005-371548093144702,1639bd3174d94ceeb9b36de787ad2a7a,,,,37.263222,-93.2465,220.15,13.488,13.488,12,2021,2021-01-15,2025-12-15
2023,MO005-371548093144702,1639bd3174d94ceeb9b36de787ad2a7a,,,,37.263222,-93.2465,248.035,41.373,27.885,11,2021,2021-01-15,2025-12-15
2024,MO005-371548093144702,1639bd3174d94ceeb9b36de787ad2a7a,,,,37.263222,-93.2465,227.373,20.71,-20.663,12,2021,2021-01-15,2025-12-15
2025,MO005-371548093144702,1639bd3174d94ceeb9b36de787ad2a7a,,,,37.263222,-93.2465,206.523,-0.139,-20.849,12,2021,2021-01-15,2025-12-15
2021,MO005-371800092094801,c92c64b58c4549ebbcfc28ff1d776304,,,,37.300056,-92.1635,261.344,0,,12,2021,2021-01-15,2025-12-15
2022,MO005-371800092094801,c92c64b58c4549ebbcfc28ff1d776304,,,,37.300056,-92.1635,262.537,1.193,1.193,12,2021,2021-01-15,2025-12-15
2023,MO005-371800092094801,c92c64b58c4549ebbcfc28ff1d776304,,,,37.300056,-92.1635,266.762,5.418,4.225,12,2021,2021-01-15,2025-12-15
2024,MO005-371800092094801,c92c64b58c4549ebbcfc28ff1d776304,,,,37.300056,-92.1635,268.379,7.035,1.617,12,2021,2021-01-15,2025-12-15
2025,MO005-371800092094801,c92c64b58c4549ebbcfc28ff1d776304,,,,37.300056,-92.1635,262.25,0.906,-6.129,12,2021,2021-01-15,2025-12-15
2021,MO005-371801093260401,741734242f684d9e8d109015c9205183,,,,37.300389,-93.434333,184.183,0,,12,2021,2021-01-15,2025-12-15
2022,MO005-371801093260401,741734242f684d9e8d109015c9205183,,,,37.300389,-93.434333,185.969,1.786,1.786,12,2021,2021-01-15,2025-12-15
2023,MO005-371801093260401,741734242f684d9e8d109015c9205183,,,,37.300389,-93.434333,191.186,7.003,5.217,12,2021,2021-01-15,2025-12-15
2024,MO005-371801093260401,741734242f684d9e8d109015c9205183,,,,37.300389,-93.434333,193.36,9.177,2.174,12,2021,2021-01-15,2025-12-15
2025,MO005-371801093260401,741734242f684d9e8d109015c9205183,,,,37.300389,-93.434333,189.611,5.428,-3.749,12,2021,2021-01-15,2025-12-15
2021,MO005-372153091322301,9eb1feffa3d644bba375a8e790895891,,,,37.364611,-91.540083,61.459,0,,12,2021,2021-01-15,2025-12-15
2022,MO005-372153091322301,9eb1feffa3d644bba375a8e790895891,,,,37.364611,-91.540083,61.187,-0.273,-0.273,12,2021,2021-01-15,2025-12-15
2023,MO005-372153091322301,9eb1feffa3d644bba375a8e790895891,,,,37.364611,-91.540083,62.62,1.161,1.433,12,2021,2021-01-15,2025-12-15
2024,MO005-372153091322301,9eb1feffa3d644bba375a8e790895891,,,,37.364611,-91.540083,64.003,2.543,1.383,12,2021,2021-01-15,2025-12-15
2025,MO005-372153091322301,9eb1feffa3d644bba375a8e790895891,,,,37.364611,-91.540083,62.141,0.682,-1.862,12,2021,2021-01-15,2025-12-15
2021,MO005-372202094370201,2f85c6ed3cb943e79f0d6516ddc0fd2a,,,,37.367222,-94.617389,238.737,0,,12,2021,2021-01-15,2025-12-15
2022,MO005-372202094370201,2f85c6ed3cb943e79f0d6516ddc0fd2a,,,,37.367222,-94.617389,238.925,0.187,0.187,12,2021,2021-01-15,2025-12-15
2023,MO005-372202094370201,2f85c6ed3cb943e79f0d6516ddc0fd2a,,,,37.367222,-94.617389,240.528,1.791,1.603,12,2021,2021-01-15,2025-12-15
2024,MO005-372202094370201,2f85c6ed3cb943e79f0d6516ddc0fd2a,,,,37.367222,-94.617389,242.046,3.308,1.518,12,2021,2021-01-15,2025-12-15
2025,MO005-372202094370201,2f85c6ed3cb943e79f0d6516ddc0fd2a,,,,37.367222,-94.617389,243.309,4.572,1.263,12,2021,2021-01-15,2025-12-15
2021,MO005-372202094370202,6bd18f1c095e45b8a68b2babfea3bf32,,,,37.36725,-94.617361,252.696,0,,12,2021,2021-01-15,2025-12-15
2022,MO005-372202094370202,6bd18f1c095e45b8a68b2babfea3bf32,,,,37.36725,-94.617361,259.518,6.823,6.823,12,2021,2021-01-15,2025-12-15
2023,MO005-372202094370202,6bd18f1c095e45b8a68b2babfea3bf32,,,,37.36725,-94.617361,261.417,8.721,1.898,12,2021,2021-01-15,2025-12-15
2024,MO005-372202094370202,6bd18f1c095e45b8a68b2babfea3bf32,,,,37.36725,-94.617361,264.201,11.505,2.784,12,2021,2021-01-15,2025-12-15
2025,MO005-372202094370202,6bd18f1c095e45b8a68b2babfea3bf32,,,,37.36725,-94.617361,264.581,11.885,0.38,12,2021,2021-01-15,2025-12-15
2021,MO005-372338094052801,5dab141b6c7e468e9e13ab400444ee70,,,,37.393944,-94.091333,354.175,0,,4,2021,2021-09-15,2025-12-15
2022,MO005-372338094052801,5dab141b6c7e468e9e13ab400444ee70,,,,37.393944,-94.091333,341.171,-13.004,-13.004,12,2021,2021-09-15,2025-12-15
2023,MO005-372338094052801,5dab141b6c7e468e9e13ab400444ee70,,,,37.393944,-94.091333,375.609,21.434,34.438,12,2021,2021-09-15,2025-12-15
2024,MO005-372338094052801,5dab141b6c7e468e9e13ab400444ee70,,,,37.393944,-94.091333,380.822,26.647,5.213,12,2021,2021-09-15,2025-12-15
2025,MO005-372338094052801,5dab141b6c7e468e9e13ab400444ee70,,,,37.393944,-94.091333,399.112,44.937,18.289,12,2021,2021-09-15,2025-12-15
2021,MO005-372521089362401,b5d4965aba5e499e9fec20ac88992701,,,,37.422417,-89.606694,164.058,0,,12,2021,2021-01-15,2025-12-15
2022,MO005-372521089362401,b5d4965aba5e499e9fec20ac88992701,,,,37.422417,-89.606694,164.105,0.047,0.047,12,2021,2021-01-15,2025-12-15
2023,MO005-372521089362401,b5d4965aba5e499e9fec20ac88992701,,,,37.422417,-89.606694,156.6,-7.458,-7.505,10,2021,2021-01-15,2025-12-15
2024,MO005-372521089362401,b5d4965aba5e499e9fec20ac88992701,,,,37.422417,-89.606694,155.803,-8.255,-0.797,12,2021,2021-01-15,2025-12-15
2025,MO005-372521089362401,b5d4965aba5e499e9fec20ac88992701,,,,37.422417,-89.606694,152.672,-11.387,-3.132,12,2021,2021-01-15,2025-12-15
2021,MO005-372715090510701,35f6e39d56124951a6670787f9841c88,,,,37.454222,-90.852056,16.881,0,,12,2021,2021-01-15,2025-12-15
2022,MO005-372715090510701,35f6e39d56124951a6670787f9841c88,,,,37.454222,-90.852056,16.908,0.027,0.027,12,2021,2021-01-15,2025-12-15
2023,MO005-372715090510701,35f6e39d56124951a6670787f9841c88,,,,37.454222,-90.852056,17.886,1.005,0.977,12,2021,2021-01-15,2025-12-15
2024,MO005-372715090510701,35f6e39d56124951a6670787f9841c88,,,,37.454222,-90.852056,18.483,1.602,0.598,12,2021,2021-01-15,2025-12-15
2025,MO005-372715090510701,35f6e39d56124951a6670787f9841c88,,,,37.454222,-90.852056,17.468,0.587,-1.016,12,2021,2021-01-15,2025-12-15
2021,MO005-372853091061801,98d93415e6024e69b17150b6a15a9e3a,,,,37.481333,-91.105639,140.02,0,,12,2021,2021-01-15,2025-12-15
2022,MO005-372853091061801,98d93415e6024e69b17150b6a15a9e3a,,,,37.481333,-91.105639,142.794,2.774,2.774,12,2021,2021-01-15,2025-12-15
2023,MO005-372853091061801,98d93415e6024e69b17150b6a15a9e3a,,,,37.481333,-91.105639,145.714,5.694,2.92,12,2021,2021-01-15,2025-12-15
2024,MO005-372853091061801,98d93415e6024e69b17150b6a15a9e3a,,,,37.481333,-91.105639,149.631,9.611,3.917,12,2021,2021-01-15,2025-12-15
2025,MO005-372853091061801,98d93415e6024e69b17150b6a15a9e3a,,,,37.481333,-91.105639,142.337,2.317,-7.294,12,2021,2021-01-15,2025-12-15
2021,MO005-372958094161001,8fe201fb139047539bf6531e841d194d,,,,37.499833,-94.269444,297.678,0,,12,2021,2021-01-15,2025-12-15
2022,MO005-372958094161001,8fe201fb139047539bf6531e841d194d,,,,37.499833,-94.269444,306.325,8.646,8.646,11,2021,2021-01-15,2025-12-15
2023,MO005-372958094161001,8fe201fb139047539bf6531e841d194d,,,,37.499833,-94.269444,320.979,23.301,14.655,12,2021,2021-01-15,2025-12-15
2024,MO005-372958094161001,8fe201fb139047539bf6531e841d194d,,,,37.499833,-94.269444,319.428,21.75,-1.551,11,2021,2021-01-15,2025-12-15
2025,MO005-372958094161001,8fe201fb139047539bf6531e841d194d,,,,37.499833,-94.269444,312.812,15.133,-6.617,12,2021,2021-01-15,2025-12-15
2021,MO005-373210090180601,990a99f4acb84867b02cb84d967469cb,,,,37.535528,-90.301778,98.908,0,,12,2021,2021-01-15,2025-12-15
2022,MO005-373210090180601,990a99f4acb84867b02cb84d967469cb,,,,37.535528,-90.301778,98.765,-0.144,-0.144,11,2021,2021-01-15,2025-12-15
2023,MO005-373210090180601,990a99f4acb84867b02cb84d967469cb,,,,37.535528,-90.301778,101.793,2.884,3.028,12,2021,2021-01-15,2025-12-15
2024,MO005-373210090180601,990a99f4acb84867b02cb84d967469cb,,,,37.535528,-90.301778,103.195,4.287,1.402,12,2021,2021-01-15,2025-12-15
2025,MO005-373210090180601,990a99f4acb84867b02cb84d967469cb,,,,37.535528,-90.301778,102.071,3.162,-1.124,12,2021,2021-01-15,2025-12-15
2021,MO005-373559090082901,07526f52e39142b8b72e5444dd32c99f,,,,37.599278,-90.141778,164.206,0,,12,2021,2021-01-15,2025-12-15
2022,MO005-373559090082901,07526f52e39142b8b72e5444dd32c99f,,,,37.599278,-90.141778,162.714,-1.492,-1.492,12,2021,2021-01-15,2025-12-15
2023,MO005-373559090082901,07526f52e39142b8b72e5444dd32c99f,,,,37.599278,-90.141778,163.231,-0.975,0.517,11,2021,2021-01-15,2025-12-15
2024,MO005-373559090082901,07526f52e39142b8b72e5444dd32c99f,,,,37.599278,-90.141778,165.197,0.992,1.967,12,2021,2021-01-15,2025-12-15
2025,MO005-373559090082901,07526f52e39142b8b72e5444dd32c99f,,,,37.599278,-90.141778,164.556,0.35,-0.642,12,2021,2021-01-15,2025-12-15
2021,MO005-373620093470301,85cf4077221b4b57a3f56cca4755b063,,,,37.60575,-93.784083,130.585,0,,10,2021,2021-01-15,2025-12-15
2022,MO005-373620093470301,85cf4077221b4b57a3f56cca4755b063,,,,37.60575,-93.784083,132.962,2.377,2.377,12,2021,2021-01-15,2025-12-15
2023,MO005-373620093470301,85cf4077221b4b57a3f56cca4755b063,,,,37.60575,-93.784083,136.915,6.33,3.953,12,2021,2021-01-15,2025-12-15
2024,MO005-373620093470301,85cf4077221b4b57a3f56cca4755b063,,,,37.60575,-93.784083,136.963,6.378,0.048,11,2021,2021-01-15,2025-12-15
2025,MO005-373620093470301,85cf4077221b4b57a3f56cca4755b063,,,,37.60575,-93.784083,134.791,4.206,-2.172,12,2021,2021-01-15,2025-12-15
2021,MO005-373653091330101,6e7a7668f4e14626af3e282f0177920c,,,,37.614667,-91.550389,325.287,0,,12,2021,2021-01-15,2025-12-15
2022,MO005-373653091330101,6e7a7668f4e14626af3e282f0177920c,,,,37.614667,-91.550389,326.993,1.706,1.706,12,2021,2021-01-15,2025-12-15
2023,MO005-373653091330101,6e7a7668f4e14626af3e282f0177920c,,,,37.614667,-91.550389,327.549,2.262,0.556,12,2021,2021-01-15,2025-12-15
2024,MO005-373653091330101,6e7a7668f4e14626af3e282f0177920c,,,,37.614667,-91.550389,325.585,0.298,-1.964,11,2021,2021-01-15,2025-12-15
2025,MO005-373653091330101,6e7a7668f4e14626af3e282f0177920c,,,,37.614667,-91.550389,327.503,2.216,1.918,12,2021,2021-01-15,2025-12-15
2021,MO005-373701093151601,11bffdd0dfc04be9bd63d92466f46610,,,,37.615944,-93.254278,56.742,0,,12,2021,2021-01-15,2025-12-15
2022,MO005-373701093151601,11bffdd0dfc04be9bd63d92466f46610,,,,37.615944,-93.254278,61.033,4.292,4.292,12,2021,2021-01-15,2025-12-15
2023,MO005-373701093151601,11bffdd0dfc04be9bd63d92466f46610,,,,37.615944,-93.254278,66.879,10.138,5.846,12,2021,2021-01-15,2025-12-15
2024,MO005-373701093151601,11bffdd0dfc04be9bd63d92466f46610,,,,37.615944,-93.254278,69.238,12.497,2.359,12,2021,2021-01-15,2025-12-15
2025,MO005-373701093151601,11bffdd0dfc04be9bd63d92466f46610,,,,37.615944,-93.254278,64.29,7.548,-4.948,12,2021,2021-01-15,2025-12-15
2021,MO005-373906092385201,889109a34d9a479db31f6ec99878d93e,,,,37.648083,-92.647667,213.968,0,,11,2021,2021-01-15,2025-10-15
2022,MO005-373906092385201,889109a34d9a479db31f6ec99878d93e,,,,37.648083,-92.647667,213.243,-0.725,-0.725,12,2021,2021-01-15,2025-10-15
2023,MO005-373906092385201,889109a34d9a479db31f6ec99878d93e,,,,37.648083,-92.647667,214.601,0.633,1.358,12,2021,2021-01-15,2025-10-15
2024,MO005-373906092385201,889109a34d9a479db31f6ec99878d93e,,,,37.648083,-92.647667,221.07,7.102,6.469,11,2021,2021-01-15,2025-10-15
2025,MO005-373906092385201,889109a34d9a479db31f6ec99878d93e,,,,37.648083,-92.647667,224.759,10.791,3.689,10,2021,2021-01-15,2025-10-15
2021,MO005-373955091065901,b567fb3e2c93431381a262affca94850,,,,37.665333,-91.1165,188.838,0,,10,2021,2021-02-15,2025-12-15
2022,MO005-373955091065901,b567fb3e2c93431381a262affca94850,,,,37.665333,-91.1165,190.773,1.935,1.935,12,2021,2021-02-15,2025-12-15
2023,MO005-373955091065901,b567fb3e2c93431381a262affca94850,,,,37.665333,-91.1165,195.615,6.777,4.842,12,2021,2021-02-15,2025-12-15
2024,MO005-373955091065901,b567fb3e2c93431381a262affca94850,,,,37.665333,-91.1165,208.428,19.59,12.813,12,2021,2021-02-15,2025-12-15
2025,MO005-373955091065901,b567fb3e2c93431381a262affca94850,,,,37.665333,-91.1165,207.592,18.754,-0.837,12,2021,2021-02-15,2025-12-15
2021,MO005-374254094524501,29cdfd607cda42b6a027a10c3bb64b57,,,,39.715583,-94.879944,19.495,0,,11,2021,2021-01-15,2025-12-15
2022,MO005-374254094524501,29cdfd607cda42b6a027a10c3bb64b57,,,,39.715583,-94.879944,22.378,2.884,2.884,12,2021,2021-01-15,2025-12-15
2023,MO005-374254094524501,29cdfd607cda42b6a027a10c3bb64b57,,,,39.715583,-94.879944,23.209,3.715,0.831,12,2021,2021-01-15,2025-12-15
2024,MO005-374254094524501,29cdfd607cda42b6a027a10c3bb64b57,,,,39.715583,-94.879944,21.171,1.676,-2.038,11,2021,2021-01-15,2025-12-15
2025,MO005-374254094524501,29cdfd607cda42b6a027a10c3bb64b57,,,,39.715583,-94.879944,21.482,1.987,0.311,12,2021,2021-01-15,2025-12-15
2021,MO005-374649090242601,426b3e7355c24bddbcde6ebb5ea51e4f,,,,37.780167,-90.407389,65.793,0,,12,2021,2021-01-15,2025-12-15
2022,MO005-374649090242601,426b3e7355c24bddbcde6ebb5ea51e4f,,,,37.780167,-90.407389,67.873,2.081,2.081,10,2021,2021-01-15,2025-12-15
2023,MO005-374649090242601,426b3e7355c24bddbcde6ebb5ea51e4f,,,,37.780167,-90.407389,69.371,3.579,1.498,10,2021,2021-01-15,2025-12-15
2024,MO005-374649090242601,426b3e7355c24bddbcde6ebb5ea51e4f,,,,37.780167,-90.407389,70.527,4.734,1.156,12,2021,2021-01-15,2025-12-15
2025,MO005-374649090242601,426b3e7355c24bddbcde6ebb5ea51e4f,,,,37.780167,-90.407389,67.151,1.358,-3.376,12,2021,2021-01-15,2025-12-15
2021,MO005-375259093181401,cfffafa49dd5427ca4166092427eebf2,,,,37.882972,-93.303917,47.885,0,,11,2021,2021-01-15,2025-12-15
2022,MO005-375259093181401,cfffafa49dd5427ca4166092427eebf2,,,,37.882972,-93.303917,49.188,1.303,1.303,12,2021,2021-01-15,2025-12-15
2023,MO005-375259093181401,cfffafa49dd5427ca4166092427eebf2,,,,37.882972,-93.303917,51.424,3.539,2.236,12,2021,2021-01-15,2025-12-15
2024,MO005-375259093181401,cfffafa49dd5427ca4166092427eebf2,,,,37.882972,-93.303917,52.327,4.442,0.903,12,2021,2021-01-15,2025-12-15
2025,MO005-375259093181401,cfffafa49dd5427ca4166092427eebf2,,,,37.882972,-93.303917,52.66,4.775,0.333,11,2021,2021-01-15,2025-12-15
2021,MO005-375306090125301,c85245df57b242ad982981d720a5d0bc,,,,37.885028,-90.214889,321.526,0,,11,2021,2021-01-15,2025-12-15
2022,MO005-375306090125301,c85245df57b242ad982981d720a5d0bc,,,,37.885028,-90.214889,318.677,-2.85,-2.85,12,2021,2021-01-15,2025-12-15
2023,MO005-375306090125301,c85245df57b242ad982981d720a5d0bc,,,,37.885028,-90.214889,317.82,-3.706,-0.857,12,2021,2021-01-15,2025-12-15
2024,MO005-375306090125301,c85245df57b242ad982981d720a5d0bc,,,,37.885028,-90.214889,318.732,-2.795,0.912,12,2021,2021-01-15,2025-12-15
2025,MO005-375306090125301,c85245df57b242ad982981d720a5d0bc,,,,37.885028,-90.214889,317.538,-3.989,-1.194,12,2021,2021-01-15,2025-12-15
2021,MO005-375429092300701,e8a36d8ca78242d99bfa0572574c5e97,,,,37.908333,-92.501917,14.705,0,,10,2021,2021-01-15,2025-12-15
2022,MO005-375429092300701,e8a36d8ca78242d99bfa0572574c5e97,,,,37.908333,-92.501917,15.043,0.338,0.338,11,2021,2021-01-15,2025-12-15
2023,MO005-375429092300701,e8a36d8ca78242d99bfa0572574c5e97,,,,37.908333,-92.501917,15.749,1.044,0.706,11,2021,2021-01-15,2025-12-15
2024,MO005-375429092300701,e8a36d8ca78242d99bfa0572574c5e97,,,,37.908333,-92.501917,16.332,1.627,0.583,9,2021,2021-01-15,2025-12-15
2025,MO005-375429092300701,e8a36d8ca78242d99bfa0572574c5e97,,,,37.908333,-92.501917,16.363,1.658,0.031,11,2021,2021-01-15,2025-12-15
2021,MO005-375617090465401,d51df186420644f08565b7c390ad322d,,,,37.938167,-90.782194,208.331,0,,12,2021,2021-01-15,2025-12-15
2022,MO005-375617090465401,d51df186420644f08565b7c390ad322d,,,,37.938167,-90.782194,208.629,0.298,0.298,12,2021,2021-01-15,2025-12-15
2023,MO005-375617090465401,d51df186420644f08565b7c390ad322d,,,,37.938167,-90.782194,208.011,-0.32,-0.618,12,2021,2021-01-15,2025-12-15
2024,MO005-375617090465401,d51df186420644f08565b7c390ad322d,,,,37.938167,-90.782194,213.343,5.012,5.332,12,2021,2021-01-15,2025-12-15
2025,MO005-375617090465401,d51df186420644f08565b7c390ad322d,,,,37.938167,-90.782194,212.147,3.816,-1.196,12,2021,2021-01-15,2025-12-15
2021,MO005-375625091480401,df23c411d4b24ba1b729d85802acefe3,,,,37.940306,-91.801278,188.218,0,,12,2021,2021-01-15,2025-12-15
2022,MO005-375625091480401,df23c411d4b24ba1b729d85802acefe3,,,,37.940306,-91.801278,195.009,6.792,6.792,12,2021,2021-01-15,2025-12-15
2023,MO005-375625091480401,df23c411d4b24ba1b729d85802acefe3,,,,37.940306,-91.801278,199.052,10.834,4.043,12,2021,2021-01-15,2025-12-15
2024,MO005-375625091480401,df23c411d4b24ba1b729d85802acefe3,,,,37.940306,-91.801278,195.053,6.835,-3.999,12,2021,2021-01-15,2025-12-15
2025,MO005-375625091480401,df23c411d4b24ba1b729d85802acefe3,,,,37.940306,-91.801278,190.237,2.019,-4.816,12,2021,2021-01-15,2025-12-15
2021,MO005-375749091475001,017877fe365c48da90e51fbec7c6d123,,,,37.963639,-91.797389,366.477,0,,12,2021,2021-01-15,2025-12-15
2022,MO005-375749091475001,017877fe365c48da90e51fbec7c6d123,,,,37.963639,-91.797389,368.22,1.743,1.743,12,2021,2021-01-15,2025-12-15
2023,MO005-375749091475001,017877fe365c48da90e51fbec7c6d123,,,,37.963639,-91.797389,369.858,3.381,1.638,12,2021,2021-01-15,2025-12-15
2024,MO005-375749091475001,017877fe365c48da90e51fbec7c6d123,,,,37.963639,-91.797389,369.812,3.334,-0.047,12,2021,2021-01-15,2025-12-15
2025,MO005-375749091475001,017877fe365c48da90e51fbec7c6d123,,,,37.963639,-91.797389,368.954,2.477,-0.858,12,2021,2021-01-15,2025-12-15
2021,MO005-380038092442701,51d72c4c8ce74e62a5517253765c7a64,,,,38.010167,-92.741,258.192,0,,12,2021,2021-01-15,2025-12-15
2022,MO005-380038092442701,51d72c4c8ce74e62a5517253765c7a64,,,,38.010167,-92.741,269.926,11.733,11.733,12,2021,2021-01-15,2025-12-15
2023,MO005-380038092442701,51d72c4c8ce74e62a5517253765c7a64,,,,38.010167,-92.741,279.359,21.167,9.433,12,2021,2021-01-15,2025-12-15
2024,MO005-380038092442701,51d72c4c8ce74e62a5517253765c7a64,,,,38.010167,-92.741,286.399,28.207,7.04,12,2021,2021-01-15,2025-12-15
2025,MO005-380038092442701,51d72c4c8ce74e62a5517253765c7a64,,,,38.010167,-92.741,292.606,34.413,6.207,12,2021,2021-01-15,2025-12-15
2021,MO005-380229093464701,fbf973220d784835ae2451e08023780b,,,,38.041694,-93.779944,99.459,0,,12,2021,2021-01-15,2025-12-15
2022,MO005-380229093464701,fbf973220d784835ae2451e08023780b,,,,38.041694,-93.779944,99.007,-0.453,-0.453,12,2021,2021-01-15,2025-12-15
2023,MO005-380229093464701,fbf973220d784835ae2451e08023780b,,,,38.041694,-93.779944,98.851,-0.608,-0.156,12,2021,2021-01-15,2025-12-15
2024,MO005-380229093464701,fbf973220d784835ae2451e08023780b,,,,38.041694,-93.779944,98.858,-0.601,0.008,12,2021,2021-01-15,2025-12-15
2025,MO005-380229093464701,fbf973220d784835ae2451e08023780b,,,,38.041694,-93.779944,98.698,-0.761,-0.16,12,2021,2021-01-15,2025-12-15
2021,MO005-380322091142601,bbf1023f650243ff91c8d401f91e7f18,,,,38.056111,-91.240556,142.258,0,,12,2021,2021-01-15,2025-12-15
2022,MO005-380322091142601,bbf1023f650243ff91c8d401f91e7f18,,,,38.056111,-91.240556,143.424,1.166,1.166,12,2021,2021-01-15,2025-12-15
2023,MO005-380322091142601,bbf1023f650243ff91c8d401f91e7f18,,,,38.056111,-91.240556,143.99,1.732,0.566,12,2021,2021-01-15,2025-12-15
2024,MO005-380322091142601,bbf1023f650243ff91c8d401f91e7f18,,,,38.056111,-91.240556,145.278,3.019,1.288,12,2021,2021-01-15,2025-12-15
2025,MO005-380322091142601,bbf1023f650243ff91c8d401f91e7f18,,,,38.056111,-91.240556,144.044,1.786,-1.233,12,2021,2021-01-15,2025-12-15
2021,MO005-380435090281301,a6101e150653437d93d26d250e65a485,,,,38.076278,-90.469556,88.658,0,,12,2021,2021-01-15,2025-12-15
2022,MO005-380435090281301,a6101e150653437d93d26d250e65a485,,,,38.076278,-90.469556,89.263,0.605,0.605,12,2021,2021-01-15,2025-12-15
2023,MO005-380435090281301,a6101e150653437d93d26d250e65a485,,,,38.076278,-90.469556,89.812,1.153,0.548,12,2021,2021-01-15,2025-12-15
2024,MO005-380435090281301,a6101e150653437d93d26d250e65a485,,,,38.076278,-90.469556,91.808,3.15,1.997,12,2021,2021-01-15,2025-12-15
2025,MO005-380435090281301,a6101e150653437d93d26d250e65a485,,,,38.076278,-90.469556,90.603,1.944,-1.206,11,2021,2021-01-15,2025-12-15
2021,MO005-380501090335501,df08d4cd36ee4cac9fa3ecc682d73b9a,,,,38.083583,-90.565444,106.183,0,,10,2021,2021-01-15,2025-12-15
2022,MO005-380501090335501,df08d4cd36ee4cac9fa3ecc682d73b9a,,,,38.083583,-90.565444,106.093,-0.09,-0.09,9,2021,2021-01-15,2025-12-15
2023,MO005-380501090335501,df08d4cd36ee4cac9fa3ecc682d73b9a,,,,38.083583,-90.565444,104.067,-2.116,-2.027,12,2021,2021-01-15,2025-12-15
2024,MO005-380501090335501,df08d4cd36ee4cac9fa3ecc682d73b9a,,,,38.083583,-90.565444,99.999,-6.184,-4.068,11,2021,2021-01-15,2025-12-15
2025,MO005-380501090335501,df08d4cd36ee4cac9fa3ecc682d73b9a,,,,38.083583,-90.565444,99.963,-6.22,-0.036,10,2021,2021-01-15,2025-12-15
2021,MO005-380545094213501,055948b0ae9444e5ac7423a036074f39,,,,38.094861,-94.360361,100.162,0,,12,2021,2021-01-15,2025-12-15
2022,MO005-380545094213501,055948b0ae9444e5ac7423a036074f39,,,,38.094861,-94.360361,100.508,0.346,0.346,12,2021,2021-01-15,2025-12-15
2023,MO005-380545094213501,055948b0ae9444e5ac7423a036074f39,,,,38.094861,-94.360361,102.487,2.324,1.978,12,2021,2021-01-15,2025-12-15
2024,MO005-380545094213501,055948b0ae9444e5ac7423a036074f39,,,,38.094861,-94.360361,104.413,4.251,1.927,12,2021,2021-01-15,2025-12-15
2025,MO005-380545094213501,055948b0ae9444e5ac7423a036074f39,,,,38.094861,-94.360361,105.582,5.42,1.169,12,2021,2021-01-15,2025-12-15
2021,MO005-380717092395401,efaefda6d9e44d758d57c50911e78189,,,,38.121639,-92.665194,123.747,0,,12,2021,2021-01-15,2025-12-15
2022,MO005-380717092395401,efaefda6d9e44d758d57c50911e78189,,,,38.121639,-92.665194,124.482,0.735,0.735,12,2021,2021-01-15,2025-12-15
2023,MO005-380717092395401,efaefda6d9e44d758d57c50911e78189,,,,38.121639,-92.665194,125.731,1.984,1.249,12,2021,2021-01-15,2025-12-15
2024,MO005-380717092395401,efaefda6d9e44d758d57c50911e78189,,,,38.121639,-92.665194,125.945,2.198,0.214,12,2021,2021-01-15,2025-12-15
2025,MO005-380717092395401,efaefda6d9e44d758d57c50911e78189,,,,38.121639,-92.665194,126.177,2.43,0.232,12,2021,2021-01-15,2025-12-15
2021,MO005-380900091153901,7b57a210153e41a785d825dd110f7d26,,,,38.150028,-91.26075,206.756,0,,12,2021,2021-01-15,2025-12-15
2022,MO005-380900091153901,7b57a210153e41a785d825dd110f7d26,,,,38.150028,-91.26075,207.174,0.418,0.418,12,2021,2021-01-15,2025-12-15
2023,MO005-380900091153901,7b57a210153e41a785d825dd110f7d26,,,,38.150028,-91.26075,209.914,3.158,2.74,12,2021,2021-01-15,2025-12-15
2024,MO005-380900091153901,7b57a210153e41a785d825dd110f7d26,,,,38.150028,-91.26075,209.94,3.184,0.026,12,2021,2021-01-15,2025-12-15
2025,MO005-380900091153901,7b57a210153e41a785d825dd110f7d26,,,,38.150028,-91.26075,208.383,1.627,-1.557,12,2021,2021-01-15,2025-12-15
2021,MO005-381045091564801,1b45f1bc2b67483cb5ea83848a4a6b54,,,,38.179167,-91.946667,124.589,0,,11,2021,2021-01-15,2025-12-15
2022,MO005-381045091564801,1b45f1bc2b67483cb5ea83848a4a6b54,,,,38.179167,-91.946667,126.177,1.588,1.588,12,2021,2021-01-15,2025-12-15
2023,MO005-381045091564801,1b45f1bc2b67483cb5ea83848a4a6b54,,,,38.179167,-91.946667,127.385,2.796,1.207,12,2021,2021-01-15,2025-12-15
2024,MO005-381045091564801,1b45f1bc2b67483cb5ea83848a4a6b54,,,,38.179167,-91.946667,129.004,4.415,1.619,12,2021,2021-01-15,2025-12-15
2025,MO005-381045091564801,1b45f1bc2b67483cb5ea83848a4a6b54,,,,38.179167,-91.946667,127.683,3.093,-1.322,12,2021,2021-01-15,2025-12-15
2021,MO005-381217091104501,6aaae65369dd4fbdb3e63d2ad5526910,,,,38.204694,-91.179444,171.338,0,,12,2021,2021-01-15,2025-12-15
2022,MO005-381217091104501,6aaae65369dd4fbdb3e63d2ad5526910,,,,38.204694,-91.179444,172.483,1.145,1.145,12,2021,2021-01-15,2025-12-15
2023,MO005-381217091104501,6aaae65369dd4fbdb3e63d2ad5526910,,,,38.204694,-91.179444,171.884,0.546,-0.599,12,2021,2021-01-15,2025-12-15
2024,MO005-381217091104501,6aaae65369dd4fbdb3e63d2ad5526910,,,,38.204694,-91.179444,173.709,2.371,1.825,12,2021,2021-01-15,2025-12-15
2025,MO005-381217091104501,6aaae65369dd4fbdb3e63d2ad5526910,,,,38.204694,-91.179444,173.82,2.482,0.111,12,2021,2021-01-15,2025-12-15
2021,MO005-381405090260301,c16dfe464ba0419fad924d4121e087d9,,,,38.224028,-90.396417,92.506,0,,12,2021,2021-01-15,2025-12-15
2022,MO005-381405090260301,c16dfe464ba0419fad924d4121e087d9,,,,38.224028,-90.396417,119.123,26.617,26.617,12,2021,2021-01-15,2025-12-15
2023,MO005-381405090260301,c16dfe464ba0419fad924d4121e087d9,,,,38.224028,-90.396417,136.54,44.034,17.417,12,2021,2021-01-15,2025-12-15
2024,MO005-381405090260301,c16dfe464ba0419fad924d4121e087d9,,,,38.224028,-90.396417,84.199,-8.307,-52.341,12,2021,2021-01-15,2025-12-15
2025,MO005-381405090260301,c16dfe464ba0419fad924d4121e087d9,,,,38.224028,-90.396417,74.281,-18.225,-9.918,10,2021,2021-01-15,2025-12-15
2021,MO005-381652093215501,48fbce18d4b94bc587167606604e4f13,,,,38.280889,-93.365306,78.182,0,,12,2021,2021-01-15,2025-12-15
2022,MO005-381652093215501,48fbce18d4b94bc587167606604e4f13,,,,38.280889,-93.365306,81.175,2.993,2.993,12,2021,2021-01-15,2025-12-15
2023,MO005-381652093215501,48fbce18d4b94bc587167606604e4f13,,,,38.280889,-93.365306,77.14,-1.042,-4.035,12,2021,2021-01-15,2025-12-15
2024,MO005-381652093215501,48fbce18d4b94bc587167606604e4f13,,,,38.280889,-93.365306,86.868,8.686,9.728,12,2021,2021-01-15,2025-12-15
2025,MO005-381652093215501,48fbce18d4b94bc587167606604e4f13,,,,38.280889,-93.365306,96.219,18.038,9.352,12,2021,2021-01-15,2025-12-15
2021,MO005-382100090592801,2c6a5c2fe5a648368513f54ce9f910d7,,,,38.35025,-90.990389,61.703,0,,12,2021,2021-01-15,2025-12-15
2022,MO005-382100090592801,2c6a5c2fe5a648368513f54ce9f910d7,,,,38.35025,-90.990389,62.282,0.579,0.579,12,2021,2021-01-15,2025-12-15
2023,MO005-382100090592801,2c6a5c2fe5a648368513f54ce9f910d7,,,,38.35025,-90.990389,63.385,1.682,1.103,12,2021,2021-01-15,2025-12-15
2024,MO005-382100090592801,2c6a5c2fe5a648368513f54ce9f910d7,,,,38.35025,-90.990389,63.453,1.75,0.068,12,2021,2021-01-15,2025-12-15
2025,MO005-382100090592801,2c6a5c2fe5a648368513f54ce9f910d7,,,,38.35025,-90.990389,62.87,1.167,-0.583,12,2021,2021-01-15,2025-12-15
2021,MO005-382726093121601,a0925aa2a230483480bb11ab95595c6a,,,,38.457333,-93.204444,52.688,0,,12,2021,2021-01-15,2025-12-15
2022,MO005-382726093121601,a0925aa2a230483480bb11ab95595c6a,,,,38.457333,-93.204444,54.504,1.816,1.816,12,2021,2021-01-15,2025-12-15
2023,MO005-382726093121601,a0925aa2a230483480bb11ab95595c6a,,,,38.457333,-93.204444,57.318,4.629,2.813,12,2021,2021-01-15,2025-12-15
2024,MO005-382726093121601,a0925aa2a230483480bb11ab95595c6a,,,,38.457333,-93.204444,57.257,4.568,-0.061,12,2021,2021-01-15,2025-12-15
2025,MO005-382726093121601,a0925aa2a230483480bb11ab95595c6a,,,,38.457333,-93.204444,57.249,4.561,-0.008,12,2021,2021-01-15,2025-12-15
2021,MO005-382745091275701,a4c66dcbeefb4e45a2ab7cdeca701728,,,,38.461944,-91.466111,148.796,0,,12,2021,2021-01-15,2025-12-15
2022,MO005-382745091275701,a4c66dcbeefb4e45a2ab7cdeca701728,,,,38.461944,-91.466111,151.716,2.92,2.92,12,2021,2021-01-15,2025-12-15
2023,MO005-382745091275701,a4c66dcbeefb4e45a2ab7cdeca701728,,,,38.461944,-91.466111,152.917,4.121,1.201,12,2021,2021-01-15,2025-12-15
2024,MO005-382745091275701,a4c66dcbeefb4e45a2ab7cdeca701728,,,,38.461944,-91.466111,155.278,6.483,2.362,12,2021,2021-01-15,2025-12-15
2025,MO005-382745091275701,a4c66dcbeefb4e45a2ab7cdeca701728,,,,38.461944,-91.466111,151.997,3.201,-3.282,12,2021,2021-01-15,2025-12-15
2021,MO005-382748093595101,0441c2446e6346aab35453bd78a1ba90,,,,38.4635,-93.998472,105.26,0,,11,2021,2021-01-15,2025-12-15
2022,MO005-382748093595101,0441c2446e6346aab35453bd78a1ba90,,,,38.4635,-93.998472,106.098,0.838,0.838,12,2021,2021-01-15,2025-12-15
2023,MO005-382748093595101,0441c2446e6346aab35453bd78a1ba90,,,,38.4635,-93.998472,107.278,2.018,1.181,12,2021,2021-01-15,2025-12-15
2024,MO005-382748093595101,0441c2446e6346aab35453bd78a1ba90,,,,38.4635,-93.998472,108.792,3.532,1.513,11,2021,2021-01-15,2025-12-15
2025,MO005-382748093595101,0441c2446e6346aab35453bd78a1ba90,,,,38.4635,-93.998472,110.636,5.376,1.845,11,2021,2021-01-15,2025-12-15
2021,MO005-382836091502301,32704b3cb3284aada6fbcc6f7704df35,,,,38.476889,-91.839722,314.463,0,,12,2021,2021-01-15,2025-12-15
2022,MO005-382836091502301,32704b3cb3284aada6fbcc6f7704df35,,,,38.476889,-91.839722,325.882,11.419,11.419,12,2021,2021-01-15,2025-12-15
2023,MO005-382836091502301,32704b3cb3284aada6fbcc6f7704df35,,,,38.476889,-91.839722,322.982,8.519,-2.9,12,2021,2021-01-15,2025-12-15
2024,MO005-382836091502301,32704b3cb3284aada6fbcc6f7704df35,,,,38.476889,-91.839722,314.053,-0.409,-8.928,12,2021,2021-01-15,2025-12-15
2025,MO005-382836091502301,32704b3cb3284aada6fbcc6f7704df35,,,,38.476889,-91.839722,312.043,-2.42,-2.011,12,2021,2021-01-15,2025-12-15
2021,MO005-383031090384101,8dea03f4b7044f9e9c2182e56e36bae6,,,,38.509194,-90.644389,216.168,0,,11,2021,2021-02-15,2025-12-15
2022,MO005-383031090384101,8dea03f4b7044f9e9c2182e56e36bae6,,,,38.509194,-90.644389,223.144,6.975,6.975,11,2021,2021-02-15,2025-12-15
2023,MO005-383031090384101,8dea03f4b7044f9e9c2182e56e36bae6,,,,38.509194,-90.644389,218.425,2.257,-4.719,12,2021,2021-02-15,2025-12-15
2024,MO005-383031090384101,8dea03f4b7044f9e9c2182e56e36bae6,,,,38.509194,-90.644389,221.972,5.803,3.547,12,2021,2021-02-15,2025-12-15
2025,MO005-383031090384101,8dea03f4b7044f9e9c2182e56e36bae6,,,,38.509194,-90.644389,200.347,-15.821,-21.624,12,2021,2021-02-15,2025-12-15
2021,MO005-383226092054001,037f70d9eeda47b7b724132a94af3b27,,,,38.540611,-92.094639,175.917,0,,12,2021,2021-01-15,2025-12-15
2022,MO005-383226092054001,037f70d9eeda47b7b724132a94af3b27,,,,38.540611,-92.094639,179.312,3.395,3.395,11,2021,2021-01-15,2025-12-15
2023,MO005-383226092054001,037f70d9eeda47b7b724132a94af3b27,,,,38.540611,-92.094639,183.59,7.673,4.278,12,2021,2021-01-15,2025-12-15
2024,MO005-383226092054001,037f70d9eeda47b7b724132a94af3b27,,,,38.540611,-92.094639,182.049,6.132,-1.541,12,2021,2021-01-15,2025-12-15
2025,MO005-383226092054001,037f70d9eeda47b7b724132a94af3b27,,,,38.540611,-92.094639,180.847,4.931,-1.202,12,2021,2021-01-15,2025-12-15
2021,MO005-383302090420201,8772a1a922c4449aadc2e336a551e5fe,,,,38.5505,-90.700556,182.492,0,,12,2021,2021-01-15,2025-12-15
2022,MO005-383302090420201,8772a1a922c4449aadc2e336a551e5fe,,,,38.5505,-90.700556,186.781,4.289,4.289,11,2021,2021-01-15,2025-12-15
2023,MO005-383302090420201,8772a1a922c4449aadc2e336a551e5fe,,,,38.5505,-90.700556,192.833,10.342,6.052,12,2021,2021-01-15,2025-12-15
2024,MO005-383302090420201,8772a1a922c4449aadc2e336a551e5fe,,,,38.5505,-90.700556,193.452,10.961,0.619,12,2021,2021-01-15,2025-12-15
2025,MO005-383302090420201,8772a1a922c4449aadc2e336a551e5fe,,,,38.5505,-90.700556,190.721,8.229,-2.732,12,2021,2021-01-15,2025-12-15
2021,MO005-383550092094201,2134e6c7946c43758efcbab6c611a0ff,,,,38.597139,-92.161861,18.664,0,,10,2021,2021-01-15,2025-12-15
2022,MO005-383550092094201,2134e6c7946c43758efcbab6c611a0ff,,,,38.597139,-92.161861,22.522,3.858,3.858,12,2021,2021-01-15,2025-12-15
2023,MO005-383550092094201,2134e6c7946c43758efcbab6c611a0ff,,,,38.597139,-92.161861,24.909,6.245,2.387,12,2021,2021-01-15,2025-12-15
2024,MO005-383550092094201,2134e6c7946c43758efcbab6c611a0ff,,,,38.597139,-92.161861,21.573,2.909,-3.336,12,2021,2021-01-15,2025-12-15
2025,MO005-383550092094201,2134e6c7946c43758efcbab6c611a0ff,,,,38.597139,-92.161861,22.575,3.911,1.002,12,2021,2021-01-15,2025-12-15
2021,MO005-383628090411901,5e50230c10df4e7d8027c985acd46663,,,,38.607944,-90.708944,89.795,0,,11,2021,2021-01-15,2025-12-15
2022,MO005-383628090411901,5e50230c10df4e7d8027c985acd46663,,,,38.607944,-90.708944,96.676,6.881,6.881,12,2021,2021-01-15,2025-12-15
2023,MO005-383628090411901,5e50230c10df4e7d8027c985acd46663,,,,38.607944,-90.708944,104.921,15.126,8.245,12,2021,2021-01-15,2025-12-15
2024,MO005-383628090411901,5e50230c10df4e7d8027c985acd46663,,,,38.607944,-90.708944,107.777,17.982,2.856,12,2021,2021-01-15,2025-12-15
2025,MO005-383628090411901,5e50230c10df4e7d8027c985acd46663,,,,38.607944,-90.708944,103.327,13.532,-4.45,12,2021,2021-01-15,2025-12-15
2021,MO005-383644091124901,878f53d89d4a4a6586353d32b8dd2943,,,,38.612222,-91.213333,39.926,0,,12,2021,2021-01-15,2025-12-15
2022,MO005-383644091124901,878f53d89d4a4a6586353d32b8dd2943,,,,38.612222,-91.213333,42.743,2.817,2.817,11,2021,2021-01-15,2025-12-15
2023,MO005-383644091124901,878f53d89d4a4a6586353d32b8dd2943,,,,38.612222,-91.213333,45.286,5.36,2.543,12,2021,2021-01-15,2025-12-15
2024,MO005-383644091124901,878f53d89d4a4a6586353d32b8dd2943,,,,38.612222,-91.213333,43.315,3.389,-1.971,12,2021,2021-01-15,2025-12-15
2025,MO005-383644091124901,878f53d89d4a4a6586353d32b8dd2943,,,,38.612222,-91.213333,43.278,3.352,-0.037,12,2021,2021-01-15,2025-12-15
2021,MO005-383707092311701,6861339017a3490280f8ce283ecced2c,,,,38.618611,-92.521389,241.811,0,,11,2021,2021-01-15,2025-12-15
2022,MO005-383707092311701,6861339017a3490280f8ce283ecced2c,,,,38.618611,-92.521389,242.091,0.28,0.28,12,2021,2021-01-15,2025-12-15
2023,MO005-383707092311701,6861339017a3490280f8ce283ecced2c,,,,38.618611,-92.521389,247.011,5.2,4.92,12,2021,2021-01-15,2025-12-15
2024,MO005-383707092311701,6861339017a3490280f8ce283ecced2c,,,,38.618611,-92.521389,251.34,9.529,4.329,12,2021,2021-01-15,2025-12-15
2025,MO005-383707092311701,6861339017a3490280f8ce283ecced2c,,,,38.618611,-92.521389,247.903,6.092,-3.437,12,2021,2021-01-15,2025-12-15
2021,MO005-383906090511401,6457614edb4d467589d59dfb0c8b8375,,,,38.651719,-90.854023,37.98,0,,12,2021,2021-01-15,2025-12-15
2022,MO005-383906090511401,6457614edb4d467589d59dfb0c8b8375,,,,38.651719,-90.854023,38.514,0.534,0.534,12,2021,2021-01-15,2025-12-15
2023,MO005-383906090511401,6457614edb4d467589d59dfb0c8b8375,,,,38.651719,-90.854023,40.397,2.417,1.883,12,2021,2021-01-15,2025-12-15
2024,MO005-383906090511401,6457614edb4d467589d59dfb0c8b8375,,,,38.651719,-90.854023,41.367,3.387,0.97,10,2021,2021-01-15,2025-12-15
2025,MO005-383906090511401,6457614edb4d467589d59dfb0c8b8375,,,,38.651719,-90.854023,39.985,2.005,-1.382,12,2021,2021-01-15,2025-12-15
2021,MO005-383929092464901,64a09b59028844a789c78a2a082420c4,,,,38.657972,-92.780139,125.279,0,,12,2021,2021-01-15,2025-12-15
2022,MO005-383929092464901,64a09b59028844a789c78a2a082420c4,,,,38.657972,-92.780139,123.912,-1.368,-1.368,12,2021,2021-01-15,2025-12-15
2023,MO005-383929092464901,64a09b59028844a789c78a2a082420c4,,,,38.657972,-92.780139,126.828,1.548,2.916,12,2021,2021-01-15,2025-12-15
2024,MO005-383929092464901,64a09b59028844a789c78a2a082420c4,,,,38.657972,-92.780139,129.666,4.387,2.838,12,2021,2021-01-15,2025-12-15
2025,MO005-383929092464901,64a09b59028844a789c78a2a082420c4,,,,38.657972,-92.780139,131.426,6.147,1.76,12,2021,2021-01-15,2025-12-15
2021,MO005-384147093101901,254b83b7d0354b708b5a684a9a511036,,,,38.696472,-93.171833,171.703,0,,12,2021,2021-01-15,2025-12-15
2022,MO005-384147093101901,254b83b7d0354b708b5a684a9a511036,,,,38.696472,-93.171833,176.348,4.645,4.645,12,2021,2021-01-15,2025-12-15
2023,MO005-384147093101901,254b83b7d0354b708b5a684a9a511036,,,,38.696472,-93.171833,183.177,11.473,6.828,12,2021,2021-01-15,2025-12-15
2024,MO005-384147093101901,254b83b7d0354b708b5a684a9a511036,,,,38.696472,-93.171833,184.592,12.889,1.416,12,2021,2021-01-15,2025-12-15
2025,MO005-384147093101901,254b83b7d0354b708b5a684a9a511036,,,,38.696472,-93.171833,186.803,15.099,2.21,12,2021,2021-01-15,2025-12-15
2021,MO005-384258091243001,4283bc44aa0c4a2e8484ad8bb56cd25d,,,,38.716139,-91.4085,16.472,0,,10,2021,2021-01-15,2025-12-15
2022,MO005-384258091243001,4283bc44aa0c4a2e8484ad8bb56cd25d,,,,38.716139,-91.4085,20.214,3.742,3.742,12,2021,2021-01-15,2025-12-15
2023,MO005-384258091243001,4283bc44aa0c4a2e8484ad8bb56cd25d,,,,38.716139,-91.4085,22.83,6.358,2.616,11,2021,2021-01-15,2025-12-15
2024,MO005-384258091243001,4283bc44aa0c4a2e8484ad8bb56cd25d,,,,38.716139,-91.4085,20.078,3.606,-2.752,12,2021,2021-01-15,2025-12-15
2025,MO005-384258091243001,4283bc44aa0c4a2e8484ad8bb56cd25d,,,,38.716139,-91.4085,20.753,4.28,0.675,12,2021,2021-01-15,2025-12-15
2021,MO005-384455093201001,a251395a2e674ac7a287e494f487166d,,,,38.748111,-93.336083,269.95,0,,12,2021,2021-01-15,2025-12-15
2022,MO005-384455093201001,a251395a2e674ac7a287e494f487166d,,,,38.748111,-93.336083,274.38,4.43,4.43,10,2021,2021-01-15,2025-12-15
2023,MO005-384455093201001,a251395a2e674ac7a287e494f487166d,,,,38.748111,-93.336083,278.798,8.847,4.418,8,2021,2021-01-15,2025-12-15
2024,MO005-384455093201001,a251395a2e674ac7a287e494f487166d,,,,38.748111,-93.336083,283.146,13.196,4.348,12,2021,2021-01-15,2025-12-15
2025,MO005-384455093201001,a251395a2e674ac7a287e494f487166d,,,,38.748111,-93.336083,283.483,13.532,0.337,12,2021,2021-01-15,2025-12-15
2021,MO005-384534093431101,b8eca9bc24be45009cf1f3be00ea7879,,,,38.759167,-93.719639,149.713,0,,12,2021,2021-01-15,2025-12-15
2022,MO005-384534093431101,b8eca9bc24be45009cf1f3be00ea7879,,,,38.759167,-93.719639,153.045,3.333,3.333,10,2021,2021-01-15,2025-12-15
2023,MO005-384534093431101,b8eca9bc24be45009cf1f3be00ea7879,,,,38.759167,-93.719639,154.028,4.316,0.983,12,2021,2021-01-15,2025-12-15
2024,MO005-384534093431101,b8eca9bc24be45009cf1f3be00ea7879,,,,38.759167,-93.719639,155.602,5.89,1.574,12,2021,2021-01-15,2025-12-15
2025,MO005-384534093431101,b8eca9bc24be45009cf1f3be00ea7879,,,,38.759167,-93.719639,157.186,7.473,1.583,12,2021,2021-01-15,2025-12-15
2021,MO005-384545093331601,b74dd005eb124d1c9487ece37de99b15,,,,38.762639,-93.5545,175.553,0,,12,2021,2021-01-15,2025-12-15
2022,MO005-384545093331601,b74dd005eb124d1c9487ece37de99b15,,,,38.762639,-93.5545,177.758,2.206,2.206,12,2021,2021-01-15,2025-12-15
2023,MO005-384545093331601,b74dd005eb124d1c9487ece37de99b15,,,,38.762639,-93.5545,179.854,4.302,2.096,12,2021,2021-01-15,2025-12-15
2024,MO005-384545093331601,b74dd005eb124d1c9487ece37de99b15,,,,38.762639,-93.5545,181.411,5.858,1.557,11,2021,2021-01-15,2025-12-15
2025,MO005-384545093331601,b74dd005eb124d1c9487ece37de99b15,,,,38.762639,-93.5545,183.376,7.823,1.965,12,2021,2021-01-15,2025-12-15
2021,MO005-384713091474301,41b6aa2c8766481fb4cca75ccf8777c6,,,,38.786667,-91.795278,243.674,0,,12,2021,2021-01-15,2025-12-15
2022,MO005-384713091474301,41b6aa2c8766481fb4cca75ccf8777c6,,,,38.786667,-91.795278,244.184,0.51,0.51,12,2021,2021-01-15,2025-12-15
2023,MO005-384713091474301,41b6aa2c8766481fb4cca75ccf8777c6,,,,38.786667,-91.795278,244.957,1.283,0.772,12,2021,2021-01-15,2025-12-15
2024,MO005-384713091474301,41b6aa2c8766481fb4cca75ccf8777c6,,,,38.786667,-91.795278,246.126,2.452,1.169,12,2021,2021-01-15,2025-12-15
2025,MO005-384713091474301,41b6aa2c8766481fb4cca75ccf8777c6,,,,38.786667,-91.795278,247.362,3.688,1.236,12,2021,2021-01-15,2025-12-15
2021,MO005-384737090372001,0bc798cac3f142d1be903ce8b896bbce,,,,38.7935,-90.622167,85.793,0,,12,2021,2021-01-15,2025-12-15
2022,MO005-384737090372001,0bc798cac3f142d1be903ce8b896bbce,,,,38.7935,-90.622167,88.965,3.172,3.172,12,2021,2021-01-15,2025-12-15
2023,MO005-384737090372001,0bc798cac3f142d1be903ce8b896bbce,,,,38.7935,-90.622167,93.658,7.866,4.693,12,2021,2021-01-15,2025-12-15
2024,MO005-384737090372001,0bc798cac3f142d1be903ce8b896bbce,,,,38.7935,-90.622167,96.578,10.786,2.92,12,2021,2021-01-15,2025-12-15
2025,MO005-384737090372001,0bc798cac3f142d1be903ce8b896bbce,,,,38.7935,-90.622167,96.142,10.349,-0.437,12,2021,2021-01-15,2025-12-15
2021,MO005-384832093192501,cbc4b85019774289b0ad03b2ca453abf,,,,38.807611,-93.323361,188.225,0,,12,2021,2021-01-15,2025-12-15
2022,MO005-384832093192501,cbc4b85019774289b0ad03b2ca453abf,,,,38.807611,-93.323361,189.579,1.354,1.354,11,2021,2021-01-15,2025-12-15
2023,MO005-384832093192501,cbc4b85019774289b0ad03b2ca453abf,,,,38.807611,-93.323361,192.25,4.025,2.671,11,2021,2021-01-15,2025-12-15
2024,MO005-384832093192501,cbc4b85019774289b0ad03b2ca453abf,,,,38.807611,-93.323361,194.292,6.067,2.043,4,2021,2021-01-15,2025-12-15
2025,MO005-384832093192501,cbc4b85019774289b0ad03b2ca453abf,,,,38.807611,-93.323361,195.483,7.258,1.191,12,2021,2021-01-15,2025-12-15
2021,MO005-384846090510301,c049383fea3e4cb38d011f7329702df8,,,,38.813333,-90.850556,213.116,0,,12,2021,2021-01-15,2025-12-15
2022,MO005-384846090510301,c049383fea3e4cb38d011f7329702df8,,,,38.813333,-90.850556,224.115,10.999,10.999,12,2021,2021-01-15,2025-12-15
2023,MO005-384846090510301,c049383fea3e4cb38d011f7329702df8,,,,38.813333,-90.850556,231.567,18.452,7.453,12,2021,2021-01-15,2025-12-15
2024,MO005-384846090510301,c049383fea3e4cb38d011f7329702df8,,,,38.813333,-90.850556,242.044,28.928,10.477,12,2021,2021-01-15,2025-12-15
2025,MO005-384846090510301,c049383fea3e4cb38d011f7329702df8,,,,38.813333,-90.850556,247.983,34.867,5.939,12,2021,2021-01-15,2025-12-15
2021,MO005-384849090092001,2f4039a379de4f82a70ea421e705e73a,,,,38.812944,-90.152417,15.659,0,,12,2021,2021-01-15,2025-12-15
2022,MO005-384849090092001,2f4039a379de4f82a70ea421e705e73a,,,,38.812944,-90.152417,17.3,1.641,1.641,12,2021,2021-01-15,2025-12-15
2023,MO005-384849090092001,2f4039a379de4f82a70ea421e705e73a,,,,38.812944,-90.152417,21.783,6.124,4.483,12,2021,2021-01-15,2025-12-15
2024,MO005-384849090092001,2f4039a379de4f82a70ea421e705e73a,,,,38.812944,-90.152417,19.663,4.004,-2.121,11,2021,2021-01-15,2025-12-15
2025,MO005-384849090092001,2f4039a379de4f82a70ea421e705e73a,,,,38.812944,-90.152417,19.473,3.814,-0.189,12,2021,2021-01-15,2025-12-15
2021,MO005-384917091594401,bb2d5603187546399cc1ad74b1e6dcfe,,,,38.821111,-91.995556,370.128,0,,12,2021,2021-01-15,2025-12-15
2022,MO005-384917091594401,bb2d5603187546399cc1ad74b1e6dcfe,,,,38.821111,-91.995556,373.291,3.163,3.163,12,2021,2021-01-15,2025-12-15
2023,MO005-384917091594401,bb2d5603187546399cc1ad74b1e6dcfe,,,,38.821111,-91.995556,379.451,9.323,6.16,12,2021,2021-01-15,2025-12-15
2024,MO005-384917091594401,bb2d5603187546399cc1ad74b1e6dcfe,,,,38.821111,-91.995556,381.085,10.958,1.635,11,2021,2021-01-15,2025-12-15
2025,MO005-384917091594401,bb2d5603187546399cc1ad74b1e6dcfe,,,,38.821111,-91.995556,380.446,10.318,-0.64,12,2021,2021-01-15,2025-12-15
2021,MO005-385428091265001,411aba08f9ff4dc89619debea89559ce,,,,38.907778,-91.4475,359.488,0,,12,2021,2021-01-15,2025-12-15
2022,MO005-385428091265001,411aba08f9ff4dc89619debea89559ce,,,,38.907778,-91.4475,361.021,1.533,1.533,12,2021,2021-01-15,2025-12-15
2023,MO005-385428091265001,411aba08f9ff4dc89619debea89559ce,,,,38.907778,-91.4475,364.745,5.257,3.724,12,2021,2021-01-15,2025-12-15
2024,MO005-385428091265001,411aba08f9ff4dc89619debea89559ce,,,,38.907778,-91.4475,365.439,5.951,0.694,12,2021,2021-01-15,2025-12-15
2025,MO005-385428091265001,411aba08f9ff4dc89619debea89559ce,,,,38.907778,-91.4475,364.347,4.858,-1.092,12,2021,2021-01-15,2025-12-15
2021,MO005-385432091343201,91cd249e1025451cb3ffa50256ee38f6,,,,38.908889,-91.575556,251.591,0,,12,2021,2021-01-15,2025-12-15
2022,MO005-385432091343201,91cd249e1025451cb3ffa50256ee38f6,,,,38.908889,-91.575556,253.13,1.539,1.539,12,2021,2021-01-15,2025-12-15
2023,MO005-385432091343201,91cd249e1025451cb3ffa50256ee38f6,,,,38.908889,-91.575556,256.003,4.412,2.873,12,2021,2021-01-15,2025-12-15
2024,MO005-385432091343201,91cd249e1025451cb3ffa50256ee38f6,,,,38.908889,-91.575556,258.189,6.598,2.186,12,2021,2021-01-15,2025-12-15
2025,MO005-385432091343201,91cd249e1025451cb3ffa50256ee38f6,,,,38.908889,-91.575556,258.808,7.218,0.619,12,2021,2021-01-15,2025-12-15
2021,MO005-385718092234201,0fcd86a2f8844c98b9f4b8491b89e255,,,,38.955,-92.395,161.835,0,,12,2021,2021-01-15,2025-12-15
2022,MO005-385718092234201,0fcd86a2f8844c98b9f4b8491b89e255,,,,38.955,-92.395,168.784,6.949,6.949,12,2021,2021-01-15,2025-12-15
2023,MO005-385718092234201,0fcd86a2f8844c98b9f4b8491b89e255,,,,38.955,-92.395,189.498,27.663,20.714,12,2021,2021-01-15,2025-12-15
2024,MO005-385718092234201,0fcd86a2f8844c98b9f4b8491b89e255,,,,38.955,-92.395,192.247,30.412,2.748,12,2021,2021-01-15,2025-12-15
2025,MO005-385718092234201,0fcd86a2f8844c98b9f4b8491b89e255,,,,38.955,-92.395,185.796,23.961,-6.451,12,2021,2021-01-15,2025-12-15
2021,MO005-385837090594701,849a941961dc488a906a09ae581b4a84,,,,38.977111,-90.996083,369.717,0,,12,2021,2021-01-15,2025-12-15
2022,MO005-385837090594701,849a941961dc488a906a09ae581b4a84,,,,38.977111,-90.996083,375.414,5.697,5.697,11,2021,2021-01-15,2025-12-15
2023,MO005-385837090594701,849a941961dc488a906a09ae581b4a84,,,,38.977111,-90.996083,363.681,-6.036,-11.733,12,2021,2021-01-15,2025-12-15
2024,MO005-385837090594701,849a941961dc488a906a09ae581b4a84,,,,38.977111,-90.996083,340.553,-29.163,-23.127,12,2021,2021-01-15,2025-12-15
2025,MO005-385837090594701,849a941961dc488a906a09ae581b4a84,,,,38.977111,-90.996083,364.602,-5.114,24.049,12,2021,2021-01-15,2025-12-15
2021,MO005-385845090583801,8dacf5ebb0be4bf48eece1c840c4ecdd,,,,38.979139,-90.976667,186.389,0,,12,2021,2021-01-15,2025-12-15
2022,MO005-385845090583801,8dacf5ebb0be4bf48eece1c840c4ecdd,,,,38.979139,-90.976667,192.599,6.21,6.21,11,2021,2021-01-15,2025-12-15
2023,MO005-385845090583801,8dacf5ebb0be4bf48eece1c840c4ecdd,,,,38.979139,-90.976667,199.182,12.793,6.583,12,2021,2021-01-15,2025-12-15
2024,MO005-385845090583801,8dacf5ebb0be4bf48eece1c840c4ecdd,,,,38.979139,-90.976667,185.078,-1.311,-14.104,12,2021,2021-01-15,2025-12-15
2025,MO005-385845090583801,8dacf5ebb0be4bf48eece1c840c4ecdd,,,,38.979139,-90.976667,194.485,8.096,9.407,12,2021,2021-01-15,2025-12-15
2021,MO005-390150090542801,6d1c91abab644e909c8b0d74e19d770e,,,,39.030556,-90.907778,261.664,0,,11,2021,2021-01-15,2025-12-15
2022,MO005-390150090542801,6d1c91abab644e909c8b0d74e19d770e,,,,39.030556,-90.907778,262.119,0.455,0.455,10,2021,2021-01-15,2025-12-15
2023,MO005-390150090542801,6d1c91abab644e909c8b0d74e19d770e,,,,39.030556,-90.907778,245.806,-15.858,-16.313,12,2021,2021-01-15,2025-12-15
2024,MO005-390150090542801,6d1c91abab644e909c8b0d74e19d770e,,,,39.030556,-90.907778,278.996,17.332,33.19,12,2021,2021-01-15,2025-12-15
2025,MO005-390150090542801,6d1c91abab644e909c8b0d74e19d770e,,,,39.030556,-90.907778,291.413,29.75,12.418,12,2021,2021-01-15,2025-12-15
2021,MO005-390207092570801,f1e8d82a41344d2a909a80a42715894f,,,,39.035306,-92.952417,57.592,0,,12,2021,2021-01-15,2025-12-15
2022,MO005-390207092570801,f1e8d82a41344d2a909a80a42715894f,,,,39.035306,-92.952417,59.47,1.878,1.878,12,2021,2021-01-15,2025-12-15
2023,MO005-390207092570801,f1e8d82a41344d2a909a80a42715894f,,,,39.035306,-92.952417,61.611,4.018,2.141,12,2021,2021-01-15,2025-12-15
2024,MO005-390207092570801,f1e8d82a41344d2a909a80a42715894f,,,,39.035306,-92.952417,58.617,1.025,-2.993,12,2021,2021-01-15,2025-12-15
2025,MO005-390207092570801,f1e8d82a41344d2a909a80a42715894f,,,,39.035306,-92.952417,57.859,0.267,-0.758,12,2021,2021-01-15,2025-12-15
2021,MO005-390651092125101,bf75f401b5b541c2921c201782a89b1a,,,,39.114167,-92.213889,402.376,0,,12,2021,2021-01-15,2025-12-15
2022,MO005-390651092125101,bf75f401b5b541c2921c201782a89b1a,,,,39.114167,-92.213889,403.159,0.783,0.783,11,2021,2021-01-15,2025-12-15
2023,MO005-390651092125101,bf75f401b5b541c2921c201782a89b1a,,,,39.114167,-92.213889,409.499,7.123,6.34,11,2021,2021-01-15,2025-12-15
2024,MO005-390651092125101,bf75f401b5b541c2921c201782a89b1a,,,,39.114167,-92.213889,416.115,13.739,6.616,6,2021,2021-01-15,2025-12-15
2025,MO005-390651092125101,bf75f401b5b541c2921c201782a89b1a,,,,39.114167,-92.213889,415.497,13.122,-0.618,12,2021,2021-01-15,2025-12-15
2021,MO005-390750093233401,1c09205476ab42fcaa5e850fc721351f,,,,39.130611,-93.392778,85.11,0,,12,2021,2021-01-15,2025-12-15
2022,MO005-390750093233401,1c09205476ab42fcaa5e850fc721351f,,,,39.130611,-93.392778,84.997,-0.113,-0.113,11,2021,2021-01-15,2025-12-15
2023,MO005-390750093233401,1c09205476ab42fcaa5e850fc721351f,,,,39.130611,-93.392778,85.172,0.062,0.174,12,2021,2021-01-15,2025-12-15
2024,MO005-390750093233401,1c09205476ab42fcaa5e850fc721351f,,,,39.130611,-93.392778,85.402,0.292,0.23,12,2021,2021-01-15,2025-12-15
2025,MO005-390750093233401,1c09205476ab42fcaa5e850fc721351f,,,,39.130611,-93.392778,85.356,0.246,-0.046,12,2021,2021-01-15,2025-12-15
2021,MO005-390945091494001,cb9b5add1c1745dfb47712d16c51578f,,,,39.162528,-91.827944,332.678,0,,12,2021,2021-01-15,2025-12-15
2022,MO005-390945091494001,cb9b5add1c1745dfb47712d16c51578f,,,,39.162528,-91.827944,332.77,0.093,0.093,12,2021,2021-01-15,2025-12-15
2023,MO005-390945091494001,cb9b5add1c1745dfb47712d16c51578f,,,,39.162528,-91.827944,337.688,5.01,4.918,10,2021,2021-01-15,2025-12-15
2024,MO005-390945091494001,cb9b5add1c1745dfb47712d16c51578f,,,,39.162528,-91.827944,343.317,10.639,5.629,12,2021,2021-01-15,2025-12-15
2025,MO005-390945091494001,cb9b5add1c1745dfb47712d16c51578f,,,,39.162528,-91.827944,342.177,9.5,-1.139,12,2021,2021-01-15,2025-12-15
2021,MO005-390945094234001,39ea4e53ff4248ff9c7f2100f3bcc13b,,,,39.1625,-94.394667,34.421,0,,11,2021,2021-01-15,2025-12-15
2022,MO005-390945094234001,39ea4e53ff4248ff9c7f2100f3bcc13b,,,,39.1625,-94.394667,36.561,2.14,2.14,12,2021,2021-01-15,2025-12-15
2023,MO005-390945094234001,39ea4e53ff4248ff9c7f2100f3bcc13b,,,,39.1625,-94.394667,38.085,3.664,1.524,12,2021,2021-01-15,2025-12-15
2024,MO005-390945094234001,39ea4e53ff4248ff9c7f2100f3bcc13b,,,,39.1625,-94.394667,36.797,2.377,-1.288,12,2021,2021-01-15,2025-12-15
2025,MO005-390945094234001,39ea4e53ff4248ff9c7f2100f3bcc13b,,,,39.1625,-94.394667,38.704,4.283,1.907,12,2021,2021-01-15,2025-12-15
2021,MO005-391149092072901,c4ed1f7a0cdc43b9ad817e4049ee919e,,,,39.196944,-92.124722,378.28,0,,12,2021,2021-01-15,2025-12-15
2022,MO005-391149092072901,c4ed1f7a0cdc43b9ad817e4049ee919e,,,,39.196944,-92.124722,380.041,1.761,1.761,12,2021,2021-01-15,2025-12-15
2023,MO005-391149092072901,c4ed1f7a0cdc43b9ad817e4049ee919e,,,,39.196944,-92.124722,387.285,9.005,7.244,12,2021,2021-01-15,2025-12-15
2024,MO005-391149092072901,c4ed1f7a0cdc43b9ad817e4049ee919e,,,,39.196944,-92.124722,390.394,12.114,3.109,12,2021,2021-01-15,2025-12-15
2025,MO005-391149092072901,c4ed1f7a0cdc43b9ad817e4049ee919e,,,,39.196944,-92.124722,390.909,12.629,0.515,12,2021,2021-01-15,2025-12-15
2021,MO005-391222093185501,4a8b260cd8a54dc4a64e161782582fa3,,,,39.206,-93.315278,54.155,0,,10,2021,2021-01-15,2025-12-15
2022,MO005-391222093185501,4a8b260cd8a54dc4a64e161782582fa3,,,,39.206,-93.315278,57.566,3.411,3.411,12,2021,2021-01-15,2025-12-15
2023,MO005-391222093185501,4a8b260cd8a54dc4a64e161782582fa3,,,,39.206,-93.315278,58.906,4.751,1.34,12,2021,2021-01-15,2025-12-15
2024,MO005-391222093185501,4a8b260cd8a54dc4a64e161782582fa3,,,,39.206,-93.315278,58.115,3.96,-0.791,12,2021,2021-01-15,2025-12-15
2025,MO005-391222093185501,4a8b260cd8a54dc4a64e161782582fa3,,,,39.206,-93.315278,58.374,4.219,0.259,12,2021,2021-01-15,2025-12-15
2021,MO005-391236094170201,c4bef3105b564b3cbbe85299c4cbe9a9,,,,39.21,-94.284111,11.161,0,,11,2021,2021-01-15,2025-12-15
2022,MO005-391236094170201,c4bef3105b564b3cbbe85299c4cbe9a9,,,,39.21,-94.284111,13.97,2.809,2.809,12,2021,2021-01-15,2025-12-15
2023,MO005-391236094170201,c4bef3105b564b3cbbe85299c4cbe9a9,,,,39.21,-94.284111,15.972,4.811,2.002,12,2021,2021-01-15,2025-12-15
2024,MO005-391236094170201,c4bef3105b564b3cbbe85299c4cbe9a9,,,,39.21,-94.284111,14.749,3.588,-1.223,11,2021,2021-01-15,2025-12-15
2025,MO005-391236094170201,c4bef3105b564b3cbbe85299c4cbe9a9,,,,39.21,-94.284111,15.425,4.264,0.676,12,2021,2021-01-15,2025-12-15
2021,MO005-391825091285101,f1676b1ee58144e88fc8e7044aadb334,,,,39.306944,-91.480556,93.256,0,,12,2021,2021-01-15,2025-12-15
2022,MO005-391825091285101,f1676b1ee58144e88fc8e7044aadb334,,,,39.306944,-91.480556,93.217,-0.039,-0.039,12,2021,2021-01-15,2025-12-15
2023,MO005-391825091285101,f1676b1ee58144e88fc8e7044aadb334,,,,39.306944,-91.480556,94.553,1.297,1.336,12,2021,2021-01-15,2025-12-15
2024,MO005-391825091285101,f1676b1ee58144e88fc8e7044aadb334,,,,39.306944,-91.480556,94.536,1.28,-0.017,12,2021,2021-01-15,2025-12-15
2025,MO005-391825091285101,f1676b1ee58144e88fc8e7044aadb334,,,,39.306944,-91.480556,93.84,0.584,-0.696,12,2021,2021-01-15,2025-12-15
2021,MO005-392045093302401,9220140d6c194e26be3fd8d1fe0513ba,,,,39.345694,-93.506417,8.797,0,,11,2021,2021-01-15,2025-12-15
2022,MO005-392045093302401,9220140d6c194e26be3fd8d1fe0513ba,,,,39.345694,-93.506417,11.137,2.339,2.339,12,2021,2021-01-15,2025-12-15
2023,MO005-392045093302401,9220140d6c194e26be3fd8d1fe0513ba,,,,39.345694,-93.506417,12.264,3.467,1.128,12,2021,2021-01-15,2025-12-15
2024,MO005-392045093302401,9220140d6c194e26be3fd8d1fe0513ba,,,,39.345694,-93.506417,10.602,1.805,-1.662,12,2021,2021-01-15,2025-12-15
2025,MO005-392045093302401,9220140d6c194e26be3fd8d1fe0513ba,,,,39.345694,-93.506417,10.982,2.184,0.379,12,2021,2021-01-15,2025-12-15
2021,MO005-392147090541901,3807336b178d4964af2271f636aaf50a,,,,39.362861,-90.905306,45.23,0,,12,2021,2021-01-15,2025-12-15
2022,MO005-392147090541901,3807336b178d4964af2271f636aaf50a,,,,39.362861,-90.905306,56.132,10.902,10.902,12,2021,2021-01-15,2025-12-15
2023,MO005-392147090541901,3807336b178d4964af2271f636aaf50a,,,,39.362861,-90.905306,61.425,16.195,5.293,12,2021,2021-01-15,2025-12-15
2024,MO005-392147090541901,3807336b178d4964af2271f636aaf50a,,,,39.362861,-90.905306,55.329,10.099,-6.096,12,2021,2021-01-15,2025-12-15
2025,MO005-392147090541901,3807336b178d4964af2271f636aaf50a,,,,39.362861,-90.905306,64.037,18.807,8.707,12,2021,2021-01-15,2025-12-15
2021,MO005-392321092153901,3c7412f4031d4a6fa106f7082091abab,,,,39.389194,-92.261,117.678,0,,12,2021,2021-01-15,2025-12-15
2022,MO005-392321092153901,3c7412f4031d4a6fa106f7082091abab,,,,39.389194,-92.261,117.242,-0.436,-0.436,12,2021,2021-01-15,2025-12-15
2023,MO005-392321092153901,3c7412f4031d4a6fa106f7082091abab,,,,39.389194,-92.261,116.873,-0.806,-0.37,12,2021,2021-01-15,2025-12-15
2024,MO005-392321092153901,3c7412f4031d4a6fa106f7082091abab,,,,39.389194,-92.261,117.318,-0.361,0.445,12,2021,2021-01-15,2025-12-15
2025,MO005-392321092153901,3c7412f4031d4a6fa106f7082091abab,,,,39.389194,-92.261,115.623,-2.055,-1.694,12,2021,2021-01-15,2025-12-15
2021,MO005-392336094550403,4744f7a61f624d269022c4ca5b9cc124,,,,39.393361,-94.917917,14.818,0,,12,2021,2021-01-15,2025-12-15
2022,MO005-392336094550403,4744f7a61f624d269022c4ca5b9cc124,,,,39.393361,-94.917917,16.794,1.976,1.976,11,2021,2021-01-15,2025-12-15
2023,MO005-392336094550403,4744f7a61f624d269022c4ca5b9cc124,,,,39.393361,-94.917917,17.578,2.76,0.784,12,2021,2021-01-15,2025-12-15
2024,MO005-392336094550403,4744f7a61f624d269022c4ca5b9cc124,,,,39.393361,-94.917917,15.585,0.768,-1.992,12,2021,2021-01-15,2025-12-15
2025,MO005-392336094550403,4744f7a61f624d269022c4ca5b9cc124,,,,39.393361,-94.917917,16.473,1.655,0.887,12,2021,2021-01-15,2025-12-15
2021,MO005-392813092124701,4bf50822ae8d44d79407c24d3ef4cd8f,,,,39.470306,-92.213222,134.753,0,,12,2021,2021-01-15,2025-12-15
2022,MO005-392813092124701,4bf50822ae8d44d79407c24d3ef4cd8f,,,,39.470306,-92.213222,133.432,-1.321,-1.321,11,2021,2021-01-15,2025-12-15
2023,MO005-392813092124701,4bf50822ae8d44d79407c24d3ef4cd8f,,,,39.470306,-92.213222,133.294,-1.458,-0.138,12,2021,2021-01-15,2025-12-15
2024,MO005-392813092124701,4bf50822ae8d44d79407c24d3ef4cd8f,,,,39.470306,-92.213222,133.207,-1.546,-0.088,12,2021,2021-01-15,2025-12-15
2025,MO005-392813092124701,4bf50822ae8d44d79407c24d3ef4cd8f,,,,39.470306,-92.213222,134.977,0.224,1.77,12,2021,2021-01-15,2025-12-15
2021,MO005-393544093075601,c078bf35782c48b791ed384617d9c40a,,,,39.595556,-93.132222,20.554,0,,12,2021,2021-01-15,2025-12-15
2022,MO005-393544093075601,c078bf35782c48b791ed384617d9c40a,,,,39.595556,-93.132222,22.25,1.696,1.696,11,2021,2021-01-15,2025-12-15
2023,MO005-393544093075601,c078bf35782c48b791ed384617d9c40a,,,,39.595556,-93.132222,22.965,2.411,0.715,12,2021,2021-01-15,2025-12-15
2024,MO005-393544093075601,c078bf35782c48b791ed384617d9c40a,,,,39.595556,-93.132222,21.987,1.433,-0.978,12,2021,2021-01-15,2025-12-15
2025,MO005-393544093075601,c078bf35782c48b791ed384617d9c40a,,,,39.595556,-93.132222,22.888,2.334,0.902,12,2021,2021-01-15,2025-12-15
2021,MO005-394013093400201,abd057ab300b4ee88a18d4e113440ae9,,,,39.670472,-93.667139,17.424,0,,11,2021,2021-01-15,2025-12-15
2022,MO005-394013093400201,abd057ab300b4ee88a18d4e113440ae9,,,,39.670472,-93.667139,18.592,1.169,1.169,12,2021,2021-01-15,2025-12-15
2023,MO005-394013093400201,abd057ab300b4ee88a18d4e113440ae9,,,,39.670472,-93.667139,18.99,1.566,0.398,11,2021,2021-01-15,2025-12-15
2024,MO005-394013093400201,abd057ab300b4ee88a18d4e113440ae9,,,,39.670472,-93.667139,18.062,0.638,-0.928,12,2021,2021-01-15,2025-12-15
2025,MO005-394013093400201,abd057ab300b4ee88a18d4e113440ae9,,,,39.670472,-93.667139,19.611,2.187,1.549,12,2021,2021-01-15,2025-12-15
2021,MO005-394156092030201,5b6d4833b0ac47c29b3df62c045a5916,,,,39.698694,-92.051,26.176,0,,12,2021,2021-01-15,2025-12-15
2022,MO005-394156092030201,5b6d4833b0ac47c29b3df62c045a5916,,,,39.698694,-92.051,27.317,1.141,1.141,12,2021,2021-01-15,2025-12-15
2023,MO005-394156092030201,5b6d4833b0ac47c29b3df62c045a5916,,,,39.698694,-92.051,29.739,3.563,2.423,12,2021,2021-01-15,2025-12-15
2024,MO005-394156092030201,5b6d4833b0ac47c29b3df62c045a5916,,,,39.698694,-92.051,32.082,5.907,2.343,12,2021,2021-01-15,2025-12-15
2025,MO005-394156092030201,5b6d4833b0ac47c29b3df62c045a5916,,,,39.698694,-92.051,31.974,5.798,-0.108,12,2021,2021-01-15,2025-12-15
2021,MO005-394201093181101,b28bd32e972e45a79b741002a165b40c,,,,39.700083,-93.303333,15.193,0,,12,2021,2021-01-15,2025-12-15
2022,MO005-394201093181101,b28bd32e972e45a79b741002a165b40c,,,,39.700083,-93.303333,17.262,2.069,2.069,12,2021,2021-01-15,2025-12-15
2023,MO005-394201093181101,b28bd32e972e45a79b741002a165b40c,,,,39.700083,-93.303333,18.715,3.522,1.453,12,2021,2021-01-15,2025-12-15
2024,MO005-394201093181101,b28bd32e972e45a79b741002a165b40c,,,,39.700083,-93.303333,17.445,2.252,-1.27,12,2021,2021-01-15,2025-12-15
2025,MO005-394201093181101,b28bd32e972e45a79b741002a165b40c,,,,39.700083,-93.303333,17.893,2.7,0.448,12,2021,2021-01-15,2025-12-15
2021,MO005-395043091262601,c9c181b36597491580e43b4d6c05b529,,,,39.845333,-91.440694,21.506,0,,9,2021,2021-01-15,2025-12-15
2022,MO005-395043091262601,c9c181b36597491580e43b4d6c05b529,,,,39.845333,-91.440694,22.155,0.649,0.649,12,2021,2021-01-15,2025-12-15
2023,MO005-395043091262601,c9c181b36597491580e43b4d6c05b529,,,,39.845333,-91.440694,22.549,1.044,0.394,12,2021,2021-01-15,2025-12-15
2024,MO005-395043091262601,c9c181b36597491580e43b4d6c05b529,,,,39.845333,-91.440694,21.406,-0.099,-1.143,11,2021,2021-01-15,2025-12-15
2025,MO005-395043091262601,c9c181b36597491580e43b4d6c05b529,,,,39.845333,-91.440694,21.978,0.473,0.572,12,2021,2021-01-15,2025-12-15
2021,MO005-395355095051601,bd193f9a0d954412900bb7cbfb59bd63,,,,39.898611,-95.088028,4.376,0,,11,2021,2021-01-15,2025-12-15
2022,MO005-395355095051601,bd193f9a0d954412900bb7cbfb59bd63,,,,39.898611,-95.088028,7.028,2.652,2.652,12,2021,2021-01-15,2025-12-15
2023,MO005-395355095051601,bd193f9a0d954412900bb7cbfb59bd63,,,,39.898611,-95.088028,8.025,3.649,0.997,11,2021,2021-01-15,2025-12-15
2024,MO005-395355095051601,bd193f9a0d954412900bb7cbfb59bd63,,,,39.898611,-95.088028,7.16,2.784,-0.865,12,2021,2021-01-15,2025-12-15
2025,MO005-395355095051601,bd193f9a0d954412900bb7cbfb59bd63,,,,39.898611,-95.088028,7.253,2.877,0.093,12,2021,2021-01-15,2025-12-15
2021,MO005-400105093591601,1f08f7d2437a470ea6a0f76f52d071ee,,,,40.018222,-93.98775,77.389,0,,12,2021,2021-01-15,2025-11-15
2022,MO005-400105093591601,1f08f7d2437a470ea6a0f76f52d071ee,,,,40.018222,-93.98775,77.496,0.107,0.107,12,2021,2021-01-15,2025-11-15
2023,MO005-400105093591601,1f08f7d2437a470ea6a0f76f52d071ee,,,,40.018222,-93.98775,77.648,0.259,0.152,12,2021,2021-01-15,2025-11-15
2024,MO005-400105093591601,1f08f7d2437a470ea6a0f76f52d071ee,,,,40.018222,-93.98775,77.893,0.504,0.245,12,2021,2021-01-15,2025-11-15
2025,MO005-400105093591601,1f08f7d2437a470ea6a0f76f52d071ee,,,,40.018222,-93.98775,77.792,0.403,-0.102,11,2021,2021-01-15,2025-11-15
2021,MO005-400251094485901,1ea7c292440e4e44921646e5f3567eb2,,,,40.047694,-94.816306,9.385,0,,12,2021,2021-01-15,2025-12-15
2022,MO005-400251094485901,1ea7c292440e4e44921646e5f3567eb2,,,,40.047694,-94.816306,10.179,0.794,0.794,12,2021,2021-01-15,2025-12-15
2023,MO005-400251094485901,1ea7c292440e4e44921646e5f3567eb2,,,,40.047694,-94.816306,10.041,0.656,-0.138,12,2021,2021-01-15,2025-12-15
2024,MO005-400251094485901,1ea7c292440e4e44921646e5f3567eb2,,,,40.047694,-94.816306,9.263,-0.122,-0.777,12,2021,2021-01-15,2025-12-15
2025,MO005-400251094485901,1ea7c292440e4e44921646e5f3567eb2,,,,40.047694,-94.816306,9.719,0.334,0.456,12,2021,2021-01-15,2025-12-15
2021,MO005-400458093582001,631a2b9eb8ba4d679a1bfb971bad9834,,,,40.082972,-93.972472,132.632,0,,12,2021,2021-01-15,2025-12-15
2022,MO005-400458093582001,631a2b9eb8ba4d679a1bfb971bad9834,,,,40.082972,-93.972472,132.77,0.138,0.138,12,2021,2021-01-15,2025-12-15
2023,MO005-400458093582001,631a2b9eb8ba4d679a1bfb971bad9834,,,,40.082972,-93.972472,132.852,0.22,0.082,12,2021,2021-01-15,2025-12-15
2024,MO005-400458093582001,631a2b9eb8ba4d679a1bfb971bad9834,,,,40.082972,-93.972472,132.492,-0.14,-0.36,12,2021,2021-01-15,2025-12-15
2025,MO005-400458093582001,631a2b9eb8ba4d679a1bfb971bad9834,,,,40.082972,-93.972472,133.702,1.071,1.211,12,2021,2021-01-15,2025-12-15
2021,MO005-401057091494501,4ae4884d721d425cbe9cb3102da26c62,,,,40.183361,-91.829778,62.135,0,,10,2021,2021-01-15,2025-12-15
2022,MO005-401057091494501,4ae4884d721d425cbe9cb3102da26c62,,,,40.183361,-91.829778,62.279,0.144,0.144,12,2021,2021-01-15,2025-12-15
2023,MO005-401057091494501,4ae4884d721d425cbe9cb3102da26c62,,,,40.183361,-91.829778,62.525,0.39,0.245,11,2021,2021-01-15,2025-12-15
2024,MO005-401057091494501,4ae4884d721d425cbe9cb3102da26c62,,,,40.183361,-91.829778,62.662,0.527,0.138,12,2021,2021-01-15,2025-12-15
2025,MO005-401057091494501,4ae4884d721d425cbe9cb3102da26c62,,,,40.183361,-91.829778,62.787,0.652,0.125,11,2021,2021-01-15,2025-12-15
2021,MO005-401444093442001,51c5e49e452748b9aab0ac5a037dc8a8,,,,40.245611,-93.739472,1.681,0,,11,2021,2021-01-15,2025-12-15
2022,MO005-401444093442001,51c5e49e452748b9aab0ac5a037dc8a8,,,,40.245611,-93.739472,3.226,1.545,1.545,12,2021,2021-01-15,2025-12-15
2023,MO005-401444093442001,51c5e49e452748b9aab0ac5a037dc8a8,,,,40.245611,-93.739472,3.879,2.198,0.653,12,2021,2021-01-15,2025-12-15
2024,MO005-401444093442001,51c5e49e452748b9aab0ac5a037dc8a8,,,,40.245611,-93.739472,3.139,1.458,-0.74,12,2021,2021-01-15,2025-12-15
2025,MO005-401444093442001,51c5e49e452748b9aab0ac5a037dc8a8,,,,40.245611,-93.739472,3.748,2.067,0.609,12,2021,2021-01-15,2025-12-15
2021,MO005-401920092130301,cc8977bbc9694d84bec37d26b1e1b155,,,,40.32225,-92.217389,25.594,0,,12,2021,2021-01-15,2025-12-15
2022,MO005-401920092130301,cc8977bbc9694d84bec37d26b1e1b155,,,,40.32225,-92.217389,26.22,0.626,0.626,12,2021,2021-01-15,2025-12-15
2023,MO005-401920092130301,cc8977bbc9694d84bec37d26b1e1b155,,,,40.32225,-92.217389,26.802,1.207,0.582,12,2021,2021-01-15,2025-12-15
2024,MO005-401920092130301,cc8977bbc9694d84bec37d26b1e1b155,,,,40.32225,-92.217389,26.638,1.043,-0.164,12,2021,2021-01-15,2025-12-15
2025,MO005-401920092130301,cc8977bbc9694d84bec37d26b1e1b155,,,,40.32225,-92.217389,27.022,1.427,0.384,12,2021,2021-01-15,2025-12-15
2021,MO005-402618095222701,6952623e9ea849b9ba1abd4328f01a72,,,,40.438333,-95.374167,13.635,0,,10,2021,2021-02-15,2025-12-15
2022,MO005-402618095222701,6952623e9ea849b9ba1abd4328f01a72,,,,40.438333,-95.374167,22.009,8.374,8.374,12,2021,2021-02-15,2025-12-15
2023,MO005-402618095222701,6952623e9ea849b9ba1abd4328f01a72,,,,40.438333,-95.374167,23.153,9.518,1.144,12,2021,2021-02-15,2025-12-15
2024,MO005-402618095222701,6952623e9ea849b9ba1abd4328f01a72,,,,40.438333,-95.374167,17.963,4.328,-5.191,12,2021,2021-02-15,2025-12-15
2025,MO005-402618095222701,6952623e9ea849b9ba1abd4328f01a72,,,,40.438333,-95.374167,12.378,-1.257,-5.585,12,2021,2021-02-15,2025-12-15
2021,MO005-402627095220601,adb68cc80b14466fb232cf6bcbda4c42,,,,40.440833,-95.368333,3.711,0,,11,2021,2021-02-15,2025-12-15
2022,MO005-402627095220601,adb68cc80b14466fb232cf6bcbda4c42,,,,40.440833,-95.368333,4.618,0.907,0.907,9,2021,2021-02-15,2025-12-15
2023,MO005-402627095220601,adb68cc80b14466fb232cf6bcbda4c42,,,,40.440833,-95.368333,5.278,1.567,0.661,6,2021,2021-02-15,2025-12-15
2024,MO005-402627095220601,adb68cc80b14466fb232cf6bcbda4c42,,,,40.440833,-95.368333,3.765,0.054,-1.513,10,2021,2021-02-15,2025-12-15
2025,MO005-402627095220601,adb68cc80b14466fb232cf6bcbda4c42,,,,40.440833,-95.368333,4.058,0.347,0.292,12,2021,2021-02-15,2025-12-15
2021,MO005-402657093470201,c2372d6bb76046809204b9d8f8c50635,,,,40.449028,-93.783778,14.693,0,,11,2021,2021-01-15,2025-12-15
2022,MO005-402657093470201,c2372d6bb76046809204b9d8f8c50635,,,,40.449028,-93.783778,16.269,1.576,1.576,12,2021,2021-01-15,2025-12-15
2023,MO005-402657093470201,c2372d6bb76046809204b9d8f8c50635,,,,40.449028,-93.783778,18.637,3.944,2.368,12,2021,2021-01-15,2025-12-15
2024,MO005-402657093470201,c2372d6bb76046809204b9d8f8c50635,,,,40.449028,-93.783778,17.309,2.616,-1.328,11,2021,2021-01-15,2025-12-15
2025,MO005-402657093470201,c2372d6bb76046809204b9d8f8c50635,,,,40.449028,-93.783778,16.589,1.896,-0.72,9,2021,2021-01-15,2025-12-15
2021,MO005-403055094364701,d6eacb6c77e94388965846fb3f88616a,,,,40.515194,-94.612972,7.768,0,,12,2021,2021-01-15,2025-12-15
2022,MO005-403055094364701,d6eacb6c77e94388965846fb3f88616a,,,,40.515194,-94.612972,9.971,2.202,2.202,12,2021,2021-01-15,2025-12-15
2023,MO005-403055094364701,d6eacb6c77e94388965846fb3f88616a,,,,40.515194,-94.612972,10.205,2.437,0.234,12,2021,2021-01-15,2025-12-15
2024,MO005-403055094364701,d6eacb6c77e94388965846fb3f88616a,,,,40.515194,-94.612972,10.131,2.362,-0.074,12,2021,2021-01-15,2025-12-15
2025,MO005-403055094364701,d6eacb6c77e94388965846fb3f88616a,,,,40.515194,-94.612972,10.583,2.815,0.452,12,2021,2021-01-15,2025-12-15
2021,MO005-403301094492301,475643748a8742c7babb13f782239073,,,,40.550278,-94.823139,2.235,0,,12,2021,2021-01-15,2025-12-15
2022,MO005-403301094492301,475643748a8742c7babb13f782239073,,,,40.550278,-94.823139,2.743,0.508,0.508,12,2021,2021-01-15,2025-12-15
2023,MO005-403301094492301,475643748a8742c7babb13f782239073,,,,40.550278,-94.823139,2.086,-0.149,-0.658,12,2021,2021-01-15,2025-12-15
2024,MO005-403301094492301,475643748a8742c7babb13f782239073,,,,40.550278,-94.823139,1.98,-0.255,-0.106,12,2021,2021-01-15,2025-12-15
2025,MO005-403301094492301,475643748a8742c7babb13f782239073,,,,40.550278,-94.823139,2.604,0.369,0.624,12,2021,2021-01-15,2025-12-15
2021,MO005-403452092292901,98c2ba1bdb2049f09ac2cd7d1fa5965b,,,,40.580917,-92.49175,10.345,0,,11,2021,2021-01-15,2025-12-15
2022,MO005-403452092292901,98c2ba1bdb2049f09ac2cd7d1fa5965b,,,,40.580917,-92.49175,12.821,2.476,2.476,12,2021,2021-01-15,2025-12-15
2023,MO005-403452092292901,98c2ba1bdb2049f09ac2cd7d1fa5965b,,,,40.580917,-92.49175,13.956,3.611,1.135,12,2021,2021-01-15,2025-12-15
2024,MO005-403452092292901,98c2ba1bdb2049f09ac2cd7d1fa5965b,,,,40.580917,-92.49175,14.706,4.361,0.75,12,2021,2021-01-15,2025-12-15
2025,MO005-403452092292901,98c2ba1bdb2049f09ac2cd7d1fa5965b,,,,40.580917,-92.49175,14.743,4.399,0.038,12,2021,2021-01-15,2025-12-15
2021,MO005-403501091420401,6eca0c5cc423422a8ad149e35c789854,,,,40.583611,-91.701111,98.416,0,,10,2021,2021-01-15,2025-12-15
2022,MO005-403501091420401,6eca0c5cc423422a8ad149e35c789854,,,,40.583611,-91.701111,99.566,1.15,1.15,12,2021,2021-01-15,2025-12-15
2023,MO005-403501091420401,6eca0c5cc423422a8ad149e35c789854,,,,40.583611,-91.701111,100.655,2.239,1.089,12,2021,2021-01-15,2025-12-15
2024,MO005-403501091420401,6eca0c5cc423422a8ad149e35c789854,,,,40.583611,-91.701111,100.784,2.368,0.129,12,2021,2021-01-15,2025-12-15
2025,MO005-403501091420401,6eca0c5cc423422a8ad149e35c789854,,,,40.583611,-91.701111,100.8,2.384,0.016,12,2021,2021-01-15,2025-12-15
2021,OH015-392016082272400,19f2001aa4c24a1f8d6128ba5a6ecb11,,,,39.337919,-82.456511,51.414,0,,12,2021,2021-01-15,2025-12-15
2022,OH015-392016082272400,19f2001aa4c24a1f8d6128ba5a6ecb11,,,,39.337919,-82.456511,51.752,0.338,0.338,12,2021,2021-01-15,2025-12-15
2023,OH015-392016082272400,19f2001aa4c24a1f8d6128ba5a6ecb11,,,,39.337919,-82.456511,52.738,1.323,0.985,12,2021,2021-01-15,2025-12-15
2024,OH015-392016082272400,19f2001aa4c24a1f8d6128ba5a6ecb11,,,,39.337919,-82.456511,53.554,2.14,0.817,12,2021,2021-01-15,2025-12-15
2025,OH015-392016082272400,19f2001aa4c24a1f8d6128ba5a6ecb11,,,,39.337919,-82.456511,54.156,2.742,0.602,12,2021,2021-01-15,2025-12-15
2021,USGS-292458094534206,5ac8da0dec8e439fbd66acbfd4e432b6,,,,29.416325,-94.895003,46.201,0,,7,2021,2021-06-15,2025-12-15
2022,USGS-292458094534206,5ac8da0dec8e439fbd66acbfd4e432b6,,,,29.416325,-94.895003,46.414,0.213,0.213,12,2021,2021-06-15,2025-12-15
2023,USGS-292458094534206,5ac8da0dec8e439fbd66acbfd4e432b6,,,,29.416325,-94.895003,46.868,0.667,0.454,12,2021,2021-06-15,2025-12-15
2024,USGS-292458094534206,5ac8da0dec8e439fbd66acbfd4e432b6,,,,29.416325,-94.895003,47.094,0.893,0.226,12,2021,2021-06-15,2025-12-15
2025,USGS-292458094534206,5ac8da0dec8e439fbd66acbfd4e432b6,,,,29.416325,-94.895003,47.498,1.296,0.403,12,2021,2021-06-15,2025-12-15
2021,USGS-292628099401401,42cffdb9c7304055b85db1354b2daea1,,,,29.446063,-99.664801,67.298,0,,12,2021,2021-01-15,2025-12-15
2022,USGS-292628099401401,42cffdb9c7304055b85db1354b2daea1,,,,29.446063,-99.664801,69.746,2.448,2.448,10,2021,2021-01-15,2025-12-15
2023,USGS-292628099401401,42cffdb9c7304055b85db1354b2daea1,,,,29.446063,-99.664801,69.418,2.119,-0.329,12,2021,2021-01-15,2025-12-15
2024,USGS-292628099401401,42cffdb9c7304055b85db1354b2daea1,,,,29.446063,-99.664801,70.332,3.033,0.914,11,2021,2021-01-15,2025-12-15
2025,USGS-292628099401401,42cffdb9c7304055b85db1354b2daea1,,,,29.446063,-99.664801,64.912,-2.387,-5.42,11,2021,2021-01-15,2025-12-15
2021,USGS-293252098380801,dc7d1e0de5c544a3a22a0d1c437e6262,,,,29.547778,-98.635556,186.86,0,,11,2021,2021-01-15,2025-11-15
2022,USGS-293252098380801,dc7d1e0de5c544a3a22a0d1c437e6262,,,,29.547778,-98.635556,196.889,10.029,10.029,10,2021,2021-01-15,2025-11-15
2023,USGS-293252098380801,dc7d1e0de5c544a3a22a0d1c437e6262,,,,29.547778,-98.635556,217.714,30.854,20.825,11,2021,2021-01-15,2025-11-15
2024,USGS-293252098380801,dc7d1e0de5c544a3a22a0d1c437e6262,,,,29.547778,-98.635556,223.093,36.232,5.379,12,2021,2021-01-15,2025-11-15
2025,USGS-293252098380801,dc7d1e0de5c544a3a22a0d1c437e6262,,,,29.547778,-98.635556,226.935,40.075,3.842,11,2021,2021-01-15,2025-11-15
2021,USGS-293348095070604,3a8fa2f620d64dba9ddcb010760a2f72,,,,29.563417,-95.118944,132.383,0,,12,2021,2021-01-15,2025-12-15
2022,USGS-293348095070604,3a8fa2f620d64dba9ddcb010760a2f72,,,,29.563417,-95.118944,132.688,0.304,0.304,12,2021,2021-01-15,2025-12-15
2023,USGS-293348095070604,3a8fa2f620d64dba9ddcb010760a2f72,,,,29.563417,-95.118944,133.048,0.665,0.361,12,2021,2021-01-15,2025-12-15
2024,USGS-293348095070604,3a8fa2f620d64dba9ddcb010760a2f72,,,,29.563417,-95.118944,133.649,1.266,0.601,12,2021,2021-01-15,2025-12-15
2025,USGS-293348095070604,3a8fa2f620d64dba9ddcb010760a2f72,,,,29.563417,-95.118944,134.388,2.004,0.738,12,2021,2021-01-15,2025-12-15
2021,USGS-293352095011601,3f9b08b41b5b44578b7644663c1ea71f,,,,29.564794,-95.021456,94.674,0,,8,2021,2021-05-15,2025-12-15
2022,USGS-293352095011601,3f9b08b41b5b44578b7644663c1ea71f,,,,29.564794,-95.021456,94.21,-0.464,-0.464,12,2021,2021-05-15,2025-12-15
2023,USGS-293352095011601,3f9b08b41b5b44578b7644663c1ea71f,,,,29.564794,-95.021456,94.82,0.146,0.61,8,2021,2021-05-15,2025-12-15
2024,USGS-293352095011601,3f9b08b41b5b44578b7644663c1ea71f,,,,29.564794,-95.021456,96.641,1.967,1.821,10,2021,2021-05-15,2025-12-15
2025,USGS-293352095011601,3f9b08b41b5b44578b7644663c1ea71f,,,,29.564794,-95.021456,98.83,4.156,2.189,11,2021,2021-05-15,2025-12-15
2021,USGS-294338095270403,1de57074554848ccb9f8b7875f0fa8da,,,,29.7275,-95.451389,249.711,0,,12,2021,2021-01-15,2025-12-15
2022,USGS-294338095270403,1de57074554848ccb9f8b7875f0fa8da,,,,29.7275,-95.451389,251.621,1.91,1.91,11,2021,2021-01-15,2025-12-15
2023,USGS-294338095270403,1de57074554848ccb9f8b7875f0fa8da,,,,29.7275,-95.451389,259.695,9.985,8.075,11,2021,2021-01-15,2025-12-15
2024,USGS-294338095270403,1de57074554848ccb9f8b7875f0fa8da,,,,29.7275,-95.451389,265.737,16.026,6.042,10,2021,2021-01-15,2025-12-15
2025,USGS-294338095270403,1de57074554848ccb9f8b7875f0fa8da,,,,29.7275,-95.451389,265.475,15.764,-0.262,12,2021,2021-01-15,2025-12-15
2021,USGS-294527095014910,9b701566b12c4a77b9e154db63d7d733,,,,29.757842,-95.03065,103.236,0,,12,2021,2021-01-15,2025-12-15
2022,USGS-294527095014910,9b701566b12c4a77b9e154db63d7d733,,,,29.757842,-95.03065,102.598,-0.637,-0.637,12,2021,2021-01-15,2025-12-15
2023,USGS-294527095014910,9b701566b12c4a77b9e154db63d7d733,,,,29.757842,-95.03065,105.431,2.195,2.832,12,2021,2021-01-15,2025-12-15
2024,USGS-294527095014910,9b701566b12c4a77b9e154db63d7d733,,,,29.757842,-95.03065,107.307,4.071,1.876,12,2021,2021-01-15,2025-12-15
2025,USGS-294527095014910,9b701566b12c4a77b9e154db63d7d733,,,,29.757842,-95.03065,108.682,5.446,1.375,12,2021,2021-01-15,2025-12-15
2021,USGS-294726095351101,c744c4beed9c4281882dbf4ac32b9c4c,,,,29.790833,-95.586667,9.77,0,,12,2021,2021-01-15,2025-11-15
2022,USGS-294726095351101,c744c4beed9c4281882dbf4ac32b9c4c,,,,29.790833,-95.586667,12.815,3.045,3.045,12,2021,2021-01-15,2025-11-15
2023,USGS-294726095351101,c744c4beed9c4281882dbf4ac32b9c4c,,,,29.790833,-95.586667,13.478,3.708,0.663,12,2021,2021-01-15,2025-11-15
2024,USGS-294726095351101,c744c4beed9c4281882dbf4ac32b9c4c,,,,29.790833,-95.586667,12.614,2.844,-0.864,12,2021,2021-01-15,2025-11-15
2025,USGS-294726095351101,c744c4beed9c4281882dbf4ac32b9c4c,,,,29.790833,-95.586667,13.144,3.374,0.529,11,2021,2021-01-15,2025-11-15
2021,USGS-294726095351102,52171a1953754efba08b20021016c6dd,,,,29.790694,-95.586139,350.908,0,,12,2021,2021-01-15,2025-12-15
2022,USGS-294726095351102,52171a1953754efba08b20021016c6dd,,,,29.790694,-95.586139,357.308,6.399,6.399,12,2021,2021-01-15,2025-12-15
2023,USGS-294726095351102,52171a1953754efba08b20021016c6dd,,,,29.790694,-95.586139,376.092,25.184,18.785,12,2021,2021-01-15,2025-12-15
2024,USGS-294726095351102,52171a1953754efba08b20021016c6dd,,,,29.790694,-95.586139,381.408,30.499,5.315,12,2021,2021-01-15,2025-12-15
2025,USGS-294726095351102,52171a1953754efba08b20021016c6dd,,,,29.790694,-95.586139,368.131,17.223,-13.277,12,2021,2021-01-15,2025-12-15
2021,USGS-294726095351104,277a938dfb914575a34b72fd50ca9a52,,,,29.790833,-95.586667,152.658,0,,11,2021,2021-01-15,2025-12-15
2022,USGS-294726095351104,277a938dfb914575a34b72fd50ca9a52,,,,29.790833,-95.586667,152.04,-0.618,-0.618,12,2021,2021-01-15,2025-12-15
2023,USGS-294726095351104,277a938dfb914575a34b72fd50ca9a52,,,,29.790833,-95.586667,152.023,-0.635,-0.017,10,2021,2021-01-15,2025-12-15
2024,USGS-294726095351104,277a938dfb914575a34b72fd50ca9a52,,,,29.790833,-95.586667,152.711,0.053,0.688,11,2021,2021-01-15,2025-12-15
2025,USGS-294726095351104,277a938dfb914575a34b72fd50ca9a52,,,,29.790833,-95.586667,152.454,-0.205,-0.257,11,2021,2021-01-15,2025-12-15
2021,USGS-294728095200103,c5a813c15e324a87b1aa9803c3d6c691,,,,29.791389,-95.333889,168.709,0,,9,2021,2021-03-15,2025-12-15
2022,USGS-294728095200103,c5a813c15e324a87b1aa9803c3d6c691,,,,29.791389,-95.333889,169.197,0.488,0.488,12,2021,2021-03-15,2025-12-15
2023,USGS-294728095200103,c5a813c15e324a87b1aa9803c3d6c691,,,,29.791389,-95.333889,174.616,5.907,5.419,12,2021,2021-03-15,2025-12-15
2024,USGS-294728095200103,c5a813c15e324a87b1aa9803c3d6c691,,,,29.791389,-95.333889,178.881,10.172,4.265,12,2021,2021-03-15,2025-12-15
2025,USGS-294728095200103,c5a813c15e324a87b1aa9803c3d6c691,,,,29.791389,-95.333889,178.772,10.063,-0.109,5,2021,2021-03-15,2025-12-15
2021,USGS-295204099340201,d11b4e84a0484062bdb609deb1454918,,,,29.867797,-99.567189,249.777,0,,11,2021,2021-01-15,2025-12-15
2022,USGS-295204099340201,d11b4e84a0484062bdb609deb1454918,,,,29.867797,-99.567189,250.796,1.019,1.019,12,2021,2021-01-15,2025-12-15
2023,USGS-295204099340201,d11b4e84a0484062bdb609deb1454918,,,,29.867797,-99.567189,251.354,1.577,0.558,12,2021,2021-01-15,2025-12-15
2024,USGS-295204099340201,d11b4e84a0484062bdb609deb1454918,,,,29.867797,-99.567189,251.427,1.649,0.072,12,2021,2021-01-15,2025-12-15
2025,USGS-295204099340201,d11b4e84a0484062bdb609deb1454918,,,,29.867797,-99.567189,250.696,0.919,-0.731,12,2021,2021-01-15,2025-12-15
2021,USGS-295449095084101,404fecfe48c94947a41ec49877a11aca,,,,29.913889,-95.145,82.282,0,,11,2021,2021-01-15,2025-12-15
2022,USGS-295449095084101,404fecfe48c94947a41ec49877a11aca,,,,29.913889,-95.145,85.317,3.035,3.035,12,2021,2021-01-15,2025-12-15
2023,USGS-295449095084101,404fecfe48c94947a41ec49877a11aca,,,,29.913889,-95.145,89.549,7.267,4.233,12,2021,2021-01-15,2025-12-15
2024,USGS-295449095084101,404fecfe48c94947a41ec49877a11aca,,,,29.913889,-95.145,94.414,12.132,4.865,12,2021,2021-01-15,2025-12-15
2025,USGS-295449095084101,404fecfe48c94947a41ec49877a11aca,,,,29.913889,-95.145,98.291,16.009,3.877,10,2021,2021-01-15,2025-12-15
2021,USGS-300849095143301,f343e424433344e798b746d38f4e657b,,,,30.146944,-95.2425,135.791,0,,12,2021,2021-01-15,2025-12-15
2022,USGS-300849095143301,f343e424433344e798b746d38f4e657b,,,,30.146944,-95.2425,142.981,7.19,7.19,12,2021,2021-01-15,2025-12-15
2023,USGS-300849095143301,f343e424433344e798b746d38f4e657b,,,,30.146944,-95.2425,150.707,14.916,7.726,12,2021,2021-01-15,2025-12-15
2024,USGS-300849095143301,f343e424433344e798b746d38f4e657b,,,,30.146944,-95.2425,150.007,14.216,-0.7,10,2021,2021-01-15,2025-12-15
2025,USGS-300849095143301,f343e424433344e798b746d38f4e657b,,,,30.146944,-95.2425,151.132,15.342,1.125,12,2021,2021-01-15,2025-12-15
2021,USGS-301228095272501,8180c85c144a4f45a012f23fa7da0b2a,,,,30.207778,-95.4575,342.954,0,,12,2021,2021-01-15,2025-11-15
2022,USGS-301228095272501,8180c85c144a4f45a012f23fa7da0b2a,,,,30.207778,-95.4575,358.981,16.027,16.027,12,2021,2021-01-15,2025-11-15
2023,USGS-301228095272501,8180c85c144a4f45a012f23fa7da0b2a,,,,30.207778,-95.4575,377.488,34.534,18.507,9,2021,2021-01-15,2025-11-15
2024,USGS-301228095272501,8180c85c144a4f45a012f23fa7da0b2a,,,,30.207778,-95.4575,378.737,35.783,1.249,9,2021,2021-01-15,2025-11-15
2025,USGS-301228095272501,8180c85c144a4f45a012f23fa7da0b2a,,,,30.207778,-95.4575,385.833,42.879,7.097,3,2021,2021-01-15,2025-11-15
2021,USGS-301237097464801,55fedb488aab463093938ee434805009,,,,30.210339,-97.781583,174.775,0,,12,2021,2021-01-15,2025-12-15
2022,USGS-301237097464801,55fedb488aab463093938ee434805009,,,,30.210339,-97.781583,179.087,4.312,4.312,12,2021,2021-01-15,2025-12-15
2023,USGS-301237097464801,55fedb488aab463093938ee434805009,,,,30.210339,-97.781583,194.368,19.593,15.281,11,2021,2021-01-15,2025-12-15
2024,USGS-301237097464801,55fedb488aab463093938ee434805009,,,,30.210339,-97.781583,188.404,13.629,-5.964,12,2021,2021-01-15,2025-12-15
2025,USGS-301237097464801,55fedb488aab463093938ee434805009,,,,30.210339,-97.781583,196.447,21.672,8.042,12,2021,2021-01-15,2025-12-15
2021,USGS-302416087505501,526dab3b08bb4109960abea6a1d56132,,,,30.404778,-87.848361,1.889,0,,8,2021,2021-02-15,2025-12-15
2022,USGS-302416087505501,526dab3b08bb4109960abea6a1d56132,,,,30.404778,-87.848361,2.677,0.789,0.789,11,2021,2021-02-15,2025-12-15
2023,USGS-302416087505501,526dab3b08bb4109960abea6a1d56132,,,,30.404778,-87.848361,3.342,1.453,0.664,12,2021,2021-02-15,2025-12-15
2024,USGS-302416087505501,526dab3b08bb4109960abea6a1d56132,,,,30.404778,-87.848361,3.907,2.019,0.566,11,2021,2021-02-15,2025-12-15
2025,USGS-302416087505501,526dab3b08bb4109960abea6a1d56132,,,,30.404778,-87.848361,3.788,1.899,-0.12,12,2021,2021-02-15,2025-12-15
2021,USGS-302614091083001,204b5d8c025d48bb919db4d661ad336d,,,,30.437413,-91.141773,149.92,0,,12,2021,2021-01-15,2025-12-15
2022,USGS-302614091083001,204b5d8c025d48bb919db4d661ad336d,,,,30.437413,-91.141773,156.952,7.032,7.032,12,2021,2021-01-15,2025-12-15
2023,USGS-302614091083001,204b5d8c025d48bb919db4d661ad336d,,,,30.437413,-91.141773,161.621,11.701,4.669,10,2021,2021-01-15,2025-12-15
2024,USGS-302614091083001,204b5d8c025d48bb919db4d661ad336d,,,,30.437413,-91.141773,168.767,18.847,7.146,12,2021,2021-01-15,2025-12-15
2025,USGS-302614091083001,204b5d8c025d48bb919db4d661ad336d,,,,30.437413,-91.141773,165.187,15.267,-3.58,12,2021,2021-01-15,2025-12-15
2021,USGS-302636091083802,a7636c62b41b4e80bb1562a38c7aa0b0,,,,30.443333,-91.143889,106.693,0,,12,2021,2021-01-15,2025-12-15
2022,USGS-302636091083802,a7636c62b41b4e80bb1562a38c7aa0b0,,,,30.443333,-91.143889,109.548,2.855,2.855,12,2021,2021-01-15,2025-12-15
2023,USGS-302636091083802,a7636c62b41b4e80bb1562a38c7aa0b0,,,,30.443333,-91.143889,111.297,4.604,1.749,12,2021,2021-01-15,2025-12-15
2024,USGS-302636091083802,a7636c62b41b4e80bb1562a38c7aa0b0,,,,30.443333,-91.143889,112.057,5.363,0.759,12,2021,2021-01-15,2025-12-15
2025,USGS-302636091083802,a7636c62b41b4e80bb1562a38c7aa0b0,,,,30.443333,-91.143889,107.685,0.992,-4.372,12,2021,2021-01-15,2025-12-15
2021,USGS-302642091083401,c013f9dffe3e43df859ae5cb8e2f4439,,,,30.445191,-91.142884,89.776,0,,12,2021,2021-01-15,2025-12-15
2022,USGS-302642091083401,c013f9dffe3e43df859ae5cb8e2f4439,,,,30.445191,-91.142884,92.413,2.638,2.638,12,2021,2021-01-15,2025-12-15
2023,USGS-302642091083401,c013f9dffe3e43df859ae5cb8e2f4439,,,,30.445191,-91.142884,93.579,3.803,1.166,11,2021,2021-01-15,2025-12-15
2024,USGS-302642091083401,c013f9dffe3e43df859ae5cb8e2f4439,,,,30.445191,-91.142884,94.233,4.458,0.654,12,2021,2021-01-15,2025-12-15
2025,USGS-302642091083401,c013f9dffe3e43df859ae5cb8e2f4439,,,,30.445191,-91.142884,91.493,1.718,-2.74,12,2021,2021-01-15,2025-12-15
2021,USGS-302948095422501,8140746f1a5346fa9460fddad3c28a16,,,,30.498833,-95.710611,50.513,0,,12,2021,2021-01-15,2025-12-15
2022,USGS-302948095422501,8140746f1a5346fa9460fddad3c28a16,,,,30.498833,-95.710611,50.731,0.218,0.218,12,2021,2021-01-15,2025-12-15
2023,USGS-302948095422501,8140746f1a5346fa9460fddad3c28a16,,,,30.498833,-95.710611,50.888,0.375,0.157,12,2021,2021-01-15,2025-12-15
2024,USGS-302948095422501,8140746f1a5346fa9460fddad3c28a16,,,,30.498833,-95.710611,50.727,0.213,-0.162,12,2021,2021-01-15,2025-12-15
2025,USGS-302948095422501,8140746f1a5346fa9460fddad3c28a16,,,,30.498833,-95.710611,50.585,0.072,-0.142,12,2021,2021-01-15,2025-12-15
2021,USGS-304313081330001,a0436087e7144e3381ee3cb451e51408,,,,30.72057,-81.549763,-23.092,0,,12,2021,2021-01-15,2025-12-15
2022,USGS-304313081330001,a0436087e7144e3381ee3cb451e51408,,,,30.72057,-81.549763,-22.589,0.503,0.503,11,2021,2021-01-15,2025-12-15
2023,USGS-304313081330001,a0436087e7144e3381ee3cb451e51408,,,,30.72057,-81.549763,-21.333,1.759,1.256,12,2021,2021-01-15,2025-12-15
2024,USGS-304313081330001,a0436087e7144e3381ee3cb451e51408,,,,30.72057,-81.549763,-21.298,1.795,0.035,10,2021,2021-01-15,2025-12-15
2025,USGS-304313081330001,a0436087e7144e3381ee3cb451e51408,,,,30.72057,-81.549763,-20.678,2.415,0.62,12,2021,2021-01-15,2025-12-15
2021,USGS-304406081330502,7fa1331e9fc344d58e791c4c4fc92868,,,,30.735236,-81.551208,-10.477,0,,12,2021,2021-01-15,2025-12-15
2022,USGS-304406081330502,7fa1331e9fc344d58e791c4c4fc92868,,,,30.735236,-81.551208,-10.732,-0.256,-0.256,12,2021,2021-01-15,2025-12-15
2023,USGS-304406081330502,7fa1331e9fc344d58e791c4c4fc92868,,,,30.735236,-81.551208,-9.654,0.823,1.079,11,2021,2021-01-15,2025-12-15
2024,USGS-304406081330502,7fa1331e9fc344d58e791c4c4fc92868,,,,30.735236,-81.551208,-9.504,0.973,0.149,12,2021,2021-01-15,2025-12-15
2025,USGS-304406081330502,7fa1331e9fc344d58e791c4c4fc92868,,,,30.735236,-81.551208,-9.341,1.136,0.163,12,2021,2021-01-15,2025-12-15
2021,USGS-304406081330503,f2606bb5929f4f61b8c3c196a07966ff,,,,30.735236,-81.551208,3.084,0,,12,2021,2021-01-15,2025-12-15
2022,USGS-304406081330503,f2606bb5929f4f61b8c3c196a07966ff,,,,30.735236,-81.551208,3.23,0.146,0.146,12,2021,2021-01-15,2025-12-15
2023,USGS-304406081330503,f2606bb5929f4f61b8c3c196a07966ff,,,,30.735236,-81.551208,3.778,0.694,0.548,12,2021,2021-01-15,2025-12-15
2024,USGS-304406081330503,f2606bb5929f4f61b8c3c196a07966ff,,,,30.735236,-81.551208,2.954,-0.13,-0.824,12,2021,2021-01-15,2025-12-15
2025,USGS-304406081330503,f2606bb5929f4f61b8c3c196a07966ff,,,,30.735236,-81.551208,3.492,0.408,0.537,12,2021,2021-01-15,2025-12-15
2021,USGS-304406081330504,7a10dc415e944b58a1d6f9480c80921b,,,,30.735,-81.551389,-26.283,0,,12,2021,2021-01-15,2025-12-15
2022,USGS-304406081330504,7a10dc415e944b58a1d6f9480c80921b,,,,30.735,-81.551389,-25.563,0.721,0.721,12,2021,2021-01-15,2025-12-15
2023,USGS-304406081330504,7a10dc415e944b58a1d6f9480c80921b,,,,30.735,-81.551389,-24.34,1.943,1.222,12,2021,2021-01-15,2025-12-15
2024,USGS-304406081330504,7a10dc415e944b58a1d6f9480c80921b,,,,30.735,-81.551389,-25.013,1.27,-0.673,12,2021,2021-01-15,2025-12-15
2025,USGS-304406081330504,7a10dc415e944b58a1d6f9480c80921b,,,,30.735,-81.551389,-24.207,2.077,0.807,12,2021,2021-01-15,2025-12-15
2021,USGS-304406081330505,e728a959c0af42f98a675f826567d4c1,,,,30.735,-81.551389,-35.754,0,,12,2021,2021-01-15,2025-12-15
2022,USGS-304406081330505,e728a959c0af42f98a675f826567d4c1,,,,30.735,-81.551389,-35.181,0.573,0.573,12,2021,2021-01-15,2025-12-15
2023,USGS-304406081330505,e728a959c0af42f98a675f826567d4c1,,,,30.735,-81.551389,-34.608,1.146,0.572,12,2021,2021-01-15,2025-12-15
2024,USGS-304406081330505,e728a959c0af42f98a675f826567d4c1,,,,30.735,-81.551389,-34.932,0.822,-0.324,12,2021,2021-01-15,2025-12-15
2025,USGS-304406081330505,e728a959c0af42f98a675f826567d4c1,,,,30.735,-81.551389,-34.797,0.957,0.135,12,2021,2021-01-15,2025-12-15
2021,USGS-304712084395801,85d48fcd750c4db0971664f662ea680b,,,,30.786802,-84.666025,21.65,0,,7,2021,2021-01-15,2025-12-15
2022,USGS-304712084395801,85d48fcd750c4db0971664f662ea680b,,,,30.786802,-84.666025,22.469,0.819,0.819,12,2021,2021-01-15,2025-12-15
2023,USGS-304712084395801,85d48fcd750c4db0971664f662ea680b,,,,30.786802,-84.666025,23.049,1.399,0.58,12,2021,2021-01-15,2025-12-15
2024,USGS-304712084395801,85d48fcd750c4db0971664f662ea680b,,,,30.786802,-84.666025,22.599,0.949,-0.45,11,2021,2021-01-15,2025-12-15
2025,USGS-304712084395801,85d48fcd750c4db0971664f662ea680b,,,,30.786802,-84.666025,22.852,1.202,0.253,12,2021,2021-01-15,2025-12-15
2021,USGS-304806084404101,1842aa655ef5435981d8a892793ebc21,,,,30.801861,-84.678111,12.805,0,,10,2021,2021-01-15,2025-12-15
2022,USGS-304806084404101,1842aa655ef5435981d8a892793ebc21,,,,30.801861,-84.678111,14.121,1.316,1.316,12,2021,2021-01-15,2025-12-15
2023,USGS-304806084404101,1842aa655ef5435981d8a892793ebc21,,,,30.801861,-84.678111,14.303,1.498,0.183,12,2021,2021-01-15,2025-12-15
2024,USGS-304806084404101,1842aa655ef5435981d8a892793ebc21,,,,30.801861,-84.678111,13.803,0.998,-0.501,12,2021,2021-01-15,2025-12-15
2025,USGS-304806084404101,1842aa655ef5435981d8a892793ebc21,,,,30.801861,-84.678111,14.352,1.547,0.549,12,2021,2021-01-15,2025-12-15
2021,USGS-304942082213801,b1af5636c22a4808b08f682feba8ea5f,,,,30.828834,-82.360405,67.345,0,,11,2021,2021-01-15,2025-12-15
2022,USGS-304942082213801,b1af5636c22a4808b08f682feba8ea5f,,,,30.828834,-82.360405,68.514,1.17,1.17,12,2021,2021-01-15,2025-12-15
2023,USGS-304942082213801,b1af5636c22a4808b08f682feba8ea5f,,,,30.828834,-82.360405,69.607,2.262,1.093,12,2021,2021-01-15,2025-12-15
2024,USGS-304942082213801,b1af5636c22a4808b08f682feba8ea5f,,,,30.828834,-82.360405,67.772,0.427,-1.835,12,2021,2021-01-15,2025-12-15
2025,USGS-304942082213801,b1af5636c22a4808b08f682feba8ea5f,,,,30.828834,-82.360405,69.66,2.315,1.888,12,2021,2021-01-15,2025-12-15
2021,USGS-304949083165301,e46f8f50ebe041bd8b6c9ed37323b34f,,,,30.83105,-83.282665,119.463,0,,12,2021,2021-01-15,2025-12-15
2022,USGS-304949083165301,e46f8f50ebe041bd8b6c9ed37323b34f,,,,30.83105,-83.282665,124.327,4.863,4.863,12,2021,2021-01-15,2025-12-15
2023,USGS-304949083165301,e46f8f50ebe041bd8b6c9ed37323b34f,,,,30.83105,-83.282665,125.242,5.778,0.915,12,2021,2021-01-15,2025-12-15
2024,USGS-304949083165301,e46f8f50ebe041bd8b6c9ed37323b34f,,,,30.83105,-83.282665,118.33,-1.133,-6.912,12,2021,2021-01-15,2025-12-15
2025,USGS-304949083165301,e46f8f50ebe041bd8b6c9ed37323b34f,,,,30.83105,-83.282665,125.538,6.074,7.207,12,2021,2021-01-15,2025-12-15
2021,USGS-305110102533401,b3b5c815989945829562255f2b7f5ac1,,,,30.852861,-102.892781,99.389,0,,12,2021,2021-01-15,2025-12-15
2022,USGS-305110102533401,b3b5c815989945829562255f2b7f5ac1,,,,30.852861,-102.892781,100.572,1.183,1.183,12,2021,2021-01-15,2025-12-15
2023,USGS-305110102533401,b3b5c815989945829562255f2b7f5ac1,,,,30.852861,-102.892781,97.538,-1.852,-3.035,12,2021,2021-01-15,2025-12-15
2024,USGS-305110102533401,b3b5c815989945829562255f2b7f5ac1,,,,30.852861,-102.892781,101.769,2.38,4.232,12,2021,2021-01-15,2025-12-15
2025,USGS-305110102533401,b3b5c815989945829562255f2b7f5ac1,,,,30.852861,-102.892781,102.04,2.651,0.271,12,2021,2021-01-15,2025-12-15
2021,USGS-305235084125101,96c1811469464fa88acdbd3ae939233e,,,,30.876605,-84.214359,139.177,0,,11,2021,2021-01-15,2025-12-15
2022,USGS-305235084125101,96c1811469464fa88acdbd3ae939233e,,,,30.876605,-84.214359,138.776,-0.402,-0.402,9,2021,2021-01-15,2025-12-15
2023,USGS-305235084125101,96c1811469464fa88acdbd3ae939233e,,,,30.876605,-84.214359,140.942,1.765,2.166,10,2021,2021-01-15,2025-12-15
2024,USGS-305235084125101,96c1811469464fa88acdbd3ae939233e,,,,30.876605,-84.214359,138.193,-0.984,-2.749,7,2021,2021-01-15,2025-12-15
2025,USGS-305235084125101,96c1811469464fa88acdbd3ae939233e,,,,30.876605,-84.214359,138.412,-0.765,0.22,12,2021,2021-01-15,2025-12-15
2021,USGS-305356084534601,b72533f061e74e4d8a55e39b51cb07a0,,,,30.89716,-84.898546,20.894,0,,10,2021,2021-03-15,2025-08-15
2022,USGS-305356084534601,b72533f061e74e4d8a55e39b51cb07a0,,,,30.89716,-84.898546,29.485,8.591,8.591,11,2021,2021-03-15,2025-08-15
2023,USGS-305356084534601,b72533f061e74e4d8a55e39b51cb07a0,,,,30.89716,-84.898546,32.932,12.038,3.448,12,2021,2021-03-15,2025-08-15
2024,USGS-305356084534601,b72533f061e74e4d8a55e39b51cb07a0,,,,30.89716,-84.898546,28.244,7.35,-4.688,12,2021,2021-03-15,2025-08-15
2025,USGS-305356084534601,b72533f061e74e4d8a55e39b51cb07a0,,,,30.89716,-84.898546,30.945,10.051,2.701,8,2021,2021-03-15,2025-08-15
2021,USGS-305519090481801,173fb64ed6474047ae8dddcea1c12f64,,,,30.922124,-90.805101,57.417,0,,10,2021,2021-01-15,2025-09-15
2022,USGS-305519090481801,173fb64ed6474047ae8dddcea1c12f64,,,,30.922124,-90.805101,58.204,0.787,0.787,12,2021,2021-01-15,2025-09-15
2023,USGS-305519090481801,173fb64ed6474047ae8dddcea1c12f64,,,,30.922124,-90.805101,58.076,0.659,-0.128,12,2021,2021-01-15,2025-09-15
2024,USGS-305519090481801,173fb64ed6474047ae8dddcea1c12f64,,,,30.922124,-90.805101,59.643,2.226,1.567,12,2021,2021-01-15,2025-09-15
2025,USGS-305519090481801,173fb64ed6474047ae8dddcea1c12f64,,,,30.922124,-90.805101,58.704,1.287,-0.939,7,2021,2021-01-15,2025-09-15
2021,USGS-305736084355801,4519126484c74afda059e76e12169074,,,,30.961854,-84.596026,44.651,0,,12,2021,2021-01-15,2025-12-15
2022,USGS-305736084355801,4519126484c74afda059e76e12169074,,,,30.961854,-84.596026,47.811,3.16,3.16,12,2021,2021-01-15,2025-12-15
2023,USGS-305736084355801,4519126484c74afda059e76e12169074,,,,30.961854,-84.596026,48.963,4.313,1.152,12,2021,2021-01-15,2025-12-15
2024,USGS-305736084355801,4519126484c74afda059e76e12169074,,,,30.961854,-84.596026,47.302,2.651,-1.662,12,2021,2021-01-15,2025-12-15
2025,USGS-305736084355801,4519126484c74afda059e76e12169074,,,,30.961854,-84.596026,48.779,4.128,1.477,12,2021,2021-01-15,2025-12-15
2021,USGS-310410081343801,79b7ef11ac7e467b90c59e69545feff7,,,,31.069675,-81.577472,-21.13,0,,11,2021,2021-01-15,2025-12-15
2022,USGS-310410081343801,79b7ef11ac7e467b90c59e69545feff7,,,,31.069675,-81.577472,-20.493,0.637,0.637,12,2021,2021-01-15,2025-12-15
2023,USGS-310410081343801,79b7ef11ac7e467b90c59e69545feff7,,,,31.069675,-81.577472,-19.113,2.017,1.381,12,2021,2021-01-15,2025-12-15
2024,USGS-310410081343801,79b7ef11ac7e467b90c59e69545feff7,,,,31.069675,-81.577472,-20.449,0.681,-1.337,12,2021,2021-01-15,2025-12-15
2025,USGS-310410081343801,79b7ef11ac7e467b90c59e69545feff7,,,,31.069675,-81.577472,-19.346,1.784,1.103,12,2021,2021-01-15,2025-12-15
2021,USGS-310418081244701,5ea74088058e419f901700520e9278bb,,,,31.073111,-81.414194,-22.562,0,,12,2021,2021-01-15,2025-12-15
2022,USGS-310418081244701,5ea74088058e419f901700520e9278bb,,,,31.073111,-81.414194,-22.978,-0.416,-0.416,12,2021,2021-01-15,2025-12-15
2023,USGS-310418081244701,5ea74088058e419f901700520e9278bb,,,,31.073111,-81.414194,-21.077,1.486,1.902,12,2021,2021-01-15,2025-12-15
2024,USGS-310418081244701,5ea74088058e419f901700520e9278bb,,,,31.073111,-81.414194,-21.689,0.873,-0.613,12,2021,2021-01-15,2025-12-15
2025,USGS-310418081244701,5ea74088058e419f901700520e9278bb,,,,31.073111,-81.414194,-20.924,1.638,0.765,12,2021,2021-01-15,2025-12-15
2021,USGS-310427084591101,45f6674e636a49c7a98a7f167ad3231b,,,,31.074377,-84.986326,45.704,0,,9,2021,2021-04-15,2025-12-15
2022,USGS-310427084591101,45f6674e636a49c7a98a7f167ad3231b,,,,31.074377,-84.986326,51.204,5.5,5.5,12,2021,2021-04-15,2025-12-15
2023,USGS-310427084591101,45f6674e636a49c7a98a7f167ad3231b,,,,31.074377,-84.986326,56.248,10.544,5.044,12,2021,2021-04-15,2025-12-15
2024,USGS-310427084591101,45f6674e636a49c7a98a7f167ad3231b,,,,31.074377,-84.986326,49.653,3.949,-6.595,10,2021,2021-04-15,2025-12-15
2025,USGS-310427084591101,45f6674e636a49c7a98a7f167ad3231b,,,,31.074377,-84.986326,58.202,12.498,8.549,12,2021,2021-04-15,2025-12-15
2021,USGS-310428084310501,980a0d72d3a94c69b57d1072cb6c6009,,,,31.074629,-84.517968,49.407,0,,6,2021,2021-03-15,2025-12-15
2022,USGS-310428084310501,980a0d72d3a94c69b57d1072cb6c6009,,,,31.074629,-84.517968,51.963,2.557,2.557,12,2021,2021-03-15,2025-12-15
2023,USGS-310428084310501,980a0d72d3a94c69b57d1072cb6c6009,,,,31.074629,-84.517968,53.315,3.908,1.352,10,2021,2021-03-15,2025-12-15
2024,USGS-310428084310501,980a0d72d3a94c69b57d1072cb6c6009,,,,31.074629,-84.517968,50.977,1.571,-2.337,12,2021,2021-03-15,2025-12-15
2025,USGS-310428084310501,980a0d72d3a94c69b57d1072cb6c6009,,,,31.074629,-84.517968,53.051,3.644,2.073,12,2021,2021-03-15,2025-12-15
2021,USGS-310428084310503,1488887397d84d61a0835c88de9e4d7c,,,,31.074629,-84.517968,37.351,0,,12,2021,2021-01-15,2025-12-15
2022,USGS-310428084310503,1488887397d84d61a0835c88de9e4d7c,,,,31.074629,-84.517968,37.893,0.542,0.542,11,2021,2021-01-15,2025-12-15
2023,USGS-310428084310503,1488887397d84d61a0835c88de9e4d7c,,,,31.074629,-84.517968,37.51,0.159,-0.383,8,2021,2021-01-15,2025-12-15
2024,USGS-310428084310503,1488887397d84d61a0835c88de9e4d7c,,,,31.074629,-84.517968,37.381,0.03,-0.129,11,2021,2021-01-15,2025-12-15
2025,USGS-310428084310503,1488887397d84d61a0835c88de9e4d7c,,,,31.074629,-84.517968,38.162,0.811,0.781,10,2021,2021-01-15,2025-12-15
2021,USGS-310507084262201,6afd8dbaf8014272b4b1b2db22155023,,,,31.085463,-84.439355,48.432,0,,12,2021,2021-01-15,2025-12-15
2022,USGS-310507084262201,6afd8dbaf8014272b4b1b2db22155023,,,,31.085463,-84.439355,55.042,6.611,6.611,12,2021,2021-01-15,2025-12-15
2023,USGS-310507084262201,6afd8dbaf8014272b4b1b2db22155023,,,,31.085463,-84.439355,58.108,9.676,3.065,12,2021,2021-01-15,2025-12-15
2024,USGS-310507084262201,6afd8dbaf8014272b4b1b2db22155023,,,,31.085463,-84.439355,54.092,5.66,-4.016,12,2021,2021-01-15,2025-12-15
2025,USGS-310507084262201,6afd8dbaf8014272b4b1b2db22155023,,,,31.085463,-84.439355,56.618,8.187,2.527,11,2021,2021-01-15,2025-12-15
2021,USGS-310602081423601,3717affa09ff4ac09b317e0b5d6523d2,,,,31.100806,-81.710028,-6.807,0,,12,2021,2021-01-15,2025-12-15
2022,USGS-310602081423601,3717affa09ff4ac09b317e0b5d6523d2,,,,31.100806,-81.710028,-6.619,0.188,0.188,11,2021,2021-01-15,2025-12-15
2023,USGS-310602081423601,3717affa09ff4ac09b317e0b5d6523d2,,,,31.100806,-81.710028,-5.594,1.213,1.025,12,2021,2021-01-15,2025-12-15
2024,USGS-310602081423601,3717affa09ff4ac09b317e0b5d6523d2,,,,31.100806,-81.710028,-6.085,0.721,-0.491,11,2021,2021-01-15,2025-12-15
2025,USGS-310602081423601,3717affa09ff4ac09b317e0b5d6523d2,,,,31.100806,-81.710028,-5.533,1.274,0.553,11,2021,2021-01-15,2025-12-15
2021,USGS-310651084404501,d1fedd1a67ea4abfb1bd509341c969af,,,,31.11435,-84.678807,23.384,0,,12,2021,2021-01-15,2025-12-15
2022,USGS-310651084404501,d1fedd1a67ea4abfb1bd509341c969af,,,,31.11435,-84.678807,32.748,9.364,9.364,12,2021,2021-01-15,2025-12-15
2023,USGS-310651084404501,d1fedd1a67ea4abfb1bd509341c969af,,,,31.11435,-84.678807,39.2,15.816,6.452,12,2021,2021-01-15,2025-12-15
2024,USGS-310651084404501,d1fedd1a67ea4abfb1bd509341c969af,,,,31.11435,-84.678807,32.587,9.203,-6.613,12,2021,2021-01-15,2025-12-15
2025,USGS-310651084404501,d1fedd1a67ea4abfb1bd509341c969af,,,,31.11435,-84.678807,38.242,14.858,5.655,12,2021,2021-01-15,2025-12-15
2021,USGS-310706082155101,8a70dccde89f482785fbf70ba377065b,,,,31.118556,-82.265403,101.52,0,,12,2021,2021-01-15,2025-12-15
2022,USGS-310706082155101,8a70dccde89f482785fbf70ba377065b,,,,31.118556,-82.265403,102.851,1.331,1.331,12,2021,2021-01-15,2025-12-15
2023,USGS-310706082155101,8a70dccde89f482785fbf70ba377065b,,,,31.118556,-82.265403,103.582,2.063,0.732,12,2021,2021-01-15,2025-12-15
2024,USGS-310706082155101,8a70dccde89f482785fbf70ba377065b,,,,31.118556,-82.265403,101.627,0.107,-1.956,12,2021,2021-01-15,2025-12-15
2025,USGS-310706082155101,8a70dccde89f482785fbf70ba377065b,,,,31.118556,-82.265403,103.425,1.905,1.798,12,2021,2021-01-15,2025-12-15
2021,USGS-310813083260301,6bab6d086c8d4093ad0dfce1c82876e3,,,,31.137152,-83.434058,180.059,0,,12,2021,2021-01-15,2025-12-15
2022,USGS-310813083260301,6bab6d086c8d4093ad0dfce1c82876e3,,,,31.137152,-83.434058,180.17,0.111,0.111,11,2021,2021-01-15,2025-12-15
2023,USGS-310813083260301,6bab6d086c8d4093ad0dfce1c82876e3,,,,31.137152,-83.434058,181.688,1.629,1.518,12,2021,2021-01-15,2025-12-15
2024,USGS-310813083260301,6bab6d086c8d4093ad0dfce1c82876e3,,,,31.137152,-83.434058,180.132,0.073,-1.557,12,2021,2021-01-15,2025-12-15
2025,USGS-310813083260301,6bab6d086c8d4093ad0dfce1c82876e3,,,,31.137152,-83.434058,180.575,0.516,0.443,12,2021,2021-01-15,2025-12-15
2021,USGS-310818081293701,b04c2e4602c743579470b28dfc978414,,,,31.138592,-81.493378,-8.657,0,,12,2021,2021-01-15,2025-12-15
2022,USGS-310818081293701,b04c2e4602c743579470b28dfc978414,,,,31.138592,-81.493378,-8.812,-0.154,-0.154,12,2021,2021-01-15,2025-12-15
2023,USGS-310818081293701,b04c2e4602c743579470b28dfc978414,,,,31.138592,-81.493378,-8.732,-0.075,0.079,9,2021,2021-01-15,2025-12-15
2024,USGS-310818081293701,b04c2e4602c743579470b28dfc978414,,,,31.138592,-81.493378,-10.585,-1.928,-1.853,12,2021,2021-01-15,2025-12-15
2025,USGS-310818081293701,b04c2e4602c743579470b28dfc978414,,,,31.138592,-81.493378,-9.946,-1.289,0.639,8,2021,2021-01-15,2025-12-15
2021,USGS-310818081294201,8684ef4f26e94a6699e5253e79a773f7,,,,31.139592,-81.494767,-8.611,0,,10,2021,2021-01-15,2025-12-15
2022,USGS-310818081294201,8684ef4f26e94a6699e5253e79a773f7,,,,31.139592,-81.494767,-8.837,-0.226,-0.226,11,2021,2021-01-15,2025-12-15
2023,USGS-310818081294201,8684ef4f26e94a6699e5253e79a773f7,,,,31.139592,-81.494767,-8.038,0.573,0.799,12,2021,2021-01-15,2025-12-15
2024,USGS-310818081294201,8684ef4f26e94a6699e5253e79a773f7,,,,31.139592,-81.494767,-9.428,-0.817,-1.39,12,2021,2021-01-15,2025-12-15
2025,USGS-310818081294201,8684ef4f26e94a6699e5253e79a773f7,,,,31.139592,-81.494767,-9.065,-0.454,0.363,11,2021,2021-01-15,2025-12-15
2021,USGS-310822081294201,882e9b5bfdad4680867cde99c680e2e8,,,,31.138786,-81.494684,-8.782,0,,12,2021,2021-01-15,2025-12-15
2022,USGS-310822081294201,882e9b5bfdad4680867cde99c680e2e8,,,,31.138786,-81.494684,-7.664,1.118,1.118,11,2021,2021-01-15,2025-12-15
2023,USGS-310822081294201,882e9b5bfdad4680867cde99c680e2e8,,,,31.138786,-81.494684,-8.826,-0.044,-1.162,12,2021,2021-01-15,2025-12-15
2024,USGS-310822081294201,882e9b5bfdad4680867cde99c680e2e8,,,,31.138786,-81.494684,-10.452,-1.67,-1.626,12,2021,2021-01-15,2025-12-15
2025,USGS-310822081294201,882e9b5bfdad4680867cde99c680e2e8,,,,31.138786,-81.494684,-9.722,-0.94,0.73,12,2021,2021-01-15,2025-12-15
2021,USGS-310825081294201,376d3cc0a7a84848b4d90afab91cd252,,,,31.140483,-81.494835,-9.901,0,,11,2021,2021-02-15,2025-12-15
2022,USGS-310825081294201,376d3cc0a7a84848b4d90afab91cd252,,,,31.140483,-81.494835,-10.086,-0.185,-0.185,12,2021,2021-02-15,2025-12-15
2023,USGS-310825081294201,376d3cc0a7a84848b4d90afab91cd252,,,,31.140483,-81.494835,-9.778,0.123,0.308,12,2021,2021-02-15,2025-12-15
2024,USGS-310825081294201,376d3cc0a7a84848b4d90afab91cd252,,,,31.140483,-81.494835,-11.451,-1.55,-1.673,12,2021,2021-02-15,2025-12-15
2025,USGS-310825081294201,376d3cc0a7a84848b4d90afab91cd252,,,,31.140483,-81.494835,-10.653,-0.752,0.798,12,2021,2021-02-15,2025-12-15
2021,USGS-310835081294501,32bde5ea3ffe4f149de7539b98fb4319,,,,31.143056,-81.495833,-27.001,0,,12,2021,2021-01-15,2025-12-15
2022,USGS-310835081294501,32bde5ea3ffe4f149de7539b98fb4319,,,,31.143056,-81.495833,-27.678,-0.678,-0.678,12,2021,2021-01-15,2025-12-15
2023,USGS-310835081294501,32bde5ea3ffe4f149de7539b98fb4319,,,,31.143056,-81.495833,-27.901,-0.9,-0.222,12,2021,2021-01-15,2025-12-15
2024,USGS-310835081294501,32bde5ea3ffe4f149de7539b98fb4319,,,,31.143056,-81.495833,-29.088,-2.088,-1.188,12,2021,2021-01-15,2025-12-15
2025,USGS-310835081294501,32bde5ea3ffe4f149de7539b98fb4319,,,,31.143056,-81.495833,-29.779,-2.778,-0.691,12,2021,2021-01-15,2025-12-15
2021,USGS-310835081294502,8503503118da4cf9b0a082452dc5bd50,,,,31.143056,-81.495833,-16.965,0,,12,2021,2021-01-15,2025-12-15
2022,USGS-310835081294502,8503503118da4cf9b0a082452dc5bd50,,,,31.143056,-81.495833,-16.686,0.279,0.279,12,2021,2021-01-15,2025-12-15
2023,USGS-310835081294502,8503503118da4cf9b0a082452dc5bd50,,,,31.143056,-81.495833,-16.672,0.293,0.014,10,2021,2021-01-15,2025-12-15
2024,USGS-310835081294502,8503503118da4cf9b0a082452dc5bd50,,,,31.143056,-81.495833,-18.313,-1.348,-1.641,8,2021,2021-01-15,2025-12-15
2025,USGS-310835081294502,8503503118da4cf9b0a082452dc5bd50,,,,31.143056,-81.495833,-15.5,1.465,2.813,12,2021,2021-01-15,2025-12-15
2021,USGS-310901081284401,6a5a68580a424af08f256de1eb199aff,,,,31.150536,-81.478517,-13.923,0,,12,2021,2021-01-15,2025-12-15
2022,USGS-310901081284401,6a5a68580a424af08f256de1eb199aff,,,,31.150536,-81.478517,-15.152,-1.23,-1.23,12,2021,2021-01-15,2025-12-15
2023,USGS-310901081284401,6a5a68580a424af08f256de1eb199aff,,,,31.150536,-81.478517,-12.756,1.166,2.396,11,2021,2021-01-15,2025-12-15
2024,USGS-310901081284401,6a5a68580a424af08f256de1eb199aff,,,,31.150536,-81.478517,-14.165,-0.242,-1.408,11,2021,2021-01-15,2025-12-15
2025,USGS-310901081284401,6a5a68580a424af08f256de1eb199aff,,,,31.150536,-81.478517,-13.305,0.617,0.86,12,2021,2021-01-15,2025-12-15
2021,USGS-310901081284402,cdb7d7f2df1447c98b69dedd3ebe0324,,,,31.150508,-81.478711,0.613,0,,12,2021,2021-01-15,2025-12-15
2022,USGS-310901081284402,cdb7d7f2df1447c98b69dedd3ebe0324,,,,31.150508,-81.478711,0.472,-0.141,-0.141,12,2021,2021-01-15,2025-12-15
2023,USGS-310901081284402,cdb7d7f2df1447c98b69dedd3ebe0324,,,,31.150508,-81.478711,0.661,0.048,0.189,8,2021,2021-01-15,2025-12-15
2024,USGS-310901081284402,cdb7d7f2df1447c98b69dedd3ebe0324,,,,31.150508,-81.478711,-0.243,-0.856,-0.904,7,2021,2021-01-15,2025-12-15
2025,USGS-310901081284402,cdb7d7f2df1447c98b69dedd3ebe0324,,,,31.150508,-81.478711,0.15,-0.463,0.393,12,2021,2021-01-15,2025-12-15
2021,USGS-310902081284201,18f80959891a4e7bb40d927014d0bd76,,,,31.150611,-81.478444,3.135,0,,12,2021,2021-01-15,2025-12-15
2022,USGS-310902081284201,18f80959891a4e7bb40d927014d0bd76,,,,31.150611,-81.478444,2.993,-0.143,-0.143,12,2021,2021-01-15,2025-12-15
2023,USGS-310902081284201,18f80959891a4e7bb40d927014d0bd76,,,,31.150611,-81.478444,2.714,-0.421,-0.278,12,2021,2021-01-15,2025-12-15
2024,USGS-310902081284201,18f80959891a4e7bb40d927014d0bd76,,,,31.150611,-81.478444,1.507,-1.628,-1.208,12,2021,2021-01-15,2025-12-15
2025,USGS-310902081284201,18f80959891a4e7bb40d927014d0bd76,,,,31.150611,-81.478444,1.857,-1.278,0.35,12,2021,2021-01-15,2025-12-15
2021,USGS-310925081312201,fd27232644e24564a46a0b80daeab023,,,,31.157175,-81.522602,-9.438,0,,10,2021,2021-02-15,2025-12-15
2022,USGS-310925081312201,fd27232644e24564a46a0b80daeab023,,,,31.157175,-81.522602,-9.965,-0.527,-0.527,12,2021,2021-02-15,2025-12-15
2023,USGS-310925081312201,fd27232644e24564a46a0b80daeab023,,,,31.157175,-81.522602,-9.629,-0.191,0.336,9,2021,2021-02-15,2025-12-15
2024,USGS-310925081312201,fd27232644e24564a46a0b80daeab023,,,,31.157175,-81.522602,-11.156,-1.718,-1.527,12,2021,2021-02-15,2025-12-15
2025,USGS-310925081312201,fd27232644e24564a46a0b80daeab023,,,,31.157175,-81.522602,-10.133,-0.695,1.023,12,2021,2021-02-15,2025-12-15
2021,USGS-310925081312202,6a00358aa3aa405c876f57c687425ec3,,,,31.157175,-81.522602,-5.94,0,,8,2021,2021-02-15,2025-12-15
2022,USGS-310925081312202,6a00358aa3aa405c876f57c687425ec3,,,,31.157175,-81.522602,-5.879,0.061,0.061,8,2021,2021-02-15,2025-12-15
2023,USGS-310925081312202,6a00358aa3aa405c876f57c687425ec3,,,,31.157175,-81.522602,-5.479,0.461,0.4,11,2021,2021-02-15,2025-12-15
2024,USGS-310925081312202,6a00358aa3aa405c876f57c687425ec3,,,,31.157175,-81.522602,-7.221,-1.281,-1.742,11,2021,2021-02-15,2025-12-15
2025,USGS-310925081312202,6a00358aa3aa405c876f57c687425ec3,,,,31.157175,-81.522602,-6.752,-0.812,0.469,12,2021,2021-02-15,2025-12-15
2021,USGS-310931081291002,f9d5e8b76582480ea4df01a0b5783363,,,,31.158611,-81.486111,1.143,0,,12,2021,2021-01-15,2025-12-15
2022,USGS-310931081291002,f9d5e8b76582480ea4df01a0b5783363,,,,31.158611,-81.486111,0.317,-0.825,-0.825,12,2021,2021-01-15,2025-12-15
2023,USGS-310931081291002,f9d5e8b76582480ea4df01a0b5783363,,,,31.158611,-81.486111,-1.022,-2.165,-1.34,12,2021,2021-01-15,2025-12-15
2024,USGS-310931081291002,f9d5e8b76582480ea4df01a0b5783363,,,,31.158611,-81.486111,-3.908,-5.051,-2.886,12,2021,2021-01-15,2025-12-15
2025,USGS-310931081291002,f9d5e8b76582480ea4df01a0b5783363,,,,31.158611,-81.486111,-3.042,-4.184,0.867,12,2021,2021-01-15,2025-12-15
2021,USGS-311007081301701,4e2385df5b0949a598c445506061d86f,,,,31.16873,-81.504407,-4.011,0,,12,2021,2021-01-15,2025-12-15
2022,USGS-311007081301701,4e2385df5b0949a598c445506061d86f,,,,31.16873,-81.504407,-4.577,-0.566,-0.566,12,2021,2021-01-15,2025-12-15
2023,USGS-311007081301701,4e2385df5b0949a598c445506061d86f,,,,31.16873,-81.504407,-4.227,-0.216,0.35,3,2021,2021-01-15,2025-12-15
2024,USGS-311007081301701,4e2385df5b0949a598c445506061d86f,,,,31.16873,-81.504407,-5.974,-1.963,-1.747,12,2021,2021-01-15,2025-12-15
2025,USGS-311007081301701,4e2385df5b0949a598c445506061d86f,,,,31.16873,-81.504407,-4.376,-0.365,1.598,12,2021,2021-01-15,2025-12-15
2021,USGS-311007081301702,21be858c30d646d5a666b248910a2653,,,,31.168791,-81.504407,-1.865,0,,12,2021,2021-01-15,2025-12-15
2022,USGS-311007081301702,21be858c30d646d5a666b248910a2653,,,,31.168791,-81.504407,-2.913,-1.048,-1.048,10,2021,2021-01-15,2025-12-15
2023,USGS-311007081301702,21be858c30d646d5a666b248910a2653,,,,31.168791,-81.504407,-2.055,-0.19,0.858,11,2021,2021-01-15,2025-12-15
2024,USGS-311007081301702,21be858c30d646d5a666b248910a2653,,,,31.168791,-81.504407,-3.765,-1.9,-1.71,12,2021,2021-01-15,2025-12-15
2025,USGS-311007081301702,21be858c30d646d5a666b248910a2653,,,,31.168791,-81.504407,-3.322,-1.457,0.443,12,2021,2021-01-15,2025-12-15
2021,USGS-311009084495503,8d1723ba19bf4ca099b888551ea5b0ad,,,,31.169071,-84.831589,10.053,0,,12,2021,2021-01-15,2025-12-15
2022,USGS-311009084495503,8d1723ba19bf4ca099b888551ea5b0ad,,,,31.169071,-84.831589,13.88,3.827,3.827,9,2021,2021-01-15,2025-12-15
2023,USGS-311009084495503,8d1723ba19bf4ca099b888551ea5b0ad,,,,31.169071,-84.831589,15.274,5.22,1.394,11,2021,2021-01-15,2025-12-15
2024,USGS-311009084495503,8d1723ba19bf4ca099b888551ea5b0ad,,,,31.169071,-84.831589,9.683,-0.37,-5.59,12,2021,2021-01-15,2025-12-15
2025,USGS-311009084495503,8d1723ba19bf4ca099b888551ea5b0ad,,,,31.169071,-84.831589,18.069,8.016,8.386,12,2021,2021-01-15,2025-12-15
2021,USGS-311022081304601,0c631e9e710e4f9a80d769ae618f3c88,,,,31.172778,-81.512778,6.172,0,,11,2021,2021-02-15,2025-04-15
2022,USGS-311022081304601,0c631e9e710e4f9a80d769ae618f3c88,,,,31.172778,-81.512778,5.318,-0.853,-0.853,12,2021,2021-02-15,2025-04-15
2023,USGS-311022081304601,0c631e9e710e4f9a80d769ae618f3c88,,,,31.172778,-81.512778,6.03,-0.142,0.712,12,2021,2021-02-15,2025-04-15
2024,USGS-311022081304601,0c631e9e710e4f9a80d769ae618f3c88,,,,31.172778,-81.512778,4.628,-1.544,-1.402,12,2021,2021-02-15,2025-04-15
2025,USGS-311022081304601,0c631e9e710e4f9a80d769ae618f3c88,,,,31.172778,-81.512778,2.947,-3.224,-1.68,4,2021,2021-02-15,2025-04-15
2021,USGS-311022081304602,a30e264385e04f3a81ba19055f233f2d,,,,31.172778,-81.512778,41.623,0,,11,2021,2021-02-15,2025-04-15
2022,USGS-311022081304602,a30e264385e04f3a81ba19055f233f2d,,,,31.172778,-81.512778,36.85,-4.773,-4.773,12,2021,2021-02-15,2025-04-15
2023,USGS-311022081304602,a30e264385e04f3a81ba19055f233f2d,,,,31.172778,-81.512778,40.532,-1.091,3.682,12,2021,2021-02-15,2025-04-15
2024,USGS-311022081304602,a30e264385e04f3a81ba19055f233f2d,,,,31.172778,-81.512778,39.111,-2.512,-1.421,12,2021,2021-02-15,2025-04-15
2025,USGS-311022081304602,a30e264385e04f3a81ba19055f233f2d,,,,31.172778,-81.512778,32.843,-8.78,-6.268,4,2021,2021-02-15,2025-04-15
2021,USGS-311028081285902,bb2fbe3c55be4e7fa39c60ff464f33da,,,,31.174528,-81.483278,5.901,0,,12,2021,2021-01-15,2025-12-15
2022,USGS-311028081285902,bb2fbe3c55be4e7fa39c60ff464f33da,,,,31.174528,-81.483278,4.912,-0.989,-0.989,10,2021,2021-01-15,2025-12-15
2023,USGS-311028081285902,bb2fbe3c55be4e7fa39c60ff464f33da,,,,31.174528,-81.483278,4.77,-1.131,-0.142,12,2021,2021-01-15,2025-12-15
2024,USGS-311028081285902,bb2fbe3c55be4e7fa39c60ff464f33da,,,,31.174528,-81.483278,2.817,-3.084,-1.953,12,2021,2021-01-15,2025-12-15
2025,USGS-311028081285902,bb2fbe3c55be4e7fa39c60ff464f33da,,,,31.174528,-81.483278,5.341,-0.56,2.524,11,2021,2021-01-15,2025-12-15
2021,USGS-311319086153601,7b232bf92fde429cab8fc6c2eb765e4b,,,,31.222115,-86.25995,9.005,0,,11,2021,2021-01-15,2025-12-15
2022,USGS-311319086153601,7b232bf92fde429cab8fc6c2eb765e4b,,,,31.222115,-86.25995,10.404,1.399,1.399,10,2021,2021-01-15,2025-12-15
2023,USGS-311319086153601,7b232bf92fde429cab8fc6c2eb765e4b,,,,31.222115,-86.25995,11.03,2.025,0.626,12,2021,2021-01-15,2025-12-15
2024,USGS-311319086153601,7b232bf92fde429cab8fc6c2eb765e4b,,,,31.222115,-86.25995,10.065,1.06,-0.965,10,2021,2021-01-15,2025-12-15
2025,USGS-311319086153601,7b232bf92fde429cab8fc6c2eb765e4b,,,,31.222115,-86.25995,9.457,0.451,-0.608,12,2021,2021-01-15,2025-12-15
2021,USGS-311400084295502,22a0b7babcae482ab32f9e4e88394452,,,,31.233539,-84.498534,29.768,0,,12,2021,2021-01-15,2025-12-15
2022,USGS-311400084295502,22a0b7babcae482ab32f9e4e88394452,,,,31.233539,-84.498534,36.396,6.627,6.627,9,2021,2021-01-15,2025-12-15
2023,USGS-311400084295502,22a0b7babcae482ab32f9e4e88394452,,,,31.233539,-84.498534,41.938,12.17,5.542,10,2021,2021-01-15,2025-12-15
2024,USGS-311400084295502,22a0b7babcae482ab32f9e4e88394452,,,,31.233539,-84.498534,37.833,8.064,-4.105,12,2021,2021-01-15,2025-12-15
2025,USGS-311400084295502,22a0b7babcae482ab32f9e4e88394452,,,,31.233539,-84.498534,42.61,12.842,4.778,12,2021,2021-01-15,2025-12-15
2021,USGS-311456081210501,a5081a9f1e694aa5a9c969e3e9f0a778,,,,31.248833,-81.351417,3.347,0,,11,2021,2021-01-15,2025-12-15
2022,USGS-311456081210501,a5081a9f1e694aa5a9c969e3e9f0a778,,,,31.248833,-81.351417,3.22,-0.127,-0.127,11,2021,2021-01-15,2025-12-15
2023,USGS-311456081210501,a5081a9f1e694aa5a9c969e3e9f0a778,,,,31.248833,-81.351417,3.681,0.334,0.461,11,2021,2021-01-15,2025-12-15
2024,USGS-311456081210501,a5081a9f1e694aa5a9c969e3e9f0a778,,,,31.248833,-81.351417,2.253,-1.094,-1.428,12,2021,2021-01-15,2025-12-15
2025,USGS-311456081210501,a5081a9f1e694aa5a9c969e3e9f0a778,,,,31.248833,-81.351417,2.873,-0.475,0.619,11,2021,2021-01-15,2025-12-15
2021,USGS-311456081210503,052d5a4ef110449c998801396274d765,,,,31.248389,-81.351472,7.568,0,,6,2021,2021-01-15,2025-12-15
2022,USGS-311456081210503,052d5a4ef110449c998801396274d765,,,,31.248389,-81.351472,8.533,0.965,0.965,9,2021,2021-01-15,2025-12-15
2023,USGS-311456081210503,052d5a4ef110449c998801396274d765,,,,31.248389,-81.351472,8.48,0.912,-0.053,12,2021,2021-01-15,2025-12-15
2024,USGS-311456081210503,052d5a4ef110449c998801396274d765,,,,31.248389,-81.351472,7.405,-0.163,-1.075,12,2021,2021-01-15,2025-12-15
2025,USGS-311456081210503,052d5a4ef110449c998801396274d765,,,,31.248389,-81.351472,8.017,0.449,0.612,11,2021,2021-01-15,2025-12-15
2021,USGS-311530081363901,4b4239d0006e4113a7f96f23395a3dae,,,,31.258561,-81.610662,-14.299,0,,7,2021,2021-01-15,2025-12-15
2022,USGS-311530081363901,4b4239d0006e4113a7f96f23395a3dae,,,,31.258561,-81.610662,-13.862,0.436,0.436,8,2021,2021-01-15,2025-12-15
2023,USGS-311530081363901,4b4239d0006e4113a7f96f23395a3dae,,,,31.258561,-81.610662,-11.515,2.783,2.347,11,2021,2021-01-15,2025-12-15
2024,USGS-311530081363901,4b4239d0006e4113a7f96f23395a3dae,,,,31.258561,-81.610662,-12.718,1.581,-1.202,12,2021,2021-01-15,2025-12-15
2025,USGS-311530081363901,4b4239d0006e4113a7f96f23395a3dae,,,,31.258561,-81.610662,-12.08,2.219,0.638,11,2021,2021-01-15,2025-12-15
2021,USGS-311530081363904,d4b6597a5c19438485539f0c2983f014,,,,31.258561,-81.610662,-1.164,0,,5,2021,2021-01-15,2025-10-15
2022,USGS-311530081363904,d4b6597a5c19438485539f0c2983f014,,,,31.258561,-81.610662,-1.588,-0.424,-0.424,11,2021,2021-01-15,2025-10-15
2023,USGS-311530081363904,d4b6597a5c19438485539f0c2983f014,,,,31.258561,-81.610662,-1.402,-0.238,0.186,12,2021,2021-01-15,2025-10-15
2024,USGS-311530081363904,d4b6597a5c19438485539f0c2983f014,,,,31.258561,-81.610662,-1.676,-0.512,-0.273,12,2021,2021-01-15,2025-10-15
2025,USGS-311530081363904,d4b6597a5c19438485539f0c2983f014,,,,31.258561,-81.610662,-1.753,-0.589,-0.077,10,2021,2021-01-15,2025-10-15
2021,USGS-311647084173801,a1c01e9ed1ab4efa9c6b0cec3179e7e3,,,,31.279833,-84.293917,37.374,0,,10,2021,2021-03-15,2025-12-15
2022,USGS-311647084173801,a1c01e9ed1ab4efa9c6b0cec3179e7e3,,,,31.279833,-84.293917,42.098,4.723,4.723,12,2021,2021-03-15,2025-12-15
2023,USGS-311647084173801,a1c01e9ed1ab4efa9c6b0cec3179e7e3,,,,31.279833,-84.293917,43.952,6.578,1.854,12,2021,2021-03-15,2025-12-15
2024,USGS-311647084173801,a1c01e9ed1ab4efa9c6b0cec3179e7e3,,,,31.279833,-84.293917,40.999,3.625,-2.952,12,2021,2021-03-15,2025-12-15
2025,USGS-311647084173801,a1c01e9ed1ab4efa9c6b0cec3179e7e3,,,,31.279833,-84.293917,43.338,5.964,2.339,12,2021,2021-03-15,2025-12-15
2021,USGS-311647084173803,d35adf30695c45df9da5b194c8fee77a,,,,31.279806,-84.293972,37.634,0,,10,2021,2021-03-15,2025-12-15
2022,USGS-311647084173803,d35adf30695c45df9da5b194c8fee77a,,,,31.279806,-84.293972,42.688,5.053,5.053,12,2021,2021-03-15,2025-12-15
2023,USGS-311647084173803,d35adf30695c45df9da5b194c8fee77a,,,,31.279806,-84.293972,44.339,6.705,1.652,12,2021,2021-03-15,2025-12-15
2024,USGS-311647084173803,d35adf30695c45df9da5b194c8fee77a,,,,31.279806,-84.293972,40.987,3.353,-3.353,12,2021,2021-03-15,2025-12-15
2025,USGS-311647084173803,d35adf30695c45df9da5b194c8fee77a,,,,31.279806,-84.293972,43.543,5.909,2.557,12,2021,2021-03-15,2025-12-15
2021,USGS-311711081283002,294de1c651d648919431c6774482868a,,,,31.286617,-81.474824,16.626,0,,10,2021,2021-01-15,2025-12-15
2022,USGS-311711081283002,294de1c651d648919431c6774482868a,,,,31.286617,-81.474824,16.967,0.341,0.341,12,2021,2021-01-15,2025-12-15
2023,USGS-311711081283002,294de1c651d648919431c6774482868a,,,,31.286617,-81.474824,19.584,2.958,2.617,12,2021,2021-01-15,2025-12-15
2024,USGS-311711081283002,294de1c651d648919431c6774482868a,,,,31.286617,-81.474824,19.872,3.246,0.288,12,2021,2021-01-15,2025-12-15
2025,USGS-311711081283002,294de1c651d648919431c6774482868a,,,,31.286617,-81.474824,20.212,3.586,0.339,12,2021,2021-01-15,2025-12-15
2021,USGS-311802084192301,fee25c18288c4996babaa5044ec34ad9,,,,31.300736,-84.322964,39.981,0,,12,2021,2021-01-15,2025-12-15
2022,USGS-311802084192301,fee25c18288c4996babaa5044ec34ad9,,,,31.300736,-84.322964,42.512,2.532,2.532,12,2021,2021-01-15,2025-12-15
2023,USGS-311802084192301,fee25c18288c4996babaa5044ec34ad9,,,,31.300736,-84.322964,44.406,4.425,1.893,12,2021,2021-01-15,2025-12-15
2024,USGS-311802084192301,fee25c18288c4996babaa5044ec34ad9,,,,31.300736,-84.322964,42.01,2.029,-2.396,12,2021,2021-01-15,2025-12-15
2025,USGS-311802084192301,fee25c18288c4996babaa5044ec34ad9,,,,31.300736,-84.322964,44.131,4.15,2.121,12,2021,2021-01-15,2025-12-15
2021,USGS-311909081281103,42b593673ee94ecdb40fc8cd5dcb8ff0,,,,31.319393,-81.469547,5.485,0,,11,2021,2021-02-15,2025-12-15
2022,USGS-311909081281103,42b593673ee94ecdb40fc8cd5dcb8ff0,,,,31.319393,-81.469547,5.582,0.098,0.098,12,2021,2021-02-15,2025-12-15
2023,USGS-311909081281103,42b593673ee94ecdb40fc8cd5dcb8ff0,,,,31.319393,-81.469547,5.55,0.065,-0.032,12,2021,2021-02-15,2025-12-15
2024,USGS-311909081281103,42b593673ee94ecdb40fc8cd5dcb8ff0,,,,31.319393,-81.469547,5.493,0.008,-0.057,4,2021,2021-02-15,2025-12-15
2025,USGS-311909081281103,42b593673ee94ecdb40fc8cd5dcb8ff0,,,,31.319393,-81.469547,5.368,-0.117,-0.125,10,2021,2021-02-15,2025-12-15
2021,USGS-312044110141901,63ade2d98c1d43a5a2d9f62f90318e0a,,,,31.345656,-110.239567,34.994,0,,12,2021,2021-01-15,2025-12-15
2022,USGS-312044110141901,63ade2d98c1d43a5a2d9f62f90318e0a,,,,31.345656,-110.239567,35.223,0.228,0.228,12,2021,2021-01-15,2025-12-15
2023,USGS-312044110141901,63ade2d98c1d43a5a2d9f62f90318e0a,,,,31.345656,-110.239567,35.132,0.138,-0.09,9,2021,2021-01-15,2025-12-15
2024,USGS-312044110141901,63ade2d98c1d43a5a2d9f62f90318e0a,,,,31.345656,-110.239567,37.38,2.386,2.248,7,2021,2021-01-15,2025-12-15
2025,USGS-312044110141901,63ade2d98c1d43a5a2d9f62f90318e0a,,,,31.345656,-110.239567,38.087,3.093,0.707,12,2021,2021-01-15,2025-12-15
2021,USGS-312127084065801,3db32688268f4efaa8846f7330dc3146,,,,31.358235,-84.115738,48.356,0,,12,2021,2021-01-15,2025-12-15
2022,USGS-312127084065801,3db32688268f4efaa8846f7330dc3146,,,,31.358235,-84.115738,51.568,3.212,3.212,12,2021,2021-01-15,2025-12-15
2023,USGS-312127084065801,3db32688268f4efaa8846f7330dc3146,,,,31.358235,-84.115738,53.467,5.111,1.898,12,2021,2021-01-15,2025-12-15
2024,USGS-312127084065801,3db32688268f4efaa8846f7330dc3146,,,,31.358235,-84.115738,50.8,2.444,-2.667,11,2021,2021-01-15,2025-12-15
2025,USGS-312127084065801,3db32688268f4efaa8846f7330dc3146,,,,31.358235,-84.115738,52.787,4.431,1.987,11,2021,2021-01-15,2025-12-15
2021,USGS-312214110071601,690e5cdc74d7470281f7a3a766cf3628,,,,31.3707,-110.122139,19.327,0,,12,2021,2021-01-15,2025-12-15
2022,USGS-312214110071601,690e5cdc74d7470281f7a3a766cf3628,,,,31.3707,-110.122139,18.74,-0.587,-0.587,12,2021,2021-01-15,2025-12-15
2023,USGS-312214110071601,690e5cdc74d7470281f7a3a766cf3628,,,,31.3707,-110.122139,18.512,-0.815,-0.228,12,2021,2021-01-15,2025-12-15
2024,USGS-312214110071601,690e5cdc74d7470281f7a3a766cf3628,,,,31.3707,-110.122139,19.788,0.462,1.277,12,2021,2021-01-15,2025-12-15
2025,USGS-312214110071601,690e5cdc74d7470281f7a3a766cf3628,,,,31.3707,-110.122139,20.269,0.942,0.481,12,2021,2021-01-15,2025-12-15
2021,USGS-312214110071602,60dc728873a54cb88e813e5a974c939b,,,,31.370703,-110.122119,18.57,0,,12,2021,2021-01-15,2025-12-15
2022,USGS-312214110071602,60dc728873a54cb88e813e5a974c939b,,,,31.370703,-110.122119,17.942,-0.628,-0.628,12,2021,2021-01-15,2025-12-15
2023,USGS-312214110071602,60dc728873a54cb88e813e5a974c939b,,,,31.370703,-110.122119,17.811,-0.759,-0.131,12,2021,2021-01-15,2025-12-15
2024,USGS-312214110071602,60dc728873a54cb88e813e5a974c939b,,,,31.370703,-110.122119,19.093,0.523,1.282,12,2021,2021-01-15,2025-12-15
2025,USGS-312214110071602,60dc728873a54cb88e813e5a974c939b,,,,31.370703,-110.122119,19.542,0.972,0.449,12,2021,2021-01-15,2025-12-15
2021,USGS-312232084391701,881a1f0bce00495faf47760640c1cc74,,,,31.3774,-84.654639,4.122,0,,12,2021,2021-01-15,2025-12-15
2022,USGS-312232084391701,881a1f0bce00495faf47760640c1cc74,,,,31.3774,-84.654639,11.072,6.949,6.949,12,2021,2021-01-15,2025-12-15
2023,USGS-312232084391701,881a1f0bce00495faf47760640c1cc74,,,,31.3774,-84.654639,10.814,6.692,-0.258,12,2021,2021-01-15,2025-12-15
2024,USGS-312232084391701,881a1f0bce00495faf47760640c1cc74,,,,31.3774,-84.654639,8.075,3.953,-2.739,12,2021,2021-01-15,2025-12-15
2025,USGS-312232084391701,881a1f0bce00495faf47760640c1cc74,,,,31.3774,-84.654639,13.403,9.281,5.328,12,2021,2021-01-15,2025-12-15
2021,USGS-312237084391701,b00f61f6b5134577b05e6d4949439022,,,,31.377028,-84.654722,25.839,0,,10,2021,2021-01-15,2025-12-15
2022,USGS-312237084391701,b00f61f6b5134577b05e6d4949439022,,,,31.377028,-84.654722,26.942,1.103,1.103,10,2021,2021-01-15,2025-12-15
2023,USGS-312237084391701,b00f61f6b5134577b05e6d4949439022,,,,31.377028,-84.654722,29.997,4.158,3.055,12,2021,2021-01-15,2025-12-15
2024,USGS-312237084391701,b00f61f6b5134577b05e6d4949439022,,,,31.377028,-84.654722,29.75,3.911,-0.247,12,2021,2021-01-15,2025-12-15
2025,USGS-312237084391701,b00f61f6b5134577b05e6d4949439022,,,,31.377028,-84.654722,31.987,6.148,2.237,12,2021,2021-01-15,2025-12-15
2021,USGS-312446081271203,f510390ad452439b940a4bdd88ec5e6f,,,,31.413002,-81.453158,27.664,0,,11,2021,2021-01-15,2025-12-15
2022,USGS-312446081271203,f510390ad452439b940a4bdd88ec5e6f,,,,31.413002,-81.453158,27.152,-0.512,-0.512,12,2021,2021-01-15,2025-12-15
2023,USGS-312446081271203,f510390ad452439b940a4bdd88ec5e6f,,,,31.413002,-81.453158,27.904,0.241,0.752,12,2021,2021-01-15,2025-12-15
2024,USGS-312446081271203,f510390ad452439b940a4bdd88ec5e6f,,,,31.413002,-81.453158,27.207,-0.457,-0.698,12,2021,2021-01-15,2025-12-15
2025,USGS-312446081271203,f510390ad452439b940a4bdd88ec5e6f,,,,31.413002,-81.453158,27.263,-0.4,0.057,12,2021,2021-01-15,2025-12-15
2021,USGS-312617084110701,1a98982f4cc7494eb00b7da5894382f2,,,,31.43825,-84.185028,41.382,0,,12,2021,2021-01-15,2025-12-15
2022,USGS-312617084110701,1a98982f4cc7494eb00b7da5894382f2,,,,31.43825,-84.185028,43.46,2.078,2.078,12,2021,2021-01-15,2025-12-15
2023,USGS-312617084110701,1a98982f4cc7494eb00b7da5894382f2,,,,31.43825,-84.185028,43.877,2.495,0.417,12,2021,2021-01-15,2025-12-15
2024,USGS-312617084110701,1a98982f4cc7494eb00b7da5894382f2,,,,31.43825,-84.185028,40.338,-1.043,-3.538,12,2021,2021-01-15,2025-12-15
2025,USGS-312617084110701,1a98982f4cc7494eb00b7da5894382f2,,,,31.43825,-84.185028,43.734,2.353,3.396,12,2021,2021-01-15,2025-12-15
2021,USGS-312642110063701,812849062cf345f5ba12bbe8ff223017,,,,31.445231,-110.110922,15.74,0,,12,2021,2021-01-15,2025-12-15
2022,USGS-312642110063701,812849062cf345f5ba12bbe8ff223017,,,,31.445231,-110.110922,14.432,-1.308,-1.308,12,2021,2021-01-15,2025-12-15
2023,USGS-312642110063701,812849062cf345f5ba12bbe8ff223017,,,,31.445231,-110.110922,14.506,-1.234,0.074,12,2021,2021-01-15,2025-12-15
2024,USGS-312642110063701,812849062cf345f5ba12bbe8ff223017,,,,31.445231,-110.110922,14.623,-1.118,0.117,12,2021,2021-01-15,2025-12-15
2025,USGS-312642110063701,812849062cf345f5ba12bbe8ff223017,,,,31.445231,-110.110922,14.237,-1.503,-0.386,12,2021,2021-01-15,2025-12-15
2021,USGS-312642110063702,b11a7eb862754053910b739358e84532,,,,31.445186,-110.110928,16.003,0,,12,2021,2021-01-15,2025-12-15
2022,USGS-312642110063702,b11a7eb862754053910b739358e84532,,,,31.445186,-110.110928,14.594,-1.409,-1.409,12,2021,2021-01-15,2025-12-15
2023,USGS-312642110063702,b11a7eb862754053910b739358e84532,,,,31.445186,-110.110928,14.694,-1.309,0.1,12,2021,2021-01-15,2025-12-15
2024,USGS-312642110063702,b11a7eb862754053910b739358e84532,,,,31.445186,-110.110928,14.71,-1.293,0.016,12,2021,2021-01-15,2025-12-15
2025,USGS-312642110063702,b11a7eb862754053910b739358e84532,,,,31.445186,-110.110928,14.352,-1.652,-0.358,12,2021,2021-01-15,2025-12-15
2021,USGS-312705084410301,8ed4adf8ee204b2d852bd8c61a1ded07,,,,31.451389,-84.684167,17.919,0,,10,2021,2021-01-15,2025-12-15
2022,USGS-312705084410301,8ed4adf8ee204b2d852bd8c61a1ded07,,,,31.451389,-84.684167,23.735,5.816,5.816,10,2021,2021-01-15,2025-12-15
2023,USGS-312705084410301,8ed4adf8ee204b2d852bd8c61a1ded07,,,,31.451389,-84.684167,22.892,4.973,-0.843,12,2021,2021-01-15,2025-12-15
2024,USGS-312705084410301,8ed4adf8ee204b2d852bd8c61a1ded07,,,,31.451389,-84.684167,15.819,-2.1,-7.074,10,2021,2021-01-15,2025-12-15
2025,USGS-312705084410301,8ed4adf8ee204b2d852bd8c61a1ded07,,,,31.451389,-84.684167,25.46,7.541,9.641,12,2021,2021-01-15,2025-12-15
2021,USGS-312711083293101,6559dc99922046cc93c03f498cb1f204,,,,31.453103,-83.491839,122.01,0,,5,2021,2021-03-15,2025-12-15
2022,USGS-312711083293101,6559dc99922046cc93c03f498cb1f204,,,,31.453103,-83.491839,122.749,0.739,0.739,8,2021,2021-03-15,2025-12-15
2023,USGS-312711083293101,6559dc99922046cc93c03f498cb1f204,,,,31.453103,-83.491839,124.937,2.927,2.188,12,2021,2021-03-15,2025-12-15
2024,USGS-312711083293101,6559dc99922046cc93c03f498cb1f204,,,,31.453103,-83.491839,123.498,1.488,-1.438,11,2021,2021-03-15,2025-12-15
2025,USGS-312711083293101,6559dc99922046cc93c03f498cb1f204,,,,31.453103,-83.491839,125.133,3.123,1.635,10,2021,2021-03-15,2025-12-15
2021,USGS-312712082593301,ba15305103284ded90b0e34fdc9f4bf4,,,,31.453519,-83.492386,138.993,0,,11,2021,2021-01-15,2025-12-15
2022,USGS-312712082593301,ba15305103284ded90b0e34fdc9f4bf4,,,,31.453519,-83.492386,140.201,1.208,1.208,11,2021,2021-01-15,2025-12-15
2023,USGS-312712082593301,ba15305103284ded90b0e34fdc9f4bf4,,,,31.453519,-83.492386,140.222,1.229,0.021,12,2021,2021-01-15,2025-12-15
2024,USGS-312712082593301,ba15305103284ded90b0e34fdc9f4bf4,,,,31.453519,-83.492386,139.024,0.031,-1.197,12,2021,2021-01-15,2025-12-15
2025,USGS-312712082593301,ba15305103284ded90b0e34fdc9f4bf4,,,,31.453519,-83.492386,140.007,1.014,0.982,12,2021,2021-01-15,2025-12-15
2021,USGS-312827084551501,ce7987b442774f1bbfe106ebc865a443,,,,31.473533,-84.921046,185.651,0,,12,2021,2021-01-15,2025-12-15
2022,USGS-312827084551501,ce7987b442774f1bbfe106ebc865a443,,,,31.473533,-84.921046,186.31,0.659,0.659,12,2021,2021-01-15,2025-12-15
2023,USGS-312827084551501,ce7987b442774f1bbfe106ebc865a443,,,,31.473533,-84.921046,187.365,1.714,1.055,12,2021,2021-01-15,2025-12-15
2024,USGS-312827084551501,ce7987b442774f1bbfe106ebc865a443,,,,31.473533,-84.921046,189.897,4.246,2.532,10,2021,2021-01-15,2025-12-15
2025,USGS-312827084551501,ce7987b442774f1bbfe106ebc865a443,,,,31.473533,-84.921046,188.62,2.969,-1.277,12,2021,2021-01-15,2025-12-15
2021,USGS-312827084551503,ee620095ed834a158b0bdf72f833b4f2,,,,31.473506,-84.920758,74.34,0,,12,2021,2021-01-15,2025-12-15
2022,USGS-312827084551503,ee620095ed834a158b0bdf72f833b4f2,,,,31.473506,-84.920758,74.557,0.217,0.217,12,2021,2021-01-15,2025-12-15
2023,USGS-312827084551503,ee620095ed834a158b0bdf72f833b4f2,,,,31.473506,-84.920758,75.604,1.264,1.047,12,2021,2021-01-15,2025-12-15
2024,USGS-312827084551503,ee620095ed834a158b0bdf72f833b4f2,,,,31.473506,-84.920758,74.944,0.604,-0.66,12,2021,2021-01-15,2025-12-15
2025,USGS-312827084551503,ee620095ed834a158b0bdf72f833b4f2,,,,31.473506,-84.920758,75.022,0.683,0.078,12,2021,2021-01-15,2025-12-15
2021,USGS-312853084275101,e0e8f56716c044f98e72e673dbde8570,,,,31.481588,-84.464088,22.327,0,,10,2021,2021-01-15,2025-12-15
2022,USGS-312853084275101,e0e8f56716c044f98e72e673dbde8570,,,,31.481588,-84.464088,22.927,0.6,0.6,12,2021,2021-01-15,2025-12-15
2023,USGS-312853084275101,e0e8f56716c044f98e72e673dbde8570,,,,31.481588,-84.464088,22.523,0.196,-0.404,10,2021,2021-01-15,2025-12-15
2024,USGS-312853084275101,e0e8f56716c044f98e72e673dbde8570,,,,31.481588,-84.464088,22.314,-0.013,-0.209,12,2021,2021-01-15,2025-12-15
2025,USGS-312853084275101,e0e8f56716c044f98e72e673dbde8570,,,,31.481588,-84.464088,23.071,0.744,0.757,12,2021,2021-01-15,2025-12-15
2021,USGS-312900110071001,2d29c530b8b04790b358936e162821f4,,,,31.483319,-110.119967,5.191,0,,12,2021,2021-01-15,2025-12-15
2022,USGS-312900110071001,2d29c530b8b04790b358936e162821f4,,,,31.483319,-110.119967,4.468,-0.723,-0.723,12,2021,2021-01-15,2025-12-15
2023,USGS-312900110071001,2d29c530b8b04790b358936e162821f4,,,,31.483319,-110.119967,6.125,0.934,1.657,12,2021,2021-01-15,2025-12-15
2024,USGS-312900110071001,2d29c530b8b04790b358936e162821f4,,,,31.483319,-110.119967,6.973,1.782,0.848,12,2021,2021-01-15,2025-12-15
2025,USGS-312900110071001,2d29c530b8b04790b358936e162821f4,,,,31.483319,-110.119967,6.66,1.469,-0.313,12,2021,2021-01-15,2025-12-15
2021,USGS-312919084153801,b3b4aa98005b4ab4a56ec4a5805eb5e7,,,,31.487306,-84.258333,23.094,0,,12,2021,2021-01-15,2025-12-15
2022,USGS-312919084153801,b3b4aa98005b4ab4a56ec4a5805eb5e7,,,,31.487306,-84.258333,28.205,5.111,5.111,12,2021,2021-01-15,2025-12-15
2023,USGS-312919084153801,b3b4aa98005b4ab4a56ec4a5805eb5e7,,,,31.487306,-84.258333,28.808,5.713,0.603,12,2021,2021-01-15,2025-12-15
2024,USGS-312919084153801,b3b4aa98005b4ab4a56ec4a5805eb5e7,,,,31.487306,-84.258333,25.169,2.075,-3.638,12,2021,2021-01-15,2025-12-15
2025,USGS-312919084153801,b3b4aa98005b4ab4a56ec4a5805eb5e7,,,,31.487306,-84.258333,32.535,9.441,7.366,12,2021,2021-01-15,2025-12-15
2021,USGS-312947084092201,7619897b77fe4705abdaf28a2ac756be,,,,31.496361,-84.156111,22.209,0,,12,2021,2021-01-15,2025-12-15
2022,USGS-312947084092201,7619897b77fe4705abdaf28a2ac756be,,,,31.496361,-84.156111,24.192,1.983,1.983,12,2021,2021-01-15,2025-12-15
2023,USGS-312947084092201,7619897b77fe4705abdaf28a2ac756be,,,,31.496361,-84.156111,24.397,2.188,0.204,12,2021,2021-01-15,2025-12-15
2024,USGS-312947084092201,7619897b77fe4705abdaf28a2ac756be,,,,31.496361,-84.156111,20.355,-1.855,-4.042,11,2021,2021-01-15,2025-12-15
2025,USGS-312947084092201,7619897b77fe4705abdaf28a2ac756be,,,,31.496361,-84.156111,24.327,2.118,3.973,11,2021,2021-01-15,2025-12-15
2021,USGS-313000084100301,a44570989b4b4b32967996bc034f517b,,,,31.500139,-84.167417,34.174,0,,12,2021,2021-01-15,2025-12-15
2022,USGS-313000084100301,a44570989b4b4b32967996bc034f517b,,,,31.500139,-84.167417,36.96,2.786,2.786,12,2021,2021-01-15,2025-12-15
2023,USGS-313000084100301,a44570989b4b4b32967996bc034f517b,,,,31.500139,-84.167417,37.382,3.207,0.422,12,2021,2021-01-15,2025-12-15
2024,USGS-313000084100301,a44570989b4b4b32967996bc034f517b,,,,31.500139,-84.167417,33.64,-0.534,-3.742,12,2021,2021-01-15,2025-12-15
2025,USGS-313000084100301,a44570989b4b4b32967996bc034f517b,,,,31.500139,-84.167417,37.357,3.182,3.717,12,2021,2021-01-15,2025-12-15
2021,USGS-313040084125901,18fb17bfc20e45d1a42e3b026147ac51,,,,31.511611,-84.209194,23.232,0,,12,2021,2021-01-15,2025-12-15
2022,USGS-313040084125901,18fb17bfc20e45d1a42e3b026147ac51,,,,31.511611,-84.209194,29.861,6.629,6.629,12,2021,2021-01-15,2025-12-15
2023,USGS-313040084125901,18fb17bfc20e45d1a42e3b026147ac51,,,,31.511611,-84.209194,30.907,7.676,1.047,12,2021,2021-01-15,2025-12-15
2024,USGS-313040084125901,18fb17bfc20e45d1a42e3b026147ac51,,,,31.511611,-84.209194,26.415,3.183,-4.492,12,2021,2021-01-15,2025-12-15
2025,USGS-313040084125901,18fb17bfc20e45d1a42e3b026147ac51,,,,31.511611,-84.209194,31.191,7.959,4.776,12,2021,2021-01-15,2025-12-15
2021,USGS-313105110074501,4a580ad0275245e6adf7fd4444d0895c,,,,31.5196,-110.129639,15.97,0,,11,2021,2021-01-15,2025-12-15
2022,USGS-313105110074501,4a580ad0275245e6adf7fd4444d0895c,,,,31.5196,-110.129639,15.069,-0.901,-0.901,12,2021,2021-01-15,2025-12-15
2023,USGS-313105110074501,4a580ad0275245e6adf7fd4444d0895c,,,,31.5196,-110.129639,15.854,-0.116,0.784,11,2021,2021-01-15,2025-12-15
2024,USGS-313105110074501,4a580ad0275245e6adf7fd4444d0895c,,,,31.5196,-110.129639,16.885,0.915,1.031,12,2021,2021-01-15,2025-12-15
2025,USGS-313105110074501,4a580ad0275245e6adf7fd4444d0895c,,,,31.5196,-110.129639,17.219,1.249,0.334,12,2021,2021-01-15,2025-12-15
2021,USGS-313108110075202,e10abcf185d542b4a003cc4114ed9394,,,,31.519139,-110.131753,3.336,0,,12,2021,2021-01-15,2025-12-15
2022,USGS-313108110075202,e10abcf185d542b4a003cc4114ed9394,,,,31.519139,-110.131753,2.87,-0.466,-0.466,12,2021,2021-01-15,2025-12-15
2023,USGS-313108110075202,e10abcf185d542b4a003cc4114ed9394,,,,31.519139,-110.131753,3.129,-0.207,0.259,12,2021,2021-01-15,2025-12-15
2024,USGS-313108110075202,e10abcf185d542b4a003cc4114ed9394,,,,31.519139,-110.131753,3.508,0.173,0.379,6,2021,2021-01-15,2025-12-15
2025,USGS-313108110075202,e10abcf185d542b4a003cc4114ed9394,,,,31.519139,-110.131753,4.275,0.939,0.767,6,2021,2021-01-15,2025-12-15
2021,USGS-313146083491601,69288d69a19a4c949927725f12086a87,,,,31.529642,-83.821014,220.31,0,,12,2021,2021-01-15,2025-12-15
2022,USGS-313146083491601,69288d69a19a4c949927725f12086a87,,,,31.529642,-83.821014,220.513,0.202,0.202,12,2021,2021-01-15,2025-12-15
2023,USGS-313146083491601,69288d69a19a4c949927725f12086a87,,,,31.529642,-83.821014,221.087,0.777,0.574,12,2021,2021-01-15,2025-12-15
2024,USGS-313146083491601,69288d69a19a4c949927725f12086a87,,,,31.529642,-83.821014,220.907,0.597,-0.179,11,2021,2021-01-15,2025-12-15
2025,USGS-313146083491601,69288d69a19a4c949927725f12086a87,,,,31.529642,-83.821014,221.756,1.446,0.849,12,2021,2021-01-15,2025-12-15
2021,USGS-313247084005001,56250eeec60e403ca436fc9503d1f4c2,,,,31.546565,-84.013794,49.259,0,,12,2021,2021-01-15,2025-12-15
2022,USGS-313247084005001,56250eeec60e403ca436fc9503d1f4c2,,,,31.546565,-84.013794,54.68,5.421,5.421,12,2021,2021-01-15,2025-12-15
2023,USGS-313247084005001,56250eeec60e403ca436fc9503d1f4c2,,,,31.546565,-84.013794,57.818,8.559,3.138,12,2021,2021-01-15,2025-12-15
2024,USGS-313247084005001,56250eeec60e403ca436fc9503d1f4c2,,,,31.546565,-84.013794,53.534,4.275,-4.284,12,2021,2021-01-15,2025-12-15
2025,USGS-313247084005001,56250eeec60e403ca436fc9503d1f4c2,,,,31.546565,-84.013794,56.445,7.186,2.911,12,2021,2021-01-15,2025-12-15
2021,USGS-313253081433501,1987a03777734e5b93f805aa61c344ff,,,,31.547997,-81.726501,-48.923,0,,12,2021,2021-01-15,2025-12-15
2022,USGS-313253081433501,1987a03777734e5b93f805aa61c344ff,,,,31.547997,-81.726501,-48.597,0.326,0.326,10,2021,2021-01-15,2025-12-15
2023,USGS-313253081433501,1987a03777734e5b93f805aa61c344ff,,,,31.547997,-81.726501,-48.433,0.49,0.164,9,2021,2021-01-15,2025-12-15
2024,USGS-313253081433501,1987a03777734e5b93f805aa61c344ff,,,,31.547997,-81.726501,-48.482,0.441,-0.049,10,2021,2021-01-15,2025-12-15
2025,USGS-313253081433501,1987a03777734e5b93f805aa61c344ff,,,,31.547997,-81.726501,-47.957,0.967,0.525,12,2021,2021-01-15,2025-12-15
2021,USGS-313253081433502,96dfc6740d0c49978873e88be38d00b8,,,,31.547997,-81.726501,59.125,0,,12,2021,2021-01-15,2025-12-15
2022,USGS-313253081433502,96dfc6740d0c49978873e88be38d00b8,,,,31.547997,-81.726501,59.027,-0.098,-0.098,11,2021,2021-01-15,2025-12-15
2023,USGS-313253081433502,96dfc6740d0c49978873e88be38d00b8,,,,31.547997,-81.726501,60.308,1.183,1.281,12,2021,2021-01-15,2025-12-15
2024,USGS-313253081433502,96dfc6740d0c49978873e88be38d00b8,,,,31.547997,-81.726501,59.566,0.441,-0.742,10,2021,2021-01-15,2025-12-15
2025,USGS-313253081433502,96dfc6740d0c49978873e88be38d00b8,,,,31.547997,-81.726501,60.036,0.911,0.47,9,2021,2021-01-15,2025-12-15
2021,USGS-313253081433503,92375c77e3634990a057f337dcb89470,,,,31.547997,-81.726501,55.845,0,,12,2021,2021-01-15,2025-12-15
2022,USGS-313253081433503,92375c77e3634990a057f337dcb89470,,,,31.547997,-81.726501,56.105,0.26,0.26,10,2021,2021-01-15,2025-12-15
2023,USGS-313253081433503,92375c77e3634990a057f337dcb89470,,,,31.547997,-81.726501,55.901,0.056,-0.204,12,2021,2021-01-15,2025-12-15
2024,USGS-313253081433503,92375c77e3634990a057f337dcb89470,,,,31.547997,-81.726501,55.599,-0.246,-0.302,12,2021,2021-01-15,2025-12-15
2025,USGS-313253081433503,92375c77e3634990a057f337dcb89470,,,,31.547997,-81.726501,55.637,-0.208,0.038,7,2021,2021-01-15,2025-12-15
2021,USGS-313253081433504,ad9703b7e71341d88fa114cc7fa4fd76,,,,31.547997,-81.726501,41.018,0,,12,2021,2021-01-15,2025-12-15
2022,USGS-313253081433504,ad9703b7e71341d88fa114cc7fa4fd76,,,,31.547997,-81.726501,41.435,0.417,0.417,11,2021,2021-01-15,2025-12-15
2023,USGS-313253081433504,ad9703b7e71341d88fa114cc7fa4fd76,,,,31.547997,-81.726501,41.798,0.78,0.363,10,2021,2021-01-15,2025-12-15
2024,USGS-313253081433504,ad9703b7e71341d88fa114cc7fa4fd76,,,,31.547997,-81.726501,41.246,0.228,-0.552,12,2021,2021-01-15,2025-12-15
2025,USGS-313253081433504,ad9703b7e71341d88fa114cc7fa4fd76,,,,31.547997,-81.726501,41.582,0.563,0.336,11,2021,2021-01-15,2025-12-15
2021,USGS-313312110082302,54a3030c2e2c43799fd9163c3c02ef3b,,,,31.553429,-110.140356,10.588,0,,12,2021,2021-01-15,2025-12-15
2022,USGS-313312110082302,54a3030c2e2c43799fd9163c3c02ef3b,,,,31.553429,-110.140356,10.743,0.156,0.156,12,2021,2021-01-15,2025-12-15
2023,USGS-313312110082302,54a3030c2e2c43799fd9163c3c02ef3b,,,,31.553429,-110.140356,11.326,0.739,0.583,11,2021,2021-01-15,2025-12-15
2024,USGS-313312110082302,54a3030c2e2c43799fd9163c3c02ef3b,,,,31.553429,-110.140356,11.118,0.531,-0.208,12,2021,2021-01-15,2025-12-15
2025,USGS-313312110082302,54a3030c2e2c43799fd9163c3c02ef3b,,,,31.553429,-110.140356,10.578,-0.009,-0.54,12,2021,2021-01-15,2025-12-15
2021,USGS-313312110082303,91914bda85fa4e5aab10ab0b1db904fb,,,,31.553429,-110.140356,5.433,0,,12,2021,2021-01-15,2025-12-15
2022,USGS-313312110082303,91914bda85fa4e5aab10ab0b1db904fb,,,,31.553429,-110.140356,5.188,-0.245,-0.245,12,2021,2021-01-15,2025-12-15
2023,USGS-313312110082303,91914bda85fa4e5aab10ab0b1db904fb,,,,31.553429,-110.140356,5.675,0.242,0.487,12,2021,2021-01-15,2025-12-15
2024,USGS-313312110082303,91914bda85fa4e5aab10ab0b1db904fb,,,,31.553429,-110.140356,5.805,0.372,0.13,12,2021,2021-01-15,2025-12-15
2025,USGS-313312110082303,91914bda85fa4e5aab10ab0b1db904fb,,,,31.553429,-110.140356,5.536,0.103,-0.269,12,2021,2021-01-15,2025-12-15
2021,USGS-313312110082501,0d895e0c8b9942cf8bc2fe1a8eea6fa4,,,,31.553429,-110.140912,5.284,0,,12,2021,2021-01-15,2025-12-15
2022,USGS-313312110082501,0d895e0c8b9942cf8bc2fe1a8eea6fa4,,,,31.553429,-110.140912,5.018,-0.266,-0.266,12,2021,2021-01-15,2025-12-15
2023,USGS-313312110082501,0d895e0c8b9942cf8bc2fe1a8eea6fa4,,,,31.553429,-110.140912,5.502,0.217,0.483,12,2021,2021-01-15,2025-12-15
2024,USGS-313312110082501,0d895e0c8b9942cf8bc2fe1a8eea6fa4,,,,31.553429,-110.140912,5.658,0.374,0.157,12,2021,2021-01-15,2025-12-15
2025,USGS-313312110082501,0d895e0c8b9942cf8bc2fe1a8eea6fa4,,,,31.553429,-110.140912,5.384,0.1,-0.274,12,2021,2021-01-15,2025-12-15
2021,USGS-313312110082502,d384e09e1dff4f2c9d921d5e89b2986b,,,,31.553429,-110.140912,10.535,0,,6,2021,2021-01-15,2025-12-15
2022,USGS-313312110082502,d384e09e1dff4f2c9d921d5e89b2986b,,,,31.553429,-110.140912,10.212,-0.323,-0.323,12,2021,2021-01-15,2025-12-15
2023,USGS-313312110082502,d384e09e1dff4f2c9d921d5e89b2986b,,,,31.553429,-110.140912,10.775,0.24,0.564,11,2021,2021-01-15,2025-12-15
2024,USGS-313312110082502,d384e09e1dff4f2c9d921d5e89b2986b,,,,31.553429,-110.140912,10.7,0.165,-0.075,12,2021,2021-01-15,2025-12-15
2025,USGS-313312110082502,d384e09e1dff4f2c9d921d5e89b2986b,,,,31.553429,-110.140912,10.185,-0.35,-0.515,12,2021,2021-01-15,2025-12-15
2021,USGS-313521084051001,968141ec4f6d433995f33584493688be,,,,31.589363,-84.086021,29.555,0,,10,2021,2021-01-15,2025-11-15
2022,USGS-313521084051001,968141ec4f6d433995f33584493688be,,,,31.589363,-84.086021,35.995,6.44,6.44,12,2021,2021-01-15,2025-11-15
2023,USGS-313521084051001,968141ec4f6d433995f33584493688be,,,,31.589363,-84.086021,35.406,5.851,-0.589,10,2021,2021-01-15,2025-11-15
2024,USGS-313521084051001,968141ec4f6d433995f33584493688be,,,,31.589363,-84.086021,31.776,2.221,-3.63,11,2021,2021-01-15,2025-11-15
2025,USGS-313521084051001,968141ec4f6d433995f33584493688be,,,,31.589363,-84.086021,36.346,6.791,4.57,11,2021,2021-01-15,2025-11-15
2021,USGS-313532084203501,bcdfdd2e7a864a2eaf1c5e37f02e59e0,,,,31.592418,-84.34214,133.532,0,,12,2021,2021-01-15,2025-12-15
2022,USGS-313532084203501,bcdfdd2e7a864a2eaf1c5e37f02e59e0,,,,31.592418,-84.34214,130.53,-3.002,-3.002,8,2021,2021-01-15,2025-12-15
2023,USGS-313532084203501,bcdfdd2e7a864a2eaf1c5e37f02e59e0,,,,31.592418,-84.34214,135.274,1.743,4.744,12,2021,2021-01-15,2025-12-15
2024,USGS-313532084203501,bcdfdd2e7a864a2eaf1c5e37f02e59e0,,,,31.592418,-84.34214,134.988,1.456,-0.287,12,2021,2021-01-15,2025-12-15
2025,USGS-313532084203501,bcdfdd2e7a864a2eaf1c5e37f02e59e0,,,,31.592418,-84.34214,137.886,4.354,2.898,12,2021,2021-01-15,2025-12-15
2021,USGS-313534084103001,86a51ae80f7048ae9c89d3d565128e34,,,,31.593529,-84.174913,65.378,0,,11,2021,2021-02-15,2025-12-15
2022,USGS-313534084103001,86a51ae80f7048ae9c89d3d565128e34,,,,31.593529,-84.174913,67.209,1.831,1.831,12,2021,2021-02-15,2025-12-15
2023,USGS-313534084103001,86a51ae80f7048ae9c89d3d565128e34,,,,31.593529,-84.174913,68.434,3.056,1.225,12,2021,2021-02-15,2025-12-15
2024,USGS-313534084103001,86a51ae80f7048ae9c89d3d565128e34,,,,31.593529,-84.174913,66.438,1.06,-1.996,12,2021,2021-02-15,2025-12-15
2025,USGS-313534084103001,86a51ae80f7048ae9c89d3d565128e34,,,,31.593529,-84.174913,68.148,2.77,1.71,12,2021,2021-02-15,2025-12-15
2021,USGS-313534084103003,25bd07c9012c4cfb8ca3fdde659ef978,,,,31.593807,-84.174635,128.448,0,,12,2021,2021-01-15,2025-12-15
2022,USGS-313534084103003,25bd07c9012c4cfb8ca3fdde659ef978,,,,31.593807,-84.174635,126.589,-1.858,-1.858,12,2021,2021-01-15,2025-12-15
2023,USGS-313534084103003,25bd07c9012c4cfb8ca3fdde659ef978,,,,31.593807,-84.174635,132.636,4.188,6.047,12,2021,2021-01-15,2025-12-15
2024,USGS-313534084103003,25bd07c9012c4cfb8ca3fdde659ef978,,,,31.593807,-84.174635,129.399,0.952,-3.237,12,2021,2021-01-15,2025-12-15
2025,USGS-313534084103003,25bd07c9012c4cfb8ca3fdde659ef978,,,,31.593807,-84.174635,130.437,1.99,1.038,12,2021,2021-01-15,2025-12-15
2021,USGS-313554084062501,01badb93765348c8b986f046e62061f7,,,,31.597696,-84.106577,132.587,0,,12,2021,2021-01-15,2025-12-15
2022,USGS-313554084062501,01badb93765348c8b986f046e62061f7,,,,31.597696,-84.106577,132.657,0.07,0.07,9,2021,2021-01-15,2025-12-15
2023,USGS-313554084062501,01badb93765348c8b986f046e62061f7,,,,31.597696,-84.106577,137.023,4.436,4.366,8,2021,2021-01-15,2025-12-15
2024,USGS-313554084062501,01badb93765348c8b986f046e62061f7,,,,31.597696,-84.106577,134.842,2.255,-2.181,12,2021,2021-01-15,2025-12-15
2025,USGS-313554084062501,01badb93765348c8b986f046e62061f7,,,,31.597696,-84.106577,130.845,-1.742,-3.997,12,2021,2021-01-15,2025-12-15
2021,USGS-313625084041501,dd51fffc8fae4011add91c9a4da66ea6,,,,31.606029,-84.069076,81.313,0,,12,2021,2021-01-15,2025-12-15
2022,USGS-313625084041501,dd51fffc8fae4011add91c9a4da66ea6,,,,31.606029,-84.069076,87.958,6.646,6.646,12,2021,2021-01-15,2025-12-15
2023,USGS-313625084041501,dd51fffc8fae4011add91c9a4da66ea6,,,,31.606029,-84.069076,91.014,9.702,3.056,12,2021,2021-01-15,2025-12-15
2024,USGS-313625084041501,dd51fffc8fae4011add91c9a4da66ea6,,,,31.606029,-84.069076,87.526,6.213,-3.488,12,2021,2021-01-15,2025-12-15
2025,USGS-313625084041501,dd51fffc8fae4011add91c9a4da66ea6,,,,31.606029,-84.069076,85.761,4.448,-1.765,12,2021,2021-01-15,2025-12-15
2021,USGS-313643110100101,985199c7d94d4d6dab39780ca8fbfd3b,,,,31.6119,-110.167478,3.977,0,,12,2021,2021-01-15,2025-12-15
2022,USGS-313643110100101,985199c7d94d4d6dab39780ca8fbfd3b,,,,31.6119,-110.167478,4.017,0.039,0.039,12,2021,2021-01-15,2025-12-15
2023,USGS-313643110100101,985199c7d94d4d6dab39780ca8fbfd3b,,,,31.6119,-110.167478,4.36,0.383,0.343,12,2021,2021-01-15,2025-12-15
2024,USGS-313643110100101,985199c7d94d4d6dab39780ca8fbfd3b,,,,31.6119,-110.167478,4.274,0.297,-0.086,12,2021,2021-01-15,2025-12-15
2025,USGS-313643110100101,985199c7d94d4d6dab39780ca8fbfd3b,,,,31.6119,-110.167478,3.663,-0.314,-0.611,12,2021,2021-01-15,2025-12-15
2021,USGS-313643110100102,fd4ed208a35b4bc68ed165219a8905aa,,,,31.611897,-110.167478,4.029,0,,12,2021,2021-01-15,2025-12-15
2022,USGS-313643110100102,fd4ed208a35b4bc68ed165219a8905aa,,,,31.611897,-110.167478,4.098,0.069,0.069,12,2021,2021-01-15,2025-12-15
2023,USGS-313643110100102,fd4ed208a35b4bc68ed165219a8905aa,,,,31.611897,-110.167478,4.445,0.416,0.347,10,2021,2021-01-15,2025-12-15
2024,USGS-313643110100102,fd4ed208a35b4bc68ed165219a8905aa,,,,31.611897,-110.167478,4.349,0.32,-0.096,10,2021,2021-01-15,2025-12-15
2025,USGS-313643110100102,fd4ed208a35b4bc68ed165219a8905aa,,,,31.611897,-110.167478,3.756,-0.273,-0.593,12,2021,2021-01-15,2025-12-15
2021,USGS-313701081543501,fe3596bdf8e041869b732e7e2618c653,,,,31.617158,-81.909282,85.981,0,,12,2021,2021-01-15,2025-09-15
2022,USGS-313701081543501,fe3596bdf8e041869b732e7e2618c653,,,,31.617158,-81.909282,86.033,0.052,0.052,7,2021,2021-01-15,2025-09-15
2023,USGS-313701081543501,fe3596bdf8e041869b732e7e2618c653,,,,31.617158,-81.909282,87.183,1.202,1.15,10,2021,2021-01-15,2025-09-15
2024,USGS-313701081543501,fe3596bdf8e041869b732e7e2618c653,,,,31.617158,-81.909282,87.238,1.257,0.055,8,2021,2021-01-15,2025-09-15
2025,USGS-313701081543501,fe3596bdf8e041869b732e7e2618c653,,,,31.617158,-81.909282,86.427,0.447,-0.81,8,2021,2021-01-15,2025-09-15
2021,USGS-313738110102901,1161edf540644719b7c698eeabb89e68,,,,31.627444,-110.175394,5.965,0,,6,2021,2021-07-15,2025-12-15
2022,USGS-313738110102901,1161edf540644719b7c698eeabb89e68,,,,31.627444,-110.175394,6.112,0.147,0.147,12,2021,2021-07-15,2025-12-15
2023,USGS-313738110102901,1161edf540644719b7c698eeabb89e68,,,,31.627444,-110.175394,7.021,1.056,0.909,12,2021,2021-07-15,2025-12-15
2024,USGS-313738110102901,1161edf540644719b7c698eeabb89e68,,,,31.627444,-110.175394,7.709,1.744,0.688,12,2021,2021-07-15,2025-12-15
2025,USGS-313738110102901,1161edf540644719b7c698eeabb89e68,,,,31.627444,-110.175394,7.647,1.682,-0.062,7,2021,2021-07-15,2025-12-15
2021,USGS-313808084093601,157a88adfbd141cb8ca1bc7d47b1edb3,,,,31.63575,-84.159912,28.59,0,,12,2021,2021-01-15,2025-12-15
2022,USGS-313808084093601,157a88adfbd141cb8ca1bc7d47b1edb3,,,,31.63575,-84.159912,32.368,3.778,3.778,12,2021,2021-01-15,2025-12-15
2023,USGS-313808084093601,157a88adfbd141cb8ca1bc7d47b1edb3,,,,31.63575,-84.159912,30.322,1.732,-2.047,12,2021,2021-01-15,2025-12-15
2024,USGS-313808084093601,157a88adfbd141cb8ca1bc7d47b1edb3,,,,31.63575,-84.159912,31.376,2.786,1.054,12,2021,2021-01-15,2025-12-15
2025,USGS-313808084093601,157a88adfbd141cb8ca1bc7d47b1edb3,,,,31.63575,-84.159912,32.741,4.151,1.365,12,2021,2021-01-15,2025-12-15
2021,USGS-313813084125001,c8d0da5e986643d286322944c64a2ac3,,,,31.636561,-84.213521,111.114,0,,12,2021,2021-01-15,2025-12-15
2022,USGS-313813084125001,c8d0da5e986643d286322944c64a2ac3,,,,31.636561,-84.213521,113.075,1.961,1.961,12,2021,2021-01-15,2025-12-15
2023,USGS-313813084125001,c8d0da5e986643d286322944c64a2ac3,,,,31.636561,-84.213521,116.382,5.268,3.307,8,2021,2021-01-15,2025-12-15
2024,USGS-313813084125001,c8d0da5e986643d286322944c64a2ac3,,,,31.636561,-84.213521,109.579,-1.535,-6.804,8,2021,2021-01-15,2025-12-15
2025,USGS-313813084125001,c8d0da5e986643d286322944c64a2ac3,,,,31.636561,-84.213521,114.375,3.261,4.796,12,2021,2021-01-15,2025-12-15
2021,USGS-313823081154201,720a7532ec9f410aa1c1321299d9101e,,,,31.639942,-81.261488,21.868,0,,12,2021,2021-01-15,2025-12-15
2022,USGS-313823081154201,720a7532ec9f410aa1c1321299d9101e,,,,31.639942,-81.261488,21.987,0.119,0.119,12,2021,2021-01-15,2025-12-15
2023,USGS-313823081154201,720a7532ec9f410aa1c1321299d9101e,,,,31.639942,-81.261488,22.482,0.614,0.495,12,2021,2021-01-15,2025-12-15
2024,USGS-313823081154201,720a7532ec9f410aa1c1321299d9101e,,,,31.639942,-81.261488,21.647,-0.221,-0.835,10,2021,2021-01-15,2025-12-15
2025,USGS-313823081154201,720a7532ec9f410aa1c1321299d9101e,,,,31.639942,-81.261488,21.43,-0.438,-0.217,12,2021,2021-01-15,2025-12-15
2021,USGS-313845081361701,6df637c9d07849ee9964453386e1b344,,,,31.64855,-81.600944,54.762,0,,12,2021,2021-01-15,2025-12-15
2022,USGS-313845081361701,6df637c9d07849ee9964453386e1b344,,,,31.64855,-81.600944,54.865,0.103,0.103,12,2021,2021-01-15,2025-12-15
2023,USGS-313845081361701,6df637c9d07849ee9964453386e1b344,,,,31.64855,-81.600944,55.969,1.207,1.104,12,2021,2021-01-15,2025-12-15
2024,USGS-313845081361701,6df637c9d07849ee9964453386e1b344,,,,31.64855,-81.600944,55.222,0.461,-0.747,8,2021,2021-01-15,2025-12-15
2025,USGS-313845081361701,6df637c9d07849ee9964453386e1b344,,,,31.64855,-81.600944,55.262,0.501,0.04,12,2021,2021-01-15,2025-12-15
2021,USGS-313953084361201,182a92ce7fa941a2b22e304b4c471e8c,,,,31.664613,-84.604084,26.605,0,,12,2021,2021-01-15,2025-12-15
2022,USGS-313953084361201,182a92ce7fa941a2b22e304b4c471e8c,,,,31.664613,-84.604084,27.683,1.078,1.078,12,2021,2021-01-15,2025-12-15
2023,USGS-313953084361201,182a92ce7fa941a2b22e304b4c471e8c,,,,31.664613,-84.604084,28.923,2.318,1.241,12,2021,2021-01-15,2025-12-15
2024,USGS-313953084361201,182a92ce7fa941a2b22e304b4c471e8c,,,,31.664613,-84.604084,27.367,0.762,-1.557,12,2021,2021-01-15,2025-12-15
2025,USGS-313953084361201,182a92ce7fa941a2b22e304b4c471e8c,,,,31.664613,-84.604084,28.99,2.385,1.623,10,2021,2021-01-15,2025-12-15
2021,USGS-313953084361202,c8d03586d75d459fbee11d2d65623ce8,,,,31.664613,-84.604362,184.264,0,,12,2021,2021-01-15,2025-12-15
2022,USGS-313953084361202,c8d03586d75d459fbee11d2d65623ce8,,,,31.664613,-84.604362,191.748,7.484,7.484,12,2021,2021-01-15,2025-12-15
2023,USGS-313953084361202,c8d03586d75d459fbee11d2d65623ce8,,,,31.664613,-84.604362,190.063,5.798,-1.686,12,2021,2021-01-15,2025-12-15
2024,USGS-313953084361202,c8d03586d75d459fbee11d2d65623ce8,,,,31.664613,-84.604362,190.638,6.374,0.576,12,2021,2021-01-15,2025-12-15
2025,USGS-313953084361202,c8d03586d75d459fbee11d2d65623ce8,,,,31.664613,-84.604362,193.592,9.328,2.953,12,2021,2021-01-15,2025-12-15
2021,USGS-314115088392301,61f7ee604258478fb099d45453ac47ce,,,,31.685278,-88.6575,19.25,0,,10,2021,2021-01-15,2025-12-15
2022,USGS-314115088392301,61f7ee604258478fb099d45453ac47ce,,,,31.685278,-88.6575,20.46,1.21,1.21,11,2021,2021-01-15,2025-12-15
2023,USGS-314115088392301,61f7ee604258478fb099d45453ac47ce,,,,31.685278,-88.6575,20.192,0.942,-0.268,12,2021,2021-01-15,2025-12-15
2024,USGS-314115088392301,61f7ee604258478fb099d45453ac47ce,,,,31.685278,-88.6575,21.304,2.054,1.112,12,2021,2021-01-15,2025-12-15
2025,USGS-314115088392301,61f7ee604258478fb099d45453ac47ce,,,,31.685278,-88.6575,22.195,2.945,0.891,11,2021,2021-01-15,2025-12-15
2021,USGS-314144110104701,b874902d9ed04787a9c90fc5fecfbc6a,,,,31.695617,-110.180514,27.681,0,,12,2021,2021-01-15,2025-11-15
2022,USGS-314144110104701,b874902d9ed04787a9c90fc5fecfbc6a,,,,31.695617,-110.180514,26.981,-0.7,-0.7,12,2021,2021-01-15,2025-11-15
2023,USGS-314144110104701,b874902d9ed04787a9c90fc5fecfbc6a,,,,31.695617,-110.180514,27.685,0.004,0.704,10,2021,2021-01-15,2025-11-15
2024,USGS-314144110104701,b874902d9ed04787a9c90fc5fecfbc6a,,,,31.695617,-110.180514,28.158,0.477,0.473,12,2021,2021-01-15,2025-11-15
2025,USGS-314144110104701,b874902d9ed04787a9c90fc5fecfbc6a,,,,31.695617,-110.180514,28.327,0.646,0.169,11,2021,2021-01-15,2025-11-15
2021,USGS-314144110104702,e7647f79d23b40dd950ce535300b09b3,,,,31.695589,-110.180528,12.75,0,,12,2021,2021-01-15,2025-12-15
2022,USGS-314144110104702,e7647f79d23b40dd950ce535300b09b3,,,,31.695589,-110.180528,12.179,-0.571,-0.571,12,2021,2021-01-15,2025-12-15
2023,USGS-314144110104702,e7647f79d23b40dd950ce535300b09b3,,,,31.695589,-110.180528,11.941,-0.809,-0.238,10,2021,2021-01-15,2025-12-15
2024,USGS-314144110104702,e7647f79d23b40dd950ce535300b09b3,,,,31.695589,-110.180528,12.617,-0.133,0.676,12,2021,2021-01-15,2025-12-15
2025,USGS-314144110104702,e7647f79d23b40dd950ce535300b09b3,,,,31.695589,-110.180528,13.017,0.267,0.4,12,2021,2021-01-15,2025-12-15
2021,USGS-314317110113401,6e392be215f54336817b531a82c1e3d6,,,,31.721469,-110.193303,14.464,0,,12,2021,2021-01-15,2025-06-15
2022,USGS-314317110113401,6e392be215f54336817b531a82c1e3d6,,,,31.721469,-110.193303,13.322,-1.142,-1.142,12,2021,2021-01-15,2025-06-15
2023,USGS-314317110113401,6e392be215f54336817b531a82c1e3d6,,,,31.721469,-110.193303,13.474,-0.99,0.152,9,2021,2021-01-15,2025-06-15
2024,USGS-314317110113401,6e392be215f54336817b531a82c1e3d6,,,,31.721469,-110.193303,15.189,0.725,1.714,8,2021,2021-01-15,2025-06-15
2025,USGS-314317110113401,6e392be215f54336817b531a82c1e3d6,,,,31.721469,-110.193303,15.414,0.95,0.225,5,2021,2021-01-15,2025-06-15
2021,USGS-314318110113101,a1a09c41c27c43d6a4a907324dce180d,,,,31.721686,-110.192489,15.062,0,,5,2021,2021-08-15,2025-12-15
2022,USGS-314318110113101,a1a09c41c27c43d6a4a907324dce180d,,,,31.721686,-110.192489,13.992,-1.07,-1.07,12,2021,2021-08-15,2025-12-15
2023,USGS-314318110113101,a1a09c41c27c43d6a4a907324dce180d,,,,31.721686,-110.192489,14.015,-1.047,0.023,10,2021,2021-08-15,2025-12-15
2024,USGS-314318110113101,a1a09c41c27c43d6a4a907324dce180d,,,,31.721686,-110.192489,15.856,0.794,1.841,9,2021,2021-08-15,2025-12-15
2025,USGS-314318110113101,a1a09c41c27c43d6a4a907324dce180d,,,,31.721686,-110.192489,16.384,1.322,0.528,5,2021,2021-08-15,2025-12-15
2021,USGS-314330084005401,30d119222a6e4941989dccb8e570c7fe,,,,31.725192,-84.014075,11.378,0,,12,2021,2021-01-15,2025-12-15
2022,USGS-314330084005401,30d119222a6e4941989dccb8e570c7fe,,,,31.725192,-84.014075,17.68,6.302,6.302,12,2021,2021-01-15,2025-12-15
2023,USGS-314330084005401,30d119222a6e4941989dccb8e570c7fe,,,,31.725192,-84.014075,18.449,7.071,0.769,12,2021,2021-01-15,2025-12-15
2024,USGS-314330084005401,30d119222a6e4941989dccb8e570c7fe,,,,31.725192,-84.014075,18.664,7.286,0.215,12,2021,2021-01-15,2025-12-15
2025,USGS-314330084005401,30d119222a6e4941989dccb8e570c7fe,,,,31.725192,-84.014075,19.195,7.817,0.531,12,2021,2021-01-15,2025-12-15
2021,USGS-314330084005402,b51cdc7ceefb4dd1baff6f64ea23ea6b,,,,31.725192,-84.014075,6.693,0,,12,2021,2021-01-15,2025-12-15
2022,USGS-314330084005402,b51cdc7ceefb4dd1baff6f64ea23ea6b,,,,31.725192,-84.014075,11.082,4.389,4.389,12,2021,2021-01-15,2025-12-15
2023,USGS-314330084005402,b51cdc7ceefb4dd1baff6f64ea23ea6b,,,,31.725192,-84.014075,10.522,3.828,-0.561,12,2021,2021-01-15,2025-12-15
2024,USGS-314330084005402,b51cdc7ceefb4dd1baff6f64ea23ea6b,,,,31.725192,-84.014075,10.718,4.024,0.196,12,2021,2021-01-15,2025-12-15
2025,USGS-314330084005402,b51cdc7ceefb4dd1baff6f64ea23ea6b,,,,31.725192,-84.014075,10.139,3.446,-0.578,12,2021,2021-01-15,2025-12-15
2021,USGS-314330084005403,263e2e9d3aa34db88a9c5dc716380017,,,,31.725192,-84.014075,7.2,0,,12,2021,2021-01-15,2025-12-15
2022,USGS-314330084005403,263e2e9d3aa34db88a9c5dc716380017,,,,31.725192,-84.014075,8.203,1.003,1.003,12,2021,2021-01-15,2025-12-15
2023,USGS-314330084005403,263e2e9d3aa34db88a9c5dc716380017,,,,31.725192,-84.014075,8.345,1.145,0.142,12,2021,2021-01-15,2025-12-15
2024,USGS-314330084005403,263e2e9d3aa34db88a9c5dc716380017,,,,31.725192,-84.014075,7.156,-0.044,-1.189,12,2021,2021-01-15,2025-12-15
2025,USGS-314330084005403,263e2e9d3aa34db88a9c5dc716380017,,,,31.725192,-84.014075,8.775,1.575,1.619,12,2021,2021-01-15,2025-12-15
2021,USGS-314602084473701,4192223417d14cbcba4268bca332b588,,,,31.76933,-84.795199,167.799,0,,9,2021,2021-01-15,2025-12-15
2022,USGS-314602084473701,4192223417d14cbcba4268bca332b588,,,,31.76933,-84.795199,168.246,0.447,0.447,11,2021,2021-01-15,2025-12-15
2023,USGS-314602084473701,4192223417d14cbcba4268bca332b588,,,,31.76933,-84.795199,168.903,1.104,0.656,11,2021,2021-01-15,2025-12-15
2024,USGS-314602084473701,4192223417d14cbcba4268bca332b588,,,,31.76933,-84.795199,169.318,1.519,0.415,12,2021,2021-01-15,2025-12-15
2025,USGS-314602084473701,4192223417d14cbcba4268bca332b588,,,,31.76933,-84.795199,168.729,0.93,-0.588,12,2021,2021-01-15,2025-12-15
2021,USGS-315021110350301,f0b91197f543498494adbf1505389a8b,,,,31.839036,-110.584042,14.153,0,,3,2021,2021-10-15,2025-12-15
2022,USGS-315021110350301,f0b91197f543498494adbf1505389a8b,,,,31.839036,-110.584042,14.02,-0.133,-0.133,12,2021,2021-10-15,2025-12-15
2023,USGS-315021110350301,f0b91197f543498494adbf1505389a8b,,,,31.839036,-110.584042,14.527,0.373,0.507,12,2021,2021-10-15,2025-12-15
2024,USGS-315021110350301,f0b91197f543498494adbf1505389a8b,,,,31.839036,-110.584042,16.009,1.856,1.483,12,2021,2021-10-15,2025-12-15
2025,USGS-315021110350301,f0b91197f543498494adbf1505389a8b,,,,31.839036,-110.584042,16.137,1.984,0.128,7,2021,2021-10-15,2025-12-15
2021,USGS-315113081121401,42aa1aaf34af4cc4b14ac2da5e7da3e8,,,,31.853611,-81.203889,37.017,0,,12,2021,2021-01-15,2025-12-15
2022,USGS-315113081121401,42aa1aaf34af4cc4b14ac2da5e7da3e8,,,,31.853611,-81.203889,37.156,0.139,0.139,12,2021,2021-01-15,2025-12-15
2023,USGS-315113081121401,42aa1aaf34af4cc4b14ac2da5e7da3e8,,,,31.853611,-81.203889,37.889,0.872,0.733,12,2021,2021-01-15,2025-12-15
2024,USGS-315113081121401,42aa1aaf34af4cc4b14ac2da5e7da3e8,,,,31.853611,-81.203889,37.151,0.134,-0.738,12,2021,2021-01-15,2025-12-15
2025,USGS-315113081121401,42aa1aaf34af4cc4b14ac2da5e7da3e8,,,,31.853611,-81.203889,36.907,-0.11,-0.244,12,2021,2021-01-15,2025-12-15
2021,USGS-315214081235301,267b6189ea954159925e269d94cee6ed,,,,31.870767,-81.397887,24.003,0,,12,2021,2021-01-15,2025-12-15
2022,USGS-315214081235301,267b6189ea954159925e269d94cee6ed,,,,31.870767,-81.397887,24.166,0.163,0.163,12,2021,2021-01-15,2025-12-15
2023,USGS-315214081235301,267b6189ea954159925e269d94cee6ed,,,,31.870767,-81.397887,25.158,1.156,0.993,12,2021,2021-01-15,2025-12-15
2024,USGS-315214081235301,267b6189ea954159925e269d94cee6ed,,,,31.870767,-81.397887,24.552,0.549,-0.607,12,2021,2021-01-15,2025-12-15
2025,USGS-315214081235301,267b6189ea954159925e269d94cee6ed,,,,31.870767,-81.397887,24.449,0.447,-0.102,12,2021,2021-01-15,2025-12-15
2021,USGS-315353084192501,e68097bf0ad94fb2a009859d4871c6bc,,,,31.897666,-84.323523,99.92,0,,12,2021,2021-01-15,2025-12-15
2022,USGS-315353084192501,e68097bf0ad94fb2a009859d4871c6bc,,,,31.897666,-84.323523,99.317,-0.603,-0.603,12,2021,2021-01-15,2025-12-15
2023,USGS-315353084192501,e68097bf0ad94fb2a009859d4871c6bc,,,,31.897666,-84.323523,99.948,0.028,0.632,12,2021,2021-01-15,2025-12-15
2024,USGS-315353084192501,e68097bf0ad94fb2a009859d4871c6bc,,,,31.897666,-84.323523,98.822,-1.098,-1.127,12,2021,2021-01-15,2025-12-15
2025,USGS-315353084192501,e68097bf0ad94fb2a009859d4871c6bc,,,,31.897666,-84.323523,97.785,-2.135,-1.036,11,2021,2021-01-15,2025-12-15
2021,USGS-315353084192502,19cccb71089046f79cde57d8b361be71,,,,31.897388,-84.322412,38.262,0,,12,2021,2021-01-15,2025-12-15
2022,USGS-315353084192502,19cccb71089046f79cde57d8b361be71,,,,31.897388,-84.322412,38.938,0.677,0.677,12,2021,2021-01-15,2025-12-15
2023,USGS-315353084192502,19cccb71089046f79cde57d8b361be71,,,,31.897388,-84.322412,39.835,1.573,0.897,12,2021,2021-01-15,2025-12-15
2024,USGS-315353084192502,19cccb71089046f79cde57d8b361be71,,,,31.897388,-84.322412,39.288,1.027,-0.547,12,2021,2021-01-15,2025-12-15
2025,USGS-315353084192502,19cccb71089046f79cde57d8b361be71,,,,31.897388,-84.322412,39.773,1.512,0.485,12,2021,2021-01-15,2025-12-15
2021,USGS-315443081185902,51d9e2b1cd2d40df8096f8a707e2c656,,,,31.911944,-81.316389,25.624,0,,12,2021,2021-01-15,2025-12-15
2022,USGS-315443081185902,51d9e2b1cd2d40df8096f8a707e2c656,,,,31.911944,-81.316389,25.903,0.278,0.278,12,2021,2021-01-15,2025-12-15
2023,USGS-315443081185902,51d9e2b1cd2d40df8096f8a707e2c656,,,,31.911944,-81.316389,26.759,1.135,0.857,12,2021,2021-01-15,2025-12-15
2024,USGS-315443081185902,51d9e2b1cd2d40df8096f8a707e2c656,,,,31.911944,-81.316389,26.029,0.405,-0.73,12,2021,2021-01-15,2025-12-15
2025,USGS-315443081185902,51d9e2b1cd2d40df8096f8a707e2c656,,,,31.911944,-81.316389,25.838,0.214,-0.191,12,2021,2021-01-15,2025-12-15
2021,USGS-315443081185903,2365bd2994914c6bb9e1330a038cc16a,,,,31.912,-81.316278,25.273,0,,12,2021,2021-01-15,2025-12-15
2022,USGS-315443081185903,2365bd2994914c6bb9e1330a038cc16a,,,,31.912,-81.316278,25.555,0.283,0.283,12,2021,2021-01-15,2025-12-15
2023,USGS-315443081185903,2365bd2994914c6bb9e1330a038cc16a,,,,31.912,-81.316278,26.409,1.137,0.854,12,2021,2021-01-15,2025-12-15
2024,USGS-315443081185903,2365bd2994914c6bb9e1330a038cc16a,,,,31.912,-81.316278,25.652,0.38,-0.757,12,2021,2021-01-15,2025-12-15
2025,USGS-315443081185903,2365bd2994914c6bb9e1330a038cc16a,,,,31.912,-81.316278,25.489,0.217,-0.163,12,2021,2021-01-15,2025-12-15
2021,USGS-315712106361803,a24be6cbd8cb4b7c882f572776433866,,,,31.953713,-106.605825,87.864,0,,11,2021,2021-02-15,2025-12-15
2022,USGS-315712106361803,a24be6cbd8cb4b7c882f572776433866,,,,31.953713,-106.605825,92.162,4.299,4.299,12,2021,2021-02-15,2025-12-15
2023,USGS-315712106361803,a24be6cbd8cb4b7c882f572776433866,,,,31.953713,-106.605825,81.628,-6.235,-10.534,12,2021,2021-02-15,2025-12-15
2024,USGS-315712106361803,a24be6cbd8cb4b7c882f572776433866,,,,31.953713,-106.605825,78.874,-8.989,-2.754,12,2021,2021-02-15,2025-12-15
2025,USGS-315712106361803,a24be6cbd8cb4b7c882f572776433866,,,,31.953713,-106.605825,82.79,-5.074,3.916,12,2021,2021-02-15,2025-12-15
2021,USGS-315731083542301,b083ed6c5097441f9bdf89a24dcde8e9,,,,31.958784,-83.906287,51.618,0,,12,2021,2021-01-15,2025-12-15
2022,USGS-315731083542301,b083ed6c5097441f9bdf89a24dcde8e9,,,,31.958784,-83.906287,49.825,-1.793,-1.793,12,2021,2021-01-15,2025-12-15
2023,USGS-315731083542301,b083ed6c5097441f9bdf89a24dcde8e9,,,,31.958784,-83.906287,50.367,-1.252,0.542,12,2021,2021-01-15,2025-12-15
2024,USGS-315731083542301,b083ed6c5097441f9bdf89a24dcde8e9,,,,31.958784,-83.906287,49.468,-2.151,-0.899,12,2021,2021-01-15,2025-12-15
2025,USGS-315731083542301,b083ed6c5097441f9bdf89a24dcde8e9,,,,31.958784,-83.906287,49.132,-2.486,-0.335,12,2021,2021-01-15,2025-12-15
2021,USGS-315731083542302,758e45ab4c244380b8a60ff958468197,,,,31.958784,-83.906287,21.31,0,,12,2021,2021-01-15,2025-12-15
2022,USGS-315731083542302,758e45ab4c244380b8a60ff958468197,,,,31.958784,-83.906287,28.051,6.741,6.741,12,2021,2021-01-15,2025-12-15
2023,USGS-315731083542302,758e45ab4c244380b8a60ff958468197,,,,31.958784,-83.906287,24.332,3.023,-3.718,12,2021,2021-01-15,2025-12-15
2024,USGS-315731083542302,758e45ab4c244380b8a60ff958468197,,,,31.958784,-83.906287,24.432,3.122,0.099,12,2021,2021-01-15,2025-12-15
2025,USGS-315731083542302,758e45ab4c244380b8a60ff958468197,,,,31.958784,-83.906287,22.402,1.092,-2.03,12,2021,2021-01-15,2025-12-15
2021,USGS-315906081011202,7e88f0123c0d4d99944facf4cd75edf1,,,,31.985215,-81.019834,39.398,0,,11,2021,2021-01-15,2025-12-15
2022,USGS-315906081011202,7e88f0123c0d4d99944facf4cd75edf1,,,,31.985215,-81.019834,39.593,0.195,0.195,11,2021,2021-01-15,2025-12-15
2023,USGS-315906081011202,7e88f0123c0d4d99944facf4cd75edf1,,,,31.985215,-81.019834,39.391,-0.007,-0.202,12,2021,2021-01-15,2025-12-15
2024,USGS-315906081011202,7e88f0123c0d4d99944facf4cd75edf1,,,,31.985215,-81.019834,38.805,-0.594,-0.586,11,2021,2021-01-15,2025-12-15
2025,USGS-315906081011202,7e88f0123c0d4d99944facf4cd75edf1,,,,31.985215,-81.019834,37.955,-1.443,-0.849,11,2021,2021-01-15,2025-12-15
2021,USGS-315906081011204,55734335efe64a3783348ed8278be609,,,,31.985215,-81.019834,8.173,0,,12,2021,2021-01-15,2025-12-15
2022,USGS-315906081011204,55734335efe64a3783348ed8278be609,,,,31.985215,-81.019834,8.105,-0.068,-0.068,11,2021,2021-01-15,2025-12-15
2023,USGS-315906081011204,55734335efe64a3783348ed8278be609,,,,31.985215,-81.019834,8.072,-0.101,-0.033,12,2021,2021-01-15,2025-12-15
2024,USGS-315906081011204,55734335efe64a3783348ed8278be609,,,,31.985215,-81.019834,8.082,-0.092,0.009,11,2021,2021-01-15,2025-12-15
2025,USGS-315906081011204,55734335efe64a3783348ed8278be609,,,,31.985215,-81.019834,8.322,0.149,0.24,10,2021,2021-01-15,2025-12-15
2021,USGS-315909110540601,31b40358ebed4f62bea17c97ee6d32c6,,,,31.985915,-110.902311,176.78,0,,2,2021,2021-11-15,2025-12-15
2022,USGS-315909110540601,31b40358ebed4f62bea17c97ee6d32c6,,,,31.985915,-110.902311,179.657,2.877,2.877,12,2021,2021-11-15,2025-12-15
2023,USGS-315909110540601,31b40358ebed4f62bea17c97ee6d32c6,,,,31.985915,-110.902311,179.943,3.163,0.287,12,2021,2021-11-15,2025-12-15
2024,USGS-315909110540601,31b40358ebed4f62bea17c97ee6d32c6,,,,31.985915,-110.902311,180.04,3.26,0.097,12,2021,2021-11-15,2025-12-15
2025,USGS-315909110540601,31b40358ebed4f62bea17c97ee6d32c6,,,,31.985915,-110.902311,176.064,-0.716,-3.976,12,2021,2021-11-15,2025-12-15
2021,USGS-315953106390601,49225e25dc3e4895a03df5e3245586b3,,,,31.998319,-106.651669,16.801,0,,12,2021,2021-01-15,2025-12-15
2022,USGS-315953106390601,49225e25dc3e4895a03df5e3245586b3,,,,31.998319,-106.651669,19.642,2.841,2.841,12,2021,2021-01-15,2025-12-15
2023,USGS-315953106390601,49225e25dc3e4895a03df5e3245586b3,,,,31.998319,-106.651669,19.255,2.454,-0.387,12,2021,2021-01-15,2025-12-15
2024,USGS-315953106390601,49225e25dc3e4895a03df5e3245586b3,,,,31.998319,-106.651669,17.417,0.616,-1.838,12,2021,2021-01-15,2025-12-15
2025,USGS-315953106390601,49225e25dc3e4895a03df5e3245586b3,,,,31.998319,-106.651669,19.009,2.208,1.593,12,2021,2021-01-15,2025-12-15
2021,USGS-320021081124801,8478e61ba001447dbb8a39799181d924,,,,32.006042,-81.213167,40.806,0,,11,2021,2021-01-15,2025-12-15
2022,USGS-320021081124801,8478e61ba001447dbb8a39799181d924,,,,32.006042,-81.213167,41.836,1.03,1.03,8,2021,2021-01-15,2025-12-15
2023,USGS-320021081124801,8478e61ba001447dbb8a39799181d924,,,,32.006042,-81.213167,41.964,1.158,0.128,10,2021,2021-01-15,2025-12-15
2024,USGS-320021081124801,8478e61ba001447dbb8a39799181d924,,,,32.006042,-81.213167,40.788,-0.019,-1.176,12,2021,2021-01-15,2025-12-15
2025,USGS-320021081124801,8478e61ba001447dbb8a39799181d924,,,,32.006042,-81.213167,40.475,-0.332,-0.313,11,2021,2021-01-15,2025-12-15
2021,USGS-320122080510204,c221af5acdc44411bc65ff560d1da69e,,,,32.022992,-80.850388,24.488,0,,11,2021,2021-01-15,2025-12-15
2022,USGS-320122080510204,c221af5acdc44411bc65ff560d1da69e,,,,32.022992,-80.850388,24.555,0.067,0.067,12,2021,2021-01-15,2025-12-15
2023,USGS-320122080510204,c221af5acdc44411bc65ff560d1da69e,,,,32.022992,-80.850388,24.172,-0.316,-0.382,8,2021,2021-01-15,2025-12-15
2024,USGS-320122080510204,c221af5acdc44411bc65ff560d1da69e,,,,32.022992,-80.850388,24.144,-0.344,-0.029,8,2021,2021-01-15,2025-12-15
2025,USGS-320122080510204,c221af5acdc44411bc65ff560d1da69e,,,,32.022992,-80.850388,23.826,-0.662,-0.318,12,2021,2021-01-15,2025-12-15
2021,USGS-320127080511203,9ad828c251ad4b32aea77c9012374c43,,,,32.024381,-80.853166,11.275,0,,12,2021,2021-01-15,2025-09-15
2022,USGS-320127080511203,9ad828c251ad4b32aea77c9012374c43,,,,32.024381,-80.853166,11.597,0.322,0.322,9,2021,2021-01-15,2025-09-15
2023,USGS-320127080511203,9ad828c251ad4b32aea77c9012374c43,,,,32.024381,-80.853166,11.194,-0.081,-0.403,5,2021,2021-01-15,2025-09-15
2024,USGS-320127080511203,9ad828c251ad4b32aea77c9012374c43,,,,32.024381,-80.853166,10.664,-0.611,-0.53,9,2021,2021-01-15,2025-09-15
2025,USGS-320127080511203,9ad828c251ad4b32aea77c9012374c43,,,,32.024381,-80.853166,10.577,-0.698,-0.088,9,2021,2021-01-15,2025-09-15
2021,USGS-320127080511205,02195934aff446bd9654c11703a69acf,,,,32.024381,-80.853166,9.301,0,,12,2021,2021-01-15,2025-12-15
2022,USGS-320127080511205,02195934aff446bd9654c11703a69acf,,,,32.024381,-80.853166,9.592,0.291,0.291,12,2021,2021-01-15,2025-12-15
2023,USGS-320127080511205,02195934aff446bd9654c11703a69acf,,,,32.024381,-80.853166,9.18,-0.121,-0.412,12,2021,2021-01-15,2025-12-15
2024,USGS-320127080511205,02195934aff446bd9654c11703a69acf,,,,32.024381,-80.853166,8.253,-1.047,-0.927,12,2021,2021-01-15,2025-12-15
2025,USGS-320127080511205,02195934aff446bd9654c11703a69acf,,,,32.024381,-80.853166,8.143,-1.158,-0.111,12,2021,2021-01-15,2025-12-15
2021,USGS-320127080511301,74ddd7dd000b41248ecc8a3d48c478fc,,,,32.024381,-80.853444,30.472,0,,12,2021,2021-01-15,2025-12-15
2022,USGS-320127080511301,74ddd7dd000b41248ecc8a3d48c478fc,,,,32.024381,-80.853444,30.677,0.206,0.206,12,2021,2021-01-15,2025-12-15
2023,USGS-320127080511301,74ddd7dd000b41248ecc8a3d48c478fc,,,,32.024381,-80.853444,30.513,0.042,-0.164,12,2021,2021-01-15,2025-12-15
2024,USGS-320127080511301,74ddd7dd000b41248ecc8a3d48c478fc,,,,32.024381,-80.853444,29.902,-0.569,-0.611,12,2021,2021-01-15,2025-12-15
2025,USGS-320127080511301,74ddd7dd000b41248ecc8a3d48c478fc,,,,32.024381,-80.853444,29.841,-0.631,-0.062,12,2021,2021-01-15,2025-12-15
2021,USGS-320139083511602,dfecc639e3cb4043bf51c0ff73d2765d,,,,32.03,-83.852222,60.049,0,,12,2021,2021-01-15,2025-12-15
2022,USGS-320139083511602,dfecc639e3cb4043bf51c0ff73d2765d,,,,32.03,-83.852222,66.171,6.122,6.122,12,2021,2021-01-15,2025-12-15
2023,USGS-320139083511602,dfecc639e3cb4043bf51c0ff73d2765d,,,,32.03,-83.852222,60.479,0.43,-5.692,12,2021,2021-01-15,2025-12-15
2024,USGS-320139083511602,dfecc639e3cb4043bf51c0ff73d2765d,,,,32.03,-83.852222,60.299,0.25,-0.18,12,2021,2021-01-15,2025-12-15
2025,USGS-320139083511602,dfecc639e3cb4043bf51c0ff73d2765d,,,,32.03,-83.852222,60.447,0.398,0.148,12,2021,2021-01-15,2025-12-15
2021,USGS-320202080541201,fb99ce9fb3e34e31b2677bdd9bdd049f,,,,32.034102,-80.903166,26.502,0,,12,2021,2021-01-15,2025-12-15
2022,USGS-320202080541201,fb99ce9fb3e34e31b2677bdd9bdd049f,,,,32.034102,-80.903166,26.722,0.22,0.22,10,2021,2021-01-15,2025-12-15
2023,USGS-320202080541201,fb99ce9fb3e34e31b2677bdd9bdd049f,,,,32.034102,-80.903166,26.389,-0.114,-0.333,8,2021,2021-01-15,2025-12-15
2024,USGS-320202080541201,fb99ce9fb3e34e31b2677bdd9bdd049f,,,,32.034102,-80.903166,26.17,-0.332,-0.219,10,2021,2021-01-15,2025-12-15
2025,USGS-320202080541201,fb99ce9fb3e34e31b2677bdd9bdd049f,,,,32.034102,-80.903166,25.791,-0.712,-0.379,12,2021,2021-01-15,2025-12-15
2021,USGS-320202080541202,6b3d21f1898f47a4973ef348e90b3ff2,,,,32.034102,-80.903166,5.644,0,,11,2021,2021-01-15,2025-12-15
2022,USGS-320202080541202,6b3d21f1898f47a4973ef348e90b3ff2,,,,32.034102,-80.903166,5.508,-0.135,-0.135,12,2021,2021-01-15,2025-12-15
2023,USGS-320202080541202,6b3d21f1898f47a4973ef348e90b3ff2,,,,32.034102,-80.903166,5.439,-0.204,-0.069,12,2021,2021-01-15,2025-12-15
2024,USGS-320202080541202,6b3d21f1898f47a4973ef348e90b3ff2,,,,32.034102,-80.903166,5.438,-0.205,-0.001,11,2021,2021-01-15,2025-12-15
2025,USGS-320202080541202,6b3d21f1898f47a4973ef348e90b3ff2,,,,32.034102,-80.903166,5.593,-0.05,0.155,12,2021,2021-01-15,2025-12-15
2021,USGS-320202080541203,b6ea3f230b2e427ca551ab1a5f87e6e0,,,,32.034102,-80.903166,7.955,0,,12,2021,2021-01-15,2025-12-15
2022,USGS-320202080541203,b6ea3f230b2e427ca551ab1a5f87e6e0,,,,32.034102,-80.903166,7.901,-0.054,-0.054,11,2021,2021-01-15,2025-12-15
2023,USGS-320202080541203,b6ea3f230b2e427ca551ab1a5f87e6e0,,,,32.034102,-80.903166,7.638,-0.317,-0.263,10,2021,2021-01-15,2025-12-15
2024,USGS-320202080541203,b6ea3f230b2e427ca551ab1a5f87e6e0,,,,32.034102,-80.903166,7.734,-0.221,0.096,12,2021,2021-01-15,2025-12-15
2025,USGS-320202080541203,b6ea3f230b2e427ca551ab1a5f87e6e0,,,,32.034102,-80.903166,7.829,-0.126,0.095,12,2021,2021-01-15,2025-12-15
2021,USGS-320226082301101,ab83d5171f414501808ed7fe94ac34cf,,,,32.04046,-82.501252,97.197,0,,12,2021,2021-01-15,2025-12-15
2022,USGS-320226082301101,ab83d5171f414501808ed7fe94ac34cf,,,,32.04046,-82.501252,99.694,2.497,2.497,11,2021,2021-01-15,2025-12-15
2023,USGS-320226082301101,ab83d5171f414501808ed7fe94ac34cf,,,,32.04046,-82.501252,99.495,2.298,-0.199,12,2021,2021-01-15,2025-12-15
2024,USGS-320226082301101,ab83d5171f414501808ed7fe94ac34cf,,,,32.04046,-82.501252,96.232,-0.964,-3.263,9,2021,2021-01-15,2025-12-15
2025,USGS-320226082301101,ab83d5171f414501808ed7fe94ac34cf,,,,32.04046,-82.501252,97.942,0.745,1.709,12,2021,2021-01-15,2025-12-15
2021,USGS-320357081162001,55a8719f082243cebc0ee263fb9b32b8,,,,32.065833,-81.272222,38.392,0,,12,2021,2021-01-15,2025-12-15
2022,USGS-320357081162001,55a8719f082243cebc0ee263fb9b32b8,,,,32.065833,-81.272222,39.097,0.705,0.705,12,2021,2021-01-15,2025-12-15
2023,USGS-320357081162001,55a8719f082243cebc0ee263fb9b32b8,,,,32.065833,-81.272222,39.66,1.268,0.563,12,2021,2021-01-15,2025-12-15
2024,USGS-320357081162001,55a8719f082243cebc0ee263fb9b32b8,,,,32.065833,-81.272222,38.967,0.575,-0.693,10,2021,2021-01-15,2025-12-15
2025,USGS-320357081162001,55a8719f082243cebc0ee263fb9b32b8,,,,32.065833,-81.272222,39.15,0.758,0.183,12,2021,2021-01-15,2025-12-15
2021,USGS-320404106385801,c3d0b039f0074b129296100e66919f45,,,,32.067822,-106.6495,14.811,0,,9,2021,2021-03-15,2025-08-15
2022,USGS-320404106385801,c3d0b039f0074b129296100e66919f45,,,,32.067822,-106.6495,16.094,1.283,1.283,12,2021,2021-03-15,2025-08-15
2023,USGS-320404106385801,c3d0b039f0074b129296100e66919f45,,,,32.067822,-106.6495,16.27,1.459,0.176,12,2021,2021-03-15,2025-08-15
2024,USGS-320404106385801,c3d0b039f0074b129296100e66919f45,,,,32.067822,-106.6495,15.218,0.407,-1.052,12,2021,2021-03-15,2025-08-15
2025,USGS-320404106385801,c3d0b039f0074b129296100e66919f45,,,,32.067822,-106.6495,17.122,2.311,1.904,8,2021,2021-03-15,2025-08-15
2021,USGS-320433081042701,58c2b8c947e547af9461391fd798f3d5,,,,32.076042,-81.074001,54.696,0,,11,2021,2021-01-15,2025-12-15
2022,USGS-320433081042701,58c2b8c947e547af9461391fd798f3d5,,,,32.076042,-81.074001,55.841,1.144,1.144,12,2021,2021-01-15,2025-12-15
2023,USGS-320433081042701,58c2b8c947e547af9461391fd798f3d5,,,,32.076042,-81.074001,54.259,-0.437,-1.582,9,2021,2021-01-15,2025-12-15
2024,USGS-320433081042701,58c2b8c947e547af9461391fd798f3d5,,,,32.076042,-81.074001,54.794,0.097,0.535,11,2021,2021-01-15,2025-12-15
2025,USGS-320433081042701,58c2b8c947e547af9461391fd798f3d5,,,,32.076042,-81.074001,50.051,-4.646,-4.743,12,2021,2021-01-15,2025-12-15
2021,USGS-320622081063702,e05740d9e3864fcaa092ab68c3b71b8f,,,,32.106317,-81.110112,52.59,0,,5,2021,2021-08-15,2025-12-15
2022,USGS-320622081063702,e05740d9e3864fcaa092ab68c3b71b8f,,,,32.106317,-81.110112,52.314,-0.276,-0.276,12,2021,2021-08-15,2025-12-15
2023,USGS-320622081063702,e05740d9e3864fcaa092ab68c3b71b8f,,,,32.106317,-81.110112,52.188,-0.402,-0.126,12,2021,2021-08-15,2025-12-15
2024,USGS-320622081063702,e05740d9e3864fcaa092ab68c3b71b8f,,,,32.106317,-81.110112,51.643,-0.947,-0.545,12,2021,2021-08-15,2025-12-15
2025,USGS-320622081063702,e05740d9e3864fcaa092ab68c3b71b8f,,,,32.106317,-81.110112,50.569,-2.021,-1.074,12,2021,2021-08-15,2025-12-15
2021,USGS-320754081364301,399a814ccf9a4b43b9eb59c4859c30bf,,,,32.131867,-81.611779,62.905,0,,12,2021,2021-01-15,2025-12-15
2022,USGS-320754081364301,399a814ccf9a4b43b9eb59c4859c30bf,,,,32.131867,-81.611779,62.965,0.06,0.06,12,2021,2021-01-15,2025-12-15
2023,USGS-320754081364301,399a814ccf9a4b43b9eb59c4859c30bf,,,,32.131867,-81.611779,63.477,0.573,0.513,12,2021,2021-01-15,2025-12-15
2024,USGS-320754081364301,399a814ccf9a4b43b9eb59c4859c30bf,,,,32.131867,-81.611779,63.465,0.56,-0.013,12,2021,2021-01-15,2025-12-15
2025,USGS-320754081364301,399a814ccf9a4b43b9eb59c4859c30bf,,,,32.131867,-81.611779,64.026,1.121,0.561,12,2021,2021-01-15,2025-12-15
2021,USGS-320845110551201,52014f3929bc49bd91e474c39be8ed76,,,,32.145911,-110.920645,148.314,0,,12,2021,2021-01-15,2025-12-15
2022,USGS-320845110551201,52014f3929bc49bd91e474c39be8ed76,,,,32.145911,-110.920645,147.173,-1.141,-1.141,11,2021,2021-01-15,2025-12-15
2023,USGS-320845110551201,52014f3929bc49bd91e474c39be8ed76,,,,32.145911,-110.920645,146.54,-1.774,-0.633,12,2021,2021-01-15,2025-12-15
2024,USGS-320845110551201,52014f3929bc49bd91e474c39be8ed76,,,,32.145911,-110.920645,146.238,-2.076,-0.302,12,2021,2021-01-15,2025-12-15
2025,USGS-320845110551201,52014f3929bc49bd91e474c39be8ed76,,,,32.145911,-110.920645,146.045,-2.269,-0.193,12,2021,2021-01-15,2025-12-15
2021,USGS-320846080501709,24f5f8be46114e549ba27c11f1cafdcf,,,,32.146319,-80.837886,23.818,0,,5,2021,2021-08-15,2025-12-15
2022,USGS-320846080501709,24f5f8be46114e549ba27c11f1cafdcf,,,,32.146319,-80.837886,23.88,0.062,0.062,12,2021,2021-08-15,2025-12-15
2023,USGS-320846080501709,24f5f8be46114e549ba27c11f1cafdcf,,,,32.146319,-80.837886,23.484,-0.334,-0.396,12,2021,2021-08-15,2025-12-15
2024,USGS-320846080501709,24f5f8be46114e549ba27c11f1cafdcf,,,,32.146319,-80.837886,22.809,-1.009,-0.675,12,2021,2021-08-15,2025-12-15
2025,USGS-320846080501709,24f5f8be46114e549ba27c11f1cafdcf,,,,32.146319,-80.837886,22.772,-1.046,-0.038,12,2021,2021-08-15,2025-12-15
2021,USGS-320944111125701,bf1634a8ea184cf3a6ad53798da36d7c,,,,32.1623,-111.216489,195.185,0,,11,2021,2021-01-15,2025-12-15
2022,USGS-320944111125701,bf1634a8ea184cf3a6ad53798da36d7c,,,,32.1623,-111.216489,197.727,2.543,2.543,12,2021,2021-01-15,2025-12-15
2023,USGS-320944111125701,bf1634a8ea184cf3a6ad53798da36d7c,,,,32.1623,-111.216489,211.779,16.595,14.052,12,2021,2021-01-15,2025-12-15
2024,USGS-320944111125701,bf1634a8ea184cf3a6ad53798da36d7c,,,,32.1623,-111.216489,197.307,2.123,-14.472,12,2021,2021-01-15,2025-12-15
2025,USGS-320944111125701,bf1634a8ea184cf3a6ad53798da36d7c,,,,32.1623,-111.216489,193.351,-1.833,-3.956,9,2021,2021-01-15,2025-12-15
2021,USGS-321058110563301,5660d8f7b89a4f1faaba16331056d041,,,,32.182855,-110.943146,211.596,0,,7,2021,2021-01-15,2025-12-15
2022,USGS-321058110563301,5660d8f7b89a4f1faaba16331056d041,,,,32.182855,-110.943146,206.322,-5.274,-5.274,12,2021,2021-01-15,2025-12-15
2023,USGS-321058110563301,5660d8f7b89a4f1faaba16331056d041,,,,32.182855,-110.943146,201.307,-10.289,-5.015,12,2021,2021-01-15,2025-12-15
2024,USGS-321058110563301,5660d8f7b89a4f1faaba16331056d041,,,,32.182855,-110.943146,198.712,-12.884,-2.595,12,2021,2021-01-15,2025-12-15
2025,USGS-321058110563301,5660d8f7b89a4f1faaba16331056d041,,,,32.182855,-110.943146,195.591,-16.005,-3.121,11,2021,2021-01-15,2025-12-15
2021,USGS-321105106442101,c5a681029afc46fa97bf46d308293ddb,,,,32.184972,-106.739353,9.009,0,,12,2021,2021-01-15,2025-01-15
2022,USGS-321105106442101,c5a681029afc46fa97bf46d308293ddb,,,,32.184972,-106.739353,10.423,1.413,1.413,12,2021,2021-01-15,2025-01-15
2023,USGS-321105106442101,c5a681029afc46fa97bf46d308293ddb,,,,32.184972,-106.739353,10.946,1.937,0.523,12,2021,2021-01-15,2025-01-15
2024,USGS-321105106442101,c5a681029afc46fa97bf46d308293ddb,,,,32.184972,-106.739353,9.338,0.328,-1.608,12,2021,2021-01-15,2025-01-15
2025,USGS-321105106442101,c5a681029afc46fa97bf46d308293ddb,,,,32.184972,-106.739353,9.75,0.741,0.412,1,2021,2021-01-15,2025-01-15
2021,USGS-321142110530301,b6f8dd6825ce4a97bed769d0a1328559,,,,32.199243,-110.888144,315.127,0,,11,2021,2021-01-15,2025-12-15
2022,USGS-321142110530301,b6f8dd6825ce4a97bed769d0a1328559,,,,32.199243,-110.888144,313.429,-1.698,-1.698,12,2021,2021-01-15,2025-12-15
2023,USGS-321142110530301,b6f8dd6825ce4a97bed769d0a1328559,,,,32.199243,-110.888144,311.848,-3.279,-1.581,12,2021,2021-01-15,2025-12-15
2024,USGS-321142110530301,b6f8dd6825ce4a97bed769d0a1328559,,,,32.199243,-110.888144,310.094,-5.033,-1.754,12,2021,2021-01-15,2025-12-15
2025,USGS-321142110530301,b6f8dd6825ce4a97bed769d0a1328559,,,,32.199243,-110.888144,308.04,-7.087,-2.054,12,2021,2021-01-15,2025-12-15
2021,USGS-321302082243601,25d249297c8249dd8bb14e314abf60b0,,,,32.2174,-82.40986,185.214,0,,12,2021,2021-01-15,2025-12-15
2022,USGS-321302082243601,25d249297c8249dd8bb14e314abf60b0,,,,32.2174,-82.40986,184.25,-0.964,-0.964,12,2021,2021-01-15,2025-12-15
2023,USGS-321302082243601,25d249297c8249dd8bb14e314abf60b0,,,,32.2174,-82.40986,185.837,0.623,1.587,12,2021,2021-01-15,2025-12-15
2024,USGS-321302082243601,25d249297c8249dd8bb14e314abf60b0,,,,32.2174,-82.40986,186.577,1.363,0.741,11,2021,2021-01-15,2025-12-15
2025,USGS-321302082243601,25d249297c8249dd8bb14e314abf60b0,,,,32.2174,-82.40986,184.08,-1.134,-2.497,12,2021,2021-01-15,2025-12-15
2021,USGS-321332106443701,ba8b999bd4f14024a84b494047a1aed9,,,,32.225556,-106.743611,40.712,0,,8,2021,2021-05-15,2025-12-15
2022,USGS-321332106443701,ba8b999bd4f14024a84b494047a1aed9,,,,32.225556,-106.743611,41.677,0.965,0.965,11,2021,2021-05-15,2025-12-15
2023,USGS-321332106443701,ba8b999bd4f14024a84b494047a1aed9,,,,32.225556,-106.743611,42.898,2.186,1.221,12,2021,2021-05-15,2025-12-15
2024,USGS-321332106443701,ba8b999bd4f14024a84b494047a1aed9,,,,32.225556,-106.743611,42.929,2.217,0.031,12,2021,2021-05-15,2025-12-15
2025,USGS-321332106443701,ba8b999bd4f14024a84b494047a1aed9,,,,32.225556,-106.743611,44.497,3.785,1.568,12,2021,2021-05-15,2025-12-15
2021,USGS-321332106443702,6ccc7e4e87f34146aec483c124ef3a40,,,,32.225556,-106.743611,38.703,0,,8,2021,2021-05-15,2025-12-15
2022,USGS-321332106443702,6ccc7e4e87f34146aec483c124ef3a40,,,,32.225556,-106.743611,40.003,1.3,1.3,11,2021,2021-05-15,2025-12-15
2023,USGS-321332106443702,6ccc7e4e87f34146aec483c124ef3a40,,,,32.225556,-106.743611,41.204,2.502,1.201,12,2021,2021-05-15,2025-12-15
2024,USGS-321332106443702,6ccc7e4e87f34146aec483c124ef3a40,,,,32.225556,-106.743611,41.57,2.867,0.366,10,2021,2021-05-15,2025-12-15
2025,USGS-321332106443702,6ccc7e4e87f34146aec483c124ef3a40,,,,32.225556,-106.743611,44.273,5.57,2.703,8,2021,2021-05-15,2025-12-15
2021,USGS-321517110571802,383a57069f8245d89a184a0ce477256a,,,,32.254798,-110.955647,204.831,0,,7,2021,2021-01-15,2025-12-15
2022,USGS-321517110571802,383a57069f8245d89a184a0ce477256a,,,,32.254798,-110.955647,202.302,-2.529,-2.529,9,2021,2021-01-15,2025-12-15
2023,USGS-321517110571802,383a57069f8245d89a184a0ce477256a,,,,32.254798,-110.955647,199.089,-5.742,-3.213,11,2021,2021-01-15,2025-12-15
2024,USGS-321517110571802,383a57069f8245d89a184a0ce477256a,,,,32.254798,-110.955647,195.686,-9.146,-3.404,9,2021,2021-01-15,2025-12-15
2025,USGS-321517110571802,383a57069f8245d89a184a0ce477256a,,,,32.254798,-110.955647,192.682,-12.15,-3.004,12,2021,2021-01-15,2025-12-15
2021,USGS-321547111144001,46662b7c07814871a33eb3f0ad307f12,,,,32.263131,-111.245102,226.76,0,,5,2021,2021-01-15,2025-12-15
2022,USGS-321547111144001,46662b7c07814871a33eb3f0ad307f12,,,,32.263131,-111.245102,219.328,-7.432,-7.432,12,2021,2021-01-15,2025-12-15
2023,USGS-321547111144001,46662b7c07814871a33eb3f0ad307f12,,,,32.263131,-111.245102,225.696,-1.064,6.368,11,2021,2021-01-15,2025-12-15
2024,USGS-321547111144001,46662b7c07814871a33eb3f0ad307f12,,,,32.263131,-111.245102,232.429,5.669,6.733,11,2021,2021-01-15,2025-12-15
2025,USGS-321547111144001,46662b7c07814871a33eb3f0ad307f12,,,,32.263131,-111.245102,226.377,-0.383,-6.052,12,2021,2021-01-15,2025-12-15
2021,USGS-321740106481001,b08db359cbe34601b0b8a10bb2601705,,,,32.294742,-106.803411,47.112,0,,12,2021,2021-01-15,2025-12-15
2022,USGS-321740106481001,b08db359cbe34601b0b8a10bb2601705,,,,32.294742,-106.803411,49.241,2.129,2.129,10,2021,2021-01-15,2025-12-15
2023,USGS-321740106481001,b08db359cbe34601b0b8a10bb2601705,,,,32.294742,-106.803411,49.548,2.436,0.307,11,2021,2021-01-15,2025-12-15
2024,USGS-321740106481001,b08db359cbe34601b0b8a10bb2601705,,,,32.294742,-106.803411,50.432,3.319,0.883,12,2021,2021-01-15,2025-12-15
2025,USGS-321740106481001,b08db359cbe34601b0b8a10bb2601705,,,,32.294742,-106.803411,50.845,3.732,0.413,11,2021,2021-01-15,2025-12-15
2021,USGS-321740106481002,023f8c0b4590457e85e17f8905521097,,,,32.294742,-106.803411,45.89,0,,8,2021,2021-05-15,2025-11-15
2022,USGS-321740106481002,023f8c0b4590457e85e17f8905521097,,,,32.294742,-106.803411,47.101,1.211,1.211,10,2021,2021-05-15,2025-11-15
2023,USGS-321740106481002,023f8c0b4590457e85e17f8905521097,,,,32.294742,-106.803411,47.737,1.847,0.636,11,2021,2021-05-15,2025-11-15
2024,USGS-321740106481002,023f8c0b4590457e85e17f8905521097,,,,32.294742,-106.803411,48.327,2.437,0.589,12,2021,2021-05-15,2025-11-15
2025,USGS-321740106481002,023f8c0b4590457e85e17f8905521097,,,,32.294742,-106.803411,48.301,2.411,-0.026,10,2021,2021-05-15,2025-11-15
2021,USGS-321740106481004,9e7063b251d3481096b57afc6f9f3dc3,,,,32.294742,-106.803411,51.445,0,,12,2021,2021-01-15,2025-11-15
2022,USGS-321740106481004,9e7063b251d3481096b57afc6f9f3dc3,,,,32.294742,-106.803411,54.484,3.039,3.039,10,2021,2021-01-15,2025-11-15
2023,USGS-321740106481004,9e7063b251d3481096b57afc6f9f3dc3,,,,32.294742,-106.803411,54.149,2.704,-0.335,11,2021,2021-01-15,2025-11-15
2024,USGS-321740106481004,9e7063b251d3481096b57afc6f9f3dc3,,,,32.294742,-106.803411,55.819,4.374,1.67,12,2021,2021-01-15,2025-11-15
2025,USGS-321740106481004,9e7063b251d3481096b57afc6f9f3dc3,,,,32.294742,-106.803411,57.44,5.995,1.621,10,2021,2021-01-15,2025-11-15
2021,USGS-321742081234901,93c64032a0d54285a93c8fdc26da5f9f,,,,32.295196,-81.396778,23.763,0,,12,2021,2021-01-15,2025-12-15
2022,USGS-321742081234901,93c64032a0d54285a93c8fdc26da5f9f,,,,32.295196,-81.396778,23.989,0.226,0.226,12,2021,2021-01-15,2025-12-15
2023,USGS-321742081234901,93c64032a0d54285a93c8fdc26da5f9f,,,,32.295196,-81.396778,23.903,0.14,-0.086,12,2021,2021-01-15,2025-12-15
2024,USGS-321742081234901,93c64032a0d54285a93c8fdc26da5f9f,,,,32.295196,-81.396778,23.063,-0.7,-0.84,12,2021,2021-01-15,2025-12-15
2025,USGS-321742081234901,93c64032a0d54285a93c8fdc26da5f9f,,,,32.295196,-81.396778,23.504,-0.259,0.441,10,2021,2021-01-15,2025-12-15
2021,USGS-321742081234904,21069060b190487d8a603fa10ce70909,,,,32.295196,-81.396778,70.74,0,,12,2021,2021-01-15,2025-12-15
2022,USGS-321742081234904,21069060b190487d8a603fa10ce70909,,,,32.295196,-81.396778,70.614,-0.126,-0.126,11,2021,2021-01-15,2025-12-15
2023,USGS-321742081234904,21069060b190487d8a603fa10ce70909,,,,32.295196,-81.396778,71.546,0.806,0.932,12,2021,2021-01-15,2025-12-15
2024,USGS-321742081234904,21069060b190487d8a603fa10ce70909,,,,32.295196,-81.396778,71.51,0.77,-0.036,12,2021,2021-01-15,2025-12-15
2025,USGS-321742081234904,21069060b190487d8a603fa10ce70909,,,,32.295196,-81.396778,72.16,1.42,0.65,12,2021,2021-01-15,2025-12-15
2021,USGS-321745106492101,40c594cddab14f9d9ce7d39f2e8aff91,,,,32.295833,-106.8225,36.04,0,,11,2021,2021-02-15,2025-12-15
2022,USGS-321745106492101,40c594cddab14f9d9ce7d39f2e8aff91,,,,32.295833,-106.8225,38.95,2.91,2.91,12,2021,2021-02-15,2025-12-15
2023,USGS-321745106492101,40c594cddab14f9d9ce7d39f2e8aff91,,,,32.295833,-106.8225,38.311,2.271,-0.639,12,2021,2021-02-15,2025-12-15
2024,USGS-321745106492101,40c594cddab14f9d9ce7d39f2e8aff91,,,,32.295833,-106.8225,37.357,1.317,-0.953,12,2021,2021-02-15,2025-12-15
2025,USGS-321745106492101,40c594cddab14f9d9ce7d39f2e8aff91,,,,32.295833,-106.8225,38.912,2.872,1.555,12,2021,2021-02-15,2025-12-15
2021,USGS-321745106492102,b896a1d1ac0a47a6a7aab6b472dc27c1,,,,32.295833,-106.8225,21.065,0,,12,2021,2021-01-15,2025-12-15
2022,USGS-321745106492102,b896a1d1ac0a47a6a7aab6b472dc27c1,,,,32.295833,-106.8225,22.935,1.87,1.87,12,2021,2021-01-15,2025-12-15
2023,USGS-321745106492102,b896a1d1ac0a47a6a7aab6b472dc27c1,,,,32.295833,-106.8225,21.7,0.635,-1.235,12,2021,2021-01-15,2025-12-15
2024,USGS-321745106492102,b896a1d1ac0a47a6a7aab6b472dc27c1,,,,32.295833,-106.8225,19.476,-1.589,-2.224,12,2021,2021-01-15,2025-12-15
2025,USGS-321745106492102,b896a1d1ac0a47a6a7aab6b472dc27c1,,,,32.295833,-106.8225,22.538,1.473,3.062,12,2021,2021-01-15,2025-12-15
2021,USGS-321745106492103,a5097724113d4f418a672a4f9d1b0849,,,,32.295833,-106.8225,13.932,0,,12,2021,2021-01-15,2025-12-15
2022,USGS-321745106492103,a5097724113d4f418a672a4f9d1b0849,,,,32.295833,-106.8225,15.532,1.6,1.6,12,2021,2021-01-15,2025-12-15
2023,USGS-321745106492103,a5097724113d4f418a672a4f9d1b0849,,,,32.295833,-106.8225,13.951,0.019,-1.581,12,2021,2021-01-15,2025-12-15
2024,USGS-321745106492103,a5097724113d4f418a672a4f9d1b0849,,,,32.295833,-106.8225,11.204,-2.727,-2.747,12,2021,2021-01-15,2025-12-15
2025,USGS-321745106492103,a5097724113d4f418a672a4f9d1b0849,,,,32.295833,-106.8225,14.932,1,3.727,12,2021,2021-01-15,2025-12-15
2021,USGS-321745106492106,85a364d7235a4a66a3f101df5c8a4022,,,,32.295833,-106.8225,38.272,0,,12,2021,2021-01-15,2025-12-15
2022,USGS-321745106492106,85a364d7235a4a66a3f101df5c8a4022,,,,32.295833,-106.8225,41.829,3.558,3.558,12,2021,2021-01-15,2025-12-15
2023,USGS-321745106492106,85a364d7235a4a66a3f101df5c8a4022,,,,32.295833,-106.8225,41.21,2.938,-0.619,12,2021,2021-01-15,2025-12-15
2024,USGS-321745106492106,85a364d7235a4a66a3f101df5c8a4022,,,,32.295833,-106.8225,40.514,2.242,-0.696,12,2021,2021-01-15,2025-12-15
2025,USGS-321745106492106,85a364d7235a4a66a3f101df5c8a4022,,,,32.295833,-106.8225,41.859,3.587,1.345,12,2021,2021-01-15,2025-12-15
2021,USGS-321859106503101,334d2e14e11c43e99194839b11c51fbc,,,,32.316636,-106.842011,16.857,0,,12,2021,2021-01-15,2025-06-15
2022,USGS-321859106503101,334d2e14e11c43e99194839b11c51fbc,,,,32.316636,-106.842011,19.351,2.493,2.493,12,2021,2021-01-15,2025-06-15
2023,USGS-321859106503101,334d2e14e11c43e99194839b11c51fbc,,,,32.316636,-106.842011,19.129,2.272,-0.222,11,2021,2021-01-15,2025-06-15
2025,USGS-321859106503101,334d2e14e11c43e99194839b11c51fbc,,,,32.316636,-106.842011,18.643,1.786,-0.486,6,2021,2021-01-15,2025-06-15
2021,USGS-321943081151401,a7eb248e10b747a4a3802334d2462ad1,,,,32.328611,-81.253889,44.233,0,,11,2021,2021-01-15,2025-12-15
2022,USGS-321943081151401,a7eb248e10b747a4a3802334d2462ad1,,,,32.328611,-81.253889,44.157,-0.076,-0.076,9,2021,2021-01-15,2025-12-15
2023,USGS-321943081151401,a7eb248e10b747a4a3802334d2462ad1,,,,32.328611,-81.253889,44.758,0.525,0.602,11,2021,2021-01-15,2025-12-15
2024,USGS-321943081151401,a7eb248e10b747a4a3802334d2462ad1,,,,32.328611,-81.253889,44.48,0.247,-0.278,12,2021,2021-01-15,2025-12-15
2025,USGS-321943081151401,a7eb248e10b747a4a3802334d2462ad1,,,,32.328611,-81.253889,44.273,0.04,-0.207,12,2021,2021-01-15,2025-12-15
2021,USGS-322009111191801,9cebb9c22e9944789583071c904edaa6,,,,32.335907,-111.322328,294.598,0,,12,2021,2021-01-15,2025-12-15
2022,USGS-322009111191801,9cebb9c22e9944789583071c904edaa6,,,,32.335907,-111.322328,291.171,-3.427,-3.427,12,2021,2021-01-15,2025-12-15
2023,USGS-322009111191801,9cebb9c22e9944789583071c904edaa6,,,,32.335907,-111.322328,288.392,-6.207,-2.779,12,2021,2021-01-15,2025-12-15
2024,USGS-322009111191801,9cebb9c22e9944789583071c904edaa6,,,,32.335907,-111.322328,285.777,-8.821,-2.614,12,2021,2021-01-15,2025-12-15
2025,USGS-322009111191801,9cebb9c22e9944789583071c904edaa6,,,,32.335907,-111.322328,284.062,-10.536,-1.715,9,2021,2021-01-15,2025-12-15
2021,USGS-322036084590301,745563dccb6d4a0bb7b743d11236cbcb,,,,32.342092,-84.986042,50.702,0,,12,2021,2021-01-15,2025-12-15
2022,USGS-322036084590301,745563dccb6d4a0bb7b743d11236cbcb,,,,32.342092,-84.986042,49.694,-1.007,-1.007,12,2021,2021-01-15,2025-12-15
2023,USGS-322036084590301,745563dccb6d4a0bb7b743d11236cbcb,,,,32.342092,-84.986042,49.161,-1.541,-0.533,12,2021,2021-01-15,2025-12-15
2024,USGS-322036084590301,745563dccb6d4a0bb7b743d11236cbcb,,,,32.342092,-84.986042,50.179,-0.522,1.018,12,2021,2021-01-15,2025-12-15
2025,USGS-322036084590301,745563dccb6d4a0bb7b743d11236cbcb,,,,32.342092,-84.986042,52.054,1.353,1.875,12,2021,2021-01-15,2025-12-15
2021,USGS-322047086214301,93d24d1c7ee84d0a95b6bf0bd0e2a85a,,,,32.346389,-86.361944,19.207,0,,12,2021,2021-01-15,2025-04-15
2022,USGS-322047086214301,93d24d1c7ee84d0a95b6bf0bd0e2a85a,,,,32.346389,-86.361944,18.963,-0.243,-0.243,12,2021,2021-01-15,2025-04-15
2023,USGS-322047086214301,93d24d1c7ee84d0a95b6bf0bd0e2a85a,,,,32.346389,-86.361944,21.165,1.958,2.202,12,2021,2021-01-15,2025-04-15
2024,USGS-322047086214301,93d24d1c7ee84d0a95b6bf0bd0e2a85a,,,,32.346389,-86.361944,22.261,3.054,1.096,12,2021,2021-01-15,2025-04-15
2025,USGS-322047086214301,93d24d1c7ee84d0a95b6bf0bd0e2a85a,,,,32.346389,-86.361944,23.95,4.743,1.689,4,2021,2021-01-15,2025-04-15
2021,USGS-322057111134801,dbebae8320bb4ee08b8ff56e434c967d,,,,32.34924,-111.230659,304.347,0,,6,2021,2021-01-15,2025-12-15
2022,USGS-322057111134801,dbebae8320bb4ee08b8ff56e434c967d,,,,32.34924,-111.230659,302.177,-2.17,-2.17,12,2021,2021-01-15,2025-12-15
2023,USGS-322057111134801,dbebae8320bb4ee08b8ff56e434c967d,,,,32.34924,-111.230659,299.828,-4.519,-2.349,12,2021,2021-01-15,2025-12-15
2024,USGS-322057111134801,dbebae8320bb4ee08b8ff56e434c967d,,,,32.34924,-111.230659,297.714,-6.633,-2.114,10,2021,2021-01-15,2025-12-15
2025,USGS-322057111134801,dbebae8320bb4ee08b8ff56e434c967d,,,,32.34924,-111.230659,295.903,-8.444,-1.811,11,2021,2021-01-15,2025-12-15
2021,USGS-322234081190003,59a62c766a554ae8bc780425c14743e0,,,,32.376111,-81.316667,19.106,0,,12,2021,2021-01-15,2025-12-15
2022,USGS-322234081190003,59a62c766a554ae8bc780425c14743e0,,,,32.376111,-81.316667,20.062,0.956,0.956,12,2021,2021-01-15,2025-12-15
2023,USGS-322234081190003,59a62c766a554ae8bc780425c14743e0,,,,32.376111,-81.316667,20.495,1.389,0.433,12,2021,2021-01-15,2025-12-15
2024,USGS-322234081190003,59a62c766a554ae8bc780425c14743e0,,,,32.376111,-81.316667,20.048,0.943,-0.447,12,2021,2021-01-15,2025-12-15
2025,USGS-322234081190003,59a62c766a554ae8bc780425c14743e0,,,,32.376111,-81.316667,20.254,1.148,0.206,12,2021,2021-01-15,2025-12-15
2021,USGS-322236081191001,b61093b8b7ea481592f2e0615d950b4e,,,,32.376857,-81.319276,30.585,0,,12,2021,2021-01-15,2025-12-15
2022,USGS-322236081191001,b61093b8b7ea481592f2e0615d950b4e,,,,32.376857,-81.319276,31.9,1.315,1.315,12,2021,2021-01-15,2025-12-15
2023,USGS-322236081191001,b61093b8b7ea481592f2e0615d950b4e,,,,32.376857,-81.319276,32.372,1.787,0.472,12,2021,2021-01-15,2025-12-15
2024,USGS-322236081191001,b61093b8b7ea481592f2e0615d950b4e,,,,32.376857,-81.319276,32.099,1.514,-0.273,12,2021,2021-01-15,2025-12-15
2025,USGS-322236081191001,b61093b8b7ea481592f2e0615d950b4e,,,,32.376857,-81.319276,32.326,1.741,0.227,12,2021,2021-01-15,2025-12-15
2021,USGS-322245083290101,270c771437004873a1f9dfc4889be363,,,,32.379322,-83.48351,65.535,0,,12,2021,2021-01-15,2025-12-15
2022,USGS-322245083290101,270c771437004873a1f9dfc4889be363,,,,32.379322,-83.48351,65.977,0.442,0.442,12,2021,2021-01-15,2025-12-15
2023,USGS-322245083290101,270c771437004873a1f9dfc4889be363,,,,32.379322,-83.48351,66.283,0.748,0.307,12,2021,2021-01-15,2025-12-15
2024,USGS-322245083290101,270c771437004873a1f9dfc4889be363,,,,32.379322,-83.48351,66.888,1.352,0.604,12,2021,2021-01-15,2025-12-15
2025,USGS-322245083290101,270c771437004873a1f9dfc4889be363,,,,32.379322,-83.48351,67.306,1.771,0.418,12,2021,2021-01-15,2025-12-15
2021,USGS-322323106314701,0d91e794e4a24e99abb3b363a75599ad,,,,32.389722,-106.530278,72.389,0,,12,2021,2021-01-15,2025-12-15
2022,USGS-322323106314701,0d91e794e4a24e99abb3b363a75599ad,,,,32.389722,-106.530278,70.672,-1.718,-1.718,12,2021,2021-01-15,2025-12-15
2023,USGS-322323106314701,0d91e794e4a24e99abb3b363a75599ad,,,,32.389722,-106.530278,72.03,-0.359,1.358,12,2021,2021-01-15,2025-12-15
2024,USGS-322323106314701,0d91e794e4a24e99abb3b363a75599ad,,,,32.389722,-106.530278,73.786,1.397,1.756,12,2021,2021-01-15,2025-12-15
2025,USGS-322323106314701,0d91e794e4a24e99abb3b363a75599ad,,,,32.389722,-106.530278,74.537,2.147,0.751,12,2021,2021-01-15,2025-12-15
2021,USGS-322339111170001,9977ba38ec17454b9a84c36df329a7ca,,,,32.394239,-111.283994,205.161,0,,11,2021,2021-01-15,2025-08-15
2022,USGS-322339111170001,9977ba38ec17454b9a84c36df329a7ca,,,,32.394239,-111.283994,203.527,-1.634,-1.634,6,2021,2021-01-15,2025-08-15
2023,USGS-322339111170001,9977ba38ec17454b9a84c36df329a7ca,,,,32.394239,-111.283994,207.461,2.3,3.934,12,2021,2021-01-15,2025-08-15
2024,USGS-322339111170001,9977ba38ec17454b9a84c36df329a7ca,,,,32.394239,-111.283994,208.587,3.426,1.126,9,2021,2021-01-15,2025-08-15
2025,USGS-322339111170001,9977ba38ec17454b9a84c36df329a7ca,,,,32.394239,-111.283994,216.433,11.272,7.847,6,2021,2021-01-15,2025-08-15
2021,USGS-322343093211501,74b0cae43df34c20883b3bd477893f0a,,,,32.395433,-93.354337,18.882,0,,12,2021,2021-01-15,2025-12-15
2022,USGS-322343093211501,74b0cae43df34c20883b3bd477893f0a,,,,32.395433,-93.354337,20.131,1.248,1.248,12,2021,2021-01-15,2025-12-15
2023,USGS-322343093211501,74b0cae43df34c20883b3bd477893f0a,,,,32.395433,-93.354337,20.022,1.14,-0.108,12,2021,2021-01-15,2025-12-15
2024,USGS-322343093211501,74b0cae43df34c20883b3bd477893f0a,,,,32.395433,-93.354337,20.084,1.202,0.062,12,2021,2021-01-15,2025-12-15
2025,USGS-322343093211501,74b0cae43df34c20883b3bd477893f0a,,,,32.395433,-93.354337,13.05,-5.832,-7.034,12,2021,2021-01-15,2025-12-15
2021,USGS-322500085551201,3802c0c111154d6e8fb4e059be0ebad3,,,,32.416917,-85.919917,12.045,0,,12,2021,2021-01-15,2025-05-15
2022,USGS-322500085551201,3802c0c111154d6e8fb4e059be0ebad3,,,,32.416917,-85.919917,12.534,0.489,0.489,12,2021,2021-01-15,2025-05-15
2023,USGS-322500085551201,3802c0c111154d6e8fb4e059be0ebad3,,,,32.416917,-85.919917,12.87,0.825,0.336,12,2021,2021-01-15,2025-05-15
2024,USGS-322500085551201,3802c0c111154d6e8fb4e059be0ebad3,,,,32.416917,-85.919917,13.137,1.092,0.267,12,2021,2021-01-15,2025-05-15
2025,USGS-322500085551201,3802c0c111154d6e8fb4e059be0ebad3,,,,32.416917,-85.919917,13.418,1.373,0.281,5,2021,2021-01-15,2025-05-15
2021,USGS-322540106525101,7ae923dff69347a69f7ec96405bf182b,,,,32.427983,-106.880933,11.756,0,,11,2021,2021-02-15,2025-09-15
2022,USGS-322540106525101,7ae923dff69347a69f7ec96405bf182b,,,,32.427983,-106.880933,12.842,1.085,1.085,12,2021,2021-02-15,2025-09-15
2023,USGS-322540106525101,7ae923dff69347a69f7ec96405bf182b,,,,32.427983,-106.880933,11.943,0.187,-0.898,12,2021,2021-02-15,2025-09-15
2024,USGS-322540106525101,7ae923dff69347a69f7ec96405bf182b,,,,32.427983,-106.880933,10.674,-1.083,-1.27,11,2021,2021-02-15,2025-09-15
2025,USGS-322540106525101,7ae923dff69347a69f7ec96405bf182b,,,,32.427983,-106.880933,11.752,-0.004,1.079,9,2021,2021-02-15,2025-09-15
2021,USGS-322652083033001,8c3937bfb55e460e8f2b9a831e49186e,,,,32.451839,-83.057657,30.294,0,,12,2021,2021-01-15,2025-12-15
2022,USGS-322652083033001,8c3937bfb55e460e8f2b9a831e49186e,,,,32.451839,-83.057657,32.742,2.448,2.448,12,2021,2021-01-15,2025-12-15
2023,USGS-322652083033001,8c3937bfb55e460e8f2b9a831e49186e,,,,32.451839,-83.057657,30.859,0.565,-1.883,12,2021,2021-01-15,2025-12-15
2024,USGS-322652083033001,8c3937bfb55e460e8f2b9a831e49186e,,,,32.451839,-83.057657,30.258,-0.036,-0.601,12,2021,2021-01-15,2025-12-15
2025,USGS-322652083033001,8c3937bfb55e460e8f2b9a831e49186e,,,,32.451839,-83.057657,33.2,2.906,2.942,12,2021,2021-01-15,2025-12-15
2021,USGS-322712104074501,2307aefbb4cc4d44a35c68b2e50b6d79,,,,32.453889,-104.128889,89.054,0,,12,2021,2021-01-15,2025-12-15
2022,USGS-322712104074501,2307aefbb4cc4d44a35c68b2e50b6d79,,,,32.453889,-104.128889,88.841,-0.213,-0.213,12,2021,2021-01-15,2025-12-15
2023,USGS-322712104074501,2307aefbb4cc4d44a35c68b2e50b6d79,,,,32.453889,-104.128889,88.885,-0.169,0.044,4,2021,2021-01-15,2025-12-15
2024,USGS-322712104074501,2307aefbb4cc4d44a35c68b2e50b6d79,,,,32.453889,-104.128889,88.576,-0.478,-0.309,11,2021,2021-01-15,2025-12-15
2025,USGS-322712104074501,2307aefbb4cc4d44a35c68b2e50b6d79,,,,32.453889,-104.128889,87.268,-1.786,-1.308,12,2021,2021-01-15,2025-12-15
2021,USGS-322853091475901,2287b0412cef46e2854e728072bc7bf4,,,,32.481508,-91.799708,9.78,0,,1,2021,2021-12-15,2025-03-15
2022,USGS-322853091475901,2287b0412cef46e2854e728072bc7bf4,,,,32.481508,-91.799708,10.048,0.268,0.268,12,2021,2021-12-15,2025-03-15
2023,USGS-322853091475901,2287b0412cef46e2854e728072bc7bf4,,,,32.481508,-91.799708,10.407,0.627,0.359,12,2021,2021-12-15,2025-03-15
2024,USGS-322853091475901,2287b0412cef46e2854e728072bc7bf4,,,,32.481508,-91.799708,10.718,0.938,0.311,12,2021,2021-12-15,2025-03-15
2025,USGS-322853091475901,2287b0412cef46e2854e728072bc7bf4,,,,32.481508,-91.799708,10.493,0.713,-0.225,3,2021,2021-12-15,2025-03-15
2021,USGS-323030083030003,8ab9fb63e0dd40a4b085f37be9cbff5e,,,,32.507668,-83.045426,48.841,0,,12,2021,2021-01-15,2025-12-15
2022,USGS-323030083030003,8ab9fb63e0dd40a4b085f37be9cbff5e,,,,32.507668,-83.045426,48.523,-0.318,-0.318,12,2021,2021-01-15,2025-12-15
2023,USGS-323030083030003,8ab9fb63e0dd40a4b085f37be9cbff5e,,,,32.507668,-83.045426,48.769,-0.072,0.247,12,2021,2021-01-15,2025-12-15
2024,USGS-323030083030003,8ab9fb63e0dd40a4b085f37be9cbff5e,,,,32.507668,-83.045426,49.013,0.172,0.244,12,2021,2021-01-15,2025-12-15
2025,USGS-323030083030003,8ab9fb63e0dd40a4b085f37be9cbff5e,,,,32.507668,-83.045426,49.365,0.524,0.352,12,2021,2021-01-15,2025-12-15
2021,USGS-323047090484401,f5ee2a17b4fe46baa79767d25b0b01a9,,,,32.513056,-90.812222,15.576,0,,7,2021,2021-06-15,2025-07-15
2022,USGS-323047090484401,f5ee2a17b4fe46baa79767d25b0b01a9,,,,32.513056,-90.812222,13.604,-1.972,-1.972,12,2021,2021-06-15,2025-07-15
2023,USGS-323047090484401,f5ee2a17b4fe46baa79767d25b0b01a9,,,,32.513056,-90.812222,15.408,-0.167,1.804,12,2021,2021-06-15,2025-07-15
2024,USGS-323047090484401,f5ee2a17b4fe46baa79767d25b0b01a9,,,,32.513056,-90.812222,12.069,-3.507,-3.339,12,2021,2021-06-15,2025-07-15
2025,USGS-323047090484401,f5ee2a17b4fe46baa79767d25b0b01a9,,,,32.513056,-90.812222,0,-15.576,-12.069,7,2021,2021-06-15,2025-07-15
2021,USGS-323123081511601,66303e9a354743ff8fa410c7df194e99,,,,32.523225,-81.854281,89.046,0,,12,2021,2021-01-15,2025-12-15
2022,USGS-323123081511601,66303e9a354743ff8fa410c7df194e99,,,,32.523225,-81.854281,90.549,1.503,1.503,12,2021,2021-01-15,2025-12-15
2023,USGS-323123081511601,66303e9a354743ff8fa410c7df194e99,,,,32.523225,-81.854281,89.699,0.653,-0.85,12,2021,2021-01-15,2025-12-15
2024,USGS-323123081511601,66303e9a354743ff8fa410c7df194e99,,,,32.523225,-81.854281,88.486,-0.56,-1.213,12,2021,2021-01-15,2025-12-15
2025,USGS-323123081511601,66303e9a354743ff8fa410c7df194e99,,,,32.523225,-81.854281,89.169,0.123,0.683,12,2021,2021-01-15,2025-12-15
2021,USGS-323123081511602,1f9ba4df38034116bdf16b97c7b7de9a,,,,32.523225,-81.854281,84.906,0,,12,2021,2021-01-15,2025-12-15
2022,USGS-323123081511602,1f9ba4df38034116bdf16b97c7b7de9a,,,,32.523225,-81.854281,85.861,0.955,0.955,12,2021,2021-01-15,2025-12-15
2023,USGS-323123081511602,1f9ba4df38034116bdf16b97c7b7de9a,,,,32.523225,-81.854281,85.371,0.465,-0.49,12,2021,2021-01-15,2025-12-15
2024,USGS-323123081511602,1f9ba4df38034116bdf16b97c7b7de9a,,,,32.523225,-81.854281,83.311,-1.595,-2.06,10,2021,2021-01-15,2025-12-15
2025,USGS-323123081511602,1f9ba4df38034116bdf16b97c7b7de9a,,,,32.523225,-81.854281,84.654,-0.252,1.343,12,2021,2021-01-15,2025-12-15
2021,USGS-323302083263401,11eacee98d514c38979c5e05ec4adcf2,,,,32.550704,-83.442676,167.855,0,,12,2021,2021-01-15,2025-12-15
2022,USGS-323302083263401,11eacee98d514c38979c5e05ec4adcf2,,,,32.550704,-83.442676,168.082,0.227,0.227,12,2021,2021-01-15,2025-12-15
2023,USGS-323302083263401,11eacee98d514c38979c5e05ec4adcf2,,,,32.550704,-83.442676,168.457,0.602,0.376,12,2021,2021-01-15,2025-12-15
2024,USGS-323302083263401,11eacee98d514c38979c5e05ec4adcf2,,,,32.550704,-83.442676,169.397,1.542,0.939,9,2021,2021-01-15,2025-12-15
2025,USGS-323302083263401,11eacee98d514c38979c5e05ec4adcf2,,,,32.550704,-83.442676,169.19,1.335,-0.207,12,2021,2021-01-15,2025-12-15
2021,USGS-323510111181001,aef7d09c975c4f6f8e3a922341f6571d,,,,32.587292,-111.303443,235.453,0,,12,2021,2021-01-15,2025-12-15
2022,USGS-323510111181001,aef7d09c975c4f6f8e3a922341f6571d,,,,32.587292,-111.303443,234.799,-0.655,-0.655,7,2021,2021-01-15,2025-12-15
2023,USGS-323510111181001,aef7d09c975c4f6f8e3a922341f6571d,,,,32.587292,-111.303443,234.521,-0.933,-0.278,12,2021,2021-01-15,2025-12-15
2024,USGS-323510111181001,aef7d09c975c4f6f8e3a922341f6571d,,,,32.587292,-111.303443,234.074,-1.379,-0.447,12,2021,2021-01-15,2025-12-15
2025,USGS-323510111181001,aef7d09c975c4f6f8e3a922341f6571d,,,,32.587292,-111.303443,19.468,-215.986,-214.607,12,2021,2021-01-15,2025-12-15
2021,USGS-323704080594509,134b7fa7a6d249ae944f7e5a66d798a7,,,,32.617958,-80.995664,56.625,0,,6,2021,2021-07-15,2025-12-15
2022,USGS-323704080594509,134b7fa7a6d249ae944f7e5a66d798a7,,,,32.617958,-80.995664,59.232,2.607,2.607,6,2021,2021-07-15,2025-12-15
2023,USGS-323704080594509,134b7fa7a6d249ae944f7e5a66d798a7,,,,32.617958,-80.995664,58.028,1.403,-1.203,12,2021,2021-07-15,2025-12-15
2024,USGS-323704080594509,134b7fa7a6d249ae944f7e5a66d798a7,,,,32.617958,-80.995664,56.075,-0.55,-1.953,12,2021,2021-07-15,2025-12-15
2025,USGS-323704080594509,134b7fa7a6d249ae944f7e5a66d798a7,,,,32.617958,-80.995664,56.318,-0.307,0.243,12,2021,2021-07-15,2025-12-15
2021,USGS-323802107024101,ba8c70fe7832462bb3b0666bb4800a6d,,,,32.634564,-107.045258,11.039,0,,10,2021,2021-01-15,2025-12-15
2022,USGS-323802107024101,ba8c70fe7832462bb3b0666bb4800a6d,,,,32.634564,-107.045258,12.409,1.37,1.37,12,2021,2021-01-15,2025-12-15
2023,USGS-323802107024101,ba8c70fe7832462bb3b0666bb4800a6d,,,,32.634564,-107.045258,10.838,-0.201,-1.572,12,2021,2021-01-15,2025-12-15
2024,USGS-323802107024101,ba8c70fe7832462bb3b0666bb4800a6d,,,,32.634564,-107.045258,10.056,-0.983,-0.782,12,2021,2021-01-15,2025-12-15
2025,USGS-323802107024101,ba8c70fe7832462bb3b0666bb4800a6d,,,,32.634564,-107.045258,11.169,0.13,1.113,12,2021,2021-01-15,2025-12-15
2021,USGS-323917107031601,aa55fe741a494e36891eac961acffe01,,,,32.654347,-107.055097,14.851,0,,8,2021,2021-05-15,2025-07-15
2022,USGS-323917107031601,aa55fe741a494e36891eac961acffe01,,,,32.654347,-107.055097,14.43,-0.421,-0.421,3,2021,2021-05-15,2025-07-15
2023,USGS-323917107031601,aa55fe741a494e36891eac961acffe01,,,,32.654347,-107.055097,14.446,-0.405,0.016,10,2021,2021-05-15,2025-07-15
2024,USGS-323917107031601,aa55fe741a494e36891eac961acffe01,,,,32.654347,-107.055097,13.86,-0.991,-0.586,12,2021,2021-05-15,2025-07-15
2025,USGS-323917107031601,aa55fe741a494e36891eac961acffe01,,,,32.654347,-107.055097,14.523,-0.328,0.663,7,2021,2021-05-15,2025-07-15
2021,USGS-324003114235701,6f0745f082354b9a91c711b2f3b254f7,,,,32.66756,-114.399865,155.926,0,,11,2021,2021-02-15,2025-12-15
2022,USGS-324003114235701,6f0745f082354b9a91c711b2f3b254f7,,,,32.66756,-114.399865,155.709,-0.217,-0.217,11,2021,2021-02-15,2025-12-15
2023,USGS-324003114235701,6f0745f082354b9a91c711b2f3b254f7,,,,32.66756,-114.399865,155.84,-0.086,0.131,12,2021,2021-02-15,2025-12-15
2024,USGS-324003114235701,6f0745f082354b9a91c711b2f3b254f7,,,,32.66756,-114.399865,155.992,0.065,0.152,12,2021,2021-02-15,2025-12-15
2025,USGS-324003114235701,6f0745f082354b9a91c711b2f3b254f7,,,,32.66756,-114.399865,156.035,0.109,0.043,12,2021,2021-02-15,2025-12-15
2021,USGS-324209082430201,14b8deb344a04cca9509fe7e92f0127b,,,,32.702662,-82.717081,154.19,0,,12,2021,2021-01-15,2025-12-15
2022,USGS-324209082430201,14b8deb344a04cca9509fe7e92f0127b,,,,32.702662,-82.717081,153.583,-0.607,-0.607,12,2021,2021-01-15,2025-12-15
2023,USGS-324209082430201,14b8deb344a04cca9509fe7e92f0127b,,,,32.702662,-82.717081,153.715,-0.475,0.132,12,2021,2021-01-15,2025-12-15
2024,USGS-324209082430201,14b8deb344a04cca9509fe7e92f0127b,,,,32.702662,-82.717081,153.874,-0.316,0.159,12,2021,2021-01-15,2025-12-15
2025,USGS-324209082430201,14b8deb344a04cca9509fe7e92f0127b,,,,32.702662,-82.717081,154.2,0.01,0.326,12,2021,2021-01-15,2025-12-15
2021,USGS-324450114515101,2b06055cd5c748eb8d79206f447313f6,,,,32.74734,-114.864041,88.367,0,,9,2021,2021-01-15,2025-04-15
2022,USGS-324450114515101,2b06055cd5c748eb8d79206f447313f6,,,,32.74734,-114.864041,86.808,-1.559,-1.559,5,2021,2021-01-15,2025-04-15
2023,USGS-324450114515101,2b06055cd5c748eb8d79206f447313f6,,,,32.74734,-114.864041,88.892,0.525,2.084,12,2021,2021-01-15,2025-04-15
2024,USGS-324450114515101,2b06055cd5c748eb8d79206f447313f6,,,,32.74734,-114.864041,93.116,4.749,4.224,12,2021,2021-01-15,2025-04-15
2025,USGS-324450114515101,2b06055cd5c748eb8d79206f447313f6,,,,32.74734,-114.864041,98.245,9.878,5.129,4,2021,2021-01-15,2025-04-15
2021,USGS-324508091252302,d3ea631c813d4c50a046d00b8d468b3c,,,,32.752374,-91.423183,34.483,0,,12,2021,2021-01-15,2025-12-15
2022,USGS-324508091252302,d3ea631c813d4c50a046d00b8d468b3c,,,,32.752374,-91.423183,34.477,-0.007,-0.007,12,2021,2021-01-15,2025-12-15
2023,USGS-324508091252302,d3ea631c813d4c50a046d00b8d468b3c,,,,32.752374,-91.423183,35.42,0.937,0.943,12,2021,2021-01-15,2025-12-15
2024,USGS-324508091252302,d3ea631c813d4c50a046d00b8d468b3c,,,,32.752374,-91.423183,36.007,1.523,0.587,12,2021,2021-01-15,2025-12-15
2025,USGS-324508091252302,d3ea631c813d4c50a046d00b8d468b3c,,,,32.752374,-91.423183,36.439,1.956,0.432,12,2021,2021-01-15,2025-12-15
2021,USGS-324729079472001,0cb144bb50284853966cdee78f7e881e,,,,32.791194,-79.927528,50.721,0,,12,2021,2021-01-15,2025-12-15
2022,USGS-324729079472001,0cb144bb50284853966cdee78f7e881e,,,,32.791194,-79.927528,56.51,5.789,5.789,12,2021,2021-01-15,2025-12-15
2023,USGS-324729079472001,0cb144bb50284853966cdee78f7e881e,,,,32.791194,-79.927528,64.267,13.547,7.758,12,2021,2021-01-15,2025-12-15
2024,USGS-324729079472001,0cb144bb50284853966cdee78f7e881e,,,,32.791194,-79.927528,58.508,7.787,-5.76,12,2021,2021-01-15,2025-12-15
2025,USGS-324729079472001,0cb144bb50284853966cdee78f7e881e,,,,32.791194,-79.927528,59.615,8.894,1.107,12,2021,2021-01-15,2025-12-15
2021,USGS-325002107181201,5458e387bcfc4ef4a5b78bce9ef90d53,,,,32.834425,-107.303333,16.257,0,,10,2021,2021-03-15,2025-09-15
2022,USGS-325002107181201,5458e387bcfc4ef4a5b78bce9ef90d53,,,,32.834425,-107.303333,16.696,0.439,0.439,12,2021,2021-03-15,2025-09-15
2023,USGS-325002107181201,5458e387bcfc4ef4a5b78bce9ef90d53,,,,32.834425,-107.303333,15.688,-0.569,-1.007,12,2021,2021-03-15,2025-09-15
2024,USGS-325002107181201,5458e387bcfc4ef4a5b78bce9ef90d53,,,,32.834425,-107.303333,14.883,-1.374,-0.806,11,2021,2021-03-15,2025-09-15
2025,USGS-325002107181201,5458e387bcfc4ef4a5b78bce9ef90d53,,,,32.834425,-107.303333,15.277,-0.98,0.394,9,2021,2021-03-15,2025-09-15
2021,USGS-325045109384101,04e92e96a3bd40959211fa76d6a1000b,,,,32.845511,-109.643981,108.228,0,,11,2021,2021-01-15,2025-12-15
2022,USGS-325045109384101,04e92e96a3bd40959211fa76d6a1000b,,,,32.845511,-109.643981,109.49,1.262,1.262,1,2021,2021-01-15,2025-12-15
2023,USGS-325045109384101,04e92e96a3bd40959211fa76d6a1000b,,,,32.845511,-109.643981,117.398,9.17,7.908,10,2021,2021-01-15,2025-12-15
2024,USGS-325045109384101,04e92e96a3bd40959211fa76d6a1000b,,,,32.845511,-109.643981,120.171,11.943,2.773,12,2021,2021-01-15,2025-12-15
2025,USGS-325045109384101,04e92e96a3bd40959211fa76d6a1000b,,,,32.845511,-109.643981,126.35,18.122,6.179,12,2021,2021-01-15,2025-12-15
2021,USGS-325134109355401,106eb3b8c0fc4638a55aaa478c0e1a87,,,,32.859547,-109.598375,207.459,0,,12,2021,2021-01-15,2025-12-15
2022,USGS-325134109355401,106eb3b8c0fc4638a55aaa478c0e1a87,,,,32.859547,-109.598375,215.036,7.577,7.577,5,2021,2021-01-15,2025-12-15
2023,USGS-325134109355401,106eb3b8c0fc4638a55aaa478c0e1a87,,,,32.859547,-109.598375,216.29,8.831,1.254,9,2021,2021-01-15,2025-12-15
2024,USGS-325134109355401,106eb3b8c0fc4638a55aaa478c0e1a87,,,,32.859547,-109.598375,218.788,11.328,2.498,12,2021,2021-01-15,2025-12-15
2025,USGS-325134109355401,106eb3b8c0fc4638a55aaa478c0e1a87,,,,32.859547,-109.598375,223.366,15.906,4.578,9,2021,2021-01-15,2025-12-15
2021,USGS-325216109431501,5d9297b57e1d46608d8090170dfd1ac6,,,,32.87105,-109.720803,22.902,0,,12,2021,2021-01-15,2025-12-15
2022,USGS-325216109431501,5d9297b57e1d46608d8090170dfd1ac6,,,,32.87105,-109.720803,27.681,4.779,4.779,12,2021,2021-01-15,2025-12-15
2023,USGS-325216109431501,5d9297b57e1d46608d8090170dfd1ac6,,,,32.87105,-109.720803,32.384,9.482,4.703,11,2021,2021-01-15,2025-12-15
2024,USGS-325216109431501,5d9297b57e1d46608d8090170dfd1ac6,,,,32.87105,-109.720803,36.754,13.853,4.371,12,2021,2021-01-15,2025-12-15
2025,USGS-325216109431501,5d9297b57e1d46608d8090170dfd1ac6,,,,32.87105,-109.720803,42.432,19.531,5.678,12,2021,2021-01-15,2025-12-15
2021,USGS-325231109382701,29dcfcfc0c5b4f2ba89203f47744d90d,,,,32.875239,-109.640822,176.929,0,,11,2021,2021-02-15,2025-12-15
2022,USGS-325231109382701,29dcfcfc0c5b4f2ba89203f47744d90d,,,,32.875239,-109.640822,182.224,5.295,5.295,12,2021,2021-02-15,2025-12-15
2023,USGS-325231109382701,29dcfcfc0c5b4f2ba89203f47744d90d,,,,32.875239,-109.640822,186.4,9.471,4.176,11,2021,2021-02-15,2025-12-15
2024,USGS-325231109382701,29dcfcfc0c5b4f2ba89203f47744d90d,,,,32.875239,-109.640822,187.973,11.044,1.573,7,2021,2021-02-15,2025-12-15
2025,USGS-325231109382701,29dcfcfc0c5b4f2ba89203f47744d90d,,,,32.875239,-109.640822,196.037,19.108,8.064,11,2021,2021-02-15,2025-12-15
2021,USGS-325232082131501,6a4158e4a790480aa6a57fa4f7e59a20,,,,32.875778,-82.220833,90.793,0,,12,2021,2021-01-15,2025-12-15
2022,USGS-325232082131501,6a4158e4a790480aa6a57fa4f7e59a20,,,,32.875778,-82.220833,89.752,-1.04,-1.04,12,2021,2021-01-15,2025-12-15
2023,USGS-325232082131501,6a4158e4a790480aa6a57fa4f7e59a20,,,,32.875778,-82.220833,88.391,-2.402,-1.362,12,2021,2021-01-15,2025-12-15
2024,USGS-325232082131501,6a4158e4a790480aa6a57fa4f7e59a20,,,,32.875778,-82.220833,87.453,-3.34,-0.938,12,2021,2021-01-15,2025-12-15
2025,USGS-325232082131501,6a4158e4a790480aa6a57fa4f7e59a20,,,,32.875778,-82.220833,88.561,-2.232,1.108,12,2021,2021-01-15,2025-12-15
2021,USGS-325441109452701,870be8bf1fea4fddb8d92d0bd43cf985,,,,32.911353,-109.7574,27.565,0,,12,2021,2021-01-15,2025-12-15
2022,USGS-325441109452701,870be8bf1fea4fddb8d92d0bd43cf985,,,,32.911353,-109.7574,31.973,4.408,4.408,12,2021,2021-01-15,2025-12-15
2023,USGS-325441109452701,870be8bf1fea4fddb8d92d0bd43cf985,,,,32.911353,-109.7574,34.553,6.988,2.58,3,2021,2021-01-15,2025-12-15
2024,USGS-325441109452701,870be8bf1fea4fddb8d92d0bd43cf985,,,,32.911353,-109.7574,41.354,13.789,6.801,9,2021,2021-01-15,2025-12-15
2025,USGS-325441109452701,870be8bf1fea4fddb8d92d0bd43cf985,,,,32.911353,-109.7574,45.515,17.95,4.161,8,2021,2021-01-15,2025-12-15
2021,USGS-325449109415501,16d229105b854842ac87be772dcf399c,,,,32.913647,-109.698694,332.782,0,,12,2021,2021-01-15,2025-12-15
2022,USGS-325449109415501,16d229105b854842ac87be772dcf399c,,,,32.913647,-109.698694,337.331,4.549,4.549,9,2021,2021-01-15,2025-12-15
2023,USGS-325449109415501,16d229105b854842ac87be772dcf399c,,,,32.913647,-109.698694,342.133,9.351,4.802,12,2021,2021-01-15,2025-12-15
2024,USGS-325449109415501,16d229105b854842ac87be772dcf399c,,,,32.913647,-109.698694,346.47,13.688,4.337,10,2021,2021-01-15,2025-12-15
2025,USGS-325449109415501,16d229105b854842ac87be772dcf399c,,,,32.913647,-109.698694,353.349,20.567,6.879,10,2021,2021-01-15,2025-12-15
2021,USGS-325518093221901,2dc1b2167658442c969cdf1360257407,,,,32.921806,-93.372115,42.537,0,,12,2021,2021-01-15,2025-12-15
2022,USGS-325518093221901,2dc1b2167658442c969cdf1360257407,,,,32.921806,-93.372115,42.898,0.361,0.361,5,2021,2021-01-15,2025-12-15
2025,USGS-325518093221901,2dc1b2167658442c969cdf1360257407,,,,32.921806,-93.372115,42.577,0.04,-0.321,3,2021,2021-01-15,2025-12-15
2021,USGS-325521109413001,96a93060696a4eb6b322f075c0512fd2,,,,32.922472,-109.691797,486.804,0,,12,2021,2021-01-15,2025-12-15
2022,USGS-325521109413001,96a93060696a4eb6b322f075c0512fd2,,,,32.922472,-109.691797,492.921,6.117,6.117,12,2021,2021-01-15,2025-12-15
2023,USGS-325521109413001,96a93060696a4eb6b322f075c0512fd2,,,,32.922472,-109.691797,496.687,9.883,3.766,11,2021,2021-01-15,2025-12-15
2024,USGS-325521109413001,96a93060696a4eb6b322f075c0512fd2,,,,32.922472,-109.691797,501.517,14.712,4.829,9,2021,2021-01-15,2025-12-15
2025,USGS-325521109413001,96a93060696a4eb6b322f075c0512fd2,,,,32.922472,-109.691797,507.604,20.8,6.088,7,2021,2021-01-15,2025-12-15
2021,USGS-325643109342301,50fe7f4ffb0240079e558f067bc87b04,,,,32.945264,-109.573019,696.72,0,,12,2021,2021-01-15,2025-12-15
2022,USGS-325643109342301,50fe7f4ffb0240079e558f067bc87b04,,,,32.945264,-109.573019,697.46,0.74,0.74,10,2021,2021-01-15,2025-12-15
2023,USGS-325643109342301,50fe7f4ffb0240079e558f067bc87b04,,,,32.945264,-109.573019,698.867,2.147,1.407,9,2021,2021-01-15,2025-12-15
2024,USGS-325643109342301,50fe7f4ffb0240079e558f067bc87b04,,,,32.945264,-109.573019,698.478,1.758,-0.389,8,2021,2021-01-15,2025-12-15
2025,USGS-325643109342301,50fe7f4ffb0240079e558f067bc87b04,,,,32.945264,-109.573019,697.617,0.897,-0.861,12,2021,2021-01-15,2025-12-15
2021,USGS-325848082480901,da2c52abe938426bb623d4edd9a99ada,,,,32.980154,-82.802082,249.782,0,,12,2021,2021-01-15,2025-12-15
2022,USGS-325848082480901,da2c52abe938426bb623d4edd9a99ada,,,,32.980154,-82.802082,249.897,0.114,0.114,12,2021,2021-01-15,2025-12-15
2023,USGS-325848082480901,da2c52abe938426bb623d4edd9a99ada,,,,32.980154,-82.802082,248.119,-1.663,-1.778,12,2021,2021-01-15,2025-12-15
2024,USGS-325848082480901,da2c52abe938426bb623d4edd9a99ada,,,,32.980154,-82.802082,249.633,-0.149,1.514,12,2021,2021-01-15,2025-12-15
2025,USGS-325848082480901,da2c52abe938426bb623d4edd9a99ada,,,,32.980154,-82.802082,249.563,-0.22,-0.071,12,2021,2021-01-15,2025-12-15
2021,USGS-330002092445901,411bc5ad79374537b6ce1804a3a18165,,,,33.000696,-92.749881,252.072,0,,12,2021,2021-01-15,2025-12-15
2022,USGS-330002092445901,411bc5ad79374537b6ce1804a3a18165,,,,33.000696,-92.749881,250.072,-2.001,-2.001,12,2021,2021-01-15,2025-12-15
2023,USGS-330002092445901,411bc5ad79374537b6ce1804a3a18165,,,,33.000696,-92.749881,247.803,-4.27,-2.269,11,2021,2021-01-15,2025-12-15
2024,USGS-330002092445901,411bc5ad79374537b6ce1804a3a18165,,,,33.000696,-92.749881,246.784,-5.288,-1.019,12,2021,2021-01-15,2025-12-15
2025,USGS-330002092445901,411bc5ad79374537b6ce1804a3a18165,,,,33.000696,-92.749881,245.753,-6.32,-1.032,12,2021,2021-01-15,2025-12-15
2021,USGS-330548081391101,7d454032c0d74af2ad1580a01179c61d,,,,33.096819,-81.652889,-84.795,0,,10,2021,2021-01-15,2025-11-15
2022,USGS-330548081391101,7d454032c0d74af2ad1580a01179c61d,,,,33.096819,-81.652889,-85.437,-0.642,-0.642,6,2021,2021-01-15,2025-11-15
2023,USGS-330548081391101,7d454032c0d74af2ad1580a01179c61d,,,,33.096819,-81.652889,-85.623,-0.828,-0.186,10,2021,2021-01-15,2025-11-15
2024,USGS-330548081391101,7d454032c0d74af2ad1580a01179c61d,,,,33.096819,-81.652889,-85.472,-0.677,0.151,12,2021,2021-01-15,2025-11-15
2025,USGS-330548081391101,7d454032c0d74af2ad1580a01179c61d,,,,33.096819,-81.652889,-85.218,-0.423,0.253,11,2021,2021-01-15,2025-11-15
2021,USGS-330548081391102,fe11c3ab6cf14784b08e2a0516adde13,,,,33.097097,-81.652889,-65.79,0,,2,2021,2021-04-15,2025-11-15
2022,USGS-330548081391102,fe11c3ab6cf14784b08e2a0516adde13,,,,33.097097,-81.652889,-65.176,0.614,0.614,5,2021,2021-04-15,2025-11-15
2023,USGS-330548081391102,fe11c3ab6cf14784b08e2a0516adde13,,,,33.097097,-81.652889,-67.067,-1.278,-1.891,8,2021,2021-04-15,2025-11-15
2024,USGS-330548081391102,fe11c3ab6cf14784b08e2a0516adde13,,,,33.097097,-81.652889,-66.495,-0.705,0.573,12,2021,2021-04-15,2025-11-15
2025,USGS-330548081391102,fe11c3ab6cf14784b08e2a0516adde13,,,,33.097097,-81.652889,-66.31,-0.52,0.185,11,2021,2021-04-15,2025-11-15
2021,USGS-330548081391103,a360a156c9634616a265e07c539c8b53,,,,33.096819,-81.652889,-22.73,0,,3,2021,2021-01-15,2025-11-15
2022,USGS-330548081391103,a360a156c9634616a265e07c539c8b53,,,,33.096819,-81.652889,-15.794,6.936,6.936,5,2021,2021-01-15,2025-11-15
2023,USGS-330548081391103,a360a156c9634616a265e07c539c8b53,,,,33.096819,-81.652889,-23.049,-0.319,-7.255,9,2021,2021-01-15,2025-11-15
2024,USGS-330548081391103,a360a156c9634616a265e07c539c8b53,,,,33.096819,-81.652889,-19.171,3.559,3.878,10,2021,2021-01-15,2025-11-15
2025,USGS-330548081391103,a360a156c9634616a265e07c539c8b53,,,,33.096819,-81.652889,-23.25,-0.52,-4.079,11,2021,2021-01-15,2025-11-15
2021,USGS-330624091552801,9bc73b3a225d4a669e2ce48652b51fe9,,,,33.106889,-91.924572,84.127,0,,11,2021,2021-01-15,2025-12-15
2022,USGS-330624091552801,9bc73b3a225d4a669e2ce48652b51fe9,,,,33.106889,-91.924572,84.02,-0.107,-0.107,12,2021,2021-01-15,2025-12-15
2023,USGS-330624091552801,9bc73b3a225d4a669e2ce48652b51fe9,,,,33.106889,-91.924572,83.799,-0.328,-0.221,12,2021,2021-01-15,2025-12-15
2024,USGS-330624091552801,9bc73b3a225d4a669e2ce48652b51fe9,,,,33.106889,-91.924572,83.472,-0.656,-0.328,12,2021,2021-01-15,2025-12-15
2025,USGS-330624091552801,9bc73b3a225d4a669e2ce48652b51fe9,,,,33.106889,-91.924572,83.015,-1.113,-0.457,11,2021,2021-01-15,2025-12-15
2021,USGS-330855092505601,bc3e3989b70b4aedbb120b85698234b3,,,,33.148864,-92.849022,295.817,0,,12,2021,2021-01-15,2025-12-15
2022,USGS-330855092505601,bc3e3989b70b4aedbb120b85698234b3,,,,33.148864,-92.849022,293.254,-2.563,-2.563,12,2021,2021-01-15,2025-12-15
2023,USGS-330855092505601,bc3e3989b70b4aedbb120b85698234b3,,,,33.148864,-92.849022,291.571,-4.246,-1.683,12,2021,2021-01-15,2025-12-15
2024,USGS-330855092505601,bc3e3989b70b4aedbb120b85698234b3,,,,33.148864,-92.849022,290.433,-5.384,-1.138,12,2021,2021-01-15,2025-12-15
2025,USGS-330855092505601,bc3e3989b70b4aedbb120b85698234b3,,,,33.148864,-92.849022,288.974,-6.842,-1.458,12,2021,2021-01-15,2025-12-15
2021,USGS-331022080021801,377c1ca6e95741ce966cdaa8a8f59a57,,,,33.172222,-80.038056,67.251,0,,12,2021,2021-01-15,2025-10-15
2022,USGS-331022080021801,377c1ca6e95741ce966cdaa8a8f59a57,,,,33.172222,-80.038056,67.694,0.443,0.443,12,2021,2021-01-15,2025-10-15
2023,USGS-331022080021801,377c1ca6e95741ce966cdaa8a8f59a57,,,,33.172222,-80.038056,68.413,1.162,0.719,11,2021,2021-01-15,2025-10-15
2024,USGS-331022080021801,377c1ca6e95741ce966cdaa8a8f59a57,,,,33.172222,-80.038056,69.387,2.136,0.974,12,2021,2021-01-15,2025-10-15
2025,USGS-331022080021801,377c1ca6e95741ce966cdaa8a8f59a57,,,,33.172222,-80.038056,70.245,2.994,0.858,10,2021,2021-01-15,2025-10-15
2021,USGS-331145092413001,7660d5ea42934e7b81e8a22926841bf0,,,,33.196958,-92.690836,96.196,0,,11,2021,2021-01-15,2025-12-15
2022,USGS-331145092413001,7660d5ea42934e7b81e8a22926841bf0,,,,33.196958,-92.690836,95.836,-0.361,-0.361,12,2021,2021-01-15,2025-12-15
2023,USGS-331145092413001,7660d5ea42934e7b81e8a22926841bf0,,,,33.196958,-92.690836,94.86,-1.336,-0.976,12,2021,2021-01-15,2025-12-15
2024,USGS-331145092413001,7660d5ea42934e7b81e8a22926841bf0,,,,33.196958,-92.690836,94.407,-1.79,-0.453,12,2021,2021-01-15,2025-12-15
2025,USGS-331145092413001,7660d5ea42934e7b81e8a22926841bf0,,,,33.196958,-92.690836,94.387,-1.81,-0.02,12,2021,2021-01-15,2025-12-15
2021,USGS-331346092391101,78ef113fb4b049ad8a3af4c1cb951548,,,,33.2128,-92.652717,279.489,0,,9,2021,2021-01-15,2025-12-15
2022,USGS-331346092391101,78ef113fb4b049ad8a3af4c1cb951548,,,,33.2128,-92.652717,274.59,-4.899,-4.899,12,2021,2021-01-15,2025-12-15
2023,USGS-331346092391101,78ef113fb4b049ad8a3af4c1cb951548,,,,33.2128,-92.652717,272.667,-6.822,-1.923,12,2021,2021-01-15,2025-12-15
2024,USGS-331346092391101,78ef113fb4b049ad8a3af4c1cb951548,,,,33.2128,-92.652717,269.711,-9.778,-2.956,12,2021,2021-01-15,2025-12-15
2025,USGS-331346092391101,78ef113fb4b049ad8a3af4c1cb951548,,,,33.2128,-92.652717,268.539,-10.95,-1.172,12,2021,2021-01-15,2025-12-15
2021,USGS-331438092411901,1652ba5b7fa448da8e7e2defc0583bcf,,,,33.244156,-92.691447,232.54,0,,12,2021,2021-01-15,2025-12-15
2022,USGS-331438092411901,1652ba5b7fa448da8e7e2defc0583bcf,,,,33.244156,-92.691447,229.995,-2.545,-2.545,12,2021,2021-01-15,2025-12-15
2023,USGS-331438092411901,1652ba5b7fa448da8e7e2defc0583bcf,,,,33.244156,-92.691447,228.587,-3.953,-1.407,12,2021,2021-01-15,2025-12-15
2024,USGS-331438092411901,1652ba5b7fa448da8e7e2defc0583bcf,,,,33.244156,-92.691447,225.607,-6.933,-2.98,12,2021,2021-01-15,2025-12-15
2025,USGS-331438092411901,1652ba5b7fa448da8e7e2defc0583bcf,,,,33.244156,-92.691447,223.481,-9.059,-2.127,12,2021,2021-01-15,2025-12-15
2021,USGS-331507084171801,7ae662ae387849a398746ab6a06a9fe0,,,,33.265114,-84.282146,13.31,0,,12,2021,2021-01-15,2025-12-15
2022,USGS-331507084171801,7ae662ae387849a398746ab6a06a9fe0,,,,33.265114,-84.282146,15.173,1.863,1.863,12,2021,2021-01-15,2025-12-15
2023,USGS-331507084171801,7ae662ae387849a398746ab6a06a9fe0,,,,33.265114,-84.282146,14.397,1.087,-0.776,12,2021,2021-01-15,2025-12-15
2024,USGS-331507084171801,7ae662ae387849a398746ab6a06a9fe0,,,,33.265114,-84.282146,14.349,1.039,-0.048,12,2021,2021-01-15,2025-12-15
2025,USGS-331507084171801,7ae662ae387849a398746ab6a06a9fe0,,,,33.265114,-84.282146,13.952,0.642,-0.397,10,2021,2021-01-15,2025-12-15
2021,USGS-331711081573701,6cd996fcd79745fead25de48eb24957d,,,,33.257139,-81.9625,131.032,0,,12,2021,2021-01-15,2025-12-15
2022,USGS-331711081573701,6cd996fcd79745fead25de48eb24957d,,,,33.257139,-81.9625,131.243,0.21,0.21,12,2021,2021-01-15,2025-12-15
2023,USGS-331711081573701,6cd996fcd79745fead25de48eb24957d,,,,33.257139,-81.9625,131.101,0.068,-0.142,12,2021,2021-01-15,2025-12-15
2024,USGS-331711081573701,6cd996fcd79745fead25de48eb24957d,,,,33.257139,-81.9625,131.997,0.965,0.897,12,2021,2021-01-15,2025-12-15
2025,USGS-331711081573701,6cd996fcd79745fead25de48eb24957d,,,,33.257139,-81.9625,132.686,1.653,0.688,12,2021,2021-01-15,2025-12-15
2021,USGS-331944082025501,cdf8629c896448b9b8e03679e2752aa2,,,,33.329556,-82.049278,214.925,0,,12,2021,2021-01-15,2025-12-15
2022,USGS-331944082025501,cdf8629c896448b9b8e03679e2752aa2,,,,33.329556,-82.049278,215.096,0.171,0.171,12,2021,2021-01-15,2025-12-15
2023,USGS-331944082025501,cdf8629c896448b9b8e03679e2752aa2,,,,33.329556,-82.049278,215.614,0.689,0.518,12,2021,2021-01-15,2025-12-15
2024,USGS-331944082025501,cdf8629c896448b9b8e03679e2752aa2,,,,33.329556,-82.049278,215.695,0.77,0.081,12,2021,2021-01-15,2025-12-15
2025,USGS-331944082025501,cdf8629c896448b9b8e03679e2752aa2,,,,33.329556,-82.049278,215.778,0.853,0.083,10,2021,2021-01-15,2025-12-15
2021,USGS-332131082013401,ac4aef2b0265469fb9abd12326650ef6,,,,33.358556,-82.026139,67.117,0,,12,2021,2021-01-15,2025-12-15
2022,USGS-332131082013401,ac4aef2b0265469fb9abd12326650ef6,,,,33.358556,-82.026139,68.38,1.263,1.263,12,2021,2021-01-15,2025-12-15
2023,USGS-332131082013401,ac4aef2b0265469fb9abd12326650ef6,,,,33.358556,-82.026139,67.844,0.727,-0.536,12,2021,2021-01-15,2025-12-15
2024,USGS-332131082013401,ac4aef2b0265469fb9abd12326650ef6,,,,33.358556,-82.026139,67.533,0.416,-0.311,12,2021,2021-01-15,2025-12-15
2025,USGS-332131082013401,ac4aef2b0265469fb9abd12326650ef6,,,,33.358556,-82.026139,67.623,0.506,0.09,12,2021,2021-01-15,2025-12-15
2021,USGS-332221081584601,a97bf0d13f8240a5b43ec0634012634e,,,,33.372556,-81.979528,40.151,0,,12,2021,2021-01-15,2025-12-15
2022,USGS-332221081584601,a97bf0d13f8240a5b43ec0634012634e,,,,33.372556,-81.979528,41.919,1.768,1.768,12,2021,2021-01-15,2025-12-15
2023,USGS-332221081584601,a97bf0d13f8240a5b43ec0634012634e,,,,33.372556,-81.979528,36.721,-3.43,-5.198,12,2021,2021-01-15,2025-12-15
2024,USGS-332221081584601,a97bf0d13f8240a5b43ec0634012634e,,,,33.372556,-81.979528,37.484,-2.667,0.763,12,2021,2021-01-15,2025-12-15
2025,USGS-332221081584601,a97bf0d13f8240a5b43ec0634012634e,,,,33.372556,-81.979528,39.777,-0.374,2.292,12,2021,2021-01-15,2025-12-15
2021,USGS-332221081584602,97579e0f05a6453f8d249124fede25d8,,,,33.372528,-81.979528,34.883,0,,12,2021,2021-01-15,2025-12-15
2022,USGS-332221081584602,97579e0f05a6453f8d249124fede25d8,,,,33.372528,-81.979528,36.075,1.193,1.193,11,2021,2021-01-15,2025-12-15
2023,USGS-332221081584602,97579e0f05a6453f8d249124fede25d8,,,,33.372528,-81.979528,33.83,-1.053,-2.245,12,2021,2021-01-15,2025-12-15
2024,USGS-332221081584602,97579e0f05a6453f8d249124fede25d8,,,,33.372528,-81.979528,33.953,-0.929,0.123,12,2021,2021-01-15,2025-12-15
2025,USGS-332221081584602,97579e0f05a6453f8d249124fede25d8,,,,33.372528,-81.979528,35.244,0.362,1.291,12,2021,2021-01-15,2025-12-15
2021,USGS-332528082003301,1c1ab5ab07714ae8888c3d542170f421,,,,33.424531,-82.009581,6.205,0,,12,2021,2021-01-15,2025-12-15
2022,USGS-332528082003301,1c1ab5ab07714ae8888c3d542170f421,,,,33.424531,-82.009581,6.088,-0.117,-0.117,12,2021,2021-01-15,2025-12-15
2023,USGS-332528082003301,1c1ab5ab07714ae8888c3d542170f421,,,,33.424531,-82.009581,5.707,-0.498,-0.381,12,2021,2021-01-15,2025-12-15
2024,USGS-332528082003301,1c1ab5ab07714ae8888c3d542170f421,,,,33.424531,-82.009581,5.968,-0.237,0.262,12,2021,2021-01-15,2025-12-15
2025,USGS-332528082003301,1c1ab5ab07714ae8888c3d542170f421,,,,33.424531,-82.009581,6.308,0.102,0.339,12,2021,2021-01-15,2025-12-15
2021,USGS-332808083010201,1f608c8f1b104676955a3fbc174d8a63,,,,33.469023,-83.017095,3.528,0,,12,2021,2021-01-15,2025-12-15
2022,USGS-332808083010201,1f608c8f1b104676955a3fbc174d8a63,,,,33.469023,-83.017095,4.072,0.544,0.544,12,2021,2021-01-15,2025-12-15
2023,USGS-332808083010201,1f608c8f1b104676955a3fbc174d8a63,,,,33.469023,-83.017095,3.828,0.301,-0.243,12,2021,2021-01-15,2025-12-15
2024,USGS-332808083010201,1f608c8f1b104676955a3fbc174d8a63,,,,33.469023,-83.017095,3.674,0.147,-0.154,12,2021,2021-01-15,2025-12-15
2025,USGS-332808083010201,1f608c8f1b104676955a3fbc174d8a63,,,,33.469023,-83.017095,1.661,-1.867,-2.013,12,2021,2021-01-15,2025-12-15
2021,USGS-332937105314501,02986a1fe57b4376a1d2251c750035e6,,,,33.494622,-105.530733,18.577,0,,12,2021,2021-01-15,2025-12-15
2022,USGS-332937105314501,02986a1fe57b4376a1d2251c750035e6,,,,33.494622,-105.530733,18.521,-0.056,-0.056,12,2021,2021-01-15,2025-12-15
2023,USGS-332937105314501,02986a1fe57b4376a1d2251c750035e6,,,,33.494622,-105.530733,18.653,0.077,0.133,12,2021,2021-01-15,2025-12-15
2024,USGS-332937105314501,02986a1fe57b4376a1d2251c750035e6,,,,33.494622,-105.530733,18.76,0.183,0.107,12,2021,2021-01-15,2025-12-15
2025,USGS-332937105314501,02986a1fe57b4376a1d2251c750035e6,,,,33.494622,-105.530733,18.666,0.089,-0.094,12,2021,2021-01-15,2025-12-15
2021,USGS-333117114322801,2694ac52888d4c93958e01e24d96fcd3,,,,33.521691,-114.543274,10.904,0,,12,2021,2021-01-15,2025-12-15
2022,USGS-333117114322801,2694ac52888d4c93958e01e24d96fcd3,,,,33.521691,-114.543274,10.943,0.038,0.038,12,2021,2021-01-15,2025-12-15
2023,USGS-333117114322801,2694ac52888d4c93958e01e24d96fcd3,,,,33.521691,-114.543274,10.959,0.055,0.016,8,2021,2021-01-15,2025-12-15
2024,USGS-333117114322801,2694ac52888d4c93958e01e24d96fcd3,,,,33.521691,-114.543274,11.032,0.127,0.073,12,2021,2021-01-15,2025-12-15
2025,USGS-333117114322801,2694ac52888d4c93958e01e24d96fcd3,,,,33.521691,-114.543274,11.1,0.196,0.068,12,2021,2021-01-15,2025-12-15
2021,USGS-333204087324601,f46d845f88fc443d95732a073b7270cb,,,,33.534558,-87.546117,39.932,0,,12,2021,2021-01-15,2025-12-15
2022,USGS-333204087324601,f46d845f88fc443d95732a073b7270cb,,,,33.534558,-87.546117,40.524,0.592,0.592,12,2021,2021-01-15,2025-12-15
2023,USGS-333204087324601,f46d845f88fc443d95732a073b7270cb,,,,33.534558,-87.546117,40.693,0.76,0.168,12,2021,2021-01-15,2025-12-15
2024,USGS-333204087324601,f46d845f88fc443d95732a073b7270cb,,,,33.534558,-87.546117,41.023,1.091,0.331,12,2021,2021-01-15,2025-12-15
2025,USGS-333204087324601,f46d845f88fc443d95732a073b7270cb,,,,33.534558,-87.546117,40.071,0.138,-0.953,12,2021,2021-01-15,2025-12-15
2021,USGS-333214114535501,28898008a19d4c7784c336d8b7ac95b7,,,,33.537251,-114.899137,235.015,0,,12,2021,2021-01-15,2025-12-15
2022,USGS-333214114535501,28898008a19d4c7784c336d8b7ac95b7,,,,33.537251,-114.899137,235.136,0.121,0.121,12,2021,2021-01-15,2025-12-15
2023,USGS-333214114535501,28898008a19d4c7784c336d8b7ac95b7,,,,33.537251,-114.899137,235.157,0.142,0.021,6,2021,2021-01-15,2025-12-15
2024,USGS-333214114535501,28898008a19d4c7784c336d8b7ac95b7,,,,33.537251,-114.899137,234.815,-0.2,-0.342,12,2021,2021-01-15,2025-12-15
2025,USGS-333214114535501,28898008a19d4c7784c336d8b7ac95b7,,,,33.537251,-114.899137,234.287,-0.728,-0.528,12,2021,2021-01-15,2025-12-15
2021,USGS-333251090323801,66a6cc84953f4204a94aeee54148ef4f,,,,33.5475,-90.543889,23.612,0,,11,2021,2021-01-15,2025-07-15
2022,USGS-333251090323801,66a6cc84953f4204a94aeee54148ef4f,,,,33.5475,-90.543889,28.28,4.668,4.668,12,2021,2021-01-15,2025-07-15
2023,USGS-333251090323801,66a6cc84953f4204a94aeee54148ef4f,,,,33.5475,-90.543889,26.542,2.93,-1.738,12,2021,2021-01-15,2025-07-15
2024,USGS-333251090323801,66a6cc84953f4204a94aeee54148ef4f,,,,33.5475,-90.543889,21.257,-2.355,-5.285,12,2021,2021-01-15,2025-07-15
2025,USGS-333251090323801,66a6cc84953f4204a94aeee54148ef4f,,,,33.5475,-90.543889,0,-23.612,-21.257,7,2021,2021-01-15,2025-07-15
2021,USGS-333859114291701,ea638afe03674bec94ae16f61dbb62b6,,,,33.64946,-114.489121,40.888,0,,4,2021,2021-01-15,2025-12-15
2022,USGS-333859114291701,ea638afe03674bec94ae16f61dbb62b6,,,,33.64946,-114.489121,41.009,0.122,0.122,12,2021,2021-01-15,2025-12-15
2023,USGS-333859114291701,ea638afe03674bec94ae16f61dbb62b6,,,,33.64946,-114.489121,41.243,0.356,0.234,12,2021,2021-01-15,2025-12-15
2024,USGS-333859114291701,ea638afe03674bec94ae16f61dbb62b6,,,,33.64946,-114.489121,41.497,0.61,0.254,12,2021,2021-01-15,2025-12-15
2025,USGS-333859114291701,ea638afe03674bec94ae16f61dbb62b6,,,,33.64946,-114.489121,41.665,0.777,0.167,12,2021,2021-01-15,2025-12-15
2021,USGS-333939114411501,85bc9a3b03cf470db49d9f6c38697c52,,,,33.661087,-114.688302,144.488,0,,9,2021,2021-04-15,2025-12-15
2022,USGS-333939114411501,85bc9a3b03cf470db49d9f6c38697c52,,,,33.661087,-114.688302,144.409,-0.079,-0.079,12,2021,2021-04-15,2025-12-15
2023,USGS-333939114411501,85bc9a3b03cf470db49d9f6c38697c52,,,,33.661087,-114.688302,144.571,0.083,0.162,8,2021,2021-04-15,2025-12-15
2024,USGS-333939114411501,85bc9a3b03cf470db49d9f6c38697c52,,,,33.661087,-114.688302,144.906,0.418,0.335,12,2021,2021-04-15,2025-12-15
2025,USGS-333939114411501,85bc9a3b03cf470db49d9f6c38697c52,,,,33.661087,-114.688302,145.385,0.897,0.479,12,2021,2021-04-15,2025-12-15
2021,USGS-334207084254801,449b7e3b76364cc49addc06edc4881a3,,,,33.702052,-84.429928,4.01,0,,12,2021,2021-01-15,2025-11-15
2022,USGS-334207084254801,449b7e3b76364cc49addc06edc4881a3,,,,33.702052,-84.429928,4.713,0.703,0.703,12,2021,2021-01-15,2025-11-15
2023,USGS-334207084254801,449b7e3b76364cc49addc06edc4881a3,,,,33.702052,-84.429928,4.407,0.398,-0.306,12,2021,2021-01-15,2025-11-15
2024,USGS-334207084254801,449b7e3b76364cc49addc06edc4881a3,,,,33.702052,-84.429928,4.434,0.424,0.026,11,2021,2021-01-15,2025-11-15
2025,USGS-334207084254801,449b7e3b76364cc49addc06edc4881a3,,,,33.702052,-84.429928,4.522,0.512,0.088,11,2021,2021-01-15,2025-11-15
2021,USGS-334215089442701,83c2af621c924469b85959a58e11f4df,,,,33.705833,-89.740833,10.543,0,,12,2021,2021-01-15,2025-12-15
2022,USGS-334215089442701,83c2af621c924469b85959a58e11f4df,,,,33.705833,-89.740833,10.811,0.268,0.268,12,2021,2021-01-15,2025-12-15
2023,USGS-334215089442701,83c2af621c924469b85959a58e11f4df,,,,33.705833,-89.740833,10.522,-0.022,-0.289,12,2021,2021-01-15,2025-12-15
2024,USGS-334215089442701,83c2af621c924469b85959a58e11f4df,,,,33.705833,-89.740833,11.244,0.701,0.723,12,2021,2021-01-15,2025-12-15
2025,USGS-334215089442701,83c2af621c924469b85959a58e11f4df,,,,33.705833,-89.740833,10.947,0.404,-0.297,12,2021,2021-01-15,2025-12-15
2021,USGS-335258091152301,9e5a1f9c9fd9439c830d7f3804153f02,,,,33.882381,-91.258233,27.61,0,,12,2021,2021-01-15,2025-12-15
2022,USGS-335258091152301,9e5a1f9c9fd9439c830d7f3804153f02,,,,33.882381,-91.258233,28.639,1.029,1.029,12,2021,2021-01-15,2025-12-15
2023,USGS-335258091152301,9e5a1f9c9fd9439c830d7f3804153f02,,,,33.882381,-91.258233,29.759,2.149,1.12,12,2021,2021-01-15,2025-12-15
2024,USGS-335258091152301,9e5a1f9c9fd9439c830d7f3804153f02,,,,33.882381,-91.258233,32.479,4.869,2.72,12,2021,2021-01-15,2025-12-15
2025,USGS-335258091152301,9e5a1f9c9fd9439c830d7f3804153f02,,,,33.882381,-91.258233,33.575,5.965,1.096,11,2021,2021-01-15,2025-12-15
2021,USGS-335336082214600,63ac53a4fdb44b90a02c5ea9f0185ed7,,,,33.893457,-82.362627,38.288,0,,12,2021,2021-01-15,2025-12-15
2022,USGS-335336082214600,63ac53a4fdb44b90a02c5ea9f0185ed7,,,,33.893457,-82.362627,38.907,0.619,0.619,12,2021,2021-01-15,2025-12-15
2023,USGS-335336082214600,63ac53a4fdb44b90a02c5ea9f0185ed7,,,,33.893457,-82.362627,38.755,0.467,-0.152,12,2021,2021-01-15,2025-12-15
2024,USGS-335336082214600,63ac53a4fdb44b90a02c5ea9f0185ed7,,,,33.893457,-82.362627,37.732,-0.557,-1.023,12,2021,2021-01-15,2025-12-15
2025,USGS-335336082214600,63ac53a4fdb44b90a02c5ea9f0185ed7,,,,33.893457,-82.362627,37.346,-0.943,-0.386,12,2021,2021-01-15,2025-12-15
2021,USGS-335517084164001,b849eb5c89254ebb8fb9766f75695e3b,,,,33.921527,-84.277691,7.742,0,,12,2021,2021-01-15,2025-12-15
2022,USGS-335517084164001,b849eb5c89254ebb8fb9766f75695e3b,,,,33.921527,-84.277691,7.85,0.108,0.108,12,2021,2021-01-15,2025-12-15
2023,USGS-335517084164001,b849eb5c89254ebb8fb9766f75695e3b,,,,33.921527,-84.277691,7.608,-0.135,-0.242,12,2021,2021-01-15,2025-12-15
2024,USGS-335517084164001,b849eb5c89254ebb8fb9766f75695e3b,,,,33.921527,-84.277691,7.838,0.096,0.231,12,2021,2021-01-15,2025-12-15
2025,USGS-335517084164001,b849eb5c89254ebb8fb9766f75695e3b,,,,33.921527,-84.277691,7.956,0.213,0.117,12,2021,2021-01-15,2025-12-15
2021,USGS-335612084312902,87bdbdf2c0444823a66d879f249a6697,,,,33.936847,-84.52505,21.647,0,,12,2021,2021-01-15,2025-12-15
2022,USGS-335612084312902,87bdbdf2c0444823a66d879f249a6697,,,,33.936847,-84.52505,21.993,0.346,0.346,12,2021,2021-01-15,2025-12-15
2023,USGS-335612084312902,87bdbdf2c0444823a66d879f249a6697,,,,33.936847,-84.52505,21.834,0.187,-0.159,12,2021,2021-01-15,2025-12-15
2024,USGS-335612084312902,87bdbdf2c0444823a66d879f249a6697,,,,33.936847,-84.52505,22.044,0.397,0.21,12,2021,2021-01-15,2025-12-15
2025,USGS-335612084312902,87bdbdf2c0444823a66d879f249a6697,,,,33.936847,-84.52505,22.089,0.442,0.045,12,2021,2021-01-15,2025-12-15
2021,USGS-335629078115406,a127b2f5b1b8422da56a6daa288e1f8e,,,,33.941111,-78.198611,8.41,0,,12,2021,2021-01-15,2025-12-15
2022,USGS-335629078115406,a127b2f5b1b8422da56a6daa288e1f8e,,,,33.941111,-78.198611,11.102,2.692,2.692,12,2021,2021-01-15,2025-12-15
2023,USGS-335629078115406,a127b2f5b1b8422da56a6daa288e1f8e,,,,33.941111,-78.198611,12.939,4.529,1.838,12,2021,2021-01-15,2025-12-15
2024,USGS-335629078115406,a127b2f5b1b8422da56a6daa288e1f8e,,,,33.941111,-78.198611,11.398,2.988,-1.542,12,2021,2021-01-15,2025-12-15
2025,USGS-335629078115406,a127b2f5b1b8422da56a6daa288e1f8e,,,,33.941111,-78.198611,11.571,3.161,0.173,12,2021,2021-01-15,2025-12-15
2021,USGS-335631078003604,024e9463ff244a40a823f5244b8f5ad1,,,,33.941944,-78.009722,32.373,0,,11,2021,2021-01-15,2025-12-15
2022,USGS-335631078003604,024e9463ff244a40a823f5244b8f5ad1,,,,33.941944,-78.009722,22.524,-9.849,-9.849,12,2021,2021-01-15,2025-12-15
2023,USGS-335631078003604,024e9463ff244a40a823f5244b8f5ad1,,,,33.941944,-78.009722,23.01,-9.363,0.486,12,2021,2021-01-15,2025-12-15
2024,USGS-335631078003604,024e9463ff244a40a823f5244b8f5ad1,,,,33.941944,-78.009722,22.717,-9.656,-0.293,12,2021,2021-01-15,2025-12-15
2025,USGS-335631078003604,024e9463ff244a40a823f5244b8f5ad1,,,,33.941944,-78.009722,23.076,-9.297,0.359,12,2021,2021-01-15,2025-12-15
2021,USGS-335631078003605,815ee4c7ebaf43a7b771025290f9d6bc,,,,33.941944,-78.009722,21.775,0,,12,2021,2021-01-15,2025-12-15
2022,USGS-335631078003605,815ee4c7ebaf43a7b771025290f9d6bc,,,,33.941944,-78.009722,21.116,-0.659,-0.659,12,2021,2021-01-15,2025-12-15
2023,USGS-335631078003605,815ee4c7ebaf43a7b771025290f9d6bc,,,,33.941944,-78.009722,21.315,-0.46,0.199,12,2021,2021-01-15,2025-12-15
2024,USGS-335631078003605,815ee4c7ebaf43a7b771025290f9d6bc,,,,33.941944,-78.009722,21.048,-0.727,-0.267,11,2021,2021-01-15,2025-12-15
2025,USGS-335631078003605,815ee4c7ebaf43a7b771025290f9d6bc,,,,33.941944,-78.009722,21.247,-0.528,0.198,12,2021,2021-01-15,2025-12-15
2021,USGS-335849078054301,20fc20a73a2f4f91883243d60b48a9b0,,,,33.980278,-78.095278,35.922,0,,12,2021,2021-01-15,2025-12-15
2022,USGS-335849078054301,20fc20a73a2f4f91883243d60b48a9b0,,,,33.980278,-78.095278,41.596,5.674,5.674,12,2021,2021-01-15,2025-12-15
2023,USGS-335849078054301,20fc20a73a2f4f91883243d60b48a9b0,,,,33.980278,-78.095278,42.99,7.068,1.394,12,2021,2021-01-15,2025-12-15
2024,USGS-335849078054301,20fc20a73a2f4f91883243d60b48a9b0,,,,33.980278,-78.095278,37.574,1.652,-5.416,12,2021,2021-01-15,2025-12-15
2025,USGS-335849078054301,20fc20a73a2f4f91883243d60b48a9b0,,,,33.980278,-78.095278,36.332,0.41,-1.242,12,2021,2021-01-15,2025-12-15
2021,USGS-340042095051801,683ed3ed4921485c927bb08c65685f0c,,,,34.011774,-95.088561,72.912,0,,12,2021,2021-01-15,2025-12-15
2022,USGS-340042095051801,683ed3ed4921485c927bb08c65685f0c,,,,34.011774,-95.088561,74.113,1.201,1.201,11,2021,2021-01-15,2025-12-15
2023,USGS-340042095051801,683ed3ed4921485c927bb08c65685f0c,,,,34.011774,-95.088561,75.129,2.218,1.016,12,2021,2021-01-15,2025-12-15
2024,USGS-340042095051801,683ed3ed4921485c927bb08c65685f0c,,,,34.011774,-95.088561,75.228,2.317,0.099,11,2021,2021-01-15,2025-12-15
2025,USGS-340042095051801,683ed3ed4921485c927bb08c65685f0c,,,,34.011774,-95.088561,76.228,3.316,0.999,12,2021,2021-01-15,2025-12-15
2021,USGS-340204083132601,a8aa4bb54c7943249ff1b980600e7ef7,,,,34.034835,-83.223763,11.643,0,,12,2021,2021-01-15,2025-12-15
2022,USGS-340204083132601,a8aa4bb54c7943249ff1b980600e7ef7,,,,34.034835,-83.223763,14.083,2.44,2.44,10,2021,2021-01-15,2025-12-15
2023,USGS-340204083132601,a8aa4bb54c7943249ff1b980600e7ef7,,,,34.034835,-83.223763,13.249,1.606,-0.834,12,2021,2021-01-15,2025-12-15
2024,USGS-340204083132601,a8aa4bb54c7943249ff1b980600e7ef7,,,,34.034835,-83.223763,14.778,3.135,1.529,12,2021,2021-01-15,2025-12-15
2025,USGS-340204083132601,a8aa4bb54c7943249ff1b980600e7ef7,,,,34.034835,-83.223763,14.66,3.017,-0.118,12,2021,2021-01-15,2025-12-15
2021,USGS-340416078084202,32912c719d2f4a2789d78bbd16241478,,,,34.071389,-78.144861,8.552,0,,10,2021,2021-01-15,2025-12-15
2022,USGS-340416078084202,32912c719d2f4a2789d78bbd16241478,,,,34.071389,-78.144861,9.169,0.617,0.617,12,2021,2021-01-15,2025-12-15
2023,USGS-340416078084202,32912c719d2f4a2789d78bbd16241478,,,,34.071389,-78.144861,8.956,0.404,-0.213,12,2021,2021-01-15,2025-12-15
2024,USGS-340416078084202,32912c719d2f4a2789d78bbd16241478,,,,34.071389,-78.144861,9.095,0.543,0.139,12,2021,2021-01-15,2025-12-15
2025,USGS-340416078084202,32912c719d2f4a2789d78bbd16241478,,,,34.071389,-78.144861,8.98,0.428,-0.115,12,2021,2021-01-15,2025-12-15
2021,USGS-340422107370801,8f4d21c9103846a293ba3902b45b29fc,,,,34.07285,-107.61885,179.385,0,,6,2021,2021-07-15,2025-12-15
2022,USGS-340422107370801,8f4d21c9103846a293ba3902b45b29fc,,,,34.07285,-107.61885,179.486,0.101,0.101,7,2021,2021-07-15,2025-12-15
2023,USGS-340422107370801,8f4d21c9103846a293ba3902b45b29fc,,,,34.07285,-107.61885,179.451,0.066,-0.035,9,2021,2021-07-15,2025-12-15
2024,USGS-340422107370801,8f4d21c9103846a293ba3902b45b29fc,,,,34.07285,-107.61885,179.477,0.093,0.026,12,2021,2021-07-15,2025-12-15
2025,USGS-340422107370801,8f4d21c9103846a293ba3902b45b29fc,,,,34.07285,-107.61885,179.523,0.138,0.045,12,2021,2021-07-15,2025-12-15
2021,USGS-341408111212001,4b57358a069243059921b606717c3510,,,,34.23559,-111.356248,31.46,0,,4,2021,2021-09-15,2025-12-15
2022,USGS-341408111212001,4b57358a069243059921b606717c3510,,,,34.23559,-111.356248,31.088,-0.372,-0.372,12,2021,2021-09-15,2025-12-15
2023,USGS-341408111212001,4b57358a069243059921b606717c3510,,,,34.23559,-111.356248,29.328,-2.132,-1.761,12,2021,2021-09-15,2025-12-15
2024,USGS-341408111212001,4b57358a069243059921b606717c3510,,,,34.23559,-111.356248,29.259,-2.201,-0.068,12,2021,2021-09-15,2025-12-15
2025,USGS-341408111212001,4b57358a069243059921b606717c3510,,,,34.23559,-111.356248,30.781,-0.679,1.522,12,2021,2021-09-15,2025-12-15
2021,USGS-342125084083301,6cec91d1add547a7968edc24dd45d949,,,,34.357595,-84.142692,27.644,0,,10,2021,2021-02-15,2025-12-15
2022,USGS-342125084083301,6cec91d1add547a7968edc24dd45d949,,,,34.357595,-84.142692,28.002,0.358,0.358,12,2021,2021-02-15,2025-12-15
2023,USGS-342125084083301,6cec91d1add547a7968edc24dd45d949,,,,34.357595,-84.142692,28.473,0.829,0.471,12,2021,2021-02-15,2025-12-15
2024,USGS-342125084083301,6cec91d1add547a7968edc24dd45d949,,,,34.357595,-84.142692,28.801,1.157,0.328,11,2021,2021-02-15,2025-12-15
2025,USGS-342125084083301,6cec91d1add547a7968edc24dd45d949,,,,34.357595,-84.142692,29.077,1.433,0.276,11,2021,2021-02-15,2025-12-15
2021,USGS-342155096412001,11535b49fa414346a26898a69e801af6,,,,34.365278,-96.688889,14.45,0,,12,2021,2021-01-15,2025-02-15
2022,USGS-342155096412001,11535b49fa414346a26898a69e801af6,,,,34.365278,-96.688889,16.165,1.715,1.715,10,2021,2021-01-15,2025-02-15
2023,USGS-342155096412001,11535b49fa414346a26898a69e801af6,,,,34.365278,-96.688889,14.741,0.291,-1.424,12,2021,2021-01-15,2025-02-15
2024,USGS-342155096412001,11535b49fa414346a26898a69e801af6,,,,34.365278,-96.688889,13.995,-0.455,-0.746,12,2021,2021-01-15,2025-02-15
2025,USGS-342155096412001,11535b49fa414346a26898a69e801af6,,,,34.365278,-96.688889,11.22,-3.23,-2.775,2,2021,2021-01-15,2025-02-15
2021,USGS-342336096381201,e7dc23b8182c42d1ad0eabe9c7952a02,,,,34.393447,-96.636569,30.493,0,,12,2021,2021-01-15,2025-02-15
2022,USGS-342336096381201,e7dc23b8182c42d1ad0eabe9c7952a02,,,,34.393447,-96.636569,39.509,9.017,9.017,12,2021,2021-01-15,2025-02-15
2023,USGS-342336096381201,e7dc23b8182c42d1ad0eabe9c7952a02,,,,34.393447,-96.636569,35.425,4.933,-4.084,12,2021,2021-01-15,2025-02-15
2024,USGS-342336096381201,e7dc23b8182c42d1ad0eabe9c7952a02,,,,34.393447,-96.636569,29.148,-1.344,-6.277,12,2021,2021-01-15,2025-02-15
2025,USGS-342336096381201,e7dc23b8182c42d1ad0eabe9c7952a02,,,,34.393447,-96.636569,28.445,-2.048,-0.703,2,2021,2021-01-15,2025-02-15
2021,USGS-342440080443900,0eb9f69997e447a583000329b317d3a0,,,,34.411111,-80.744167,51.142,0,,12,2021,2021-01-15,2025-12-15
2022,USGS-342440080443900,0eb9f69997e447a583000329b317d3a0,,,,34.411111,-80.744167,53.202,2.06,2.06,11,2021,2021-01-15,2025-12-15
2023,USGS-342440080443900,0eb9f69997e447a583000329b317d3a0,,,,34.411111,-80.744167,52.585,1.443,-0.617,12,2021,2021-01-15,2025-12-15
2024,USGS-342440080443900,0eb9f69997e447a583000329b317d3a0,,,,34.411111,-80.744167,52.336,1.194,-0.249,12,2021,2021-01-15,2025-12-15
2025,USGS-342440080443900,0eb9f69997e447a583000329b317d3a0,,,,34.411111,-80.744167,53.155,2.013,0.819,11,2021,2021-01-15,2025-12-15
2021,USGS-342440080443901,d97b1b83c35343579c8a9558ef4cd14f,,,,34.411131,-80.744411,44.962,0,,12,2021,2021-01-15,2025-12-15
2022,USGS-342440080443901,d97b1b83c35343579c8a9558ef4cd14f,,,,34.411131,-80.744411,46.529,1.567,1.567,12,2021,2021-01-15,2025-12-15
2023,USGS-342440080443901,d97b1b83c35343579c8a9558ef4cd14f,,,,34.411131,-80.744411,46.112,1.15,-0.418,12,2021,2021-01-15,2025-12-15
2024,USGS-342440080443901,d97b1b83c35343579c8a9558ef4cd14f,,,,34.411131,-80.744411,45.814,0.852,-0.297,12,2021,2021-01-15,2025-12-15
2025,USGS-342440080443901,d97b1b83c35343579c8a9558ef4cd14f,,,,34.411131,-80.744411,46.556,1.594,0.742,12,2021,2021-01-15,2025-12-15
2021,USGS-342510096363901,c69db4e2d25348f58f259a82b2f565fc,,,,34.419314,-96.610831,17.03,0,,12,2021,2021-01-15,2025-02-15
2022,USGS-342510096363901,c69db4e2d25348f58f259a82b2f565fc,,,,34.419314,-96.610831,21.188,4.158,4.158,12,2021,2021-01-15,2025-02-15
2023,USGS-342510096363901,c69db4e2d25348f58f259a82b2f565fc,,,,34.419314,-96.610831,22.676,5.646,1.487,9,2021,2021-01-15,2025-02-15
2024,USGS-342510096363901,c69db4e2d25348f58f259a82b2f565fc,,,,34.419314,-96.610831,21.343,4.313,-1.332,12,2021,2021-01-15,2025-02-15
2025,USGS-342510096363901,c69db4e2d25348f58f259a82b2f565fc,,,,34.419314,-96.610831,21.885,4.855,0.542,2,2021,2021-01-15,2025-02-15
2021,USGS-342527096493301,15d92df151874e98b9dfd73e38dd141b,,,,34.42427,-96.826125,25.705,0,,12,2021,2021-01-15,2025-12-15
2022,USGS-342527096493301,15d92df151874e98b9dfd73e38dd141b,,,,34.42427,-96.826125,34.419,8.714,8.714,12,2021,2021-01-15,2025-12-15
2023,USGS-342527096493301,15d92df151874e98b9dfd73e38dd141b,,,,34.42427,-96.826125,31.175,5.47,-3.244,12,2021,2021-01-15,2025-12-15
2024,USGS-342527096493301,15d92df151874e98b9dfd73e38dd141b,,,,34.42427,-96.826125,26.996,1.291,-4.179,12,2021,2021-01-15,2025-12-15
2025,USGS-342527096493301,15d92df151874e98b9dfd73e38dd141b,,,,34.42427,-96.826125,23.878,-1.827,-3.118,12,2021,2021-01-15,2025-12-15
2021,USGS-342556096535601,02d4d063f51242b5a34c43892d42cd15,,,,34.432222,-96.898889,12.959,0,,12,2021,2021-01-15,2025-02-15
2022,USGS-342556096535601,02d4d063f51242b5a34c43892d42cd15,,,,34.432222,-96.898889,20.41,7.451,7.451,11,2021,2021-01-15,2025-02-15
2023,USGS-342556096535601,02d4d063f51242b5a34c43892d42cd15,,,,34.432222,-96.898889,13.305,0.345,-7.105,11,2021,2021-01-15,2025-02-15
2024,USGS-342556096535601,02d4d063f51242b5a34c43892d42cd15,,,,34.432222,-96.898889,11.937,-1.022,-1.368,12,2021,2021-01-15,2025-02-15
2025,USGS-342556096535601,02d4d063f51242b5a34c43892d42cd15,,,,34.432222,-96.898889,6.31,-6.649,-5.627,2,2021,2021-01-15,2025-02-15
2021,USGS-342618096380101,3366c80986e84fb1b3436119422d9bb3,,,,34.438325,-96.633489,14.609,0,,12,2021,2021-01-15,2025-02-15
2022,USGS-342618096380101,3366c80986e84fb1b3436119422d9bb3,,,,34.438325,-96.633489,16.768,2.158,2.158,12,2021,2021-01-15,2025-02-15
2023,USGS-342618096380101,3366c80986e84fb1b3436119422d9bb3,,,,34.438325,-96.633489,15.92,1.311,-0.848,12,2021,2021-01-15,2025-02-15
2024,USGS-342618096380101,3366c80986e84fb1b3436119422d9bb3,,,,34.438325,-96.633489,14.521,-0.088,-1.399,12,2021,2021-01-15,2025-02-15
2025,USGS-342618096380101,3366c80986e84fb1b3436119422d9bb3,,,,34.438325,-96.633489,13.815,-0.794,-0.706,2,2021,2021-01-15,2025-02-15
2021,USGS-342619096411001,54e7d73694c64c67bcea847a5d91ca96,,,,34.438581,-96.686131,76.377,0,,12,2021,2021-01-15,2025-12-15
2022,USGS-342619096411001,54e7d73694c64c67bcea847a5d91ca96,,,,34.438581,-96.686131,83.428,7.051,7.051,12,2021,2021-01-15,2025-12-15
2023,USGS-342619096411001,54e7d73694c64c67bcea847a5d91ca96,,,,34.438581,-96.686131,81.802,5.424,-1.627,12,2021,2021-01-15,2025-12-15
2024,USGS-342619096411001,54e7d73694c64c67bcea847a5d91ca96,,,,34.438581,-96.686131,76.207,-0.171,-5.595,12,2021,2021-01-15,2025-12-15
2025,USGS-342619096411001,54e7d73694c64c67bcea847a5d91ca96,,,,34.438581,-96.686131,76.499,0.121,0.292,8,2021,2021-01-15,2025-12-15
2021,USGS-342633096494401,2dbbd08d4ff0411d8af2c7bed036fa19,,,,34.442603,-96.829181,61.273,0,,12,2021,2021-01-15,2025-12-15
2022,USGS-342633096494401,2dbbd08d4ff0411d8af2c7bed036fa19,,,,34.442603,-96.829181,75.531,14.257,14.257,12,2021,2021-01-15,2025-12-15
2023,USGS-342633096494401,2dbbd08d4ff0411d8af2c7bed036fa19,,,,34.442603,-96.829181,70.743,9.47,-4.787,12,2021,2021-01-15,2025-12-15
2024,USGS-342633096494401,2dbbd08d4ff0411d8af2c7bed036fa19,,,,34.442603,-96.829181,64.037,2.764,-6.706,12,2021,2021-01-15,2025-12-15
2025,USGS-342633096494401,2dbbd08d4ff0411d8af2c7bed036fa19,,,,34.442603,-96.829181,55.04,-6.233,-8.997,12,2021,2021-01-15,2025-12-15
2021,USGS-342718087285601,7096d6e5abd746018bb1f30673e8528f,,,,34.455127,-87.482233,7.815,0,,12,2021,2021-01-15,2025-05-15
2022,USGS-342718087285601,7096d6e5abd746018bb1f30673e8528f,,,,34.455127,-87.482233,8.803,0.988,0.988,12,2021,2021-01-15,2025-05-15
2023,USGS-342718087285601,7096d6e5abd746018bb1f30673e8528f,,,,34.455127,-87.482233,9.317,1.502,0.513,12,2021,2021-01-15,2025-05-15
2024,USGS-342718087285601,7096d6e5abd746018bb1f30673e8528f,,,,34.455127,-87.482233,8.295,0.48,-1.022,12,2021,2021-01-15,2025-05-15
2025,USGS-342718087285601,7096d6e5abd746018bb1f30673e8528f,,,,34.455127,-87.482233,5.926,-1.889,-2.369,5,2021,2021-01-15,2025-05-15
2021,USGS-342837096560801,acc88e94c9084951af3dac07361af673,,,,34.477034,-96.936404,42.671,0,,12,2021,2021-01-15,2025-12-15
2022,USGS-342837096560801,acc88e94c9084951af3dac07361af673,,,,34.477034,-96.936404,47.834,5.163,5.163,12,2021,2021-01-15,2025-12-15
2023,USGS-342837096560801,acc88e94c9084951af3dac07361af673,,,,34.477034,-96.936404,52.233,9.562,4.399,12,2021,2021-01-15,2025-12-15
2024,USGS-342837096560801,acc88e94c9084951af3dac07361af673,,,,34.477034,-96.936404,54.846,12.175,2.613,12,2021,2021-01-15,2025-12-15
2025,USGS-342837096560801,acc88e94c9084951af3dac07361af673,,,,34.477034,-96.936404,51.129,8.458,-3.717,8,2021,2021-01-15,2025-12-15
2021,USGS-342921096381601,1d3fceb6a6784a3fb16924042bd67f09,,,,34.489053,-96.637814,30.204,0,,12,2021,2021-01-15,2025-02-15
2022,USGS-342921096381601,1d3fceb6a6784a3fb16924042bd67f09,,,,34.489053,-96.637814,35.627,5.423,5.423,8,2021,2021-01-15,2025-02-15
2023,USGS-342921096381601,1d3fceb6a6784a3fb16924042bd67f09,,,,34.489053,-96.637814,33.084,2.88,-2.543,12,2021,2021-01-15,2025-02-15
2024,USGS-342921096381601,1d3fceb6a6784a3fb16924042bd67f09,,,,34.489053,-96.637814,31.447,1.242,-1.638,12,2021,2021-01-15,2025-02-15
2025,USGS-342921096381601,1d3fceb6a6784a3fb16924042bd67f09,,,,34.489053,-96.637814,29.38,-0.824,-2.067,2,2021,2021-01-15,2025-02-15
2021,USGS-342922084511601,5ec04f113e9a43dd9f1dee44e6ce2f63,,,,34.489532,-84.854384,18.169,0,,12,2021,2021-01-15,2025-12-15
2022,USGS-342922084511601,5ec04f113e9a43dd9f1dee44e6ce2f63,,,,34.489532,-84.854384,20.181,2.012,2.012,12,2021,2021-01-15,2025-12-15
2023,USGS-342922084511601,5ec04f113e9a43dd9f1dee44e6ce2f63,,,,34.489532,-84.854384,20.777,2.608,0.597,12,2021,2021-01-15,2025-12-15
2024,USGS-342922084511601,5ec04f113e9a43dd9f1dee44e6ce2f63,,,,34.489532,-84.854384,21.412,3.243,0.635,12,2021,2021-01-15,2025-12-15
2025,USGS-342922084511601,5ec04f113e9a43dd9f1dee44e6ce2f63,,,,34.489532,-84.854384,20.061,1.892,-1.352,12,2021,2021-01-15,2025-12-15
2021,USGS-343017096561501,1195be07486d4636977742ca0c20ff24,,,,34.5051,-96.9376,52.224,0,,7,2021,2021-06-15,2025-01-15
2022,USGS-343017096561501,1195be07486d4636977742ca0c20ff24,,,,34.5051,-96.9376,62.985,10.761,10.761,11,2021,2021-06-15,2025-01-15
2023,USGS-343017096561501,1195be07486d4636977742ca0c20ff24,,,,34.5051,-96.9376,60.75,8.526,-2.235,10,2021,2021-06-15,2025-01-15
2024,USGS-343017096561501,1195be07486d4636977742ca0c20ff24,,,,34.5051,-96.9376,42.652,-9.573,-18.098,12,2021,2021-06-15,2025-01-15
2025,USGS-343017096561501,1195be07486d4636977742ca0c20ff24,,,,34.5051,-96.9376,0,-52.224,-42.652,1,2021,2021-06-15,2025-01-15
2021,USGS-343022096565701,0a2c6b056e6f48209db181663d31fd64,,,,34.5062,-96.9498,29.992,0,,12,2021,2021-01-15,2025-12-15
2022,USGS-343022096565701,0a2c6b056e6f48209db181663d31fd64,,,,34.5062,-96.9498,32.423,2.431,2.431,12,2021,2021-01-15,2025-12-15
2023,USGS-343022096565701,0a2c6b056e6f48209db181663d31fd64,,,,34.5062,-96.9498,31.626,1.633,-0.797,12,2021,2021-01-15,2025-12-15
2024,USGS-343022096565701,0a2c6b056e6f48209db181663d31fd64,,,,34.5062,-96.9498,30.585,0.593,-1.041,12,2021,2021-01-15,2025-12-15
2025,USGS-343022096565701,0a2c6b056e6f48209db181663d31fd64,,,,34.5062,-96.9498,29.179,-0.813,-1.406,12,2021,2021-01-15,2025-12-15
2021,USGS-343105080172100,632e15b99cd24e188ae9ac84ad7cf271,,,,34.518111,-80.289417,12.367,0,,12,2021,2021-01-15,2025-12-15
2022,USGS-343105080172100,632e15b99cd24e188ae9ac84ad7cf271,,,,34.518111,-80.289417,13.217,0.85,0.85,12,2021,2021-01-15,2025-12-15
2023,USGS-343105080172100,632e15b99cd24e188ae9ac84ad7cf271,,,,34.518111,-80.289417,13.756,1.39,0.54,11,2021,2021-01-15,2025-12-15
2024,USGS-343105080172100,632e15b99cd24e188ae9ac84ad7cf271,,,,34.518111,-80.289417,13.563,1.197,-0.193,12,2021,2021-01-15,2025-12-15
2025,USGS-343105080172100,632e15b99cd24e188ae9ac84ad7cf271,,,,34.518111,-80.289417,13.452,1.085,-0.112,12,2021,2021-01-15,2025-12-15
2021,USGS-343108090462601,a4fe367b8483474788c1f6938539c4fb,,,,34.519433,-90.772633,12.655,0,,12,2021,2021-01-15,2025-12-15
2022,USGS-343108090462601,a4fe367b8483474788c1f6938539c4fb,,,,34.519433,-90.772633,13.396,0.741,0.741,11,2021,2021-01-15,2025-12-15
2023,USGS-343108090462601,a4fe367b8483474788c1f6938539c4fb,,,,34.519433,-90.772633,14.307,1.652,0.911,12,2021,2021-01-15,2025-12-15
2024,USGS-343108090462601,a4fe367b8483474788c1f6938539c4fb,,,,34.519433,-90.772633,16.725,4.07,2.417,12,2021,2021-01-15,2025-12-15
2025,USGS-343108090462601,a4fe367b8483474788c1f6938539c4fb,,,,34.519433,-90.772633,15.997,3.342,-0.728,12,2021,2021-01-15,2025-12-15
2021,USGS-343144080184001,645919eab50a4fd0ba5777201b6061ca,,,,34.528939,-80.3113,51.24,0,,12,2021,2021-01-15,2025-12-15
2022,USGS-343144080184001,645919eab50a4fd0ba5777201b6061ca,,,,34.528939,-80.3113,52.518,1.278,1.278,12,2021,2021-01-15,2025-12-15
2023,USGS-343144080184001,645919eab50a4fd0ba5777201b6061ca,,,,34.528939,-80.3113,51.981,0.741,-0.538,12,2021,2021-01-15,2025-12-15
2024,USGS-343144080184001,645919eab50a4fd0ba5777201b6061ca,,,,34.528939,-80.3113,50.941,-0.299,-1.04,12,2021,2021-01-15,2025-12-15
2025,USGS-343144080184001,645919eab50a4fd0ba5777201b6061ca,,,,34.528939,-80.3113,52.014,0.774,1.073,12,2021,2021-01-15,2025-12-15
2021,USGS-343144080184101,b637a5b5c5cc4eb8b427b8a9a2ba4a39,,,,34.528994,-80.311419,102.387,0,,12,2021,2021-01-15,2025-12-15
2022,USGS-343144080184101,b637a5b5c5cc4eb8b427b8a9a2ba4a39,,,,34.528994,-80.311419,106.325,3.938,3.938,12,2021,2021-01-15,2025-12-15
2023,USGS-343144080184101,b637a5b5c5cc4eb8b427b8a9a2ba4a39,,,,34.528994,-80.311419,110.504,8.118,4.179,12,2021,2021-01-15,2025-12-15
2024,USGS-343144080184101,b637a5b5c5cc4eb8b427b8a9a2ba4a39,,,,34.528994,-80.311419,110.753,8.367,0.249,12,2021,2021-01-15,2025-12-15
2025,USGS-343144080184101,b637a5b5c5cc4eb8b427b8a9a2ba4a39,,,,34.528994,-80.311419,108.168,5.781,-2.586,12,2021,2021-01-15,2025-12-15
2021,USGS-343201080182001,539f8684b6014c8f92787b5bacdbb32c,,,,34.533822,-80.305761,100.78,0,,12,2021,2021-01-15,2025-12-15
2022,USGS-343201080182001,539f8684b6014c8f92787b5bacdbb32c,,,,34.533822,-80.305761,104.165,3.385,3.385,12,2021,2021-01-15,2025-12-15
2023,USGS-343201080182001,539f8684b6014c8f92787b5bacdbb32c,,,,34.533822,-80.305761,108.17,7.39,4.005,12,2021,2021-01-15,2025-12-15
2024,USGS-343201080182001,539f8684b6014c8f92787b5bacdbb32c,,,,34.533822,-80.305761,108.849,8.069,0.679,12,2021,2021-01-15,2025-12-15
2025,USGS-343201080182001,539f8684b6014c8f92787b5bacdbb32c,,,,34.533822,-80.305761,105.795,5.015,-3.054,12,2021,2021-01-15,2025-12-15
2021,USGS-343240096523201,70dd8a06705b4fe2b52313fcbbce75f9,,,,34.544444,-96.875556,9.497,0,,12,2021,2021-01-15,2025-02-15
2022,USGS-343240096523201,70dd8a06705b4fe2b52313fcbbce75f9,,,,34.544444,-96.875556,15.131,5.634,5.634,12,2021,2021-01-15,2025-02-15
2023,USGS-343240096523201,70dd8a06705b4fe2b52313fcbbce75f9,,,,34.544444,-96.875556,19.318,9.822,4.188,12,2021,2021-01-15,2025-02-15
2024,USGS-343240096523201,70dd8a06705b4fe2b52313fcbbce75f9,,,,34.544444,-96.875556,22.046,12.549,2.727,12,2021,2021-01-15,2025-02-15
2025,USGS-343240096523201,70dd8a06705b4fe2b52313fcbbce75f9,,,,34.544444,-96.875556,22.875,13.378,0.829,2,2021,2021-01-15,2025-02-15
2021,USGS-343248096455101,66fe3e67df8647fe99b601dbffeefbdf,,,,34.546792,-96.764236,83.754,0,,10,2021,2021-01-15,2025-12-15
2022,USGS-343248096455101,66fe3e67df8647fe99b601dbffeefbdf,,,,34.546792,-96.764236,105.635,21.881,21.881,11,2021,2021-01-15,2025-12-15
2023,USGS-343248096455101,66fe3e67df8647fe99b601dbffeefbdf,,,,34.546792,-96.764236,101.255,17.501,-4.38,12,2021,2021-01-15,2025-12-15
2024,USGS-343248096455101,66fe3e67df8647fe99b601dbffeefbdf,,,,34.546792,-96.764236,92.202,8.448,-9.053,12,2021,2021-01-15,2025-12-15
2025,USGS-343248096455101,66fe3e67df8647fe99b601dbffeefbdf,,,,34.546792,-96.764236,81.575,-2.179,-10.627,8,2021,2021-01-15,2025-12-15
2021,USGS-343349096523101,4a53fc07b82c48628d825b0f4bb8bc8b,,,,34.563603,-96.875378,64.646,0,,12,2021,2021-01-15,2025-02-15
2022,USGS-343349096523101,4a53fc07b82c48628d825b0f4bb8bc8b,,,,34.563603,-96.875378,71.619,6.973,6.973,12,2021,2021-01-15,2025-02-15
2023,USGS-343349096523101,4a53fc07b82c48628d825b0f4bb8bc8b,,,,34.563603,-96.875378,78.596,13.95,6.977,12,2021,2021-01-15,2025-02-15
2024,USGS-343349096523101,4a53fc07b82c48628d825b0f4bb8bc8b,,,,34.563603,-96.875378,82.098,17.453,3.502,12,2021,2021-01-15,2025-02-15
2025,USGS-343349096523101,4a53fc07b82c48628d825b0f4bb8bc8b,,,,34.563603,-96.875378,82.515,17.869,0.417,2,2021,2021-01-15,2025-02-15
2021,USGS-343352096462801,3fc1d6c1f62d42188387d23d9c473ccd,,,,34.564383,-96.77455,55.458,0,,12,2021,2021-01-15,2025-02-15
2022,USGS-343352096462801,3fc1d6c1f62d42188387d23d9c473ccd,,,,34.564383,-96.77455,61.855,6.397,6.397,12,2021,2021-01-15,2025-02-15
2023,USGS-343352096462801,3fc1d6c1f62d42188387d23d9c473ccd,,,,34.564383,-96.77455,68.601,13.143,6.746,11,2021,2021-01-15,2025-02-15
2024,USGS-343352096462801,3fc1d6c1f62d42188387d23d9c473ccd,,,,34.564383,-96.77455,72.694,17.236,4.093,12,2021,2021-01-15,2025-02-15
2025,USGS-343352096462801,3fc1d6c1f62d42188387d23d9c473ccd,,,,34.564383,-96.77455,73.69,18.232,0.996,2,2021,2021-01-15,2025-02-15
2021,USGS-343409111511101,46e30c26fe8644f097a68aea472bd527,,,,34.569191,-111.853762,24.047,0,,4,2021,2021-09-15,2025-05-15
2022,USGS-343409111511101,46e30c26fe8644f097a68aea472bd527,,,,34.569191,-111.853762,23.758,-0.289,-0.289,12,2021,2021-09-15,2025-05-15
2023,USGS-343409111511101,46e30c26fe8644f097a68aea472bd527,,,,34.569191,-111.853762,23.857,-0.191,0.098,12,2021,2021-09-15,2025-05-15
2024,USGS-343409111511101,46e30c26fe8644f097a68aea472bd527,,,,34.569191,-111.853762,24.528,0.481,0.672,12,2021,2021-09-15,2025-05-15
2025,USGS-343409111511101,46e30c26fe8644f097a68aea472bd527,,,,34.569191,-111.853762,24.796,0.748,0.268,5,2021,2021-09-15,2025-05-15
2021,USGS-343445096494301,73d34a4b394946ad81a9315bc8f6b090,,,,34.579164,-96.828661,127.608,0,,12,2021,2021-01-15,2025-12-15
2022,USGS-343445096494301,73d34a4b394946ad81a9315bc8f6b090,,,,34.579164,-96.828661,143.212,15.603,15.603,12,2021,2021-01-15,2025-12-15
2023,USGS-343445096494301,73d34a4b394946ad81a9315bc8f6b090,,,,34.579164,-96.828661,140.812,13.203,-2.4,12,2021,2021-01-15,2025-12-15
2024,USGS-343445096494301,73d34a4b394946ad81a9315bc8f6b090,,,,34.579164,-96.828661,135.207,7.599,-5.604,11,2021,2021-01-15,2025-12-15
2025,USGS-343445096494301,73d34a4b394946ad81a9315bc8f6b090,,,,34.579164,-96.828661,119.878,-7.73,-15.329,12,2021,2021-01-15,2025-12-15
2021,USGS-343457096404501,ed26a19e0f604d919b21e43210e745ac,,,,34.5826,-96.679455,106.656,0,,12,2021,2021-01-15,2025-12-15
2022,USGS-343457096404501,ed26a19e0f604d919b21e43210e745ac,,,,34.5826,-96.679455,114.075,7.419,7.419,11,2021,2021-01-15,2025-12-15
2023,USGS-343457096404501,ed26a19e0f604d919b21e43210e745ac,,,,34.5826,-96.679455,113.356,6.7,-0.719,12,2021,2021-01-15,2025-12-15
2024,USGS-343457096404501,ed26a19e0f604d919b21e43210e745ac,,,,34.5826,-96.679455,108.711,2.055,-4.645,12,2021,2021-01-15,2025-12-15
2025,USGS-343457096404501,ed26a19e0f604d919b21e43210e745ac,,,,34.5826,-96.679455,102.998,-3.658,-5.713,12,2021,2021-01-15,2025-12-15
2021,USGS-343513096505301,aaa5832334fe4461bb46c609ad16a374,,,,34.586944,-96.848056,139.785,0,,12,2021,2021-01-15,2025-02-15
2022,USGS-343513096505301,aaa5832334fe4461bb46c609ad16a374,,,,34.586944,-96.848056,155.465,15.68,15.68,11,2021,2021-01-15,2025-02-15
2023,USGS-343513096505301,aaa5832334fe4461bb46c609ad16a374,,,,34.586944,-96.848056,152.909,13.124,-2.556,12,2021,2021-01-15,2025-02-15
2024,USGS-343513096505301,aaa5832334fe4461bb46c609ad16a374,,,,34.586944,-96.848056,147.529,7.744,-5.38,12,2021,2021-01-15,2025-02-15
2025,USGS-343513096505301,aaa5832334fe4461bb46c609ad16a374,,,,34.586944,-96.848056,152.23,12.445,4.701,2,2021,2021-01-15,2025-02-15
2021,USGS-343531096403801,a634e4802d3a4587ade688a366612854,,,,34.592003,-96.677097,102.95,0,,12,2021,2021-01-15,2025-12-15
2022,USGS-343531096403801,a634e4802d3a4587ade688a366612854,,,,34.592003,-96.677097,110.567,7.617,7.617,12,2021,2021-01-15,2025-12-15
2023,USGS-343531096403801,a634e4802d3a4587ade688a366612854,,,,34.592003,-96.677097,107.856,4.906,-2.711,12,2021,2021-01-15,2025-12-15
2024,USGS-343531096403801,a634e4802d3a4587ade688a366612854,,,,34.592003,-96.677097,103.868,0.918,-3.988,12,2021,2021-01-15,2025-12-15
2025,USGS-343531096403801,a634e4802d3a4587ade688a366612854,,,,34.592003,-96.677097,102.314,-0.636,-1.554,8,2021,2021-01-15,2025-12-15
2021,USGS-343534096453701,b25df97c1b174dfb8c139e7bfec921d4,,,,34.592867,-96.760566,106.748,0,,12,2021,2021-01-15,2025-12-15
2022,USGS-343534096453701,b25df97c1b174dfb8c139e7bfec921d4,,,,34.592867,-96.760566,120.436,13.689,13.689,11,2021,2021-01-15,2025-12-15
2023,USGS-343534096453701,b25df97c1b174dfb8c139e7bfec921d4,,,,34.592867,-96.760566,118.258,11.511,-2.178,12,2021,2021-01-15,2025-12-15
2024,USGS-343534096453701,b25df97c1b174dfb8c139e7bfec921d4,,,,34.592867,-96.760566,113.746,6.998,-4.513,12,2021,2021-01-15,2025-12-15
2025,USGS-343534096453701,b25df97c1b174dfb8c139e7bfec921d4,,,,34.592867,-96.760566,102.21,-4.537,-11.536,8,2021,2021-01-15,2025-12-15
2021,USGS-343623096421801,3043070a22ea43a3a080bbda032286c5,,,,34.606478,-96.705287,40.53,0,,11,2021,2021-01-15,2025-02-15
2022,USGS-343623096421801,3043070a22ea43a3a080bbda032286c5,,,,34.606478,-96.705287,48.862,8.332,8.332,10,2021,2021-01-15,2025-02-15
2023,USGS-343623096421801,3043070a22ea43a3a080bbda032286c5,,,,34.606478,-96.705287,49.042,8.512,0.18,12,2021,2021-01-15,2025-02-15
2024,USGS-343623096421801,3043070a22ea43a3a080bbda032286c5,,,,34.606478,-96.705287,45.983,5.453,-3.058,12,2021,2021-01-15,2025-02-15
2025,USGS-343623096421801,3043070a22ea43a3a080bbda032286c5,,,,34.606478,-96.705287,47.96,7.43,1.977,2,2021,2021-01-15,2025-02-15
2021,USGS-343714082285600,c944190350714f59a39d3d693125cf0e,,,,34.622628,-82.481839,2.983,0,,12,2021,2021-01-15,2025-12-15
2022,USGS-343714082285600,c944190350714f59a39d3d693125cf0e,,,,34.622628,-82.481839,2.993,0.01,0.01,12,2021,2021-01-15,2025-12-15
2023,USGS-343714082285600,c944190350714f59a39d3d693125cf0e,,,,34.622628,-82.481839,2.793,-0.19,-0.2,12,2021,2021-01-15,2025-12-15
2024,USGS-343714082285600,c944190350714f59a39d3d693125cf0e,,,,34.622628,-82.481839,2.922,-0.061,0.129,12,2021,2021-01-15,2025-12-15
2025,USGS-343714082285600,c944190350714f59a39d3d693125cf0e,,,,34.622628,-82.481839,3.062,0.078,0.139,12,2021,2021-01-15,2025-12-15
2021,USGS-343753106430601,f0af6d00a3a342cc9ac3c7e735944d34,,,,34.631383,-106.718456,133.313,0,,12,2021,2021-01-15,2025-12-15
2022,USGS-343753106430601,f0af6d00a3a342cc9ac3c7e735944d34,,,,34.631383,-106.718456,133.332,0.019,0.019,12,2021,2021-01-15,2025-12-15
2023,USGS-343753106430601,f0af6d00a3a342cc9ac3c7e735944d34,,,,34.631383,-106.718456,133.331,0.018,-0.001,12,2021,2021-01-15,2025-12-15
2024,USGS-343753106430601,f0af6d00a3a342cc9ac3c7e735944d34,,,,34.631383,-106.718456,133.472,0.159,0.141,10,2021,2021-01-15,2025-12-15
2025,USGS-343753106430601,f0af6d00a3a342cc9ac3c7e735944d34,,,,34.631383,-106.718456,133.607,0.294,0.135,12,2021,2021-01-15,2025-12-15
2021,USGS-343753106430602,80e5588959e24f6f8c8d8d6b0a9a4434,,,,34.631383,-106.718456,133.078,0,,12,2021,2021-01-15,2025-12-15
2022,USGS-343753106430602,80e5588959e24f6f8c8d8d6b0a9a4434,,,,34.631383,-106.718456,133.108,0.03,0.03,12,2021,2021-01-15,2025-12-15
2023,USGS-343753106430602,80e5588959e24f6f8c8d8d6b0a9a4434,,,,34.631383,-106.718456,133.055,-0.023,-0.053,12,2021,2021-01-15,2025-12-15
2024,USGS-343753106430602,80e5588959e24f6f8c8d8d6b0a9a4434,,,,34.631383,-106.718456,133.198,0.12,0.143,10,2021,2021-01-15,2025-12-15
2025,USGS-343753106430602,80e5588959e24f6f8c8d8d6b0a9a4434,,,,34.631383,-106.718456,133.315,0.237,0.117,12,2021,2021-01-15,2025-12-15
2021,USGS-343850111460701,cf36fae076844a6d9cdf443b4e21a661,,,,34.647167,-111.7685,131.671,0,,12,2021,2021-01-15,2025-05-15
2022,USGS-343850111460701,cf36fae076844a6d9cdf443b4e21a661,,,,34.647167,-111.7685,140.274,8.603,8.603,12,2021,2021-01-15,2025-05-15
2023,USGS-343850111460701,cf36fae076844a6d9cdf443b4e21a661,,,,34.647167,-111.7685,142.872,11.201,2.598,12,2021,2021-01-15,2025-05-15
2024,USGS-343850111460701,cf36fae076844a6d9cdf443b4e21a661,,,,34.647167,-111.7685,146.03,14.359,3.158,12,2021,2021-01-15,2025-05-15
2025,USGS-343850111460701,cf36fae076844a6d9cdf443b4e21a661,,,,34.647167,-111.7685,144.08,12.409,-1.95,5,2021,2021-01-15,2025-05-15
2021,USGS-344000081250011,f527144493504d7cbe18975a2387951e,,,,34.674304,-81.415097,86.032,0,,12,2021,2021-01-15,2025-12-15
2022,USGS-344000081250011,f527144493504d7cbe18975a2387951e,,,,34.674304,-81.415097,87.771,1.739,1.739,12,2021,2021-01-15,2025-12-15
2023,USGS-344000081250011,f527144493504d7cbe18975a2387951e,,,,34.674304,-81.415097,89.47,3.438,1.699,1,2021,2021-01-15,2025-12-15
2024,USGS-344000081250011,f527144493504d7cbe18975a2387951e,,,,34.674304,-81.415097,91.712,5.68,2.242,10,2021,2021-01-15,2025-12-15
2025,USGS-344000081250011,f527144493504d7cbe18975a2387951e,,,,34.674304,-81.415097,92.33,6.298,0.618,12,2021,2021-01-15,2025-12-15
2021,USGS-344314083433201,3b9ee1ff1d4f451d9fbe301a43e13e1d,,,,34.72065,-83.725456,4.538,0,,12,2021,2021-01-15,2025-12-15
2022,USGS-344314083433201,3b9ee1ff1d4f451d9fbe301a43e13e1d,,,,34.72065,-83.725456,4.637,0.098,0.098,12,2021,2021-01-15,2025-12-15
2023,USGS-344314083433201,3b9ee1ff1d4f451d9fbe301a43e13e1d,,,,34.72065,-83.725456,5.231,0.692,0.594,12,2021,2021-01-15,2025-12-15
2024,USGS-344314083433201,3b9ee1ff1d4f451d9fbe301a43e13e1d,,,,34.72065,-83.725456,4.98,0.442,-0.251,12,2021,2021-01-15,2025-12-15
2025,USGS-344314083433201,3b9ee1ff1d4f451d9fbe301a43e13e1d,,,,34.72065,-83.725456,5.448,0.91,0.468,12,2021,2021-01-15,2025-12-15
2021,USGS-344327114313001,306730b809a849c7a239f2a9c799468b,,,,34.724205,-114.525925,94.247,0,,12,2021,2021-01-15,2025-12-15
2022,USGS-344327114313001,306730b809a849c7a239f2a9c799468b,,,,34.724205,-114.525925,94.312,0.065,0.065,10,2021,2021-01-15,2025-12-15
2023,USGS-344327114313001,306730b809a849c7a239f2a9c799468b,,,,34.724205,-114.525925,93.842,-0.404,-0.47,9,2021,2021-01-15,2025-12-15
2024,USGS-344327114313001,306730b809a849c7a239f2a9c799468b,,,,34.724205,-114.525925,93.705,-0.542,-0.137,12,2021,2021-01-15,2025-12-15
2025,USGS-344327114313001,306730b809a849c7a239f2a9c799468b,,,,34.724205,-114.525925,93.818,-0.428,0.113,12,2021,2021-01-15,2025-12-15
2021,USGS-344333080503600,2055a788707241fc872b11148ceb7d76,,,,34.725972,-80.843333,26.252,0,,12,2021,2021-01-15,2025-12-15
2022,USGS-344333080503600,2055a788707241fc872b11148ceb7d76,,,,34.725972,-80.843333,30.757,4.504,4.504,12,2021,2021-01-15,2025-12-15
2023,USGS-344333080503600,2055a788707241fc872b11148ceb7d76,,,,34.725972,-80.843333,28.683,2.431,-2.074,10,2021,2021-01-15,2025-12-15
2024,USGS-344333080503600,2055a788707241fc872b11148ceb7d76,,,,34.725972,-80.843333,25.456,-0.797,-3.227,12,2021,2021-01-15,2025-12-15
2025,USGS-344333080503600,2055a788707241fc872b11148ceb7d76,,,,34.725972,-80.843333,27.948,1.696,2.493,12,2021,2021-01-15,2025-12-15
2021,USGS-344333080503601,85803c17dfbb4e50b52a15f546d0bd25,,,,34.726,-80.843333,28.582,0,,12,2021,2021-01-15,2025-12-15
2022,USGS-344333080503601,85803c17dfbb4e50b52a15f546d0bd25,,,,34.726,-80.843333,33.898,5.315,5.315,12,2021,2021-01-15,2025-12-15
2023,USGS-344333080503601,85803c17dfbb4e50b52a15f546d0bd25,,,,34.726,-80.843333,32.638,4.056,-1.259,12,2021,2021-01-15,2025-12-15
2024,USGS-344333080503601,85803c17dfbb4e50b52a15f546d0bd25,,,,34.726,-80.843333,28.527,-0.056,-4.112,12,2021,2021-01-15,2025-12-15
2025,USGS-344333080503601,85803c17dfbb4e50b52a15f546d0bd25,,,,34.726,-80.843333,30.753,2.171,2.227,12,2021,2021-01-15,2025-12-15
2021,USGS-344428112004801,5fa4ab8620d045f4b7fbfabc4980a941,,,,34.741132,-112.014046,72.859,0,,12,2021,2021-01-15,2025-12-15
2022,USGS-344428112004801,5fa4ab8620d045f4b7fbfabc4980a941,,,,34.741132,-112.014046,76.287,3.428,3.428,10,2021,2021-01-15,2025-12-15
2024,USGS-344428112004801,5fa4ab8620d045f4b7fbfabc4980a941,,,,34.741132,-112.014046,75.125,2.266,-1.162,11,2021,2021-01-15,2025-12-15
2025,USGS-344428112004801,5fa4ab8620d045f4b7fbfabc4980a941,,,,34.741132,-112.014046,75.113,2.254,-0.012,12,2021,2021-01-15,2025-12-15
2021,USGS-344431106393401,4a292d61da5547068e5553d05c24379b,,,,34.74185,-106.662378,196.675,0,,12,2021,2021-01-15,2025-07-15
2022,USGS-344431106393401,4a292d61da5547068e5553d05c24379b,,,,34.74185,-106.662378,196.76,0.085,0.085,12,2021,2021-01-15,2025-07-15
2023,USGS-344431106393401,4a292d61da5547068e5553d05c24379b,,,,34.74185,-106.662378,196.855,0.18,0.095,12,2021,2021-01-15,2025-07-15
2024,USGS-344431106393401,4a292d61da5547068e5553d05c24379b,,,,34.74185,-106.662378,196.826,0.151,-0.029,12,2021,2021-01-15,2025-07-15
2025,USGS-344431106393401,4a292d61da5547068e5553d05c24379b,,,,34.74185,-106.662378,196.821,0.146,-0.004,7,2021,2021-01-15,2025-07-15
2021,USGS-344431106393402,81dffb552c6b462a8b9672648fd5533d,,,,34.74185,-106.662378,196.38,0,,12,2021,2021-01-15,2025-12-15
2022,USGS-344431106393402,81dffb552c6b462a8b9672648fd5533d,,,,34.74185,-106.662378,196.456,0.076,0.076,12,2021,2021-01-15,2025-12-15
2023,USGS-344431106393402,81dffb552c6b462a8b9672648fd5533d,,,,34.74185,-106.662378,196.544,0.164,0.088,12,2021,2021-01-15,2025-12-15
2024,USGS-344431106393402,81dffb552c6b462a8b9672648fd5533d,,,,34.74185,-106.662378,196.523,0.143,-0.022,12,2021,2021-01-15,2025-12-15
2025,USGS-344431106393402,81dffb552c6b462a8b9672648fd5533d,,,,34.74185,-106.662378,196.617,0.237,0.094,12,2021,2021-01-15,2025-12-15
2021,USGS-344431106393403,ac66abf03ae44eb7a40141405827e256,,,,34.74185,-106.662378,195.611,0,,12,2021,2021-01-15,2025-12-15
2022,USGS-344431106393403,ac66abf03ae44eb7a40141405827e256,,,,34.74185,-106.662378,195.728,0.118,0.118,12,2021,2021-01-15,2025-12-15
2023,USGS-344431106393403,ac66abf03ae44eb7a40141405827e256,,,,34.74185,-106.662378,195.843,0.232,0.114,12,2021,2021-01-15,2025-12-15
2024,USGS-344431106393403,ac66abf03ae44eb7a40141405827e256,,,,34.74185,-106.662378,195.822,0.211,-0.021,12,2021,2021-01-15,2025-12-15
2025,USGS-344431106393403,ac66abf03ae44eb7a40141405827e256,,,,34.74185,-106.662378,195.927,0.316,0.105,12,2021,2021-01-15,2025-12-15
2021,USGS-344520079281001,50dbda8ad8e74c429c2440cad9e62120,,,,34.755,-79.467222,11.744,0,,12,2021,2021-01-15,2025-12-15
2022,USGS-344520079281001,50dbda8ad8e74c429c2440cad9e62120,,,,34.755,-79.467222,16.289,4.545,4.545,12,2021,2021-01-15,2025-12-15
2023,USGS-344520079281001,50dbda8ad8e74c429c2440cad9e62120,,,,34.755,-79.467222,13.911,2.167,-2.378,12,2021,2021-01-15,2025-12-15
2024,USGS-344520079281001,50dbda8ad8e74c429c2440cad9e62120,,,,34.755,-79.467222,11.68,-0.064,-2.231,12,2021,2021-01-15,2025-12-15
2025,USGS-344520079281001,50dbda8ad8e74c429c2440cad9e62120,,,,34.755,-79.467222,12.785,1.041,1.105,12,2021,2021-01-15,2025-12-15
2021,USGS-344544079263701,f33263975ace4d4390e59a4d94c0c85f,,,,34.762222,-79.443611,22.388,0,,12,2021,2021-01-15,2025-12-15
2022,USGS-344544079263701,f33263975ace4d4390e59a4d94c0c85f,,,,34.762222,-79.443611,24.705,2.317,2.317,12,2021,2021-01-15,2025-12-15
2023,USGS-344544079263701,f33263975ace4d4390e59a4d94c0c85f,,,,34.762222,-79.443611,20.298,-2.09,-4.407,12,2021,2021-01-15,2025-12-15
2024,USGS-344544079263701,f33263975ace4d4390e59a4d94c0c85f,,,,34.762222,-79.443611,19.243,-3.145,-1.055,12,2021,2021-01-15,2025-12-15
2025,USGS-344544079263701,f33263975ace4d4390e59a4d94c0c85f,,,,34.762222,-79.443611,18.928,-3.459,-0.314,12,2021,2021-01-15,2025-12-15
2021,USGS-344651091355102,d7fbcc192ed041f3bed7b2cca86616e5,,,,34.780833,-91.5975,135.722,0,,12,2021,2021-01-15,2025-12-15
2022,USGS-344651091355102,d7fbcc192ed041f3bed7b2cca86616e5,,,,34.780833,-91.5975,139.317,3.596,3.596,12,2021,2021-01-15,2025-12-15
2023,USGS-344651091355102,d7fbcc192ed041f3bed7b2cca86616e5,,,,34.780833,-91.5975,138.657,2.935,-0.661,12,2021,2021-01-15,2025-12-15
2024,USGS-344651091355102,d7fbcc192ed041f3bed7b2cca86616e5,,,,34.780833,-91.5975,138.623,2.901,-0.034,12,2021,2021-01-15,2025-12-15
2025,USGS-344651091355102,d7fbcc192ed041f3bed7b2cca86616e5,,,,34.780833,-91.5975,137.561,1.839,-1.062,12,2021,2021-01-15,2025-12-15
2021,USGS-344653091382701,2fd7cf8893914237a82ba83a19ca0f7a,,,,34.781333,-91.640944,114.007,0,,12,2021,2021-01-15,2025-12-15
2022,USGS-344653091382701,2fd7cf8893914237a82ba83a19ca0f7a,,,,34.781333,-91.640944,113.808,-0.199,-0.199,12,2021,2021-01-15,2025-12-15
2023,USGS-344653091382701,2fd7cf8893914237a82ba83a19ca0f7a,,,,34.781333,-91.640944,113.746,-0.262,-0.063,12,2021,2021-01-15,2025-12-15
2024,USGS-344653091382701,2fd7cf8893914237a82ba83a19ca0f7a,,,,34.781333,-91.640944,113.724,-0.283,-0.022,12,2021,2021-01-15,2025-12-15
2025,USGS-344653091382701,2fd7cf8893914237a82ba83a19ca0f7a,,,,34.781333,-91.640944,113.553,-0.454,-0.171,12,2021,2021-01-15,2025-12-15
2021,USGS-345051078012109,7992bec5a03a44a6ae5f2b3e223f9b7a,,,,34.847778,-78.020972,5.289,0,,12,2021,2021-01-15,2025-12-15
2022,USGS-345051078012109,7992bec5a03a44a6ae5f2b3e223f9b7a,,,,34.847778,-78.020972,6.864,1.575,1.575,12,2021,2021-01-15,2025-12-15
2023,USGS-345051078012109,7992bec5a03a44a6ae5f2b3e223f9b7a,,,,34.847778,-78.020972,6.746,1.457,-0.118,12,2021,2021-01-15,2025-12-15
2024,USGS-345051078012109,7992bec5a03a44a6ae5f2b3e223f9b7a,,,,34.847778,-78.020972,6.44,1.151,-0.306,12,2021,2021-01-15,2025-12-15
2025,USGS-345051078012109,7992bec5a03a44a6ae5f2b3e223f9b7a,,,,34.847778,-78.020972,6.782,1.493,0.343,12,2021,2021-01-15,2025-12-15
2021,USGS-345051083041800,3c66b1d6ca264957a100315c16e11572,,,,34.847593,-83.07154,27.328,0,,12,2021,2021-01-15,2025-12-15
2022,USGS-345051083041800,3c66b1d6ca264957a100315c16e11572,,,,34.847593,-83.07154,28.708,1.38,1.38,12,2021,2021-01-15,2025-12-15
2023,USGS-345051083041800,3c66b1d6ca264957a100315c16e11572,,,,34.847593,-83.07154,29.002,1.674,0.294,12,2021,2021-01-15,2025-12-15
2024,USGS-345051083041800,3c66b1d6ca264957a100315c16e11572,,,,34.847593,-83.07154,29.528,2.2,0.526,12,2021,2021-01-15,2025-12-15
2025,USGS-345051083041800,3c66b1d6ca264957a100315c16e11572,,,,34.847593,-83.07154,29.789,2.461,0.261,12,2021,2021-01-15,2025-12-15
2021,USGS-345403085160001,53a5ec5e6f954e0bafa4ec03b44c816e,,,,34.901194,-85.266222,12.542,0,,12,2021,2021-01-15,2025-12-15
2022,USGS-345403085160001,53a5ec5e6f954e0bafa4ec03b44c816e,,,,34.901194,-85.266222,12.295,-0.247,-0.247,12,2021,2021-01-15,2025-12-15
2023,USGS-345403085160001,53a5ec5e6f954e0bafa4ec03b44c816e,,,,34.901194,-85.266222,13.787,1.246,1.492,12,2021,2021-01-15,2025-12-15
2024,USGS-345403085160001,53a5ec5e6f954e0bafa4ec03b44c816e,,,,34.901194,-85.266222,13.646,1.104,-0.142,12,2021,2021-01-15,2025-12-15
2025,USGS-345403085160001,53a5ec5e6f954e0bafa4ec03b44c816e,,,,34.901194,-85.266222,13.088,0.546,-0.558,12,2021,2021-01-15,2025-12-15
2021,USGS-345603110450301,50ca0f59579a4ca1a5dab61a882385e0,,,,34.934202,-110.751532,267.449,0,,12,2021,2021-01-15,2025-12-15
2022,USGS-345603110450301,50ca0f59579a4ca1a5dab61a882385e0,,,,34.934202,-110.751532,267.486,0.037,0.037,12,2021,2021-01-15,2025-12-15
2023,USGS-345603110450301,50ca0f59579a4ca1a5dab61a882385e0,,,,34.934202,-110.751532,267.323,-0.126,-0.163,12,2021,2021-01-15,2025-12-15
2024,USGS-345603110450301,50ca0f59579a4ca1a5dab61a882385e0,,,,34.934202,-110.751532,267.181,-0.268,-0.142,10,2021,2021-01-15,2025-12-15
2025,USGS-345603110450301,50ca0f59579a4ca1a5dab61a882385e0,,,,34.934202,-110.751532,267.397,-0.052,0.216,12,2021,2021-01-15,2025-12-15
2021,USGS-345609080415102,54e9111ac6d743cfb6a46826760dc97f,,,,34.935994,-80.697572,28.578,0,,12,2021,2021-01-15,2025-12-15
2022,USGS-345609080415102,54e9111ac6d743cfb6a46826760dc97f,,,,34.935994,-80.697572,30.912,2.334,2.334,12,2021,2021-01-15,2025-12-15
2023,USGS-345609080415102,54e9111ac6d743cfb6a46826760dc97f,,,,34.935994,-80.697572,29.791,1.213,-1.121,12,2021,2021-01-15,2025-12-15
2024,USGS-345609080415102,54e9111ac6d743cfb6a46826760dc97f,,,,34.935994,-80.697572,28.273,-0.304,-1.517,12,2021,2021-01-15,2025-12-15
2025,USGS-345609080415102,54e9111ac6d743cfb6a46826760dc97f,,,,34.935994,-80.697572,28.963,0.386,0.69,12,2021,2021-01-15,2025-12-15
2021,USGS-345609080415103,66d1502962af456b9eec758ab27c1f84,,,,34.935919,-80.697536,40.82,0,,12,2021,2021-01-15,2025-12-15
2022,USGS-345609080415103,66d1502962af456b9eec758ab27c1f84,,,,34.935919,-80.697536,43.546,2.726,2.726,12,2021,2021-01-15,2025-12-15
2023,USGS-345609080415103,66d1502962af456b9eec758ab27c1f84,,,,34.935919,-80.697536,43.316,2.496,-0.23,7,2021,2021-01-15,2025-12-15
2024,USGS-345609080415103,66d1502962af456b9eec758ab27c1f84,,,,34.935919,-80.697536,40.883,0.063,-2.432,12,2021,2021-01-15,2025-12-15
2025,USGS-345609080415103,66d1502962af456b9eec758ab27c1f84,,,,34.935919,-80.697536,41.356,0.536,0.472,12,2021,2021-01-15,2025-12-15
2021,USGS-345650106415901,1d46ba03e3da4788ab72134cefb3a38c,,,,34.947292,-106.699928,14.853,0,,12,2021,2021-01-15,2025-07-15
2022,USGS-345650106415901,1d46ba03e3da4788ab72134cefb3a38c,,,,34.947292,-106.699928,14.931,0.078,0.078,12,2021,2021-01-15,2025-07-15
2023,USGS-345650106415901,1d46ba03e3da4788ab72134cefb3a38c,,,,34.947292,-106.699928,14.885,0.032,-0.046,12,2021,2021-01-15,2025-07-15
2024,USGS-345650106415901,1d46ba03e3da4788ab72134cefb3a38c,,,,34.947292,-106.699928,14.841,-0.012,-0.044,12,2021,2021-01-15,2025-07-15
2025,USGS-345650106415901,1d46ba03e3da4788ab72134cefb3a38c,,,,34.947292,-106.699928,14.833,-0.02,-0.008,7,2021,2021-01-15,2025-07-15
2021,USGS-345650106415902,daac06bd8adc481096c048af93b54015,,,,34.947292,-106.699928,9.521,0,,11,2021,2021-01-15,2025-07-15
2022,USGS-345650106415902,daac06bd8adc481096c048af93b54015,,,,34.947292,-106.699928,9.123,-0.398,-0.398,12,2021,2021-01-15,2025-07-15
2023,USGS-345650106415902,daac06bd8adc481096c048af93b54015,,,,34.947292,-106.699928,8.978,-0.543,-0.144,12,2021,2021-01-15,2025-07-15
2024,USGS-345650106415902,daac06bd8adc481096c048af93b54015,,,,34.947292,-106.699928,9.042,-0.479,0.063,12,2021,2021-01-15,2025-07-15
2025,USGS-345650106415902,daac06bd8adc481096c048af93b54015,,,,34.947292,-106.699928,9.123,-0.398,0.081,7,2021,2021-01-15,2025-07-15
2021,USGS-345650106415903,7cbe8c7bdc8540df910b3af808cac215,,,,34.947292,-106.699928,7.681,0,,12,2021,2021-01-15,2025-07-15
2022,USGS-345650106415903,7cbe8c7bdc8540df910b3af808cac215,,,,34.947292,-106.699928,7.261,-0.42,-0.42,12,2021,2021-01-15,2025-07-15
2023,USGS-345650106415903,7cbe8c7bdc8540df910b3af808cac215,,,,34.947292,-106.699928,7.439,-0.242,0.178,12,2021,2021-01-15,2025-07-15
2024,USGS-345650106415903,7cbe8c7bdc8540df910b3af808cac215,,,,34.947292,-106.699928,7.103,-0.578,-0.337,12,2021,2021-01-15,2025-07-15
2025,USGS-345650106415903,7cbe8c7bdc8540df910b3af808cac215,,,,34.947292,-106.699928,7.413,-0.268,0.31,7,2021,2021-01-15,2025-07-15
2021,USGS-345650106415904,1e1661b18cdd427c8d537645779b19fe,,,,34.947292,-106.699928,6.511,0,,12,2021,2021-01-15,2025-07-15
2022,USGS-345650106415904,1e1661b18cdd427c8d537645779b19fe,,,,34.947292,-106.699928,6.532,0.022,0.022,12,2021,2021-01-15,2025-07-15
2023,USGS-345650106415904,1e1661b18cdd427c8d537645779b19fe,,,,34.947292,-106.699928,6.007,-0.504,-0.526,12,2021,2021-01-15,2025-07-15
2024,USGS-345650106415904,1e1661b18cdd427c8d537645779b19fe,,,,34.947292,-106.699928,6.187,-0.324,0.18,12,2021,2021-01-15,2025-07-15
2025,USGS-345650106415904,1e1661b18cdd427c8d537645779b19fe,,,,34.947292,-106.699928,6.169,-0.342,-0.018,7,2021,2021-01-15,2025-07-15
2021,USGS-345758106364001,664d75d6576e49269d3e895c3e7cf24a,,,,34.966258,-106.611686,399.762,0,,12,2021,2021-01-15,2025-12-15
2022,USGS-345758106364001,664d75d6576e49269d3e895c3e7cf24a,,,,34.966258,-106.611686,400.086,0.324,0.324,12,2021,2021-01-15,2025-12-15
2023,USGS-345758106364001,664d75d6576e49269d3e895c3e7cf24a,,,,34.966258,-106.611686,399.608,-0.154,-0.478,10,2021,2021-01-15,2025-12-15
2024,USGS-345758106364001,664d75d6576e49269d3e895c3e7cf24a,,,,34.966258,-106.611686,399.355,-0.407,-0.253,12,2021,2021-01-15,2025-12-15
2025,USGS-345758106364001,664d75d6576e49269d3e895c3e7cf24a,,,,34.966258,-106.611686,399.732,-0.03,0.377,12,2021,2021-01-15,2025-12-15
2021,USGS-345758106364002,536ff636185c43babee30c18ed105634,,,,34.966258,-106.611686,414.179,0,,12,2021,2021-01-15,2025-12-15
2022,USGS-345758106364002,536ff636185c43babee30c18ed105634,,,,34.966258,-106.611686,414.165,-0.014,-0.014,12,2021,2021-01-15,2025-12-15
2023,USGS-345758106364002,536ff636185c43babee30c18ed105634,,,,34.966258,-106.611686,413.354,-0.825,-0.811,10,2021,2021-01-15,2025-12-15
2024,USGS-345758106364002,536ff636185c43babee30c18ed105634,,,,34.966258,-106.611686,413.668,-0.511,0.314,12,2021,2021-01-15,2025-12-15
2025,USGS-345758106364002,536ff636185c43babee30c18ed105634,,,,34.966258,-106.611686,414.395,0.216,0.727,12,2021,2021-01-15,2025-12-15
2021,USGS-345758106364003,71ab7e0bf5fc45eaba362d966e11d923,,,,34.966258,-106.611686,420.048,0,,12,2021,2021-01-15,2025-12-15
2022,USGS-345758106364003,71ab7e0bf5fc45eaba362d966e11d923,,,,34.966258,-106.611686,419.863,-0.184,-0.184,12,2021,2021-01-15,2025-12-15
2023,USGS-345758106364003,71ab7e0bf5fc45eaba362d966e11d923,,,,34.966258,-106.611686,419.593,-0.454,-0.27,12,2021,2021-01-15,2025-12-15
2024,USGS-345758106364003,71ab7e0bf5fc45eaba362d966e11d923,,,,34.966258,-106.611686,419.397,-0.651,-0.197,12,2021,2021-01-15,2025-12-15
2025,USGS-345758106364003,71ab7e0bf5fc45eaba362d966e11d923,,,,34.966258,-106.611686,419.553,-0.494,0.157,12,2021,2021-01-15,2025-12-15
2021,USGS-345809077301408,773725293f614d848851344668d5d4d1,,,,34.97,-77.503333,6.297,0,,12,2021,2021-01-15,2025-12-15
2022,USGS-345809077301408,773725293f614d848851344668d5d4d1,,,,34.97,-77.503333,8.415,2.118,2.118,12,2021,2021-01-15,2025-12-15
2023,USGS-345809077301408,773725293f614d848851344668d5d4d1,,,,34.97,-77.503333,7.02,0.723,-1.395,12,2021,2021-01-15,2025-12-15
2024,USGS-345809077301408,773725293f614d848851344668d5d4d1,,,,34.97,-77.503333,5.317,-0.981,-1.703,12,2021,2021-01-15,2025-12-15
2025,USGS-345809077301408,773725293f614d848851344668d5d4d1,,,,34.97,-77.503333,5.979,-0.318,0.662,12,2021,2021-01-15,2025-12-15
2021,USGS-345812079313401,1a954d87436a4e81878fb5f8a2ef4c24,,,,34.970556,-79.528333,28.887,0,,12,2021,2021-01-15,2025-03-15
2022,USGS-345812079313401,1a954d87436a4e81878fb5f8a2ef4c24,,,,34.970556,-79.528333,30.646,1.758,1.758,12,2021,2021-01-15,2025-03-15
2023,USGS-345812079313401,1a954d87436a4e81878fb5f8a2ef4c24,,,,34.970556,-79.528333,31.196,2.308,0.55,12,2021,2021-01-15,2025-03-15
2024,USGS-345812079313401,1a954d87436a4e81878fb5f8a2ef4c24,,,,34.970556,-79.528333,30.562,1.674,-0.634,12,2021,2021-01-15,2025-03-15
2025,USGS-345812079313401,1a954d87436a4e81878fb5f8a2ef4c24,,,,34.970556,-79.528333,30.8,1.913,0.238,3,2021,2021-01-15,2025-03-15
2021,USGS-345830081033100,013454bcd8064a5c89b0aa00f4ecd528,,,,34.975167,-81.05875,22.282,0,,12,2021,2021-01-15,2025-12-15
2022,USGS-345830081033100,013454bcd8064a5c89b0aa00f4ecd528,,,,34.975167,-81.05875,24.801,2.518,2.518,12,2021,2021-01-15,2025-12-15
2023,USGS-345830081033100,013454bcd8064a5c89b0aa00f4ecd528,,,,34.975167,-81.05875,23.665,1.383,-1.135,11,2021,2021-01-15,2025-12-15
2024,USGS-345830081033100,013454bcd8064a5c89b0aa00f4ecd528,,,,34.975167,-81.05875,21.843,-0.439,-1.822,12,2021,2021-01-15,2025-12-15
2025,USGS-345830081033100,013454bcd8064a5c89b0aa00f4ecd528,,,,34.975167,-81.05875,22.187,-0.096,0.343,12,2021,2021-01-15,2025-12-15
2021,USGS-345830081033101,cebf125398a7429fa3bf00a46f08a674,,,,34.975194,-81.058806,19.463,0,,12,2021,2021-01-15,2025-12-15
2022,USGS-345830081033101,cebf125398a7429fa3bf00a46f08a674,,,,34.975194,-81.058806,21.721,2.257,2.257,12,2021,2021-01-15,2025-12-15
2023,USGS-345830081033101,cebf125398a7429fa3bf00a46f08a674,,,,34.975194,-81.058806,20.987,1.524,-0.734,11,2021,2021-01-15,2025-12-15
2024,USGS-345830081033101,cebf125398a7429fa3bf00a46f08a674,,,,34.975194,-81.058806,18.795,-0.668,-2.192,12,2021,2021-01-15,2025-12-15
2025,USGS-345830081033101,cebf125398a7429fa3bf00a46f08a674,,,,34.975194,-81.058806,19.202,-0.262,0.407,12,2021,2021-01-15,2025-12-15
2021,USGS-350002110355501,2e2ebfdf0d6a4c699982613557dd113b,,,,35.000578,-110.599298,36.798,0,,12,2021,2021-01-15,2025-12-15
2022,USGS-350002110355501,2e2ebfdf0d6a4c699982613557dd113b,,,,35.000578,-110.599298,36.187,-0.612,-0.612,12,2021,2021-01-15,2025-12-15
2023,USGS-350002110355501,2e2ebfdf0d6a4c699982613557dd113b,,,,35.000578,-110.599298,35.736,-1.063,-0.451,12,2021,2021-01-15,2025-12-15
2024,USGS-350002110355501,2e2ebfdf0d6a4c699982613557dd113b,,,,35.000578,-110.599298,36.273,-0.526,0.537,12,2021,2021-01-15,2025-12-15
2025,USGS-350002110355501,2e2ebfdf0d6a4c699982613557dd113b,,,,35.000578,-110.599298,36.803,0.004,0.53,12,2021,2021-01-15,2025-12-15
2021,USGS-350056106370102,b0e94b04464640f0a0ab41e72feaf8b1,,,,35.015889,-106.617278,205.653,0,,6,2021,2021-01-15,2025-12-15
2022,USGS-350056106370102,b0e94b04464640f0a0ab41e72feaf8b1,,,,35.015889,-106.617278,205.356,-0.297,-0.297,11,2021,2021-01-15,2025-12-15
2023,USGS-350056106370102,b0e94b04464640f0a0ab41e72feaf8b1,,,,35.015889,-106.617278,204.961,-0.692,-0.395,10,2021,2021-01-15,2025-12-15
2024,USGS-350056106370102,b0e94b04464640f0a0ab41e72feaf8b1,,,,35.015889,-106.617278,204.774,-0.879,-0.187,12,2021,2021-01-15,2025-12-15
2025,USGS-350056106370102,b0e94b04464640f0a0ab41e72feaf8b1,,,,35.015889,-106.617278,205.886,0.232,1.111,9,2021,2021-01-15,2025-12-15
2021,USGS-350056106370103,81dd86624cba40899670fbd20ac5ba13,,,,35.015889,-106.617278,212.199,0,,8,2021,2021-01-15,2025-12-15
2022,USGS-350056106370103,81dd86624cba40899670fbd20ac5ba13,,,,35.015889,-106.617278,211.545,-0.653,-0.653,11,2021,2021-01-15,2025-12-15
2023,USGS-350056106370103,81dd86624cba40899670fbd20ac5ba13,,,,35.015889,-106.617278,211.021,-1.178,-0.524,10,2021,2021-01-15,2025-12-15
2024,USGS-350056106370103,81dd86624cba40899670fbd20ac5ba13,,,,35.015889,-106.617278,210.529,-1.67,-0.492,12,2021,2021-01-15,2025-12-15
2025,USGS-350056106370103,81dd86624cba40899670fbd20ac5ba13,,,,35.015889,-106.617278,210.367,-1.832,-0.163,12,2021,2021-01-15,2025-12-15
2021,USGS-350100106405701,42b76cb02002499f81af8ee02a10e31c,,,,35.016594,-106.682747,8.354,0,,12,2021,2021-01-15,2025-12-15
2022,USGS-350100106405701,42b76cb02002499f81af8ee02a10e31c,,,,35.016594,-106.682747,8.539,0.185,0.185,12,2021,2021-01-15,2025-12-15
2023,USGS-350100106405701,42b76cb02002499f81af8ee02a10e31c,,,,35.016594,-106.682747,8.086,-0.268,-0.453,12,2021,2021-01-15,2025-12-15
2024,USGS-350100106405701,42b76cb02002499f81af8ee02a10e31c,,,,35.016594,-106.682747,7.986,-0.368,-0.1,12,2021,2021-01-15,2025-12-15
2025,USGS-350100106405701,42b76cb02002499f81af8ee02a10e31c,,,,35.016594,-106.682747,8.481,0.127,0.495,12,2021,2021-01-15,2025-12-15
2021,USGS-350100106405702,a4483b4e9caf4fafac123b5a09787c1a,,,,35.016594,-106.682747,6.509,0,,12,2021,2021-01-15,2025-12-15
2022,USGS-350100106405702,a4483b4e9caf4fafac123b5a09787c1a,,,,35.016594,-106.682747,6.362,-0.147,-0.147,12,2021,2021-01-15,2025-12-15
2023,USGS-350100106405702,a4483b4e9caf4fafac123b5a09787c1a,,,,35.016594,-106.682747,6.239,-0.27,-0.123,12,2021,2021-01-15,2025-12-15
2024,USGS-350100106405702,a4483b4e9caf4fafac123b5a09787c1a,,,,35.016594,-106.682747,6.348,-0.161,0.109,12,2021,2021-01-15,2025-12-15
2025,USGS-350100106405702,a4483b4e9caf4fafac123b5a09787c1a,,,,35.016594,-106.682747,6.637,0.128,0.289,12,2021,2021-01-15,2025-12-15
2021,USGS-350244106450202,3f73d6e6a9ba465fac74df5b1e0a997d,,,,35.045667,-106.750806,340.643,0,,12,2021,2021-01-15,2025-12-15
2022,USGS-350244106450202,3f73d6e6a9ba465fac74df5b1e0a997d,,,,35.045667,-106.750806,340.81,0.167,0.167,12,2021,2021-01-15,2025-12-15
2023,USGS-350244106450202,3f73d6e6a9ba465fac74df5b1e0a997d,,,,35.045667,-106.750806,340.339,-0.304,-0.471,12,2021,2021-01-15,2025-12-15
2024,USGS-350244106450202,3f73d6e6a9ba465fac74df5b1e0a997d,,,,35.045667,-106.750806,340.244,-0.399,-0.095,12,2021,2021-01-15,2025-12-15
2025,USGS-350244106450202,3f73d6e6a9ba465fac74df5b1e0a997d,,,,35.045667,-106.750806,339.956,-0.688,-0.288,12,2021,2021-01-15,2025-12-15
2021,USGS-350244106450203,d5dd70ae5e824561863a7b2c3e8f9eca,,,,35.045667,-106.750806,326.262,0,,12,2021,2021-01-15,2025-12-15
2022,USGS-350244106450203,d5dd70ae5e824561863a7b2c3e8f9eca,,,,35.045667,-106.750806,326.192,-0.07,-0.07,12,2021,2021-01-15,2025-12-15
2023,USGS-350244106450203,d5dd70ae5e824561863a7b2c3e8f9eca,,,,35.045667,-106.750806,326.052,-0.209,-0.139,12,2021,2021-01-15,2025-12-15
2024,USGS-350244106450203,d5dd70ae5e824561863a7b2c3e8f9eca,,,,35.045667,-106.750806,325.803,-0.458,-0.249,12,2021,2021-01-15,2025-12-15
2025,USGS-350244106450203,d5dd70ae5e824561863a7b2c3e8f9eca,,,,35.045667,-106.750806,325.673,-0.588,-0.13,12,2021,2021-01-15,2025-12-15
2021,USGS-350256106390801,4269fb18e12a41a59531e9fa7aebcf1c,,,,35.049028,-106.653306,23.063,0,,12,2021,2021-01-15,2025-12-15
2022,USGS-350256106390801,4269fb18e12a41a59531e9fa7aebcf1c,,,,35.049028,-106.653306,22.765,-0.298,-0.298,12,2021,2021-01-15,2025-12-15
2023,USGS-350256106390801,4269fb18e12a41a59531e9fa7aebcf1c,,,,35.049028,-106.653306,22.211,-0.852,-0.554,10,2021,2021-01-15,2025-12-15
2024,USGS-350256106390801,4269fb18e12a41a59531e9fa7aebcf1c,,,,35.049028,-106.653306,22.204,-0.859,-0.007,12,2021,2021-01-15,2025-12-15
2025,USGS-350256106390801,4269fb18e12a41a59531e9fa7aebcf1c,,,,35.049028,-106.653306,22.859,-0.204,0.655,12,2021,2021-01-15,2025-12-15
2021,USGS-350307106410601,da7d7aff45034ef7a83d3259af45522b,,,,35.050633,-106.683947,25.645,0,,12,2021,2021-01-15,2025-12-15
2022,USGS-350307106410601,da7d7aff45034ef7a83d3259af45522b,,,,35.050633,-106.683947,26.055,0.41,0.41,12,2021,2021-01-15,2025-12-15
2023,USGS-350307106410601,da7d7aff45034ef7a83d3259af45522b,,,,35.050633,-106.683947,24.76,-0.885,-1.295,12,2021,2021-01-15,2025-12-15
2024,USGS-350307106410601,da7d7aff45034ef7a83d3259af45522b,,,,35.050633,-106.683947,25.185,-0.46,0.425,12,2021,2021-01-15,2025-12-15
2025,USGS-350307106410601,da7d7aff45034ef7a83d3259af45522b,,,,35.050633,-106.683947,24.981,-0.664,-0.204,12,2021,2021-01-15,2025-12-15
2021,USGS-350307106410602,51080440d9e54d2782c6d28a2a82a970,,,,35.050633,-106.683947,24.982,0,,12,2021,2021-01-15,2025-12-15
2022,USGS-350307106410602,51080440d9e54d2782c6d28a2a82a970,,,,35.050633,-106.683947,25.116,0.134,0.134,12,2021,2021-01-15,2025-12-15
2023,USGS-350307106410602,51080440d9e54d2782c6d28a2a82a970,,,,35.050633,-106.683947,23.992,-0.989,-1.123,12,2021,2021-01-15,2025-12-15
2024,USGS-350307106410602,51080440d9e54d2782c6d28a2a82a970,,,,35.050633,-106.683947,24.47,-0.512,0.478,12,2021,2021-01-15,2025-12-15
2025,USGS-350307106410602,51080440d9e54d2782c6d28a2a82a970,,,,35.050633,-106.683947,24.173,-0.808,-0.297,12,2021,2021-01-15,2025-12-15
2021,USGS-350359106333906,e8da71a5effe459f9dd3f58d99513029,,,,35.066356,-106.561017,490.794,0,,12,2021,2021-01-15,2025-02-15
2022,USGS-350359106333906,e8da71a5effe459f9dd3f58d99513029,,,,35.066356,-106.561017,489.417,-1.378,-1.378,12,2021,2021-01-15,2025-02-15
2023,USGS-350359106333906,e8da71a5effe459f9dd3f58d99513029,,,,35.066356,-106.561017,487.295,-3.499,-2.122,12,2021,2021-01-15,2025-02-15
2024,USGS-350359106333906,e8da71a5effe459f9dd3f58d99513029,,,,35.066356,-106.561017,487.984,-2.81,0.689,12,2021,2021-01-15,2025-02-15
2025,USGS-350359106333906,e8da71a5effe459f9dd3f58d99513029,,,,35.066356,-106.561017,487.525,-3.269,-0.459,2,2021,2021-01-15,2025-02-15
2021,USGS-350359106333908,d772ea2717da4658a073ef41a8eaee0b,,,,35.066356,-106.561017,491.016,0,,12,2021,2021-01-15,2025-02-15
2022,USGS-350359106333908,d772ea2717da4658a073ef41a8eaee0b,,,,35.066356,-106.561017,486.157,-4.858,-4.858,12,2021,2021-01-15,2025-02-15
2023,USGS-350359106333908,d772ea2717da4658a073ef41a8eaee0b,,,,35.066356,-106.561017,485.694,-5.322,-0.463,12,2021,2021-01-15,2025-02-15
2024,USGS-350359106333908,d772ea2717da4658a073ef41a8eaee0b,,,,35.066356,-106.561017,487.481,-3.535,1.787,12,2021,2021-01-15,2025-02-15
2025,USGS-350359106333908,d772ea2717da4658a073ef41a8eaee0b,,,,35.066356,-106.561017,479.67,-11.346,-7.811,2,2021,2021-01-15,2025-02-15
2021,USGS-350406089444401,401648bae29243aca20fff58bc04d013,,,,35.068433,-89.745636,99.442,0,,12,2021,2021-01-15,2025-12-15
2022,USGS-350406089444401,401648bae29243aca20fff58bc04d013,,,,35.068433,-89.745636,97.29,-2.153,-2.153,12,2021,2021-01-15,2025-12-15
2023,USGS-350406089444401,401648bae29243aca20fff58bc04d013,,,,35.068433,-89.745636,98.122,-1.32,0.833,12,2021,2021-01-15,2025-12-15
2024,USGS-350406089444401,401648bae29243aca20fff58bc04d013,,,,35.068433,-89.745636,101.117,1.675,2.995,12,2021,2021-01-15,2025-12-15
2025,USGS-350406089444401,401648bae29243aca20fff58bc04d013,,,,35.068433,-89.745636,101.31,1.868,0.193,12,2021,2021-01-15,2025-12-15
2021,USGS-350414104485101,b09b08df49ab4087838c06222d61bfed,,,,35.069861,-104.817083,371.002,0,,12,2021,2021-01-15,2025-12-15
2022,USGS-350414104485101,b09b08df49ab4087838c06222d61bfed,,,,35.069861,-104.817083,371.185,0.183,0.183,11,2021,2021-01-15,2025-12-15
2023,USGS-350414104485101,b09b08df49ab4087838c06222d61bfed,,,,35.069861,-104.817083,365.043,-5.959,-6.142,12,2021,2021-01-15,2025-12-15
2024,USGS-350414104485101,b09b08df49ab4087838c06222d61bfed,,,,35.069861,-104.817083,363.883,-7.12,-1.161,11,2021,2021-01-15,2025-12-15
2025,USGS-350414104485101,b09b08df49ab4087838c06222d61bfed,,,,35.069861,-104.817083,355.933,-15.069,-7.949,6,2021,2021-01-15,2025-12-15
2021,USGS-350506089483101,054dfbbff4f74046b61d9b31cc816831,,,,35.0851,-89.808693,151.499,0,,10,2021,2021-03-15,2025-12-15
2022,USGS-350506089483101,054dfbbff4f74046b61d9b31cc816831,,,,35.0851,-89.808693,153.166,1.667,1.667,12,2021,2021-03-15,2025-12-15
2023,USGS-350506089483101,054dfbbff4f74046b61d9b31cc816831,,,,35.0851,-89.808693,153.88,2.381,0.714,10,2021,2021-03-15,2025-12-15
2024,USGS-350506089483101,054dfbbff4f74046b61d9b31cc816831,,,,35.0851,-89.808693,153.283,1.784,-0.597,10,2021,2021-03-15,2025-12-15
2025,USGS-350506089483101,054dfbbff4f74046b61d9b31cc816831,,,,35.0851,-89.808693,150.862,-0.637,-2.421,12,2021,2021-03-15,2025-12-15
2021,USGS-350534106354701,66d84efc737c4a0fa52be16f1ea0d223,,,,35.093022,-106.597028,309.36,0,,12,2021,2021-01-15,2025-12-15
2022,USGS-350534106354701,66d84efc737c4a0fa52be16f1ea0d223,,,,35.093022,-106.597028,308.181,-1.179,-1.179,12,2021,2021-01-15,2025-12-15
2023,USGS-350534106354701,66d84efc737c4a0fa52be16f1ea0d223,,,,35.093022,-106.597028,305.991,-3.369,-2.19,9,2021,2021-01-15,2025-12-15
2024,USGS-350534106354701,66d84efc737c4a0fa52be16f1ea0d223,,,,35.093022,-106.597028,307.737,-1.623,1.746,12,2021,2021-01-15,2025-12-15
2025,USGS-350534106354701,66d84efc737c4a0fa52be16f1ea0d223,,,,35.093022,-106.597028,310.061,0.701,2.324,12,2021,2021-01-15,2025-12-15
2021,USGS-350534106354702,2a384b0ede6d4824966bfb31d2da20cb,,,,35.093022,-106.597028,321.662,0,,12,2021,2021-01-15,2025-12-15
2022,USGS-350534106354702,2a384b0ede6d4824966bfb31d2da20cb,,,,35.093022,-106.597028,319.073,-2.589,-2.589,12,2021,2021-01-15,2025-12-15
2023,USGS-350534106354702,2a384b0ede6d4824966bfb31d2da20cb,,,,35.093022,-106.597028,314.804,-6.857,-4.268,9,2021,2021-01-15,2025-12-15
2024,USGS-350534106354702,2a384b0ede6d4824966bfb31d2da20cb,,,,35.093022,-106.597028,318.396,-3.266,3.591,12,2021,2021-01-15,2025-12-15
2025,USGS-350534106354702,2a384b0ede6d4824966bfb31d2da20cb,,,,35.093022,-106.597028,320.957,-0.705,2.561,12,2021,2021-01-15,2025-12-15
2021,USGS-350534106354703,f476be09c0e349f4a530361d7ea1c31e,,,,35.093022,-106.597028,326.074,0,,12,2021,2021-01-15,2025-12-15
2022,USGS-350534106354703,f476be09c0e349f4a530361d7ea1c31e,,,,35.093022,-106.597028,326.534,0.46,0.46,12,2021,2021-01-15,2025-12-15
2023,USGS-350534106354703,f476be09c0e349f4a530361d7ea1c31e,,,,35.093022,-106.597028,324.65,-1.424,-1.884,9,2021,2021-01-15,2025-12-15
2024,USGS-350534106354703,f476be09c0e349f4a530361d7ea1c31e,,,,35.093022,-106.597028,324.039,-2.035,-0.611,12,2021,2021-01-15,2025-12-15
2025,USGS-350534106354703,f476be09c0e349f4a530361d7ea1c31e,,,,35.093022,-106.597028,325.737,-0.337,1.698,12,2021,2021-01-15,2025-12-15
2021,USGS-350545106335901,daa20b62501f4839b4847e39c422c9dc,,,,35.095311,-106.566081,406.643,0,,12,2021,2021-01-15,2025-12-15
2022,USGS-350545106335901,daa20b62501f4839b4847e39c422c9dc,,,,35.095311,-106.566081,403.205,-3.438,-3.438,12,2021,2021-01-15,2025-12-15
2023,USGS-350545106335901,daa20b62501f4839b4847e39c422c9dc,,,,35.095311,-106.566081,401.405,-5.238,-1.8,11,2021,2021-01-15,2025-12-15
2024,USGS-350545106335901,daa20b62501f4839b4847e39c422c9dc,,,,35.095311,-106.566081,401.931,-4.712,0.525,12,2021,2021-01-15,2025-12-15
2025,USGS-350545106335901,daa20b62501f4839b4847e39c422c9dc,,,,35.095311,-106.566081,404.679,-1.964,2.748,12,2021,2021-01-15,2025-12-15
2021,USGS-350545106335902,123c7c070e944ed5b5c80a6f8a974e1e,,,,35.095311,-106.566081,411.227,0,,12,2021,2021-01-15,2025-12-15
2022,USGS-350545106335902,123c7c070e944ed5b5c80a6f8a974e1e,,,,35.095311,-106.566081,410.087,-1.14,-1.14,7,2021,2021-01-15,2025-12-15
2023,USGS-350545106335902,123c7c070e944ed5b5c80a6f8a974e1e,,,,35.095311,-106.566081,405.855,-5.372,-4.232,12,2021,2021-01-15,2025-12-15
2024,USGS-350545106335902,123c7c070e944ed5b5c80a6f8a974e1e,,,,35.095311,-106.566081,407.068,-4.158,1.213,12,2021,2021-01-15,2025-12-15
2025,USGS-350545106335902,123c7c070e944ed5b5c80a6f8a974e1e,,,,35.095311,-106.566081,410.154,-1.072,3.086,12,2021,2021-01-15,2025-12-15
2021,USGS-350545106335903,2b7bf09b3680457b858e8f653ef4cb1f,,,,35.095311,-106.566081,412.503,0,,6,2021,2021-01-15,2025-12-15
2022,USGS-350545106335903,2b7bf09b3680457b858e8f653ef4cb1f,,,,35.095311,-106.566081,410.789,-1.714,-1.714,12,2021,2021-01-15,2025-12-15
2023,USGS-350545106335903,2b7bf09b3680457b858e8f653ef4cb1f,,,,35.095311,-106.566081,407.551,-4.952,-3.238,11,2021,2021-01-15,2025-12-15
2024,USGS-350545106335903,2b7bf09b3680457b858e8f653ef4cb1f,,,,35.095311,-106.566081,408.083,-4.421,0.532,12,2021,2021-01-15,2025-12-15
2025,USGS-350545106335903,2b7bf09b3680457b858e8f653ef4cb1f,,,,35.095311,-106.566081,411.07,-1.433,2.987,12,2021,2021-01-15,2025-12-15
2021,USGS-350638106413701,bb5fc266041e43808c5fcfc72e4a28a5,,,,35.110006,-106.694622,175.041,0,,9,2021,2021-04-15,2025-12-15
2022,USGS-350638106413701,bb5fc266041e43808c5fcfc72e4a28a5,,,,35.110006,-106.694622,170.374,-4.667,-4.667,10,2021,2021-04-15,2025-12-15
2023,USGS-350638106413701,bb5fc266041e43808c5fcfc72e4a28a5,,,,35.110006,-106.694622,168.931,-6.11,-1.443,10,2021,2021-04-15,2025-12-15
2024,USGS-350638106413701,bb5fc266041e43808c5fcfc72e4a28a5,,,,35.110006,-106.694622,168.418,-6.623,-0.513,12,2021,2021-04-15,2025-12-15
2025,USGS-350638106413701,bb5fc266041e43808c5fcfc72e4a28a5,,,,35.110006,-106.694622,170.086,-4.955,1.668,11,2021,2021-04-15,2025-12-15
2021,USGS-350638106413702,3f24e23d69ce473490b9efec8d547b26,,,,35.110006,-106.694622,168.337,0,,12,2021,2021-01-15,2025-12-15
2022,USGS-350638106413702,3f24e23d69ce473490b9efec8d547b26,,,,35.110006,-106.694622,163.038,-5.3,-5.3,10,2021,2021-01-15,2025-12-15
2023,USGS-350638106413702,3f24e23d69ce473490b9efec8d547b26,,,,35.110006,-106.694622,164.437,-3.9,1.399,10,2021,2021-01-15,2025-12-15
2024,USGS-350638106413702,3f24e23d69ce473490b9efec8d547b26,,,,35.110006,-106.694622,162.37,-5.967,-2.067,12,2021,2021-01-15,2025-12-15
2025,USGS-350638106413702,3f24e23d69ce473490b9efec8d547b26,,,,35.110006,-106.694622,163.135,-5.203,0.765,11,2021,2021-01-15,2025-12-15
2021,USGS-350638106413703,d622d3c968a64f879d6e3da514efab2f,,,,35.110006,-106.694622,156.201,0,,12,2021,2021-01-15,2025-12-15
2022,USGS-350638106413703,d622d3c968a64f879d6e3da514efab2f,,,,35.110006,-106.694622,155.119,-1.082,-1.082,10,2021,2021-01-15,2025-12-15
2023,USGS-350638106413703,d622d3c968a64f879d6e3da514efab2f,,,,35.110006,-106.694622,154.84,-1.361,-0.279,10,2021,2021-01-15,2025-12-15
2024,USGS-350638106413703,d622d3c968a64f879d6e3da514efab2f,,,,35.110006,-106.694622,154.596,-1.605,-0.244,12,2021,2021-01-15,2025-12-15
2025,USGS-350638106413703,d622d3c968a64f879d6e3da514efab2f,,,,35.110006,-106.694622,154.987,-1.214,0.391,11,2021,2021-01-15,2025-12-15
2021,USGS-350638106413704,4c4001d801ae499e82af13afe6dccd2e,,,,35.110006,-106.694622,155.839,0,,10,2021,2021-01-15,2025-12-15
2022,USGS-350638106413704,4c4001d801ae499e82af13afe6dccd2e,,,,35.110006,-106.694622,154.603,-1.236,-1.236,11,2021,2021-01-15,2025-12-15
2023,USGS-350638106413704,4c4001d801ae499e82af13afe6dccd2e,,,,35.110006,-106.694622,154.169,-1.67,-0.434,11,2021,2021-01-15,2025-12-15
2024,USGS-350638106413704,4c4001d801ae499e82af13afe6dccd2e,,,,35.110006,-106.694622,154.193,-1.646,0.024,12,2021,2021-01-15,2025-12-15
2025,USGS-350638106413704,4c4001d801ae499e82af13afe6dccd2e,,,,35.110006,-106.694622,154.802,-1.037,0.608,12,2021,2021-01-15,2025-12-15
2021,USGS-350638106413705,503f111d097643cc9b5985fee4be5569,,,,35.110006,-106.694622,155.522,0,,12,2021,2021-01-15,2025-12-15
2022,USGS-350638106413705,503f111d097643cc9b5985fee4be5569,,,,35.110006,-106.694622,154.763,-0.758,-0.758,12,2021,2021-01-15,2025-12-15
2023,USGS-350638106413705,503f111d097643cc9b5985fee4be5569,,,,35.110006,-106.694622,153.926,-1.596,-0.838,12,2021,2021-01-15,2025-12-15
2024,USGS-350638106413705,503f111d097643cc9b5985fee4be5569,,,,35.110006,-106.694622,154.19,-1.332,0.264,12,2021,2021-01-15,2025-12-15
2025,USGS-350638106413705,503f111d097643cc9b5985fee4be5569,,,,35.110006,-106.694622,154.784,-0.737,0.594,12,2021,2021-01-15,2025-12-15
2021,USGS-350638106413706,6e699256b93b484d92eb5dc93e7f12a6,,,,35.110006,-106.694622,154.753,0,,3,2021,2021-01-15,2025-03-15
2022,USGS-350638106413706,6e699256b93b484d92eb5dc93e7f12a6,,,,35.110006,-106.694622,153.934,-0.819,-0.819,9,2021,2021-01-15,2025-03-15
2023,USGS-350638106413706,6e699256b93b484d92eb5dc93e7f12a6,,,,35.110006,-106.694622,153.242,-1.512,-0.693,12,2021,2021-01-15,2025-03-15
2024,USGS-350638106413706,6e699256b93b484d92eb5dc93e7f12a6,,,,35.110006,-106.694622,153.446,-1.308,0.204,9,2021,2021-01-15,2025-03-15
2025,USGS-350638106413706,6e699256b93b484d92eb5dc93e7f12a6,,,,35.110006,-106.694622,153.297,-1.457,-0.149,3,2021,2021-01-15,2025-03-15
2021,USGS-350653106311601,6578dbdbc9834cbc989983fdf21b3450,,,,35.114775,-106.521822,687.336,0,,9,2021,2021-01-15,2025-12-15
2022,USGS-350653106311601,6578dbdbc9834cbc989983fdf21b3450,,,,35.114775,-106.521822,683.808,-3.527,-3.527,12,2021,2021-01-15,2025-12-15
2023,USGS-350653106311601,6578dbdbc9834cbc989983fdf21b3450,,,,35.114775,-106.521822,682.166,-5.17,-1.643,12,2021,2021-01-15,2025-12-15
2024,USGS-350653106311601,6578dbdbc9834cbc989983fdf21b3450,,,,35.114775,-106.521822,684.535,-2.801,2.369,12,2021,2021-01-15,2025-12-15
2025,USGS-350653106311601,6578dbdbc9834cbc989983fdf21b3450,,,,35.114775,-106.521822,687.813,0.478,3.278,12,2021,2021-01-15,2025-12-15
2021,USGS-350653106311602,bb8085fde7354973a698f33f6d8274f2,,,,35.114775,-106.521822,686.599,0,,9,2021,2021-01-15,2025-12-15
2022,USGS-350653106311602,bb8085fde7354973a698f33f6d8274f2,,,,35.114775,-106.521822,685.618,-0.981,-0.981,12,2021,2021-01-15,2025-12-15
2023,USGS-350653106311602,bb8085fde7354973a698f33f6d8274f2,,,,35.114775,-106.521822,683.921,-2.678,-1.698,12,2021,2021-01-15,2025-12-15
2024,USGS-350653106311602,bb8085fde7354973a698f33f6d8274f2,,,,35.114775,-106.521822,684.846,-1.753,0.925,12,2021,2021-01-15,2025-12-15
2025,USGS-350653106311602,bb8085fde7354973a698f33f6d8274f2,,,,35.114775,-106.521822,686.931,0.332,2.085,12,2021,2021-01-15,2025-12-15
2021,USGS-350706106390301,9f92e5e921654d9a82a61bfb6ba1e959,,,,35.117986,-106.651272,35.865,0,,12,2021,2021-01-15,2025-12-15
2022,USGS-350706106390301,9f92e5e921654d9a82a61bfb6ba1e959,,,,35.117986,-106.651272,35.297,-0.568,-0.568,12,2021,2021-01-15,2025-12-15
2023,USGS-350706106390301,9f92e5e921654d9a82a61bfb6ba1e959,,,,35.117986,-106.651272,34.107,-1.758,-1.19,12,2021,2021-01-15,2025-12-15
2024,USGS-350706106390301,9f92e5e921654d9a82a61bfb6ba1e959,,,,35.117986,-106.651272,34.675,-1.19,0.568,12,2021,2021-01-15,2025-12-15
2025,USGS-350706106390301,9f92e5e921654d9a82a61bfb6ba1e959,,,,35.117986,-106.651272,36.347,0.482,1.672,10,2021,2021-01-15,2025-12-15
2021,USGS-350706106390302,ed158ac58e204cfc92c33dc520435663,,,,35.117986,-106.651272,35.288,0,,12,2021,2021-01-15,2025-12-15
2022,USGS-350706106390302,ed158ac58e204cfc92c33dc520435663,,,,35.117986,-106.651272,34.902,-0.385,-0.385,12,2021,2021-01-15,2025-12-15
2023,USGS-350706106390302,ed158ac58e204cfc92c33dc520435663,,,,35.117986,-106.651272,33.914,-1.373,-0.988,12,2021,2021-01-15,2025-12-15
2024,USGS-350706106390302,ed158ac58e204cfc92c33dc520435663,,,,35.117986,-106.651272,34.258,-1.03,0.343,12,2021,2021-01-15,2025-12-15
2025,USGS-350706106390302,ed158ac58e204cfc92c33dc520435663,,,,35.117986,-106.651272,35.75,0.462,1.492,10,2021,2021-01-15,2025-12-15
2021,USGS-350706106390303,344ace805fd443898cfa64da6412165c,,,,35.117986,-106.651272,32.813,0,,12,2021,2021-01-15,2025-12-15
2022,USGS-350706106390303,344ace805fd443898cfa64da6412165c,,,,35.117986,-106.651272,33.488,0.676,0.676,12,2021,2021-01-15,2025-12-15
2023,USGS-350706106390303,344ace805fd443898cfa64da6412165c,,,,35.117986,-106.651272,33.609,0.797,0.121,12,2021,2021-01-15,2025-12-15
2024,USGS-350706106390303,344ace805fd443898cfa64da6412165c,,,,35.117986,-106.651272,32.753,-0.06,-0.857,12,2021,2021-01-15,2025-12-15
2025,USGS-350706106390303,344ace805fd443898cfa64da6412165c,,,,35.117986,-106.651272,32.918,0.105,0.165,10,2021,2021-01-15,2025-12-15
2021,USGS-350735089593300,8af2fbd201f7441b82c7bea3c1089f4e,,,,35.126488,-89.99231,97.359,0,,12,2021,2021-01-15,2025-12-15
2022,USGS-350735089593300,8af2fbd201f7441b82c7bea3c1089f4e,,,,35.126488,-89.99231,97.559,0.2,0.2,12,2021,2021-01-15,2025-12-15
2023,USGS-350735089593300,8af2fbd201f7441b82c7bea3c1089f4e,,,,35.126488,-89.99231,96.606,-0.753,-0.953,12,2021,2021-01-15,2025-12-15
2024,USGS-350735089593300,8af2fbd201f7441b82c7bea3c1089f4e,,,,35.126488,-89.99231,97.363,0.004,0.757,12,2021,2021-01-15,2025-12-15
2025,USGS-350735089593300,8af2fbd201f7441b82c7bea3c1089f4e,,,,35.126488,-89.99231,95.813,-1.547,-1.551,12,2021,2021-01-15,2025-12-15
2021,USGS-350750085045802,b3ba575260b14276a104b72ad53c16d3,,,,35.130667,-85.082715,11.374,0,,12,2021,2021-01-15,2025-12-15
2022,USGS-350750085045802,b3ba575260b14276a104b72ad53c16d3,,,,35.130667,-85.082715,11.818,0.444,0.444,12,2021,2021-01-15,2025-12-15
2023,USGS-350750085045802,b3ba575260b14276a104b72ad53c16d3,,,,35.130667,-85.082715,13.035,1.661,1.217,12,2021,2021-01-15,2025-12-15
2024,USGS-350750085045802,b3ba575260b14276a104b72ad53c16d3,,,,35.130667,-85.082715,13.933,2.558,0.898,12,2021,2021-01-15,2025-12-15
2025,USGS-350750085045802,b3ba575260b14276a104b72ad53c16d3,,,,35.130667,-85.082715,11.047,-0.327,-2.885,11,2021,2021-01-15,2025-12-15
2021,USGS-350836106395401,4d47f44464f544efa1ab142732ebf8db,,,,35.143639,-106.665806,31.018,0,,12,2021,2021-01-15,2025-12-15
2022,USGS-350836106395401,4d47f44464f544efa1ab142732ebf8db,,,,35.143639,-106.665806,29.513,-1.505,-1.505,12,2021,2021-01-15,2025-12-15
2023,USGS-350836106395401,4d47f44464f544efa1ab142732ebf8db,,,,35.143639,-106.665806,27.852,-3.166,-1.661,12,2021,2021-01-15,2025-12-15
2024,USGS-350836106395401,4d47f44464f544efa1ab142732ebf8db,,,,35.143639,-106.665806,29.358,-1.659,1.507,12,2021,2021-01-15,2025-12-15
2025,USGS-350836106395401,4d47f44464f544efa1ab142732ebf8db,,,,35.143639,-106.665806,30.04,-0.978,0.682,11,2021,2021-01-15,2025-12-15
2021,USGS-350836106395402,436d61d7f331405ab8733735ee506b94,,,,35.143639,-106.665806,30.867,0,,12,2021,2021-01-15,2025-11-15
2022,USGS-350836106395402,436d61d7f331405ab8733735ee506b94,,,,35.143639,-106.665806,29.218,-1.649,-1.649,12,2021,2021-01-15,2025-11-15
2023,USGS-350836106395402,436d61d7f331405ab8733735ee506b94,,,,35.143639,-106.665806,27.282,-3.584,-1.935,12,2021,2021-01-15,2025-11-15
2024,USGS-350836106395402,436d61d7f331405ab8733735ee506b94,,,,35.143639,-106.665806,28.902,-1.965,1.619,12,2021,2021-01-15,2025-11-15
2025,USGS-350836106395402,436d61d7f331405ab8733735ee506b94,,,,35.143639,-106.665806,31.051,0.184,2.149,11,2021,2021-01-15,2025-11-15
2021,USGS-350836106395403,327f0ed740204ecea9667975d00cc389,,,,35.143639,-106.665806,27.806,0,,9,2021,2021-01-15,2025-12-15
2022,USGS-350836106395403,327f0ed740204ecea9667975d00cc389,,,,35.143639,-106.665806,27.978,0.173,0.173,12,2021,2021-01-15,2025-12-15
2023,USGS-350836106395403,327f0ed740204ecea9667975d00cc389,,,,35.143639,-106.665806,26.372,-1.434,-1.607,12,2021,2021-01-15,2025-12-15
2024,USGS-350836106395403,327f0ed740204ecea9667975d00cc389,,,,35.143639,-106.665806,27.654,-0.151,1.282,12,2021,2021-01-15,2025-12-15
2025,USGS-350836106395403,327f0ed740204ecea9667975d00cc389,,,,35.143639,-106.665806,29.69,1.884,2.036,12,2021,2021-01-15,2025-12-15
2021,USGS-350836106395404,189bcbeccb894e59b8be7d4f87633406,,,,35.143639,-106.665806,21.112,0,,12,2021,2021-01-15,2025-12-15
2022,USGS-350836106395404,189bcbeccb894e59b8be7d4f87633406,,,,35.143639,-106.665806,20.282,-0.831,-0.831,12,2021,2021-01-15,2025-12-15
2023,USGS-350836106395404,189bcbeccb894e59b8be7d4f87633406,,,,35.143639,-106.665806,19.114,-1.998,-1.168,12,2021,2021-01-15,2025-12-15
2024,USGS-350836106395404,189bcbeccb894e59b8be7d4f87633406,,,,35.143639,-106.665806,19.352,-1.76,0.238,12,2021,2021-01-15,2025-12-15
2025,USGS-350836106395404,189bcbeccb894e59b8be7d4f87633406,,,,35.143639,-106.665806,21.304,0.192,1.952,12,2021,2021-01-15,2025-12-15
2021,USGS-350857089591401,0e73e935bab2468ca6390d3ea0d0e326,,,,35.149534,-89.987312,27.713,0,,12,2021,2021-01-15,2025-12-15
2022,USGS-350857089591401,0e73e935bab2468ca6390d3ea0d0e326,,,,35.149534,-89.987312,28.638,0.925,0.925,11,2021,2021-01-15,2025-12-15
2023,USGS-350857089591401,0e73e935bab2468ca6390d3ea0d0e326,,,,35.149534,-89.987312,27.813,0.1,-0.825,12,2021,2021-01-15,2025-12-15
2024,USGS-350857089591401,0e73e935bab2468ca6390d3ea0d0e326,,,,35.149534,-89.987312,29.065,1.352,1.252,12,2021,2021-01-15,2025-12-15
2025,USGS-350857089591401,0e73e935bab2468ca6390d3ea0d0e326,,,,35.149534,-89.987312,26.943,-0.77,-2.122,12,2021,2021-01-15,2025-12-15
2021,USGS-350900089482300,a38dfee3fb3d4e4aadcba27d1d306b35,,,,35.150083,-89.806111,103.535,0,,12,2021,2021-01-15,2025-12-15
2022,USGS-350900089482300,a38dfee3fb3d4e4aadcba27d1d306b35,,,,35.150083,-89.806111,103.817,0.282,0.282,12,2021,2021-01-15,2025-12-15
2023,USGS-350900089482300,a38dfee3fb3d4e4aadcba27d1d306b35,,,,35.150083,-89.806111,103.263,-0.272,-0.553,12,2021,2021-01-15,2025-12-15
2024,USGS-350900089482300,a38dfee3fb3d4e4aadcba27d1d306b35,,,,35.150083,-89.806111,103.599,0.064,0.336,12,2021,2021-01-15,2025-12-15
2025,USGS-350900089482300,a38dfee3fb3d4e4aadcba27d1d306b35,,,,35.150083,-89.806111,103.45,-0.085,-0.149,12,2021,2021-01-15,2025-12-15
2021,USGS-350908106344401,58ed0393a0a54ccdbeff2f156db72238,,,,35.152567,-106.579492,325.027,0,,12,2021,2021-01-15,2025-12-15
2022,USGS-350908106344401,58ed0393a0a54ccdbeff2f156db72238,,,,35.152567,-106.579492,320.477,-4.55,-4.55,7,2021,2021-01-15,2025-12-15
2023,USGS-350908106344401,58ed0393a0a54ccdbeff2f156db72238,,,,35.152567,-106.579492,321.643,-3.384,1.166,12,2021,2021-01-15,2025-12-15
2024,USGS-350908106344401,58ed0393a0a54ccdbeff2f156db72238,,,,35.152567,-106.579492,322.113,-2.915,0.469,12,2021,2021-01-15,2025-12-15
2025,USGS-350908106344401,58ed0393a0a54ccdbeff2f156db72238,,,,35.152567,-106.579492,324.819,-0.208,2.707,10,2021,2021-01-15,2025-12-15
2021,USGS-350908106344402,ff3f7cf9cccf433db6f58b6239efc167,,,,35.152567,-106.579492,331.937,0,,12,2021,2021-01-15,2025-12-15
2022,USGS-350908106344402,ff3f7cf9cccf433db6f58b6239efc167,,,,35.152567,-106.579492,328.973,-2.965,-2.965,7,2021,2021-01-15,2025-12-15
2023,USGS-350908106344402,ff3f7cf9cccf433db6f58b6239efc167,,,,35.152567,-106.579492,329.88,-2.057,0.907,12,2021,2021-01-15,2025-12-15
2024,USGS-350908106344402,ff3f7cf9cccf433db6f58b6239efc167,,,,35.152567,-106.579492,328.782,-3.155,-1.098,12,2021,2021-01-15,2025-12-15
2025,USGS-350908106344402,ff3f7cf9cccf433db6f58b6239efc167,,,,35.152567,-106.579492,330.537,-1.401,1.754,12,2021,2021-01-15,2025-12-15
2021,USGS-350910106414801,127db8b983ad44bf834e1d9d81749d1d,,,,35.152739,-106.696519,177.132,0,,12,2021,2021-01-15,2025-12-15
2022,USGS-350910106414801,127db8b983ad44bf834e1d9d81749d1d,,,,35.152739,-106.696519,177.64,0.508,0.508,12,2021,2021-01-15,2025-12-15
2023,USGS-350910106414801,127db8b983ad44bf834e1d9d81749d1d,,,,35.152739,-106.696519,176.78,-0.352,-0.86,12,2021,2021-01-15,2025-12-15
2024,USGS-350910106414801,127db8b983ad44bf834e1d9d81749d1d,,,,35.152739,-106.696519,176.427,-0.704,-0.353,11,2021,2021-01-15,2025-12-15
2025,USGS-350910106414801,127db8b983ad44bf834e1d9d81749d1d,,,,35.152739,-106.696519,176.481,-0.651,0.054,10,2021,2021-01-15,2025-12-15
2021,USGS-350910106414802,0e52929420a44af4b9e57368d8c19dee,,,,35.152739,-106.696519,156.005,0,,12,2021,2021-01-15,2025-12-15
2022,USGS-350910106414802,0e52929420a44af4b9e57368d8c19dee,,,,35.152739,-106.696519,156.072,0.067,0.067,12,2021,2021-01-15,2025-12-15
2023,USGS-350910106414802,0e52929420a44af4b9e57368d8c19dee,,,,35.152739,-106.696519,155.228,-0.777,-0.843,12,2021,2021-01-15,2025-12-15
2024,USGS-350910106414802,0e52929420a44af4b9e57368d8c19dee,,,,35.152739,-106.696519,154.925,-1.08,-0.303,12,2021,2021-01-15,2025-12-15
2025,USGS-350910106414802,0e52929420a44af4b9e57368d8c19dee,,,,35.152739,-106.696519,155.282,-0.722,0.358,12,2021,2021-01-15,2025-12-15
2021,USGS-350910106414803,d49d75df3eed4a5995265314d8e62327,,,,35.152739,-106.696519,152.331,0,,12,2021,2021-01-15,2025-12-15
2022,USGS-350910106414803,d49d75df3eed4a5995265314d8e62327,,,,35.152739,-106.696519,152.609,0.278,0.278,12,2021,2021-01-15,2025-12-15
2023,USGS-350910106414803,d49d75df3eed4a5995265314d8e62327,,,,35.152739,-106.696519,152.028,-0.303,-0.581,12,2021,2021-01-15,2025-12-15
2024,USGS-350910106414803,d49d75df3eed4a5995265314d8e62327,,,,35.152739,-106.696519,151.686,-0.645,-0.343,12,2021,2021-01-15,2025-12-15
2025,USGS-350910106414803,d49d75df3eed4a5995265314d8e62327,,,,35.152739,-106.696519,151.878,-0.453,0.192,12,2021,2021-01-15,2025-12-15
2021,USGS-350959110562303,ab53c69dd1a7438f9d4fae9b77af078b,,,,35.166403,-110.940418,227.912,0,,12,2021,2021-01-15,2025-12-15
2022,USGS-350959110562303,ab53c69dd1a7438f9d4fae9b77af078b,,,,35.166403,-110.940418,227.901,-0.011,-0.011,12,2021,2021-01-15,2025-12-15
2023,USGS-350959110562303,ab53c69dd1a7438f9d4fae9b77af078b,,,,35.166403,-110.940418,228.013,0.101,0.112,12,2021,2021-01-15,2025-12-15
2024,USGS-350959110562303,ab53c69dd1a7438f9d4fae9b77af078b,,,,35.166403,-110.940418,228.063,0.152,0.051,12,2021,2021-01-15,2025-12-15
2025,USGS-350959110562303,ab53c69dd1a7438f9d4fae9b77af078b,,,,35.166403,-110.940418,228.316,0.404,0.252,12,2021,2021-01-15,2025-12-15
2021,USGS-351022111061801,7b8d079005b846ada546f2b7b1d29bba,,,,35.17279,-111.105699,614.389,0,,12,2021,2021-01-15,2025-12-15
2022,USGS-351022111061801,7b8d079005b846ada546f2b7b1d29bba,,,,35.17279,-111.105699,614.582,0.193,0.193,11,2021,2021-01-15,2025-12-15
2023,USGS-351022111061801,7b8d079005b846ada546f2b7b1d29bba,,,,35.17279,-111.105699,614.654,0.265,0.072,12,2021,2021-01-15,2025-12-15
2024,USGS-351022111061801,7b8d079005b846ada546f2b7b1d29bba,,,,35.17279,-111.105699,614.987,0.598,0.333,10,2021,2021-01-15,2025-12-15
2025,USGS-351022111061801,7b8d079005b846ada546f2b7b1d29bba,,,,35.17279,-111.105699,614.648,0.258,-0.339,12,2021,2021-01-15,2025-12-15
2021,USGS-351114106330601,65b34fafad3c4066a5d3aa98fd190a26,,,,35.186608,-106.553211,518.754,0,,12,2021,2021-01-15,2025-12-15
2022,USGS-351114106330601,65b34fafad3c4066a5d3aa98fd190a26,,,,35.186608,-106.553211,518.234,-0.52,-0.52,12,2021,2021-01-15,2025-12-15
2023,USGS-351114106330601,65b34fafad3c4066a5d3aa98fd190a26,,,,35.186608,-106.553211,517.583,-1.171,-0.651,12,2021,2021-01-15,2025-12-15
2024,USGS-351114106330601,65b34fafad3c4066a5d3aa98fd190a26,,,,35.186608,-106.553211,517.259,-1.495,-0.324,12,2021,2021-01-15,2025-12-15
2025,USGS-351114106330601,65b34fafad3c4066a5d3aa98fd190a26,,,,35.186608,-106.553211,517.758,-0.997,0.498,12,2021,2021-01-15,2025-12-15
2021,USGS-351114106330602,93feefdca48d429f859b1a92e1c6d00e,,,,35.186608,-106.553211,519.636,0,,12,2021,2021-01-15,2025-12-15
2022,USGS-351114106330602,93feefdca48d429f859b1a92e1c6d00e,,,,35.186608,-106.553211,519.057,-0.578,-0.578,12,2021,2021-01-15,2025-12-15
2023,USGS-351114106330602,93feefdca48d429f859b1a92e1c6d00e,,,,35.186608,-106.553211,518.382,-1.254,-0.676,12,2021,2021-01-15,2025-12-15
2024,USGS-351114106330602,93feefdca48d429f859b1a92e1c6d00e,,,,35.186608,-106.553211,518.069,-1.567,-0.312,12,2021,2021-01-15,2025-12-15
2025,USGS-351114106330602,93feefdca48d429f859b1a92e1c6d00e,,,,35.186608,-106.553211,518.453,-1.183,0.384,12,2021,2021-01-15,2025-12-15
2021,USGS-351114106330603,0676e2a346f942e2a23f2ce8a6fb71e2,,,,35.186608,-106.553211,520.642,0,,12,2021,2021-01-15,2025-12-15
2022,USGS-351114106330603,0676e2a346f942e2a23f2ce8a6fb71e2,,,,35.186608,-106.553211,520.403,-0.239,-0.239,12,2021,2021-01-15,2025-12-15
2023,USGS-351114106330603,0676e2a346f942e2a23f2ce8a6fb71e2,,,,35.186608,-106.553211,519.767,-0.875,-0.636,12,2021,2021-01-15,2025-12-15
2024,USGS-351114106330603,0676e2a346f942e2a23f2ce8a6fb71e2,,,,35.186608,-106.553211,519.276,-1.366,-0.491,12,2021,2021-01-15,2025-12-15
2025,USGS-351114106330603,0676e2a346f942e2a23f2ce8a6fb71e2,,,,35.186608,-106.553211,519.413,-1.228,0.138,12,2021,2021-01-15,2025-12-15
2021,USGS-351115085025001,0d0b59af8e784590a6c475a00122f8e8,,,,35.187389,-85.0475,10.053,0,,12,2021,2021-01-15,2025-12-15
2022,USGS-351115085025001,0d0b59af8e784590a6c475a00122f8e8,,,,35.187389,-85.0475,9.747,-0.306,-0.306,12,2021,2021-01-15,2025-12-15
2023,USGS-351115085025001,0d0b59af8e784590a6c475a00122f8e8,,,,35.187389,-85.0475,10.213,0.161,0.467,12,2021,2021-01-15,2025-12-15
2024,USGS-351115085025001,0d0b59af8e784590a6c475a00122f8e8,,,,35.187389,-85.0475,10.262,0.209,0.048,12,2021,2021-01-15,2025-12-15
2025,USGS-351115085025001,0d0b59af8e784590a6c475a00122f8e8,,,,35.187389,-85.0475,9.897,-0.156,-0.365,12,2021,2021-01-15,2025-12-15
2021,USGS-351121083545002,bc4cd7265f734b609b6aac6bf451cef6,,,,35.189167,-83.913889,5.316,0,,12,2021,2021-01-15,2025-12-15
2022,USGS-351121083545002,bc4cd7265f734b609b6aac6bf451cef6,,,,35.189167,-83.913889,5.756,0.44,0.44,12,2021,2021-01-15,2025-12-15
2023,USGS-351121083545002,bc4cd7265f734b609b6aac6bf451cef6,,,,35.189167,-83.913889,5.597,0.281,-0.159,11,2021,2021-01-15,2025-12-15
2024,USGS-351121083545002,bc4cd7265f734b609b6aac6bf451cef6,,,,35.189167,-83.913889,5.818,0.503,0.221,12,2021,2021-01-15,2025-12-15
2025,USGS-351121083545002,bc4cd7265f734b609b6aac6bf451cef6,,,,35.189167,-83.913889,5.554,0.238,-0.264,12,2021,2021-01-15,2025-12-15
2021,USGS-351126079301401,47f9050010684ce69493740d6d3ed292,,,,35.190556,-79.503889,78.348,0,,12,2021,2021-01-15,2025-12-15
2022,USGS-351126079301401,47f9050010684ce69493740d6d3ed292,,,,35.190556,-79.503889,82.929,4.582,4.582,12,2021,2021-01-15,2025-12-15
2023,USGS-351126079301401,47f9050010684ce69493740d6d3ed292,,,,35.190556,-79.503889,88.278,9.931,5.349,12,2021,2021-01-15,2025-12-15
2024,USGS-351126079301401,47f9050010684ce69493740d6d3ed292,,,,35.190556,-79.503889,88.234,9.887,-0.044,12,2021,2021-01-15,2025-12-15
2025,USGS-351126079301401,47f9050010684ce69493740d6d3ed292,,,,35.190556,-79.503889,85.261,6.913,-2.973,12,2021,2021-01-15,2025-12-15
2021,USGS-351132079275301,683b864ea566441984a57a19ea2c49e7,,,,35.192,-79.46475,44.834,0,,12,2021,2021-01-15,2025-12-15
2022,USGS-351132079275301,683b864ea566441984a57a19ea2c49e7,,,,35.192,-79.46475,48.221,3.387,3.387,12,2021,2021-01-15,2025-12-15
2023,USGS-351132079275301,683b864ea566441984a57a19ea2c49e7,,,,35.192,-79.46475,47.07,2.236,-1.151,12,2021,2021-01-15,2025-12-15
2024,USGS-351132079275301,683b864ea566441984a57a19ea2c49e7,,,,35.192,-79.46475,52.102,7.267,5.032,12,2021,2021-01-15,2025-12-15
2025,USGS-351132079275301,683b864ea566441984a57a19ea2c49e7,,,,35.192,-79.46475,46.948,2.114,-5.153,11,2021,2021-01-15,2025-12-15
2021,USGS-351146085122701,83700e06d620403badd6742c2435296c,,,,35.196221,-85.207441,58.537,0,,12,2021,2021-01-15,2025-12-15
2022,USGS-351146085122701,83700e06d620403badd6742c2435296c,,,,35.196221,-85.207441,59,0.463,0.463,12,2021,2021-01-15,2025-12-15
2023,USGS-351146085122701,83700e06d620403badd6742c2435296c,,,,35.196221,-85.207441,59.106,0.569,0.106,12,2021,2021-01-15,2025-12-15
2024,USGS-351146085122701,83700e06d620403badd6742c2435296c,,,,35.196221,-85.207441,62.47,3.933,3.364,12,2021,2021-01-15,2025-12-15
2025,USGS-351146085122701,83700e06d620403badd6742c2435296c,,,,35.196221,-85.207441,61.599,3.063,-0.871,12,2021,2021-01-15,2025-12-15
2021,USGS-351201106400501,78c09ea2128245c39e45795d61052ec5,,,,35.200053,-106.669006,165.989,0,,12,2021,2021-01-15,2025-12-15
2022,USGS-351201106400501,78c09ea2128245c39e45795d61052ec5,,,,35.200053,-106.669006,165.074,-0.915,-0.915,12,2021,2021-01-15,2025-12-15
2023,USGS-351201106400501,78c09ea2128245c39e45795d61052ec5,,,,35.200053,-106.669006,165.757,-0.232,0.682,12,2021,2021-01-15,2025-12-15
2024,USGS-351201106400501,78c09ea2128245c39e45795d61052ec5,,,,35.200053,-106.669006,166.302,0.313,0.546,12,2021,2021-01-15,2025-12-15
2025,USGS-351201106400501,78c09ea2128245c39e45795d61052ec5,,,,35.200053,-106.669006,166.92,0.931,0.618,9,2021,2021-01-15,2025-12-15
2021,USGS-351201106400502,50b2ef19465c42b59c63aa9fe50b5f05,,,,35.200053,-106.669006,162.618,0,,12,2021,2021-01-15,2025-12-15
2022,USGS-351201106400502,50b2ef19465c42b59c63aa9fe50b5f05,,,,35.200053,-106.669006,161.903,-0.714,-0.714,12,2021,2021-01-15,2025-12-15
2023,USGS-351201106400502,50b2ef19465c42b59c63aa9fe50b5f05,,,,35.200053,-106.669006,162.594,-0.023,0.691,12,2021,2021-01-15,2025-12-15
2024,USGS-351201106400502,50b2ef19465c42b59c63aa9fe50b5f05,,,,35.200053,-106.669006,163.052,0.435,0.458,12,2021,2021-01-15,2025-12-15
2025,USGS-351201106400502,50b2ef19465c42b59c63aa9fe50b5f05,,,,35.200053,-106.669006,163.641,1.024,0.589,9,2021,2021-01-15,2025-12-15
2021,USGS-351201106400503,8d303403267a432e83ba108597885c22,,,,35.200053,-106.669006,146.636,0,,12,2021,2021-01-15,2025-12-15
2022,USGS-351201106400503,8d303403267a432e83ba108597885c22,,,,35.200053,-106.669006,146.635,-0.001,-0.001,12,2021,2021-01-15,2025-12-15
2023,USGS-351201106400503,8d303403267a432e83ba108597885c22,,,,35.200053,-106.669006,146.679,0.043,0.044,12,2021,2021-01-15,2025-12-15
2024,USGS-351201106400503,8d303403267a432e83ba108597885c22,,,,35.200053,-106.669006,146.832,0.196,0.153,12,2021,2021-01-15,2025-12-15
2025,USGS-351201106400503,8d303403267a432e83ba108597885c22,,,,35.200053,-106.669006,147.403,0.767,0.572,9,2021,2021-01-15,2025-12-15
2021,USGS-351201106400504,c03de17e72ca4a3db6a6203e252d55d7,,,,35.200053,-106.669006,155.148,0,,12,2021,2021-01-15,2025-12-15
2022,USGS-351201106400504,c03de17e72ca4a3db6a6203e252d55d7,,,,35.200053,-106.669006,154.959,-0.189,-0.189,12,2021,2021-01-15,2025-12-15
2023,USGS-351201106400504,c03de17e72ca4a3db6a6203e252d55d7,,,,35.200053,-106.669006,155.465,0.317,0.506,12,2021,2021-01-15,2025-12-15
2024,USGS-351201106400504,c03de17e72ca4a3db6a6203e252d55d7,,,,35.200053,-106.669006,155.658,0.51,0.193,12,2021,2021-01-15,2025-12-15
2025,USGS-351201106400504,c03de17e72ca4a3db6a6203e252d55d7,,,,35.200053,-106.669006,156.449,1.301,0.791,12,2021,2021-01-15,2025-12-15
2021,USGS-351201106400505,884c4881223f4681bbc52820de1b9c02,,,,35.200053,-106.669006,151.051,0,,12,2021,2021-01-15,2025-12-15
2022,USGS-351201106400505,884c4881223f4681bbc52820de1b9c02,,,,35.200053,-106.669006,151.177,0.126,0.126,12,2021,2021-01-15,2025-12-15
2023,USGS-351201106400505,884c4881223f4681bbc52820de1b9c02,,,,35.200053,-106.669006,151.362,0.311,0.185,12,2021,2021-01-15,2025-12-15
2024,USGS-351201106400505,884c4881223f4681bbc52820de1b9c02,,,,35.200053,-106.669006,151.526,0.475,0.164,12,2021,2021-01-15,2025-12-15
2025,USGS-351201106400505,884c4881223f4681bbc52820de1b9c02,,,,35.200053,-106.669006,152.36,1.309,0.834,12,2021,2021-01-15,2025-12-15
2021,USGS-351201106400506,2165b7e6389542f7b4aed62ac1913a40,,,,35.200053,-106.669006,150.001,0,,12,2021,2021-01-15,2025-11-15
2022,USGS-351201106400506,2165b7e6389542f7b4aed62ac1913a40,,,,35.200053,-106.669006,150.167,0.167,0.167,12,2021,2021-01-15,2025-11-15
2023,USGS-351201106400506,2165b7e6389542f7b4aed62ac1913a40,,,,35.200053,-106.669006,150.289,0.288,0.122,11,2021,2021-01-15,2025-11-15
2024,USGS-351201106400506,2165b7e6389542f7b4aed62ac1913a40,,,,35.200053,-106.669006,150.49,0.489,0.201,11,2021,2021-01-15,2025-11-15
2025,USGS-351201106400506,2165b7e6389542f7b4aed62ac1913a40,,,,35.200053,-106.669006,151.209,1.208,0.719,11,2021,2021-01-15,2025-11-15
2021,USGS-351214111022101,22befa94074f45098751e68682e0d107,,,,35.203901,-111.039865,329.561,0,,12,2021,2021-01-15,2025-12-15
2022,USGS-351214111022101,22befa94074f45098751e68682e0d107,,,,35.203901,-111.039865,329.616,0.055,0.055,12,2021,2021-01-15,2025-12-15
2023,USGS-351214111022101,22befa94074f45098751e68682e0d107,,,,35.203901,-111.039865,329.755,0.194,0.139,12,2021,2021-01-15,2025-12-15
2024,USGS-351214111022101,22befa94074f45098751e68682e0d107,,,,35.203901,-111.039865,329.837,0.276,0.082,12,2021,2021-01-15,2025-12-15
2025,USGS-351214111022101,22befa94074f45098751e68682e0d107,,,,35.203901,-111.039865,329.79,0.229,-0.047,12,2021,2021-01-15,2025-12-15
2021,USGS-351248085131601,03ecf04bbabb436e94583482da300be0,,,,35.213443,-85.221052,17.93,0,,12,2021,2021-01-15,2025-12-15
2022,USGS-351248085131601,03ecf04bbabb436e94583482da300be0,,,,35.213443,-85.221052,17.612,-0.318,-0.318,12,2021,2021-01-15,2025-12-15
2023,USGS-351248085131601,03ecf04bbabb436e94583482da300be0,,,,35.213443,-85.221052,18.976,1.046,1.364,12,2021,2021-01-15,2025-12-15
2024,USGS-351248085131601,03ecf04bbabb436e94583482da300be0,,,,35.213443,-85.221052,19.286,1.356,0.31,12,2021,2021-01-15,2025-12-15
2025,USGS-351248085131601,03ecf04bbabb436e94583482da300be0,,,,35.213443,-85.221052,18.578,0.648,-0.708,12,2021,2021-01-15,2025-12-15
2021,USGS-351354092232401,54925585e08644f28f7fa95150e2abe2,,,,35.23175,-92.389861,3.353,0,,12,2021,2021-01-15,2025-12-15
2022,USGS-351354092232401,54925585e08644f28f7fa95150e2abe2,,,,35.23175,-92.389861,3.425,0.072,0.072,12,2021,2021-01-15,2025-12-15
2023,USGS-351354092232401,54925585e08644f28f7fa95150e2abe2,,,,35.23175,-92.389861,2.406,-0.947,-1.019,10,2021,2021-01-15,2025-12-15
2024,USGS-351354092232401,54925585e08644f28f7fa95150e2abe2,,,,35.23175,-92.389861,2.918,-0.434,0.512,12,2021,2021-01-15,2025-12-15
2025,USGS-351354092232401,54925585e08644f28f7fa95150e2abe2,,,,35.23175,-92.389861,2.76,-0.593,-0.158,11,2021,2021-01-15,2025-12-15
2021,USGS-351357106323001,24d7e8e5d2934bdba38354aee74f31ba,,,,35.23255,-106.542248,480.445,0,,12,2021,2021-01-15,2025-12-15
2022,USGS-351357106323001,24d7e8e5d2934bdba38354aee74f31ba,,,,35.23255,-106.542248,480.03,-0.415,-0.415,12,2021,2021-01-15,2025-12-15
2023,USGS-351357106323001,24d7e8e5d2934bdba38354aee74f31ba,,,,35.23255,-106.542248,479.519,-0.926,-0.511,12,2021,2021-01-15,2025-12-15
2024,USGS-351357106323001,24d7e8e5d2934bdba38354aee74f31ba,,,,35.23255,-106.542248,479.016,-1.429,-0.503,12,2021,2021-01-15,2025-12-15
2025,USGS-351357106323001,24d7e8e5d2934bdba38354aee74f31ba,,,,35.23255,-106.542248,478.834,-1.611,-0.182,12,2021,2021-01-15,2025-12-15
2021,USGS-351357106323002,e6ed929899c34efbb7e86867a3ac4a6a,,,,35.23255,-106.542248,480.359,0,,12,2021,2021-01-15,2025-12-15
2022,USGS-351357106323002,e6ed929899c34efbb7e86867a3ac4a6a,,,,35.23255,-106.542248,479.894,-0.465,-0.465,12,2021,2021-01-15,2025-12-15
2023,USGS-351357106323002,e6ed929899c34efbb7e86867a3ac4a6a,,,,35.23255,-106.542248,479.41,-0.949,-0.484,12,2021,2021-01-15,2025-12-15
2024,USGS-351357106323002,e6ed929899c34efbb7e86867a3ac4a6a,,,,35.23255,-106.542248,478.878,-1.481,-0.532,12,2021,2021-01-15,2025-12-15
2025,USGS-351357106323002,e6ed929899c34efbb7e86867a3ac4a6a,,,,35.23255,-106.542248,478.647,-1.713,-0.232,12,2021,2021-01-15,2025-12-15
2021,USGS-351428085003600,62ca8b17e9214ec08b11462d6376e335,,,,35.241582,-85.009935,4.209,0,,12,2021,2021-01-15,2025-12-15
2022,USGS-351428085003600,62ca8b17e9214ec08b11462d6376e335,,,,35.241582,-85.009935,3.903,-0.306,-0.306,12,2021,2021-01-15,2025-12-15
2023,USGS-351428085003600,62ca8b17e9214ec08b11462d6376e335,,,,35.241582,-85.009935,4.196,-0.013,0.293,12,2021,2021-01-15,2025-12-15
2024,USGS-351428085003600,62ca8b17e9214ec08b11462d6376e335,,,,35.241582,-85.009935,5.461,1.252,1.265,12,2021,2021-01-15,2025-12-15
2025,USGS-351428085003600,62ca8b17e9214ec08b11462d6376e335,,,,35.241582,-85.009935,5.919,1.71,0.458,12,2021,2021-01-15,2025-12-15
2021,USGS-351515106410401,cb08bac211a74a8bac8110deeaf14664,,,,35.254231,-106.685139,507.332,0,,9,2021,2021-01-15,2025-12-15
2022,USGS-351515106410401,cb08bac211a74a8bac8110deeaf14664,,,,35.254231,-106.685139,507.988,0.656,0.656,12,2021,2021-01-15,2025-12-15
2023,USGS-351515106410401,cb08bac211a74a8bac8110deeaf14664,,,,35.254231,-106.685139,507.476,0.144,-0.513,12,2021,2021-01-15,2025-12-15
2024,USGS-351515106410401,cb08bac211a74a8bac8110deeaf14664,,,,35.254231,-106.685139,507.82,0.488,0.344,12,2021,2021-01-15,2025-12-15
2025,USGS-351515106410401,cb08bac211a74a8bac8110deeaf14664,,,,35.254231,-106.685139,508.093,0.76,0.273,12,2021,2021-01-15,2025-12-15
2021,USGS-351515106410402,0a4155ac3a2b4845b1ece6efc8b92e97,,,,35.254231,-106.685139,506.69,0,,1,2021,2021-12-15,2025-12-15
2022,USGS-351515106410402,0a4155ac3a2b4845b1ece6efc8b92e97,,,,35.254231,-106.685139,507.612,0.922,0.922,12,2021,2021-12-15,2025-12-15
2023,USGS-351515106410402,0a4155ac3a2b4845b1ece6efc8b92e97,,,,35.254231,-106.685139,507.108,0.418,-0.503,12,2021,2021-12-15,2025-12-15
2024,USGS-351515106410402,0a4155ac3a2b4845b1ece6efc8b92e97,,,,35.254231,-106.685139,507.396,0.706,0.288,12,2021,2021-12-15,2025-12-15
2025,USGS-351515106410402,0a4155ac3a2b4845b1ece6efc8b92e97,,,,35.254231,-106.685139,507.608,0.918,0.213,12,2021,2021-12-15,2025-12-15
2021,USGS-351515106410403,a9c48c90a3c74574a07bd645583ccd66,,,,35.254231,-106.685139,501.007,0,,9,2021,2021-01-15,2025-12-15
2022,USGS-351515106410403,a9c48c90a3c74574a07bd645583ccd66,,,,35.254231,-106.685139,501.546,0.539,0.539,5,2021,2021-01-15,2025-12-15
2023,USGS-351515106410403,a9c48c90a3c74574a07bd645583ccd66,,,,35.254231,-106.685139,501.578,0.572,0.032,12,2021,2021-01-15,2025-12-15
2024,USGS-351515106410403,a9c48c90a3c74574a07bd645583ccd66,,,,35.254231,-106.685139,501.736,0.729,0.157,12,2021,2021-01-15,2025-12-15
2025,USGS-351515106410403,a9c48c90a3c74574a07bd645583ccd66,,,,35.254231,-106.685139,502.002,0.995,0.266,12,2021,2021-01-15,2025-12-15
2021,USGS-351709082434101,6942e204857641fb9922fd7f9e2bc6ba,,,,35.285833,-82.728056,13.928,0,,12,2021,2021-01-15,2025-12-15
2022,USGS-351709082434101,6942e204857641fb9922fd7f9e2bc6ba,,,,35.285833,-82.728056,14.495,0.568,0.568,12,2021,2021-01-15,2025-12-15
2023,USGS-351709082434101,6942e204857641fb9922fd7f9e2bc6ba,,,,35.285833,-82.728056,15.524,1.597,1.029,12,2021,2021-01-15,2025-12-15
2024,USGS-351709082434101,6942e204857641fb9922fd7f9e2bc6ba,,,,35.285833,-82.728056,13.945,0.018,-1.579,12,2021,2021-01-15,2025-12-15
2025,USGS-351709082434101,6942e204857641fb9922fd7f9e2bc6ba,,,,35.285833,-82.728056,14.675,0.747,0.73,12,2021,2021-01-15,2025-12-15
2021,USGS-351808082374302,ad46052d8fdb4db0a2fada144fe0a333,,,,35.302778,-82.628333,27.468,0,,12,2021,2021-01-15,2025-12-15
2022,USGS-351808082374302,ad46052d8fdb4db0a2fada144fe0a333,,,,35.302778,-82.628333,31.028,3.56,3.56,12,2021,2021-01-15,2025-12-15
2023,USGS-351808082374302,ad46052d8fdb4db0a2fada144fe0a333,,,,35.302778,-82.628333,31.077,3.608,0.048,12,2021,2021-01-15,2025-12-15
2024,USGS-351808082374302,ad46052d8fdb4db0a2fada144fe0a333,,,,35.302778,-82.628333,30.007,2.539,-1.069,12,2021,2021-01-15,2025-12-15
2025,USGS-351808082374302,ad46052d8fdb4db0a2fada144fe0a333,,,,35.302778,-82.628333,29.534,2.066,-0.473,12,2021,2021-01-15,2025-12-15
2021,USGS-351821106333901,cd98652daaa840d6bc0cf63882ff7325,,,,35.305497,-106.559925,57.285,0,,12,2021,2021-01-15,2025-12-15
2022,USGS-351821106333901,cd98652daaa840d6bc0cf63882ff7325,,,,35.305497,-106.559925,54.876,-2.409,-2.409,12,2021,2021-01-15,2025-12-15
2023,USGS-351821106333901,cd98652daaa840d6bc0cf63882ff7325,,,,35.305497,-106.559925,57.416,0.131,2.54,12,2021,2021-01-15,2025-12-15
2024,USGS-351821106333901,cd98652daaa840d6bc0cf63882ff7325,,,,35.305497,-106.559925,55.737,-1.548,-1.679,12,2021,2021-01-15,2025-12-15
2025,USGS-351821106333901,cd98652daaa840d6bc0cf63882ff7325,,,,35.305497,-106.559925,55.976,-1.309,0.239,12,2021,2021-01-15,2025-12-15
2021,USGS-351849078163901,7a8ffaf709a24e01a5786556ad8d9263,,,,35.309722,-78.272778,3.526,0,,12,2021,2021-01-15,2025-12-15
2022,USGS-351849078163901,7a8ffaf709a24e01a5786556ad8d9263,,,,35.309722,-78.272778,5.882,2.356,2.356,12,2021,2021-01-15,2025-12-15
2023,USGS-351849078163901,7a8ffaf709a24e01a5786556ad8d9263,,,,35.309722,-78.272778,4.466,0.94,-1.416,12,2021,2021-01-15,2025-12-15
2024,USGS-351849078163901,7a8ffaf709a24e01a5786556ad8d9263,,,,35.309722,-78.272778,3.606,0.08,-0.86,12,2021,2021-01-15,2025-12-15
2025,USGS-351849078163901,7a8ffaf709a24e01a5786556ad8d9263,,,,35.309722,-78.272778,4.463,0.937,0.857,11,2021,2021-01-15,2025-12-15
2021,USGS-352012081154301,9cec7c20f2734f708ed0ddb7fad569e3,,,,35.336806,-81.262069,32.678,0,,12,2021,2021-01-15,2025-12-15
2022,USGS-352012081154301,9cec7c20f2734f708ed0ddb7fad569e3,,,,35.336806,-81.262069,44.182,11.504,11.504,12,2021,2021-01-15,2025-12-15
2023,USGS-352012081154301,9cec7c20f2734f708ed0ddb7fad569e3,,,,35.336806,-81.262069,40.572,7.894,-3.61,12,2021,2021-01-15,2025-12-15
2024,USGS-352012081154301,9cec7c20f2734f708ed0ddb7fad569e3,,,,35.336806,-81.262069,39.025,6.347,-1.547,12,2021,2021-01-15,2025-12-15
2025,USGS-352012081154301,9cec7c20f2734f708ed0ddb7fad569e3,,,,35.336806,-81.262069,38.442,5.764,-0.583,12,2021,2021-01-15,2025-12-15
2021,USGS-352012081154302,3cfe6b4278f04bf1a7405d36c5d8f16d,,,,35.336806,-81.262069,27.054,0,,11,2021,2021-01-15,2025-12-15
2022,USGS-352012081154302,3cfe6b4278f04bf1a7405d36c5d8f16d,,,,35.336806,-81.262069,38.572,11.519,11.519,12,2021,2021-01-15,2025-12-15
2023,USGS-352012081154302,3cfe6b4278f04bf1a7405d36c5d8f16d,,,,35.336806,-81.262069,35.078,8.024,-3.495,12,2021,2021-01-15,2025-12-15
2024,USGS-352012081154302,3cfe6b4278f04bf1a7405d36c5d8f16d,,,,35.336806,-81.262069,33.542,6.488,-1.536,12,2021,2021-01-15,2025-12-15
2025,USGS-352012081154302,3cfe6b4278f04bf1a7405d36c5d8f16d,,,,35.336806,-81.262069,32.949,5.896,-0.593,12,2021,2021-01-15,2025-12-15
2021,USGS-352226089330102,b5ac5acaf1f44f8c84b71cd1b898c379,,,,35.374251,-89.550632,40.223,0,,12,2021,2021-01-15,2025-12-15
2022,USGS-352226089330102,b5ac5acaf1f44f8c84b71cd1b898c379,,,,35.374251,-89.550632,40.215,-0.008,-0.008,2,2021,2021-01-15,2025-12-15
2024,USGS-352226089330102,b5ac5acaf1f44f8c84b71cd1b898c379,,,,35.374251,-89.550632,41.381,1.159,1.166,8,2021,2021-01-15,2025-12-15
2025,USGS-352226089330102,b5ac5acaf1f44f8c84b71cd1b898c379,,,,35.374251,-89.550632,40.931,0.708,-0.45,12,2021,2021-01-15,2025-12-15
2021,USGS-352341090213101,94fe47bc8de54efaa7c7f5f632b34043,,,,35.394783,-90.358514,24.713,0,,10,2021,2021-01-15,2025-12-15
2022,USGS-352341090213101,94fe47bc8de54efaa7c7f5f632b34043,,,,35.394783,-90.358514,25.152,0.439,0.439,12,2021,2021-01-15,2025-12-15
2023,USGS-352341090213101,94fe47bc8de54efaa7c7f5f632b34043,,,,35.394783,-90.358514,25.449,0.736,0.297,12,2021,2021-01-15,2025-12-15
2024,USGS-352341090213101,94fe47bc8de54efaa7c7f5f632b34043,,,,35.394783,-90.358514,25.987,1.274,0.538,12,2021,2021-01-15,2025-12-15
2025,USGS-352341090213101,94fe47bc8de54efaa7c7f5f632b34043,,,,35.394783,-90.358514,25.434,0.721,-0.554,11,2021,2021-01-15,2025-12-15
2021,USGS-352515086011702,ca452494c40747ab95c6a19c5442eb6c,,,,35.420912,-86.021374,14.817,0,,12,2021,2021-01-15,2025-12-15
2022,USGS-352515086011702,ca452494c40747ab95c6a19c5442eb6c,,,,35.420912,-86.021374,18.22,3.403,3.403,12,2021,2021-01-15,2025-12-15
2023,USGS-352515086011702,ca452494c40747ab95c6a19c5442eb6c,,,,35.420912,-86.021374,19.734,4.918,1.514,12,2021,2021-01-15,2025-12-15
2024,USGS-352515086011702,ca452494c40747ab95c6a19c5442eb6c,,,,35.420912,-86.021374,21.075,6.258,1.341,12,2021,2021-01-15,2025-12-15
2025,USGS-352515086011702,ca452494c40747ab95c6a19c5442eb6c,,,,35.420912,-86.021374,19.855,5.038,-1.22,12,2021,2021-01-15,2025-12-15
2021,USGS-352726090523101,288f8e542d3449ba9f95b47472ce67b7,,,,35.457167,-90.875361,110.457,0,,12,2021,2021-01-15,2025-12-15
2022,USGS-352726090523101,288f8e542d3449ba9f95b47472ce67b7,,,,35.457167,-90.875361,111.264,0.807,0.807,12,2021,2021-01-15,2025-12-15
2023,USGS-352726090523101,288f8e542d3449ba9f95b47472ce67b7,,,,35.457167,-90.875361,111.691,1.233,0.427,12,2021,2021-01-15,2025-12-15
2024,USGS-352726090523101,288f8e542d3449ba9f95b47472ce67b7,,,,35.457167,-90.875361,112.547,2.089,0.856,12,2021,2021-01-15,2025-12-15
2025,USGS-352726090523101,288f8e542d3449ba9f95b47472ce67b7,,,,35.457167,-90.875361,113.007,2.55,0.461,12,2021,2021-01-15,2025-12-15
2021,USGS-352949105144301,28b4011c22854783ad8fb4c23edd60b6,,,,35.496972,-105.245389,39.678,0,,10,2021,2021-01-15,2025-12-15
2022,USGS-352949105144301,28b4011c22854783ad8fb4c23edd60b6,,,,35.496972,-105.245389,39.983,0.305,0.305,12,2021,2021-01-15,2025-12-15
2023,USGS-352949105144301,28b4011c22854783ad8fb4c23edd60b6,,,,35.496972,-105.245389,40.736,1.058,0.752,12,2021,2021-01-15,2025-12-15
2024,USGS-352949105144301,28b4011c22854783ad8fb4c23edd60b6,,,,35.496972,-105.245389,39.253,-0.425,-1.482,12,2021,2021-01-15,2025-12-15
2025,USGS-352949105144301,28b4011c22854783ad8fb4c23edd60b6,,,,35.496972,-105.245389,25.128,-14.55,-14.125,12,2021,2021-01-15,2025-12-15
2021,USGS-353135080524201,454dade509d74204a82ecc94c1936a1f,,,,35.526389,-80.878333,15.698,0,,12,2021,2021-01-15,2025-12-15
2022,USGS-353135080524201,454dade509d74204a82ecc94c1936a1f,,,,35.526389,-80.878333,19.535,3.837,3.837,12,2021,2021-01-15,2025-12-15
2023,USGS-353135080524201,454dade509d74204a82ecc94c1936a1f,,,,35.526389,-80.878333,17.551,1.853,-1.984,12,2021,2021-01-15,2025-12-15
2024,USGS-353135080524201,454dade509d74204a82ecc94c1936a1f,,,,35.526389,-80.878333,16.841,1.143,-0.71,12,2021,2021-01-15,2025-12-15
2025,USGS-353135080524201,454dade509d74204a82ecc94c1936a1f,,,,35.526389,-80.878333,18.369,2.671,1.528,11,2021,2021-01-15,2025-12-15
2021,USGS-353135080524202,cd93451cb90a4eed88372e5519d64c0e,,,,35.526667,-80.878333,15.633,0,,12,2021,2021-01-15,2025-12-15
2022,USGS-353135080524202,cd93451cb90a4eed88372e5519d64c0e,,,,35.526667,-80.878333,19.501,3.868,3.868,12,2021,2021-01-15,2025-12-15
2023,USGS-353135080524202,cd93451cb90a4eed88372e5519d64c0e,,,,35.526667,-80.878333,17.503,1.869,-1.998,12,2021,2021-01-15,2025-12-15
2024,USGS-353135080524202,cd93451cb90a4eed88372e5519d64c0e,,,,35.526667,-80.878333,16.805,1.172,-0.698,12,2021,2021-01-15,2025-12-15
2025,USGS-353135080524202,cd93451cb90a4eed88372e5519d64c0e,,,,35.526667,-80.878333,18.308,2.675,1.503,11,2021,2021-01-15,2025-12-15
2021,USGS-353135080524203,ec601e36a98b4805b4f070085216f3ba,,,,35.526667,-80.878333,21.611,0,,12,2021,2021-01-15,2025-12-15
2022,USGS-353135080524203,ec601e36a98b4805b4f070085216f3ba,,,,35.526667,-80.878333,24.165,2.554,2.554,12,2021,2021-01-15,2025-12-15
2023,USGS-353135080524203,ec601e36a98b4805b4f070085216f3ba,,,,35.526667,-80.878333,24.722,3.111,0.557,10,2021,2021-01-15,2025-12-15
2024,USGS-353135080524203,ec601e36a98b4805b4f070085216f3ba,,,,35.526667,-80.878333,23.709,2.098,-1.013,12,2021,2021-01-15,2025-12-15
2025,USGS-353135080524203,ec601e36a98b4805b4f070085216f3ba,,,,35.526667,-80.878333,23.552,1.941,-0.157,11,2021,2021-01-15,2025-12-15
2021,USGS-353146105144801,ad2baf137a89473c888e92b7344eb1a5,,,,35.526939,-105.2467,41.256,0,,9,2021,2021-01-15,2025-12-15
2022,USGS-353146105144801,ad2baf137a89473c888e92b7344eb1a5,,,,35.526939,-105.2467,41.904,0.649,0.649,7,2021,2021-01-15,2025-12-15
2023,USGS-353146105144801,ad2baf137a89473c888e92b7344eb1a5,,,,35.526939,-105.2467,40.492,-0.763,-1.412,8,2021,2021-01-15,2025-12-15
2024,USGS-353146105144801,ad2baf137a89473c888e92b7344eb1a5,,,,35.526939,-105.2467,39.344,-1.911,-1.148,12,2021,2021-01-15,2025-12-15
2025,USGS-353146105144801,ad2baf137a89473c888e92b7344eb1a5,,,,35.526939,-105.2467,32.317,-8.939,-7.027,12,2021,2021-01-15,2025-12-15
2021,USGS-353219077153801,33cd858e77e344c3bccf4a135ce8dc9f,,,,35.538333,-77.261389,4.418,0,,12,2021,2021-01-15,2025-12-15
2022,USGS-353219077153801,33cd858e77e344c3bccf4a135ce8dc9f,,,,35.538333,-77.261389,4.903,0.485,0.485,12,2021,2021-01-15,2025-12-15
2023,USGS-353219077153801,33cd858e77e344c3bccf4a135ce8dc9f,,,,35.538333,-77.261389,4.521,0.103,-0.382,12,2021,2021-01-15,2025-12-15
2024,USGS-353219077153801,33cd858e77e344c3bccf4a135ce8dc9f,,,,35.538333,-77.261389,3.769,-0.649,-0.752,9,2021,2021-01-15,2025-12-15
2025,USGS-353219077153801,33cd858e77e344c3bccf4a135ce8dc9f,,,,35.538333,-77.261389,5.111,0.693,1.342,8,2021,2021-01-15,2025-12-15
2021,USGS-353348106025101,70ff825242f844eab64ea1d1178729cc,,,,35.563333,-106.0475,69.749,0,,8,2021,2021-01-15,2025-12-15
2022,USGS-353348106025101,70ff825242f844eab64ea1d1178729cc,,,,35.563333,-106.0475,69.784,0.035,0.035,12,2021,2021-01-15,2025-12-15
2023,USGS-353348106025101,70ff825242f844eab64ea1d1178729cc,,,,35.563333,-106.0475,69.808,0.059,0.024,10,2021,2021-01-15,2025-12-15
2024,USGS-353348106025101,70ff825242f844eab64ea1d1178729cc,,,,35.563333,-106.0475,69.812,0.063,0.004,12,2021,2021-01-15,2025-12-15
2025,USGS-353348106025101,70ff825242f844eab64ea1d1178729cc,,,,35.563333,-106.0475,69.805,0.056,-0.007,12,2021,2021-01-15,2025-12-15
2021,USGS-353509078404101,dca3ef1c4a73439f8cfa0c95937f58e7,,,,35.569228,-78.677903,7.111,0,,12,2021,2021-01-15,2025-12-15
2022,USGS-353509078404101,dca3ef1c4a73439f8cfa0c95937f58e7,,,,35.569228,-78.677903,7.786,0.675,0.675,12,2021,2021-01-15,2025-12-15
2023,USGS-353509078404101,dca3ef1c4a73439f8cfa0c95937f58e7,,,,35.569228,-78.677903,6.954,-0.157,-0.832,12,2021,2021-01-15,2025-12-15
2024,USGS-353509078404101,dca3ef1c4a73439f8cfa0c95937f58e7,,,,35.569228,-78.677903,6.169,-0.942,-0.785,12,2021,2021-01-15,2025-12-15
2025,USGS-353509078404101,dca3ef1c4a73439f8cfa0c95937f58e7,,,,35.569228,-78.677903,7.09,-0.021,0.921,2,2021,2021-01-15,2025-12-15
2021,USGS-353509078404102,c598d72bc4f24467815c488fa06303c4,,,,35.569239,-78.678006,27.974,0,,12,2021,2021-01-15,2025-12-15
2022,USGS-353509078404102,c598d72bc4f24467815c488fa06303c4,,,,35.569239,-78.678006,29.535,1.561,1.561,12,2021,2021-01-15,2025-12-15
2023,USGS-353509078404102,c598d72bc4f24467815c488fa06303c4,,,,35.569239,-78.678006,29.246,1.272,-0.289,12,2021,2021-01-15,2025-12-15
2024,USGS-353509078404102,c598d72bc4f24467815c488fa06303c4,,,,35.569239,-78.678006,31.099,3.125,1.853,12,2021,2021-01-15,2025-12-15
2025,USGS-353509078404102,c598d72bc4f24467815c488fa06303c4,,,,35.569239,-78.678006,29.886,1.912,-1.213,12,2021,2021-01-15,2025-12-15
2021,USGS-353606090510701,d490a2f6c48f44d490f416c2972eee95,,,,35.601528,-90.851944,125.581,0,,12,2021,2021-01-15,2025-12-15
2022,USGS-353606090510701,d490a2f6c48f44d490f416c2972eee95,,,,35.601528,-90.851944,126.978,1.398,1.398,12,2021,2021-01-15,2025-12-15
2023,USGS-353606090510701,d490a2f6c48f44d490f416c2972eee95,,,,35.601528,-90.851944,127.777,2.196,0.798,12,2021,2021-01-15,2025-12-15
2024,USGS-353606090510701,d490a2f6c48f44d490f416c2972eee95,,,,35.601528,-90.851944,128.137,2.556,0.36,12,2021,2021-01-15,2025-12-15
2025,USGS-353606090510701,d490a2f6c48f44d490f416c2972eee95,,,,35.601528,-90.851944,128.511,2.93,0.374,11,2021,2021-01-15,2025-12-15
2021,USGS-353827076293001,3a740e7f9f9f4533bbf3156bb2e256bc,,,,35.640758,-76.491653,1.195,0,,12,2021,2021-01-15,2025-12-15
2022,USGS-353827076293001,3a740e7f9f9f4533bbf3156bb2e256bc,,,,35.640758,-76.491653,0.911,-0.284,-0.284,12,2021,2021-01-15,2025-12-15
2023,USGS-353827076293001,3a740e7f9f9f4533bbf3156bb2e256bc,,,,35.640758,-76.491653,0.669,-0.526,-0.242,12,2021,2021-01-15,2025-12-15
2024,USGS-353827076293001,3a740e7f9f9f4533bbf3156bb2e256bc,,,,35.640758,-76.491653,0.712,-0.483,0.042,12,2021,2021-01-15,2025-12-15
2025,USGS-353827076293001,3a740e7f9f9f4533bbf3156bb2e256bc,,,,35.640758,-76.491653,0.613,-0.582,-0.098,12,2021,2021-01-15,2025-12-15
2021,USGS-353833078493301,02568901d0a7467d92fceb4687be925a,,,,35.6425,-78.825833,23.584,0,,12,2021,2021-01-15,2025-12-15
2022,USGS-353833078493301,02568901d0a7467d92fceb4687be925a,,,,35.6425,-78.825833,24.54,0.956,0.956,12,2021,2021-01-15,2025-12-15
2023,USGS-353833078493301,02568901d0a7467d92fceb4687be925a,,,,35.6425,-78.825833,24.283,0.698,-0.258,12,2021,2021-01-15,2025-12-15
2024,USGS-353833078493301,02568901d0a7467d92fceb4687be925a,,,,35.6425,-78.825833,24.339,0.755,0.057,12,2021,2021-01-15,2025-12-15
2025,USGS-353833078493301,02568901d0a7467d92fceb4687be925a,,,,35.6425,-78.825833,24.383,0.798,0.043,12,2021,2021-01-15,2025-12-15
2021,USGS-353922083345600,ec06d957f5124a55b7d51a13fce77271,,,,35.656203,-83.582111,8.836,0,,12,2021,2021-01-15,2025-12-15
2022,USGS-353922083345600,ec06d957f5124a55b7d51a13fce77271,,,,35.656203,-83.582111,8.77,-0.066,-0.066,12,2021,2021-01-15,2025-12-15
2023,USGS-353922083345600,ec06d957f5124a55b7d51a13fce77271,,,,35.656203,-83.582111,8.757,-0.079,-0.013,12,2021,2021-01-15,2025-12-15
2024,USGS-353922083345600,ec06d957f5124a55b7d51a13fce77271,,,,35.656203,-83.582111,8.836,0,0.079,12,2021,2021-01-15,2025-12-15
2025,USGS-353922083345600,ec06d957f5124a55b7d51a13fce77271,,,,35.656203,-83.582111,8.747,-0.089,-0.089,12,2021,2021-01-15,2025-12-15
2021,USGS-353945105574501,34e6e3c7d353412686b284bc2e2e4ffa,,,,35.662544,-105.963068,167.612,0,,12,2021,2021-01-15,2025-12-15
2022,USGS-353945105574501,34e6e3c7d353412686b284bc2e2e4ffa,,,,35.662544,-105.963068,168.726,1.113,1.113,12,2021,2021-01-15,2025-12-15
2023,USGS-353945105574501,34e6e3c7d353412686b284bc2e2e4ffa,,,,35.662544,-105.963068,169.548,1.935,0.822,12,2021,2021-01-15,2025-12-15
2024,USGS-353945105574501,34e6e3c7d353412686b284bc2e2e4ffa,,,,35.662544,-105.963068,170.535,2.923,0.988,11,2021,2021-01-15,2025-12-15
2025,USGS-353945105574501,34e6e3c7d353412686b284bc2e2e4ffa,,,,35.662544,-105.963068,171.973,4.361,1.438,9,2021,2021-01-15,2025-12-15
2021,USGS-353945105574502,f05cca3eff1642a7b69cbd0969781c44,,,,35.662544,-105.963068,216.857,0,,12,2021,2021-01-15,2025-12-15
2022,USGS-353945105574502,f05cca3eff1642a7b69cbd0969781c44,,,,35.662544,-105.963068,217.177,0.32,0.32,12,2021,2021-01-15,2025-12-15
2023,USGS-353945105574502,f05cca3eff1642a7b69cbd0969781c44,,,,35.662544,-105.963068,215.287,-1.57,-1.89,12,2021,2021-01-15,2025-12-15
2024,USGS-353945105574502,f05cca3eff1642a7b69cbd0969781c44,,,,35.662544,-105.963068,216.055,-0.802,0.768,12,2021,2021-01-15,2025-12-15
2025,USGS-353945105574502,f05cca3eff1642a7b69cbd0969781c44,,,,35.662544,-105.963068,219.668,2.81,3.612,12,2021,2021-01-15,2025-12-15
2021,USGS-353945105574503,322bebe7d81d4aa096a3a35b0a25e9c8,,,,35.662544,-105.963068,263.338,0,,12,2021,2021-01-15,2025-12-15
2022,USGS-353945105574503,322bebe7d81d4aa096a3a35b0a25e9c8,,,,35.662544,-105.963068,262.258,-1.08,-1.08,12,2021,2021-01-15,2025-12-15
2023,USGS-353945105574503,322bebe7d81d4aa096a3a35b0a25e9c8,,,,35.662544,-105.963068,251.94,-11.398,-10.318,12,2021,2021-01-15,2025-12-15
2024,USGS-353945105574503,322bebe7d81d4aa096a3a35b0a25e9c8,,,,35.662544,-105.963068,250.213,-13.125,-1.727,12,2021,2021-01-15,2025-12-15
2025,USGS-353945105574503,322bebe7d81d4aa096a3a35b0a25e9c8,,,,35.662544,-105.963068,253.301,-10.037,3.088,10,2021,2021-01-15,2025-12-15
2021,USGS-354056106215801,8cecb8b206c94c1094dfdb41ae525ecd,,,,35.681431,-106.366691,596.353,0,,12,2021,2021-01-15,2025-12-15
2022,USGS-354056106215801,8cecb8b206c94c1094dfdb41ae525ecd,,,,35.681431,-106.366691,596.654,0.302,0.302,12,2021,2021-01-15,2025-12-15
2023,USGS-354056106215801,8cecb8b206c94c1094dfdb41ae525ecd,,,,35.681431,-106.366691,596.677,0.325,0.023,12,2021,2021-01-15,2025-12-15
2024,USGS-354056106215801,8cecb8b206c94c1094dfdb41ae525ecd,,,,35.681431,-106.366691,596.678,0.326,0.001,12,2021,2021-01-15,2025-12-15
2025,USGS-354056106215801,8cecb8b206c94c1094dfdb41ae525ecd,,,,35.681431,-106.366691,596.853,0.501,0.175,12,2021,2021-01-15,2025-12-15
2021,USGS-354057080362601,374f20703b894315a418aba15ecf3e42,,,,35.682783,-80.607047,6.433,0,,12,2021,2021-01-15,2025-12-15
2022,USGS-354057080362601,374f20703b894315a418aba15ecf3e42,,,,35.682783,-80.607047,6.999,0.566,0.566,12,2021,2021-01-15,2025-12-15
2023,USGS-354057080362601,374f20703b894315a418aba15ecf3e42,,,,35.682783,-80.607047,6.776,0.343,-0.223,12,2021,2021-01-15,2025-12-15
2024,USGS-354057080362601,374f20703b894315a418aba15ecf3e42,,,,35.682783,-80.607047,6.495,0.061,-0.281,11,2021,2021-01-15,2025-12-15
2025,USGS-354057080362601,374f20703b894315a418aba15ecf3e42,,,,35.682783,-80.607047,6.742,0.309,0.248,12,2021,2021-01-15,2025-12-15
2021,USGS-354126076314201,a3033acc181f460d85dbb1539ac9ad1a,,,,35.690344,-76.5283,1.848,0,,12,2021,2021-01-15,2025-12-15
2022,USGS-354126076314201,a3033acc181f460d85dbb1539ac9ad1a,,,,35.690344,-76.5283,1.461,-0.387,-0.387,12,2021,2021-01-15,2025-12-15
2023,USGS-354126076314201,a3033acc181f460d85dbb1539ac9ad1a,,,,35.690344,-76.5283,1.364,-0.484,-0.097,12,2021,2021-01-15,2025-12-15
2024,USGS-354126076314201,a3033acc181f460d85dbb1539ac9ad1a,,,,35.690344,-76.5283,1.343,-0.505,-0.021,12,2021,2021-01-15,2025-12-15
2025,USGS-354126076314201,a3033acc181f460d85dbb1539ac9ad1a,,,,35.690344,-76.5283,1.533,-0.316,0.189,12,2021,2021-01-15,2025-12-15
2021,USGS-354133082042201,32c09bd822ff481ca87d813bd28ba9b0,,,,35.692611,-82.072944,28.434,0,,11,2021,2021-01-15,2025-12-15
2022,USGS-354133082042201,32c09bd822ff481ca87d813bd28ba9b0,,,,35.692611,-82.072944,29.492,1.058,1.058,12,2021,2021-01-15,2025-12-15
2023,USGS-354133082042201,32c09bd822ff481ca87d813bd28ba9b0,,,,35.692611,-82.072944,29.334,0.901,-0.158,12,2021,2021-01-15,2025-12-15
2024,USGS-354133082042201,32c09bd822ff481ca87d813bd28ba9b0,,,,35.692611,-82.072944,28.509,0.076,-0.825,12,2021,2021-01-15,2025-12-15
2025,USGS-354133082042201,32c09bd822ff481ca87d813bd28ba9b0,,,,35.692611,-82.072944,29.968,1.534,1.458,12,2021,2021-01-15,2025-12-15
2021,USGS-354133082042203,97b4e549107d437aaf8dee5ed61748f7,,,,35.692611,-82.072944,28.613,0,,11,2021,2021-01-15,2025-12-15
2022,USGS-354133082042203,97b4e549107d437aaf8dee5ed61748f7,,,,35.692611,-82.072944,29.597,0.984,0.984,12,2021,2021-01-15,2025-12-15
2023,USGS-354133082042203,97b4e549107d437aaf8dee5ed61748f7,,,,35.692611,-82.072944,29.422,0.809,-0.175,12,2021,2021-01-15,2025-12-15
2024,USGS-354133082042203,97b4e549107d437aaf8dee5ed61748f7,,,,35.692611,-82.072944,28.725,0.112,-0.697,12,2021,2021-01-15,2025-12-15
2025,USGS-354133082042203,97b4e549107d437aaf8dee5ed61748f7,,,,35.692611,-82.072944,29.978,1.365,1.253,12,2021,2021-01-15,2025-12-15
2021,USGS-354144078460101,b0984287a1f145c99108fde26bdfa2c8,,,,35.695439,-78.766847,22.317,0,,12,2021,2021-01-15,2025-12-15
2022,USGS-354144078460101,b0984287a1f145c99108fde26bdfa2c8,,,,35.695439,-78.766847,24.823,2.507,2.507,12,2021,2021-01-15,2025-12-15
2023,USGS-354144078460101,b0984287a1f145c99108fde26bdfa2c8,,,,35.695439,-78.766847,24.944,2.628,0.121,12,2021,2021-01-15,2025-12-15
2024,USGS-354144078460101,b0984287a1f145c99108fde26bdfa2c8,,,,35.695439,-78.766847,25.739,3.423,0.795,12,2021,2021-01-15,2025-12-15
2025,USGS-354144078460101,b0984287a1f145c99108fde26bdfa2c8,,,,35.695439,-78.766847,26.237,3.92,0.497,12,2021,2021-01-15,2025-12-15
2021,USGS-354144078460102,f04df6d8125348a1b3211ae19501830e,,,,35.695436,-78.766944,29.967,0,,12,2021,2021-01-15,2025-12-15
2022,USGS-354144078460102,f04df6d8125348a1b3211ae19501830e,,,,35.695436,-78.766944,31.658,1.692,1.692,12,2021,2021-01-15,2025-12-15
2023,USGS-354144078460102,f04df6d8125348a1b3211ae19501830e,,,,35.695436,-78.766944,31.343,1.376,-0.316,12,2021,2021-01-15,2025-12-15
2024,USGS-354144078460102,f04df6d8125348a1b3211ae19501830e,,,,35.695436,-78.766944,32.492,2.525,1.149,12,2021,2021-01-15,2025-12-15
2025,USGS-354144078460102,f04df6d8125348a1b3211ae19501830e,,,,35.695436,-78.766944,32.232,2.265,-0.26,12,2021,2021-01-15,2025-12-15
2021,USGS-354216076271201,a1bedc57ecf648c18b734bc9b1a35961,,,,35.702722,-76.454694,1.452,0,,12,2021,2021-01-15,2025-12-15
2022,USGS-354216076271201,a1bedc57ecf648c18b734bc9b1a35961,,,,35.702722,-76.454694,1.364,-0.087,-0.087,12,2021,2021-01-15,2025-12-15
2023,USGS-354216076271201,a1bedc57ecf648c18b734bc9b1a35961,,,,35.702722,-76.454694,1.182,-0.269,-0.182,12,2021,2021-01-15,2025-12-15
2024,USGS-354216076271201,a1bedc57ecf648c18b734bc9b1a35961,,,,35.702722,-76.454694,1.093,-0.358,-0.089,12,2021,2021-01-15,2025-12-15
2025,USGS-354216076271201,a1bedc57ecf648c18b734bc9b1a35961,,,,35.702722,-76.454694,1.211,-0.241,0.117,12,2021,2021-01-15,2025-12-15
2021,USGS-354227076232901,f96faa536f6a4dda8c1505fe8f26a1c8,,,,35.70755,-76.391333,2.559,0,,11,2021,2021-01-15,2025-12-15
2022,USGS-354227076232901,f96faa536f6a4dda8c1505fe8f26a1c8,,,,35.70755,-76.391333,3.072,0.513,0.513,12,2021,2021-01-15,2025-12-15
2023,USGS-354227076232901,f96faa536f6a4dda8c1505fe8f26a1c8,,,,35.70755,-76.391333,2.428,-0.131,-0.643,12,2021,2021-01-15,2025-12-15
2024,USGS-354227076232901,f96faa536f6a4dda8c1505fe8f26a1c8,,,,35.70755,-76.391333,2.232,-0.327,-0.197,12,2021,2021-01-15,2025-12-15
2025,USGS-354227076232901,f96faa536f6a4dda8c1505fe8f26a1c8,,,,35.70755,-76.391333,2.6,0.041,0.368,12,2021,2021-01-15,2025-12-15
2021,USGS-354228106044901,b39450a5210847bc8ada199b06bb6136,,,,35.707778,-106.080278,216.367,0,,12,2021,2021-01-15,2025-12-15
2022,USGS-354228106044901,b39450a5210847bc8ada199b06bb6136,,,,35.707778,-106.080278,216.63,0.263,0.263,12,2021,2021-01-15,2025-12-15
2023,USGS-354228106044901,b39450a5210847bc8ada199b06bb6136,,,,35.707778,-106.080278,216.773,0.407,0.143,12,2021,2021-01-15,2025-12-15
2024,USGS-354228106044901,b39450a5210847bc8ada199b06bb6136,,,,35.707778,-106.080278,217.383,1.016,0.609,12,2021,2021-01-15,2025-12-15
2025,USGS-354228106044901,b39450a5210847bc8ada199b06bb6136,,,,35.707778,-106.080278,217.513,1.147,0.131,12,2021,2021-01-15,2025-12-15
2021,USGS-354228106044902,dab6a901775140dfbfca41c10fcc8b31,,,,35.707778,-106.080278,251.881,0,,12,2021,2021-01-15,2025-12-15
2022,USGS-354228106044902,dab6a901775140dfbfca41c10fcc8b31,,,,35.707778,-106.080278,253.214,1.333,1.333,12,2021,2021-01-15,2025-12-15
2023,USGS-354228106044902,dab6a901775140dfbfca41c10fcc8b31,,,,35.707778,-106.080278,255.526,3.645,2.311,9,2021,2021-01-15,2025-12-15
2024,USGS-354228106044902,dab6a901775140dfbfca41c10fcc8b31,,,,35.707778,-106.080278,256.673,4.792,1.148,12,2021,2021-01-15,2025-12-15
2025,USGS-354228106044902,dab6a901775140dfbfca41c10fcc8b31,,,,35.707778,-106.080278,254.974,3.093,-1.699,12,2021,2021-01-15,2025-12-15
2021,USGS-354228106044903,4dab292f2e854c65ab12e5e6a363c6f8,,,,35.707778,-106.080278,280.331,0,,12,2021,2021-01-15,2025-12-15
2022,USGS-354228106044903,4dab292f2e854c65ab12e5e6a363c6f8,,,,35.707778,-106.080278,280.819,0.488,0.488,12,2021,2021-01-15,2025-12-15
2023,USGS-354228106044903,4dab292f2e854c65ab12e5e6a363c6f8,,,,35.707778,-106.080278,282.456,2.125,1.637,12,2021,2021-01-15,2025-12-15
2024,USGS-354228106044903,4dab292f2e854c65ab12e5e6a363c6f8,,,,35.707778,-106.080278,282.358,2.028,-0.098,12,2021,2021-01-15,2025-12-15
2025,USGS-354228106044903,4dab292f2e854c65ab12e5e6a363c6f8,,,,35.707778,-106.080278,281.957,1.627,-0.401,12,2021,2021-01-15,2025-12-15
2021,USGS-354302081433201,3fe80acaec084db5a14f0510c0d20861,,,,35.717222,-81.725556,7.618,0,,12,2021,2021-01-15,2025-12-15
2022,USGS-354302081433201,3fe80acaec084db5a14f0510c0d20861,,,,35.717222,-81.725556,8.064,0.446,0.446,12,2021,2021-01-15,2025-12-15
2023,USGS-354302081433201,3fe80acaec084db5a14f0510c0d20861,,,,35.717222,-81.725556,7.938,0.32,-0.126,12,2021,2021-01-15,2025-12-15
2024,USGS-354302081433201,3fe80acaec084db5a14f0510c0d20861,,,,35.717222,-81.725556,7.743,0.124,-0.196,12,2021,2021-01-15,2025-12-15
2025,USGS-354302081433201,3fe80acaec084db5a14f0510c0d20861,,,,35.717222,-81.725556,8.151,0.533,0.408,11,2021,2021-01-15,2025-12-15
2021,USGS-354302081433202,1dbf451edb4941418cd8742c547bea4e,,,,35.717222,-81.725556,10.818,0,,12,2021,2021-01-15,2025-12-15
2022,USGS-354302081433202,1dbf451edb4941418cd8742c547bea4e,,,,35.717222,-81.725556,11.197,0.379,0.379,12,2021,2021-01-15,2025-12-15
2023,USGS-354302081433202,1dbf451edb4941418cd8742c547bea4e,,,,35.717222,-81.725556,11.236,0.418,0.039,12,2021,2021-01-15,2025-12-15
2024,USGS-354302081433202,1dbf451edb4941418cd8742c547bea4e,,,,35.717222,-81.725556,10.918,0.101,-0.317,12,2021,2021-01-15,2025-12-15
2025,USGS-354302081433202,1dbf451edb4941418cd8742c547bea4e,,,,35.717222,-81.725556,11.209,0.392,0.291,12,2021,2021-01-15,2025-12-15
2021,USGS-354315078300101,85776c63930141e8bb3a799282f97718,,,,35.720786,-78.50055,16.573,0,,12,2021,2021-01-15,2025-12-15
2022,USGS-354315078300101,85776c63930141e8bb3a799282f97718,,,,35.720786,-78.50055,18.712,2.138,2.138,12,2021,2021-01-15,2025-12-15
2023,USGS-354315078300101,85776c63930141e8bb3a799282f97718,,,,35.720786,-78.50055,18.505,1.932,-0.207,12,2021,2021-01-15,2025-12-15
2024,USGS-354315078300101,85776c63930141e8bb3a799282f97718,,,,35.720786,-78.50055,18.669,2.096,0.164,12,2021,2021-01-15,2025-12-15
2025,USGS-354315078300101,85776c63930141e8bb3a799282f97718,,,,35.720786,-78.50055,18.98,2.407,0.311,12,2021,2021-01-15,2025-12-15
2021,USGS-354315078300103,9ff24520ae4e4569a3a8b34699037c54,,,,35.720914,-78.500503,15.194,0,,12,2021,2021-01-15,2025-12-15
2022,USGS-354315078300103,9ff24520ae4e4569a3a8b34699037c54,,,,35.720914,-78.500503,17.081,1.887,1.887,12,2021,2021-01-15,2025-12-15
2023,USGS-354315078300103,9ff24520ae4e4569a3a8b34699037c54,,,,35.720914,-78.500503,16.713,1.519,-0.367,12,2021,2021-01-15,2025-12-15
2024,USGS-354315078300103,9ff24520ae4e4569a3a8b34699037c54,,,,35.720914,-78.500503,16.857,1.663,0.144,12,2021,2021-01-15,2025-12-15
2025,USGS-354315078300103,9ff24520ae4e4569a3a8b34699037c54,,,,35.720914,-78.500503,17.168,1.973,0.31,12,2021,2021-01-15,2025-12-15
2021,USGS-354321105573701,f008f9af414b49b3aa1953f169a264d0,,,,35.7225,-105.960278,528.111,0,,12,2021,2021-01-15,2025-12-15
2022,USGS-354321105573701,f008f9af414b49b3aa1953f169a264d0,,,,35.7225,-105.960278,528.359,0.248,0.248,12,2021,2021-01-15,2025-12-15
2023,USGS-354321105573701,f008f9af414b49b3aa1953f169a264d0,,,,35.7225,-105.960278,525.965,-2.146,-2.394,12,2021,2021-01-15,2025-12-15
2024,USGS-354321105573701,f008f9af414b49b3aa1953f169a264d0,,,,35.7225,-105.960278,526.844,-1.267,0.879,12,2021,2021-01-15,2025-12-15
2025,USGS-354321105573701,f008f9af414b49b3aa1953f169a264d0,,,,35.7225,-105.960278,542.992,14.881,16.147,12,2021,2021-01-15,2025-12-15
2021,USGS-354321105573702,00704d6da9f94a9a890e343ad67f27a7,,,,35.7225,-105.960278,535.417,0,,6,2021,2021-05-15,2025-12-15
2022,USGS-354321105573702,00704d6da9f94a9a890e343ad67f27a7,,,,35.7225,-105.960278,531.203,-4.213,-4.213,12,2021,2021-05-15,2025-12-15
2023,USGS-354321105573702,00704d6da9f94a9a890e343ad67f27a7,,,,35.7225,-105.960278,528.817,-6.6,-2.387,12,2021,2021-05-15,2025-12-15
2024,USGS-354321105573702,00704d6da9f94a9a890e343ad67f27a7,,,,35.7225,-105.960278,529.66,-5.757,0.843,12,2021,2021-05-15,2025-12-15
2025,USGS-354321105573702,00704d6da9f94a9a890e343ad67f27a7,,,,35.7225,-105.960278,543.877,8.46,14.217,12,2021,2021-05-15,2025-12-15
2021,USGS-354359078403104,22e809b6fd914f9bac33fe58266eb248,,,,35.733056,-78.675556,29.939,0,,12,2021,2021-01-15,2025-12-15
2022,USGS-354359078403104,22e809b6fd914f9bac33fe58266eb248,,,,35.733056,-78.675556,30.886,0.947,0.947,12,2021,2021-01-15,2025-12-15
2023,USGS-354359078403104,22e809b6fd914f9bac33fe58266eb248,,,,35.733056,-78.675556,30.718,0.779,-0.168,12,2021,2021-01-15,2025-12-15
2024,USGS-354359078403104,22e809b6fd914f9bac33fe58266eb248,,,,35.733056,-78.675556,30.878,0.939,0.16,12,2021,2021-01-15,2025-12-15
2025,USGS-354359078403104,22e809b6fd914f9bac33fe58266eb248,,,,35.733056,-78.675556,30.593,0.654,-0.285,12,2021,2021-01-15,2025-12-15
2021,USGS-354418076463601,8480cbc67e764370a3c58ea824e69b3f,,,,35.738889,-76.775278,2.647,0,,12,2021,2021-01-15,2025-12-15
2022,USGS-354418076463601,8480cbc67e764370a3c58ea824e69b3f,,,,35.738889,-76.775278,2.312,-0.335,-0.335,12,2021,2021-01-15,2025-12-15
2023,USGS-354418076463601,8480cbc67e764370a3c58ea824e69b3f,,,,35.738889,-76.775278,2.754,0.107,0.442,12,2021,2021-01-15,2025-12-15
2024,USGS-354418076463601,8480cbc67e764370a3c58ea824e69b3f,,,,35.738889,-76.775278,2.878,0.232,0.124,12,2021,2021-01-15,2025-12-15
2025,USGS-354418076463601,8480cbc67e764370a3c58ea824e69b3f,,,,35.738889,-76.775278,2.549,-0.098,-0.329,12,2021,2021-01-15,2025-12-15
2021,USGS-354616081085101,b8be82604bf14fc1b2d46c42e6d14a6d,,,,35.77105,-81.147347,34.828,0,,12,2021,2021-01-15,2025-12-15
2022,USGS-354616081085101,b8be82604bf14fc1b2d46c42e6d14a6d,,,,35.77105,-81.147347,38.458,3.63,3.63,12,2021,2021-01-15,2025-12-15
2023,USGS-354616081085101,b8be82604bf14fc1b2d46c42e6d14a6d,,,,35.77105,-81.147347,37.462,2.635,-0.995,12,2021,2021-01-15,2025-12-15
2024,USGS-354616081085101,b8be82604bf14fc1b2d46c42e6d14a6d,,,,35.77105,-81.147347,37.571,2.743,0.108,12,2021,2021-01-15,2025-12-15
2025,USGS-354616081085101,b8be82604bf14fc1b2d46c42e6d14a6d,,,,35.77105,-81.147347,37.887,3.059,0.316,12,2021,2021-01-15,2025-12-15
2021,USGS-354649078400701,2ae58a8bdb1b4b778577a2ce3a5362d0,,,,35.780236,-78.668567,5.338,0,,12,2021,2021-01-15,2025-12-15
2022,USGS-354649078400701,2ae58a8bdb1b4b778577a2ce3a5362d0,,,,35.780236,-78.668567,5.603,0.265,0.265,12,2021,2021-01-15,2025-12-15
2023,USGS-354649078400701,2ae58a8bdb1b4b778577a2ce3a5362d0,,,,35.780236,-78.668567,3.871,-1.467,-1.732,12,2021,2021-01-15,2025-12-15
2024,USGS-354649078400701,2ae58a8bdb1b4b778577a2ce3a5362d0,,,,35.780236,-78.668567,5.111,-0.227,1.24,12,2021,2021-01-15,2025-12-15
2025,USGS-354649078400701,2ae58a8bdb1b4b778577a2ce3a5362d0,,,,35.780236,-78.668567,5.442,0.104,0.331,12,2021,2021-01-15,2025-12-15
2021,USGS-354649078400702,06bc8204e93c4a928586a129dc7651d2,,,,35.780278,-78.668611,5.914,0,,12,2021,2021-01-15,2025-12-15
2022,USGS-354649078400702,06bc8204e93c4a928586a129dc7651d2,,,,35.780278,-78.668611,6.17,0.256,0.256,11,2021,2021-01-15,2025-12-15
2023,USGS-354649078400702,06bc8204e93c4a928586a129dc7651d2,,,,35.780278,-78.668611,4.383,-1.531,-1.787,12,2021,2021-01-15,2025-12-15
2024,USGS-354649078400702,06bc8204e93c4a928586a129dc7651d2,,,,35.780278,-78.668611,5.647,-0.268,1.263,12,2021,2021-01-15,2025-12-15
2025,USGS-354649078400702,06bc8204e93c4a928586a129dc7651d2,,,,35.780278,-78.668611,5.979,0.065,0.333,12,2021,2021-01-15,2025-12-15
2021,USGS-354731106072001,3a588aaf333e45988b4bc366a2b29783,,,,35.791944,-106.122222,156.644,0,,12,2021,2021-01-15,2025-12-15
2022,USGS-354731106072001,3a588aaf333e45988b4bc366a2b29783,,,,35.791944,-106.122222,156.356,-0.288,-0.288,12,2021,2021-01-15,2025-12-15
2023,USGS-354731106072001,3a588aaf333e45988b4bc366a2b29783,,,,35.791944,-106.122222,155.981,-0.663,-0.375,12,2021,2021-01-15,2025-12-15
2024,USGS-354731106072001,3a588aaf333e45988b4bc366a2b29783,,,,35.791944,-106.122222,154.333,-2.312,-1.648,12,2021,2021-01-15,2025-12-15
2025,USGS-354731106072001,3a588aaf333e45988b4bc366a2b29783,,,,35.791944,-106.122222,155.213,-1.431,0.881,12,2021,2021-01-15,2025-12-15
2021,USGS-354731106072002,b4002ba2357942bd937ac8ba9c90b9d7,,,,35.791944,-106.122222,191.48,0,,12,2021,2021-01-15,2025-12-15
2022,USGS-354731106072002,b4002ba2357942bd937ac8ba9c90b9d7,,,,35.791944,-106.122222,192.166,0.686,0.686,12,2021,2021-01-15,2025-12-15
2023,USGS-354731106072002,b4002ba2357942bd937ac8ba9c90b9d7,,,,35.791944,-106.122222,191.053,-0.427,-1.112,12,2021,2021-01-15,2025-12-15
2024,USGS-354731106072002,b4002ba2357942bd937ac8ba9c90b9d7,,,,35.791944,-106.122222,191.167,-0.313,0.113,12,2021,2021-01-15,2025-12-15
2025,USGS-354731106072002,b4002ba2357942bd937ac8ba9c90b9d7,,,,35.791944,-106.122222,193.211,1.731,2.044,12,2021,2021-01-15,2025-12-15
2021,USGS-354731106072003,7bed92c6e89d4760b9edb9dd58aae3dd,,,,35.791944,-106.122222,199.31,0,,12,2021,2021-01-15,2025-12-15
2022,USGS-354731106072003,7bed92c6e89d4760b9edb9dd58aae3dd,,,,35.791944,-106.122222,199.606,0.296,0.296,12,2021,2021-01-15,2025-12-15
2023,USGS-354731106072003,7bed92c6e89d4760b9edb9dd58aae3dd,,,,35.791944,-106.122222,199.934,0.624,0.328,12,2021,2021-01-15,2025-12-15
2024,USGS-354731106072003,7bed92c6e89d4760b9edb9dd58aae3dd,,,,35.791944,-106.122222,200.157,0.848,0.223,12,2021,2021-01-15,2025-12-15
2025,USGS-354731106072003,7bed92c6e89d4760b9edb9dd58aae3dd,,,,35.791944,-106.122222,200.353,1.043,0.195,12,2021,2021-01-15,2025-12-15
2021,USGS-354748078315901,9ea172cc28834140b6f974716a2fb127,,,,35.796667,-78.533056,25.998,0,,12,2021,2021-01-15,2025-12-15
2022,USGS-354748078315901,9ea172cc28834140b6f974716a2fb127,,,,35.796667,-78.533056,28.31,2.313,2.313,12,2021,2021-01-15,2025-12-15
2023,USGS-354748078315901,9ea172cc28834140b6f974716a2fb127,,,,35.796667,-78.533056,28.002,2.004,-0.308,12,2021,2021-01-15,2025-12-15
2024,USGS-354748078315901,9ea172cc28834140b6f974716a2fb127,,,,35.796667,-78.533056,28.287,2.29,0.286,12,2021,2021-01-15,2025-12-15
2025,USGS-354748078315901,9ea172cc28834140b6f974716a2fb127,,,,35.796667,-78.533056,28.948,2.951,0.661,12,2021,2021-01-15,2025-12-15
2021,USGS-354818078234101,3ff5d4f8fe6b450391ce1aea2eb4f40b,,,,35.805,-78.394722,16.982,0,,12,2021,2021-01-15,2025-12-15
2022,USGS-354818078234101,3ff5d4f8fe6b450391ce1aea2eb4f40b,,,,35.805,-78.394722,19.432,2.45,2.45,12,2021,2021-01-15,2025-12-15
2023,USGS-354818078234101,3ff5d4f8fe6b450391ce1aea2eb4f40b,,,,35.805,-78.394722,18.663,1.682,-0.768,12,2021,2021-01-15,2025-12-15
2024,USGS-354818078234101,3ff5d4f8fe6b450391ce1aea2eb4f40b,,,,35.805,-78.394722,18.323,1.341,-0.341,12,2021,2021-01-15,2025-12-15
2025,USGS-354818078234101,3ff5d4f8fe6b450391ce1aea2eb4f40b,,,,35.805,-78.394722,18.741,1.759,0.418,12,2021,2021-01-15,2025-12-15
2021,USGS-354855078553201,e54ddbe8266545f3b65b1e06e694c59f,,,,35.815278,-78.925556,41.547,0,,12,2021,2021-01-15,2025-12-15
2022,USGS-354855078553201,e54ddbe8266545f3b65b1e06e694c59f,,,,35.815278,-78.925556,43.229,1.682,1.682,12,2021,2021-01-15,2025-12-15
2023,USGS-354855078553201,e54ddbe8266545f3b65b1e06e694c59f,,,,35.815278,-78.925556,43.344,1.797,0.115,12,2021,2021-01-15,2025-12-15
2024,USGS-354855078553201,e54ddbe8266545f3b65b1e06e694c59f,,,,35.815278,-78.925556,43.999,2.452,0.655,12,2021,2021-01-15,2025-12-15
2025,USGS-354855078553201,e54ddbe8266545f3b65b1e06e694c59f,,,,35.815278,-78.925556,44.29,2.743,0.291,12,2021,2021-01-15,2025-12-15
2021,USGS-354916090512501,531ce70cd55a42dcbf5ee8efcc58e15d,,,,35.821028,-90.856806,84.882,0,,12,2021,2021-01-15,2025-12-15
2022,USGS-354916090512501,531ce70cd55a42dcbf5ee8efcc58e15d,,,,35.821028,-90.856806,85.502,0.621,0.621,12,2021,2021-01-15,2025-12-15
2023,USGS-354916090512501,531ce70cd55a42dcbf5ee8efcc58e15d,,,,35.821028,-90.856806,84.674,-0.207,-0.828,12,2021,2021-01-15,2025-12-15
2024,USGS-354916090512501,531ce70cd55a42dcbf5ee8efcc58e15d,,,,35.821028,-90.856806,84.7,-0.182,0.026,12,2021,2021-01-15,2025-12-15
2025,USGS-354916090512501,531ce70cd55a42dcbf5ee8efcc58e15d,,,,35.821028,-90.856806,84.665,-0.216,-0.035,11,2021,2021-01-15,2025-12-15
2021,USGS-355000106092802,da608cfe3c554249835a9f0155bb4f59,,,,35.833359,-106.158358,20.115,0,,4,2021,2021-04-15,2025-12-15
2022,USGS-355000106092802,da608cfe3c554249835a9f0155bb4f59,,,,35.833359,-106.158358,23.469,3.354,3.354,7,2021,2021-04-15,2025-12-15
2023,USGS-355000106092802,da608cfe3c554249835a9f0155bb4f59,,,,35.833359,-106.158358,17.666,-2.449,-5.803,7,2021,2021-04-15,2025-12-15
2024,USGS-355000106092802,da608cfe3c554249835a9f0155bb4f59,,,,35.833359,-106.158358,46.76,26.645,29.094,6,2021,2021-04-15,2025-12-15
2025,USGS-355000106092802,da608cfe3c554249835a9f0155bb4f59,,,,35.833359,-106.158358,25.989,5.874,-20.771,9,2021,2021-04-15,2025-12-15
2021,USGS-355000106092803,2d1174bef99e474c8e784199f62a0541,,,,35.833359,-106.158358,13.213,0,,12,2021,2021-01-15,2025-12-15
2022,USGS-355000106092803,2d1174bef99e474c8e784199f62a0541,,,,35.833359,-106.158358,20.138,6.926,6.926,11,2021,2021-01-15,2025-12-15
2023,USGS-355000106092803,2d1174bef99e474c8e784199f62a0541,,,,35.833359,-106.158358,15.8,2.587,-4.338,10,2021,2021-01-15,2025-12-15
2024,USGS-355000106092803,2d1174bef99e474c8e784199f62a0541,,,,35.833359,-106.158358,15.5,2.287,-0.3,6,2021,2021-01-15,2025-12-15
2025,USGS-355000106092803,2d1174bef99e474c8e784199f62a0541,,,,35.833359,-106.158358,24.733,11.521,9.233,9,2021,2021-01-15,2025-12-15
2021,USGS-355031081243202,1f898e546b004a74afed0bf4f78021bf,,,,35.841978,-81.409067,5.814,0,,12,2021,2021-01-15,2025-12-15
2022,USGS-355031081243202,1f898e546b004a74afed0bf4f78021bf,,,,35.841978,-81.409067,8.82,3.006,3.006,12,2021,2021-01-15,2025-12-15
2023,USGS-355031081243202,1f898e546b004a74afed0bf4f78021bf,,,,35.841978,-81.409067,7.515,1.701,-1.305,11,2021,2021-01-15,2025-12-15
2024,USGS-355031081243202,1f898e546b004a74afed0bf4f78021bf,,,,35.841978,-81.409067,5.214,-0.6,-2.301,12,2021,2021-01-15,2025-12-15
2025,USGS-355031081243202,1f898e546b004a74afed0bf4f78021bf,,,,35.841978,-81.409067,7.137,1.323,1.923,12,2021,2021-01-15,2025-12-15
2021,USGS-355031081243203,684f000dea954ee59e2cfd6bec8d395f,,,,35.842083,-81.409083,16.368,0,,12,2021,2021-01-15,2025-12-15
2022,USGS-355031081243203,684f000dea954ee59e2cfd6bec8d395f,,,,35.842083,-81.409083,20.973,4.605,4.605,12,2021,2021-01-15,2025-12-15
2023,USGS-355031081243203,684f000dea954ee59e2cfd6bec8d395f,,,,35.842083,-81.409083,19.624,3.255,-1.35,11,2021,2021-01-15,2025-12-15
2024,USGS-355031081243203,684f000dea954ee59e2cfd6bec8d395f,,,,35.842083,-81.409083,18.453,2.084,-1.171,12,2021,2021-01-15,2025-12-15
2025,USGS-355031081243203,684f000dea954ee59e2cfd6bec8d395f,,,,35.842083,-81.409083,19.766,3.398,1.313,12,2021,2021-01-15,2025-12-15
2021,USGS-355120105593901,4734a52fa7d5473189bd43653ef20fba,,,,35.855556,-105.994167,29.602,0,,12,2021,2021-01-15,2025-06-15
2022,USGS-355120105593901,4734a52fa7d5473189bd43653ef20fba,,,,35.855556,-105.994167,16.189,-13.413,-13.413,12,2021,2021-01-15,2025-06-15
2023,USGS-355120105593901,4734a52fa7d5473189bd43653ef20fba,,,,35.855556,-105.994167,17.965,-11.637,1.776,8,2021,2021-01-15,2025-06-15
2024,USGS-355120105593901,4734a52fa7d5473189bd43653ef20fba,,,,35.855556,-105.994167,10.17,-19.432,-7.795,10,2021,2021-01-15,2025-06-15
2025,USGS-355120105593901,4734a52fa7d5473189bd43653ef20fba,,,,35.855556,-105.994167,0.238,-29.363,-9.932,6,2021,2021-01-15,2025-06-15
2021,USGS-355120105593902,8b0458665ff0451ba6e5e9b8c9f587ce,,,,35.855556,-105.994167,36.407,0,,12,2021,2021-01-15,2025-06-15
2022,USGS-355120105593902,8b0458665ff0451ba6e5e9b8c9f587ce,,,,35.855556,-105.994167,23.14,-13.267,-13.267,12,2021,2021-01-15,2025-06-15
2023,USGS-355120105593902,8b0458665ff0451ba6e5e9b8c9f587ce,,,,35.855556,-105.994167,18.422,-17.984,-4.718,12,2021,2021-01-15,2025-06-15
2024,USGS-355120105593902,8b0458665ff0451ba6e5e9b8c9f587ce,,,,35.855556,-105.994167,15.397,-21.009,-3.025,12,2021,2021-01-15,2025-06-15
2025,USGS-355120105593902,8b0458665ff0451ba6e5e9b8c9f587ce,,,,35.855556,-105.994167,7.25,-29.157,-8.147,6,2021,2021-01-15,2025-06-15
2021,USGS-355359080331701,85506336879843d18b1c36ae96b41648,,,,35.899819,-80.554781,13.991,0,,12,2021,2021-01-15,2025-12-15
2022,USGS-355359080331701,85506336879843d18b1c36ae96b41648,,,,35.899819,-80.554781,15.948,1.957,1.957,12,2021,2021-01-15,2025-12-15
2023,USGS-355359080331701,85506336879843d18b1c36ae96b41648,,,,35.899819,-80.554781,15.829,1.838,-0.119,12,2021,2021-01-15,2025-12-15
2024,USGS-355359080331701,85506336879843d18b1c36ae96b41648,,,,35.899819,-80.554781,15.693,1.703,-0.136,12,2021,2021-01-15,2025-12-15
2025,USGS-355359080331701,85506336879843d18b1c36ae96b41648,,,,35.899819,-80.554781,16.731,2.74,1.037,12,2021,2021-01-15,2025-12-15
2021,USGS-355457078232701,40451f6daf594b3186419c266880fe8d,,,,35.915833,-78.390833,7.945,0,,12,2021,2021-01-15,2025-12-15
2022,USGS-355457078232701,40451f6daf594b3186419c266880fe8d,,,,35.915833,-78.390833,8.139,0.194,0.194,12,2021,2021-01-15,2025-12-15
2023,USGS-355457078232701,40451f6daf594b3186419c266880fe8d,,,,35.915833,-78.390833,8.23,0.285,0.091,12,2021,2021-01-15,2025-12-15
2024,USGS-355457078232701,40451f6daf594b3186419c266880fe8d,,,,35.915833,-78.390833,7.62,-0.325,-0.61,12,2021,2021-01-15,2025-12-15
2025,USGS-355457078232701,40451f6daf594b3186419c266880fe8d,,,,35.915833,-78.390833,8.043,0.098,0.423,12,2021,2021-01-15,2025-12-15
2021,USGS-355635078385101,027b3949394a411ea0a6beb1358a2847,,,,35.943,-78.684,114.97,0,,12,2021,2021-01-15,2025-12-15
2022,USGS-355635078385101,027b3949394a411ea0a6beb1358a2847,,,,35.943,-78.684,114.425,-0.545,-0.545,12,2021,2021-01-15,2025-12-15
2023,USGS-355635078385101,027b3949394a411ea0a6beb1358a2847,,,,35.943,-78.684,106.269,-8.701,-8.156,12,2021,2021-01-15,2025-12-15
2024,USGS-355635078385101,027b3949394a411ea0a6beb1358a2847,,,,35.943,-78.684,103.444,-11.526,-2.825,12,2021,2021-01-15,2025-12-15
2025,USGS-355635078385101,027b3949394a411ea0a6beb1358a2847,,,,35.943,-78.684,103.931,-11.039,0.487,12,2021,2021-01-15,2025-12-15
2021,USGS-355657078342601,1ee4abdc0f7f48cebd787ab488e77181,,,,35.949167,-78.573889,35.698,0,,12,2021,2021-01-15,2025-12-15
2022,USGS-355657078342601,1ee4abdc0f7f48cebd787ab488e77181,,,,35.949167,-78.573889,39.078,3.379,3.379,12,2021,2021-01-15,2025-12-15
2023,USGS-355657078342601,1ee4abdc0f7f48cebd787ab488e77181,,,,35.949167,-78.573889,39.171,3.473,0.093,12,2021,2021-01-15,2025-12-15
2024,USGS-355657078342601,1ee4abdc0f7f48cebd787ab488e77181,,,,35.949167,-78.573889,39.955,4.257,0.784,12,2021,2021-01-15,2025-12-15
2025,USGS-355657078342601,1ee4abdc0f7f48cebd787ab488e77181,,,,35.949167,-78.573889,39.983,4.284,0.027,12,2021,2021-01-15,2025-12-15
2021,USGS-355944079013401,167dd733ef644e75ab7d7ef03ffd96a1,,,,35.995692,-79.026047,35.321,0,,12,2021,2021-01-15,2025-11-15
2022,USGS-355944079013401,167dd733ef644e75ab7d7ef03ffd96a1,,,,35.995692,-79.026047,37.106,1.785,1.785,12,2021,2021-01-15,2025-11-15
2023,USGS-355944079013401,167dd733ef644e75ab7d7ef03ffd96a1,,,,35.995692,-79.026047,37.892,2.572,0.787,12,2021,2021-01-15,2025-11-15
2024,USGS-355944079013401,167dd733ef644e75ab7d7ef03ffd96a1,,,,35.995692,-79.026047,37.398,2.078,-0.494,12,2021,2021-01-15,2025-11-15
2025,USGS-355944079013401,167dd733ef644e75ab7d7ef03ffd96a1,,,,35.995692,-79.026047,35.654,0.333,-1.745,11,2021,2021-01-15,2025-11-15
2021,USGS-360055110304001,067fafad06f34a2394863599bdba6c96,,,,36.014168,-110.51208,418.838,0,,12,2021,2021-01-15,2025-12-15
2022,USGS-360055110304001,067fafad06f34a2394863599bdba6c96,,,,36.014168,-110.51208,418.052,-0.786,-0.786,12,2021,2021-01-15,2025-12-15
2023,USGS-360055110304001,067fafad06f34a2394863599bdba6c96,,,,36.014168,-110.51208,417.565,-1.273,-0.487,12,2021,2021-01-15,2025-12-15
2024,USGS-360055110304001,067fafad06f34a2394863599bdba6c96,,,,36.014168,-110.51208,419.205,0.367,1.64,12,2021,2021-01-15,2025-12-15
2025,USGS-360055110304001,067fafad06f34a2394863599bdba6c96,,,,36.014168,-110.51208,419.726,0.888,0.521,12,2021,2021-01-15,2025-12-15
2021,USGS-360349115100001,858b768bf4264f7b83d46cef139314dd,,,,36.066084,-115.171942,111.499,0,,12,2021,2021-01-15,2025-12-15
2022,USGS-360349115100001,858b768bf4264f7b83d46cef139314dd,,,,36.066084,-115.171942,110.202,-1.297,-1.297,12,2021,2021-01-15,2025-12-15
2023,USGS-360349115100001,858b768bf4264f7b83d46cef139314dd,,,,36.066084,-115.171942,108.933,-2.566,-1.269,12,2021,2021-01-15,2025-12-15
2024,USGS-360349115100001,858b768bf4264f7b83d46cef139314dd,,,,36.066084,-115.171942,107.499,-4,-1.434,12,2021,2021-01-15,2025-12-15
2025,USGS-360349115100001,858b768bf4264f7b83d46cef139314dd,,,,36.066084,-115.171942,106.398,-5.101,-1.101,12,2021,2021-01-15,2025-12-15
2021,USGS-360352078414401,a9aaba40213644088ac549fe8b5ca1ea,,,,36.064444,-78.695556,20.876,0,,12,2021,2021-01-15,2025-12-15
2022,USGS-360352078414401,a9aaba40213644088ac549fe8b5ca1ea,,,,36.064444,-78.695556,26.271,5.395,5.395,12,2021,2021-01-15,2025-12-15
2023,USGS-360352078414401,a9aaba40213644088ac549fe8b5ca1ea,,,,36.064444,-78.695556,26.005,5.129,-0.266,12,2021,2021-01-15,2025-12-15
2024,USGS-360352078414401,a9aaba40213644088ac549fe8b5ca1ea,,,,36.064444,-78.695556,29.547,8.671,3.542,12,2021,2021-01-15,2025-12-15
2025,USGS-360352078414401,a9aaba40213644088ac549fe8b5ca1ea,,,,36.064444,-78.695556,25.207,4.332,-4.339,12,2021,2021-01-15,2025-12-15
2021,USGS-360521085432600,1e502585015b44afb9dd4322ede634c5,,,,36.089139,-85.723889,50.058,0,,12,2021,2021-01-15,2025-12-15
2022,USGS-360521085432600,1e502585015b44afb9dd4322ede634c5,,,,36.089139,-85.723889,49.374,-0.684,-0.684,11,2021,2021-01-15,2025-12-15
2023,USGS-360521085432600,1e502585015b44afb9dd4322ede634c5,,,,36.089139,-85.723889,50.91,0.853,1.536,11,2021,2021-01-15,2025-12-15
2024,USGS-360521085432600,1e502585015b44afb9dd4322ede634c5,,,,36.089139,-85.723889,50.968,0.911,0.058,12,2021,2021-01-15,2025-12-15
2025,USGS-360521085432600,1e502585015b44afb9dd4322ede634c5,,,,36.089139,-85.723889,51.068,1.011,0.1,12,2021,2021-01-15,2025-12-15
2021,USGS-360536094105701,14d92ec2090f4d6cb98cc18634f4042a,,,,36.093528,-94.182667,19.211,0,,11,2021,2021-01-15,2025-12-15
2022,USGS-360536094105701,14d92ec2090f4d6cb98cc18634f4042a,,,,36.093528,-94.182667,19.975,0.764,0.764,12,2021,2021-01-15,2025-12-15
2023,USGS-360536094105701,14d92ec2090f4d6cb98cc18634f4042a,,,,36.093528,-94.182667,20.516,1.305,0.541,12,2021,2021-01-15,2025-12-15
2024,USGS-360536094105701,14d92ec2090f4d6cb98cc18634f4042a,,,,36.093528,-94.182667,21.357,2.147,0.842,12,2021,2021-01-15,2025-12-15
2025,USGS-360536094105701,14d92ec2090f4d6cb98cc18634f4042a,,,,36.093528,-94.182667,19.682,0.471,-1.676,12,2021,2021-01-15,2025-12-15
2021,USGS-360543084343101,072fa5c71e464ef6a7e6093e5ca1dfcf,,,,36.095354,-84.575217,2.31,0,,1,2021,2021-12-15,2025-12-15
2022,USGS-360543084343101,072fa5c71e464ef6a7e6093e5ca1dfcf,,,,36.095354,-84.575217,2.643,0.333,0.333,12,2021,2021-12-15,2025-12-15
2023,USGS-360543084343101,072fa5c71e464ef6a7e6093e5ca1dfcf,,,,36.095354,-84.575217,2.788,0.478,0.144,12,2021,2021-12-15,2025-12-15
2024,USGS-360543084343101,072fa5c71e464ef6a7e6093e5ca1dfcf,,,,36.095354,-84.575217,2.702,0.392,-0.086,12,2021,2021-12-15,2025-12-15
2025,USGS-360543084343101,072fa5c71e464ef6a7e6093e5ca1dfcf,,,,36.095354,-84.575217,2.329,0.019,-0.372,12,2021,2021-12-15,2025-12-15
2021,USGS-361225110240701,f3337fbad3b346cdbad785b4a32f5b02,,,,36.207776,-110.41069,830.115,0,,12,2021,2021-01-15,2025-12-15
2022,USGS-361225110240701,f3337fbad3b346cdbad785b4a32f5b02,,,,36.207776,-110.41069,828.043,-2.072,-2.072,12,2021,2021-01-15,2025-12-15
2023,USGS-361225110240701,f3337fbad3b346cdbad785b4a32f5b02,,,,36.207776,-110.41069,825.578,-4.537,-2.465,12,2021,2021-01-15,2025-12-15
2024,USGS-361225110240701,f3337fbad3b346cdbad785b4a32f5b02,,,,36.207776,-110.41069,823.02,-7.095,-2.558,9,2021,2021-01-15,2025-12-15
2025,USGS-361225110240701,f3337fbad3b346cdbad785b4a32f5b02,,,,36.207776,-110.41069,821.305,-8.81,-1.715,12,2021,2021-01-15,2025-12-15
2021,USGS-361232115061001,5905171056c1403b8ae918ca6e67a327,,,,36.215803,-115.105279,1.32,0,,12,2021,2021-01-15,2025-12-15
2022,USGS-361232115061001,5905171056c1403b8ae918ca6e67a327,,,,36.215803,-115.105279,0.651,-0.669,-0.669,12,2021,2021-01-15,2025-12-15
2023,USGS-361232115061001,5905171056c1403b8ae918ca6e67a327,,,,36.215803,-115.105279,0.54,-0.78,-0.111,12,2021,2021-01-15,2025-12-15
2024,USGS-361232115061001,5905171056c1403b8ae918ca6e67a327,,,,36.215803,-115.105279,0.106,-1.214,-0.434,10,2021,2021-01-15,2025-12-15
2025,USGS-361232115061001,5905171056c1403b8ae918ca6e67a327,,,,36.215803,-115.105279,-1.035,-2.355,-1.141,11,2021,2021-01-15,2025-12-15
2021,USGS-361400115040901,3120e82d59774c879ba3c2513ba88367,,,,36.240167,-115.072028,51.27,0,,12,2021,2021-01-15,2025-11-15
2022,USGS-361400115040901,3120e82d59774c879ba3c2513ba88367,,,,36.240167,-115.072028,49.675,-1.595,-1.595,12,2021,2021-01-15,2025-11-15
2023,USGS-361400115040901,3120e82d59774c879ba3c2513ba88367,,,,36.240167,-115.072028,47.95,-3.32,-1.725,12,2021,2021-01-15,2025-11-15
2024,USGS-361400115040901,3120e82d59774c879ba3c2513ba88367,,,,36.240167,-115.072028,46.797,-4.473,-1.153,12,2021,2021-01-15,2025-11-15
2025,USGS-361400115040901,3120e82d59774c879ba3c2513ba88367,,,,36.240167,-115.072028,46.315,-4.955,-0.481,11,2021,2021-01-15,2025-11-15
2021,USGS-361456115111001,60806e16a0ae49b0aebcdcc6cec97a89,,,,36.248579,-115.188616,101.814,0,,10,2021,2021-01-15,2025-12-15
2022,USGS-361456115111001,60806e16a0ae49b0aebcdcc6cec97a89,,,,36.248579,-115.188616,102.555,0.741,0.741,12,2021,2021-01-15,2025-12-15
2023,USGS-361456115111001,60806e16a0ae49b0aebcdcc6cec97a89,,,,36.248579,-115.188616,103.836,2.022,1.281,12,2021,2021-01-15,2025-12-15
2024,USGS-361456115111001,60806e16a0ae49b0aebcdcc6cec97a89,,,,36.248579,-115.188616,104.733,2.919,0.897,12,2021,2021-01-15,2025-12-15
2025,USGS-361456115111001,60806e16a0ae49b0aebcdcc6cec97a89,,,,36.248579,-115.188616,106.088,4.274,1.355,12,2021,2021-01-15,2025-12-15
2021,USGS-361626115090701,3526c8a4b9254cfeb17fe5a6761e2450,,,,36.281111,-115.158611,34.526,0,,8,2021,2021-01-15,2025-12-15
2022,USGS-361626115090701,3526c8a4b9254cfeb17fe5a6761e2450,,,,36.281111,-115.158611,33.792,-0.734,-0.734,12,2021,2021-01-15,2025-12-15
2023,USGS-361626115090701,3526c8a4b9254cfeb17fe5a6761e2450,,,,36.281111,-115.158611,33.227,-1.3,-0.566,12,2021,2021-01-15,2025-12-15
2024,USGS-361626115090701,3526c8a4b9254cfeb17fe5a6761e2450,,,,36.281111,-115.158611,32.71,-1.816,-0.517,8,2021,2021-01-15,2025-12-15
2025,USGS-361626115090701,3526c8a4b9254cfeb17fe5a6761e2450,,,,36.281111,-115.158611,32.317,-2.209,-0.393,11,2021,2021-01-15,2025-12-15
2021,USGS-361646081430401,6373192666ae41efbb409b4b2058fafe,,,,36.279528,-81.717639,29.785,0,,4,2021,2021-09-15,2025-12-15
2022,USGS-361646081430401,6373192666ae41efbb409b4b2058fafe,,,,36.279528,-81.717639,29.677,-0.108,-0.108,12,2021,2021-09-15,2025-12-15
2023,USGS-361646081430401,6373192666ae41efbb409b4b2058fafe,,,,36.279528,-81.717639,29.846,0.061,0.169,12,2021,2021-09-15,2025-12-15
2024,USGS-361646081430401,6373192666ae41efbb409b4b2058fafe,,,,36.279528,-81.717639,29.518,-0.267,-0.328,12,2021,2021-09-15,2025-12-15
2025,USGS-361646081430401,6373192666ae41efbb409b4b2058fafe,,,,36.279528,-81.717639,29.599,-0.186,0.082,12,2021,2021-09-15,2025-12-15
2021,USGS-361704115121901,a5a50f0fd5b841f4bd7d8dedbce16320,,,,36.284411,-115.204728,109.56,0,,7,2021,2021-06-15,2025-12-15
2022,USGS-361704115121901,a5a50f0fd5b841f4bd7d8dedbce16320,,,,36.284411,-115.204728,106.75,-2.81,-2.81,12,2021,2021-06-15,2025-12-15
2023,USGS-361704115121901,a5a50f0fd5b841f4bd7d8dedbce16320,,,,36.284411,-115.204728,105.311,-4.249,-1.439,12,2021,2021-06-15,2025-12-15
2024,USGS-361704115121901,a5a50f0fd5b841f4bd7d8dedbce16320,,,,36.284411,-115.204728,105.563,-3.997,0.252,12,2021,2021-06-15,2025-12-15
2025,USGS-361704115121901,a5a50f0fd5b841f4bd7d8dedbce16320,,,,36.284411,-115.204728,108.384,-1.176,2.822,12,2021,2021-06-15,2025-12-15
2021,USGS-361739099323301,ab7508fa19e14834841f6797d686ad89,,,,36.294278,-99.542556,124.571,0,,12,2021,2021-01-15,2025-12-15
2022,USGS-361739099323301,ab7508fa19e14834841f6797d686ad89,,,,36.294278,-99.542556,124.552,-0.018,-0.018,12,2021,2021-01-15,2025-12-15
2023,USGS-361739099323301,ab7508fa19e14834841f6797d686ad89,,,,36.294278,-99.542556,124.068,-0.503,-0.485,12,2021,2021-01-15,2025-12-15
2024,USGS-361739099323301,ab7508fa19e14834841f6797d686ad89,,,,36.294278,-99.542556,93.348,-31.223,-30.72,12,2021,2021-01-15,2025-12-15
2025,USGS-361739099323301,ab7508fa19e14834841f6797d686ad89,,,,36.294278,-99.542556,0,-124.571,-93.348,12,2021,2021-01-15,2025-12-15
2021,USGS-361829076163201,6b29e60871d843b590d6998a1d9bca6a,,,,36.308333,-76.275278,1.915,0,,11,2021,2021-01-15,2025-12-15
2022,USGS-361829076163201,6b29e60871d843b590d6998a1d9bca6a,,,,36.308333,-76.275278,3.279,1.364,1.364,12,2021,2021-01-15,2025-12-15
2023,USGS-361829076163201,6b29e60871d843b590d6998a1d9bca6a,,,,36.308333,-76.275278,3.67,1.755,0.391,12,2021,2021-01-15,2025-12-15
2024,USGS-361829076163201,6b29e60871d843b590d6998a1d9bca6a,,,,36.308333,-76.275278,3.148,1.232,-0.522,12,2021,2021-01-15,2025-12-15
2025,USGS-361829076163201,6b29e60871d843b590d6998a1d9bca6a,,,,36.308333,-76.275278,3.685,1.77,0.538,12,2021,2021-01-15,2025-12-15
2021,USGS-362231079410801,3ac71db7806b401b9609d26e4502bf13,,,,36.375278,-79.685556,20.701,0,,12,2021,2021-01-15,2025-12-15
2022,USGS-362231079410801,3ac71db7806b401b9609d26e4502bf13,,,,36.375278,-79.685556,22.396,1.695,1.695,12,2021,2021-01-15,2025-12-15
2023,USGS-362231079410801,3ac71db7806b401b9609d26e4502bf13,,,,36.375278,-79.685556,22.851,2.15,0.455,12,2021,2021-01-15,2025-12-15
2024,USGS-362231079410801,3ac71db7806b401b9609d26e4502bf13,,,,36.375278,-79.685556,23.205,2.504,0.354,12,2021,2021-01-15,2025-12-15
2025,USGS-362231079410801,3ac71db7806b401b9609d26e4502bf13,,,,36.375278,-79.685556,22.823,2.123,-0.382,12,2021,2021-01-15,2025-12-15
2021,USGS-362500089281101,d2e657d8bc9544319f90f8fd95853d98,,,,36.415556,-89.469694,18.758,0,,12,2021,2021-01-15,2025-12-15
2022,USGS-362500089281101,d2e657d8bc9544319f90f8fd95853d98,,,,36.415556,-89.469694,19.905,1.146,1.146,11,2021,2021-01-15,2025-12-15
2023,USGS-362500089281101,d2e657d8bc9544319f90f8fd95853d98,,,,36.415556,-89.469694,21.949,3.191,2.045,12,2021,2021-01-15,2025-12-15
2024,USGS-362500089281101,d2e657d8bc9544319f90f8fd95853d98,,,,36.415556,-89.469694,23.314,4.556,1.365,12,2021,2021-01-15,2025-12-15
2025,USGS-362500089281101,d2e657d8bc9544319f90f8fd95853d98,,,,36.415556,-89.469694,21.235,2.477,-2.079,12,2021,2021-01-15,2025-12-15
2021,USGS-362529116171100,f368a89bf99a4e33b489c0ffdfa324ec,,,,36.424678,-116.288373,47.876,0,,11,2021,2021-01-15,2025-12-15
2022,USGS-362529116171100,f368a89bf99a4e33b489c0ffdfa324ec,,,,36.424678,-116.288373,47.928,0.052,0.052,12,2021,2021-01-15,2025-12-15
2023,USGS-362529116171100,f368a89bf99a4e33b489c0ffdfa324ec,,,,36.424678,-116.288373,47.917,0.04,-0.012,12,2021,2021-01-15,2025-12-15
2024,USGS-362529116171100,f368a89bf99a4e33b489c0ffdfa324ec,,,,36.424678,-116.288373,47.891,0.014,-0.026,12,2021,2021-01-15,2025-12-15
2025,USGS-362529116171100,f368a89bf99a4e33b489c0ffdfa324ec,,,,36.424678,-116.288373,47.859,-0.017,-0.032,10,2021,2021-01-15,2025-12-15
2021,USGS-362714103071201,d875bfbe3e484981888aca7bad358c5e,,,,32.011494,-103.291972,176.236,0,,12,2021,2021-01-15,2025-12-15
2022,USGS-362714103071201,d875bfbe3e484981888aca7bad358c5e,,,,32.011494,-103.291972,177.096,0.86,0.86,12,2021,2021-01-15,2025-12-15
2023,USGS-362714103071201,d875bfbe3e484981888aca7bad358c5e,,,,32.011494,-103.291972,177.213,0.977,0.117,10,2021,2021-01-15,2025-12-15
2024,USGS-362714103071201,d875bfbe3e484981888aca7bad358c5e,,,,32.011494,-103.291972,177.231,0.995,0.018,12,2021,2021-01-15,2025-12-15
2025,USGS-362714103071201,d875bfbe3e484981888aca7bad358c5e,,,,32.011494,-103.291972,175.358,-0.878,-1.873,12,2021,2021-01-15,2025-12-15
2021,USGS-362935096291501,330beb50cecd48108e34da671bc6176e,,,,36.483683,-96.318624,3.723,0,,12,2021,2021-01-15,2025-12-15
2022,USGS-362935096291501,330beb50cecd48108e34da671bc6176e,,,,36.483683,-96.318624,4.586,0.862,0.862,12,2021,2021-01-15,2025-12-15
2023,USGS-362935096291501,330beb50cecd48108e34da671bc6176e,,,,36.483683,-96.318624,4.821,1.097,0.235,12,2021,2021-01-15,2025-12-15
2024,USGS-362935096291501,330beb50cecd48108e34da671bc6176e,,,,36.483683,-96.318624,4.923,1.2,0.103,12,2021,2021-01-15,2025-12-15
2025,USGS-362935096291501,330beb50cecd48108e34da671bc6176e,,,,36.483683,-96.318624,4.823,1.099,-0.101,12,2021,2021-01-15,2025-12-15
2021,USGS-362936109564101,da644fd7e8f44dabaeae0d5b81d6f264,,,,36.490834,-109.948173,374.414,0,,12,2021,2021-01-15,2025-12-15
2022,USGS-362936109564101,da644fd7e8f44dabaeae0d5b81d6f264,,,,36.490834,-109.948173,374.447,0.032,0.032,12,2021,2021-01-15,2025-12-15
2023,USGS-362936109564101,da644fd7e8f44dabaeae0d5b81d6f264,,,,36.490834,-109.948173,374.479,0.065,0.033,12,2021,2021-01-15,2025-12-15
2024,USGS-362936109564101,da644fd7e8f44dabaeae0d5b81d6f264,,,,36.490834,-109.948173,374.421,0.007,-0.058,12,2021,2021-01-15,2025-12-15
2025,USGS-362936109564101,da644fd7e8f44dabaeae0d5b81d6f264,,,,36.490834,-109.948173,374.48,0.066,0.059,12,2021,2021-01-15,2025-12-15
2021,USGS-363033101440701,e756d1423dd04d0b9fa79a5b88eee829,,,,36.509212,-101.735726,241.286,0,,12,2021,2021-01-15,2025-12-15
2022,USGS-363033101440701,e756d1423dd04d0b9fa79a5b88eee829,,,,36.509212,-101.735726,242.582,1.297,1.297,12,2021,2021-01-15,2025-12-15
2023,USGS-363033101440701,e756d1423dd04d0b9fa79a5b88eee829,,,,36.509212,-101.735726,244.114,2.828,1.532,12,2021,2021-01-15,2025-12-15
2024,USGS-363033101440701,e756d1423dd04d0b9fa79a5b88eee829,,,,36.509212,-101.735726,183.951,-57.335,-60.163,12,2021,2021-01-15,2025-12-15
2025,USGS-363033101440701,e756d1423dd04d0b9fa79a5b88eee829,,,,36.509212,-101.735726,0,-241.286,-183.951,12,2021,2021-01-15,2025-12-15
2021,USGS-363143110355001,107f9df784c54d2a9ad1f1b3d42552a1,,,,36.528053,-110.59903,216.797,0,,12,2021,2021-01-15,2025-12-15
2022,USGS-363143110355001,107f9df784c54d2a9ad1f1b3d42552a1,,,,36.528053,-110.59903,216.799,0.003,0.003,12,2021,2021-01-15,2025-12-15
2023,USGS-363143110355001,107f9df784c54d2a9ad1f1b3d42552a1,,,,36.528053,-110.59903,216.827,0.03,0.028,12,2021,2021-01-15,2025-12-15
2024,USGS-363143110355001,107f9df784c54d2a9ad1f1b3d42552a1,,,,36.528053,-110.59903,216.722,-0.074,-0.104,12,2021,2021-01-15,2025-12-15
2025,USGS-363143110355001,107f9df784c54d2a9ad1f1b3d42552a1,,,,36.528053,-110.59903,216.732,-0.065,0.009,12,2021,2021-01-15,2025-12-15
2021,USGS-363213116133800,dfb949b5839245588e77584efaee0339,,,,36.537006,-116.228,41.462,0,,12,2021,2021-01-15,2025-12-15
2022,USGS-363213116133800,dfb949b5839245588e77584efaee0339,,,,36.537006,-116.228,41.452,-0.01,-0.01,12,2021,2021-01-15,2025-12-15
2023,USGS-363213116133800,dfb949b5839245588e77584efaee0339,,,,36.537006,-116.228,41.461,-0.001,0.009,12,2021,2021-01-15,2025-12-15
2024,USGS-363213116133800,dfb949b5839245588e77584efaee0339,,,,36.537006,-116.228,41.41,-0.052,-0.051,12,2021,2021-01-15,2025-12-15
2025,USGS-363213116133800,dfb949b5839245588e77584efaee0339,,,,36.537006,-116.228,41.435,-0.027,0.025,12,2021,2021-01-15,2025-12-15
2021,USGS-363749083430701,bbeb809b196e4872a8201b9be29b2e85,,,,36.63036,-83.718527,6.814,0,,12,2021,2021-01-15,2025-12-15
2022,USGS-363749083430701,bbeb809b196e4872a8201b9be29b2e85,,,,36.63036,-83.718527,6.443,-0.371,-0.371,12,2021,2021-01-15,2025-12-15
2023,USGS-363749083430701,bbeb809b196e4872a8201b9be29b2e85,,,,36.63036,-83.718527,6.956,0.142,0.513,12,2021,2021-01-15,2025-12-15
2024,USGS-363749083430701,bbeb809b196e4872a8201b9be29b2e85,,,,36.63036,-83.718527,6.798,-0.016,-0.158,12,2021,2021-01-15,2025-12-15
2025,USGS-363749083430701,bbeb809b196e4872a8201b9be29b2e85,,,,36.63036,-83.718527,6.93,0.116,0.132,12,2021,2021-01-15,2025-12-15
2021,USGS-363850110100801,7a87f240449f472f94eea7ee7609aac7,,,,36.647222,-110.170684,203.61,0,,12,2021,2021-01-15,2025-12-15
2022,USGS-363850110100801,7a87f240449f472f94eea7ee7609aac7,,,,36.647222,-110.170684,201.571,-2.039,-2.039,12,2021,2021-01-15,2025-12-15
2023,USGS-363850110100801,7a87f240449f472f94eea7ee7609aac7,,,,36.647222,-110.170684,198.916,-4.694,-2.655,12,2021,2021-01-15,2025-12-15
2024,USGS-363850110100801,7a87f240449f472f94eea7ee7609aac7,,,,36.647222,-110.170684,196.313,-7.297,-2.603,9,2021,2021-01-15,2025-12-15
2025,USGS-363850110100801,7a87f240449f472f94eea7ee7609aac7,,,,36.647222,-110.170684,193.901,-9.709,-2.412,11,2021,2021-01-15,2025-12-15
2021,USGS-364255108053202,9c9268bf1392444f873ee77c8160b8c5,,,,36.715389,-108.092972,37.09,0,,4,2021,2021-09-15,2025-12-15
2022,USGS-364255108053202,9c9268bf1392444f873ee77c8160b8c5,,,,36.715389,-108.092972,36.816,-0.274,-0.274,8,2021,2021-09-15,2025-12-15
2023,USGS-364255108053202,9c9268bf1392444f873ee77c8160b8c5,,,,36.715389,-108.092972,36.667,-0.423,-0.149,12,2021,2021-09-15,2025-12-15
2024,USGS-364255108053202,9c9268bf1392444f873ee77c8160b8c5,,,,36.715389,-108.092972,36.438,-0.652,-0.229,12,2021,2021-09-15,2025-12-15
2025,USGS-364255108053202,9c9268bf1392444f873ee77c8160b8c5,,,,36.715389,-108.092972,35.462,-1.628,-0.977,12,2021,2021-09-15,2025-12-15
2021,USGS-364338110154601,5824ac9139d041809be0f44603782f39,,,,36.727221,-110.263188,171.368,0,,12,2021,2021-01-15,2025-12-15
2022,USGS-364338110154601,5824ac9139d041809be0f44603782f39,,,,36.727221,-110.263188,172.362,0.993,0.993,12,2021,2021-01-15,2025-12-15
2023,USGS-364338110154601,5824ac9139d041809be0f44603782f39,,,,36.727221,-110.263188,175.053,3.684,2.691,12,2021,2021-01-15,2025-12-15
2024,USGS-364338110154601,5824ac9139d041809be0f44603782f39,,,,36.727221,-110.263188,171.977,0.608,-3.076,12,2021,2021-01-15,2025-12-15
2025,USGS-364338110154601,5824ac9139d041809be0f44603782f39,,,,36.727221,-110.263188,169.481,-1.888,-2.496,12,2021,2021-01-15,2025-12-15
2021,USGS-364528116232201,4f388bbd537442d188fec6d19f466a3c,,,,36.757658,-116.390428,708.772,0,,12,2021,2021-01-15,2025-12-15
2022,USGS-364528116232201,4f388bbd537442d188fec6d19f466a3c,,,,36.757658,-116.390428,708.765,-0.007,-0.007,12,2021,2021-01-15,2025-12-15
2023,USGS-364528116232201,4f388bbd537442d188fec6d19f466a3c,,,,36.757658,-116.390428,708.853,0.081,0.088,12,2021,2021-01-15,2025-12-15
2024,USGS-364528116232201,4f388bbd537442d188fec6d19f466a3c,,,,36.757658,-116.390428,708.819,0.048,-0.033,12,2021,2021-01-15,2025-12-15
2025,USGS-364528116232201,4f388bbd537442d188fec6d19f466a3c,,,,36.757658,-116.390428,708.892,0.12,0.073,12,2021,2021-01-15,2025-12-15
2021,USGS-364650114432001,069184e61cae4378b65cd7c27ca09d08,,,,36.780733,-114.722739,396.309,0,,12,2021,2021-01-15,2025-12-15
2022,USGS-364650114432001,069184e61cae4378b65cd7c27ca09d08,,,,36.780733,-114.722739,396.097,-0.212,-0.212,12,2021,2021-01-15,2025-12-15
2023,USGS-364650114432001,069184e61cae4378b65cd7c27ca09d08,,,,36.780733,-114.722739,396.246,-0.063,0.148,12,2021,2021-01-15,2025-12-15
2024,USGS-364650114432001,069184e61cae4378b65cd7c27ca09d08,,,,36.780733,-114.722739,396.301,-0.008,0.055,12,2021,2021-01-15,2025-12-15
2025,USGS-364650114432001,069184e61cae4378b65cd7c27ca09d08,,,,36.780733,-114.722739,396.293,-0.016,-0.008,11,2021,2021-01-15,2025-12-15
2021,USGS-365204105365501,25b18250bdd647fe9c7b0391c7e748e0,,,,36.867803,-105.615297,1.835,0,,12,2021,2021-01-15,2025-09-15
2022,USGS-365204105365501,25b18250bdd647fe9c7b0391c7e748e0,,,,36.867803,-105.615297,2.539,0.704,0.704,12,2021,2021-01-15,2025-09-15
2023,USGS-365204105365501,25b18250bdd647fe9c7b0391c7e748e0,,,,36.867803,-105.615297,2.648,0.813,0.109,12,2021,2021-01-15,2025-09-15
2024,USGS-365204105365501,25b18250bdd647fe9c7b0391c7e748e0,,,,36.867803,-105.615297,2.805,0.97,0.157,12,2021,2021-01-15,2025-09-15
2025,USGS-365204105365501,25b18250bdd647fe9c7b0391c7e748e0,,,,36.867803,-105.615297,3.596,1.761,0.791,9,2021,2021-01-15,2025-09-15
2021,USGS-365236112442501,defd85cd6aa44b70bc201b125168ef86,,,,36.876652,-112.741037,88.432,0,,12,2021,2021-01-15,2025-12-15
2022,USGS-365236112442501,defd85cd6aa44b70bc201b125168ef86,,,,36.876652,-112.741037,88.512,0.079,0.079,12,2021,2021-01-15,2025-12-15
2023,USGS-365236112442501,defd85cd6aa44b70bc201b125168ef86,,,,36.876652,-112.741037,88.457,0.024,-0.055,12,2021,2021-01-15,2025-12-15
2024,USGS-365236112442501,defd85cd6aa44b70bc201b125168ef86,,,,36.876652,-112.741037,88.609,0.177,0.153,12,2021,2021-01-15,2025-12-15
2025,USGS-365236112442501,defd85cd6aa44b70bc201b125168ef86,,,,36.876652,-112.741037,88.743,0.31,0.133,12,2021,2021-01-15,2025-12-15
2021,USGS-365403112452801,3098eaf2218a45b89a2e4921d05bd62b,,,,36.900819,-112.758538,89.458,0,,12,2021,2021-01-15,2025-12-15
2022,USGS-365403112452801,3098eaf2218a45b89a2e4921d05bd62b,,,,36.900819,-112.758538,89.716,0.258,0.258,12,2021,2021-01-15,2025-12-15
2023,USGS-365403112452801,3098eaf2218a45b89a2e4921d05bd62b,,,,36.900819,-112.758538,89.479,0.021,-0.237,11,2021,2021-01-15,2025-12-15
2024,USGS-365403112452801,3098eaf2218a45b89a2e4921d05bd62b,,,,36.900819,-112.758538,89.156,-0.302,-0.323,8,2021,2021-01-15,2025-12-15
2025,USGS-365403112452801,3098eaf2218a45b89a2e4921d05bd62b,,,,36.900819,-112.758538,88.506,-0.953,-0.65,12,2021,2021-01-15,2025-12-15
2021,USGS-365602112460201,fad238025dc44c06bc3f57d23104de5c,,,,36.933889,-112.767222,74.119,0,,11,2021,2021-01-15,2025-12-15
2022,USGS-365602112460201,fad238025dc44c06bc3f57d23104de5c,,,,36.933889,-112.767222,73.786,-0.333,-0.333,12,2021,2021-01-15,2025-12-15
2023,USGS-365602112460201,fad238025dc44c06bc3f57d23104de5c,,,,36.933889,-112.767222,72.291,-1.828,-1.495,12,2021,2021-01-15,2025-12-15
2024,USGS-365602112460201,fad238025dc44c06bc3f57d23104de5c,,,,36.933889,-112.767222,70.668,-3.451,-1.623,12,2021,2021-01-15,2025-12-15
2025,USGS-365602112460201,fad238025dc44c06bc3f57d23104de5c,,,,36.933889,-112.767222,68.582,-5.537,-2.087,12,2021,2021-01-15,2025-12-15
2021,USGS-372322081241501,99c3caa915bd4fb9b1c85e0e8b574fd1,,,,37.389508,-81.404089,22.553,0,,12,2021,2021-01-15,2025-12-15
2022,USGS-372322081241501,99c3caa915bd4fb9b1c85e0e8b574fd1,,,,37.389508,-81.404089,22.573,0.02,0.02,12,2021,2021-01-15,2025-12-15
2023,USGS-372322081241501,99c3caa915bd4fb9b1c85e0e8b574fd1,,,,37.389508,-81.404089,22.681,0.128,0.108,12,2021,2021-01-15,2025-12-15
2024,USGS-372322081241501,99c3caa915bd4fb9b1c85e0e8b574fd1,,,,37.389508,-81.404089,22.687,0.134,0.007,12,2021,2021-01-15,2025-12-15
2025,USGS-372322081241501,99c3caa915bd4fb9b1c85e0e8b574fd1,,,,37.389508,-81.404089,22.545,-0.008,-0.142,12,2021,2021-01-15,2025-12-15
2021,USGS-372639114520901,e4fc0b2c3add450c9459aee5e4075935,,,,37.443667,-114.869444,862.948,0,,12,2021,2021-01-15,2025-12-15
2022,USGS-372639114520901,e4fc0b2c3add450c9459aee5e4075935,,,,37.443667,-114.869444,862.895,-0.053,-0.053,12,2021,2021-01-15,2025-12-15
2023,USGS-372639114520901,e4fc0b2c3add450c9459aee5e4075935,,,,37.443667,-114.869444,862.856,-0.092,-0.039,12,2021,2021-01-15,2025-12-15
2024,USGS-372639114520901,e4fc0b2c3add450c9459aee5e4075935,,,,37.443667,-114.869444,862.769,-0.178,-0.087,12,2021,2021-01-15,2025-12-15
2025,USGS-372639114520901,e4fc0b2c3add450c9459aee5e4075935,,,,37.443667,-114.869444,790.865,-72.083,-71.904,12,2021,2021-01-15,2025-12-15
2021,USGS-373234080320101,cf77352fa35b4b19a793d07b82079951,,,,37.542889,-80.5335,86.016,0,,12,2021,2021-01-15,2025-12-15
2022,USGS-373234080320101,cf77352fa35b4b19a793d07b82079951,,,,37.542889,-80.5335,82.117,-3.899,-3.899,12,2021,2021-01-15,2025-12-15
2023,USGS-373234080320101,cf77352fa35b4b19a793d07b82079951,,,,37.542889,-80.5335,86.166,0.15,4.049,12,2021,2021-01-15,2025-12-15
2024,USGS-373234080320101,cf77352fa35b4b19a793d07b82079951,,,,37.542889,-80.5335,84.095,-1.921,-2.071,12,2021,2021-01-15,2025-12-15
2025,USGS-373234080320101,cf77352fa35b4b19a793d07b82079951,,,,37.542889,-80.5335,84.994,-1.022,0.899,12,2021,2021-01-15,2025-12-15
2021,USGS-373839081255201,f6cc8d85223844e28b3ddfe368d453e7,,,,37.644167,-81.431111,26.504,0,,12,2021,2021-01-15,2025-12-15
2022,USGS-373839081255201,f6cc8d85223844e28b3ddfe368d453e7,,,,37.644167,-81.431111,25.393,-1.111,-1.111,12,2021,2021-01-15,2025-12-15
2023,USGS-373839081255201,f6cc8d85223844e28b3ddfe368d453e7,,,,37.644167,-81.431111,26.744,0.24,1.351,12,2021,2021-01-15,2025-12-15
2024,USGS-373839081255201,f6cc8d85223844e28b3ddfe368d453e7,,,,37.644167,-81.431111,28.353,1.849,1.609,12,2021,2021-01-15,2025-12-15
2025,USGS-373839081255201,f6cc8d85223844e28b3ddfe368d453e7,,,,37.644167,-81.431111,27.658,1.154,-0.695,12,2021,2021-01-15,2025-12-15
2021,USGS-374012105410401,fb3a2f6a42294cb7a9d0b71f9d88f88b,,,,37.671139,-105.684889,6.362,0,,12,2021,2021-01-15,2025-12-15
2022,USGS-374012105410401,fb3a2f6a42294cb7a9d0b71f9d88f88b,,,,37.671139,-105.684889,6.611,0.249,0.249,12,2021,2021-01-15,2025-12-15
2023,USGS-374012105410401,fb3a2f6a42294cb7a9d0b71f9d88f88b,,,,37.671139,-105.684889,6.696,0.334,0.085,12,2021,2021-01-15,2025-12-15
2024,USGS-374012105410401,fb3a2f6a42294cb7a9d0b71f9d88f88b,,,,37.671139,-105.684889,6.678,0.316,-0.018,12,2021,2021-01-15,2025-12-15
2025,USGS-374012105410401,fb3a2f6a42294cb7a9d0b71f9d88f88b,,,,37.671139,-105.684889,6.609,0.247,-0.068,12,2021,2021-01-15,2025-12-15
2021,USGS-374215114453101,83a353cb8e9148e888b82bfcc1880d17,,,,37.702333,-114.758278,393.459,0,,9,2021,2021-01-15,2025-12-15
2022,USGS-374215114453101,83a353cb8e9148e888b82bfcc1880d17,,,,37.702333,-114.758278,393.69,0.231,0.231,12,2021,2021-01-15,2025-12-15
2023,USGS-374215114453101,83a353cb8e9148e888b82bfcc1880d17,,,,37.702333,-114.758278,393.615,0.156,-0.075,11,2021,2021-01-15,2025-12-15
2024,USGS-374215114453101,83a353cb8e9148e888b82bfcc1880d17,,,,37.702333,-114.758278,393.586,0.127,-0.029,12,2021,2021-01-15,2025-12-15
2025,USGS-374215114453101,83a353cb8e9148e888b82bfcc1880d17,,,,37.702333,-114.758278,393.478,0.019,-0.108,12,2021,2021-01-15,2025-12-15
2021,USGS-375406087105401,1d7f5bb1c63b4e4cadd13951f785ff3d,,,,37.901667,-87.181667,5.781,0,,12,2021,2021-01-15,2025-02-15
2022,USGS-375406087105401,1d7f5bb1c63b4e4cadd13951f785ff3d,,,,37.901667,-87.181667,5.917,0.136,0.136,12,2021,2021-01-15,2025-02-15
2023,USGS-375406087105401,1d7f5bb1c63b4e4cadd13951f785ff3d,,,,37.901667,-87.181667,7.128,1.347,1.212,12,2021,2021-01-15,2025-02-15
2024,USGS-375406087105401,1d7f5bb1c63b4e4cadd13951f785ff3d,,,,37.901667,-87.181667,6.422,0.641,-0.707,12,2021,2021-01-15,2025-02-15
2025,USGS-375406087105401,1d7f5bb1c63b4e4cadd13951f785ff3d,,,,37.901667,-87.181667,3.29,-2.491,-3.132,2,2021,2021-01-15,2025-02-15
2021,USGS-375833082212101,dbcdcec9e6244a51b304ac20065b909a,,,,37.975686,-82.355578,29.813,0,,12,2021,2021-01-15,2025-12-15
2022,USGS-375833082212101,dbcdcec9e6244a51b304ac20065b909a,,,,37.975686,-82.355578,29.751,-0.063,-0.063,12,2021,2021-01-15,2025-12-15
2023,USGS-375833082212101,dbcdcec9e6244a51b304ac20065b909a,,,,37.975686,-82.355578,29.88,0.067,0.129,12,2021,2021-01-15,2025-12-15
2024,USGS-375833082212101,dbcdcec9e6244a51b304ac20065b909a,,,,37.975686,-82.355578,29.86,0.047,-0.02,12,2021,2021-01-15,2025-12-15
2025,USGS-375833082212101,dbcdcec9e6244a51b304ac20065b909a,,,,37.975686,-82.355578,29.737,-0.077,-0.123,12,2021,2021-01-15,2025-12-15
2021,USGS-380531114534201,56e197d503394d85941d1eadece0fd0a,,,,38.091972,-114.904889,844.017,0,,12,2021,2021-01-15,2025-12-15
2022,USGS-380531114534201,56e197d503394d85941d1eadece0fd0a,,,,38.091972,-114.904889,843.902,-0.115,-0.115,12,2021,2021-01-15,2025-12-15
2023,USGS-380531114534201,56e197d503394d85941d1eadece0fd0a,,,,38.091972,-114.904889,844.025,0.008,0.123,12,2021,2021-01-15,2025-12-15
2024,USGS-380531114534201,56e197d503394d85941d1eadece0fd0a,,,,38.091972,-114.904889,843.856,-0.16,-0.169,11,2021,2021-01-15,2025-12-15
2025,USGS-380531114534201,56e197d503394d85941d1eadece0fd0a,,,,38.091972,-114.904889,773.682,-70.334,-70.174,12,2021,2021-01-15,2025-12-15
2021,USGS-380616075380701,ef8cf3423a7b47cd9f3e549ecf9ab17c,,,,38.105222,-75.636278,2.619,0,,12,2021,2021-01-15,2025-12-15
2022,USGS-380616075380701,ef8cf3423a7b47cd9f3e549ecf9ab17c,,,,38.105222,-75.636278,3.964,1.345,1.345,12,2021,2021-01-15,2025-12-15
2023,USGS-380616075380701,ef8cf3423a7b47cd9f3e549ecf9ab17c,,,,38.105222,-75.636278,3.391,0.772,-0.573,12,2021,2021-01-15,2025-12-15
2024,USGS-380616075380701,ef8cf3423a7b47cd9f3e549ecf9ab17c,,,,38.105222,-75.636278,3.872,1.252,0.481,12,2021,2021-01-15,2025-12-15
2025,USGS-380616075380701,ef8cf3423a7b47cd9f3e549ecf9ab17c,,,,38.105222,-75.636278,4.311,1.692,0.439,12,2021,2021-01-15,2025-12-15
2021,USGS-380626087344401,827fde5881c54b449a4e7cb8f909bb30,,,,38.107265,-87.578908,21.784,0,,12,2021,2021-01-15,2025-12-15
2022,USGS-380626087344401,827fde5881c54b449a4e7cb8f909bb30,,,,38.107265,-87.578908,21.984,0.199,0.199,11,2021,2021-01-15,2025-12-15
2023,USGS-380626087344401,827fde5881c54b449a4e7cb8f909bb30,,,,38.107265,-87.578908,23.243,1.459,1.26,12,2021,2021-01-15,2025-12-15
2024,USGS-380626087344401,827fde5881c54b449a4e7cb8f909bb30,,,,38.107265,-87.578908,23.852,2.068,0.609,10,2021,2021-01-15,2025-12-15
2025,USGS-380626087344401,827fde5881c54b449a4e7cb8f909bb30,,,,38.107265,-87.578908,22.735,0.951,-1.117,10,2021,2021-01-15,2025-12-15
2021,USGS-380758115204601,5ecb485f69814161a01c8f417779d89d,,,,38.137451,-115.339748,795.977,0,,12,2021,2021-01-15,2025-12-15
2022,USGS-380758115204601,5ecb485f69814161a01c8f417779d89d,,,,38.137451,-115.339748,796.392,0.416,0.416,12,2021,2021-01-15,2025-12-15
2023,USGS-380758115204601,5ecb485f69814161a01c8f417779d89d,,,,38.137451,-115.339748,795.941,-0.036,-0.452,12,2021,2021-01-15,2025-12-15
2024,USGS-380758115204601,5ecb485f69814161a01c8f417779d89d,,,,38.137451,-115.339748,795.345,-0.632,-0.596,12,2021,2021-01-15,2025-12-15
2025,USGS-380758115204601,5ecb485f69814161a01c8f417779d89d,,,,38.137451,-115.339748,795.7,-0.277,0.355,12,2021,2021-01-15,2025-12-15
2021,USGS-381956076275301,f6aecf8f5f5f4b39b1f536e0f07c5dbc,,,,38.332361,-76.464611,151.857,0,,12,2021,2021-01-15,2025-12-15
2022,USGS-381956076275301,f6aecf8f5f5f4b39b1f536e0f07c5dbc,,,,38.332361,-76.464611,152.082,0.225,0.225,12,2021,2021-01-15,2025-12-15
2023,USGS-381956076275301,f6aecf8f5f5f4b39b1f536e0f07c5dbc,,,,38.332361,-76.464611,154.323,2.467,2.242,12,2021,2021-01-15,2025-12-15
2024,USGS-381956076275301,f6aecf8f5f5f4b39b1f536e0f07c5dbc,,,,38.332361,-76.464611,153.998,2.141,-0.326,12,2021,2021-01-15,2025-12-15
2025,USGS-381956076275301,f6aecf8f5f5f4b39b1f536e0f07c5dbc,,,,38.332361,-76.464611,154.105,2.248,0.107,12,2021,2021-01-15,2025-12-15
2021,USGS-381957085383301,27696224701041b4a37307f7986fc5b2,,,,38.332694,-85.642369,31.426,0,,11,2021,2021-01-15,2025-12-15
2022,USGS-381957085383301,27696224701041b4a37307f7986fc5b2,,,,38.332694,-85.642369,35.961,4.535,4.535,11,2021,2021-01-15,2025-12-15
2023,USGS-381957085383301,27696224701041b4a37307f7986fc5b2,,,,38.332694,-85.642369,31.935,0.509,-4.026,12,2021,2021-01-15,2025-12-15
2024,USGS-381957085383301,27696224701041b4a37307f7986fc5b2,,,,38.332694,-85.642369,26.457,-4.969,-5.478,12,2021,2021-01-15,2025-12-15
2025,USGS-381957085383301,27696224701041b4a37307f7986fc5b2,,,,38.332694,-85.642369,25.195,-6.232,-1.263,11,2021,2021-01-15,2025-12-15
2021,USGS-381957085383401,7bfe46cb731e45b48975ab7a754a067d,,,,38.332499,-85.642647,45.42,0,,11,2021,2021-01-15,2025-09-15
2022,USGS-381957085383401,7bfe46cb731e45b48975ab7a754a067d,,,,38.332499,-85.642647,54.731,9.311,9.311,11,2021,2021-01-15,2025-09-15
2023,USGS-381957085383401,7bfe46cb731e45b48975ab7a754a067d,,,,38.332499,-85.642647,49.251,3.831,-5.48,12,2021,2021-01-15,2025-09-15
2024,USGS-381957085383401,7bfe46cb731e45b48975ab7a754a067d,,,,38.332499,-85.642647,43.271,-2.149,-5.98,12,2021,2021-01-15,2025-09-15
2025,USGS-381957085383401,7bfe46cb731e45b48975ab7a754a067d,,,,38.332499,-85.642647,52.376,6.956,9.105,7,2021,2021-01-15,2025-09-15
2021,USGS-382000085383301,b71fb124f71b46df9703e513d98a22ef,,,,38.333277,-85.642341,30.625,0,,11,2021,2021-01-15,2025-12-15
2022,USGS-382000085383301,b71fb124f71b46df9703e513d98a22ef,,,,38.333277,-85.642341,34.887,4.262,4.262,11,2021,2021-01-15,2025-12-15
2023,USGS-382000085383301,b71fb124f71b46df9703e513d98a22ef,,,,38.333277,-85.642341,31.26,0.635,-3.627,12,2021,2021-01-15,2025-12-15
2024,USGS-382000085383301,b71fb124f71b46df9703e513d98a22ef,,,,38.333277,-85.642341,26.113,-4.512,-5.147,12,2021,2021-01-15,2025-12-15
2025,USGS-382000085383301,b71fb124f71b46df9703e513d98a22ef,,,,38.333277,-85.642341,25.15,-5.475,-0.963,11,2021,2021-01-15,2025-12-15
2021,USGS-382003085383201,7d1e91ecd955417f946a9bd6b7554179,,,,38.334082,-85.642091,26.848,0,,11,2021,2021-01-15,2025-12-15
2022,USGS-382003085383201,7d1e91ecd955417f946a9bd6b7554179,,,,38.334082,-85.642091,30.406,3.558,3.558,11,2021,2021-01-15,2025-12-15
2023,USGS-382003085383201,7d1e91ecd955417f946a9bd6b7554179,,,,38.334082,-85.642091,27.24,0.392,-3.166,12,2021,2021-01-15,2025-12-15
2024,USGS-382003085383201,7d1e91ecd955417f946a9bd6b7554179,,,,38.334082,-85.642091,22.511,-4.337,-4.729,12,2021,2021-01-15,2025-12-15
2025,USGS-382003085383201,7d1e91ecd955417f946a9bd6b7554179,,,,38.334082,-85.642091,22.492,-4.356,-0.019,11,2021,2021-01-15,2025-12-15
2021,USGS-382006085383001,0a124e5accc84817a834318648cb6c30,,,,38.335082,-85.641674,25.818,0,,11,2021,2021-01-15,2025-12-15
2022,USGS-382006085383001,0a124e5accc84817a834318648cb6c30,,,,38.335082,-85.641674,29.003,3.185,3.185,11,2021,2021-01-15,2025-12-15
2023,USGS-382006085383001,0a124e5accc84817a834318648cb6c30,,,,38.335082,-85.641674,25.731,-0.087,-3.272,12,2021,2021-01-15,2025-12-15
2024,USGS-382006085383001,0a124e5accc84817a834318648cb6c30,,,,38.335082,-85.641674,20.621,-5.197,-5.11,11,2021,2021-01-15,2025-12-15
2025,USGS-382006085383001,0a124e5accc84817a834318648cb6c30,,,,38.335082,-85.641674,21.783,-4.035,1.162,10,2021,2021-01-15,2025-12-15
2021,USGS-382009085382901,cf7bc6d0935548929d773d17c76e5c4f,,,,38.335971,-85.641369,27.566,0,,11,2021,2021-01-15,2025-12-15
2022,USGS-382009085382901,cf7bc6d0935548929d773d17c76e5c4f,,,,38.335971,-85.641369,30.851,3.285,3.285,11,2021,2021-01-15,2025-12-15
2023,USGS-382009085382901,cf7bc6d0935548929d773d17c76e5c4f,,,,38.335971,-85.641369,26.937,-0.63,-3.914,12,2021,2021-01-15,2025-12-15
2024,USGS-382009085382901,cf7bc6d0935548929d773d17c76e5c4f,,,,38.335971,-85.641369,21.427,-6.14,-5.51,12,2021,2021-01-15,2025-12-15
2025,USGS-382009085382901,cf7bc6d0935548929d773d17c76e5c4f,,,,38.335971,-85.641369,23.393,-4.173,1.966,10,2021,2021-01-15,2025-12-15
2021,USGS-382011085382901,2e2b7a1bf534450588957b8870d4181e,,,,38.33636,-85.641341,30.377,0,,11,2021,2021-01-15,2025-08-15
2022,USGS-382011085382901,2e2b7a1bf534450588957b8870d4181e,,,,38.33636,-85.641341,33.936,3.559,3.559,11,2021,2021-01-15,2025-08-15
2023,USGS-382011085382901,2e2b7a1bf534450588957b8870d4181e,,,,38.33636,-85.641341,29.031,-1.346,-4.906,12,2021,2021-01-15,2025-08-15
2024,USGS-382011085382901,2e2b7a1bf534450588957b8870d4181e,,,,38.33636,-85.641341,22.684,-7.693,-6.347,12,2021,2021-01-15,2025-08-15
2025,USGS-382011085382901,2e2b7a1bf534450588957b8870d4181e,,,,38.33636,-85.641341,20.871,-9.506,-1.813,7,2021,2021-01-15,2025-08-15
2021,USGS-382012085382901,1e67ca6c871b48779212297389b0f3d1,,,,38.336693,-85.641202,46.549,0,,11,2021,2021-01-15,2025-12-15
2022,USGS-382012085382901,1e67ca6c871b48779212297389b0f3d1,,,,38.336693,-85.641202,55.02,8.471,8.471,10,2021,2021-01-15,2025-12-15
2023,USGS-382012085382901,1e67ca6c871b48779212297389b0f3d1,,,,38.336693,-85.641202,50.517,3.968,-4.503,12,2021,2021-01-15,2025-12-15
2024,USGS-382012085382901,1e67ca6c871b48779212297389b0f3d1,,,,38.336693,-85.641202,44.389,-2.16,-6.128,12,2021,2021-01-15,2025-12-15
2025,USGS-382012085382901,1e67ca6c871b48779212297389b0f3d1,,,,38.336693,-85.641202,46.252,-0.297,1.863,6,2021,2021-01-15,2025-12-15
2021,USGS-382028085382201,a4216a28d40e4943b9f5a9719ac7f687,,,,38.341249,-85.639369,46.547,0,,9,2021,2021-01-15,2025-12-15
2022,USGS-382028085382201,a4216a28d40e4943b9f5a9719ac7f687,,,,38.341249,-85.639369,57.998,11.452,11.452,11,2021,2021-01-15,2025-12-15
2023,USGS-382028085382201,a4216a28d40e4943b9f5a9719ac7f687,,,,38.341249,-85.639369,52.472,5.925,-5.527,12,2021,2021-01-15,2025-12-15
2024,USGS-382028085382201,a4216a28d40e4943b9f5a9719ac7f687,,,,38.341249,-85.639369,46.439,-0.108,-6.032,12,2021,2021-01-15,2025-12-15
2025,USGS-382028085382201,a4216a28d40e4943b9f5a9719ac7f687,,,,38.341249,-85.639369,51.31,4.763,4.871,10,2021,2021-01-15,2025-12-15
2021,USGS-382030085382101,c2c2ec324ab94d4faa149607f73ba80f,,,,38.341638,-85.639119,37.665,0,,11,2021,2021-01-15,2025-12-15
2022,USGS-382030085382101,c2c2ec324ab94d4faa149607f73ba80f,,,,38.341638,-85.639119,43.823,6.158,6.158,11,2021,2021-01-15,2025-12-15
2023,USGS-382030085382101,c2c2ec324ab94d4faa149607f73ba80f,,,,38.341638,-85.639119,40.393,2.729,-3.429,12,2021,2021-01-15,2025-12-15
2024,USGS-382030085382101,c2c2ec324ab94d4faa149607f73ba80f,,,,38.341638,-85.639119,34.424,-3.24,-5.969,12,2021,2021-01-15,2025-12-15
2025,USGS-382030085382101,c2c2ec324ab94d4faa149607f73ba80f,,,,38.341638,-85.639119,35.001,-2.664,0.577,11,2021,2021-01-15,2025-12-15
2021,USGS-382031085382001,0e9e3b8b98a541e682598acdf20c9fbf,,,,38.342027,-85.638869,34.957,0,,11,2021,2021-01-15,2025-12-15
2022,USGS-382031085382001,0e9e3b8b98a541e682598acdf20c9fbf,,,,38.342027,-85.638869,40.43,5.473,5.473,11,2021,2021-01-15,2025-12-15
2023,USGS-382031085382001,0e9e3b8b98a541e682598acdf20c9fbf,,,,38.342027,-85.638869,37.793,2.836,-2.637,12,2021,2021-01-15,2025-12-15
2024,USGS-382031085382001,0e9e3b8b98a541e682598acdf20c9fbf,,,,38.342027,-85.638869,32.462,-2.495,-5.331,12,2021,2021-01-15,2025-12-15
2025,USGS-382031085382001,0e9e3b8b98a541e682598acdf20c9fbf,,,,38.342027,-85.638869,35.458,0.501,2.995,9,2021,2021-01-15,2025-12-15
2021,USGS-382034085381901,9fe1e565818b45abb387a4a1e848acae,,,,38.342804,-85.638647,32.934,0,,11,2021,2021-01-15,2025-12-15
2022,USGS-382034085381901,9fe1e565818b45abb387a4a1e848acae,,,,38.342804,-85.638647,37.845,4.911,4.911,11,2021,2021-01-15,2025-12-15
2023,USGS-382034085381901,9fe1e565818b45abb387a4a1e848acae,,,,38.342804,-85.638647,35.785,2.851,-2.06,12,2021,2021-01-15,2025-12-15
2024,USGS-382034085381901,9fe1e565818b45abb387a4a1e848acae,,,,38.342804,-85.638647,30.546,-2.388,-5.239,12,2021,2021-01-15,2025-12-15
2025,USGS-382034085381901,9fe1e565818b45abb387a4a1e848acae,,,,38.342804,-85.638647,32.224,-0.709,1.679,9,2021,2021-01-15,2025-12-15
2021,USGS-382038075065901,d9bc77d6ef034ed7b4887e7b0dafae15,,,,38.343972,-75.115917,3.646,0,,12,2021,2021-01-15,2025-12-15
2022,USGS-382038075065901,d9bc77d6ef034ed7b4887e7b0dafae15,,,,38.343972,-75.115917,3.614,-0.032,-0.032,12,2021,2021-01-15,2025-12-15
2023,USGS-382038075065901,d9bc77d6ef034ed7b4887e7b0dafae15,,,,38.343972,-75.115917,4.162,0.516,0.548,12,2021,2021-01-15,2025-12-15
2024,USGS-382038075065901,d9bc77d6ef034ed7b4887e7b0dafae15,,,,38.343972,-75.115917,5.053,1.407,0.891,12,2021,2021-01-15,2025-12-15
2025,USGS-382038075065901,d9bc77d6ef034ed7b4887e7b0dafae15,,,,38.343972,-75.115917,4.596,0.95,-0.457,12,2021,2021-01-15,2025-12-15
2021,USGS-382039085381801,65c7dde426fd4565b7bf6f2c193bd39e,,,,38.344138,-85.638202,33.476,0,,11,2021,2021-01-15,2025-12-15
2022,USGS-382039085381801,65c7dde426fd4565b7bf6f2c193bd39e,,,,38.344138,-85.638202,38.484,5.007,5.007,11,2021,2021-01-15,2025-12-15
2023,USGS-382039085381801,65c7dde426fd4565b7bf6f2c193bd39e,,,,38.344138,-85.638202,36.369,2.893,-2.114,12,2021,2021-01-15,2025-12-15
2024,USGS-382039085381801,65c7dde426fd4565b7bf6f2c193bd39e,,,,38.344138,-85.638202,31.571,-1.906,-4.798,12,2021,2021-01-15,2025-12-15
2025,USGS-382039085381801,65c7dde426fd4565b7bf6f2c193bd39e,,,,38.344138,-85.638202,32.398,-1.078,0.827,11,2021,2021-01-15,2025-12-15
2021,USGS-382042085381601,54826759085e4bdf8c5c12bf3d2a3556,,,,38.344971,-85.637646,35.028,0,,11,2021,2021-01-15,2025-12-15
2022,USGS-382042085381601,54826759085e4bdf8c5c12bf3d2a3556,,,,38.344971,-85.637646,40.909,5.881,5.881,11,2021,2021-01-15,2025-12-15
2023,USGS-382042085381601,54826759085e4bdf8c5c12bf3d2a3556,,,,38.344971,-85.637646,38.248,3.22,-2.661,12,2021,2021-01-15,2025-12-15
2024,USGS-382042085381601,54826759085e4bdf8c5c12bf3d2a3556,,,,38.344971,-85.637646,33.16,-1.868,-5.088,12,2021,2021-01-15,2025-12-15
2025,USGS-382042085381601,54826759085e4bdf8c5c12bf3d2a3556,,,,38.344971,-85.637646,33.761,-1.267,0.601,11,2021,2021-01-15,2025-12-15
2021,USGS-382043085381701,4605e4467ded43188474c1fe983c73e7,,,,38.345527,-85.637896,41.765,0,,11,2021,2021-01-15,2025-12-15
2022,USGS-382043085381701,4605e4467ded43188474c1fe983c73e7,,,,38.345527,-85.637896,48.808,7.044,7.044,11,2021,2021-01-15,2025-12-15
2023,USGS-382043085381701,4605e4467ded43188474c1fe983c73e7,,,,38.345527,-85.637896,44.86,3.095,-3.948,12,2021,2021-01-15,2025-12-15
2024,USGS-382043085381701,4605e4467ded43188474c1fe983c73e7,,,,38.345527,-85.637896,38.902,-2.863,-5.958,12,2021,2021-01-15,2025-12-15
2025,USGS-382043085381701,4605e4467ded43188474c1fe983c73e7,,,,38.345527,-85.637896,39.998,-1.766,1.097,11,2021,2021-01-15,2025-12-15
2021,USGS-382045085381601,40904da83bc14eacbbba1c19b2b9ad23,,,,38.345777,-85.637758,50.364,0,,8,2021,2021-01-15,2025-12-15
2022,USGS-382045085381601,40904da83bc14eacbbba1c19b2b9ad23,,,,38.345777,-85.637758,63.428,13.064,13.064,9,2021,2021-01-15,2025-12-15
2023,USGS-382045085381601,40904da83bc14eacbbba1c19b2b9ad23,,,,38.345777,-85.637758,56.276,5.913,-7.151,11,2021,2021-01-15,2025-12-15
2024,USGS-382045085381601,40904da83bc14eacbbba1c19b2b9ad23,,,,38.345777,-85.637758,49.819,-0.545,-6.457,11,2021,2021-01-15,2025-12-15
2025,USGS-382045085381601,40904da83bc14eacbbba1c19b2b9ad23,,,,38.345777,-85.637758,52.31,1.946,2.491,5,2021,2021-01-15,2025-12-15
2021,USGS-382105085375101,732bba14b2d14f24a4ca9b797066e49b,,,,38.351499,-85.630785,23.775,0,,11,2021,2021-01-15,2025-12-15
2022,USGS-382105085375101,732bba14b2d14f24a4ca9b797066e49b,,,,38.351499,-85.630785,24.945,1.169,1.169,11,2021,2021-01-15,2025-12-15
2023,USGS-382105085375101,732bba14b2d14f24a4ca9b797066e49b,,,,38.351499,-85.630785,27.595,3.82,2.65,8,2021,2021-01-15,2025-12-15
2024,USGS-382105085375101,732bba14b2d14f24a4ca9b797066e49b,,,,38.351499,-85.630785,25.541,1.765,-2.054,11,2021,2021-01-15,2025-12-15
2025,USGS-382105085375101,732bba14b2d14f24a4ca9b797066e49b,,,,38.351499,-85.630785,24.426,0.651,-1.115,11,2021,2021-01-15,2025-12-15
2021,USGS-382154076574801,c7da7cdc47294efc99e38623c8d4bbc8,,,,38.364139,-76.960278,114.792,0,,12,2021,2021-01-15,2025-12-15
2022,USGS-382154076574801,c7da7cdc47294efc99e38623c8d4bbc8,,,,38.364139,-76.960278,113.724,-1.068,-1.068,10,2021,2021-01-15,2025-12-15
2023,USGS-382154076574801,c7da7cdc47294efc99e38623c8d4bbc8,,,,38.364139,-76.960278,93.049,-21.742,-20.675,12,2021,2021-01-15,2025-12-15
2024,USGS-382154076574801,c7da7cdc47294efc99e38623c8d4bbc8,,,,38.364139,-76.960278,92.377,-22.414,-0.672,12,2021,2021-01-15,2025-12-15
2025,USGS-382154076574801,c7da7cdc47294efc99e38623c8d4bbc8,,,,38.364139,-76.960278,93.623,-21.169,1.245,12,2021,2021-01-15,2025-12-15
2021,USGS-382156085382401,e34a59e17aec47f5a7a6b425b4a7f8c3,,,,38.365444,-85.64,34.277,0,,12,2021,2021-01-15,2025-12-15
2022,USGS-382156085382401,e34a59e17aec47f5a7a6b425b4a7f8c3,,,,38.365444,-85.64,33.814,-0.463,-0.463,12,2021,2021-01-15,2025-12-15
2023,USGS-382156085382401,e34a59e17aec47f5a7a6b425b4a7f8c3,,,,38.365444,-85.64,34.689,0.412,0.875,12,2021,2021-01-15,2025-12-15
2024,USGS-382156085382401,e34a59e17aec47f5a7a6b425b4a7f8c3,,,,38.365444,-85.64,32.892,-1.386,-1.798,12,2021,2021-01-15,2025-12-15
2025,USGS-382156085382401,e34a59e17aec47f5a7a6b425b4a7f8c3,,,,38.365444,-85.64,33.813,-0.465,0.921,12,2021,2021-01-15,2025-12-15
2021,USGS-382215075041903,8924a8b5f39a46b09cb6191521b0d453,,,,38.370972,-75.07175,12.453,0,,12,2021,2021-01-15,2025-12-15
2022,USGS-382215075041903,8924a8b5f39a46b09cb6191521b0d453,,,,38.370972,-75.07175,13.532,1.08,1.08,12,2021,2021-01-15,2025-12-15
2023,USGS-382215075041903,8924a8b5f39a46b09cb6191521b0d453,,,,38.370972,-75.07175,10.644,-1.808,-2.888,12,2021,2021-01-15,2025-12-15
2024,USGS-382215075041903,8924a8b5f39a46b09cb6191521b0d453,,,,38.370972,-75.07175,10.337,-2.116,-0.308,12,2021,2021-01-15,2025-12-15
2025,USGS-382215075041903,8924a8b5f39a46b09cb6191521b0d453,,,,38.370972,-75.07175,9.152,-3.3,-1.184,12,2021,2021-01-15,2025-12-15
2021,USGS-382323086044501,8b8799097b754f4f9bef7521013dd96f,,,,38.389785,-86.07914,9.067,0,,12,2021,2021-01-15,2025-12-15
2022,USGS-382323086044501,8b8799097b754f4f9bef7521013dd96f,,,,38.389785,-86.07914,11.25,2.183,2.183,12,2021,2021-01-15,2025-12-15
2023,USGS-382323086044501,8b8799097b754f4f9bef7521013dd96f,,,,38.389785,-86.07914,12.313,3.246,1.063,12,2021,2021-01-15,2025-12-15
2024,USGS-382323086044501,8b8799097b754f4f9bef7521013dd96f,,,,38.389785,-86.07914,11.216,2.149,-1.097,12,2021,2021-01-15,2025-12-15
2025,USGS-382323086044501,8b8799097b754f4f9bef7521013dd96f,,,,38.389785,-86.07914,8.181,-0.886,-3.035,12,2021,2021-01-15,2025-12-15
2021,USGS-382323104200701,71d355eb6deb4fe7ba966a88457ca2b0,,,,38.389672,-104.335817,21.73,0,,12,2021,2021-01-15,2025-12-15
2022,USGS-382323104200701,71d355eb6deb4fe7ba966a88457ca2b0,,,,38.389672,-104.335817,21.935,0.205,0.205,12,2021,2021-01-15,2025-12-15
2023,USGS-382323104200701,71d355eb6deb4fe7ba966a88457ca2b0,,,,38.389672,-104.335817,21.979,0.249,0.044,12,2021,2021-01-15,2025-12-15
2024,USGS-382323104200701,71d355eb6deb4fe7ba966a88457ca2b0,,,,38.389672,-104.335817,22.047,0.317,0.068,12,2021,2021-01-15,2025-12-15
2025,USGS-382323104200701,71d355eb6deb4fe7ba966a88457ca2b0,,,,38.389672,-104.335817,22.088,0.358,0.041,12,2021,2021-01-15,2025-12-15
2021,USGS-382325075063302,536b170054994352a73b2b28145ccf32,,,,38.390833,-75.109056,7.049,0,,12,2021,2021-01-15,2025-12-15
2022,USGS-382325075063302,536b170054994352a73b2b28145ccf32,,,,38.390833,-75.109056,7.71,0.661,0.661,12,2021,2021-01-15,2025-12-15
2023,USGS-382325075063302,536b170054994352a73b2b28145ccf32,,,,38.390833,-75.109056,6.593,-0.457,-1.117,12,2021,2021-01-15,2025-12-15
2024,USGS-382325075063302,536b170054994352a73b2b28145ccf32,,,,38.390833,-75.109056,6.963,-0.086,0.371,12,2021,2021-01-15,2025-12-15
2025,USGS-382325075063302,536b170054994352a73b2b28145ccf32,,,,38.390833,-75.109056,6.819,-0.23,-0.144,12,2021,2021-01-15,2025-12-15
2021,USGS-382407076260301,f5d0ce5cbd2e4edcb239fc03ac178c58,,,,38.402222,-76.434556,238.223,0,,12,2021,2021-01-15,2025-12-15
2022,USGS-382407076260301,f5d0ce5cbd2e4edcb239fc03ac178c58,,,,38.402222,-76.434556,239.039,0.816,0.816,12,2021,2021-01-15,2025-12-15
2023,USGS-382407076260301,f5d0ce5cbd2e4edcb239fc03ac178c58,,,,38.402222,-76.434556,239.624,1.401,0.585,12,2021,2021-01-15,2025-12-15
2024,USGS-382407076260301,f5d0ce5cbd2e4edcb239fc03ac178c58,,,,38.402222,-76.434556,241.391,3.168,1.767,12,2021,2021-01-15,2025-12-15
2025,USGS-382407076260301,f5d0ce5cbd2e4edcb239fc03ac178c58,,,,38.402222,-76.434556,244.847,6.623,3.456,12,2021,2021-01-15,2025-12-15
2021,USGS-382443075033501,3867baa773354993948066effdbf5f07,,,,38.412778,-75.05975,8.117,0,,12,2021,2021-01-15,2025-12-15
2022,USGS-382443075033501,3867baa773354993948066effdbf5f07,,,,38.412778,-75.05975,8.015,-0.102,-0.102,12,2021,2021-01-15,2025-12-15
2023,USGS-382443075033501,3867baa773354993948066effdbf5f07,,,,38.412778,-75.05975,7.05,-1.067,-0.965,12,2021,2021-01-15,2025-12-15
2024,USGS-382443075033501,3867baa773354993948066effdbf5f07,,,,38.412778,-75.05975,7.239,-0.878,0.189,12,2021,2021-01-15,2025-12-15
2025,USGS-382443075033501,3867baa773354993948066effdbf5f07,,,,38.412778,-75.05975,7.727,-0.39,0.488,12,2021,2021-01-15,2025-12-15
2021,USGS-382549076260101,a1eda8e6ba67488991478de45c1052f9,,,,38.43325,-76.436944,120.11,0,,12,2021,2021-01-15,2025-12-15
2022,USGS-382549076260101,a1eda8e6ba67488991478de45c1052f9,,,,38.43325,-76.436944,120.16,0.05,0.05,12,2021,2021-01-15,2025-12-15
2023,USGS-382549076260101,a1eda8e6ba67488991478de45c1052f9,,,,38.43325,-76.436944,122.804,2.694,2.644,12,2021,2021-01-15,2025-12-15
2024,USGS-382549076260101,a1eda8e6ba67488991478de45c1052f9,,,,38.43325,-76.436944,126.847,6.737,4.042,12,2021,2021-01-15,2025-12-15
2025,USGS-382549076260101,a1eda8e6ba67488991478de45c1052f9,,,,38.43325,-76.436944,131.716,11.606,4.869,12,2021,2021-01-15,2025-12-15
2021,USGS-382635075030603,ba76c5226c81488b9dc077db764a66a0,,,,38.442417,-75.051111,16.107,0,,12,2021,2021-01-15,2025-12-15
2022,USGS-382635075030603,ba76c5226c81488b9dc077db764a66a0,,,,38.442417,-75.051111,16.383,0.277,0.277,12,2021,2021-01-15,2025-12-15
2023,USGS-382635075030603,ba76c5226c81488b9dc077db764a66a0,,,,38.442417,-75.051111,15.171,-0.936,-1.212,12,2021,2021-01-15,2025-12-15
2024,USGS-382635075030603,ba76c5226c81488b9dc077db764a66a0,,,,38.442417,-75.051111,15.336,-0.771,0.165,12,2021,2021-01-15,2025-12-15
2025,USGS-382635075030603,ba76c5226c81488b9dc077db764a66a0,,,,38.442417,-75.051111,16.273,0.167,0.938,12,2021,2021-01-15,2025-12-15
2021,USGS-383012086124501,b247163ee9db4e5a8b717d55ba8a3d04,,,,38.503392,-86.21248,76.695,0,,12,2021,2021-01-15,2025-01-15
2022,USGS-383012086124501,b247163ee9db4e5a8b717d55ba8a3d04,,,,38.503392,-86.21248,77.712,1.017,1.017,12,2021,2021-01-15,2025-01-15
2023,USGS-383012086124501,b247163ee9db4e5a8b717d55ba8a3d04,,,,38.503392,-86.21248,76.869,0.174,-0.843,12,2021,2021-01-15,2025-01-15
2024,USGS-383012086124501,b247163ee9db4e5a8b717d55ba8a3d04,,,,38.503392,-86.21248,75.846,-0.849,-1.023,12,2021,2021-01-15,2025-01-15
2025,USGS-383012086124501,b247163ee9db4e5a8b717d55ba8a3d04,,,,38.503392,-86.21248,74.32,-2.375,-1.526,1,2021,2021-01-15,2025-01-15
2021,USGS-383023114115302,fce64eec29254a59a1368cf41585a3f4,,,,38.503722,-114.2065,179.02,0,,1,2021,2021-12-15,2025-12-15
2022,USGS-383023114115302,fce64eec29254a59a1368cf41585a3f4,,,,38.503722,-114.2065,179.437,0.417,0.417,12,2021,2021-12-15,2025-12-15
2023,USGS-383023114115302,fce64eec29254a59a1368cf41585a3f4,,,,38.503722,-114.2065,179.107,0.087,-0.329,12,2021,2021-12-15,2025-12-15
2024,USGS-383023114115302,fce64eec29254a59a1368cf41585a3f4,,,,38.503722,-114.2065,176.444,-2.576,-2.663,12,2021,2021-12-15,2025-12-15
2025,USGS-383023114115302,fce64eec29254a59a1368cf41585a3f4,,,,38.503722,-114.2065,175.832,-3.188,-0.612,12,2021,2021-12-15,2025-12-15
2021,USGS-383239076354201,b143ebd3f6a4434eb78e5c0a8c481693,,,,38.543556,-76.594667,210.323,0,,12,2021,2021-01-15,2025-12-15
2022,USGS-383239076354201,b143ebd3f6a4434eb78e5c0a8c481693,,,,38.543556,-76.594667,212.184,1.861,1.861,12,2021,2021-01-15,2025-12-15
2023,USGS-383239076354201,b143ebd3f6a4434eb78e5c0a8c481693,,,,38.543556,-76.594667,210.25,-0.073,-1.934,12,2021,2021-01-15,2025-12-15
2024,USGS-383239076354201,b143ebd3f6a4434eb78e5c0a8c481693,,,,38.543556,-76.594667,210.222,-0.102,-0.028,12,2021,2021-01-15,2025-12-15
2025,USGS-383239076354201,b143ebd3f6a4434eb78e5c0a8c481693,,,,38.543556,-76.594667,209.847,-0.477,-0.375,12,2021,2021-01-15,2025-12-15
2021,USGS-383247087361001,dc38c0904e474af286b5c4b72a9f07be,,,,38.546436,-87.602802,9.949,0,,12,2021,2021-01-15,2025-12-15
2022,USGS-383247087361001,dc38c0904e474af286b5c4b72a9f07be,,,,38.546436,-87.602802,9.811,-0.138,-0.138,12,2021,2021-01-15,2025-12-15
2023,USGS-383247087361001,dc38c0904e474af286b5c4b72a9f07be,,,,38.546436,-87.602802,10.094,0.145,0.283,12,2021,2021-01-15,2025-12-15
2024,USGS-383247087361001,dc38c0904e474af286b5c4b72a9f07be,,,,38.546436,-87.602802,10.117,0.168,0.022,12,2021,2021-01-15,2025-12-15
2025,USGS-383247087361001,dc38c0904e474af286b5c4b72a9f07be,,,,38.546436,-87.602802,9.623,-0.326,-0.493,12,2021,2021-01-15,2025-12-15
2021,USGS-383348076411301,af87e40aa3004a598d287d2bf964f779,,,,38.5635,-76.685333,77.046,0,,12,2021,2021-01-15,2025-12-15
2022,USGS-383348076411301,af87e40aa3004a598d287d2bf964f779,,,,38.5635,-76.685333,76.196,-0.85,-0.85,12,2021,2021-01-15,2025-12-15
2023,USGS-383348076411301,af87e40aa3004a598d287d2bf964f779,,,,38.5635,-76.685333,74.985,-2.061,-1.211,12,2021,2021-01-15,2025-12-15
2024,USGS-383348076411301,af87e40aa3004a598d287d2bf964f779,,,,38.5635,-76.685333,73.32,-3.726,-1.665,12,2021,2021-01-15,2025-12-15
2025,USGS-383348076411301,af87e40aa3004a598d287d2bf964f779,,,,38.5635,-76.685333,73.5,-3.546,0.18,12,2021,2021-01-15,2025-12-15
2021,USGS-383348076411302,9e1f6c46d6874638a6469ce2329e73de,,,,38.563389,-76.685389,84.771,0,,11,2021,2021-02-15,2025-12-15
2022,USGS-383348076411302,9e1f6c46d6874638a6469ce2329e73de,,,,38.563389,-76.685389,81.995,-2.776,-2.776,12,2021,2021-02-15,2025-12-15
2023,USGS-383348076411302,9e1f6c46d6874638a6469ce2329e73de,,,,38.563389,-76.685389,77.723,-7.048,-4.272,12,2021,2021-02-15,2025-12-15
2024,USGS-383348076411302,9e1f6c46d6874638a6469ce2329e73de,,,,38.563389,-76.685389,74.568,-10.203,-3.154,12,2021,2021-02-15,2025-12-15
2025,USGS-383348076411302,9e1f6c46d6874638a6469ce2329e73de,,,,38.563389,-76.685389,74.123,-10.648,-0.445,12,2021,2021-02-15,2025-12-15
2021,USGS-383403085352601,822134a468014c69b2a7ba19fbf0e2c0,,,,38.5675,-85.590556,42.094,0,,12,2021,2021-01-15,2025-06-15
2022,USGS-383403085352601,822134a468014c69b2a7ba19fbf0e2c0,,,,38.5675,-85.590556,44.067,1.972,1.972,12,2021,2021-01-15,2025-06-15
2023,USGS-383403085352601,822134a468014c69b2a7ba19fbf0e2c0,,,,38.5675,-85.590556,46.923,4.828,2.856,12,2021,2021-01-15,2025-06-15
2024,USGS-383403085352601,822134a468014c69b2a7ba19fbf0e2c0,,,,38.5675,-85.590556,48.364,6.269,1.441,11,2021,2021-01-15,2025-06-15
2025,USGS-383403085352601,822134a468014c69b2a7ba19fbf0e2c0,,,,38.5675,-85.590556,45.478,3.384,-2.886,5,2021,2021-01-15,2025-06-15
2021,USGS-383730075213501,de652a08759c4bf2914979e74913eb59,,,,38.643639,-75.359611,10.752,0,,12,2021,2021-01-15,2025-12-15
2022,USGS-383730075213501,de652a08759c4bf2914979e74913eb59,,,,38.643639,-75.359611,11.409,0.658,0.658,12,2021,2021-01-15,2025-12-15
2023,USGS-383730075213501,de652a08759c4bf2914979e74913eb59,,,,38.643639,-75.359611,11.118,0.366,-0.292,12,2021,2021-01-15,2025-12-15
2024,USGS-383730075213501,de652a08759c4bf2914979e74913eb59,,,,38.643639,-75.359611,10.669,-0.082,-0.448,12,2021,2021-01-15,2025-12-15
2025,USGS-383730075213501,de652a08759c4bf2914979e74913eb59,,,,38.643639,-75.359611,10.874,0.123,0.205,12,2021,2021-01-15,2025-12-15
2021,USGS-383746076482901,70adbb5d85d2472f9ad3180a49a6d9e8,,,,38.629917,-76.807444,4.346,0,,11,2021,2021-01-15,2025-12-15
2022,USGS-383746076482901,70adbb5d85d2472f9ad3180a49a6d9e8,,,,38.629917,-76.807444,4.421,0.074,0.074,12,2021,2021-01-15,2025-12-15
2023,USGS-383746076482901,70adbb5d85d2472f9ad3180a49a6d9e8,,,,38.629917,-76.807444,4.396,0.049,-0.025,12,2021,2021-01-15,2025-12-15
2024,USGS-383746076482901,70adbb5d85d2472f9ad3180a49a6d9e8,,,,38.629917,-76.807444,5.788,1.442,1.393,12,2021,2021-01-15,2025-12-15
2025,USGS-383746076482901,70adbb5d85d2472f9ad3180a49a6d9e8,,,,38.629917,-76.807444,5.754,1.408,-0.034,12,2021,2021-01-15,2025-12-15
2021,USGS-383946086475701,93722d41aea949948f2f0e45df080661,,,,38.662778,-86.799167,28.552,0,,12,2021,2021-01-15,2025-05-15
2022,USGS-383946086475701,93722d41aea949948f2f0e45df080661,,,,38.662778,-86.799167,27.689,-0.862,-0.862,12,2021,2021-01-15,2025-05-15
2023,USGS-383946086475701,93722d41aea949948f2f0e45df080661,,,,38.662778,-86.799167,30.791,2.239,3.102,11,2021,2021-01-15,2025-05-15
2024,USGS-383946086475701,93722d41aea949948f2f0e45df080661,,,,38.662778,-86.799167,31.143,2.592,0.352,12,2021,2021-01-15,2025-05-15
2025,USGS-383946086475701,93722d41aea949948f2f0e45df080661,,,,38.662778,-86.799167,27.7,-0.852,-3.443,4,2021,2021-01-15,2025-05-15
2021,USGS-384333076394701,b484fa166e464e7d9d3fb432dc50f5a2,,,,38.726111,-76.663389,174.386,0,,12,2021,2021-01-15,2025-12-15
2022,USGS-384333076394701,b484fa166e464e7d9d3fb432dc50f5a2,,,,38.726111,-76.663389,174.732,0.346,0.346,12,2021,2021-01-15,2025-12-15
2023,USGS-384333076394701,b484fa166e464e7d9d3fb432dc50f5a2,,,,38.726111,-76.663389,175.817,1.431,1.085,12,2021,2021-01-15,2025-12-15
2024,USGS-384333076394701,b484fa166e464e7d9d3fb432dc50f5a2,,,,38.726111,-76.663389,176.47,2.084,0.653,12,2021,2021-01-15,2025-12-15
2025,USGS-384333076394701,b484fa166e464e7d9d3fb432dc50f5a2,,,,38.726111,-76.663389,176.733,2.347,0.263,12,2021,2021-01-15,2025-12-15
2021,USGS-384949085251901,552570917baa468582f0ffb5326f55bc,,,,38.830603,-85.421334,5.82,0,,11,2021,2021-02-15,2025-12-15
2022,USGS-384949085251901,552570917baa468582f0ffb5326f55bc,,,,38.830603,-85.421334,5.656,-0.164,-0.164,12,2021,2021-02-15,2025-12-15
2023,USGS-384949085251901,552570917baa468582f0ffb5326f55bc,,,,38.830603,-85.421334,6.195,0.375,0.539,12,2021,2021-02-15,2025-12-15
2024,USGS-384949085251901,552570917baa468582f0ffb5326f55bc,,,,38.830603,-85.421334,6.868,1.048,0.673,12,2021,2021-02-15,2025-12-15
2025,USGS-384949085251901,552570917baa468582f0ffb5326f55bc,,,,38.830603,-85.421334,6.65,0.83,-0.218,12,2021,2021-02-15,2025-12-15
2021,USGS-384951087202501,2569907843094af4aec7e2e82d116212,,,,38.830879,-87.340294,13.179,0,,12,2021,2021-01-15,2025-12-15
2022,USGS-384951087202501,2569907843094af4aec7e2e82d116212,,,,38.830879,-87.340294,13.1,-0.079,-0.079,12,2021,2021-01-15,2025-12-15
2023,USGS-384951087202501,2569907843094af4aec7e2e82d116212,,,,38.830879,-87.340294,13.913,0.734,0.813,12,2021,2021-01-15,2025-12-15
2024,USGS-384951087202501,2569907843094af4aec7e2e82d116212,,,,38.830879,-87.340294,14.426,1.247,0.513,12,2021,2021-01-15,2025-12-15
2025,USGS-384951087202501,2569907843094af4aec7e2e82d116212,,,,38.830879,-87.340294,13.878,0.699,-0.548,11,2021,2021-01-15,2025-12-15
2021,USGS-385041075395602,0be97e7afcdc463aa468c7214ff45eee,,,,38.845222,-75.665694,11.218,0,,12,2021,2021-01-15,2025-12-15
2022,USGS-385041075395602,0be97e7afcdc463aa468c7214ff45eee,,,,38.845222,-75.665694,14.026,2.807,2.807,12,2021,2021-01-15,2025-12-15
2023,USGS-385041075395602,0be97e7afcdc463aa468c7214ff45eee,,,,38.845222,-75.665694,13.563,2.345,-0.462,12,2021,2021-01-15,2025-12-15
2024,USGS-385041075395602,0be97e7afcdc463aa468c7214ff45eee,,,,38.845222,-75.665694,11.692,0.473,-1.872,12,2021,2021-01-15,2025-12-15
2025,USGS-385041075395602,0be97e7afcdc463aa468c7214ff45eee,,,,38.845222,-75.665694,15.453,4.234,3.761,12,2021,2021-01-15,2025-12-15
2021,USGS-385521114503601,867cc79723574fc1a0d14e4af259fe78,,,,38.920222,-114.84225,432.697,0,,12,2021,2021-01-15,2025-12-15
2022,USGS-385521114503601,867cc79723574fc1a0d14e4af259fe78,,,,38.920222,-114.84225,434.956,2.259,2.259,12,2021,2021-01-15,2025-12-15
2023,USGS-385521114503601,867cc79723574fc1a0d14e4af259fe78,,,,38.920222,-114.84225,431.984,-0.713,-2.972,11,2021,2021-01-15,2025-12-15
2024,USGS-385521114503601,867cc79723574fc1a0d14e4af259fe78,,,,38.920222,-114.84225,428.828,-3.868,-3.155,11,2021,2021-01-15,2025-12-15
2025,USGS-385521114503601,867cc79723574fc1a0d14e4af259fe78,,,,38.920222,-114.84225,430.418,-2.278,1.59,12,2021,2021-01-15,2025-12-15
2021,USGS-385542086005601,e3d28951f2f948eebfe2869a6e7d49c4,,,,38.928417,-86.015639,7.056,0,,12,2021,2021-01-15,2025-01-15
2022,USGS-385542086005601,e3d28951f2f948eebfe2869a6e7d49c4,,,,38.928417,-86.015639,7.742,0.686,0.686,12,2021,2021-01-15,2025-01-15
2023,USGS-385542086005601,e3d28951f2f948eebfe2869a6e7d49c4,,,,38.928417,-86.015639,8.611,1.555,0.869,12,2021,2021-01-15,2025-01-15
2024,USGS-385542086005601,e3d28951f2f948eebfe2869a6e7d49c4,,,,38.928417,-86.015639,9.408,2.353,0.797,12,2021,2021-01-15,2025-01-15
2025,USGS-385542086005601,e3d28951f2f948eebfe2869a6e7d49c4,,,,38.928417,-86.015639,8.37,1.314,-1.038,1,2021,2021-01-15,2025-01-15
2021,USGS-385601085365701,2ec9b4aed74b4927a69a866e560a6d5a,,,,38.933666,-85.6158,38.766,0,,10,2021,2021-01-15,2025-06-15
2022,USGS-385601085365701,2ec9b4aed74b4927a69a866e560a6d5a,,,,38.933666,-85.6158,39.018,0.252,0.252,11,2021,2021-01-15,2025-06-15
2023,USGS-385601085365701,2ec9b4aed74b4927a69a866e560a6d5a,,,,38.933666,-85.6158,40.032,1.266,1.014,4,2021,2021-01-15,2025-06-15
2024,USGS-385601085365701,2ec9b4aed74b4927a69a866e560a6d5a,,,,38.933666,-85.6158,39.237,0.471,-0.795,8,2021,2021-01-15,2025-06-15
2025,USGS-385601085365701,2ec9b4aed74b4927a69a866e560a6d5a,,,,38.933666,-85.6158,38.355,-0.411,-0.882,4,2021,2021-01-15,2025-06-15
2021,USGS-385607074555201,802f1c39a91f49bd832a4493413013e5,,,,38.93539,-74.93184,14.043,0,,6,2021,2021-01-15,2025-12-15
2022,USGS-385607074555201,802f1c39a91f49bd832a4493413013e5,,,,38.93539,-74.93184,17.112,3.069,3.069,10,2021,2021-01-15,2025-12-15
2023,USGS-385607074555201,802f1c39a91f49bd832a4493413013e5,,,,38.93539,-74.93184,17.322,3.279,0.211,12,2021,2021-01-15,2025-12-15
2024,USGS-385607074555201,802f1c39a91f49bd832a4493413013e5,,,,38.93539,-74.93184,17.532,3.488,0.209,12,2021,2021-01-15,2025-12-15
2025,USGS-385607074555201,802f1c39a91f49bd832a4493413013e5,,,,38.93539,-74.93184,18.217,4.174,0.686,12,2021,2021-01-15,2025-12-15
2021,USGS-385709074512801,153c47a6e6984d49a998db74fc24f028,,,,38.952525,-74.857385,35.778,0,,12,2021,2021-01-15,2025-12-15
2022,USGS-385709074512801,153c47a6e6984d49a998db74fc24f028,,,,38.952525,-74.857385,35.667,-0.112,-0.112,12,2021,2021-01-15,2025-12-15
2023,USGS-385709074512801,153c47a6e6984d49a998db74fc24f028,,,,38.952525,-74.857385,37.465,1.687,1.798,6,2021,2021-01-15,2025-12-15
2024,USGS-385709074512801,153c47a6e6984d49a998db74fc24f028,,,,38.952525,-74.857385,36.381,0.602,-1.084,12,2021,2021-01-15,2025-12-15
2025,USGS-385709074512801,153c47a6e6984d49a998db74fc24f028,,,,38.952525,-74.857385,36.784,1.006,0.403,12,2021,2021-01-15,2025-12-15
2021,USGS-385804074574201,510fbfd54cb94caeaa69803685f11eae,,,,38.967803,-74.961277,16.942,0,,12,2021,2021-01-15,2025-12-15
2022,USGS-385804074574201,510fbfd54cb94caeaa69803685f11eae,,,,38.967803,-74.961277,16.636,-0.306,-0.306,12,2021,2021-01-15,2025-12-15
2023,USGS-385804074574201,510fbfd54cb94caeaa69803685f11eae,,,,38.967803,-74.961277,17.571,0.629,0.935,12,2021,2021-01-15,2025-12-15
2024,USGS-385804074574201,510fbfd54cb94caeaa69803685f11eae,,,,38.967803,-74.961277,17.978,1.037,0.408,12,2021,2021-01-15,2025-12-15
2025,USGS-385804074574201,510fbfd54cb94caeaa69803685f11eae,,,,38.967803,-74.961277,19.533,2.592,1.555,12,2021,2021-01-15,2025-12-15
2021,USGS-390002074541002,44385c36a4254048ad48ede2e8377600,,,,39.00058,-74.902386,47.763,0,,12,2021,2021-01-15,2025-12-15
2022,USGS-390002074541002,44385c36a4254048ad48ede2e8377600,,,,39.00058,-74.902386,48.355,0.592,0.592,12,2021,2021-01-15,2025-12-15
2023,USGS-390002074541002,44385c36a4254048ad48ede2e8377600,,,,39.00058,-74.902386,48.297,0.534,-0.058,12,2021,2021-01-15,2025-12-15
2024,USGS-390002074541002,44385c36a4254048ad48ede2e8377600,,,,39.00058,-74.902386,47.141,-0.623,-1.157,12,2021,2021-01-15,2025-12-15
2025,USGS-390002074541002,44385c36a4254048ad48ede2e8377600,,,,39.00058,-74.902386,47.836,0.073,0.696,11,2021,2021-01-15,2025-12-15
2021,USGS-390012074472001,ea87fb465df3454288d58c7fc626cb2e,,,,39.003358,-74.788493,40.758,0,,6,2021,2021-01-15,2025-12-15
2022,USGS-390012074472001,ea87fb465df3454288d58c7fc626cb2e,,,,39.003358,-74.788493,43.114,2.356,2.356,10,2021,2021-01-15,2025-12-15
2023,USGS-390012074472001,ea87fb465df3454288d58c7fc626cb2e,,,,39.003358,-74.788493,43.227,2.469,0.114,12,2021,2021-01-15,2025-12-15
2024,USGS-390012074472001,ea87fb465df3454288d58c7fc626cb2e,,,,39.003358,-74.788493,43.466,2.708,0.238,12,2021,2021-01-15,2025-12-15
2025,USGS-390012074472001,ea87fb465df3454288d58c7fc626cb2e,,,,39.003358,-74.788493,43.837,3.078,0.371,12,2021,2021-01-15,2025-12-15
2021,USGS-390156074533401,b5a3ec345b344560a81e0e91caa088ea,,,,39.032335,-74.892393,11.443,0,,12,2021,2021-01-15,2025-12-15
2022,USGS-390156074533401,b5a3ec345b344560a81e0e91caa088ea,,,,39.032335,-74.892393,12.293,0.85,0.85,12,2021,2021-01-15,2025-12-15
2023,USGS-390156074533401,b5a3ec345b344560a81e0e91caa088ea,,,,39.032335,-74.892393,12.07,0.627,-0.223,12,2021,2021-01-15,2025-12-15
2024,USGS-390156074533401,b5a3ec345b344560a81e0e91caa088ea,,,,39.032335,-74.892393,11.296,-0.147,-0.774,12,2021,2021-01-15,2025-12-15
2025,USGS-390156074533401,b5a3ec345b344560a81e0e91caa088ea,,,,39.032335,-74.892393,12.141,0.697,0.845,12,2021,2021-01-15,2025-12-15
2021,USGS-390211074505502,cf17ca39cfcc4472893700a88b9db736,,,,39.036413,-74.848217,8.433,0,,12,2021,2021-01-15,2025-12-15
2022,USGS-390211074505502,cf17ca39cfcc4472893700a88b9db736,,,,39.036413,-74.848217,9.201,0.768,0.768,12,2021,2021-01-15,2025-12-15
2023,USGS-390211074505502,cf17ca39cfcc4472893700a88b9db736,,,,39.036413,-74.848217,9.03,0.597,-0.171,12,2021,2021-01-15,2025-12-15
2024,USGS-390211074505502,cf17ca39cfcc4472893700a88b9db736,,,,39.036413,-74.848217,7.258,-1.176,-1.772,8,2021,2021-01-15,2025-12-15
2025,USGS-390211074505502,cf17ca39cfcc4472893700a88b9db736,,,,39.036413,-74.848217,8.443,0.01,1.186,10,2021,2021-01-15,2025-12-15
2021,USGS-390422074544701,371df37ad0c34178927fb677c15c5f4a,,,,39.072891,-74.912672,32.596,0,,12,2021,2021-01-15,2025-12-15
2022,USGS-390422074544701,371df37ad0c34178927fb677c15c5f4a,,,,39.072891,-74.912672,33.081,0.485,0.485,12,2021,2021-01-15,2025-12-15
2023,USGS-390422074544701,371df37ad0c34178927fb677c15c5f4a,,,,39.072891,-74.912672,33.324,0.728,0.243,12,2021,2021-01-15,2025-12-15
2024,USGS-390422074544701,371df37ad0c34178927fb677c15c5f4a,,,,39.072891,-74.912672,33.463,0.867,0.138,12,2021,2021-01-15,2025-12-15
2025,USGS-390422074544701,371df37ad0c34178927fb677c15c5f4a,,,,39.072891,-74.912672,32.321,-0.275,-1.142,11,2021,2021-01-15,2025-12-15
2021,USGS-390425074544601,f2704a18b6af4bf7adfe35f0bfa216d0,,,,39.073724,-74.912394,7.908,0,,12,2021,2021-01-15,2025-12-15
2022,USGS-390425074544601,f2704a18b6af4bf7adfe35f0bfa216d0,,,,39.073724,-74.912394,8.22,0.312,0.312,11,2021,2021-01-15,2025-12-15
2023,USGS-390425074544601,f2704a18b6af4bf7adfe35f0bfa216d0,,,,39.073724,-74.912394,7.783,-0.124,-0.437,12,2021,2021-01-15,2025-12-15
2024,USGS-390425074544601,f2704a18b6af4bf7adfe35f0bfa216d0,,,,39.073724,-74.912394,7.68,-0.228,-0.103,12,2021,2021-01-15,2025-12-15
2025,USGS-390425074544601,f2704a18b6af4bf7adfe35f0bfa216d0,,,,39.073724,-74.912394,8.15,0.242,0.47,12,2021,2021-01-15,2025-12-15
2021,USGS-390608074483801,fb938c32d5bb42cb9996e60003b3591f,,,,39.103079,-74.81016,6.425,0,,12,2021,2021-01-15,2025-12-15
2022,USGS-390608074483801,fb938c32d5bb42cb9996e60003b3591f,,,,39.103079,-74.81016,6.988,0.563,0.563,12,2021,2021-01-15,2025-12-15
2023,USGS-390608074483801,fb938c32d5bb42cb9996e60003b3591f,,,,39.103079,-74.81016,7.701,1.276,0.712,12,2021,2021-01-15,2025-12-15
2024,USGS-390608074483801,fb938c32d5bb42cb9996e60003b3591f,,,,39.103079,-74.81016,6.716,0.291,-0.985,12,2021,2021-01-15,2025-12-15
2025,USGS-390608074483801,fb938c32d5bb42cb9996e60003b3591f,,,,39.103079,-74.81016,7.733,1.308,1.017,12,2021,2021-01-15,2025-12-15
2021,USGS-390740103055801,38f6f1808f1c412cb77d217dfd70847c,,,,39.127771,-103.099936,48.647,0,,12,2021,2021-01-15,2025-12-15
2022,USGS-390740103055801,38f6f1808f1c412cb77d217dfd70847c,,,,39.127771,-103.099936,48.687,0.04,0.04,12,2021,2021-01-15,2025-12-15
2023,USGS-390740103055801,38f6f1808f1c412cb77d217dfd70847c,,,,39.127771,-103.099936,47.279,-1.367,-1.407,12,2021,2021-01-15,2025-12-15
2024,USGS-390740103055801,38f6f1808f1c412cb77d217dfd70847c,,,,39.127771,-103.099936,47.711,-0.936,0.432,12,2021,2021-01-15,2025-12-15
2025,USGS-390740103055801,38f6f1808f1c412cb77d217dfd70847c,,,,39.127771,-103.099936,48.804,0.157,1.093,12,2021,2021-01-15,2025-12-15
2021,USGS-390758087363301,f3317b56261442a9ad7085b213ba8bae,,,,39.132778,-87.609167,1.53,0,,12,2021,2021-01-15,2025-03-15
2022,USGS-390758087363301,f3317b56261442a9ad7085b213ba8bae,,,,39.132778,-87.609167,1.737,0.207,0.207,12,2021,2021-01-15,2025-03-15
2023,USGS-390758087363301,f3317b56261442a9ad7085b213ba8bae,,,,39.132778,-87.609167,4.086,2.556,2.349,10,2021,2021-01-15,2025-03-15
2024,USGS-390758087363301,f3317b56261442a9ad7085b213ba8bae,,,,39.132778,-87.609167,3.79,2.26,-0.296,12,2021,2021-01-15,2025-03-15
2025,USGS-390758087363301,f3317b56261442a9ad7085b213ba8bae,,,,39.132778,-87.609167,6.343,4.813,2.553,3,2021,2021-01-15,2025-03-15
2021,USGS-390808075293901,69f40dc4170740b4ad473e6db5c416bb,,,,39.135694,-75.493972,23.657,0,,9,2021,2021-04-15,2025-10-15
2022,USGS-390808075293901,69f40dc4170740b4ad473e6db5c416bb,,,,39.135694,-75.493972,24.81,1.153,1.153,12,2021,2021-04-15,2025-10-15
2023,USGS-390808075293901,69f40dc4170740b4ad473e6db5c416bb,,,,39.135694,-75.493972,24.034,0.378,-0.776,9,2021,2021-04-15,2025-10-15
2024,USGS-390808075293901,69f40dc4170740b4ad473e6db5c416bb,,,,39.135694,-75.493972,22.238,-1.419,-1.797,12,2021,2021-04-15,2025-10-15
2025,USGS-390808075293901,69f40dc4170740b4ad473e6db5c416bb,,,,39.135694,-75.493972,24.688,1.031,2.45,10,2021,2021-04-15,2025-10-15
2021,USGS-390950085553501,c8bc4ef7d8bf4133b4b61ec136ff2a30,,,,39.163941,-85.926378,18.752,0,,6,2021,2021-01-15,2025-01-15
2023,USGS-390950085553501,c8bc4ef7d8bf4133b4b61ec136ff2a30,,,,39.163941,-85.926378,21.888,3.136,3.136,5,2021,2021-01-15,2025-01-15
2024,USGS-390950085553501,c8bc4ef7d8bf4133b4b61ec136ff2a30,,,,39.163941,-85.926378,21.642,2.89,-0.246,12,2021,2021-01-15,2025-01-15
2025,USGS-390950085553501,c8bc4ef7d8bf4133b4b61ec136ff2a30,,,,39.163941,-85.926378,22.63,3.878,0.988,1,2021,2021-01-15,2025-01-15
2021,USGS-391035085560401,8767dfe8a56f4bee9218cabf8676fbc4,,,,39.176441,-85.934434,21.285,0,,2,2021,2021-01-15,2025-01-15
2022,USGS-391035085560401,8767dfe8a56f4bee9218cabf8676fbc4,,,,39.176441,-85.934434,19.955,-1.33,-1.33,4,2021,2021-01-15,2025-01-15
2023,USGS-391035085560401,8767dfe8a56f4bee9218cabf8676fbc4,,,,39.176441,-85.934434,23.548,2.263,3.593,12,2021,2021-01-15,2025-01-15
2024,USGS-391035085560401,8767dfe8a56f4bee9218cabf8676fbc4,,,,39.176441,-85.934434,24.189,2.904,0.641,12,2021,2021-01-15,2025-01-15
2025,USGS-391035085560401,8767dfe8a56f4bee9218cabf8676fbc4,,,,39.176441,-85.934434,24.93,3.645,0.741,1,2021,2021-01-15,2025-01-15
2021,USGS-391145074520401,daac7411ed384645a0a27ad300a72fdc,,,,39.195948,-74.867392,3.335,0,,12,2021,2021-01-15,2025-12-15
2022,USGS-391145074520401,daac7411ed384645a0a27ad300a72fdc,,,,39.195948,-74.867392,3.347,0.012,0.012,12,2021,2021-01-15,2025-12-15
2023,USGS-391145074520401,daac7411ed384645a0a27ad300a72fdc,,,,39.195948,-74.867392,3.286,-0.049,-0.061,12,2021,2021-01-15,2025-12-15
2024,USGS-391145074520401,daac7411ed384645a0a27ad300a72fdc,,,,39.195948,-74.867392,3.026,-0.309,-0.26,12,2021,2021-01-15,2025-12-15
2025,USGS-391145074520401,daac7411ed384645a0a27ad300a72fdc,,,,39.195948,-74.867392,3.243,-0.092,0.218,12,2021,2021-01-15,2025-12-15
2021,USGS-391621074435401,e0b636263d0a42199c177fcab0008dbb,,,,39.272615,-74.731274,3.68,0,,12,2021,2021-01-15,2025-12-15
2022,USGS-391621074435401,e0b636263d0a42199c177fcab0008dbb,,,,39.272615,-74.731274,3.892,0.212,0.212,12,2021,2021-01-15,2025-12-15
2023,USGS-391621074435401,e0b636263d0a42199c177fcab0008dbb,,,,39.272615,-74.731274,3.753,0.073,-0.138,12,2021,2021-01-15,2025-12-15
2024,USGS-391621074435401,e0b636263d0a42199c177fcab0008dbb,,,,39.272615,-74.731274,3.389,-0.291,-0.364,12,2021,2021-01-15,2025-12-15
2025,USGS-391621074435401,e0b636263d0a42199c177fcab0008dbb,,,,39.272615,-74.731274,3.538,-0.142,0.148,12,2021,2021-01-15,2025-12-15
2021,USGS-391627085534401,172c420d7b8b4ac0921c460314f4b0ab,,,,39.274218,-85.895547,17.365,0,,12,2021,2021-01-15,2025-12-15
2022,USGS-391627085534401,172c420d7b8b4ac0921c460314f4b0ab,,,,39.274218,-85.895547,17.263,-0.102,-0.102,11,2021,2021-01-15,2025-12-15
2023,USGS-391627085534401,172c420d7b8b4ac0921c460314f4b0ab,,,,39.274218,-85.895547,19.437,2.072,2.175,12,2021,2021-01-15,2025-12-15
2024,USGS-391627085534401,172c420d7b8b4ac0921c460314f4b0ab,,,,39.274218,-85.895547,19.981,2.616,0.543,12,2021,2021-01-15,2025-12-15
2025,USGS-391627085534401,172c420d7b8b4ac0921c460314f4b0ab,,,,39.274218,-85.895547,18.082,0.718,-1.898,12,2021,2021-01-15,2025-12-15
2021,USGS-391827074371001,e681f362396b42c8bf14287b871d6e29,,,,39.307338,-74.618769,69.606,0,,12,2021,2021-01-15,2025-12-15
2022,USGS-391827074371001,e681f362396b42c8bf14287b871d6e29,,,,39.307338,-74.618769,69.516,-0.089,-0.089,11,2021,2021-01-15,2025-12-15
2023,USGS-391827074371001,e681f362396b42c8bf14287b871d6e29,,,,39.307338,-74.618769,72.519,2.913,3.003,12,2021,2021-01-15,2025-12-15
2024,USGS-391827074371001,e681f362396b42c8bf14287b871d6e29,,,,39.307338,-74.618769,73.133,3.527,0.613,12,2021,2021-01-15,2025-12-15
2025,USGS-391827074371001,e681f362396b42c8bf14287b871d6e29,,,,39.307338,-74.618769,72.077,2.471,-1.056,12,2021,2021-01-15,2025-12-15
2021,USGS-391933075435001,0536b803a02a4f9bb64c11a01470785d,,,,39.325806,-75.7305,6.741,0,,12,2021,2021-01-15,2025-12-15
2022,USGS-391933075435001,0536b803a02a4f9bb64c11a01470785d,,,,39.325806,-75.7305,7.347,0.606,0.606,12,2021,2021-01-15,2025-12-15
2023,USGS-391933075435001,0536b803a02a4f9bb64c11a01470785d,,,,39.325806,-75.7305,6.768,0.028,-0.578,12,2021,2021-01-15,2025-12-15
2024,USGS-391933075435001,0536b803a02a4f9bb64c11a01470785d,,,,39.325806,-75.7305,7.441,0.7,0.672,12,2021,2021-01-15,2025-12-15
2025,USGS-391933075435001,0536b803a02a4f9bb64c11a01470785d,,,,39.325806,-75.7305,7.837,1.096,0.396,12,2021,2021-01-15,2025-12-15
2021,USGS-392022085371801,e7b5a416b32e4d7c85c246e5815a6559,,,,39.339495,-85.621643,4.895,0,,12,2021,2021-01-15,2025-12-15
2022,USGS-392022085371801,e7b5a416b32e4d7c85c246e5815a6559,,,,39.339495,-85.621643,5.247,0.353,0.353,12,2021,2021-01-15,2025-12-15
2023,USGS-392022085371801,e7b5a416b32e4d7c85c246e5815a6559,,,,39.339495,-85.621643,6.438,1.543,1.191,12,2021,2021-01-15,2025-12-15
2024,USGS-392022085371801,e7b5a416b32e4d7c85c246e5815a6559,,,,39.339495,-85.621643,6.571,1.676,0.132,12,2021,2021-01-15,2025-12-15
2025,USGS-392022085371801,e7b5a416b32e4d7c85c246e5815a6559,,,,39.339495,-85.621643,5.834,0.939,-0.737,12,2021,2021-01-15,2025-12-15
2021,USGS-392232074234403,61f7fbc17f874737bea6cac32275478d,,,,39.395672,-74.625158,6.679,0,,12,2021,2021-01-15,2025-12-15
2022,USGS-392232074234403,61f7fbc17f874737bea6cac32275478d,,,,39.395672,-74.625158,10.276,3.597,3.597,12,2021,2021-01-15,2025-12-15
2023,USGS-392232074234403,61f7fbc17f874737bea6cac32275478d,,,,39.395672,-74.625158,10.435,3.756,0.159,12,2021,2021-01-15,2025-12-15
2024,USGS-392232074234403,61f7fbc17f874737bea6cac32275478d,,,,39.395672,-74.625158,8.165,1.486,-2.27,11,2021,2021-01-15,2025-12-15
2025,USGS-392232074234403,61f7fbc17f874737bea6cac32275478d,,,,39.395672,-74.625158,11.632,4.952,3.466,12,2021,2021-01-15,2025-12-15
2021,USGS-392512074521206,99ca0814143c453eab5812bc332b3b93,,,,39.420671,-74.871002,133.968,0,,12,2021,2021-01-15,2025-12-15
2022,USGS-392512074521206,99ca0814143c453eab5812bc332b3b93,,,,39.420671,-74.871002,134.162,0.195,0.195,12,2021,2021-01-15,2025-12-15
2023,USGS-392512074521206,99ca0814143c453eab5812bc332b3b93,,,,39.420671,-74.871002,134.054,0.087,-0.108,12,2021,2021-01-15,2025-12-15
2024,USGS-392512074521206,99ca0814143c453eab5812bc332b3b93,,,,39.420671,-74.871002,133.983,0.016,-0.071,12,2021,2021-01-15,2025-12-15
2025,USGS-392512074521206,99ca0814143c453eab5812bc332b3b93,,,,39.420671,-74.871002,134.228,0.261,0.245,12,2021,2021-01-15,2025-12-15
2021,USGS-392527085005201,f97e2b4a410a4abaa2abfdff714f67a4,,,,39.424167,-85.014444,22.179,0,,12,2021,2021-01-15,2025-03-15
2022,USGS-392527085005201,f97e2b4a410a4abaa2abfdff714f67a4,,,,39.424167,-85.014444,21.475,-0.704,-0.704,2,2021,2021-01-15,2025-03-15
2023,USGS-392527085005201,f97e2b4a410a4abaa2abfdff714f67a4,,,,39.424167,-85.014444,23.215,1.036,1.74,8,2021,2021-01-15,2025-03-15
2024,USGS-392527085005201,f97e2b4a410a4abaa2abfdff714f67a4,,,,39.424167,-85.014444,22.382,0.202,-0.833,12,2021,2021-01-15,2025-03-15
2025,USGS-392527085005201,f97e2b4a410a4abaa2abfdff714f67a4,,,,39.424167,-85.014444,22.293,0.114,-0.088,3,2021,2021-01-15,2025-03-15
2021,USGS-392612086230001,504afd9724704c5dafdc4c45c298bcaa,,,,39.436667,-86.383333,62.365,0,,12,2021,2021-01-15,2025-12-15
2022,USGS-392612086230001,504afd9724704c5dafdc4c45c298bcaa,,,,39.436667,-86.383333,61.296,-1.069,-1.069,12,2021,2021-01-15,2025-12-15
2023,USGS-392612086230001,504afd9724704c5dafdc4c45c298bcaa,,,,39.436667,-86.383333,61.977,-0.388,0.681,12,2021,2021-01-15,2025-12-15
2024,USGS-392612086230001,504afd9724704c5dafdc4c45c298bcaa,,,,39.436667,-86.383333,63.823,1.458,1.847,12,2021,2021-01-15,2025-12-15
2025,USGS-392612086230001,504afd9724704c5dafdc4c45c298bcaa,,,,39.436667,-86.383333,64.35,1.985,0.527,12,2021,2021-01-15,2025-12-15
2021,USGS-392731075092401,67d3436402c1466d8749c56c234410bd,,,,39.459004,-75.157683,4.337,0,,12,2021,2021-01-15,2025-12-15
2022,USGS-392731075092401,67d3436402c1466d8749c56c234410bd,,,,39.459004,-75.157683,6.539,2.202,2.202,12,2021,2021-01-15,2025-12-15
2023,USGS-392731075092401,67d3436402c1466d8749c56c234410bd,,,,39.459004,-75.157683,7.272,2.934,0.733,12,2021,2021-01-15,2025-12-15
2024,USGS-392731075092401,67d3436402c1466d8749c56c234410bd,,,,39.459004,-75.157683,5.738,1.401,-1.533,12,2021,2021-01-15,2025-12-15
2025,USGS-392731075092401,67d3436402c1466d8749c56c234410bd,,,,39.459004,-75.157683,7.598,3.26,1.859,12,2021,2021-01-15,2025-12-15
2021,USGS-392732075092401,e7b3e31c67c545ee988fdfad8c0995fb,,,,39.459004,-75.157683,4.111,0,,12,2021,2021-01-15,2025-12-15
2022,USGS-392732075092401,e7b3e31c67c545ee988fdfad8c0995fb,,,,39.459004,-75.157683,6.808,2.697,2.697,12,2021,2021-01-15,2025-12-15
2023,USGS-392732075092401,e7b3e31c67c545ee988fdfad8c0995fb,,,,39.459004,-75.157683,7.663,3.553,0.855,12,2021,2021-01-15,2025-12-15
2024,USGS-392732075092401,e7b3e31c67c545ee988fdfad8c0995fb,,,,39.459004,-75.157683,5.837,1.726,-1.827,12,2021,2021-01-15,2025-12-15
2025,USGS-392732075092401,e7b3e31c67c545ee988fdfad8c0995fb,,,,39.459004,-75.157683,8.013,3.903,2.177,12,2021,2021-01-15,2025-12-15
2021,USGS-392733075092401,b1fcbe693c2942ccb8aa82df14e58ee7,,,,39.459004,-75.157683,175.988,0,,12,2021,2021-01-15,2025-12-15
2022,USGS-392733075092401,b1fcbe693c2942ccb8aa82df14e58ee7,,,,39.459004,-75.157683,175.368,-0.619,-0.619,12,2021,2021-01-15,2025-12-15
2023,USGS-392733075092401,b1fcbe693c2942ccb8aa82df14e58ee7,,,,39.459004,-75.157683,174.537,-1.45,-0.831,12,2021,2021-01-15,2025-12-15
2024,USGS-392733075092401,b1fcbe693c2942ccb8aa82df14e58ee7,,,,39.459004,-75.157683,174.513,-1.475,-0.025,12,2021,2021-01-15,2025-12-15
2025,USGS-392733075092401,b1fcbe693c2942ccb8aa82df14e58ee7,,,,39.459004,-75.157683,175.008,-0.98,0.495,12,2021,2021-01-15,2025-12-15
2021,USGS-392754074270101,e129eef3002846f197076f73bb272c58,,,,39.465117,-74.449872,66.477,0,,12,2021,2021-01-15,2025-12-15
2022,USGS-392754074270101,e129eef3002846f197076f73bb272c58,,,,39.465117,-74.449872,68.103,1.627,1.627,12,2021,2021-01-15,2025-12-15
2023,USGS-392754074270101,e129eef3002846f197076f73bb272c58,,,,39.465117,-74.449872,70.435,3.958,2.332,12,2021,2021-01-15,2025-12-15
2024,USGS-392754074270101,e129eef3002846f197076f73bb272c58,,,,39.465117,-74.449872,70.265,3.788,-0.17,12,2021,2021-01-15,2025-12-15
2025,USGS-392754074270101,e129eef3002846f197076f73bb272c58,,,,39.465117,-74.449872,69.231,2.754,-1.034,12,2021,2021-01-15,2025-12-15
2021,USGS-392820087242601,7aca4cb969c24421aebcb4226602ddfe,,,,39.471703,-87.409187,43.164,0,,12,2021,2021-01-15,2025-12-15
2022,USGS-392820087242601,7aca4cb969c24421aebcb4226602ddfe,,,,39.471703,-87.409187,42.615,-0.549,-0.549,12,2021,2021-01-15,2025-12-15
2023,USGS-392820087242601,7aca4cb969c24421aebcb4226602ddfe,,,,39.471703,-87.409187,45.05,1.886,2.435,12,2021,2021-01-15,2025-12-15
2024,USGS-392820087242601,7aca4cb969c24421aebcb4226602ddfe,,,,39.471703,-87.409187,45.656,2.492,0.606,12,2021,2021-01-15,2025-12-15
2025,USGS-392820087242601,7aca4cb969c24421aebcb4226602ddfe,,,,39.471703,-87.409187,46.07,2.906,0.414,12,2021,2021-01-15,2025-12-15
2021,USGS-392920074570001,8dc60fe7cf66436ebed6cd5cacb8ec04,,,,39.489005,-74.949617,9.033,0,,7,2021,2021-01-15,2025-11-15
2022,USGS-392920074570001,8dc60fe7cf66436ebed6cd5cacb8ec04,,,,39.489005,-74.949617,9.726,0.693,0.693,12,2021,2021-01-15,2025-11-15
2023,USGS-392920074570001,8dc60fe7cf66436ebed6cd5cacb8ec04,,,,39.489005,-74.949617,9.716,0.683,-0.01,8,2021,2021-01-15,2025-11-15
2024,USGS-392920074570001,8dc60fe7cf66436ebed6cd5cacb8ec04,,,,39.489005,-74.949617,10.026,0.993,0.309,9,2021,2021-01-15,2025-11-15
2025,USGS-392920074570001,8dc60fe7cf66436ebed6cd5cacb8ec04,,,,39.489005,-74.949617,9.667,0.634,-0.358,11,2021,2021-01-15,2025-11-15
2021,USGS-392931076410301,ee265f2673ef45569acdf2cddd1ba3f7,,,,39.4926,-76.684631,36.663,0,,12,2021,2021-01-15,2025-12-15
2022,USGS-392931076410301,ee265f2673ef45569acdf2cddd1ba3f7,,,,39.4926,-76.684631,38.783,2.121,2.121,12,2021,2021-01-15,2025-12-15
2023,USGS-392931076410301,ee265f2673ef45569acdf2cddd1ba3f7,,,,39.4926,-76.684631,40.831,4.168,2.048,12,2021,2021-01-15,2025-12-15
2024,USGS-392931076410301,ee265f2673ef45569acdf2cddd1ba3f7,,,,39.4926,-76.684631,40.038,3.376,-0.793,12,2021,2021-01-15,2025-12-15
2025,USGS-392931076410301,ee265f2673ef45569acdf2cddd1ba3f7,,,,39.4926,-76.684631,43.369,6.707,3.331,12,2021,2021-01-15,2025-12-15
2021,USGS-393055075083501,20c44f0c37bc4dbb95d16c9af6c18cac,,,,39.515393,-75.142682,113.522,0,,12,2021,2021-01-15,2025-12-15
2022,USGS-393055075083501,20c44f0c37bc4dbb95d16c9af6c18cac,,,,39.515393,-75.142682,113.947,0.425,0.425,12,2021,2021-01-15,2025-12-15
2023,USGS-393055075083501,20c44f0c37bc4dbb95d16c9af6c18cac,,,,39.515393,-75.142682,114.071,0.549,0.124,12,2021,2021-01-15,2025-12-15
2024,USGS-393055075083501,20c44f0c37bc4dbb95d16c9af6c18cac,,,,39.515393,-75.142682,114.089,0.567,0.018,12,2021,2021-01-15,2025-12-15
2025,USGS-393055075083501,20c44f0c37bc4dbb95d16c9af6c18cac,,,,39.515393,-75.142682,114.952,1.43,0.863,12,2021,2021-01-15,2025-12-15
2021,USGS-393232074263901,ccab1affce2e4315a26ac32d7cc269f7,,,,39.444284,-74.541821,89.814,0,,12,2021,2021-01-15,2025-12-15
2022,USGS-393232074263901,ccab1affce2e4315a26ac32d7cc269f7,,,,39.444284,-74.541821,90.618,0.804,0.804,11,2021,2021-01-15,2025-12-15
2023,USGS-393232074263901,ccab1affce2e4315a26ac32d7cc269f7,,,,39.444284,-74.541821,96.248,6.434,5.63,12,2021,2021-01-15,2025-12-15
2024,USGS-393232074263901,ccab1affce2e4315a26ac32d7cc269f7,,,,39.444284,-74.541821,95.564,5.75,-0.684,12,2021,2021-01-15,2025-12-15
2025,USGS-393232074263901,ccab1affce2e4315a26ac32d7cc269f7,,,,39.444284,-74.541821,92.754,2.94,-2.81,12,2021,2021-01-15,2025-12-15
2021,USGS-393232074263903,0aebad5f44754ade89725085f73d20ec,,,,39.444284,-74.541821,18.558,0,,5,2021,2021-08-15,2025-12-15
2022,USGS-393232074263903,0aebad5f44754ade89725085f73d20ec,,,,39.444284,-74.541821,18.504,-0.054,-0.054,12,2021,2021-08-15,2025-12-15
2023,USGS-393232074263903,0aebad5f44754ade89725085f73d20ec,,,,39.444284,-74.541821,18.675,0.117,0.171,12,2021,2021-08-15,2025-12-15
2024,USGS-393232074263903,0aebad5f44754ade89725085f73d20ec,,,,39.444284,-74.541821,18.605,0.047,-0.07,12,2021,2021-08-15,2025-12-15
2025,USGS-393232074263903,0aebad5f44754ade89725085f73d20ec,,,,39.444284,-74.541821,19.212,0.654,0.607,12,2021,2021-08-15,2025-12-15
2021,USGS-393310114475001,2d19e43df5e84b4abfe86bd8b3a2b0fd,,,,39.5495,-114.806194,12.747,0,,12,2021,2021-01-15,2025-12-15
2022,USGS-393310114475001,2d19e43df5e84b4abfe86bd8b3a2b0fd,,,,39.5495,-114.806194,12.937,0.191,0.191,12,2021,2021-01-15,2025-12-15
2023,USGS-393310114475001,2d19e43df5e84b4abfe86bd8b3a2b0fd,,,,39.5495,-114.806194,13.018,0.271,0.08,12,2021,2021-01-15,2025-12-15
2024,USGS-393310114475001,2d19e43df5e84b4abfe86bd8b3a2b0fd,,,,39.5495,-114.806194,13.161,0.414,0.143,12,2021,2021-01-15,2025-12-15
2025,USGS-393310114475001,2d19e43df5e84b4abfe86bd8b3a2b0fd,,,,39.5495,-114.806194,12.124,-0.622,-1.037,12,2021,2021-01-15,2025-12-15
2021,USGS-393348075275701,4b945b95f2dd4c3eaa96b061aeec3e6e,,,,39.563696,-75.46467,33.818,0,,12,2021,2021-01-15,2025-12-15
2022,USGS-393348075275701,4b945b95f2dd4c3eaa96b061aeec3e6e,,,,39.563696,-75.46467,34.891,1.072,1.072,12,2021,2021-01-15,2025-12-15
2023,USGS-393348075275701,4b945b95f2dd4c3eaa96b061aeec3e6e,,,,39.563696,-75.46467,34.784,0.966,-0.107,12,2021,2021-01-15,2025-12-15
2024,USGS-393348075275701,4b945b95f2dd4c3eaa96b061aeec3e6e,,,,39.563696,-75.46467,34.827,1.008,0.043,12,2021,2021-01-15,2025-12-15
2025,USGS-393348075275701,4b945b95f2dd4c3eaa96b061aeec3e6e,,,,39.563696,-75.46467,36.213,2.394,1.386,12,2021,2021-01-15,2025-12-15
2021,USGS-393423086161001,7ac1128030504348a2251324b9854f8a,,,,39.573093,-86.269416,13.629,0,,12,2021,2021-01-15,2025-12-15
2022,USGS-393423086161001,7ac1128030504348a2251324b9854f8a,,,,39.573093,-86.269416,13.01,-0.619,-0.619,12,2021,2021-01-15,2025-12-15
2023,USGS-393423086161001,7ac1128030504348a2251324b9854f8a,,,,39.573093,-86.269416,15.142,1.513,2.132,12,2021,2021-01-15,2025-12-15
2024,USGS-393423086161001,7ac1128030504348a2251324b9854f8a,,,,39.573093,-86.269416,15.027,1.398,-0.114,12,2021,2021-01-15,2025-12-15
2025,USGS-393423086161001,7ac1128030504348a2251324b9854f8a,,,,39.573093,-86.269416,13.897,0.268,-1.131,12,2021,2021-01-15,2025-12-15
2021,USGS-393522085555401,8e8e9c158c6640f0bb678452559b7d6a,,,,39.589444,-85.931667,12.658,0,,12,2021,2021-01-15,2025-12-15
2022,USGS-393522085555401,8e8e9c158c6640f0bb678452559b7d6a,,,,39.589444,-85.931667,12.105,-0.552,-0.552,12,2021,2021-01-15,2025-12-15
2023,USGS-393522085555401,8e8e9c158c6640f0bb678452559b7d6a,,,,39.589444,-85.931667,13.755,1.097,1.65,12,2021,2021-01-15,2025-12-15
2024,USGS-393522085555401,8e8e9c158c6640f0bb678452559b7d6a,,,,39.589444,-85.931667,15.149,2.492,1.394,12,2021,2021-01-15,2025-12-15
2025,USGS-393522085555401,8e8e9c158c6640f0bb678452559b7d6a,,,,39.589444,-85.931667,12.697,0.039,-2.453,12,2021,2021-01-15,2025-12-15
2021,USGS-393616086134502,49fdebbf807f4a1fab7755ea7e2083d9,,,,39.604533,-86.229214,15.024,0,,11,2021,2021-01-15,2025-12-15
2022,USGS-393616086134502,49fdebbf807f4a1fab7755ea7e2083d9,,,,39.604533,-86.229214,14.596,-0.428,-0.428,12,2021,2021-01-15,2025-12-15
2023,USGS-393616086134502,49fdebbf807f4a1fab7755ea7e2083d9,,,,39.604533,-86.229214,15.459,0.436,0.863,12,2021,2021-01-15,2025-12-15
2024,USGS-393616086134502,49fdebbf807f4a1fab7755ea7e2083d9,,,,39.604533,-86.229214,15.862,0.838,0.403,11,2021,2021-01-15,2025-12-15
2025,USGS-393616086134502,49fdebbf807f4a1fab7755ea7e2083d9,,,,39.604533,-86.229214,15.447,0.423,-0.415,12,2021,2021-01-15,2025-12-15
2021,USGS-393619087043001,65ebbe68a99a494bb47c1e63f73d82e9,,,,39.60532,-87.075014,14.368,0,,12,2021,2021-01-15,2025-12-15
2022,USGS-393619087043001,65ebbe68a99a494bb47c1e63f73d82e9,,,,39.60532,-87.075014,14.448,0.081,0.081,12,2021,2021-01-15,2025-12-15
2023,USGS-393619087043001,65ebbe68a99a494bb47c1e63f73d82e9,,,,39.60532,-87.075014,15.269,0.902,0.821,12,2021,2021-01-15,2025-12-15
2024,USGS-393619087043001,65ebbe68a99a494bb47c1e63f73d82e9,,,,39.60532,-87.075014,15.498,1.13,0.228,12,2021,2021-01-15,2025-12-15
2025,USGS-393619087043001,65ebbe68a99a494bb47c1e63f73d82e9,,,,39.60532,-87.075014,14.69,0.322,-0.808,12,2021,2021-01-15,2025-12-15
2021,USGS-393746086222901,394cc12b03594843b8ed6be821004d23,,,,39.629444,-86.374722,25.578,0,,12,2021,2021-01-15,2025-01-15
2022,USGS-393746086222901,394cc12b03594843b8ed6be821004d23,,,,39.629444,-86.374722,24.556,-1.022,-1.022,12,2021,2021-01-15,2025-01-15
2023,USGS-393746086222901,394cc12b03594843b8ed6be821004d23,,,,39.629444,-86.374722,28.495,2.917,3.939,12,2021,2021-01-15,2025-01-15
2024,USGS-393746086222901,394cc12b03594843b8ed6be821004d23,,,,39.629444,-86.374722,28.341,2.763,-0.154,12,2021,2021-01-15,2025-01-15
2025,USGS-393746086222901,394cc12b03594843b8ed6be821004d23,,,,39.629444,-86.374722,29.22,3.642,0.879,1,2021,2021-01-15,2025-01-15
2021,USGS-393749079190301,adecb747675347159874924225324da0,,,,39.629778,-79.317722,13.528,0,,12,2021,2021-01-15,2025-12-15
2022,USGS-393749079190301,adecb747675347159874924225324da0,,,,39.629778,-79.317722,11.866,-1.662,-1.662,12,2021,2021-01-15,2025-12-15
2023,USGS-393749079190301,adecb747675347159874924225324da0,,,,39.629778,-79.317722,12.765,-0.763,0.899,12,2021,2021-01-15,2025-12-15
2024,USGS-393749079190301,adecb747675347159874924225324da0,,,,39.629778,-79.317722,12.51,-1.018,-0.255,12,2021,2021-01-15,2025-12-15
2025,USGS-393749079190301,adecb747675347159874924225324da0,,,,39.629778,-79.317722,12.725,-0.803,0.215,12,2021,2021-01-15,2025-12-15
2021,USGS-393804116165801,022ecf7aadfc4c7d8703032a166f0362,,,,39.634308,-116.282722,-2.084,0,,12,2021,2021-01-15,2025-12-15
2022,USGS-393804116165801,022ecf7aadfc4c7d8703032a166f0362,,,,39.634308,-116.282722,-2.013,0.071,0.071,12,2021,2021-01-15,2025-12-15
2023,USGS-393804116165801,022ecf7aadfc4c7d8703032a166f0362,,,,39.634308,-116.282722,-2.875,-0.791,-0.862,12,2021,2021-01-15,2025-12-15
2024,USGS-393804116165801,022ecf7aadfc4c7d8703032a166f0362,,,,39.634308,-116.282722,-2.452,-0.368,0.423,12,2021,2021-01-15,2025-12-15
2025,USGS-393804116165801,022ecf7aadfc4c7d8703032a166f0362,,,,39.634308,-116.282722,-2.063,0.021,0.388,12,2021,2021-01-15,2025-12-15
2021,USGS-393804116165802,41c9bb8a4a9a4944a1a54ed57b705820,,,,39.634308,-116.282722,5.339,0,,12,2021,2021-01-15,2025-12-15
2022,USGS-393804116165802,41c9bb8a4a9a4944a1a54ed57b705820,,,,39.634308,-116.282722,5.363,0.024,0.024,12,2021,2021-01-15,2025-12-15
2023,USGS-393804116165802,41c9bb8a4a9a4944a1a54ed57b705820,,,,39.634308,-116.282722,3.717,-1.622,-1.646,12,2021,2021-01-15,2025-12-15
2024,USGS-393804116165802,41c9bb8a4a9a4944a1a54ed57b705820,,,,39.634308,-116.282722,4.67,-0.669,0.952,12,2021,2021-01-15,2025-12-15
2025,USGS-393804116165802,41c9bb8a4a9a4944a1a54ed57b705820,,,,39.634308,-116.282722,5.338,-0.001,0.668,12,2021,2021-01-15,2025-12-15
2021,USGS-393851077343001,c9bcc4d577b34ef990f6389ddd71580a,,,,39.647464,-77.574814,44.864,0,,12,2021,2021-01-15,2025-12-15
2022,USGS-393851077343001,c9bcc4d577b34ef990f6389ddd71580a,,,,39.647464,-77.574814,45.218,0.353,0.353,12,2021,2021-01-15,2025-12-15
2023,USGS-393851077343001,c9bcc4d577b34ef990f6389ddd71580a,,,,39.647464,-77.574814,48.569,3.705,3.352,12,2021,2021-01-15,2025-12-15
2024,USGS-393851077343001,c9bcc4d577b34ef990f6389ddd71580a,,,,39.647464,-77.574814,45.184,0.32,-3.385,12,2021,2021-01-15,2025-12-15
2025,USGS-393851077343001,c9bcc4d577b34ef990f6389ddd71580a,,,,39.647464,-77.574814,47.827,2.962,2.642,12,2021,2021-01-15,2025-12-15
2021,USGS-393855086120701,10c44bea523648e0a05230f55ae8f00e,,,,39.648657,-86.201933,11.602,0,,12,2021,2021-01-15,2025-04-15
2022,USGS-393855086120701,10c44bea523648e0a05230f55ae8f00e,,,,39.648657,-86.201933,7.777,-3.826,-3.826,12,2021,2021-01-15,2025-04-15
2023,USGS-393855086120701,10c44bea523648e0a05230f55ae8f00e,,,,39.648657,-86.201933,9.776,-1.827,1.999,12,2021,2021-01-15,2025-04-15
2024,USGS-393855086120701,10c44bea523648e0a05230f55ae8f00e,,,,39.648657,-86.201933,10.457,-1.146,0.681,12,2021,2021-01-15,2025-04-15
2025,USGS-393855086120701,10c44bea523648e0a05230f55ae8f00e,,,,39.648657,-86.201933,10.95,-0.652,0.493,4,2021,2021-01-15,2025-04-15
2021,USGS-393902103554001,7e93deb7e97341188f1bcf457efffaa5,,,,39.650556,-103.927778,12.403,0,,12,2021,2021-01-15,2025-12-15
2022,USGS-393902103554001,7e93deb7e97341188f1bcf457efffaa5,,,,39.650556,-103.927778,12.716,0.312,0.312,12,2021,2021-01-15,2025-12-15
2023,USGS-393902103554001,7e93deb7e97341188f1bcf457efffaa5,,,,39.650556,-103.927778,11.922,-0.481,-0.793,12,2021,2021-01-15,2025-12-15
2024,USGS-393902103554001,7e93deb7e97341188f1bcf457efffaa5,,,,39.650556,-103.927778,11.598,-0.805,-0.324,11,2021,2021-01-15,2025-12-15
2025,USGS-393902103554001,7e93deb7e97341188f1bcf457efffaa5,,,,39.650556,-103.927778,12.003,-0.4,0.405,12,2021,2021-01-15,2025-12-15
2021,USGS-393943085490901,21422d22501544ca91478f7c3db99edf,,,,39.66199,-85.819146,19.304,0,,12,2021,2021-01-15,2025-12-15
2022,USGS-393943085490901,21422d22501544ca91478f7c3db99edf,,,,39.66199,-85.819146,20.006,0.702,0.702,12,2021,2021-01-15,2025-12-15
2023,USGS-393943085490901,21422d22501544ca91478f7c3db99edf,,,,39.66199,-85.819146,20.644,1.34,0.638,12,2021,2021-01-15,2025-12-15
2024,USGS-393943085490901,21422d22501544ca91478f7c3db99edf,,,,39.66199,-85.819146,20.407,1.103,-0.237,12,2021,2021-01-15,2025-12-15
2025,USGS-393943085490901,21422d22501544ca91478f7c3db99edf,,,,39.66199,-85.819146,20.044,0.74,-0.363,12,2021,2021-01-15,2025-12-15
2021,USGS-393959079555901,17445dccf57d4deab6948a2394b1a01e,,,,39.6665,-79.932972,97.5,0,,12,2021,2021-01-15,2025-12-15
2022,USGS-393959079555901,17445dccf57d4deab6948a2394b1a01e,,,,39.6665,-79.932972,96.743,-0.757,-0.757,12,2021,2021-01-15,2025-12-15
2023,USGS-393959079555901,17445dccf57d4deab6948a2394b1a01e,,,,39.6665,-79.932972,95.529,-1.971,-1.214,12,2021,2021-01-15,2025-12-15
2024,USGS-393959079555901,17445dccf57d4deab6948a2394b1a01e,,,,39.6665,-79.932972,94.273,-3.227,-1.256,12,2021,2021-01-15,2025-12-15
2025,USGS-393959079555901,17445dccf57d4deab6948a2394b1a01e,,,,39.6665,-79.932972,93.405,-4.095,-0.868,12,2021,2021-01-15,2025-12-15
2021,USGS-394008077005601,8f4176746284426eb9e9818700a62ebb,,,,39.668611,-77.014944,3.033,0,,12,2021,2021-01-15,2025-12-15
2022,USGS-394008077005601,8f4176746284426eb9e9818700a62ebb,,,,39.668611,-77.014944,3.015,-0.018,-0.018,12,2021,2021-01-15,2025-12-15
2023,USGS-394008077005601,8f4176746284426eb9e9818700a62ebb,,,,39.668611,-77.014944,3.384,0.352,0.369,12,2021,2021-01-15,2025-12-15
2024,USGS-394008077005601,8f4176746284426eb9e9818700a62ebb,,,,39.668611,-77.014944,2.869,-0.163,-0.515,12,2021,2021-01-15,2025-12-15
2025,USGS-394008077005601,8f4176746284426eb9e9818700a62ebb,,,,39.668611,-77.014944,3.357,0.325,0.488,12,2021,2021-01-15,2025-12-15
2021,USGS-394036116183401,cde011af859c46eeadddf66cc6deb2b5,,,,39.677181,-116.3113,38.581,0,,10,2021,2021-01-15,2025-12-15
2022,USGS-394036116183401,cde011af859c46eeadddf66cc6deb2b5,,,,39.677181,-116.3113,38.847,0.266,0.266,12,2021,2021-01-15,2025-12-15
2023,USGS-394036116183401,cde011af859c46eeadddf66cc6deb2b5,,,,39.677181,-116.3113,39.11,0.529,0.263,12,2021,2021-01-15,2025-12-15
2024,USGS-394036116183401,cde011af859c46eeadddf66cc6deb2b5,,,,39.677181,-116.3113,39.152,0.571,0.042,12,2021,2021-01-15,2025-12-15
2025,USGS-394036116183401,cde011af859c46eeadddf66cc6deb2b5,,,,39.677181,-116.3113,38.885,0.304,-0.267,12,2021,2021-01-15,2025-12-15
2021,USGS-394037075191501,28b90e7644bf48b1a1bc674f198eec11,,,,39.677142,-75.320356,93.492,0,,12,2021,2021-01-15,2025-12-15
2022,USGS-394037075191501,28b90e7644bf48b1a1bc674f198eec11,,,,39.677142,-75.320356,95.123,1.631,1.631,12,2021,2021-01-15,2025-12-15
2023,USGS-394037075191501,28b90e7644bf48b1a1bc674f198eec11,,,,39.677142,-75.320356,93.877,0.385,-1.246,12,2021,2021-01-15,2025-12-15
2024,USGS-394037075191501,28b90e7644bf48b1a1bc674f198eec11,,,,39.677142,-75.320356,95.173,1.682,1.297,12,2021,2021-01-15,2025-12-15
2025,USGS-394037075191501,28b90e7644bf48b1a1bc674f198eec11,,,,39.677142,-75.320356,96.237,2.746,1.064,12,2021,2021-01-15,2025-12-15
2021,USGS-394106074362501,cf593047342e42bfa0dc4c4d667e0039,,,,39.685118,-74.605989,12.083,0,,12,2021,2021-01-15,2025-12-15
2022,USGS-394106074362501,cf593047342e42bfa0dc4c4d667e0039,,,,39.685118,-74.605989,15.65,3.567,3.567,12,2021,2021-01-15,2025-12-15
2023,USGS-394106074362501,cf593047342e42bfa0dc4c4d667e0039,,,,39.685118,-74.605989,18.411,6.329,2.761,10,2021,2021-01-15,2025-12-15
2024,USGS-394106074362501,cf593047342e42bfa0dc4c4d667e0039,,,,39.685118,-74.605989,14.389,2.307,-4.022,12,2021,2021-01-15,2025-12-15
2025,USGS-394106074362501,cf593047342e42bfa0dc4c4d667e0039,,,,39.685118,-74.605989,19.43,7.347,5.041,12,2021,2021-01-15,2025-12-15
2021,USGS-394119075062701,7e0dc5a180274d479a2957acca669f71,,,,39.688726,-75.10712,135.087,0,,12,2021,2021-01-15,2025-12-15
2022,USGS-394119075062701,7e0dc5a180274d479a2957acca669f71,,,,39.688726,-75.10712,137.572,2.485,2.485,12,2021,2021-01-15,2025-12-15
2023,USGS-394119075062701,7e0dc5a180274d479a2957acca669f71,,,,39.688726,-75.10712,137.569,2.482,-0.002,12,2021,2021-01-15,2025-12-15
2024,USGS-394119075062701,7e0dc5a180274d479a2957acca669f71,,,,39.688726,-75.10712,142.923,7.837,5.354,12,2021,2021-01-15,2025-12-15
2025,USGS-394119075062701,7e0dc5a180274d479a2957acca669f71,,,,39.688726,-75.10712,143.011,7.925,0.088,8,2021,2021-01-15,2025-12-15
2021,USGS-394215074561701,3bc0e4df49a54775a5f5f4c0b1fd7a14,,,,39.704282,-74.937666,144.727,0,,12,2021,2021-01-15,2025-12-15
2022,USGS-394215074561701,3bc0e4df49a54775a5f5f4c0b1fd7a14,,,,39.704282,-74.937666,145.366,0.639,0.639,12,2021,2021-01-15,2025-12-15
2023,USGS-394215074561701,3bc0e4df49a54775a5f5f4c0b1fd7a14,,,,39.704282,-74.937666,145.837,1.11,0.471,12,2021,2021-01-15,2025-12-15
2024,USGS-394215074561701,3bc0e4df49a54775a5f5f4c0b1fd7a14,,,,39.704282,-74.937666,146.535,1.808,0.698,12,2021,2021-01-15,2025-12-15
2025,USGS-394215074561701,3bc0e4df49a54775a5f5f4c0b1fd7a14,,,,39.704282,-74.937666,147.117,2.39,0.582,12,2021,2021-01-15,2025-12-15
2021,USGS-394215074561702,183e1852ec80415a86127f1531f0f548,,,,39.704282,-74.937666,160.997,0,,12,2021,2021-01-15,2025-12-15
2022,USGS-394215074561702,183e1852ec80415a86127f1531f0f548,,,,39.704282,-74.937666,161.746,0.749,0.749,12,2021,2021-01-15,2025-12-15
2023,USGS-394215074561702,183e1852ec80415a86127f1531f0f548,,,,39.704282,-74.937666,162.605,1.608,0.859,12,2021,2021-01-15,2025-12-15
2024,USGS-394215074561702,183e1852ec80415a86127f1531f0f548,,,,39.704282,-74.937666,163.624,2.627,1.019,11,2021,2021-01-15,2025-12-15
2025,USGS-394215074561702,183e1852ec80415a86127f1531f0f548,,,,39.704282,-74.937666,165.021,4.024,1.397,12,2021,2021-01-15,2025-12-15
2021,USGS-394215074561703,35b9dacc6c324195b312475ccb85c7c5,,,,39.704282,-74.937666,137.026,0,,12,2021,2021-01-15,2025-12-15
2022,USGS-394215074561703,35b9dacc6c324195b312475ccb85c7c5,,,,39.704282,-74.937666,138.664,1.638,1.638,8,2021,2021-01-15,2025-12-15
2023,USGS-394215074561703,35b9dacc6c324195b312475ccb85c7c5,,,,39.704282,-74.937666,140.897,3.871,2.233,10,2021,2021-01-15,2025-12-15
2024,USGS-394215074561703,35b9dacc6c324195b312475ccb85c7c5,,,,39.704282,-74.937666,141.937,4.911,1.04,12,2021,2021-01-15,2025-12-15
2025,USGS-394215074561703,35b9dacc6c324195b312475ccb85c7c5,,,,39.704282,-74.937666,145.167,8.141,3.23,12,2021,2021-01-15,2025-12-15
2021,USGS-394236075272101,9e9c82215efd4169ad64439d95664c45,,,,39.710586,-75.456695,10.394,0,,12,2021,2021-01-15,2025-12-15
2022,USGS-394236075272101,9e9c82215efd4169ad64439d95664c45,,,,39.710586,-75.456695,12.279,1.885,1.885,12,2021,2021-01-15,2025-12-15
2023,USGS-394236075272101,9e9c82215efd4169ad64439d95664c45,,,,39.710586,-75.456695,10.981,0.587,-1.298,12,2021,2021-01-15,2025-12-15
2024,USGS-394236075272101,9e9c82215efd4169ad64439d95664c45,,,,39.710586,-75.456695,10.459,0.065,-0.522,12,2021,2021-01-15,2025-12-15
2025,USGS-394236075272101,9e9c82215efd4169ad64439d95664c45,,,,39.710586,-75.456695,12.623,2.228,2.163,12,2021,2021-01-15,2025-12-15
2021,USGS-394336074161201,4f6485957b8e4d968dd60958c9b7d73a,,,,39.72675,-74.269472,17.459,0,,12,2021,2021-01-15,2025-12-15
2022,USGS-394336074161201,4f6485957b8e4d968dd60958c9b7d73a,,,,39.72675,-74.269472,18.033,0.573,0.573,12,2021,2021-01-15,2025-12-15
2023,USGS-394336074161201,4f6485957b8e4d968dd60958c9b7d73a,,,,39.72675,-74.269472,19.17,1.711,1.137,12,2021,2021-01-15,2025-12-15
2024,USGS-394336074161201,4f6485957b8e4d968dd60958c9b7d73a,,,,39.72675,-74.269472,19.029,1.57,-0.141,12,2021,2021-01-15,2025-12-15
2025,USGS-394336074161201,4f6485957b8e4d968dd60958c9b7d73a,,,,39.72675,-74.269472,20.478,3.019,1.449,12,2021,2021-01-15,2025-12-15
2021,USGS-394354075025901,95c3f019fd6243f48131be032ecd14fa,,,,39.731781,-75.049337,14.707,0,,12,2021,2021-01-15,2025-12-15
2022,USGS-394354075025901,95c3f019fd6243f48131be032ecd14fa,,,,39.731781,-75.049337,16.848,2.141,2.141,12,2021,2021-01-15,2025-12-15
2023,USGS-394354075025901,95c3f019fd6243f48131be032ecd14fa,,,,39.731781,-75.049337,16.978,2.272,0.131,12,2021,2021-01-15,2025-12-15
2024,USGS-394354075025901,95c3f019fd6243f48131be032ecd14fa,,,,39.731781,-75.049337,15.391,0.684,-1.588,12,2021,2021-01-15,2025-12-15
2025,USGS-394354075025901,95c3f019fd6243f48131be032ecd14fa,,,,39.731781,-75.049337,17.662,2.955,2.271,12,2021,2021-01-15,2025-12-15
2021,USGS-394422074430903,5e609fa655304b2d9b542cdea9d11cd4,,,,39.739562,-74.71877,6.281,0,,12,2021,2021-01-15,2025-12-15
2022,USGS-394422074430903,5e609fa655304b2d9b542cdea9d11cd4,,,,39.739562,-74.71877,7.117,0.837,0.837,12,2021,2021-01-15,2025-12-15
2023,USGS-394422074430903,5e609fa655304b2d9b542cdea9d11cd4,,,,39.739562,-74.71877,6.992,0.711,-0.126,12,2021,2021-01-15,2025-12-15
2024,USGS-394422074430903,5e609fa655304b2d9b542cdea9d11cd4,,,,39.739562,-74.71877,6.801,0.52,-0.191,12,2021,2021-01-15,2025-12-15
2025,USGS-394422074430903,5e609fa655304b2d9b542cdea9d11cd4,,,,39.739562,-74.71877,7.945,1.664,1.144,12,2021,2021-01-15,2025-12-15
2021,USGS-394426085080601,67d74f95fa134dd4907af3e9b667faf8,,,,39.741158,-85.135798,14.787,0,,7,2021,2021-06-15,2025-12-15
2022,USGS-394426085080601,67d74f95fa134dd4907af3e9b667faf8,,,,39.741158,-85.135798,14.859,0.072,0.072,12,2021,2021-06-15,2025-12-15
2023,USGS-394426085080601,67d74f95fa134dd4907af3e9b667faf8,,,,39.741158,-85.135798,17.375,2.588,2.516,11,2021,2021-06-15,2025-12-15
2024,USGS-394426085080601,67d74f95fa134dd4907af3e9b667faf8,,,,39.741158,-85.135798,15.732,0.945,-1.644,11,2021,2021-06-15,2025-12-15
2025,USGS-394426085080601,67d74f95fa134dd4907af3e9b667faf8,,,,39.741158,-85.135798,15.012,0.225,-0.72,11,2021,2021-06-15,2025-12-15
2021,USGS-394430077225001,19063377296a4d31aff3d035ed81bafa,,,,39.741611,-77.380583,88.675,0,,12,2021,2021-01-15,2025-12-15
2022,USGS-394430077225001,19063377296a4d31aff3d035ed81bafa,,,,39.741611,-77.380583,86.949,-1.726,-1.726,12,2021,2021-01-15,2025-12-15
2023,USGS-394430077225001,19063377296a4d31aff3d035ed81bafa,,,,39.741611,-77.380583,92.81,4.135,5.861,12,2021,2021-01-15,2025-12-15
2024,USGS-394430077225001,19063377296a4d31aff3d035ed81bafa,,,,39.741611,-77.380583,79.987,-8.688,-12.822,12,2021,2021-01-15,2025-12-15
2025,USGS-394430077225001,19063377296a4d31aff3d035ed81bafa,,,,39.741611,-77.380583,88.979,0.304,8.992,12,2021,2021-01-15,2025-12-15
2021,USGS-394442084111600,6ca285ac7f93446ebe8f484aa099c317,,,,39.745075,-84.1877,92.514,0,,12,2021,2021-01-15,2025-12-15
2022,USGS-394442084111600,6ca285ac7f93446ebe8f484aa099c317,,,,39.745075,-84.1877,94.784,2.27,2.27,12,2021,2021-01-15,2025-12-15
2023,USGS-394442084111600,6ca285ac7f93446ebe8f484aa099c317,,,,39.745075,-84.1877,93.897,1.382,-0.887,12,2021,2021-01-15,2025-12-15
2024,USGS-394442084111600,6ca285ac7f93446ebe8f484aa099c317,,,,39.745075,-84.1877,103.48,10.966,9.583,12,2021,2021-01-15,2025-12-15
2025,USGS-394442084111600,6ca285ac7f93446ebe8f484aa099c317,,,,39.745075,-84.1877,99.284,6.77,-4.196,12,2021,2021-01-15,2025-12-15
2021,USGS-394452074281901,d7f59641f28248b5a495cc588e712676,,,,39.747897,-74.471539,2.007,0,,12,2021,2021-01-15,2025-12-15
2022,USGS-394452074281901,d7f59641f28248b5a495cc588e712676,,,,39.747897,-74.471539,3.443,1.437,1.437,12,2021,2021-01-15,2025-12-15
2023,USGS-394452074281901,d7f59641f28248b5a495cc588e712676,,,,39.747897,-74.471539,3.425,1.418,-0.018,12,2021,2021-01-15,2025-12-15
2024,USGS-394452074281901,d7f59641f28248b5a495cc588e712676,,,,39.747897,-74.471539,3.372,1.365,-0.053,12,2021,2021-01-15,2025-12-15
2025,USGS-394452074281901,d7f59641f28248b5a495cc588e712676,,,,39.747897,-74.471539,3.41,1.403,0.038,12,2021,2021-01-15,2025-12-15
2021,USGS-394510087105001,7d4695cd7e974c24b5f69827bffd9643,,,,39.752778,-87.180556,10.437,0,,12,2021,2021-01-15,2025-02-15
2022,USGS-394510087105001,7d4695cd7e974c24b5f69827bffd9643,,,,39.752778,-87.180556,11.124,0.688,0.688,12,2021,2021-01-15,2025-02-15
2023,USGS-394510087105001,7d4695cd7e974c24b5f69827bffd9643,,,,39.752778,-87.180556,12.29,1.853,1.166,12,2021,2021-01-15,2025-02-15
2024,USGS-394510087105001,7d4695cd7e974c24b5f69827bffd9643,,,,39.752778,-87.180556,12.56,2.123,0.27,12,2021,2021-01-15,2025-02-15
2025,USGS-394510087105001,7d4695cd7e974c24b5f69827bffd9643,,,,39.752778,-87.180556,13.05,2.613,0.49,2,2021,2021-01-15,2025-02-15
2021,USGS-394513074280601,ffeb2056d9974dd2a41bcf270f74961b,,,,39.75373,-74.467928,26.576,0,,12,2021,2021-01-15,2025-12-15
2022,USGS-394513074280601,ffeb2056d9974dd2a41bcf270f74961b,,,,39.75373,-74.467928,28.359,1.783,1.783,12,2021,2021-01-15,2025-12-15
2023,USGS-394513074280601,ffeb2056d9974dd2a41bcf270f74961b,,,,39.75373,-74.467928,28.642,2.066,0.283,12,2021,2021-01-15,2025-12-15
2024,USGS-394513074280601,ffeb2056d9974dd2a41bcf270f74961b,,,,39.75373,-74.467928,27.26,0.684,-1.382,12,2021,2021-01-15,2025-12-15
2025,USGS-394513074280601,ffeb2056d9974dd2a41bcf270f74961b,,,,39.75373,-74.467928,29.412,2.836,2.152,12,2021,2021-01-15,2025-12-15
2021,USGS-394652075100401,61d510b6c28940e7a7202774e6912bf5,,,,39.781225,-75.167401,108.158,0,,12,2021,2021-01-15,2025-12-15
2022,USGS-394652075100401,61d510b6c28940e7a7202774e6912bf5,,,,39.781225,-75.167401,109.034,0.876,0.876,12,2021,2021-01-15,2025-12-15
2023,USGS-394652075100401,61d510b6c28940e7a7202774e6912bf5,,,,39.781225,-75.167401,109.753,1.595,0.719,12,2021,2021-01-15,2025-12-15
2024,USGS-394652075100401,61d510b6c28940e7a7202774e6912bf5,,,,39.781225,-75.167401,110.12,1.962,0.367,11,2021,2021-01-15,2025-12-15
2025,USGS-394652075100401,61d510b6c28940e7a7202774e6912bf5,,,,39.781225,-75.167401,111.757,3.598,1.637,12,2021,2021-01-15,2025-12-15
2021,USGS-394652075100402,2cae777a68c94fffb24e8726ffe0c546,,,,39.781225,-75.167401,103.097,0,,12,2021,2021-01-15,2025-12-15
2022,USGS-394652075100402,2cae777a68c94fffb24e8726ffe0c546,,,,39.781225,-75.167401,103.757,0.661,0.661,12,2021,2021-01-15,2025-12-15
2023,USGS-394652075100402,2cae777a68c94fffb24e8726ffe0c546,,,,39.781225,-75.167401,103.987,0.891,0.23,12,2021,2021-01-15,2025-12-15
2024,USGS-394652075100402,2cae777a68c94fffb24e8726ffe0c546,,,,39.781225,-75.167401,104.872,1.776,0.885,12,2021,2021-01-15,2025-12-15
2025,USGS-394652075100402,2cae777a68c94fffb24e8726ffe0c546,,,,39.781225,-75.167401,105.929,2.833,1.057,12,2021,2021-01-15,2025-12-15
2021,USGS-394655080014301,2de26a9469ea4933b76bdf06523a9024,,,,39.782139,-80.028528,26.663,0,,12,2021,2021-01-15,2025-12-15
2022,USGS-394655080014301,2de26a9469ea4933b76bdf06523a9024,,,,39.782139,-80.028528,26.053,-0.61,-0.61,12,2021,2021-01-15,2025-12-15
2023,USGS-394655080014301,2de26a9469ea4933b76bdf06523a9024,,,,39.782139,-80.028528,26.146,-0.517,0.093,12,2021,2021-01-15,2025-12-15
2024,USGS-394655080014301,2de26a9469ea4933b76bdf06523a9024,,,,39.782139,-80.028528,27.274,0.611,1.128,12,2021,2021-01-15,2025-12-15
2025,USGS-394655080014301,2de26a9469ea4933b76bdf06523a9024,,,,39.782139,-80.028528,26.147,-0.516,-1.127,12,2021,2021-01-15,2025-12-15
2021,USGS-394742074142002,b43eebe731324790a935bc0fea2eab21,,,,39.795675,-74.237919,8.116,0,,11,2021,2021-01-15,2025-12-15
2022,USGS-394742074142002,b43eebe731324790a935bc0fea2eab21,,,,39.795675,-74.237919,8.708,0.592,0.592,11,2021,2021-01-15,2025-12-15
2023,USGS-394742074142002,b43eebe731324790a935bc0fea2eab21,,,,39.795675,-74.237919,8.915,0.799,0.207,12,2021,2021-01-15,2025-12-15
2024,USGS-394742074142002,b43eebe731324790a935bc0fea2eab21,,,,39.795675,-74.237919,8.724,0.608,-0.191,12,2021,2021-01-15,2025-12-15
2025,USGS-394742074142002,b43eebe731324790a935bc0fea2eab21,,,,39.795675,-74.237919,9.242,1.126,0.518,12,2021,2021-01-15,2025-12-15
2021,USGS-394755078135001,99c2b777340f43efa91b4089365bf148,,,,39.798611,-78.230583,49.509,0,,12,2021,2021-01-15,2025-12-15
2022,USGS-394755078135001,99c2b777340f43efa91b4089365bf148,,,,39.798611,-78.230583,49.463,-0.046,-0.046,12,2021,2021-01-15,2025-12-15
2023,USGS-394755078135001,99c2b777340f43efa91b4089365bf148,,,,39.798611,-78.230583,49.824,0.315,0.361,12,2021,2021-01-15,2025-12-15
2024,USGS-394755078135001,99c2b777340f43efa91b4089365bf148,,,,39.798611,-78.230583,48.689,-0.82,-1.135,12,2021,2021-01-15,2025-12-15
2025,USGS-394755078135001,99c2b777340f43efa91b4089365bf148,,,,39.798611,-78.230583,49.381,-0.128,0.692,12,2021,2021-01-15,2025-12-15
2021,USGS-394800074524601,6e42da50611e42d582e98d114767c559,,,,39.800004,-74.87908,120.865,0,,12,2021,2021-01-15,2025-12-15
2022,USGS-394800074524601,6e42da50611e42d582e98d114767c559,,,,39.800004,-74.87908,119.987,-0.878,-0.878,12,2021,2021-01-15,2025-12-15
2023,USGS-394800074524601,6e42da50611e42d582e98d114767c559,,,,39.800004,-74.87908,123.702,2.837,3.714,12,2021,2021-01-15,2025-12-15
2024,USGS-394800074524601,6e42da50611e42d582e98d114767c559,,,,39.800004,-74.87908,124.45,3.585,0.748,12,2021,2021-01-15,2025-12-15
2025,USGS-394800074524601,6e42da50611e42d582e98d114767c559,,,,39.800004,-74.87908,122.46,1.595,-1.99,8,2021,2021-01-15,2025-12-15
2021,USGS-394808075172401,ed6e68bad7d54cbc807014d01c992422,,,,39.802335,-75.289631,11.874,0,,12,2021,2021-01-15,2025-12-15
2022,USGS-394808075172401,ed6e68bad7d54cbc807014d01c992422,,,,39.802335,-75.289631,12.667,0.792,0.792,12,2021,2021-01-15,2025-12-15
2023,USGS-394808075172401,ed6e68bad7d54cbc807014d01c992422,,,,39.802335,-75.289631,12.424,0.55,-0.243,12,2021,2021-01-15,2025-12-15
2024,USGS-394808075172401,ed6e68bad7d54cbc807014d01c992422,,,,39.802335,-75.289631,12.557,0.682,0.133,12,2021,2021-01-15,2025-12-15
2025,USGS-394808075172401,ed6e68bad7d54cbc807014d01c992422,,,,39.802335,-75.289631,13.731,1.857,1.174,12,2021,2021-01-15,2025-12-15
2021,USGS-394808075172402,f60e56f56c90462aa3245f0dd33779bc,,,,39.802335,-75.289631,8.367,0,,12,2021,2021-01-15,2025-12-15
2022,USGS-394808075172402,f60e56f56c90462aa3245f0dd33779bc,,,,39.802335,-75.289631,9.076,0.708,0.708,12,2021,2021-01-15,2025-12-15
2023,USGS-394808075172402,f60e56f56c90462aa3245f0dd33779bc,,,,39.802335,-75.289631,8.705,0.338,-0.371,12,2021,2021-01-15,2025-12-15
2024,USGS-394808075172402,f60e56f56c90462aa3245f0dd33779bc,,,,39.802335,-75.289631,8.852,0.484,0.147,12,2021,2021-01-15,2025-12-15
2025,USGS-394808075172402,f60e56f56c90462aa3245f0dd33779bc,,,,39.802335,-75.289631,9.978,1.611,1.127,12,2021,2021-01-15,2025-12-15
2021,USGS-394808075172404,7c0320c0abdd403ea2247ae03a0025ac,,,,39.802335,-75.289631,7.115,0,,12,2021,2021-01-15,2025-12-15
2022,USGS-394808075172404,7c0320c0abdd403ea2247ae03a0025ac,,,,39.802335,-75.289631,7.563,0.448,0.448,10,2021,2021-01-15,2025-12-15
2023,USGS-394808075172404,7c0320c0abdd403ea2247ae03a0025ac,,,,39.802335,-75.289631,7.603,0.488,0.04,10,2021,2021-01-15,2025-12-15
2024,USGS-394808075172404,7c0320c0abdd403ea2247ae03a0025ac,,,,39.802335,-75.289631,7.622,0.507,0.019,12,2021,2021-01-15,2025-12-15
2025,USGS-394808075172404,7c0320c0abdd403ea2247ae03a0025ac,,,,39.802335,-75.289631,8.732,1.617,1.11,12,2021,2021-01-15,2025-12-15
2021,USGS-394829074053503,a6f5254c83bc486a86cac90282465b67,,,,39.808175,-74.092635,13.674,0,,12,2021,2021-01-15,2025-12-15
2022,USGS-394829074053503,a6f5254c83bc486a86cac90282465b67,,,,39.808175,-74.092635,13.782,0.108,0.108,12,2021,2021-01-15,2025-12-15
2023,USGS-394829074053503,a6f5254c83bc486a86cac90282465b67,,,,39.808175,-74.092635,14.081,0.407,0.299,12,2021,2021-01-15,2025-12-15
2024,USGS-394829074053503,a6f5254c83bc486a86cac90282465b67,,,,39.808175,-74.092635,14.858,1.184,0.778,12,2021,2021-01-15,2025-12-15
2025,USGS-394829074053503,a6f5254c83bc486a86cac90282465b67,,,,39.808175,-74.092635,14.935,1.261,0.077,12,2021,2021-01-15,2025-12-15
2021,USGS-394843079351401,f5711b0646094ee1a4d441b005a4f7aa,,,,39.8125,-79.587222,22.383,0,,12,2021,2021-01-15,2025-12-15
2022,USGS-394843079351401,f5711b0646094ee1a4d441b005a4f7aa,,,,39.8125,-79.587222,21.838,-0.545,-0.545,12,2021,2021-01-15,2025-12-15
2023,USGS-394843079351401,f5711b0646094ee1a4d441b005a4f7aa,,,,39.8125,-79.587222,21.608,-0.775,-0.23,12,2021,2021-01-15,2025-12-15
2024,USGS-394843079351401,f5711b0646094ee1a4d441b005a4f7aa,,,,39.8125,-79.587222,22.063,-0.319,0.456,12,2021,2021-01-15,2025-12-15
2025,USGS-394843079351401,f5711b0646094ee1a4d441b005a4f7aa,,,,39.8125,-79.587222,21.307,-1.076,-0.757,12,2021,2021-01-15,2025-12-15
2021,USGS-394904074253601,84a1ed64a8ea46a4a627d24980b9fb57,,,,39.817896,-74.42626,223.641,0,,12,2021,2021-01-15,2025-12-15
2022,USGS-394904074253601,84a1ed64a8ea46a4a627d24980b9fb57,,,,39.817896,-74.42626,224.243,0.602,0.602,12,2021,2021-01-15,2025-12-15
2023,USGS-394904074253601,84a1ed64a8ea46a4a627d24980b9fb57,,,,39.817896,-74.42626,225.313,1.673,1.071,12,2021,2021-01-15,2025-12-15
2024,USGS-394904074253601,84a1ed64a8ea46a4a627d24980b9fb57,,,,39.817896,-74.42626,224.974,1.333,-0.339,12,2021,2021-01-15,2025-12-15
2025,USGS-394904074253601,84a1ed64a8ea46a4a627d24980b9fb57,,,,39.817896,-74.42626,225.828,2.188,0.854,12,2021,2021-01-15,2025-12-15
2021,USGS-394922074563301,8afb1addd9254c1fbb9c07bf570ac9ba,,,,39.822892,-74.941277,191.883,0,,12,2021,2021-01-15,2025-12-15
2022,USGS-394922074563301,8afb1addd9254c1fbb9c07bf570ac9ba,,,,39.822892,-74.941277,192.543,0.659,0.659,12,2021,2021-01-15,2025-12-15
2023,USGS-394922074563301,8afb1addd9254c1fbb9c07bf570ac9ba,,,,39.822892,-74.941277,193.79,1.907,1.247,12,2021,2021-01-15,2025-12-15
2024,USGS-394922074563301,8afb1addd9254c1fbb9c07bf570ac9ba,,,,39.822892,-74.941277,195.044,3.161,1.254,12,2021,2021-01-15,2025-12-15
2025,USGS-394922074563301,8afb1addd9254c1fbb9c07bf570ac9ba,,,,39.822892,-74.941277,194.684,2.801,-0.36,12,2021,2021-01-15,2025-12-15
2021,USGS-394922074563302,836f0418e8274136a354d5439f2dff9d,,,,39.822892,-74.941277,197.462,0,,12,2021,2021-01-15,2025-12-15
2022,USGS-394922074563302,836f0418e8274136a354d5439f2dff9d,,,,39.822892,-74.941277,197.886,0.423,0.423,12,2021,2021-01-15,2025-12-15
2023,USGS-394922074563302,836f0418e8274136a354d5439f2dff9d,,,,39.822892,-74.941277,198.702,1.24,0.817,12,2021,2021-01-15,2025-12-15
2024,USGS-394922074563302,836f0418e8274136a354d5439f2dff9d,,,,39.822892,-74.941277,200.062,2.599,1.359,12,2021,2021-01-15,2025-12-15
2025,USGS-394922074563302,836f0418e8274136a354d5439f2dff9d,,,,39.822892,-74.941277,200.215,2.753,0.153,12,2021,2021-01-15,2025-12-15
2021,USGS-394940085460101,29a7c496ea884e06858c569f111cb19e,,,,39.827778,-85.766944,21.611,0,,7,2021,2021-05-15,2025-12-15
2022,USGS-394940085460101,29a7c496ea884e06858c569f111cb19e,,,,39.827778,-85.766944,18.004,-3.607,-3.607,9,2021,2021-05-15,2025-12-15
2023,USGS-394940085460101,29a7c496ea884e06858c569f111cb19e,,,,39.827778,-85.766944,21.102,-0.51,3.097,12,2021,2021-05-15,2025-12-15
2024,USGS-394940085460101,29a7c496ea884e06858c569f111cb19e,,,,39.827778,-85.766944,19.656,-1.956,-1.446,9,2021,2021-05-15,2025-12-15
2025,USGS-394940085460101,29a7c496ea884e06858c569f111cb19e,,,,39.827778,-85.766944,19.684,-1.928,0.028,11,2021,2021-05-15,2025-12-15
2021,USGS-394957075053001,bdc8ab08f9de4a6d9908d8e9a6a82bdb,,,,39.832614,-75.091284,73.033,0,,12,2021,2021-01-15,2025-12-15
2022,USGS-394957075053001,bdc8ab08f9de4a6d9908d8e9a6a82bdb,,,,39.832614,-75.091284,74.407,1.374,1.374,12,2021,2021-01-15,2025-12-15
2023,USGS-394957075053001,bdc8ab08f9de4a6d9908d8e9a6a82bdb,,,,39.832614,-75.091284,75.56,2.527,1.152,12,2021,2021-01-15,2025-12-15
2024,USGS-394957075053001,bdc8ab08f9de4a6d9908d8e9a6a82bdb,,,,39.832614,-75.091284,76.912,3.879,1.353,12,2021,2021-01-15,2025-12-15
2025,USGS-394957075053001,bdc8ab08f9de4a6d9908d8e9a6a82bdb,,,,39.832614,-75.091284,77.161,4.127,0.248,12,2021,2021-01-15,2025-12-15
2021,USGS-395028074104401,df7da37cd35c445bafdec705bb799526,,,,39.841,-74.178472,2.14,0,,11,2021,2021-01-15,2025-12-15
2022,USGS-395028074104401,df7da37cd35c445bafdec705bb799526,,,,39.841,-74.178472,2.425,0.285,0.285,11,2021,2021-01-15,2025-12-15
2023,USGS-395028074104401,df7da37cd35c445bafdec705bb799526,,,,39.841,-74.178472,2.526,0.386,0.101,12,2021,2021-01-15,2025-12-15
2024,USGS-395028074104401,df7da37cd35c445bafdec705bb799526,,,,39.841,-74.178472,2.419,0.279,-0.107,12,2021,2021-01-15,2025-12-15
2025,USGS-395028074104401,df7da37cd35c445bafdec705bb799526,,,,39.841,-74.178472,2.73,0.59,0.311,9,2021,2021-01-15,2025-12-15
2021,USGS-395034074112101,fdff2d84e0d341d9a9fc0af0ec8b793f,,,,39.842897,-74.188751,8.573,0,,11,2021,2021-01-15,2025-12-15
2022,USGS-395034074112101,fdff2d84e0d341d9a9fc0af0ec8b793f,,,,39.842897,-74.188751,8.924,0.351,0.351,12,2021,2021-01-15,2025-12-15
2023,USGS-395034074112101,fdff2d84e0d341d9a9fc0af0ec8b793f,,,,39.842897,-74.188751,9.209,0.636,0.285,12,2021,2021-01-15,2025-12-15
2024,USGS-395034074112101,fdff2d84e0d341d9a9fc0af0ec8b793f,,,,39.842897,-74.188751,8.965,0.392,-0.244,12,2021,2021-01-15,2025-12-15
2025,USGS-395034074112101,fdff2d84e0d341d9a9fc0af0ec8b793f,,,,39.842897,-74.188751,9.294,0.721,0.329,12,2021,2021-01-15,2025-12-15
2021,USGS-395107086021301,38954c37a3354b9480384a1b613226aa,,,,39.851944,-86.036944,138.463,0,,12,2021,2021-01-15,2025-04-15
2022,USGS-395107086021301,38954c37a3354b9480384a1b613226aa,,,,39.851944,-86.036944,137.893,-0.57,-0.57,12,2021,2021-01-15,2025-04-15
2023,USGS-395107086021301,38954c37a3354b9480384a1b613226aa,,,,39.851944,-86.036944,137.888,-0.576,-0.006,9,2021,2021-01-15,2025-04-15
2024,USGS-395107086021301,38954c37a3354b9480384a1b613226aa,,,,39.851944,-86.036944,139.177,0.714,1.29,12,2021,2021-01-15,2025-04-15
2025,USGS-395107086021301,38954c37a3354b9480384a1b613226aa,,,,39.851944,-86.036944,140.165,1.702,0.988,4,2021,2021-01-15,2025-04-15
2021,USGS-395122074301701,485be2be61954e4d8683d5d734369469,,,,39.856229,-74.504319,164.502,0,,12,2021,2021-01-15,2025-12-15
2022,USGS-395122074301701,485be2be61954e4d8683d5d734369469,,,,39.856229,-74.504319,164.876,0.374,0.374,12,2021,2021-01-15,2025-12-15
2023,USGS-395122074301701,485be2be61954e4d8683d5d734369469,,,,39.856229,-74.504319,165.35,0.848,0.474,12,2021,2021-01-15,2025-12-15
2024,USGS-395122074301701,485be2be61954e4d8683d5d734369469,,,,39.856229,-74.504319,165.909,1.408,0.559,12,2021,2021-01-15,2025-12-15
2025,USGS-395122074301701,485be2be61954e4d8683d5d734369469,,,,39.856229,-74.504319,166.328,1.827,0.419,12,2021,2021-01-15,2025-12-15
2021,USGS-395122074301702,475836a6394140859e3cbb587e108d01,,,,39.856229,-74.504319,20.271,0,,12,2021,2021-01-15,2025-12-15
2022,USGS-395122074301702,475836a6394140859e3cbb587e108d01,,,,39.856229,-74.504319,21.525,1.254,1.254,12,2021,2021-01-15,2025-12-15
2023,USGS-395122074301702,475836a6394140859e3cbb587e108d01,,,,39.856229,-74.504319,22.675,2.404,1.15,12,2021,2021-01-15,2025-12-15
2024,USGS-395122074301702,475836a6394140859e3cbb587e108d01,,,,39.856229,-74.504319,21.2,0.929,-1.475,12,2021,2021-01-15,2025-12-15
2025,USGS-395122074301702,475836a6394140859e3cbb587e108d01,,,,39.856229,-74.504319,24.104,3.833,2.904,12,2021,2021-01-15,2025-12-15
2021,USGS-395136108210004,66d4a01d26de4da6bb1327b129d96f81,,,,39.860133,-108.350956,59.3,0,,11,2021,2021-01-15,2025-12-15
2022,USGS-395136108210004,66d4a01d26de4da6bb1327b129d96f81,,,,39.860133,-108.350956,59.013,-0.287,-0.287,12,2021,2021-01-15,2025-12-15
2023,USGS-395136108210004,66d4a01d26de4da6bb1327b129d96f81,,,,39.860133,-108.350956,57.675,-1.625,-1.338,12,2021,2021-01-15,2025-12-15
2024,USGS-395136108210004,66d4a01d26de4da6bb1327b129d96f81,,,,39.860133,-108.350956,59.149,-0.151,1.474,12,2021,2021-01-15,2025-12-15
2025,USGS-395136108210004,66d4a01d26de4da6bb1327b129d96f81,,,,39.860133,-108.350956,60.076,0.776,0.927,12,2021,2021-01-15,2025-12-15
2021,USGS-395150074284201,7ebd6a261777488b814f14cc3142ecf4,,,,39.864562,-74.479596,21.683,0,,12,2021,2021-01-15,2025-12-15
2022,USGS-395150074284201,7ebd6a261777488b814f14cc3142ecf4,,,,39.864562,-74.479596,23.342,1.658,1.658,12,2021,2021-01-15,2025-12-15
2023,USGS-395150074284201,7ebd6a261777488b814f14cc3142ecf4,,,,39.864562,-74.479596,24.954,3.271,1.612,10,2021,2021-01-15,2025-12-15
2024,USGS-395150074284201,7ebd6a261777488b814f14cc3142ecf4,,,,39.864562,-74.479596,22.907,1.224,-2.047,12,2021,2021-01-15,2025-12-15
2025,USGS-395150074284201,7ebd6a261777488b814f14cc3142ecf4,,,,39.864562,-74.479596,26.925,5.242,4.018,12,2021,2021-01-15,2025-12-15
2021,USGS-395159086253101,c542c6e8a455445687eb0f95474472cf,,,,39.866389,-86.425278,60.318,0,,12,2021,2021-01-15,2025-02-15
2022,USGS-395159086253101,c542c6e8a455445687eb0f95474472cf,,,,39.866389,-86.425278,60.743,0.424,0.424,12,2021,2021-01-15,2025-02-15
2023,USGS-395159086253101,c542c6e8a455445687eb0f95474472cf,,,,39.866389,-86.425278,60.42,0.102,-0.322,12,2021,2021-01-15,2025-02-15
2024,USGS-395159086253101,c542c6e8a455445687eb0f95474472cf,,,,39.866389,-86.425278,58.976,-1.343,-1.444,9,2021,2021-01-15,2025-02-15
2025,USGS-395159086253101,c542c6e8a455445687eb0f95474472cf,,,,39.866389,-86.425278,60.55,0.232,1.574,2,2021,2021-01-15,2025-02-15
2021,USGS-395206075111801,58d3a9267f5e41cfa03fd8c8d18a0720,,,,39.868139,-75.188139,15.752,0,,12,2021,2021-01-15,2025-12-15
2022,USGS-395206075111801,58d3a9267f5e41cfa03fd8c8d18a0720,,,,39.868139,-75.188139,16.488,0.736,0.736,12,2021,2021-01-15,2025-12-15
2023,USGS-395206075111801,58d3a9267f5e41cfa03fd8c8d18a0720,,,,39.868139,-75.188139,16.775,1.023,0.288,12,2021,2021-01-15,2025-12-15
2024,USGS-395206075111801,58d3a9267f5e41cfa03fd8c8d18a0720,,,,39.868139,-75.188139,16.939,1.187,0.164,8,2021,2021-01-15,2025-12-15
2025,USGS-395206075111801,58d3a9267f5e41cfa03fd8c8d18a0720,,,,39.868139,-75.188139,17.287,1.535,0.348,12,2021,2021-01-15,2025-12-15
2021,USGS-395229074571201,61a623aa31c940b7bf4a97dc6bad0a9c,,,,39.874836,-74.952944,210.267,0,,12,2021,2021-01-15,2025-12-15
2022,USGS-395229074571201,61a623aa31c940b7bf4a97dc6bad0a9c,,,,39.874836,-74.952944,209.601,-0.666,-0.666,12,2021,2021-01-15,2025-12-15
2023,USGS-395229074571201,61a623aa31c940b7bf4a97dc6bad0a9c,,,,39.874836,-74.952944,210.908,0.642,1.308,12,2021,2021-01-15,2025-12-15
2024,USGS-395229074571201,61a623aa31c940b7bf4a97dc6bad0a9c,,,,39.874836,-74.952944,212.878,2.612,1.97,12,2021,2021-01-15,2025-12-15
2025,USGS-395229074571201,61a623aa31c940b7bf4a97dc6bad0a9c,,,,39.874836,-74.952944,212.331,2.064,-0.547,12,2021,2021-01-15,2025-12-15
2021,USGS-395245086273501,d98d975290e64ccea64525030b1224e4,,,,39.879167,-86.459722,104.985,0,,6,2021,2021-07-15,2025-12-15
2022,USGS-395245086273501,d98d975290e64ccea64525030b1224e4,,,,39.879167,-86.459722,103.018,-1.967,-1.967,11,2021,2021-07-15,2025-12-15
2023,USGS-395245086273501,d98d975290e64ccea64525030b1224e4,,,,39.879167,-86.459722,106.756,1.771,3.738,11,2021,2021-07-15,2025-12-15
2024,USGS-395245086273501,d98d975290e64ccea64525030b1224e4,,,,39.879167,-86.459722,104.415,-0.57,-2.341,11,2021,2021-07-15,2025-12-15
2025,USGS-395245086273501,d98d975290e64ccea64525030b1224e4,,,,39.879167,-86.459722,104.983,-0.002,0.567,12,2021,2021-07-15,2025-12-15
2021,USGS-395309074352101,baaff816885b4fe79669c8bef686faae,,,,39.885949,-74.588766,145.356,0,,12,2021,2021-01-15,2025-12-15
2022,USGS-395309074352101,baaff816885b4fe79669c8bef686faae,,,,39.885949,-74.588766,145.116,-0.24,-0.24,8,2021,2021-01-15,2025-12-15
2023,USGS-395309074352101,baaff816885b4fe79669c8bef686faae,,,,39.885949,-74.588766,146.814,1.458,1.698,10,2021,2021-01-15,2025-12-15
2024,USGS-395309074352101,baaff816885b4fe79669c8bef686faae,,,,39.885949,-74.588766,147.063,1.707,0.249,12,2021,2021-01-15,2025-12-15
2025,USGS-395309074352101,baaff816885b4fe79669c8bef686faae,,,,39.885949,-74.588766,148.075,2.719,1.012,12,2021,2021-01-15,2025-12-15
2021,USGS-395309074352102,5657ca7963fa4a4e916b5170bdc9c60e,,,,39.885949,-74.588766,93.425,0,,12,2021,2021-01-15,2025-12-15
2022,USGS-395309074352102,5657ca7963fa4a4e916b5170bdc9c60e,,,,39.885949,-74.588766,94.421,0.996,0.996,12,2021,2021-01-15,2025-12-15
2023,USGS-395309074352102,5657ca7963fa4a4e916b5170bdc9c60e,,,,39.885949,-74.588766,95.683,2.258,1.263,12,2021,2021-01-15,2025-12-15
2024,USGS-395309074352102,5657ca7963fa4a4e916b5170bdc9c60e,,,,39.885949,-74.588766,96.138,2.713,0.454,12,2021,2021-01-15,2025-12-15
2025,USGS-395309074352102,5657ca7963fa4a4e916b5170bdc9c60e,,,,39.885949,-74.588766,97.871,4.446,1.733,12,2021,2021-01-15,2025-12-15
2021,USGS-395315074494601,a98a1fc61b0b423187f84036071b1f45,,,,39.88767,-74.829385,20.366,0,,12,2021,2021-01-15,2025-12-15
2022,USGS-395315074494601,a98a1fc61b0b423187f84036071b1f45,,,,39.88767,-74.829385,21.578,1.212,1.212,12,2021,2021-01-15,2025-12-15
2023,USGS-395315074494601,a98a1fc61b0b423187f84036071b1f45,,,,39.88767,-74.829385,21.688,1.322,0.11,12,2021,2021-01-15,2025-12-15
2024,USGS-395315074494601,a98a1fc61b0b423187f84036071b1f45,,,,39.88767,-74.829385,22.956,2.59,1.268,12,2021,2021-01-15,2025-12-15
2025,USGS-395315074494601,a98a1fc61b0b423187f84036071b1f45,,,,39.88767,-74.829385,22.596,2.23,-0.36,12,2021,2021-01-15,2025-12-15
2021,USGS-395322077365301,bef43acfa6d24de5948294d20fc5101c,,,,39.889361,-77.614611,75.417,0,,12,2021,2021-01-15,2025-12-15
2022,USGS-395322077365301,bef43acfa6d24de5948294d20fc5101c,,,,39.889361,-77.614611,76.087,0.67,0.67,12,2021,2021-01-15,2025-12-15
2023,USGS-395322077365301,bef43acfa6d24de5948294d20fc5101c,,,,39.889361,-77.614611,78.459,3.042,2.373,12,2021,2021-01-15,2025-12-15
2024,USGS-395322077365301,bef43acfa6d24de5948294d20fc5101c,,,,39.889361,-77.614611,74.443,-0.973,-4.016,12,2021,2021-01-15,2025-12-15
2025,USGS-395322077365301,bef43acfa6d24de5948294d20fc5101c,,,,39.889361,-77.614611,79.082,3.665,4.638,12,2021,2021-01-15,2025-12-15
2021,USGS-395332085594501,1aad4496c1de4cbaa961c0182f99dc84,,,,39.892222,-85.995833,7.098,0,,12,2021,2021-01-15,2025-04-15
2022,USGS-395332085594501,1aad4496c1de4cbaa961c0182f99dc84,,,,39.892222,-85.995833,8.264,1.167,1.167,12,2021,2021-01-15,2025-04-15
2023,USGS-395332085594501,1aad4496c1de4cbaa961c0182f99dc84,,,,39.892222,-85.995833,7.217,0.119,-1.047,6,2021,2021-01-15,2025-04-15
2024,USGS-395332085594501,1aad4496c1de4cbaa961c0182f99dc84,,,,39.892222,-85.995833,8.009,0.912,0.792,12,2021,2021-01-15,2025-04-15
2025,USGS-395332085594501,1aad4496c1de4cbaa961c0182f99dc84,,,,39.892222,-85.995833,9.045,1.947,1.036,4,2021,2021-01-15,2025-04-15
2021,USGS-395450075485401,645f055c8b2e4dd29c4fe5bf97886a3a,,,,39.913722,-75.814194,11.547,0,,12,2021,2021-01-15,2025-12-15
2022,USGS-395450075485401,645f055c8b2e4dd29c4fe5bf97886a3a,,,,39.913722,-75.814194,12.136,0.588,0.588,12,2021,2021-01-15,2025-12-15
2023,USGS-395450075485401,645f055c8b2e4dd29c4fe5bf97886a3a,,,,39.913722,-75.814194,13.135,1.588,0.999,12,2021,2021-01-15,2025-12-15
2024,USGS-395450075485401,645f055c8b2e4dd29c4fe5bf97886a3a,,,,39.913722,-75.814194,12.079,0.532,-1.056,12,2021,2021-01-15,2025-12-15
2025,USGS-395450075485401,645f055c8b2e4dd29c4fe5bf97886a3a,,,,39.913722,-75.814194,13.989,2.442,1.91,12,2021,2021-01-15,2025-12-15
2021,USGS-395512075293701,cfd9596c0d124c75a232dd0d47792391,,,,39.920083,-75.493056,6.634,0,,12,2021,2021-01-15,2025-11-15
2022,USGS-395512075293701,cfd9596c0d124c75a232dd0d47792391,,,,39.920083,-75.493056,7.094,0.46,0.46,12,2021,2021-01-15,2025-11-15
2023,USGS-395512075293701,cfd9596c0d124c75a232dd0d47792391,,,,39.920083,-75.493056,7.17,0.536,0.076,12,2021,2021-01-15,2025-11-15
2024,USGS-395512075293701,cfd9596c0d124c75a232dd0d47792391,,,,39.920083,-75.493056,6.561,-0.073,-0.609,12,2021,2021-01-15,2025-11-15
2025,USGS-395512075293701,cfd9596c0d124c75a232dd0d47792391,,,,39.920083,-75.493056,7.435,0.8,0.874,11,2021,2021-01-15,2025-11-15
2021,USGS-395524074502501,49c246dff0d2418e998a2785c041384b,,,,39.923447,-74.839886,110.69,0,,12,2021,2021-01-15,2025-12-15
2022,USGS-395524074502501,49c246dff0d2418e998a2785c041384b,,,,39.923447,-74.839886,111.036,0.346,0.346,12,2021,2021-01-15,2025-12-15
2023,USGS-395524074502501,49c246dff0d2418e998a2785c041384b,,,,39.923447,-74.839886,111.144,0.454,0.108,12,2021,2021-01-15,2025-12-15
2024,USGS-395524074502501,49c246dff0d2418e998a2785c041384b,,,,39.923447,-74.839886,112.967,2.278,1.823,12,2021,2021-01-15,2025-12-15
2025,USGS-395524074502501,49c246dff0d2418e998a2785c041384b,,,,39.923447,-74.839886,113.081,2.391,0.113,12,2021,2021-01-15,2025-12-15
2021,USGS-395524074502502,967350f489614191abfae325f6d02666,,,,39.923447,-74.839886,52.492,0,,12,2021,2021-01-15,2025-12-15
2022,USGS-395524074502502,967350f489614191abfae325f6d02666,,,,39.923447,-74.839886,54.961,2.468,2.468,12,2021,2021-01-15,2025-12-15
2023,USGS-395524074502502,967350f489614191abfae325f6d02666,,,,39.923447,-74.839886,55.687,3.195,0.727,12,2021,2021-01-15,2025-12-15
2024,USGS-395524074502502,967350f489614191abfae325f6d02666,,,,39.923447,-74.839886,53.689,1.196,-1.999,8,2021,2021-01-15,2025-12-15
2025,USGS-395524074502502,967350f489614191abfae325f6d02666,,,,39.923447,-74.839886,54.979,2.487,1.29,12,2021,2021-01-15,2025-12-15
2021,USGS-395525074502505,b47a20828e2b4e498d1a68e3e2e28066,,,,39.923724,-74.839886,106.181,0,,12,2021,2021-01-15,2025-12-15
2022,USGS-395525074502505,b47a20828e2b4e498d1a68e3e2e28066,,,,39.923724,-74.839886,107.07,0.889,0.889,10,2021,2021-01-15,2025-12-15
2023,USGS-395525074502505,b47a20828e2b4e498d1a68e3e2e28066,,,,39.923724,-74.839886,107.216,1.035,0.146,12,2021,2021-01-15,2025-12-15
2024,USGS-395525074502505,b47a20828e2b4e498d1a68e3e2e28066,,,,39.923724,-74.839886,108.309,2.128,1.093,12,2021,2021-01-15,2025-12-15
2025,USGS-395525074502505,b47a20828e2b4e498d1a68e3e2e28066,,,,39.923724,-74.839886,108.449,2.268,0.14,12,2021,2021-01-15,2025-12-15
2021,USGS-395525074502601,a648b4554b23486b8ba2a4e6fbe45053,,,,39.923447,-74.839886,105.638,0,,12,2021,2021-01-15,2025-12-15
2022,USGS-395525074502601,a648b4554b23486b8ba2a4e6fbe45053,,,,39.923447,-74.839886,106.077,0.439,0.439,12,2021,2021-01-15,2025-12-15
2023,USGS-395525074502601,a648b4554b23486b8ba2a4e6fbe45053,,,,39.923447,-74.839886,106.633,0.995,0.556,12,2021,2021-01-15,2025-12-15
2024,USGS-395525074502601,a648b4554b23486b8ba2a4e6fbe45053,,,,39.923447,-74.839886,107.708,2.071,1.076,12,2021,2021-01-15,2025-12-15
2025,USGS-395525074502601,a648b4554b23486b8ba2a4e6fbe45053,,,,39.923447,-74.839886,108.029,2.392,0.321,11,2021,2021-01-15,2025-12-15
2021,USGS-395609074124001,67b187e769f44c6eb1345d607b039aa2,,,,39.935951,-74.210697,26.109,0,,12,2021,2021-01-15,2025-12-15
2022,USGS-395609074124001,67b187e769f44c6eb1345d607b039aa2,,,,39.935951,-74.210697,25.764,-0.345,-0.345,12,2021,2021-01-15,2025-12-15
2023,USGS-395609074124001,67b187e769f44c6eb1345d607b039aa2,,,,39.935951,-74.210697,25.324,-0.785,-0.44,12,2021,2021-01-15,2025-12-15
2024,USGS-395609074124001,67b187e769f44c6eb1345d607b039aa2,,,,39.935951,-74.210697,25.213,-0.897,-0.112,12,2021,2021-01-15,2025-12-15
2025,USGS-395609074124001,67b187e769f44c6eb1345d607b039aa2,,,,39.935951,-74.210697,27.74,1.631,2.527,9,2021,2021-01-15,2025-12-15
2021,USGS-395846077040601,2e92fa09008040b1a185b2440c0fc8d1,,,,39.979278,-77.069167,12.123,0,,12,2021,2021-01-15,2025-12-15
2022,USGS-395846077040601,2e92fa09008040b1a185b2440c0fc8d1,,,,39.979278,-77.069167,12.106,-0.017,-0.017,12,2021,2021-01-15,2025-12-15
2023,USGS-395846077040601,2e92fa09008040b1a185b2440c0fc8d1,,,,39.979278,-77.069167,12.366,0.243,0.26,12,2021,2021-01-15,2025-12-15
2024,USGS-395846077040601,2e92fa09008040b1a185b2440c0fc8d1,,,,39.979278,-77.069167,12.052,-0.071,-0.314,12,2021,2021-01-15,2025-12-15
2025,USGS-395846077040601,2e92fa09008040b1a185b2440c0fc8d1,,,,39.979278,-77.069167,12.153,0.03,0.101,12,2021,2021-01-15,2025-12-15
2021,USGS-395920079021501,0c68481cc11e43f0b7e5bc466ef8fa98,,,,39.988833,-79.0375,23.378,0,,12,2021,2021-01-15,2025-12-15
2022,USGS-395920079021501,0c68481cc11e43f0b7e5bc466ef8fa98,,,,39.988833,-79.0375,23.253,-0.124,-0.124,12,2021,2021-01-15,2025-12-15
2023,USGS-395920079021501,0c68481cc11e43f0b7e5bc466ef8fa98,,,,39.988833,-79.0375,23.33,-0.047,0.077,12,2021,2021-01-15,2025-12-15
2024,USGS-395920079021501,0c68481cc11e43f0b7e5bc466ef8fa98,,,,39.988833,-79.0375,23.432,0.054,0.102,12,2021,2021-01-15,2025-12-15
2025,USGS-395920079021501,0c68481cc11e43f0b7e5bc466ef8fa98,,,,39.988833,-79.0375,23.486,0.108,0.054,12,2021,2021-01-15,2025-12-15
2021,USGS-395928074502701,2763a1c5c9704e3cb8fc2cd3c6f66971,,,,39.991223,-74.840442,4.952,0,,12,2021,2021-01-15,2025-12-15
2022,USGS-395928074502701,2763a1c5c9704e3cb8fc2cd3c6f66971,,,,39.991223,-74.840442,5.747,0.796,0.796,12,2021,2021-01-15,2025-12-15
2023,USGS-395928074502701,2763a1c5c9704e3cb8fc2cd3c6f66971,,,,39.991223,-74.840442,5.742,0.791,-0.005,12,2021,2021-01-15,2025-12-15
2024,USGS-395928074502701,2763a1c5c9704e3cb8fc2cd3c6f66971,,,,39.991223,-74.840442,5.182,0.23,-0.561,12,2021,2021-01-15,2025-12-15
2025,USGS-395928074502701,2763a1c5c9704e3cb8fc2cd3c6f66971,,,,39.991223,-74.840442,6.036,1.084,0.854,12,2021,2021-01-15,2025-12-15
2021,USGS-395930074142101,7242f659620f412597daccf92342210d,,,,39.991506,-74.238477,92.903,0,,12,2021,2021-01-15,2025-12-15
2022,USGS-395930074142101,7242f659620f412597daccf92342210d,,,,39.991506,-74.238477,93.323,0.42,0.42,12,2021,2021-01-15,2025-12-15
2023,USGS-395930074142101,7242f659620f412597daccf92342210d,,,,39.991506,-74.238477,93.676,0.773,0.352,12,2021,2021-01-15,2025-12-15
2024,USGS-395930074142101,7242f659620f412597daccf92342210d,,,,39.991506,-74.238477,94.246,1.343,0.57,12,2021,2021-01-15,2025-12-15
2025,USGS-395930074142101,7242f659620f412597daccf92342210d,,,,39.991506,-74.238477,94.548,1.645,0.302,12,2021,2021-01-15,2025-12-15
2021,USGS-400008079142801,894c2650be8043c3ae6ab303af2534ab,,,,40.001417,-79.239111,33.654,0,,12,2021,2021-01-15,2025-12-15
2022,USGS-400008079142801,894c2650be8043c3ae6ab303af2534ab,,,,40.001417,-79.239111,33.58,-0.074,-0.074,12,2021,2021-01-15,2025-12-15
2023,USGS-400008079142801,894c2650be8043c3ae6ab303af2534ab,,,,40.001417,-79.239111,33.281,-0.373,-0.299,12,2021,2021-01-15,2025-12-15
2024,USGS-400008079142801,894c2650be8043c3ae6ab303af2534ab,,,,40.001417,-79.239111,33.718,0.064,0.438,12,2021,2021-01-15,2025-12-15
2025,USGS-400008079142801,894c2650be8043c3ae6ab303af2534ab,,,,40.001417,-79.239111,33.859,0.205,0.141,12,2021,2021-01-15,2025-12-15
2021,USGS-400010074521601,b08432f7accb4d8cbcc918996eb14047,,,,40.00289,-74.870721,61.455,0,,12,2021,2021-01-15,2025-11-15
2022,USGS-400010074521601,b08432f7accb4d8cbcc918996eb14047,,,,40.00289,-74.870721,62.243,0.788,0.788,12,2021,2021-01-15,2025-11-15
2023,USGS-400010074521601,b08432f7accb4d8cbcc918996eb14047,,,,40.00289,-74.870721,62.408,0.953,0.166,12,2021,2021-01-15,2025-11-15
2024,USGS-400010074521601,b08432f7accb4d8cbcc918996eb14047,,,,40.00289,-74.870721,62.788,1.332,0.379,12,2021,2021-01-15,2025-11-15
2025,USGS-400010074521601,b08432f7accb4d8cbcc918996eb14047,,,,40.00289,-74.870721,63.476,2.021,0.689,11,2021,2021-01-15,2025-11-15
2021,USGS-400104086023101,593c11cf9c1f4813bf4c90513ef8c157,,,,40.017792,-86.041878,50.995,0,,11,2021,2021-01-15,2025-12-15
2022,USGS-400104086023101,593c11cf9c1f4813bf4c90513ef8c157,,,,40.017792,-86.041878,53.765,2.77,2.77,12,2021,2021-01-15,2025-12-15
2023,USGS-400104086023101,593c11cf9c1f4813bf4c90513ef8c157,,,,40.017792,-86.041878,57.175,6.18,3.41,12,2021,2021-01-15,2025-12-15
2024,USGS-400104086023101,593c11cf9c1f4813bf4c90513ef8c157,,,,40.017792,-86.041878,58.289,7.295,1.114,12,2021,2021-01-15,2025-12-15
2025,USGS-400104086023101,593c11cf9c1f4813bf4c90513ef8c157,,,,40.017792,-86.041878,60.259,9.265,1.97,12,2021,2021-01-15,2025-12-15
2021,USGS-400118086024901,30d1dd1dad414ccdb507a9f31cef33b9,,,,40.021625,-86.047122,88.217,0,,12,2021,2021-01-15,2025-11-15
2022,USGS-400118086024901,30d1dd1dad414ccdb507a9f31cef33b9,,,,40.021625,-86.047122,90.071,1.854,1.854,12,2021,2021-01-15,2025-11-15
2023,USGS-400118086024901,30d1dd1dad414ccdb507a9f31cef33b9,,,,40.021625,-86.047122,99.185,10.968,9.114,6,2021,2021-01-15,2025-11-15
2024,USGS-400118086024901,30d1dd1dad414ccdb507a9f31cef33b9,,,,40.021625,-86.047122,125.034,36.818,25.849,9,2021,2021-01-15,2025-11-15
2025,USGS-400118086024901,30d1dd1dad414ccdb507a9f31cef33b9,,,,40.021625,-86.047122,126.94,38.723,1.906,5,2021,2021-01-15,2025-11-15
2021,USGS-400120074265401,b72c5819dfff483da414b76c75ea4963,,,,40.022338,-74.447929,50.784,0,,12,2021,2021-01-15,2025-12-15
2022,USGS-400120074265401,b72c5819dfff483da414b76c75ea4963,,,,40.022338,-74.447929,52.009,1.225,1.225,12,2021,2021-01-15,2025-12-15
2023,USGS-400120074265401,b72c5819dfff483da414b76c75ea4963,,,,40.022338,-74.447929,52.873,2.088,0.863,12,2021,2021-01-15,2025-12-15
2024,USGS-400120074265401,b72c5819dfff483da414b76c75ea4963,,,,40.022338,-74.447929,49.679,-1.105,-3.193,12,2021,2021-01-15,2025-12-15
2025,USGS-400120074265401,b72c5819dfff483da414b76c75ea4963,,,,40.022338,-74.447929,53.532,2.748,3.853,12,2021,2021-01-15,2025-12-15
2021,USGS-400148074352001,a1f9f22b159647bfad1cd0139745808b,,,,40.030114,-74.588489,9.234,0,,12,2021,2021-01-15,2025-12-15
2022,USGS-400148074352001,a1f9f22b159647bfad1cd0139745808b,,,,40.030114,-74.588489,9.912,0.678,0.678,12,2021,2021-01-15,2025-12-15
2023,USGS-400148074352001,a1f9f22b159647bfad1cd0139745808b,,,,40.030114,-74.588489,10.015,0.781,0.103,12,2021,2021-01-15,2025-12-15
2024,USGS-400148074352001,a1f9f22b159647bfad1cd0139745808b,,,,40.030114,-74.588489,9.637,0.402,-0.378,12,2021,2021-01-15,2025-12-15
2025,USGS-400148074352001,a1f9f22b159647bfad1cd0139745808b,,,,40.030114,-74.588489,10.182,0.947,0.545,12,2021,2021-01-15,2025-12-15
2021,USGS-400148074352101,37e472e0211a433e9386390a1885ea94,,,,40.030114,-74.588767,8.745,0,,12,2021,2021-01-15,2025-12-15
2022,USGS-400148074352101,37e472e0211a433e9386390a1885ea94,,,,40.030114,-74.588767,9.577,0.832,0.832,10,2021,2021-01-15,2025-12-15
2023,USGS-400148074352101,37e472e0211a433e9386390a1885ea94,,,,40.030114,-74.588767,9.651,0.906,0.074,12,2021,2021-01-15,2025-12-15
2024,USGS-400148074352101,37e472e0211a433e9386390a1885ea94,,,,40.030114,-74.588767,9.268,0.523,-0.383,12,2021,2021-01-15,2025-12-15
2025,USGS-400148074352101,37e472e0211a433e9386390a1885ea94,,,,40.030114,-74.588767,9.843,1.098,0.575,12,2021,2021-01-15,2025-12-15
2021,USGS-400209077183301,ddc30544a9e64ad2bf6e60e9d0366517,,,,40.035278,-77.308083,22.132,0,,12,2021,2021-01-15,2025-12-15
2022,USGS-400209077183301,ddc30544a9e64ad2bf6e60e9d0366517,,,,40.035278,-77.308083,21.527,-0.605,-0.605,12,2021,2021-01-15,2025-12-15
2023,USGS-400209077183301,ddc30544a9e64ad2bf6e60e9d0366517,,,,40.035278,-77.308083,23.969,1.838,2.442,12,2021,2021-01-15,2025-12-15
2024,USGS-400209077183301,ddc30544a9e64ad2bf6e60e9d0366517,,,,40.035278,-77.308083,21.498,-0.633,-2.471,12,2021,2021-01-15,2025-12-15
2025,USGS-400209077183301,ddc30544a9e64ad2bf6e60e9d0366517,,,,40.035278,-77.308083,25.262,3.131,3.764,12,2021,2021-01-15,2025-12-15
2021,USGS-400210074031001,a045845242b546a1bdfce5ddada31496,,,,40.036361,-74.052361,67.134,0,,12,2021,2021-01-15,2025-12-15
2022,USGS-400210074031001,a045845242b546a1bdfce5ddada31496,,,,40.036361,-74.052361,71.77,4.636,4.636,11,2021,2021-01-15,2025-12-15
2023,USGS-400210074031001,a045845242b546a1bdfce5ddada31496,,,,40.036361,-74.052361,71.974,4.839,0.204,11,2021,2021-01-15,2025-12-15
2024,USGS-400210074031001,a045845242b546a1bdfce5ddada31496,,,,40.036361,-74.052361,73.792,6.657,1.818,12,2021,2021-01-15,2025-12-15
2025,USGS-400210074031001,a045845242b546a1bdfce5ddada31496,,,,40.036361,-74.052361,76.495,9.361,2.703,12,2021,2021-01-15,2025-12-15
2021,USGS-400210074031002,3acb86f1bafd4145af8346dd78b5aacf,,,,40.03645,-74.052303,41.749,0,,10,2021,2021-01-15,2025-12-15
2022,USGS-400210074031002,3acb86f1bafd4145af8346dd78b5aacf,,,,40.03645,-74.052303,42.322,0.573,0.573,12,2021,2021-01-15,2025-12-15
2023,USGS-400210074031002,3acb86f1bafd4145af8346dd78b5aacf,,,,40.03645,-74.052303,44.792,3.043,2.47,12,2021,2021-01-15,2025-12-15
2024,USGS-400210074031002,3acb86f1bafd4145af8346dd78b5aacf,,,,40.03645,-74.052303,44.899,3.15,0.106,9,2021,2021-01-15,2025-12-15
2025,USGS-400210074031002,3acb86f1bafd4145af8346dd78b5aacf,,,,40.03645,-74.052303,43.486,1.737,-1.413,12,2021,2021-01-15,2025-12-15
2021,USGS-400217078281901,4c088641132f4fcf8890d2c69b4138b4,,,,40.037611,-78.471917,17.494,0,,12,2021,2021-01-15,2025-12-15
2022,USGS-400217078281901,4c088641132f4fcf8890d2c69b4138b4,,,,40.037611,-78.471917,15.297,-2.197,-2.197,12,2021,2021-01-15,2025-12-15
2023,USGS-400217078281901,4c088641132f4fcf8890d2c69b4138b4,,,,40.037611,-78.471917,16.712,-0.782,1.414,12,2021,2021-01-15,2025-12-15
2024,USGS-400217078281901,4c088641132f4fcf8890d2c69b4138b4,,,,40.037611,-78.471917,16.907,-0.587,0.195,12,2021,2021-01-15,2025-12-15
2025,USGS-400217078281901,4c088641132f4fcf8890d2c69b4138b4,,,,40.037611,-78.471917,18.947,1.453,2.04,12,2021,2021-01-15,2025-12-15
2021,USGS-400229075104601,26bb1f57b7a7476b9fdd6a2bb51a10f7,,,,40.041472,-75.179333,15.612,0,,12,2021,2021-01-15,2025-12-15
2022,USGS-400229075104601,26bb1f57b7a7476b9fdd6a2bb51a10f7,,,,40.041472,-75.179333,15.419,-0.193,-0.193,11,2021,2021-01-15,2025-12-15
2023,USGS-400229075104601,26bb1f57b7a7476b9fdd6a2bb51a10f7,,,,40.041472,-75.179333,15.482,-0.13,0.063,12,2021,2021-01-15,2025-12-15
2024,USGS-400229075104601,26bb1f57b7a7476b9fdd6a2bb51a10f7,,,,40.041472,-75.179333,15.589,-0.022,0.108,12,2021,2021-01-15,2025-12-15
2025,USGS-400229075104601,26bb1f57b7a7476b9fdd6a2bb51a10f7,,,,40.041472,-75.179333,16.135,0.523,0.546,12,2021,2021-01-15,2025-12-15
2021,USGS-400232074213201,94f5e9d879714dc0be854a103127d8d4,,,,40.043727,-74.35737,26.459,0,,12,2021,2021-01-15,2025-12-15
2022,USGS-400232074213201,94f5e9d879714dc0be854a103127d8d4,,,,40.043727,-74.35737,27.403,0.944,0.944,11,2021,2021-01-15,2025-12-15
2023,USGS-400232074213201,94f5e9d879714dc0be854a103127d8d4,,,,40.043727,-74.35737,27.197,0.738,-0.206,12,2021,2021-01-15,2025-12-15
2024,USGS-400232074213201,94f5e9d879714dc0be854a103127d8d4,,,,40.043727,-74.35737,26.596,0.137,-0.601,12,2021,2021-01-15,2025-12-15
2025,USGS-400232074213201,94f5e9d879714dc0be854a103127d8d4,,,,40.043727,-74.35737,28.12,1.661,1.524,12,2021,2021-01-15,2025-12-15
2021,USGS-400233080261301,a61f201feb304ebf97d3990ac7cd5beb,,,,40.0425,-80.436833,35.217,0,,12,2021,2021-01-15,2025-12-15
2022,USGS-400233080261301,a61f201feb304ebf97d3990ac7cd5beb,,,,40.0425,-80.436833,35.875,0.658,0.658,12,2021,2021-01-15,2025-12-15
2023,USGS-400233080261301,a61f201feb304ebf97d3990ac7cd5beb,,,,40.0425,-80.436833,36.185,0.969,0.31,11,2021,2021-01-15,2025-12-15
2024,USGS-400233080261301,a61f201feb304ebf97d3990ac7cd5beb,,,,40.0425,-80.436833,36.612,1.395,0.426,11,2021,2021-01-15,2025-12-15
2025,USGS-400233080261301,a61f201feb304ebf97d3990ac7cd5beb,,,,40.0425,-80.436833,36.976,1.759,0.364,12,2021,2021-01-15,2025-12-15
2021,USGS-400242074422301,3bbf1453994b4da6b9bf184e6f74fabb,,,,40.045278,-74.706389,96.656,0,,12,2021,2021-01-15,2025-12-15
2022,USGS-400242074422301,3bbf1453994b4da6b9bf184e6f74fabb,,,,40.045278,-74.706389,97.337,0.681,0.681,12,2021,2021-01-15,2025-12-15
2023,USGS-400242074422301,3bbf1453994b4da6b9bf184e6f74fabb,,,,40.045278,-74.706389,98.434,1.778,1.097,12,2021,2021-01-15,2025-12-15
2024,USGS-400242074422301,3bbf1453994b4da6b9bf184e6f74fabb,,,,40.045278,-74.706389,99.582,2.926,1.148,12,2021,2021-01-15,2025-12-15
2025,USGS-400242074422301,3bbf1453994b4da6b9bf184e6f74fabb,,,,40.045278,-74.706389,99.7,3.044,0.118,12,2021,2021-01-15,2025-12-15
2021,USGS-400245086482801,f8b292d6b86c4e9cb7f96403d90bea98,,,,40.045833,-86.807778,39.58,0,,11,2021,2021-01-15,2025-12-15
2022,USGS-400245086482801,f8b292d6b86c4e9cb7f96403d90bea98,,,,40.045833,-86.807778,37.683,-1.897,-1.897,12,2021,2021-01-15,2025-12-15
2023,USGS-400245086482801,f8b292d6b86c4e9cb7f96403d90bea98,,,,40.045833,-86.807778,42.86,3.28,5.177,12,2021,2021-01-15,2025-12-15
2024,USGS-400245086482801,f8b292d6b86c4e9cb7f96403d90bea98,,,,40.045833,-86.807778,43.817,4.237,0.958,12,2021,2021-01-15,2025-12-15
2025,USGS-400245086482801,f8b292d6b86c4e9cb7f96403d90bea98,,,,40.045833,-86.807778,44.044,4.464,0.227,12,2021,2021-01-15,2025-12-15
2021,USGS-400416074270101,6b7ca5b725414a63b4b6a3a9005d8f5d,,,,40.07067,-74.450151,71.576,0,,12,2021,2021-01-15,2025-12-15
2022,USGS-400416074270101,6b7ca5b725414a63b4b6a3a9005d8f5d,,,,40.07067,-74.450151,73.365,1.789,1.789,12,2021,2021-01-15,2025-12-15
2023,USGS-400416074270101,6b7ca5b725414a63b4b6a3a9005d8f5d,,,,40.07067,-74.450151,74.371,2.795,1.006,12,2021,2021-01-15,2025-12-15
2024,USGS-400416074270101,6b7ca5b725414a63b4b6a3a9005d8f5d,,,,40.07067,-74.450151,74.551,2.975,0.18,12,2021,2021-01-15,2025-12-15
2025,USGS-400416074270101,6b7ca5b725414a63b4b6a3a9005d8f5d,,,,40.07067,-74.450151,75.193,3.617,0.642,12,2021,2021-01-15,2025-12-15
2021,USGS-400416074270103,89938b8489de4b70b5e8e8636f55570e,,,,40.07067,-74.450151,24.712,0,,12,2021,2021-01-15,2025-12-15
2022,USGS-400416074270103,89938b8489de4b70b5e8e8636f55570e,,,,40.07067,-74.450151,25.563,0.85,0.85,12,2021,2021-01-15,2025-12-15
2023,USGS-400416074270103,89938b8489de4b70b5e8e8636f55570e,,,,40.07067,-74.450151,25.837,1.124,0.274,12,2021,2021-01-15,2025-12-15
2024,USGS-400416074270103,89938b8489de4b70b5e8e8636f55570e,,,,40.07067,-74.450151,25.809,1.097,-0.028,12,2021,2021-01-15,2025-12-15
2025,USGS-400416074270103,89938b8489de4b70b5e8e8636f55570e,,,,40.07067,-74.450151,26.471,1.758,0.662,12,2021,2021-01-15,2025-12-15
2021,USGS-400532086183901,1f50745525224eda8fba7bd603e5940d,,,,40.092254,-86.310806,50.444,0,,12,2021,2021-01-15,2025-12-15
2022,USGS-400532086183901,1f50745525224eda8fba7bd603e5940d,,,,40.092254,-86.310806,50.181,-0.263,-0.263,12,2021,2021-01-15,2025-12-15
2023,USGS-400532086183901,1f50745525224eda8fba7bd603e5940d,,,,40.092254,-86.310806,52.024,1.58,1.843,12,2021,2021-01-15,2025-12-15
2024,USGS-400532086183901,1f50745525224eda8fba7bd603e5940d,,,,40.092254,-86.310806,51.946,1.502,-0.078,12,2021,2021-01-15,2025-12-15
2025,USGS-400532086183901,1f50745525224eda8fba7bd603e5940d,,,,40.092254,-86.310806,52.119,1.675,0.173,12,2021,2021-01-15,2025-12-15
2021,USGS-400541085213701,3e295df6684e4657b5c6d5f544b99cf0,,,,40.094722,-85.358333,47.021,0,,12,2021,2021-01-15,2025-12-15
2022,USGS-400541085213701,3e295df6684e4657b5c6d5f544b99cf0,,,,40.094722,-85.358333,46.885,-0.136,-0.136,12,2021,2021-01-15,2025-12-15
2023,USGS-400541085213701,3e295df6684e4657b5c6d5f544b99cf0,,,,40.094722,-85.358333,47.357,0.336,0.472,12,2021,2021-01-15,2025-12-15
2024,USGS-400541085213701,3e295df6684e4657b5c6d5f544b99cf0,,,,40.094722,-85.358333,47.004,-0.017,-0.352,12,2021,2021-01-15,2025-12-15
2025,USGS-400541085213701,3e295df6684e4657b5c6d5f544b99cf0,,,,40.094722,-85.358333,47.087,0.066,0.083,10,2021,2021-01-15,2025-12-15
2021,USGS-400641085413701,06a00f39d61048ea80faae5a3dfaa545,,,,40.111333,-85.693778,16.416,0,,12,2021,2021-01-15,2025-12-15
2022,USGS-400641085413701,06a00f39d61048ea80faae5a3dfaa545,,,,40.111333,-85.693778,16.262,-0.153,-0.153,12,2021,2021-01-15,2025-12-15
2023,USGS-400641085413701,06a00f39d61048ea80faae5a3dfaa545,,,,40.111333,-85.693778,16.797,0.381,0.534,12,2021,2021-01-15,2025-12-15
2024,USGS-400641085413701,06a00f39d61048ea80faae5a3dfaa545,,,,40.111333,-85.693778,16.505,0.089,-0.292,12,2021,2021-01-15,2025-12-15
2025,USGS-400641085413701,06a00f39d61048ea80faae5a3dfaa545,,,,40.111333,-85.693778,16.242,-0.174,-0.263,12,2021,2021-01-15,2025-12-15
2021,USGS-400711074020201,b8345957f3ea4e82b70fe6bb9ff1bff9,,,,40.119837,-74.03347,65.821,0,,12,2021,2021-01-15,2025-12-15
2022,USGS-400711074020201,b8345957f3ea4e82b70fe6bb9ff1bff9,,,,40.119837,-74.03347,68.793,2.972,2.972,12,2021,2021-01-15,2025-12-15
2023,USGS-400711074020201,b8345957f3ea4e82b70fe6bb9ff1bff9,,,,40.119837,-74.03347,71.678,5.857,2.885,12,2021,2021-01-15,2025-12-15
2024,USGS-400711074020201,b8345957f3ea4e82b70fe6bb9ff1bff9,,,,40.119837,-74.03347,73.28,7.459,1.602,12,2021,2021-01-15,2025-12-15
2025,USGS-400711074020201,b8345957f3ea4e82b70fe6bb9ff1bff9,,,,40.119837,-74.03347,76.082,10.261,2.802,12,2021,2021-01-15,2025-12-15
2021,USGS-400808075210401,03da13ddd7624c25a9bf6c4b3e5b0db0,,,,40.136167,-75.350694,10.48,0,,12,2021,2021-01-15,2025-11-15
2022,USGS-400808075210401,03da13ddd7624c25a9bf6c4b3e5b0db0,,,,40.136167,-75.350694,11.707,1.227,1.227,11,2021,2021-01-15,2025-11-15
2023,USGS-400808075210401,03da13ddd7624c25a9bf6c4b3e5b0db0,,,,40.136167,-75.350694,12.795,2.315,1.088,12,2021,2021-01-15,2025-11-15
2024,USGS-400808075210401,03da13ddd7624c25a9bf6c4b3e5b0db0,,,,40.136167,-75.350694,13.702,3.222,0.907,12,2021,2021-01-15,2025-11-15
2025,USGS-400808075210401,03da13ddd7624c25a9bf6c4b3e5b0db0,,,,40.136167,-75.350694,15.248,4.767,1.546,8,2021,2021-01-15,2025-11-15
2021,USGS-400832074082101,7c60bdc9dee2454caa1d718ed5c4c906,,,,40.142892,-74.142363,135.873,0,,12,2021,2021-01-15,2025-12-15
2022,USGS-400832074082101,7c60bdc9dee2454caa1d718ed5c4c906,,,,40.142892,-74.142363,137.35,1.477,1.477,12,2021,2021-01-15,2025-12-15
2023,USGS-400832074082101,7c60bdc9dee2454caa1d718ed5c4c906,,,,40.142892,-74.142363,133.642,-2.232,-3.708,6,2021,2021-01-15,2025-12-15
2024,USGS-400832074082101,7c60bdc9dee2454caa1d718ed5c4c906,,,,40.142892,-74.142363,136.364,0.491,2.723,9,2021,2021-01-15,2025-12-15
2025,USGS-400832074082101,7c60bdc9dee2454caa1d718ed5c4c906,,,,40.142892,-74.142363,143.671,7.798,7.307,10,2021,2021-01-15,2025-12-15
2021,USGS-400916076492301,762e75f377b745758b0c80e5ea4e8823,,,,40.154972,-76.822917,20.247,0,,12,2021,2021-01-15,2025-12-15
2022,USGS-400916076492301,762e75f377b745758b0c80e5ea4e8823,,,,40.154972,-76.822917,20.832,0.586,0.586,12,2021,2021-01-15,2025-12-15
2023,USGS-400916076492301,762e75f377b745758b0c80e5ea4e8823,,,,40.154972,-76.822917,21.818,1.572,0.986,12,2021,2021-01-15,2025-12-15
2024,USGS-400916076492301,762e75f377b745758b0c80e5ea4e8823,,,,40.154972,-76.822917,22.115,1.868,0.297,12,2021,2021-01-15,2025-12-15
2025,USGS-400916076492301,762e75f377b745758b0c80e5ea4e8823,,,,40.154972,-76.822917,21.096,0.849,-1.019,12,2021,2021-01-15,2025-12-15
2021,USGS-401105074120201,ef4df5f138444f23bc58729959c31f0b,,,,40.184835,-74.200143,132.612,0,,12,2021,2021-01-15,2025-12-15
2022,USGS-401105074120201,ef4df5f138444f23bc58729959c31f0b,,,,40.184835,-74.200143,133.709,1.097,1.097,12,2021,2021-01-15,2025-12-15
2023,USGS-401105074120201,ef4df5f138444f23bc58729959c31f0b,,,,40.184835,-74.200143,134.491,1.878,0.782,12,2021,2021-01-15,2025-12-15
2024,USGS-401105074120201,ef4df5f138444f23bc58729959c31f0b,,,,40.184835,-74.200143,134.294,1.682,-0.197,12,2021,2021-01-15,2025-12-15
2025,USGS-401105074120201,ef4df5f138444f23bc58729959c31f0b,,,,40.184835,-74.200143,123.015,-9.597,-11.279,12,2021,2021-01-15,2025-12-15
2021,USGS-401105074120202,e147d261d4c745c1beecb64cbdaa5d2e,,,,40.184835,-74.200143,38.245,0,,12,2021,2021-01-15,2025-12-15
2022,USGS-401105074120202,e147d261d4c745c1beecb64cbdaa5d2e,,,,40.184835,-74.200143,39.122,0.877,0.877,12,2021,2021-01-15,2025-12-15
2023,USGS-401105074120202,e147d261d4c745c1beecb64cbdaa5d2e,,,,40.184835,-74.200143,38.668,0.423,-0.454,12,2021,2021-01-15,2025-12-15
2024,USGS-401105074120202,e147d261d4c745c1beecb64cbdaa5d2e,,,,40.184835,-74.200143,38.672,0.427,0.003,12,2021,2021-01-15,2025-12-15
2025,USGS-401105074120202,e147d261d4c745c1beecb64cbdaa5d2e,,,,40.184835,-74.200143,40.379,2.134,1.707,12,2021,2021-01-15,2025-12-15
2021,USGS-401105074120204,9dfb6aeb94684db6a9d25e42dbcf6c12,,,,40.184835,-74.200143,104.235,0,,12,2021,2021-01-15,2025-12-15
2022,USGS-401105074120204,9dfb6aeb94684db6a9d25e42dbcf6c12,,,,40.184835,-74.200143,105.24,1.005,1.005,12,2021,2021-01-15,2025-12-15
2023,USGS-401105074120204,9dfb6aeb94684db6a9d25e42dbcf6c12,,,,40.184835,-74.200143,104.03,-0.205,-1.21,9,2021,2021-01-15,2025-12-15
2024,USGS-401105074120204,9dfb6aeb94684db6a9d25e42dbcf6c12,,,,40.184835,-74.200143,103.997,-0.238,-0.033,7,2021,2021-01-15,2025-12-15
2025,USGS-401105074120204,9dfb6aeb94684db6a9d25e42dbcf6c12,,,,40.184835,-74.200143,109.469,5.234,5.472,8,2021,2021-01-15,2025-12-15
2021,USGS-401105074120205,7afd1b381f4141a4b16dca7e05a99638,,,,40.184835,-74.200143,133.082,0,,12,2021,2021-01-15,2025-12-15
2022,USGS-401105074120205,7afd1b381f4141a4b16dca7e05a99638,,,,40.184835,-74.200143,134.888,1.806,1.806,12,2021,2021-01-15,2025-12-15
2023,USGS-401105074120205,7afd1b381f4141a4b16dca7e05a99638,,,,40.184835,-74.200143,135.05,1.968,0.162,12,2021,2021-01-15,2025-12-15
2024,USGS-401105074120205,7afd1b381f4141a4b16dca7e05a99638,,,,40.184835,-74.200143,136.21,3.128,1.16,12,2021,2021-01-15,2025-12-15
2025,USGS-401105074120205,7afd1b381f4141a4b16dca7e05a99638,,,,40.184835,-74.200143,135.384,2.302,-0.826,12,2021,2021-01-15,2025-12-15
2021,USGS-401143086394501,c3f447fc6ca0458c8da3b48e70a1478c,,,,40.195278,-86.6625,2.383,0,,12,2021,2021-01-15,2025-02-15
2022,USGS-401143086394501,c3f447fc6ca0458c8da3b48e70a1478c,,,,40.195278,-86.6625,2.397,0.014,0.014,4,2021,2021-01-15,2025-02-15
2023,USGS-401143086394501,c3f447fc6ca0458c8da3b48e70a1478c,,,,40.195278,-86.6625,3.761,1.377,1.363,12,2021,2021-01-15,2025-02-15
2024,USGS-401143086394501,c3f447fc6ca0458c8da3b48e70a1478c,,,,40.195278,-86.6625,2.903,0.52,-0.857,12,2021,2021-01-15,2025-02-15
2025,USGS-401143086394501,c3f447fc6ca0458c8da3b48e70a1478c,,,,40.195278,-86.6625,5.565,3.182,2.662,2,2021,2021-01-15,2025-02-15
2021,USGS-401151086030201,5069670f216a480286547daa6bd497e0,,,,40.1975,-86.050556,19.287,0,,12,2021,2021-01-15,2025-01-15
2022,USGS-401151086030201,5069670f216a480286547daa6bd497e0,,,,40.1975,-86.050556,21.41,2.123,2.123,12,2021,2021-01-15,2025-01-15
2023,USGS-401151086030201,5069670f216a480286547daa6bd497e0,,,,40.1975,-86.050556,21.461,2.174,0.051,12,2021,2021-01-15,2025-01-15
2024,USGS-401151086030201,5069670f216a480286547daa6bd497e0,,,,40.1975,-86.050556,22.032,2.745,0.571,12,2021,2021-01-15,2025-01-15
2025,USGS-401151086030201,5069670f216a480286547daa6bd497e0,,,,40.1975,-86.050556,19.74,0.453,-2.292,1,2021,2021-01-15,2025-01-15
2021,USGS-401157075032001,420e477d76364ce4918f431f7e7c02aa,,,,40.199139,-75.050333,30.179,0,,12,2021,2021-01-15,2025-12-15
2022,USGS-401157075032001,420e477d76364ce4918f431f7e7c02aa,,,,40.199139,-75.050333,31.699,1.52,1.52,12,2021,2021-01-15,2025-12-15
2023,USGS-401157075032001,420e477d76364ce4918f431f7e7c02aa,,,,40.199139,-75.050333,31.022,0.843,-0.677,12,2021,2021-01-15,2025-12-15
2024,USGS-401157075032001,420e477d76364ce4918f431f7e7c02aa,,,,40.199139,-75.050333,33.248,3.069,2.226,12,2021,2021-01-15,2025-12-15
2025,USGS-401157075032001,420e477d76364ce4918f431f7e7c02aa,,,,40.199139,-75.050333,35.819,5.64,2.571,12,2021,2021-01-15,2025-12-15
2021,USGS-401229074290001,f4df6537a6b84b1d86e15a930619d19d,,,,40.208167,-74.48293,8.579,0,,12,2021,2021-01-15,2025-12-15
2022,USGS-401229074290001,f4df6537a6b84b1d86e15a930619d19d,,,,40.208167,-74.48293,9.411,0.832,0.832,12,2021,2021-01-15,2025-12-15
2023,USGS-401229074290001,f4df6537a6b84b1d86e15a930619d19d,,,,40.208167,-74.48293,10.278,1.699,0.867,12,2021,2021-01-15,2025-12-15
2024,USGS-401229074290001,f4df6537a6b84b1d86e15a930619d19d,,,,40.208167,-74.48293,7.311,-1.268,-2.968,12,2021,2021-01-15,2025-12-15
2025,USGS-401229074290001,f4df6537a6b84b1d86e15a930619d19d,,,,40.208167,-74.48293,11.555,2.976,4.244,12,2021,2021-01-15,2025-12-15
2021,USGS-401308085394101,385fe52c09d94610bf5e60d60b973216,,,,40.218889,-85.661389,1.137,0,,12,2021,2021-01-15,2025-12-15
2022,USGS-401308085394101,385fe52c09d94610bf5e60d60b973216,,,,40.218889,-85.661389,0.373,-0.764,-0.764,11,2021,2021-01-15,2025-12-15
2023,USGS-401308085394101,385fe52c09d94610bf5e60d60b973216,,,,40.218889,-85.661389,2.603,1.466,2.23,12,2021,2021-01-15,2025-12-15
2024,USGS-401308085394101,385fe52c09d94610bf5e60d60b973216,,,,40.218889,-85.661389,3.011,1.874,0.408,12,2021,2021-01-15,2025-12-15
2025,USGS-401308085394101,385fe52c09d94610bf5e60d60b973216,,,,40.218889,-85.661389,1.973,0.837,-1.038,12,2021,2021-01-15,2025-12-15
2021,USGS-401528119470501,0d2e574a88d547169a9701fe088119cc,,,,40.255339,-119.785856,252.895,0,,12,2021,2021-01-15,2025-12-15
2022,USGS-401528119470501,0d2e574a88d547169a9701fe088119cc,,,,40.255339,-119.785856,252.941,0.046,0.046,12,2021,2021-01-15,2025-12-15
2023,USGS-401528119470501,0d2e574a88d547169a9701fe088119cc,,,,40.255339,-119.785856,253.009,0.114,0.068,12,2021,2021-01-15,2025-12-15
2024,USGS-401528119470501,0d2e574a88d547169a9701fe088119cc,,,,40.255339,-119.785856,253.066,0.171,0.057,12,2021,2021-01-15,2025-12-15
2025,USGS-401528119470501,0d2e574a88d547169a9701fe088119cc,,,,40.255339,-119.785856,253.08,0.185,0.014,7,2021,2021-01-15,2025-12-15
2021,USGS-401532085085301,0445774d628d4acdb00e3d2c001643c7,,,,40.258932,-85.148025,11.477,0,,12,2021,2021-01-15,2025-12-15
2022,USGS-401532085085301,0445774d628d4acdb00e3d2c001643c7,,,,40.258932,-85.148025,11.967,0.489,0.489,12,2021,2021-01-15,2025-12-15
2023,USGS-401532085085301,0445774d628d4acdb00e3d2c001643c7,,,,40.258932,-85.148025,12.538,1.061,0.572,12,2021,2021-01-15,2025-12-15
2024,USGS-401532085085301,0445774d628d4acdb00e3d2c001643c7,,,,40.258932,-85.148025,13.089,1.612,0.551,12,2021,2021-01-15,2025-12-15
2025,USGS-401532085085301,0445774d628d4acdb00e3d2c001643c7,,,,40.258932,-85.148025,12.35,0.873,-0.739,12,2021,2021-01-15,2025-12-15
2021,USGS-401542074053001,c18e04508575497aa9ee89198deefbb5,,,,40.261778,-74.091251,125.069,0,,12,2021,2021-01-15,2025-12-15
2022,USGS-401542074053001,c18e04508575497aa9ee89198deefbb5,,,,40.261778,-74.091251,125.658,0.589,0.589,12,2021,2021-01-15,2025-12-15
2023,USGS-401542074053001,c18e04508575497aa9ee89198deefbb5,,,,40.261778,-74.091251,127.252,2.182,1.593,12,2021,2021-01-15,2025-12-15
2024,USGS-401542074053001,c18e04508575497aa9ee89198deefbb5,,,,40.261778,-74.091251,127.617,2.547,0.365,12,2021,2021-01-15,2025-12-15
2025,USGS-401542074053001,c18e04508575497aa9ee89198deefbb5,,,,40.261778,-74.091251,130.564,5.495,2.947,12,2021,2021-01-15,2025-12-15
2021,USGS-401552074501801,0610c183cfcf41578617248300a84242,,,,40.26483,-74.836275,15.425,0,,12,2021,2021-01-15,2025-12-15
2022,USGS-401552074501801,0610c183cfcf41578617248300a84242,,,,40.26483,-74.836275,15.268,-0.158,-0.158,12,2021,2021-01-15,2025-12-15
2023,USGS-401552074501801,0610c183cfcf41578617248300a84242,,,,40.26483,-74.836275,15.675,0.25,0.407,12,2021,2021-01-15,2025-12-15
2024,USGS-401552074501801,0610c183cfcf41578617248300a84242,,,,40.26483,-74.836275,16.359,0.934,0.684,12,2021,2021-01-15,2025-12-15
2025,USGS-401552074501801,0610c183cfcf41578617248300a84242,,,,40.26483,-74.836275,17.172,1.747,0.812,12,2021,2021-01-15,2025-12-15
2021,USGS-401637076071501,9898ba56a16545f3acfca029dcca7d3e,,,,40.277028,-76.120667,10.472,0,,12,2021,2021-01-15,2025-12-15
2022,USGS-401637076071501,9898ba56a16545f3acfca029dcca7d3e,,,,40.277028,-76.120667,10.832,0.36,0.36,12,2021,2021-01-15,2025-12-15
2023,USGS-401637076071501,9898ba56a16545f3acfca029dcca7d3e,,,,40.277028,-76.120667,10.831,0.359,-0.001,12,2021,2021-01-15,2025-12-15
2024,USGS-401637076071501,9898ba56a16545f3acfca029dcca7d3e,,,,40.277028,-76.120667,11.475,1.003,0.644,12,2021,2021-01-15,2025-12-15
2025,USGS-401637076071501,9898ba56a16545f3acfca029dcca7d3e,,,,40.277028,-76.120667,10.983,0.511,-0.492,12,2021,2021-01-15,2025-12-15
2021,USGS-401733075171401,0deda28e027046f8abab6cd0e297f155,,,,40.292722,-75.286667,7.477,0,,12,2021,2021-01-15,2025-12-15
2022,USGS-401733075171401,0deda28e027046f8abab6cd0e297f155,,,,40.292722,-75.286667,7.468,-0.008,-0.008,12,2021,2021-01-15,2025-12-15
2023,USGS-401733075171401,0deda28e027046f8abab6cd0e297f155,,,,40.292722,-75.286667,7.824,0.348,0.356,12,2021,2021-01-15,2025-12-15
2024,USGS-401733075171401,0deda28e027046f8abab6cd0e297f155,,,,40.292722,-75.286667,8.273,0.796,0.448,12,2021,2021-01-15,2025-12-15
2025,USGS-401733075171401,0deda28e027046f8abab6cd0e297f155,,,,40.292722,-75.286667,8.378,0.902,0.106,12,2021,2021-01-15,2025-12-15
2021,USGS-401753074483501,4cc7db0fb20f4303abfcbfe9349af4e2,,,,40.298163,-74.80933,13.809,0,,12,2021,2021-01-15,2025-12-15
2022,USGS-401753074483501,4cc7db0fb20f4303abfcbfe9349af4e2,,,,40.298163,-74.80933,13.878,0.069,0.069,12,2021,2021-01-15,2025-12-15
2023,USGS-401753074483501,4cc7db0fb20f4303abfcbfe9349af4e2,,,,40.298163,-74.80933,14.029,0.22,0.151,12,2021,2021-01-15,2025-12-15
2024,USGS-401753074483501,4cc7db0fb20f4303abfcbfe9349af4e2,,,,40.298163,-74.80933,16.394,2.585,2.365,12,2021,2021-01-15,2025-12-15
2025,USGS-401753074483501,4cc7db0fb20f4303abfcbfe9349af4e2,,,,40.298163,-74.80933,18.233,4.424,1.839,12,2021,2021-01-15,2025-12-15
2021,USGS-401804074432601,2081d641e816462f9a90b97ce75a38fe,,,,40.301219,-74.723494,29.656,0,,12,2021,2021-01-15,2025-12-15
2022,USGS-401804074432601,2081d641e816462f9a90b97ce75a38fe,,,,40.301219,-74.723494,30.311,0.655,0.655,12,2021,2021-01-15,2025-12-15
2023,USGS-401804074432601,2081d641e816462f9a90b97ce75a38fe,,,,40.301219,-74.723494,30.38,0.724,0.069,12,2021,2021-01-15,2025-12-15
2024,USGS-401804074432601,2081d641e816462f9a90b97ce75a38fe,,,,40.301219,-74.723494,30.395,0.739,0.015,12,2021,2021-01-15,2025-12-15
2025,USGS-401804074432601,2081d641e816462f9a90b97ce75a38fe,,,,40.301219,-74.723494,31.775,2.119,1.38,12,2021,2021-01-15,2025-12-15
2021,USGS-401834074515501,631cd2c332744033955589a09efa9f58,,,,40.310385,-74.853775,63.812,0,,12,2021,2021-01-15,2025-12-15
2022,USGS-401834074515501,631cd2c332744033955589a09efa9f58,,,,40.310385,-74.853775,65.943,2.131,2.131,10,2021,2021-01-15,2025-12-15
2023,USGS-401834074515501,631cd2c332744033955589a09efa9f58,,,,40.310385,-74.853775,63.642,-0.17,-2.301,12,2021,2021-01-15,2025-12-15
2024,USGS-401834074515501,631cd2c332744033955589a09efa9f58,,,,40.310385,-74.853775,70.637,6.825,6.995,12,2021,2021-01-15,2025-12-15
2025,USGS-401834074515501,631cd2c332744033955589a09efa9f58,,,,40.310385,-74.853775,72.068,8.257,1.432,12,2021,2021-01-15,2025-12-15
2021,USGS-401843078075401,183e722b2ca54b81b4d5aff5fc13a08b,,,,40.312306,-78.13125,53.238,0,,12,2021,2021-01-15,2025-12-15
2022,USGS-401843078075401,183e722b2ca54b81b4d5aff5fc13a08b,,,,40.312306,-78.13125,53.542,0.303,0.303,12,2021,2021-01-15,2025-12-15
2023,USGS-401843078075401,183e722b2ca54b81b4d5aff5fc13a08b,,,,40.312306,-78.13125,54.395,1.157,0.853,12,2021,2021-01-15,2025-12-15
2024,USGS-401843078075401,183e722b2ca54b81b4d5aff5fc13a08b,,,,40.312306,-78.13125,53.496,0.258,-0.899,12,2021,2021-01-15,2025-12-15
2025,USGS-401843078075401,183e722b2ca54b81b4d5aff5fc13a08b,,,,40.312306,-78.13125,53.615,0.377,0.119,12,2021,2021-01-15,2025-12-15
2021,USGS-401906074151401,7b4d1af583bd491cb54ef7b4faeb24bb,,,,40.321776,-74.257646,35.051,0,,12,2021,2021-01-15,2025-12-15
2022,USGS-401906074151401,7b4d1af583bd491cb54ef7b4faeb24bb,,,,40.321776,-74.257646,35.59,0.539,0.539,12,2021,2021-01-15,2025-12-15
2023,USGS-401906074151401,7b4d1af583bd491cb54ef7b4faeb24bb,,,,40.321776,-74.257646,36.155,1.104,0.565,12,2021,2021-01-15,2025-12-15
2024,USGS-401906074151401,7b4d1af583bd491cb54ef7b4faeb24bb,,,,40.321776,-74.257646,41.167,6.117,5.012,12,2021,2021-01-15,2025-12-15
2025,USGS-401906074151401,7b4d1af583bd491cb54ef7b4faeb24bb,,,,40.321776,-74.257646,41.717,6.666,0.549,12,2021,2021-01-15,2025-12-15
2021,USGS-401934074485901,17b0984481054b278942e1d08a98dc03,,,,40.326111,-74.816389,79.844,0,,12,2021,2021-01-15,2025-12-15
2022,USGS-401934074485901,17b0984481054b278942e1d08a98dc03,,,,40.326111,-74.816389,80.73,0.886,0.886,12,2021,2021-01-15,2025-12-15
2023,USGS-401934074485901,17b0984481054b278942e1d08a98dc03,,,,40.326111,-74.816389,79.09,-0.754,-1.64,12,2021,2021-01-15,2025-12-15
2024,USGS-401934074485901,17b0984481054b278942e1d08a98dc03,,,,40.326111,-74.816389,82.433,2.589,3.343,12,2021,2021-01-15,2025-12-15
2025,USGS-401934074485901,17b0984481054b278942e1d08a98dc03,,,,40.326111,-74.816389,86.8,6.956,4.367,12,2021,2021-01-15,2025-12-15
2021,USGS-402109074301301,026eca3a69144d40aa123ec750388a85,,,,40.352608,-74.503209,34.619,0,,11,2021,2021-01-15,2025-12-15
2022,USGS-402109074301301,026eca3a69144d40aa123ec750388a85,,,,40.352608,-74.503209,34.751,0.132,0.132,12,2021,2021-01-15,2025-12-15
2023,USGS-402109074301301,026eca3a69144d40aa123ec750388a85,,,,40.352608,-74.503209,36.902,2.283,2.151,12,2021,2021-01-15,2025-12-15
2024,USGS-402109074301301,026eca3a69144d40aa123ec750388a85,,,,40.352608,-74.503209,35.025,0.406,-1.877,12,2021,2021-01-15,2025-12-15
2025,USGS-402109074301301,026eca3a69144d40aa123ec750388a85,,,,40.352608,-74.503209,37.305,2.686,2.28,10,2021,2021-01-15,2025-12-15
2021,USGS-402109074301302,1b85e8e4d24246e08f04f0b8d970bfc9,,,,40.352608,-74.502931,29.563,0,,12,2021,2021-01-15,2025-12-15
2022,USGS-402109074301302,1b85e8e4d24246e08f04f0b8d970bfc9,,,,40.352608,-74.502931,30.442,0.879,0.879,12,2021,2021-01-15,2025-12-15
2023,USGS-402109074301302,1b85e8e4d24246e08f04f0b8d970bfc9,,,,40.352608,-74.502931,32.258,2.696,1.817,12,2021,2021-01-15,2025-12-15
2024,USGS-402109074301302,1b85e8e4d24246e08f04f0b8d970bfc9,,,,40.352608,-74.502931,30.555,0.992,-1.703,12,2021,2021-01-15,2025-12-15
2025,USGS-402109074301302,1b85e8e4d24246e08f04f0b8d970bfc9,,,,40.352608,-74.502931,32.927,3.365,2.372,12,2021,2021-01-15,2025-12-15
2021,USGS-402138074435801,9c443fad767e4ad9a2cb7c2123f2d843,,,,40.360662,-74.732383,10.74,0,,12,2021,2021-01-15,2025-12-15
2022,USGS-402138074435801,9c443fad767e4ad9a2cb7c2123f2d843,,,,40.360662,-74.732383,11.112,0.372,0.372,12,2021,2021-01-15,2025-12-15
2023,USGS-402138074435801,9c443fad767e4ad9a2cb7c2123f2d843,,,,40.360662,-74.732383,11.226,0.486,0.113,12,2021,2021-01-15,2025-12-15
2024,USGS-402138074435801,9c443fad767e4ad9a2cb7c2123f2d843,,,,40.360662,-74.732383,12.127,1.387,0.902,12,2021,2021-01-15,2025-12-15
2025,USGS-402138074435801,9c443fad767e4ad9a2cb7c2123f2d843,,,,40.360662,-74.732383,12.874,2.134,0.747,12,2021,2021-01-15,2025-12-15
2021,USGS-402138079031802,654cc84a305649d1b2de49dfb601c263,,,,40.360472,-79.055833,16.128,0,,12,2021,2021-01-15,2025-12-15
2022,USGS-402138079031802,654cc84a305649d1b2de49dfb601c263,,,,40.360472,-79.055833,15.806,-0.322,-0.322,12,2021,2021-01-15,2025-12-15
2023,USGS-402138079031802,654cc84a305649d1b2de49dfb601c263,,,,40.360472,-79.055833,16.045,-0.083,0.239,12,2021,2021-01-15,2025-12-15
2024,USGS-402138079031802,654cc84a305649d1b2de49dfb601c263,,,,40.360472,-79.055833,16.418,0.29,0.373,12,2021,2021-01-15,2025-12-15
2025,USGS-402138079031802,654cc84a305649d1b2de49dfb601c263,,,,40.360472,-79.055833,16.424,0.296,0.006,11,2021,2021-01-15,2025-12-15
2021,USGS-402143074185201,d0abdebf652540eba03e0953e058d821,,,,40.362053,-74.313203,3.089,0,,12,2021,2021-01-15,2025-12-15
2022,USGS-402143074185201,d0abdebf652540eba03e0953e058d821,,,,40.362053,-74.313203,4.715,1.626,1.626,12,2021,2021-01-15,2025-12-15
2023,USGS-402143074185201,d0abdebf652540eba03e0953e058d821,,,,40.362053,-74.313203,3.266,0.177,-1.449,12,2021,2021-01-15,2025-12-15
2024,USGS-402143074185201,d0abdebf652540eba03e0953e058d821,,,,40.362053,-74.313203,3.976,0.887,0.71,12,2021,2021-01-15,2025-12-15
2025,USGS-402143074185201,d0abdebf652540eba03e0953e058d821,,,,40.362053,-74.313203,4.029,0.94,0.053,12,2021,2021-01-15,2025-12-15
2021,USGS-402151074525301,70435f09f7394fb9abc2eb586a774440,,,,40.364273,-74.880999,2.233,0,,12,2021,2021-01-15,2025-12-15
2022,USGS-402151074525301,70435f09f7394fb9abc2eb586a774440,,,,40.364273,-74.880999,3.256,1.023,1.023,11,2021,2021-01-15,2025-12-15
2023,USGS-402151074525301,70435f09f7394fb9abc2eb586a774440,,,,40.364273,-74.880999,2.585,0.352,-0.671,12,2021,2021-01-15,2025-12-15
2024,USGS-402151074525301,70435f09f7394fb9abc2eb586a774440,,,,40.364273,-74.880999,5.464,3.231,2.879,12,2021,2021-01-15,2025-12-15
2025,USGS-402151074525301,70435f09f7394fb9abc2eb586a774440,,,,40.364273,-74.880999,6.947,4.714,1.483,12,2021,2021-01-15,2025-12-15
2021,USGS-402207076180801,6c39499ae2174e109f52620ab3bf68a7,,,,40.36875,-76.301722,8.704,0,,12,2021,2021-01-15,2025-12-15
2022,USGS-402207076180801,6c39499ae2174e109f52620ab3bf68a7,,,,40.36875,-76.301722,9.613,0.909,0.909,12,2021,2021-01-15,2025-12-15
2023,USGS-402207076180801,6c39499ae2174e109f52620ab3bf68a7,,,,40.36875,-76.301722,9.71,1.006,0.097,12,2021,2021-01-15,2025-12-15
2024,USGS-402207076180801,6c39499ae2174e109f52620ab3bf68a7,,,,40.36875,-76.301722,8.953,0.249,-0.757,12,2021,2021-01-15,2025-12-15
2025,USGS-402207076180801,6c39499ae2174e109f52620ab3bf68a7,,,,40.36875,-76.301722,9.722,1.018,0.768,12,2021,2021-01-15,2025-12-15
2021,USGS-402208074145201,0f85f07d9a934fd2b3d1de74b3ae2f02,,,,40.368998,-74.247367,131.635,0,,12,2021,2021-01-15,2025-12-15
2022,USGS-402208074145201,0f85f07d9a934fd2b3d1de74b3ae2f02,,,,40.368998,-74.247367,135.286,3.651,3.651,12,2021,2021-01-15,2025-12-15
2023,USGS-402208074145201,0f85f07d9a934fd2b3d1de74b3ae2f02,,,,40.368998,-74.247367,136.067,4.432,0.781,12,2021,2021-01-15,2025-12-15
2024,USGS-402208074145201,0f85f07d9a934fd2b3d1de74b3ae2f02,,,,40.368998,-74.247367,133.733,2.097,-2.334,12,2021,2021-01-15,2025-12-15
2025,USGS-402208074145201,0f85f07d9a934fd2b3d1de74b3ae2f02,,,,40.368998,-74.247367,135.761,4.126,2.028,12,2021,2021-01-15,2025-12-15
2021,USGS-402255076422001,c6444175de924ca0be4c76b34b5a13ec,,,,40.382,-76.70575,10.453,0,,12,2021,2021-01-15,2025-12-15
2022,USGS-402255076422001,c6444175de924ca0be4c76b34b5a13ec,,,,40.382,-76.70575,11.03,0.577,0.577,12,2021,2021-01-15,2025-12-15
2023,USGS-402255076422001,c6444175de924ca0be4c76b34b5a13ec,,,,40.382,-76.70575,11.742,1.289,0.712,12,2021,2021-01-15,2025-12-15
2024,USGS-402255076422001,c6444175de924ca0be4c76b34b5a13ec,,,,40.382,-76.70575,11.65,1.197,-0.092,12,2021,2021-01-15,2025-12-15
2025,USGS-402255076422001,c6444175de924ca0be4c76b34b5a13ec,,,,40.382,-76.70575,11.322,0.869,-0.327,12,2021,2021-01-15,2025-12-15
2021,USGS-402322085481901,08639883318c44538660c6b5757019d5,,,,40.389483,-85.805258,4.163,0,,12,2021,2021-01-15,2025-12-15
2022,USGS-402322085481901,08639883318c44538660c6b5757019d5,,,,40.389483,-85.805258,5.826,1.662,1.662,12,2021,2021-01-15,2025-12-15
2023,USGS-402322085481901,08639883318c44538660c6b5757019d5,,,,40.389483,-85.805258,5.957,1.793,0.131,12,2021,2021-01-15,2025-12-15
2024,USGS-402322085481901,08639883318c44538660c6b5757019d5,,,,40.389483,-85.805258,5.514,1.351,-0.442,12,2021,2021-01-15,2025-12-15
2025,USGS-402322085481901,08639883318c44538660c6b5757019d5,,,,40.389483,-85.805258,6.192,2.028,0.678,12,2021,2021-01-15,2025-12-15
2021,USGS-402350073583901,c833eb63539644abb85a12e104be958d,,,,40.397331,-73.977082,7.637,0,,12,2021,2021-01-15,2025-12-15
2022,USGS-402350073583901,c833eb63539644abb85a12e104be958d,,,,40.397331,-73.977082,7.721,0.084,0.084,12,2021,2021-01-15,2025-12-15
2023,USGS-402350073583901,c833eb63539644abb85a12e104be958d,,,,40.397331,-73.977082,7.512,-0.124,-0.208,12,2021,2021-01-15,2025-12-15
2024,USGS-402350073583901,c833eb63539644abb85a12e104be958d,,,,40.397331,-73.977082,7.623,-0.014,0.11,12,2021,2021-01-15,2025-12-15
2025,USGS-402350073583901,c833eb63539644abb85a12e104be958d,,,,40.397331,-73.977082,7.643,0.006,0.02,12,2021,2021-01-15,2025-12-15
2021,USGS-402411077374801,1ee2ca1e2a0543aab90b63057c88e40b,,,,40.403028,-77.629889,13.255,0,,11,2021,2021-01-15,2025-12-15
2022,USGS-402411077374801,1ee2ca1e2a0543aab90b63057c88e40b,,,,40.403028,-77.629889,13.405,0.15,0.15,12,2021,2021-01-15,2025-12-15
2023,USGS-402411077374801,1ee2ca1e2a0543aab90b63057c88e40b,,,,40.403028,-77.629889,13.634,0.379,0.229,12,2021,2021-01-15,2025-12-15
2024,USGS-402411077374801,1ee2ca1e2a0543aab90b63057c88e40b,,,,40.403028,-77.629889,13.238,-0.017,-0.396,12,2021,2021-01-15,2025-12-15
2025,USGS-402411077374801,1ee2ca1e2a0543aab90b63057c88e40b,,,,40.403028,-77.629889,13.614,0.359,0.376,12,2021,2021-01-15,2025-12-15
2021,USGS-402426074001901,d512eb5c628a448aa3af3460abb589bd,,,,40.407331,-74.004861,224.348,0,,12,2021,2021-01-15,2025-12-15
2022,USGS-402426074001901,d512eb5c628a448aa3af3460abb589bd,,,,40.407331,-74.004861,224.537,0.188,0.188,12,2021,2021-01-15,2025-12-15
2023,USGS-402426074001901,d512eb5c628a448aa3af3460abb589bd,,,,40.407331,-74.004861,224.338,-0.01,-0.198,12,2021,2021-01-15,2025-12-15
2024,USGS-402426074001901,d512eb5c628a448aa3af3460abb589bd,,,,40.407331,-74.004861,224.663,0.315,0.325,10,2021,2021-01-15,2025-12-15
2025,USGS-402426074001901,d512eb5c628a448aa3af3460abb589bd,,,,40.407331,-74.004861,223.946,-0.403,-0.717,12,2021,2021-01-15,2025-12-15
2021,USGS-402452078271301,e5d43c1ca8374f178cddfe8a8d62b1e4,,,,40.4145,-78.453389,10.202,0,,12,2021,2021-01-15,2025-12-15
2022,USGS-402452078271301,e5d43c1ca8374f178cddfe8a8d62b1e4,,,,40.4145,-78.453389,10.555,0.353,0.353,12,2021,2021-01-15,2025-12-15
2023,USGS-402452078271301,e5d43c1ca8374f178cddfe8a8d62b1e4,,,,40.4145,-78.453389,12.046,1.844,1.491,12,2021,2021-01-15,2025-12-15
2024,USGS-402452078271301,e5d43c1ca8374f178cddfe8a8d62b1e4,,,,40.4145,-78.453389,12.147,1.946,0.102,12,2021,2021-01-15,2025-12-15
2025,USGS-402452078271301,e5d43c1ca8374f178cddfe8a8d62b1e4,,,,40.4145,-78.453389,12.613,2.412,0.466,12,2021,2021-01-15,2025-12-15
2021,USGS-402512074414301,46efa29da6c74dc38bc47f0b40ac4306,,,,40.420106,-74.694882,19.361,0,,12,2021,2021-01-15,2025-12-15
2022,USGS-402512074414301,46efa29da6c74dc38bc47f0b40ac4306,,,,40.420106,-74.694882,19.478,0.118,0.118,12,2021,2021-01-15,2025-12-15
2023,USGS-402512074414301,46efa29da6c74dc38bc47f0b40ac4306,,,,40.420106,-74.694882,18.323,-1.038,-1.156,12,2021,2021-01-15,2025-12-15
2024,USGS-402512074414301,46efa29da6c74dc38bc47f0b40ac4306,,,,40.420106,-74.694882,21.934,2.573,3.612,12,2021,2021-01-15,2025-12-15
2025,USGS-402512074414301,46efa29da6c74dc38bc47f0b40ac4306,,,,40.420106,-74.694882,21.16,1.799,-0.774,12,2021,2021-01-15,2025-12-15
2021,USGS-402553074271701,233eac59b46b48bfa818ce040c5bdf57,,,,40.43205,-74.454874,15.309,0,,12,2021,2021-01-15,2025-12-15
2022,USGS-402553074271701,233eac59b46b48bfa818ce040c5bdf57,,,,40.43205,-74.454874,15.688,0.378,0.378,12,2021,2021-01-15,2025-12-15
2023,USGS-402553074271701,233eac59b46b48bfa818ce040c5bdf57,,,,40.43205,-74.454874,16.126,0.817,0.439,11,2021,2021-01-15,2025-12-15
2024,USGS-402553074271701,233eac59b46b48bfa818ce040c5bdf57,,,,40.43205,-74.454874,14.903,-0.406,-1.223,12,2021,2021-01-15,2025-12-15
2025,USGS-402553074271701,233eac59b46b48bfa818ce040c5bdf57,,,,40.43205,-74.454874,17.86,2.551,2.957,12,2021,2021-01-15,2025-12-15
2021,USGS-402615075530501,69d682703ff84625b541c5c67fccf7f3,,,,40.437472,-75.88425,131.056,0,,12,2021,2021-01-15,2025-12-15
2022,USGS-402615075530501,69d682703ff84625b541c5c67fccf7f3,,,,40.437472,-75.88425,133.9,2.844,2.844,12,2021,2021-01-15,2025-12-15
2023,USGS-402615075530501,69d682703ff84625b541c5c67fccf7f3,,,,40.437472,-75.88425,135.037,3.982,1.137,12,2021,2021-01-15,2025-12-15
2024,USGS-402615075530501,69d682703ff84625b541c5c67fccf7f3,,,,40.437472,-75.88425,127.959,-3.097,-7.078,11,2021,2021-01-15,2025-12-15
2025,USGS-402615075530501,69d682703ff84625b541c5c67fccf7f3,,,,40.437472,-75.88425,136.61,5.554,8.651,12,2021,2021-01-15,2025-12-15
2021,USGS-402643075150501,799cc0211d36446697089b81cf16f916,,,,40.445111,-75.250444,39.237,0,,12,2021,2021-01-15,2025-12-15
2022,USGS-402643075150501,799cc0211d36446697089b81cf16f916,,,,40.445111,-75.250444,39.979,0.742,0.742,12,2021,2021-01-15,2025-12-15
2023,USGS-402643075150501,799cc0211d36446697089b81cf16f916,,,,40.445111,-75.250444,40.617,1.381,0.638,12,2021,2021-01-15,2025-12-15
2024,USGS-402643075150501,799cc0211d36446697089b81cf16f916,,,,40.445111,-75.250444,40.933,1.696,0.315,11,2021,2021-01-15,2025-12-15
2025,USGS-402643075150501,799cc0211d36446697089b81cf16f916,,,,40.445111,-75.250444,42.608,3.371,1.675,12,2021,2021-01-15,2025-12-15
2021,USGS-402644074563601,b3908cbfce0940aebf3871206e35a9f5,,,,40.44566,-74.942945,12.434,0,,12,2021,2021-01-15,2025-12-15
2022,USGS-402644074563601,b3908cbfce0940aebf3871206e35a9f5,,,,40.44566,-74.942945,11.908,-0.526,-0.526,12,2021,2021-01-15,2025-12-15
2023,USGS-402644074563601,b3908cbfce0940aebf3871206e35a9f5,,,,40.44566,-74.942945,12.171,-0.263,0.263,12,2021,2021-01-15,2025-12-15
2024,USGS-402644074563601,b3908cbfce0940aebf3871206e35a9f5,,,,40.44566,-74.942945,12.374,-0.06,0.203,12,2021,2021-01-15,2025-12-15
2025,USGS-402644074563601,b3908cbfce0940aebf3871206e35a9f5,,,,40.44566,-74.942945,12.089,-0.345,-0.285,12,2021,2021-01-15,2025-12-15
2021,USGS-402734087033401,110f1ace0b5244fc900e67167a98bd19,,,,40.459479,-87.059457,116.254,0,,12,2021,2021-01-15,2025-02-15
2022,USGS-402734087033401,110f1ace0b5244fc900e67167a98bd19,,,,40.459479,-87.059457,116.434,0.18,0.18,12,2021,2021-01-15,2025-02-15
2023,USGS-402734087033401,110f1ace0b5244fc900e67167a98bd19,,,,40.459479,-87.059457,117.1,0.846,0.666,10,2021,2021-01-15,2025-02-15
2024,USGS-402734087033401,110f1ace0b5244fc900e67167a98bd19,,,,40.459479,-87.059457,117.803,1.549,0.703,12,2021,2021-01-15,2025-02-15
2025,USGS-402734087033401,110f1ace0b5244fc900e67167a98bd19,,,,40.459479,-87.059457,118.305,2.051,0.502,2,2021,2021-01-15,2025-02-15
2021,USGS-402734087033402,7bc7e62212454f63866bf760d446c19d,,,,40.459479,-87.059457,20.924,0,,11,2021,2021-01-15,2025-12-15
2022,USGS-402734087033402,7bc7e62212454f63866bf760d446c19d,,,,40.459479,-87.059457,20.683,-0.241,-0.241,12,2021,2021-01-15,2025-12-15
2023,USGS-402734087033402,7bc7e62212454f63866bf760d446c19d,,,,40.459479,-87.059457,21.931,1.007,1.248,12,2021,2021-01-15,2025-12-15
2024,USGS-402734087033402,7bc7e62212454f63866bf760d446c19d,,,,40.459479,-87.059457,22.238,1.315,0.307,12,2021,2021-01-15,2025-12-15
2025,USGS-402734087033402,7bc7e62212454f63866bf760d446c19d,,,,40.459479,-87.059457,22.56,1.636,0.322,12,2021,2021-01-15,2025-12-15
2021,USGS-402735077100901,60acd03e0a10401b853a06a5136ac7f0,,,,40.460444,-77.168694,12.146,0,,12,2021,2021-01-15,2025-12-15
2022,USGS-402735077100901,60acd03e0a10401b853a06a5136ac7f0,,,,40.460444,-77.168694,12.517,0.371,0.371,12,2021,2021-01-15,2025-12-15
2023,USGS-402735077100901,60acd03e0a10401b853a06a5136ac7f0,,,,40.460444,-77.168694,13.093,0.947,0.576,12,2021,2021-01-15,2025-12-15
2024,USGS-402735077100901,60acd03e0a10401b853a06a5136ac7f0,,,,40.460444,-77.168694,12.079,-0.067,-1.013,12,2021,2021-01-15,2025-12-15
2025,USGS-402735077100901,60acd03e0a10401b853a06a5136ac7f0,,,,40.460444,-77.168694,13.216,1.07,1.137,12,2021,2021-01-15,2025-12-15
2021,USGS-402750078452201,af4e9a473ee140ae8e0b0407eef4057c,,,,40.462583,-78.759056,7.597,0,,12,2021,2021-01-15,2025-12-15
2022,USGS-402750078452201,af4e9a473ee140ae8e0b0407eef4057c,,,,40.462583,-78.759056,7.567,-0.03,-0.03,12,2021,2021-01-15,2025-12-15
2023,USGS-402750078452201,af4e9a473ee140ae8e0b0407eef4057c,,,,40.462583,-78.759056,7.67,0.073,0.103,12,2021,2021-01-15,2025-12-15
2024,USGS-402750078452201,af4e9a473ee140ae8e0b0407eef4057c,,,,40.462583,-78.759056,7.81,0.213,0.14,12,2021,2021-01-15,2025-12-15
2025,USGS-402750078452201,af4e9a473ee140ae8e0b0407eef4057c,,,,40.462583,-78.759056,8.042,0.445,0.232,12,2021,2021-01-15,2025-12-15
2021,USGS-402848085340201,acb04880159744dcb5d50b0434f9a78f,,,,40.48,-85.567222,18.6,0,,12,2021,2021-01-15,2025-01-15
2022,USGS-402848085340201,acb04880159744dcb5d50b0434f9a78f,,,,40.48,-85.567222,18.176,-0.424,-0.424,12,2021,2021-01-15,2025-01-15
2023,USGS-402848085340201,acb04880159744dcb5d50b0434f9a78f,,,,40.48,-85.567222,19.675,1.075,1.499,8,2021,2021-01-15,2025-01-15
2024,USGS-402848085340201,acb04880159744dcb5d50b0434f9a78f,,,,40.48,-85.567222,19.676,1.076,0.001,9,2021,2021-01-15,2025-01-15
2025,USGS-402848085340201,acb04880159744dcb5d50b0434f9a78f,,,,40.48,-85.567222,19.83,1.23,0.154,1,2021,2021-01-15,2025-01-15
2021,USGS-402851087213501,147274cab2ee4bf8baa69829a2efbcf5,,,,40.480861,-87.35973,15.745,0,,12,2021,2021-01-15,2025-12-15
2022,USGS-402851087213501,147274cab2ee4bf8baa69829a2efbcf5,,,,40.480861,-87.35973,14.867,-0.878,-0.878,12,2021,2021-01-15,2025-12-15
2023,USGS-402851087213501,147274cab2ee4bf8baa69829a2efbcf5,,,,40.480861,-87.35973,15.758,0.013,0.891,5,2021,2021-01-15,2025-12-15
2024,USGS-402851087213501,147274cab2ee4bf8baa69829a2efbcf5,,,,40.480861,-87.35973,15.233,-0.512,-0.525,11,2021,2021-01-15,2025-12-15
2025,USGS-402851087213501,147274cab2ee4bf8baa69829a2efbcf5,,,,40.480861,-87.35973,16.214,0.469,0.981,12,2021,2021-01-15,2025-12-15
2021,USGS-403006080252301,433967e9f3754e67a3a574a0cc6efb9f,,,,40.5015,-80.422194,8.331,0,,12,2021,2021-01-15,2025-12-15
2022,USGS-403006080252301,433967e9f3754e67a3a574a0cc6efb9f,,,,40.5015,-80.422194,7.961,-0.37,-0.37,12,2021,2021-01-15,2025-12-15
2023,USGS-403006080252301,433967e9f3754e67a3a574a0cc6efb9f,,,,40.5015,-80.422194,8.081,-0.25,0.12,12,2021,2021-01-15,2025-12-15
2024,USGS-403006080252301,433967e9f3754e67a3a574a0cc6efb9f,,,,40.5015,-80.422194,8.233,-0.098,0.152,12,2021,2021-01-15,2025-12-15
2025,USGS-403006080252301,433967e9f3754e67a3a574a0cc6efb9f,,,,40.5015,-80.422194,8.382,0.051,0.148,12,2021,2021-01-15,2025-12-15
2021,USGS-403200074420601,7a14699ec93144858a532258aac329fb,,,,40.53325,-74.701806,7.528,0,,11,2021,2021-01-15,2025-12-15
2022,USGS-403200074420601,7a14699ec93144858a532258aac329fb,,,,40.53325,-74.701806,7.924,0.396,0.396,12,2021,2021-01-15,2025-12-15
2023,USGS-403200074420601,7a14699ec93144858a532258aac329fb,,,,40.53325,-74.701806,8.057,0.528,0.132,12,2021,2021-01-15,2025-12-15
2024,USGS-403200074420601,7a14699ec93144858a532258aac329fb,,,,40.53325,-74.701806,8.484,0.956,0.428,12,2021,2021-01-15,2025-12-15
2025,USGS-403200074420601,7a14699ec93144858a532258aac329fb,,,,40.53325,-74.701806,9.687,2.158,1.203,12,2021,2021-01-15,2025-12-15
2021,USGS-403226075343001,8c3e206cf8994e01abeec0e7ed30f774,,,,40.540652,-75.574631,5.477,0,,3,2021,2021-10-15,2025-12-15
2022,USGS-403226075343001,8c3e206cf8994e01abeec0e7ed30f774,,,,40.540652,-75.574631,5.414,-0.063,-0.063,12,2021,2021-10-15,2025-12-15
2023,USGS-403226075343001,8c3e206cf8994e01abeec0e7ed30f774,,,,40.540652,-75.574631,5.657,0.181,0.243,12,2021,2021-10-15,2025-12-15
2024,USGS-403226075343001,8c3e206cf8994e01abeec0e7ed30f774,,,,40.540652,-75.574631,4.617,-0.86,-1.041,12,2021,2021-10-15,2025-12-15
2025,USGS-403226075343001,8c3e206cf8994e01abeec0e7ed30f774,,,,40.540652,-75.574631,7.04,1.563,2.423,12,2021,2021-10-15,2025-12-15
2021,USGS-403300074202901,a7bff47f8e084edfbddefcdb81cef048,,,,40.550083,-74.3415,-0.322,0,,12,2021,2021-01-15,2025-12-15
2022,USGS-403300074202901,a7bff47f8e084edfbddefcdb81cef048,,,,40.550083,-74.3415,-0.2,0.122,0.122,12,2021,2021-01-15,2025-12-15
2023,USGS-403300074202901,a7bff47f8e084edfbddefcdb81cef048,,,,40.550083,-74.3415,-0.208,0.114,-0.008,12,2021,2021-01-15,2025-12-15
2024,USGS-403300074202901,a7bff47f8e084edfbddefcdb81cef048,,,,40.550083,-74.3415,-0.352,-0.029,-0.143,12,2021,2021-01-15,2025-12-15
2025,USGS-403300074202901,a7bff47f8e084edfbddefcdb81cef048,,,,40.550083,-74.3415,-0.188,0.135,0.164,12,2021,2021-01-15,2025-12-15
2021,USGS-403407086175701,de310b14774247539c055dae3dc7c457,,,,40.568637,-86.299139,8.039,0,,11,2021,2021-01-15,2025-12-15
2022,USGS-403407086175701,de310b14774247539c055dae3dc7c457,,,,40.568637,-86.299139,8.336,0.297,0.297,12,2021,2021-01-15,2025-12-15
2023,USGS-403407086175701,de310b14774247539c055dae3dc7c457,,,,40.568637,-86.299139,9.067,1.028,0.731,11,2021,2021-01-15,2025-12-15
2024,USGS-403407086175701,de310b14774247539c055dae3dc7c457,,,,40.568637,-86.299139,7.633,-0.407,-1.435,12,2021,2021-01-15,2025-12-15
2025,USGS-403407086175701,de310b14774247539c055dae3dc7c457,,,,40.568637,-86.299139,8.611,0.572,0.978,12,2021,2021-01-15,2025-12-15
2021,USGS-403429075392401,8c319caa0b634f4aaa9b1532ce439def,,,,40.575111,-75.656222,54.476,0,,12,2021,2021-01-15,2025-12-15
2022,USGS-403429075392401,8c319caa0b634f4aaa9b1532ce439def,,,,40.575111,-75.656222,60.228,5.753,5.753,12,2021,2021-01-15,2025-12-15
2023,USGS-403429075392401,8c319caa0b634f4aaa9b1532ce439def,,,,40.575111,-75.656222,62.189,7.713,1.961,12,2021,2021-01-15,2025-12-15
2024,USGS-403429075392401,8c319caa0b634f4aaa9b1532ce439def,,,,40.575111,-75.656222,53.458,-1.017,-8.731,12,2021,2021-01-15,2025-12-15
2025,USGS-403429075392401,8c319caa0b634f4aaa9b1532ce439def,,,,40.575111,-75.656222,69.071,14.595,15.613,12,2021,2021-01-15,2025-12-15
2021,USGS-403455074514801,cb909ed4872a4d99bd86789dd609b472,,,,40.577325,-74.860443,9.594,0,,12,2021,2021-01-15,2025-12-15
2022,USGS-403455074514801,cb909ed4872a4d99bd86789dd609b472,,,,40.577325,-74.860443,9.764,0.17,0.17,12,2021,2021-01-15,2025-12-15
2023,USGS-403455074514801,cb909ed4872a4d99bd86789dd609b472,,,,40.577325,-74.860443,9.737,0.143,-0.027,12,2021,2021-01-15,2025-12-15
2024,USGS-403455074514801,cb909ed4872a4d99bd86789dd609b472,,,,40.577325,-74.860443,9.529,-0.065,-0.207,12,2021,2021-01-15,2025-12-15
2025,USGS-403455074514801,cb909ed4872a4d99bd86789dd609b472,,,,40.577325,-74.860443,9.802,0.207,0.272,12,2021,2021-01-15,2025-12-15
2021,USGS-403517074452501,e2c92c6d4b2d47f7b9bca24286940e4e,,,,40.588158,-74.756551,17.936,0,,12,2021,2021-01-15,2025-12-15
2022,USGS-403517074452501,e2c92c6d4b2d47f7b9bca24286940e4e,,,,40.588158,-74.756551,18.797,0.861,0.861,12,2021,2021-01-15,2025-12-15
2023,USGS-403517074452501,e2c92c6d4b2d47f7b9bca24286940e4e,,,,40.588158,-74.756551,18.367,0.431,-0.43,12,2021,2021-01-15,2025-12-15
2024,USGS-403517074452501,e2c92c6d4b2d47f7b9bca24286940e4e,,,,40.588158,-74.756551,22.545,4.609,4.178,12,2021,2021-01-15,2025-12-15
2025,USGS-403517074452501,e2c92c6d4b2d47f7b9bca24286940e4e,,,,40.588158,-74.756551,25.587,7.651,3.042,12,2021,2021-01-15,2025-12-15
2021,USGS-403719075091801,b63108815bb7488b8c23a3f14cc788ef,,,,40.622045,-75.154619,6.588,0,,12,2021,2021-01-15,2025-12-15
2022,USGS-403719075091801,b63108815bb7488b8c23a3f14cc788ef,,,,40.622045,-75.154619,6.733,0.145,0.145,12,2021,2021-01-15,2025-12-15
2023,USGS-403719075091801,b63108815bb7488b8c23a3f14cc788ef,,,,40.622045,-75.154619,6.735,0.147,0.002,12,2021,2021-01-15,2025-12-15
2024,USGS-403719075091801,b63108815bb7488b8c23a3f14cc788ef,,,,40.622045,-75.154619,6.35,-0.238,-0.385,11,2021,2021-01-15,2025-12-15
2025,USGS-403719075091801,b63108815bb7488b8c23a3f14cc788ef,,,,40.622045,-75.154619,7.296,0.707,0.946,12,2021,2021-01-15,2025-12-15
2021,USGS-403734080063001,9418aa1c7fdb4bee8bf33493d0bc0bbe,,,,40.626194,-80.108389,6.678,0,,12,2021,2021-01-15,2025-12-15
2022,USGS-403734080063001,9418aa1c7fdb4bee8bf33493d0bc0bbe,,,,40.626194,-80.108389,6.423,-0.255,-0.255,12,2021,2021-01-15,2025-12-15
2023,USGS-403734080063001,9418aa1c7fdb4bee8bf33493d0bc0bbe,,,,40.626194,-80.108389,6.492,-0.187,0.068,12,2021,2021-01-15,2025-12-15
2024,USGS-403734080063001,9418aa1c7fdb4bee8bf33493d0bc0bbe,,,,40.626194,-80.108389,6.544,-0.134,0.052,12,2021,2021-01-15,2025-12-15
2025,USGS-403734080063001,9418aa1c7fdb4bee8bf33493d0bc0bbe,,,,40.626194,-80.108389,6.817,0.138,0.273,12,2021,2021-01-15,2025-12-15
2021,USGS-403810086403701,e4fa3441a4d743d1928481a5421cc4ef,,,,40.636111,-86.676944,118.963,0,,7,2021,2021-06-15,2025-04-15
2022,USGS-403810086403701,e4fa3441a4d743d1928481a5421cc4ef,,,,40.636111,-86.676944,118.218,-0.745,-0.745,12,2021,2021-06-15,2025-04-15
2023,USGS-403810086403701,e4fa3441a4d743d1928481a5421cc4ef,,,,40.636111,-86.676944,118.858,-0.105,0.639,12,2021,2021-06-15,2025-04-15
2024,USGS-403810086403701,e4fa3441a4d743d1928481a5421cc4ef,,,,40.636111,-86.676944,118.594,-0.369,-0.263,12,2021,2021-06-15,2025-04-15
2025,USGS-403810086403701,e4fa3441a4d743d1928481a5421cc4ef,,,,40.636111,-86.676944,118.8,-0.163,0.206,4,2021,2021-06-15,2025-04-15
2021,USGS-403836085374401,9df1937c5bd543eb86bf5b8e36172c6f,,,,40.643376,-85.628866,116.783,0,,12,2021,2021-01-15,2025-12-15
2022,USGS-403836085374401,9df1937c5bd543eb86bf5b8e36172c6f,,,,40.643376,-85.628866,118.025,1.242,1.242,12,2021,2021-01-15,2025-12-15
2023,USGS-403836085374401,9df1937c5bd543eb86bf5b8e36172c6f,,,,40.643376,-85.628866,117.972,1.19,-0.053,12,2021,2021-01-15,2025-12-15
2024,USGS-403836085374401,9df1937c5bd543eb86bf5b8e36172c6f,,,,40.643376,-85.628866,118.463,1.681,0.491,12,2021,2021-01-15,2025-12-15
2025,USGS-403836085374401,9df1937c5bd543eb86bf5b8e36172c6f,,,,40.643376,-85.628866,117.597,0.815,-0.866,12,2021,2021-01-15,2025-12-15
2021,USGS-403939076591001,a46f90e1c09e41c6be18740797b9df08,,,,40.661222,-76.985556,18.712,0,,12,2021,2021-01-15,2025-12-15
2022,USGS-403939076591001,a46f90e1c09e41c6be18740797b9df08,,,,40.661222,-76.985556,18.698,-0.013,-0.013,12,2021,2021-01-15,2025-12-15
2023,USGS-403939076591001,a46f90e1c09e41c6be18740797b9df08,,,,40.661222,-76.985556,18.573,-0.139,-0.126,12,2021,2021-01-15,2025-12-15
2024,USGS-403939076591001,a46f90e1c09e41c6be18740797b9df08,,,,40.661222,-76.985556,18.471,-0.241,-0.102,12,2021,2021-01-15,2025-12-15
2025,USGS-403939076591001,a46f90e1c09e41c6be18740797b9df08,,,,40.661222,-76.985556,18.641,-0.071,0.17,12,2021,2021-01-15,2025-12-15
2021,USGS-403948085414601,aaeb56722b6b4947b38cc14c472a128f,,,,40.663375,-85.696091,44.922,0,,11,2021,2021-01-15,2025-05-15
2022,USGS-403948085414601,aaeb56722b6b4947b38cc14c472a128f,,,,40.663375,-85.696091,45.392,0.471,0.471,12,2021,2021-01-15,2025-05-15
2023,USGS-403948085414601,aaeb56722b6b4947b38cc14c472a128f,,,,40.663375,-85.696091,46.847,1.926,1.455,12,2021,2021-01-15,2025-05-15
2024,USGS-403948085414601,aaeb56722b6b4947b38cc14c472a128f,,,,40.663375,-85.696091,46.498,1.576,-0.35,12,2021,2021-01-15,2025-05-15
2025,USGS-403948085414601,aaeb56722b6b4947b38cc14c472a128f,,,,40.663375,-85.696091,45.662,0.74,-0.836,5,2021,2021-01-15,2025-05-15
2021,USGS-404006085244801,867b4a2027254e0d8217e76c0cd700ff,,,,40.668467,-85.413417,26.428,0,,12,2021,2021-01-15,2025-05-15
2022,USGS-404006085244801,867b4a2027254e0d8217e76c0cd700ff,,,,40.668467,-85.413417,26.743,0.314,0.314,12,2021,2021-01-15,2025-05-15
2023,USGS-404006085244801,867b4a2027254e0d8217e76c0cd700ff,,,,40.668467,-85.413417,26.853,0.424,0.11,12,2021,2021-01-15,2025-05-15
2024,USGS-404006085244801,867b4a2027254e0d8217e76c0cd700ff,,,,40.668467,-85.413417,26.713,0.285,-0.139,12,2021,2021-01-15,2025-05-15
2025,USGS-404006085244801,867b4a2027254e0d8217e76c0cd700ff,,,,40.668467,-85.413417,26.48,0.052,-0.233,5,2021,2021-01-15,2025-05-15
2021,USGS-404014074585401,9796a28b0c494847a01804a10a51b150,,,,40.670444,-74.981778,22.102,0,,12,2021,2021-01-15,2025-12-15
2022,USGS-404014074585401,9796a28b0c494847a01804a10a51b150,,,,40.670444,-74.981778,22.904,0.802,0.802,12,2021,2021-01-15,2025-12-15
2023,USGS-404014074585401,9796a28b0c494847a01804a10a51b150,,,,40.670444,-74.981778,22.378,0.276,-0.526,12,2021,2021-01-15,2025-12-15
2024,USGS-404014074585401,9796a28b0c494847a01804a10a51b150,,,,40.670444,-74.981778,24.328,2.225,1.949,12,2021,2021-01-15,2025-12-15
2025,USGS-404014074585401,9796a28b0c494847a01804a10a51b150,,,,40.670444,-74.981778,25.024,2.922,0.697,12,2021,2021-01-15,2025-12-15
2021,USGS-404106074171901,f387559047c94f4fa9e3e828690cf2c2,,,,40.685102,-74.288203,5.751,0,,12,2021,2021-01-15,2025-12-15
2022,USGS-404106074171901,f387559047c94f4fa9e3e828690cf2c2,,,,40.685102,-74.288203,6.498,0.748,0.748,12,2021,2021-01-15,2025-12-15
2023,USGS-404106074171901,f387559047c94f4fa9e3e828690cf2c2,,,,40.685102,-74.288203,6.376,0.625,-0.123,12,2021,2021-01-15,2025-12-15
2024,USGS-404106074171901,f387559047c94f4fa9e3e828690cf2c2,,,,40.685102,-74.288203,5.993,0.242,-0.383,12,2021,2021-01-15,2025-12-15
2025,USGS-404106074171901,f387559047c94f4fa9e3e828690cf2c2,,,,40.685102,-74.288203,6.292,0.541,0.298,12,2021,2021-01-15,2025-12-15
2021,USGS-404140077354001,9cbf2dc782d045e987014d5805834e17,,,,40.694778,-77.593944,54.208,0,,12,2021,2021-01-15,2025-12-15
2022,USGS-404140077354001,9cbf2dc782d045e987014d5805834e17,,,,40.694778,-77.593944,52.296,-1.912,-1.912,12,2021,2021-01-15,2025-12-15
2023,USGS-404140077354001,9cbf2dc782d045e987014d5805834e17,,,,40.694778,-77.593944,54.133,-0.075,1.837,12,2021,2021-01-15,2025-12-15
2024,USGS-404140077354001,9cbf2dc782d045e987014d5805834e17,,,,40.694778,-77.593944,48.671,-5.537,-5.462,12,2021,2021-01-15,2025-12-15
2025,USGS-404140077354001,9cbf2dc782d045e987014d5805834e17,,,,40.694778,-77.593944,53.418,-0.789,4.748,12,2021,2021-01-15,2025-12-15
2021,USGS-404239076362001,0424d4a9a23c40b7a58ca7797460842f,,,,40.710806,-76.605472,17.403,0,,12,2021,2021-01-15,2025-12-15
2022,USGS-404239076362001,0424d4a9a23c40b7a58ca7797460842f,,,,40.710806,-76.605472,18.239,0.836,0.836,12,2021,2021-01-15,2025-12-15
2023,USGS-404239076362001,0424d4a9a23c40b7a58ca7797460842f,,,,40.710806,-76.605472,17.961,0.558,-0.278,12,2021,2021-01-15,2025-12-15
2024,USGS-404239076362001,0424d4a9a23c40b7a58ca7797460842f,,,,40.710806,-76.605472,19.033,1.63,1.072,12,2021,2021-01-15,2025-12-15
2025,USGS-404239076362001,0424d4a9a23c40b7a58ca7797460842f,,,,40.710806,-76.605472,21.618,4.214,2.584,12,2021,2021-01-15,2025-12-15
2021,USGS-404331085064701,2009c848ccac4d06a7d7f321a2048b04,,,,40.725324,-85.113025,24.677,0,,12,2021,2021-01-15,2025-12-15
2022,USGS-404331085064701,2009c848ccac4d06a7d7f321a2048b04,,,,40.725324,-85.113025,24.536,-0.141,-0.141,11,2021,2021-01-15,2025-12-15
2023,USGS-404331085064701,2009c848ccac4d06a7d7f321a2048b04,,,,40.725324,-85.113025,25.513,0.836,0.977,12,2021,2021-01-15,2025-12-15
2024,USGS-404331085064701,2009c848ccac4d06a7d7f321a2048b04,,,,40.725324,-85.113025,25.657,0.98,0.144,12,2021,2021-01-15,2025-12-15
2025,USGS-404331085064701,2009c848ccac4d06a7d7f321a2048b04,,,,40.725324,-85.113025,26.194,1.517,0.537,12,2021,2021-01-15,2025-12-15
2021,USGS-404455074203202,ff5b9e08f6fe414685eb8ec611becc77,,,,40.748712,-74.341817,44.283,0,,12,2021,2021-01-15,2025-12-15
2022,USGS-404455074203202,ff5b9e08f6fe414685eb8ec611becc77,,,,40.748712,-74.341817,41.067,-3.217,-3.217,12,2021,2021-01-15,2025-12-15
2023,USGS-404455074203202,ff5b9e08f6fe414685eb8ec611becc77,,,,40.748712,-74.341817,42.001,-2.283,0.934,12,2021,2021-01-15,2025-12-15
2024,USGS-404455074203202,ff5b9e08f6fe414685eb8ec611becc77,,,,40.748712,-74.341817,39.053,-5.23,-2.947,12,2021,2021-01-15,2025-12-15
2025,USGS-404455074203202,ff5b9e08f6fe414685eb8ec611becc77,,,,40.748712,-74.341817,36.215,-8.068,-2.838,12,2021,2021-01-15,2025-12-15
2021,USGS-404518077575501,2efec50e34ae40b6a7aabd4910fa9b31,,,,40.755444,-77.96625,61.958,0,,10,2021,2021-01-15,2025-12-15
2022,USGS-404518077575501,2efec50e34ae40b6a7aabd4910fa9b31,,,,40.755444,-77.96625,63.478,1.52,1.52,12,2021,2021-01-15,2025-12-15
2023,USGS-404518077575501,2efec50e34ae40b6a7aabd4910fa9b31,,,,40.755444,-77.96625,67.077,5.119,3.599,12,2021,2021-01-15,2025-12-15
2024,USGS-404518077575501,2efec50e34ae40b6a7aabd4910fa9b31,,,,40.755444,-77.96625,67.945,5.987,0.868,12,2021,2021-01-15,2025-12-15
2025,USGS-404518077575501,2efec50e34ae40b6a7aabd4910fa9b31,,,,40.755444,-77.96625,68.021,6.063,0.076,12,2021,2021-01-15,2025-12-15
2021,USGS-404556077525101,1cf49e4154cf4038aaab39fbdbda19e9,,,,40.765639,-77.880694,94.818,0,,12,2021,2021-01-15,2025-12-15
2022,USGS-404556077525101,1cf49e4154cf4038aaab39fbdbda19e9,,,,40.765639,-77.880694,90.787,-4.031,-4.031,12,2021,2021-01-15,2025-12-15
2023,USGS-404556077525101,1cf49e4154cf4038aaab39fbdbda19e9,,,,40.765639,-77.880694,103.451,8.633,12.664,12,2021,2021-01-15,2025-12-15
2024,USGS-404556077525101,1cf49e4154cf4038aaab39fbdbda19e9,,,,40.765639,-77.880694,81.879,-12.938,-21.572,12,2021,2021-01-15,2025-12-15
2025,USGS-404556077525101,1cf49e4154cf4038aaab39fbdbda19e9,,,,40.765639,-77.880694,99.845,5.027,17.966,12,2021,2021-01-15,2025-12-15
2021,USGS-404603086021801,8e1c2e8a347441f7b29766a2c9d2c076,,,,40.7675,-86.038333,11.047,0,,12,2021,2021-01-15,2025-04-15
2022,USGS-404603086021801,8e1c2e8a347441f7b29766a2c9d2c076,,,,40.7675,-86.038333,10.844,-0.203,-0.203,12,2021,2021-01-15,2025-04-15
2023,USGS-404603086021801,8e1c2e8a347441f7b29766a2c9d2c076,,,,40.7675,-86.038333,12.018,0.971,1.173,12,2021,2021-01-15,2025-04-15
2024,USGS-404603086021801,8e1c2e8a347441f7b29766a2c9d2c076,,,,40.7675,-86.038333,10.36,-0.687,-1.658,12,2021,2021-01-15,2025-04-15
2025,USGS-404603086021801,8e1c2e8a347441f7b29766a2c9d2c076,,,,40.7675,-86.038333,11.525,0.478,1.165,4,2021,2021-01-15,2025-04-15
2021,USGS-404606086023201,2ff05bb4473349d5aa54fd8e27a74bb0,,,,40.768333,-86.042222,14.661,0,,12,2021,2021-01-15,2025-04-15
2022,USGS-404606086023201,2ff05bb4473349d5aa54fd8e27a74bb0,,,,40.768333,-86.042222,14.356,-0.304,-0.304,11,2021,2021-01-15,2025-04-15
2023,USGS-404606086023201,2ff05bb4473349d5aa54fd8e27a74bb0,,,,40.768333,-86.042222,17.067,2.407,2.711,4,2021,2021-01-15,2025-04-15
2024,USGS-404606086023201,2ff05bb4473349d5aa54fd8e27a74bb0,,,,40.768333,-86.042222,14.104,-0.557,-2.963,12,2021,2021-01-15,2025-04-15
2025,USGS-404606086023201,2ff05bb4473349d5aa54fd8e27a74bb0,,,,40.768333,-86.042222,15.188,0.527,1.083,4,2021,2021-01-15,2025-04-15
2021,USGS-404639074230001,f3e989b3e555473ebadc793cb439d2a0,,,,40.7776,-74.382929,36.528,0,,12,2021,2021-01-15,2025-12-15
2022,USGS-404639074230001,f3e989b3e555473ebadc793cb439d2a0,,,,40.7776,-74.382929,38.752,2.223,2.223,12,2021,2021-01-15,2025-12-15
2023,USGS-404639074230001,f3e989b3e555473ebadc793cb439d2a0,,,,40.7776,-74.382929,39.932,3.403,1.18,12,2021,2021-01-15,2025-12-15
2024,USGS-404639074230001,f3e989b3e555473ebadc793cb439d2a0,,,,40.7776,-74.382929,35.855,-0.673,-4.077,12,2021,2021-01-15,2025-12-15
2025,USGS-404639074230001,f3e989b3e555473ebadc793cb439d2a0,,,,40.7776,-74.382929,38.328,1.799,2.473,12,2021,2021-01-15,2025-12-15
2021,USGS-404708076070701,37679d14199d4533b229cbbfd88e5006,,,,40.78575,-76.118472,49.051,0,,12,2021,2021-01-15,2025-12-15
2022,USGS-404708076070701,37679d14199d4533b229cbbfd88e5006,,,,40.78575,-76.118472,49.489,0.438,0.438,12,2021,2021-01-15,2025-12-15
2023,USGS-404708076070701,37679d14199d4533b229cbbfd88e5006,,,,40.78575,-76.118472,48.865,-0.186,-0.624,12,2021,2021-01-15,2025-12-15
2024,USGS-404708076070701,37679d14199d4533b229cbbfd88e5006,,,,40.78575,-76.118472,49.328,0.278,0.463,12,2021,2021-01-15,2025-12-15
2025,USGS-404708076070701,37679d14199d4533b229cbbfd88e5006,,,,40.78575,-76.118472,50.008,0.957,0.68,12,2021,2021-01-15,2025-12-15
2021,USGS-404745075184001,942845d535304e318d672ac79babd8d7,,,,40.796,-75.311056,38.568,0,,12,2021,2021-01-15,2025-12-15
2022,USGS-404745075184001,942845d535304e318d672ac79babd8d7,,,,40.796,-75.311056,38.191,-0.377,-0.377,12,2021,2021-01-15,2025-12-15
2023,USGS-404745075184001,942845d535304e318d672ac79babd8d7,,,,40.796,-75.311056,39.107,0.539,0.916,12,2021,2021-01-15,2025-12-15
2024,USGS-404745075184001,942845d535304e318d672ac79babd8d7,,,,40.796,-75.311056,40.016,1.448,0.909,12,2021,2021-01-15,2025-12-15
2025,USGS-404745075184001,942845d535304e318d672ac79babd8d7,,,,40.796,-75.311056,42.732,4.164,2.716,12,2021,2021-01-15,2025-12-15
2021,USGS-404934074400501,b9bee1f781834c63a66b4197f2f3c8e5,,,,40.817877,-74.680995,5.783,0,,12,2021,2021-01-15,2025-12-15
2022,USGS-404934074400501,b9bee1f781834c63a66b4197f2f3c8e5,,,,40.817877,-74.680995,7.921,2.138,2.138,12,2021,2021-01-15,2025-12-15
2023,USGS-404934074400501,b9bee1f781834c63a66b4197f2f3c8e5,,,,40.817877,-74.680995,6.823,1.039,-1.098,12,2021,2021-01-15,2025-12-15
2024,USGS-404934074400501,b9bee1f781834c63a66b4197f2f3c8e5,,,,40.817877,-74.680995,8.708,2.925,1.886,12,2021,2021-01-15,2025-12-15
2025,USGS-404934074400501,b9bee1f781834c63a66b4197f2f3c8e5,,,,40.817877,-74.680995,16.058,10.274,7.349,12,2021,2021-01-15,2025-12-15
2021,USGS-405027074232301,4d97f8157f964af6babdaaf56089abd2,,,,40.840933,-74.389319,9.937,0,,12,2021,2021-01-15,2025-12-15
2022,USGS-405027074232301,4d97f8157f964af6babdaaf56089abd2,,,,40.840933,-74.389319,11.342,1.405,1.405,11,2021,2021-01-15,2025-12-15
2023,USGS-405027074232301,4d97f8157f964af6babdaaf56089abd2,,,,40.840933,-74.389319,11.043,1.106,-0.299,12,2021,2021-01-15,2025-12-15
2024,USGS-405027074232301,4d97f8157f964af6babdaaf56089abd2,,,,40.840933,-74.389319,9.959,0.022,-1.083,12,2021,2021-01-15,2025-12-15
2025,USGS-405027074232301,4d97f8157f964af6babdaaf56089abd2,,,,40.840933,-74.389319,9.351,-0.586,-0.608,12,2021,2021-01-15,2025-12-15
2021,USGS-405123074375701,50246b49d17c485e86470ea88cb42759,,,,40.856488,-74.632105,31.188,0,,12,2021,2021-01-15,2025-12-15
2022,USGS-405123074375701,50246b49d17c485e86470ea88cb42759,,,,40.856488,-74.632105,34.877,3.69,3.69,12,2021,2021-01-15,2025-12-15
2023,USGS-405123074375701,50246b49d17c485e86470ea88cb42759,,,,40.856488,-74.632105,32.037,0.85,-2.84,12,2021,2021-01-15,2025-12-15
2024,USGS-405123074375701,50246b49d17c485e86470ea88cb42759,,,,40.856488,-74.632105,34.129,2.942,2.092,12,2021,2021-01-15,2025-12-15
2025,USGS-405123074375701,50246b49d17c485e86470ea88cb42759,,,,40.856488,-74.632105,39.974,8.787,5.845,12,2021,2021-01-15,2025-12-15
2021,USGS-405320078483901,87f05848ac2c4db2b875067ad97bb84e,,,,40.889889,-78.811889,33.678,0,,12,2021,2021-01-15,2025-12-15
2022,USGS-405320078483901,87f05848ac2c4db2b875067ad97bb84e,,,,40.889889,-78.811889,33.988,0.31,0.31,12,2021,2021-01-15,2025-12-15
2023,USGS-405320078483901,87f05848ac2c4db2b875067ad97bb84e,,,,40.889889,-78.811889,35.041,1.362,1.053,12,2021,2021-01-15,2025-12-15
2024,USGS-405320078483901,87f05848ac2c4db2b875067ad97bb84e,,,,40.889889,-78.811889,33.714,0.036,-1.327,12,2021,2021-01-15,2025-12-15
2025,USGS-405320078483901,87f05848ac2c4db2b875067ad97bb84e,,,,40.889889,-78.811889,34.393,0.715,0.679,12,2021,2021-01-15,2025-12-15
2021,USGS-405344079380201,1e4155903121416383f767d3634f133d,,,,40.895667,-79.633917,18.97,0,,12,2021,2021-01-15,2025-12-15
2022,USGS-405344079380201,1e4155903121416383f767d3634f133d,,,,40.895667,-79.633917,18.552,-0.418,-0.418,12,2021,2021-01-15,2025-12-15
2023,USGS-405344079380201,1e4155903121416383f767d3634f133d,,,,40.895667,-79.633917,19.546,0.576,0.994,12,2021,2021-01-15,2025-12-15
2024,USGS-405344079380201,1e4155903121416383f767d3634f133d,,,,40.895667,-79.633917,18.436,-0.534,-1.11,12,2021,2021-01-15,2025-12-15
2025,USGS-405344079380201,1e4155903121416383f767d3634f133d,,,,40.895667,-79.633917,19.336,0.366,0.9,12,2021,2021-01-15,2025-12-15
2021,USGS-405414074354201,3572f1e795c54dc5a417740220f6719c,,,,40.90371,-74.592104,21.038,0,,12,2021,2021-01-15,2025-12-15
2022,USGS-405414074354201,3572f1e795c54dc5a417740220f6719c,,,,40.90371,-74.592104,21.463,0.424,0.424,12,2021,2021-01-15,2025-12-15
2023,USGS-405414074354201,3572f1e795c54dc5a417740220f6719c,,,,40.90371,-74.592104,21.155,0.117,-0.308,12,2021,2021-01-15,2025-12-15
2024,USGS-405414074354201,3572f1e795c54dc5a417740220f6719c,,,,40.90371,-74.592104,21.048,0.01,-0.107,12,2021,2021-01-15,2025-12-15
2025,USGS-405414074354201,3572f1e795c54dc5a417740220f6719c,,,,40.90371,-74.592104,22.515,1.477,1.467,12,2021,2021-01-15,2025-12-15
2021,USGS-405451091483301,75edefa043204863a01bd00c0f5ce804,,,,40.914167,-91.809167,14.775,0,,12,2021,2021-01-15,2025-12-15
2022,USGS-405451091483301,75edefa043204863a01bd00c0f5ce804,,,,40.914167,-91.809167,18.313,3.537,3.537,12,2021,2021-01-15,2025-12-15
2023,USGS-405451091483301,75edefa043204863a01bd00c0f5ce804,,,,40.914167,-91.809167,18.868,4.093,0.556,12,2021,2021-01-15,2025-12-15
2024,USGS-405451091483301,75edefa043204863a01bd00c0f5ce804,,,,40.914167,-91.809167,18.14,3.365,-0.728,12,2021,2021-01-15,2025-12-15
2025,USGS-405451091483301,75edefa043204863a01bd00c0f5ce804,,,,40.914167,-91.809167,17.2,2.425,-0.94,12,2021,2021-01-15,2025-12-15
2021,USGS-405531074361901,62efa3a580da4c3bba3724b0094d3d5e,,,,40.924444,-74.603611,11.481,0,,12,2021,2021-01-15,2025-12-15
2022,USGS-405531074361901,62efa3a580da4c3bba3724b0094d3d5e,,,,40.924444,-74.603611,11.918,0.437,0.437,12,2021,2021-01-15,2025-12-15
2023,USGS-405531074361901,62efa3a580da4c3bba3724b0094d3d5e,,,,40.924444,-74.603611,11.7,0.219,-0.218,12,2021,2021-01-15,2025-12-15
2024,USGS-405531074361901,62efa3a580da4c3bba3724b0094d3d5e,,,,40.924444,-74.603611,11.993,0.512,0.293,9,2021,2021-01-15,2025-12-15
2025,USGS-405531074361901,62efa3a580da4c3bba3724b0094d3d5e,,,,40.924444,-74.603611,12.66,1.179,0.667,12,2021,2021-01-15,2025-12-15
2021,USGS-405535074073701,520aa002473344a68dee50eedc54a0b4,,,,40.926487,-74.12681,25.345,0,,12,2021,2021-01-15,2025-12-15
2022,USGS-405535074073701,520aa002473344a68dee50eedc54a0b4,,,,40.926487,-74.12681,26.274,0.929,0.929,12,2021,2021-01-15,2025-12-15
2023,USGS-405535074073701,520aa002473344a68dee50eedc54a0b4,,,,40.926487,-74.12681,25.541,0.196,-0.733,12,2021,2021-01-15,2025-12-15
2024,USGS-405535074073701,520aa002473344a68dee50eedc54a0b4,,,,40.926487,-74.12681,23.843,-1.502,-1.697,12,2021,2021-01-15,2025-12-15
2025,USGS-405535074073701,520aa002473344a68dee50eedc54a0b4,,,,40.926487,-74.12681,29.55,4.205,5.707,11,2021,2021-01-15,2025-12-15
2021,USGS-405613074430901,72dba6ef217547abb8d89dea093de338,,,,40.937043,-74.718775,12.637,0,,12,2021,2021-01-15,2025-12-15
2022,USGS-405613074430901,72dba6ef217547abb8d89dea093de338,,,,40.937043,-74.718775,13.444,0.808,0.808,12,2021,2021-01-15,2025-12-15
2023,USGS-405613074430901,72dba6ef217547abb8d89dea093de338,,,,40.937043,-74.718775,12.803,0.166,-0.642,12,2021,2021-01-15,2025-12-15
2024,USGS-405613074430901,72dba6ef217547abb8d89dea093de338,,,,40.937043,-74.718775,13.733,1.097,0.931,12,2021,2021-01-15,2025-12-15
2025,USGS-405613074430901,72dba6ef217547abb8d89dea093de338,,,,40.937043,-74.718775,14.132,1.495,0.398,12,2021,2021-01-15,2025-12-15
2021,USGS-405808074583001,0d9fc557495844b59018afb55afac916,,,,40.968986,-74.974617,4.97,0,,12,2021,2021-01-15,2025-11-15
2022,USGS-405808074583001,0d9fc557495844b59018afb55afac916,,,,40.968986,-74.974617,5.031,0.061,0.061,12,2021,2021-01-15,2025-11-15
2023,USGS-405808074583001,0d9fc557495844b59018afb55afac916,,,,40.968986,-74.974617,5.199,0.229,0.168,12,2021,2021-01-15,2025-11-15
2024,USGS-405808074583001,0d9fc557495844b59018afb55afac916,,,,40.968986,-74.974617,5.378,0.408,0.178,12,2021,2021-01-15,2025-11-15
2025,USGS-405808074583001,0d9fc557495844b59018afb55afac916,,,,40.968986,-74.974617,5.382,0.412,0.004,11,2021,2021-01-15,2025-11-15
2021,USGS-405829086175801,662e6c6a1b374626bb16553d24f4133a,,,,40.974764,-86.299445,11.762,0,,12,2021,2021-01-15,2025-12-15
2022,USGS-405829086175801,662e6c6a1b374626bb16553d24f4133a,,,,40.974764,-86.299445,11.938,0.175,0.175,12,2021,2021-01-15,2025-12-15
2023,USGS-405829086175801,662e6c6a1b374626bb16553d24f4133a,,,,40.974764,-86.299445,12.062,0.299,0.124,12,2021,2021-01-15,2025-12-15
2024,USGS-405829086175801,662e6c6a1b374626bb16553d24f4133a,,,,40.974764,-86.299445,11.292,-0.471,-0.77,12,2021,2021-01-15,2025-12-15
2025,USGS-405829086175801,662e6c6a1b374626bb16553d24f4133a,,,,40.974764,-86.299445,13.406,1.643,2.114,12,2021,2021-01-15,2025-12-15
2021,USGS-405902087141501,5ce532a05d49422589085fa0031667e1,,,,40.983911,-87.237503,35.722,0,,12,2021,2021-01-15,2025-12-15
2022,USGS-405902087141501,5ce532a05d49422589085fa0031667e1,,,,40.983911,-87.237503,37.247,1.525,1.525,12,2021,2021-01-15,2025-12-15
2023,USGS-405902087141501,5ce532a05d49422589085fa0031667e1,,,,40.983911,-87.237503,40.215,4.493,2.968,12,2021,2021-01-15,2025-12-15
2024,USGS-405902087141501,5ce532a05d49422589085fa0031667e1,,,,40.983911,-87.237503,37.79,2.068,-2.425,12,2021,2021-01-15,2025-12-15
2025,USGS-405902087141501,5ce532a05d49422589085fa0031667e1,,,,40.983911,-87.237503,39.027,3.305,1.237,12,2021,2021-01-15,2025-12-15
2021,USGS-405928077115501,1baee382aac44a8aba73586dd85ca7c7,,,,40.990139,-77.197722,38.107,0,,12,2021,2021-01-15,2025-12-15
2022,USGS-405928077115501,1baee382aac44a8aba73586dd85ca7c7,,,,40.990139,-77.197722,38.695,0.588,0.588,12,2021,2021-01-15,2025-12-15
2023,USGS-405928077115501,1baee382aac44a8aba73586dd85ca7c7,,,,40.990139,-77.197722,38.058,-0.048,-0.637,12,2021,2021-01-15,2025-12-15
2024,USGS-405928077115501,1baee382aac44a8aba73586dd85ca7c7,,,,40.990139,-77.197722,37.402,-0.705,-0.657,12,2021,2021-01-15,2025-12-15
2025,USGS-405928077115501,1baee382aac44a8aba73586dd85ca7c7,,,,40.990139,-77.197722,38.648,0.541,1.246,12,2021,2021-01-15,2025-12-15
2021,USGS-405959087282901,05839a9795ef4da6b78748751a49d590,,,,40.999756,-87.474753,63.875,0,,12,2021,2021-01-15,2025-02-15
2022,USGS-405959087282901,05839a9795ef4da6b78748751a49d590,,,,40.999756,-87.474753,65.045,1.17,1.17,12,2021,2021-01-15,2025-02-15
2023,USGS-405959087282901,05839a9795ef4da6b78748751a49d590,,,,40.999756,-87.474753,67.844,3.969,2.799,10,2021,2021-01-15,2025-02-15
2024,USGS-405959087282901,05839a9795ef4da6b78748751a49d590,,,,40.999756,-87.474753,68.42,4.545,0.576,12,2021,2021-01-15,2025-02-15
2025,USGS-405959087282901,05839a9795ef4da6b78748751a49d590,,,,40.999756,-87.474753,66.3,2.425,-2.12,2,2021,2021-01-15,2025-02-15
2021,USGS-405959087282902,5afd36cdadcb49d2b8ed2310f956acb2,,,,40.999756,-87.474753,13.113,0,,12,2021,2021-01-15,2025-02-15
2022,USGS-405959087282902,5afd36cdadcb49d2b8ed2310f956acb2,,,,40.999756,-87.474753,12.851,-0.263,-0.263,12,2021,2021-01-15,2025-02-15
2023,USGS-405959087282902,5afd36cdadcb49d2b8ed2310f956acb2,,,,40.999756,-87.474753,12.874,-0.239,0.023,10,2021,2021-01-15,2025-02-15
2024,USGS-405959087282902,5afd36cdadcb49d2b8ed2310f956acb2,,,,40.999756,-87.474753,12.685,-0.428,-0.189,12,2021,2021-01-15,2025-02-15
2025,USGS-405959087282902,5afd36cdadcb49d2b8ed2310f956acb2,,,,40.999756,-87.474753,13.81,0.697,1.125,2,2021,2021-01-15,2025-02-15
2021,USGS-410005074473801,92988cd84eb349e9b8a4bccfa800bc99,,,,41.003709,-74.790166,21.331,0,,12,2021,2021-01-15,2025-12-15
2022,USGS-410005074473801,92988cd84eb349e9b8a4bccfa800bc99,,,,41.003709,-74.790166,22.552,1.221,1.221,11,2021,2021-01-15,2025-12-15
2023,USGS-410005074473801,92988cd84eb349e9b8a4bccfa800bc99,,,,41.003709,-74.790166,19.648,-1.683,-2.904,12,2021,2021-01-15,2025-12-15
2024,USGS-410005074473801,92988cd84eb349e9b8a4bccfa800bc99,,,,41.003709,-74.790166,23.938,2.608,4.291,12,2021,2021-01-15,2025-12-15
2025,USGS-410005074473801,92988cd84eb349e9b8a4bccfa800bc99,,,,41.003709,-74.790166,26.308,4.977,2.369,12,2021,2021-01-15,2025-12-15
2021,USGS-410025073452801,0fb77ca42c4543c1a64b60602fc6391f,,,,41.006944,-73.757806,22.893,0,,12,2021,2021-01-15,2025-12-15
2022,USGS-410025073452801,0fb77ca42c4543c1a64b60602fc6391f,,,,41.006944,-73.757806,23.323,0.429,0.429,12,2021,2021-01-15,2025-12-15
2023,USGS-410025073452801,0fb77ca42c4543c1a64b60602fc6391f,,,,41.006944,-73.757806,23.048,0.155,-0.274,12,2021,2021-01-15,2025-12-15
2024,USGS-410025073452801,0fb77ca42c4543c1a64b60602fc6391f,,,,41.006944,-73.757806,23.008,0.115,-0.04,12,2021,2021-01-15,2025-12-15
2025,USGS-410025073452801,0fb77ca42c4543c1a64b60602fc6391f,,,,41.006944,-73.757806,23.052,0.159,0.044,12,2021,2021-01-15,2025-12-15
2021,USGS-410057095075102,8216b66f3e29482bb1db4c08480446a4,,,,41.016028,-95.131472,17.817,0,,12,2021,2021-01-15,2025-12-15
2022,USGS-410057095075102,8216b66f3e29482bb1db4c08480446a4,,,,41.016028,-95.131472,17.573,-0.244,-0.244,12,2021,2021-01-15,2025-12-15
2023,USGS-410057095075102,8216b66f3e29482bb1db4c08480446a4,,,,41.016028,-95.131472,21.944,4.127,4.371,10,2021,2021-01-15,2025-12-15
2024,USGS-410057095075102,8216b66f3e29482bb1db4c08480446a4,,,,41.016028,-95.131472,17.951,0.133,-3.993,12,2021,2021-01-15,2025-12-15
2025,USGS-410057095075102,8216b66f3e29482bb1db4c08480446a4,,,,41.016028,-95.131472,18.464,0.647,0.513,12,2021,2021-01-15,2025-12-15
2021,USGS-410123075425401,315935018e6843a3932be1a832bb997f,,,,41.023194,-75.718472,48.791,0,,12,2021,2021-01-15,2025-12-15
2022,USGS-410123075425401,315935018e6843a3932be1a832bb997f,,,,41.023194,-75.718472,50.974,2.183,2.183,12,2021,2021-01-15,2025-12-15
2023,USGS-410123075425401,315935018e6843a3932be1a832bb997f,,,,41.023194,-75.718472,47.197,-1.593,-3.777,12,2021,2021-01-15,2025-12-15
2024,USGS-410123075425401,315935018e6843a3932be1a832bb997f,,,,41.023194,-75.718472,50.133,1.343,2.936,12,2021,2021-01-15,2025-12-15
2025,USGS-410123075425401,315935018e6843a3932be1a832bb997f,,,,41.023194,-75.718472,55.341,6.55,5.208,12,2021,2021-01-15,2025-12-15
2021,USGS-410155074060201,67fffaea42ea4dc4b9ab2d5948b55c43,,,,41.032041,-74.100142,1.282,0,,12,2021,2021-01-15,2025-11-15
2022,USGS-410155074060201,67fffaea42ea4dc4b9ab2d5948b55c43,,,,41.032041,-74.100142,2.086,0.804,0.804,12,2021,2021-01-15,2025-11-15
2023,USGS-410155074060201,67fffaea42ea4dc4b9ab2d5948b55c43,,,,41.032041,-74.100142,1.687,0.405,-0.399,12,2021,2021-01-15,2025-11-15
2024,USGS-410155074060201,67fffaea42ea4dc4b9ab2d5948b55c43,,,,41.032041,-74.100142,1.71,0.428,0.023,10,2021,2021-01-15,2025-11-15
2025,USGS-410155074060201,67fffaea42ea4dc4b9ab2d5948b55c43,,,,41.032041,-74.100142,4.239,2.957,2.529,8,2021,2021-01-15,2025-11-15
2021,USGS-410207074270001,8bd06134c97b4477b9cfeb087288951d,,,,41.035375,-74.449599,3.963,0,,12,2021,2021-01-15,2025-12-15
2022,USGS-410207074270001,8bd06134c97b4477b9cfeb087288951d,,,,41.035375,-74.449599,4.409,0.446,0.446,12,2021,2021-01-15,2025-12-15
2023,USGS-410207074270001,8bd06134c97b4477b9cfeb087288951d,,,,41.035375,-74.449599,4.088,0.125,-0.321,12,2021,2021-01-15,2025-12-15
2024,USGS-410207074270001,8bd06134c97b4477b9cfeb087288951d,,,,41.035375,-74.449599,4.399,0.436,0.311,12,2021,2021-01-15,2025-12-15
2025,USGS-410207074270001,8bd06134c97b4477b9cfeb087288951d,,,,41.035375,-74.449599,4.768,0.805,0.369,12,2021,2021-01-15,2025-12-15
2021,USGS-410249087011201,d72efdbd955e427d893195d714a9c74e,,,,41.046983,-87.020022,6.832,0,,12,2021,2021-01-15,2025-02-15
2022,USGS-410249087011201,d72efdbd955e427d893195d714a9c74e,,,,41.046983,-87.020022,6.822,-0.009,-0.009,12,2021,2021-01-15,2025-02-15
2023,USGS-410249087011201,d72efdbd955e427d893195d714a9c74e,,,,41.046983,-87.020022,7.805,0.973,0.983,12,2021,2021-01-15,2025-02-15
2024,USGS-410249087011201,d72efdbd955e427d893195d714a9c74e,,,,41.046983,-87.020022,7.303,0.472,-0.502,12,2021,2021-01-15,2025-02-15
2025,USGS-410249087011201,d72efdbd955e427d893195d714a9c74e,,,,41.046983,-87.020022,6.805,-0.027,-0.498,2,2021,2021-01-15,2025-02-15
2021,USGS-410337085264201,32abc5945c654d95b820ce653dedd17a,,,,41.059491,-85.445255,53.065,0,,12,2021,2021-01-15,2025-12-15
2022,USGS-410337085264201,32abc5945c654d95b820ce653dedd17a,,,,41.059491,-85.445255,52.389,-0.676,-0.676,12,2021,2021-01-15,2025-12-15
2023,USGS-410337085264201,32abc5945c654d95b820ce653dedd17a,,,,41.059491,-85.445255,52.698,-0.367,0.309,12,2021,2021-01-15,2025-12-15
2024,USGS-410337085264201,32abc5945c654d95b820ce653dedd17a,,,,41.059491,-85.445255,53.037,-0.028,0.339,12,2021,2021-01-15,2025-12-15
2025,USGS-410337085264201,32abc5945c654d95b820ce653dedd17a,,,,41.059491,-85.445255,53.813,0.748,0.776,12,2021,2021-01-15,2025-12-15
2021,USGS-410428085171701,170e1de4583b4489875f9a66663bf78e,,,,41.074417,-85.287967,21.338,0,,12,2021,2021-01-15,2025-05-15
2022,USGS-410428085171701,170e1de4583b4489875f9a66663bf78e,,,,41.074417,-85.287967,19.308,-2.031,-2.031,12,2021,2021-01-15,2025-05-15
2023,USGS-410428085171701,170e1de4583b4489875f9a66663bf78e,,,,41.074417,-85.287967,18.608,-2.731,-0.7,12,2021,2021-01-15,2025-05-15
2024,USGS-410428085171701,170e1de4583b4489875f9a66663bf78e,,,,41.074417,-85.287967,20.043,-1.296,1.435,12,2021,2021-01-15,2025-05-15
2025,USGS-410428085171701,170e1de4583b4489875f9a66663bf78e,,,,41.074417,-85.287967,18.13,-3.208,-1.912,5,2021,2021-01-15,2025-05-15
2021,USGS-410428087231501,a9f5bb40510944e69cffa5c12a28708f,,,,41.074479,-87.42892,19.6,0,,12,2021,2021-01-15,2025-12-15
2022,USGS-410428087231501,a9f5bb40510944e69cffa5c12a28708f,,,,41.074479,-87.42892,19.19,-0.41,-0.41,12,2021,2021-01-15,2025-12-15
2023,USGS-410428087231501,a9f5bb40510944e69cffa5c12a28708f,,,,41.074479,-87.42892,22.001,2.401,2.811,12,2021,2021-01-15,2025-12-15
2024,USGS-410428087231501,a9f5bb40510944e69cffa5c12a28708f,,,,41.074479,-87.42892,19.982,0.382,-2.019,12,2021,2021-01-15,2025-12-15
2025,USGS-410428087231501,a9f5bb40510944e69cffa5c12a28708f,,,,41.074479,-87.42892,21.266,1.666,1.284,12,2021,2021-01-15,2025-12-15
2021,USGS-410428087231502,943c39302836428ba509c5545cffceb6,,,,41.074479,-87.42892,5.733,0,,12,2021,2021-01-15,2025-02-15
2022,USGS-410428087231502,943c39302836428ba509c5545cffceb6,,,,41.074479,-87.42892,5.793,0.059,0.059,12,2021,2021-01-15,2025-02-15
2023,USGS-410428087231502,943c39302836428ba509c5545cffceb6,,,,41.074479,-87.42892,6.022,0.289,0.229,10,2021,2021-01-15,2025-02-15
2024,USGS-410428087231502,943c39302836428ba509c5545cffceb6,,,,41.074479,-87.42892,5.289,-0.444,-0.733,12,2021,2021-01-15,2025-02-15
2025,USGS-410428087231502,943c39302836428ba509c5545cffceb6,,,,41.074479,-87.42892,6.225,0.492,0.936,2,2021,2021-01-15,2025-02-15
2021,USGS-410431074395801,62de355faa1a4ac4a83eed231094eda8,,,,41.080375,-74.658496,41.573,0,,12,2021,2021-01-15,2025-12-15
2022,USGS-410431074395801,62de355faa1a4ac4a83eed231094eda8,,,,41.080375,-74.658496,43.386,1.813,1.813,12,2021,2021-01-15,2025-12-15
2023,USGS-410431074395801,62de355faa1a4ac4a83eed231094eda8,,,,41.080375,-74.658496,42.698,1.125,-0.688,12,2021,2021-01-15,2025-12-15
2024,USGS-410431074395801,62de355faa1a4ac4a83eed231094eda8,,,,41.080375,-74.658496,45.267,3.693,2.568,12,2021,2021-01-15,2025-12-15
2025,USGS-410431074395801,62de355faa1a4ac4a83eed231094eda8,,,,41.080375,-74.658496,47.996,6.422,2.729,12,2021,2021-01-15,2025-12-15
2021,USGS-410449074483301,66887dfb65a44f329c6f5b1eaa7b0418,,,,41.080374,-74.809889,22.188,0,,12,2021,2021-01-15,2025-12-15
2022,USGS-410449074483301,66887dfb65a44f329c6f5b1eaa7b0418,,,,41.080374,-74.809889,22.935,0.747,0.747,12,2021,2021-01-15,2025-12-15
2023,USGS-410449074483301,66887dfb65a44f329c6f5b1eaa7b0418,,,,41.080374,-74.809889,22.828,0.639,-0.107,12,2021,2021-01-15,2025-12-15
2024,USGS-410449074483301,66887dfb65a44f329c6f5b1eaa7b0418,,,,41.080374,-74.809889,22.056,-0.132,-0.772,12,2021,2021-01-15,2025-12-15
2025,USGS-410449074483301,66887dfb65a44f329c6f5b1eaa7b0418,,,,41.080374,-74.809889,24.793,2.605,2.737,12,2021,2021-01-15,2025-12-15
2021,USGS-410501079524401,4375171eac484ebf85b169ab363711f2,,,,41.083833,-79.879111,7.922,0,,12,2021,2021-01-15,2025-12-15
2022,USGS-410501079524401,4375171eac484ebf85b169ab363711f2,,,,41.083833,-79.879111,7.996,0.075,0.075,11,2021,2021-01-15,2025-12-15
2023,USGS-410501079524401,4375171eac484ebf85b169ab363711f2,,,,41.083833,-79.879111,9.778,1.857,1.782,12,2021,2021-01-15,2025-12-15
2024,USGS-410501079524401,4375171eac484ebf85b169ab363711f2,,,,41.083833,-79.879111,9.848,1.927,0.07,12,2021,2021-01-15,2025-12-15
2025,USGS-410501079524401,4375171eac484ebf85b169ab363711f2,,,,41.083833,-79.879111,11.148,3.227,1.3,12,2021,2021-01-15,2025-12-15
2021,USGS-410538080280801,592a6672fc844f13a5c274c278699f6a,,,,41.093694,-80.468694,16.68,0,,12,2021,2021-01-15,2025-12-15
2022,USGS-410538080280801,592a6672fc844f13a5c274c278699f6a,,,,41.093694,-80.468694,16.88,0.2,0.2,12,2021,2021-01-15,2025-12-15
2023,USGS-410538080280801,592a6672fc844f13a5c274c278699f6a,,,,41.093694,-80.468694,17.437,0.757,0.557,12,2021,2021-01-15,2025-12-15
2024,USGS-410538080280801,592a6672fc844f13a5c274c278699f6a,,,,41.093694,-80.468694,16.953,0.273,-0.484,12,2021,2021-01-15,2025-12-15
2025,USGS-410538080280801,592a6672fc844f13a5c274c278699f6a,,,,41.093694,-80.468694,17.218,0.538,0.266,12,2021,2021-01-15,2025-12-15
2021,USGS-410627078313601,1a36cd5f20474086b7c1513875f51704,,,,41.107444,-78.526472,21.999,0,,12,2021,2021-01-15,2025-12-15
2022,USGS-410627078313601,1a36cd5f20474086b7c1513875f51704,,,,41.107444,-78.526472,22.724,0.725,0.725,12,2021,2021-01-15,2025-12-15
2023,USGS-410627078313601,1a36cd5f20474086b7c1513875f51704,,,,41.107444,-78.526472,22.162,0.163,-0.562,12,2021,2021-01-15,2025-12-15
2024,USGS-410627078313601,1a36cd5f20474086b7c1513875f51704,,,,41.107444,-78.526472,21.725,-0.274,-0.437,12,2021,2021-01-15,2025-12-15
2025,USGS-410627078313601,1a36cd5f20474086b7c1513875f51704,,,,41.107444,-78.526472,22.557,0.557,0.832,12,2021,2021-01-15,2025-12-15
2021,USGS-410628073413301,d1b5a0680ad34f8092d3508ee76a26c6,,,,41.107889,-73.692389,26.27,0,,12,2021,2021-01-15,2025-12-15
2022,USGS-410628073413301,d1b5a0680ad34f8092d3508ee76a26c6,,,,41.107889,-73.692389,33.021,6.751,6.751,12,2021,2021-01-15,2025-12-15
2023,USGS-410628073413301,d1b5a0680ad34f8092d3508ee76a26c6,,,,41.107889,-73.692389,26.853,0.583,-6.168,11,2021,2021-01-15,2025-12-15
2024,USGS-410628073413301,d1b5a0680ad34f8092d3508ee76a26c6,,,,41.107889,-73.692389,28.753,2.483,1.9,12,2021,2021-01-15,2025-12-15
2025,USGS-410628073413301,d1b5a0680ad34f8092d3508ee76a26c6,,,,41.107889,-73.692389,30.643,4.373,1.891,12,2021,2021-01-15,2025-12-15
2021,USGS-410705076334901,6a0f93b305b14637811ea5bd9c960f58,,,,41.117667,-76.5635,22.798,0,,12,2021,2021-01-15,2025-12-15
2022,USGS-410705076334901,6a0f93b305b14637811ea5bd9c960f58,,,,41.117667,-76.5635,23.269,0.471,0.471,12,2021,2021-01-15,2025-12-15
2023,USGS-410705076334901,6a0f93b305b14637811ea5bd9c960f58,,,,41.117667,-76.5635,23.216,0.418,-0.053,12,2021,2021-01-15,2025-12-15
2024,USGS-410705076334901,6a0f93b305b14637811ea5bd9c960f58,,,,41.117667,-76.5635,23.237,0.438,0.021,12,2021,2021-01-15,2025-12-15
2025,USGS-410705076334901,6a0f93b305b14637811ea5bd9c960f58,,,,41.117667,-76.5635,23.982,1.183,0.745,12,2021,2021-01-15,2025-12-15
2021,USGS-410727076402901,c7e40924ae894040adedd035539e3215,,,,41.124139,-76.674611,29.88,0,,12,2021,2021-01-15,2025-12-15
2022,USGS-410727076402901,c7e40924ae894040adedd035539e3215,,,,41.124139,-76.674611,30.532,0.652,0.652,12,2021,2021-01-15,2025-12-15
2023,USGS-410727076402901,c7e40924ae894040adedd035539e3215,,,,41.124139,-76.674611,29.931,0.051,-0.602,12,2021,2021-01-15,2025-12-15
2024,USGS-410727076402901,c7e40924ae894040adedd035539e3215,,,,41.124139,-76.674611,30.959,1.079,1.028,12,2021,2021-01-15,2025-12-15
2025,USGS-410727076402901,c7e40924ae894040adedd035539e3215,,,,41.124139,-76.674611,32.012,2.132,1.052,12,2021,2021-01-15,2025-12-15
2021,USGS-410739086365201,7ec44078b94e4ea8b17c2207f199356c,,,,41.127541,-86.614455,10.816,0,,12,2021,2021-01-15,2025-12-15
2022,USGS-410739086365201,7ec44078b94e4ea8b17c2207f199356c,,,,41.127541,-86.614455,10.101,-0.715,-0.715,12,2021,2021-01-15,2025-12-15
2023,USGS-410739086365201,7ec44078b94e4ea8b17c2207f199356c,,,,41.127541,-86.614455,10.052,-0.764,-0.049,12,2021,2021-01-15,2025-12-15
2024,USGS-410739086365201,7ec44078b94e4ea8b17c2207f199356c,,,,41.127541,-86.614455,9.479,-1.337,-0.573,9,2021,2021-01-15,2025-12-15
2025,USGS-410739086365201,7ec44078b94e4ea8b17c2207f199356c,,,,41.127541,-86.614455,10.488,-0.328,1.009,12,2021,2021-01-15,2025-12-15
2021,USGS-410804074424401,09d21ad28b004f9983e13126965e261d,,,,41.134541,-74.711831,32.031,0,,12,2021,2021-01-15,2025-12-15
2022,USGS-410804074424401,09d21ad28b004f9983e13126965e261d,,,,41.134541,-74.711831,32.516,0.486,0.486,11,2021,2021-01-15,2025-12-15
2023,USGS-410804074424401,09d21ad28b004f9983e13126965e261d,,,,41.134541,-74.711831,32.327,0.297,-0.189,12,2021,2021-01-15,2025-12-15
2024,USGS-410804074424401,09d21ad28b004f9983e13126965e261d,,,,41.134541,-74.711831,32.437,0.406,0.109,12,2021,2021-01-15,2025-12-15
2025,USGS-410804074424401,09d21ad28b004f9983e13126965e261d,,,,41.134541,-74.711831,33.23,1.199,0.793,12,2021,2021-01-15,2025-12-15
2021,USGS-410809087580801,b14bea6f3a5b4d54bf83262e0267419c,,,,41.13615,-86.96891,7.957,0,,12,2021,2021-01-15,2025-02-15
2022,USGS-410809087580801,b14bea6f3a5b4d54bf83262e0267419c,,,,41.13615,-86.96891,7.856,-0.102,-0.102,12,2021,2021-01-15,2025-02-15
2023,USGS-410809087580801,b14bea6f3a5b4d54bf83262e0267419c,,,,41.13615,-86.96891,7.984,0.027,0.128,10,2021,2021-01-15,2025-02-15
2024,USGS-410809087580801,b14bea6f3a5b4d54bf83262e0267419c,,,,41.13615,-86.96891,7.851,-0.107,-0.133,12,2021,2021-01-15,2025-02-15
2025,USGS-410809087580801,b14bea6f3a5b4d54bf83262e0267419c,,,,41.13615,-86.96891,8.015,0.058,0.164,2,2021,2021-01-15,2025-02-15
2021,USGS-410853073554001,db5f84ed6393441784e2d1d99bba82ff,,,,41.148,-73.927694,6.924,0,,12,2021,2021-01-15,2025-12-15
2022,USGS-410853073554001,db5f84ed6393441784e2d1d99bba82ff,,,,41.148,-73.927694,7.401,0.477,0.477,12,2021,2021-01-15,2025-12-15
2023,USGS-410853073554001,db5f84ed6393441784e2d1d99bba82ff,,,,41.148,-73.927694,6.768,-0.156,-0.633,12,2021,2021-01-15,2025-12-15
2024,USGS-410853073554001,db5f84ed6393441784e2d1d99bba82ff,,,,41.148,-73.927694,7.29,0.366,0.522,12,2021,2021-01-15,2025-12-15
2025,USGS-410853073554001,db5f84ed6393441784e2d1d99bba82ff,,,,41.148,-73.927694,8.304,1.38,1.014,12,2021,2021-01-15,2025-12-15
2021,USGS-410914074540401,646c51b660794cc4adddcce66aba4b22,,,,41.151667,-74.884722,18.633,0,,12,2021,2021-01-15,2025-12-15
2022,USGS-410914074540401,646c51b660794cc4adddcce66aba4b22,,,,41.151667,-74.884722,18.686,0.053,0.053,12,2021,2021-01-15,2025-12-15
2023,USGS-410914074540401,646c51b660794cc4adddcce66aba4b22,,,,41.151667,-74.884722,18.497,-0.135,-0.188,12,2021,2021-01-15,2025-12-15
2024,USGS-410914074540401,646c51b660794cc4adddcce66aba4b22,,,,41.151667,-74.884722,19.691,1.058,1.193,12,2021,2021-01-15,2025-12-15
2025,USGS-410914074540401,646c51b660794cc4adddcce66aba4b22,,,,41.151667,-74.884722,21.558,2.925,1.867,12,2021,2021-01-15,2025-12-15
2021,USGS-410917087285801,37253e9500fe4b58a0d45659b73b0a8f,,,,41.154757,-87.482811,12.725,0,,12,2021,2021-01-15,2025-04-15
2022,USGS-410917087285801,37253e9500fe4b58a0d45659b73b0a8f,,,,41.154757,-87.482811,13.691,0.966,0.966,12,2021,2021-01-15,2025-04-15
2023,USGS-410917087285801,37253e9500fe4b58a0d45659b73b0a8f,,,,41.154757,-87.482811,15.468,2.742,1.777,12,2021,2021-01-15,2025-04-15
2024,USGS-410917087285801,37253e9500fe4b58a0d45659b73b0a8f,,,,41.154757,-87.482811,13.723,0.998,-1.744,12,2021,2021-01-15,2025-04-15
2025,USGS-410917087285801,37253e9500fe4b58a0d45659b73b0a8f,,,,41.154757,-87.482811,10.78,-1.945,-2.943,4,2021,2021-01-15,2025-04-15
2021,USGS-410928074522801,c9730c42933d4a0aa9a8d37f4a10bc05,,,,41.158056,-74.872778,25.239,0,,12,2021,2021-01-15,2025-12-15
2022,USGS-410928074522801,c9730c42933d4a0aa9a8d37f4a10bc05,,,,41.158056,-74.872778,25.737,0.498,0.498,12,2021,2021-01-15,2025-12-15
2023,USGS-410928074522801,c9730c42933d4a0aa9a8d37f4a10bc05,,,,41.158056,-74.872778,25.587,0.348,-0.15,12,2021,2021-01-15,2025-12-15
2024,USGS-410928074522801,c9730c42933d4a0aa9a8d37f4a10bc05,,,,41.158056,-74.872778,25.765,0.526,0.178,12,2021,2021-01-15,2025-12-15
2025,USGS-410928074522801,c9730c42933d4a0aa9a8d37f4a10bc05,,,,41.158056,-74.872778,27.032,1.793,1.267,12,2021,2021-01-15,2025-12-15
2021,USGS-410940074583401,957c177640f443b88a41f1747292ba84,,,,41.161417,-74.976194,58.058,0,,11,2021,2021-01-15,2025-12-15
2022,USGS-410940074583401,957c177640f443b88a41f1747292ba84,,,,41.161417,-74.976194,58.436,0.378,0.378,12,2021,2021-01-15,2025-12-15
2023,USGS-410940074583401,957c177640f443b88a41f1747292ba84,,,,41.161417,-74.976194,64.915,6.857,6.479,12,2021,2021-01-15,2025-12-15
2024,USGS-410940074583401,957c177640f443b88a41f1747292ba84,,,,41.161417,-74.976194,66.987,8.929,2.072,12,2021,2021-01-15,2025-12-15
2025,USGS-410940074583401,957c177640f443b88a41f1747292ba84,,,,41.161417,-74.976194,69.258,11.2,2.271,12,2021,2021-01-15,2025-12-15
2021,USGS-411038087284701,62022c33306941b3990817b45dd552d9,,,,41.177257,-87.479756,5.387,0,,12,2021,2021-01-15,2025-03-15
2022,USGS-411038087284701,62022c33306941b3990817b45dd552d9,,,,41.177257,-87.479756,5.904,0.518,0.518,12,2021,2021-01-15,2025-03-15
2023,USGS-411038087284701,62022c33306941b3990817b45dd552d9,,,,41.177257,-87.479756,6.434,1.047,0.53,10,2021,2021-01-15,2025-03-15
2024,USGS-411038087284701,62022c33306941b3990817b45dd552d9,,,,41.177257,-87.479756,5.777,0.39,-0.657,12,2021,2021-01-15,2025-03-15
2025,USGS-411038087284701,62022c33306941b3990817b45dd552d9,,,,41.177257,-87.479756,4.447,-0.94,-1.33,3,2021,2021-01-15,2025-03-15
2021,USGS-411042085035201,9390842a86b844b0a12967a7a420bb99,,,,41.178333,-85.064444,13.068,0,,12,2021,2021-01-15,2025-05-15
2022,USGS-411042085035201,9390842a86b844b0a12967a7a420bb99,,,,41.178333,-85.064444,12.589,-0.479,-0.479,12,2021,2021-01-15,2025-05-15
2023,USGS-411042085035201,9390842a86b844b0a12967a7a420bb99,,,,41.178333,-85.064444,12.727,-0.341,0.138,12,2021,2021-01-15,2025-05-15
2024,USGS-411042085035201,9390842a86b844b0a12967a7a420bb99,,,,41.178333,-85.064444,13.525,0.457,0.798,12,2021,2021-01-15,2025-05-15
2025,USGS-411042085035201,9390842a86b844b0a12967a7a420bb99,,,,41.178333,-85.064444,13.404,0.336,-0.121,5,2021,2021-01-15,2025-05-15
2021,USGS-411223075234901,bdb536a90a294bf29aaca4b9a82755a8,,,,41.206694,-75.396611,10.732,0,,12,2021,2021-01-15,2025-12-15
2022,USGS-411223075234901,bdb536a90a294bf29aaca4b9a82755a8,,,,41.206694,-75.396611,11.37,0.637,0.637,12,2021,2021-01-15,2025-12-15
2023,USGS-411223075234901,bdb536a90a294bf29aaca4b9a82755a8,,,,41.206694,-75.396611,10.875,0.143,-0.495,12,2021,2021-01-15,2025-12-15
2024,USGS-411223075234901,bdb536a90a294bf29aaca4b9a82755a8,,,,41.206694,-75.396611,11.273,0.54,0.398,12,2021,2021-01-15,2025-12-15
2025,USGS-411223075234901,bdb536a90a294bf29aaca4b9a82755a8,,,,41.206694,-75.396611,11.579,0.847,0.307,12,2021,2021-01-15,2025-12-15
2021,USGS-411412105272001,3e9352f1e7a9478a8d2a09a1d82cf3a0,,,,41.236536,-105.455492,34.26,0,,10,2021,2021-01-15,2025-12-15
2022,USGS-411412105272001,3e9352f1e7a9478a8d2a09a1d82cf3a0,,,,41.236536,-105.455492,37.208,2.947,2.947,12,2021,2021-01-15,2025-12-15
2023,USGS-411412105272001,3e9352f1e7a9478a8d2a09a1d82cf3a0,,,,41.236536,-105.455492,38.031,3.771,0.823,12,2021,2021-01-15,2025-12-15
2024,USGS-411412105272001,3e9352f1e7a9478a8d2a09a1d82cf3a0,,,,41.236536,-105.455492,35.158,0.898,-2.873,12,2021,2021-01-15,2025-12-15
2025,USGS-411412105272001,3e9352f1e7a9478a8d2a09a1d82cf3a0,,,,41.236536,-105.455492,44.019,9.759,8.861,12,2021,2021-01-15,2025-12-15
2021,USGS-411421073481202,fd2b21bfccd94c4caf56ee3d7d5e83d8,,,,41.239361,-73.803278,12.22,0,,12,2021,2021-01-15,2025-12-15
2022,USGS-411421073481202,fd2b21bfccd94c4caf56ee3d7d5e83d8,,,,41.239361,-73.803278,13.75,1.53,1.53,12,2021,2021-01-15,2025-12-15
2023,USGS-411421073481202,fd2b21bfccd94c4caf56ee3d7d5e83d8,,,,41.239361,-73.803278,11.787,-0.433,-1.963,12,2021,2021-01-15,2025-12-15
2024,USGS-411421073481202,fd2b21bfccd94c4caf56ee3d7d5e83d8,,,,41.239361,-73.803278,12.211,-0.009,0.424,12,2021,2021-01-15,2025-12-15
2025,USGS-411421073481202,fd2b21bfccd94c4caf56ee3d7d5e83d8,,,,41.239361,-73.803278,14.006,1.786,1.795,12,2021,2021-01-15,2025-12-15
2021,USGS-411424077462201,9ffc43ccfe67449eaadc64d2ec17d9f9,,,,41.240222,-77.772778,49.303,0,,12,2021,2021-01-15,2025-12-15
2022,USGS-411424077462201,9ffc43ccfe67449eaadc64d2ec17d9f9,,,,41.240222,-77.772778,49.643,0.341,0.341,12,2021,2021-01-15,2025-12-15
2023,USGS-411424077462201,9ffc43ccfe67449eaadc64d2ec17d9f9,,,,41.240222,-77.772778,49.158,-0.145,-0.486,12,2021,2021-01-15,2025-12-15
2024,USGS-411424077462201,9ffc43ccfe67449eaadc64d2ec17d9f9,,,,41.240222,-77.772778,48.583,-0.72,-0.575,12,2021,2021-01-15,2025-12-15
2025,USGS-411424077462201,9ffc43ccfe67449eaadc64d2ec17d9f9,,,,41.240222,-77.772778,49.362,0.059,0.779,12,2021,2021-01-15,2025-12-15
2021,USGS-411734078522101,0f8e788a45804fde9f86af831113f43d,,,,41.2935,-78.872306,31.674,0,,12,2021,2021-01-15,2025-12-15
2022,USGS-411734078522101,0f8e788a45804fde9f86af831113f43d,,,,41.2935,-78.872306,34.861,3.187,3.187,12,2021,2021-01-15,2025-12-15
2023,USGS-411734078522101,0f8e788a45804fde9f86af831113f43d,,,,41.2935,-78.872306,34.159,2.485,-0.702,12,2021,2021-01-15,2025-12-15
2024,USGS-411734078522101,0f8e788a45804fde9f86af831113f43d,,,,41.2935,-78.872306,31.477,-0.198,-2.683,12,2021,2021-01-15,2025-12-15
2025,USGS-411734078522101,0f8e788a45804fde9f86af831113f43d,,,,41.2935,-78.872306,31.432,-0.242,-0.045,12,2021,2021-01-15,2025-12-15
2021,USGS-411756076162701,0e962cf38a50467590f9fbbea4943890,,,,41.299417,-76.2745,32.189,0,,12,2021,2021-01-15,2025-12-15
2022,USGS-411756076162701,0e962cf38a50467590f9fbbea4943890,,,,41.299417,-76.2745,32.689,0.5,0.5,12,2021,2021-01-15,2025-12-15
2023,USGS-411756076162701,0e962cf38a50467590f9fbbea4943890,,,,41.299417,-76.2745,32.053,-0.136,-0.636,12,2021,2021-01-15,2025-12-15
2024,USGS-411756076162701,0e962cf38a50467590f9fbbea4943890,,,,41.299417,-76.2745,32.283,0.094,0.229,11,2021,2021-01-15,2025-12-15
2025,USGS-411756076162701,0e962cf38a50467590f9fbbea4943890,,,,41.299417,-76.2745,32.867,0.678,0.584,12,2021,2021-01-15,2025-12-15
2021,USGS-411802073593001,544d9037f8464f4b90263dd4c70f9eee,,,,41.300639,-73.99125,17.741,0,,12,2021,2021-01-15,2025-12-15
2022,USGS-411802073593001,544d9037f8464f4b90263dd4c70f9eee,,,,41.300639,-73.99125,21.052,3.312,3.312,12,2021,2021-01-15,2025-12-15
2023,USGS-411802073593001,544d9037f8464f4b90263dd4c70f9eee,,,,41.300639,-73.99125,16.414,-1.327,-4.638,12,2021,2021-01-15,2025-12-15
2024,USGS-411802073593001,544d9037f8464f4b90263dd4c70f9eee,,,,41.300639,-73.99125,20.006,2.265,3.592,12,2021,2021-01-15,2025-12-15
2025,USGS-411802073593001,544d9037f8464f4b90263dd4c70f9eee,,,,41.300639,-73.99125,21.732,3.992,1.727,12,2021,2021-01-15,2025-12-15
2021,USGS-411832072325501,e93de42fa0a448d589c3ca97b0467c52,,,,41.308906,-72.548069,4.335,0,,12,2021,2021-01-15,2025-12-15
2022,USGS-411832072325501,e93de42fa0a448d589c3ca97b0467c52,,,,41.308906,-72.548069,5.737,1.402,1.402,12,2021,2021-01-15,2025-12-15
2023,USGS-411832072325501,e93de42fa0a448d589c3ca97b0467c52,,,,41.308906,-72.548069,4.543,0.208,-1.194,12,2021,2021-01-15,2025-12-15
2024,USGS-411832072325501,e93de42fa0a448d589c3ca97b0467c52,,,,41.308906,-72.548069,5.106,0.771,0.563,12,2021,2021-01-15,2025-12-15
2025,USGS-411832072325501,e93de42fa0a448d589c3ca97b0467c52,,,,41.308906,-72.548069,6.487,2.152,1.381,12,2021,2021-01-15,2025-12-15
2021,USGS-411833075133601,46c09b803af0422d9ea1b9279eca9d28,,,,41.309194,-75.226861,34.35,0,,12,2021,2021-01-15,2025-12-15
2022,USGS-411833075133601,46c09b803af0422d9ea1b9279eca9d28,,,,41.309194,-75.226861,34.644,0.294,0.294,12,2021,2021-01-15,2025-12-15
2023,USGS-411833075133601,46c09b803af0422d9ea1b9279eca9d28,,,,41.309194,-75.226861,34.904,0.554,0.26,12,2021,2021-01-15,2025-12-15
2024,USGS-411833075133601,46c09b803af0422d9ea1b9279eca9d28,,,,41.309194,-75.226861,34.234,-0.116,-0.67,12,2021,2021-01-15,2025-12-15
2025,USGS-411833075133601,46c09b803af0422d9ea1b9279eca9d28,,,,41.309194,-75.226861,35.186,0.836,0.952,12,2021,2021-01-15,2025-12-15
2021,USGS-411922085221801,69be4ab16cc14518840c9488668b28f9,,,,41.322667,-85.372083,31.573,0,,12,2021,2021-01-15,2025-12-15
2022,USGS-411922085221801,69be4ab16cc14518840c9488668b28f9,,,,41.322667,-85.372083,30.6,-0.973,-0.973,11,2021,2021-01-15,2025-12-15
2023,USGS-411922085221801,69be4ab16cc14518840c9488668b28f9,,,,41.322667,-85.372083,31.014,-0.558,0.414,12,2021,2021-01-15,2025-12-15
2024,USGS-411922085221801,69be4ab16cc14518840c9488668b28f9,,,,41.322667,-85.372083,31.315,-0.258,0.301,12,2021,2021-01-15,2025-12-15
2025,USGS-411922085221801,69be4ab16cc14518840c9488668b28f9,,,,41.322667,-85.372083,32.046,0.473,0.731,12,2021,2021-01-15,2025-12-15
2021,USGS-411958079540202,e466f1f002c04bb586a3f47002a5acfe,,,,41.331583,-79.900222,114.903,0,,12,2021,2021-01-15,2025-12-15
2022,USGS-411958079540202,e466f1f002c04bb586a3f47002a5acfe,,,,41.331583,-79.900222,111.181,-3.722,-3.722,12,2021,2021-01-15,2025-12-15
2023,USGS-411958079540202,e466f1f002c04bb586a3f47002a5acfe,,,,41.331583,-79.900222,112.553,-2.35,1.372,12,2021,2021-01-15,2025-12-15
2024,USGS-411958079540202,e466f1f002c04bb586a3f47002a5acfe,,,,41.331583,-79.900222,112.502,-2.4,-0.05,12,2021,2021-01-15,2025-12-15
2025,USGS-411958079540202,e466f1f002c04bb586a3f47002a5acfe,,,,41.331583,-79.900222,112.47,-2.433,-0.033,12,2021,2021-01-15,2025-12-15
2021,USGS-412018085483401,7d1ee11a87a64601badd3864be8f969f,,,,41.338333,-85.809444,58.718,0,,12,2021,2021-01-15,2025-12-15
2022,USGS-412018085483401,7d1ee11a87a64601badd3864be8f969f,,,,41.338333,-85.809444,59.55,0.832,0.832,12,2021,2021-01-15,2025-12-15
2023,USGS-412018085483401,7d1ee11a87a64601badd3864be8f969f,,,,41.338333,-85.809444,59.159,0.441,-0.391,9,2021,2021-01-15,2025-12-15
2024,USGS-412018085483401,7d1ee11a87a64601badd3864be8f969f,,,,41.338333,-85.809444,61.572,2.854,2.414,12,2021,2021-01-15,2025-12-15
2025,USGS-412018085483401,7d1ee11a87a64601badd3864be8f969f,,,,41.338333,-85.809444,62.163,3.444,0.59,12,2021,2021-01-15,2025-12-15
2021,USGS-412020079133901,059c4e4e6c9e4d20b5050d6e7b0dd573,,,,41.336778,-79.225528,38.317,0,,12,2021,2021-01-15,2025-12-15
2022,USGS-412020079133901,059c4e4e6c9e4d20b5050d6e7b0dd573,,,,41.336778,-79.225528,38.52,0.203,0.203,12,2021,2021-01-15,2025-12-15
2023,USGS-412020079133901,059c4e4e6c9e4d20b5050d6e7b0dd573,,,,41.336778,-79.225528,39.562,1.244,1.042,12,2021,2021-01-15,2025-12-15
2024,USGS-412020079133901,059c4e4e6c9e4d20b5050d6e7b0dd573,,,,41.336778,-79.225528,41.634,3.317,2.073,12,2021,2021-01-15,2025-12-15
2025,USGS-412020079133901,059c4e4e6c9e4d20b5050d6e7b0dd573,,,,41.336778,-79.225528,44.709,6.392,3.075,12,2021,2021-01-15,2025-12-15
2021,USGS-412149073445601,6ef0b0886ee54b7d94593d3f5507fed0,,,,41.363722,-73.74875,13.726,0,,12,2021,2021-01-15,2025-12-15
2022,USGS-412149073445601,6ef0b0886ee54b7d94593d3f5507fed0,,,,41.363722,-73.74875,14.634,0.908,0.908,12,2021,2021-01-15,2025-12-15
2023,USGS-412149073445601,6ef0b0886ee54b7d94593d3f5507fed0,,,,41.363722,-73.74875,13.207,-0.519,-1.428,12,2021,2021-01-15,2025-12-15
2024,USGS-412149073445601,6ef0b0886ee54b7d94593d3f5507fed0,,,,41.363722,-73.74875,13.998,0.272,0.791,12,2021,2021-01-15,2025-12-15
2025,USGS-412149073445601,6ef0b0886ee54b7d94593d3f5507fed0,,,,41.363722,-73.74875,14.287,0.562,0.29,12,2021,2021-01-15,2025-12-15
2021,USGS-412154071462901,2d469ad70ddd42fcac3774e305f6eca7,,,,41.3651,-71.774234,12.518,0,,12,2021,2021-01-15,2025-12-15
2022,USGS-412154071462901,2d469ad70ddd42fcac3774e305f6eca7,,,,41.3651,-71.774234,12.945,0.427,0.427,12,2021,2021-01-15,2025-12-15
2023,USGS-412154071462901,2d469ad70ddd42fcac3774e305f6eca7,,,,41.3651,-71.774234,12.418,-0.1,-0.527,12,2021,2021-01-15,2025-12-15
2024,USGS-412154071462901,2d469ad70ddd42fcac3774e305f6eca7,,,,41.3651,-71.774234,11.965,-0.553,-0.453,12,2021,2021-01-15,2025-12-15
2025,USGS-412154071462901,2d469ad70ddd42fcac3774e305f6eca7,,,,41.3651,-71.774234,12.814,0.296,0.849,12,2021,2021-01-15,2025-12-15
2021,USGS-412304084440601,db829801656a4d96a880e79328f89e16,,,,41.384394,-84.735011,58.665,0,,4,2021,2021-09-15,2025-12-15
2022,USGS-412304084440601,db829801656a4d96a880e79328f89e16,,,,41.384394,-84.735011,57.888,-0.777,-0.777,12,2021,2021-09-15,2025-12-15
2023,USGS-412304084440601,db829801656a4d96a880e79328f89e16,,,,41.384394,-84.735011,58.46,-0.205,0.572,12,2021,2021-09-15,2025-12-15
2024,USGS-412304084440601,db829801656a4d96a880e79328f89e16,,,,41.384394,-84.735011,58.843,0.178,0.383,12,2021,2021-09-15,2025-12-15
2025,USGS-412304084440601,db829801656a4d96a880e79328f89e16,,,,41.384394,-84.735011,59.315,0.65,0.473,12,2021,2021-09-15,2025-12-15
2021,USGS-412306084240000,234c4844ebf044b691b7e20a5159a248,,,,41.385281,-84.399925,34.197,0,,12,2021,2021-01-15,2025-12-15
2022,USGS-412306084240000,234c4844ebf044b691b7e20a5159a248,,,,41.385281,-84.399925,33.667,-0.53,-0.53,12,2021,2021-01-15,2025-12-15
2023,USGS-412306084240000,234c4844ebf044b691b7e20a5159a248,,,,41.385281,-84.399925,34.032,-0.165,0.365,12,2021,2021-01-15,2025-12-15
2024,USGS-412306084240000,234c4844ebf044b691b7e20a5159a248,,,,41.385281,-84.399925,34.487,0.29,0.455,12,2021,2021-01-15,2025-12-15
2025,USGS-412306084240000,234c4844ebf044b691b7e20a5159a248,,,,41.385281,-84.399925,34.873,0.676,0.386,12,2021,2021-01-15,2025-12-15
2021,USGS-412346070353403,ab6335bce4124237a2bdb4cbc2beff51,,,,41.396226,-70.59225,18.133,0,,12,2021,2021-01-15,2025-12-15
2022,USGS-412346070353403,ab6335bce4124237a2bdb4cbc2beff51,,,,41.396226,-70.59225,18.929,0.797,0.797,12,2021,2021-01-15,2025-12-15
2023,USGS-412346070353403,ab6335bce4124237a2bdb4cbc2beff51,,,,41.396226,-70.59225,18.768,0.636,-0.161,12,2021,2021-01-15,2025-12-15
2024,USGS-412346070353403,ab6335bce4124237a2bdb4cbc2beff51,,,,41.396226,-70.59225,17.865,-0.268,-0.903,12,2021,2021-01-15,2025-12-15
2025,USGS-412346070353403,ab6335bce4124237a2bdb4cbc2beff51,,,,41.396226,-70.59225,18.633,0.5,0.768,12,2021,2021-01-15,2025-12-15
2021,USGS-412350086512801,5af4210967204b83b5327b9d1a236291,,,,41.39724,-86.857768,7.294,0,,12,2021,2021-01-15,2025-12-15
2022,USGS-412350086512801,5af4210967204b83b5327b9d1a236291,,,,41.39724,-86.857768,7.12,-0.174,-0.174,12,2021,2021-01-15,2025-12-15
2023,USGS-412350086512801,5af4210967204b83b5327b9d1a236291,,,,41.39724,-86.857768,6.79,-0.504,-0.33,12,2021,2021-01-15,2025-12-15
2024,USGS-412350086512801,5af4210967204b83b5327b9d1a236291,,,,41.39724,-86.857768,6.423,-0.872,-0.367,12,2021,2021-01-15,2025-12-15
2025,USGS-412350086512801,5af4210967204b83b5327b9d1a236291,,,,41.39724,-86.857768,7.86,0.566,1.438,10,2021,2021-01-15,2025-12-15
2021,USGS-412427076594401,ea5a6ce291a34c3d9d84bfa4f708896e,,,,41.407917,-76.99475,98.927,0,,12,2021,2021-01-15,2025-12-15
2022,USGS-412427076594401,ea5a6ce291a34c3d9d84bfa4f708896e,,,,41.407917,-76.99475,99.075,0.148,0.148,12,2021,2021-01-15,2025-12-15
2023,USGS-412427076594401,ea5a6ce291a34c3d9d84bfa4f708896e,,,,41.407917,-76.99475,99.396,0.469,0.321,12,2021,2021-01-15,2025-12-15
2024,USGS-412427076594401,ea5a6ce291a34c3d9d84bfa4f708896e,,,,41.407917,-76.99475,98.945,0.018,-0.451,12,2021,2021-01-15,2025-12-15
2025,USGS-412427076594401,ea5a6ce291a34c3d9d84bfa4f708896e,,,,41.407917,-76.99475,100.154,1.228,1.209,12,2021,2021-01-15,2025-12-15
2021,USGS-412429073165101,a4e2ce7cc4354dd5b34b660f30a0f53f,,,,41.408206,-73.28055,4.841,0,,12,2021,2021-01-15,2025-12-15
2022,USGS-412429073165101,a4e2ce7cc4354dd5b34b660f30a0f53f,,,,41.408206,-73.28055,6.352,1.511,1.511,12,2021,2021-01-15,2025-12-15
2023,USGS-412429073165101,a4e2ce7cc4354dd5b34b660f30a0f53f,,,,41.408206,-73.28055,4.54,-0.301,-1.812,11,2021,2021-01-15,2025-12-15
2024,USGS-412429073165101,a4e2ce7cc4354dd5b34b660f30a0f53f,,,,41.408206,-73.28055,4.873,0.033,0.333,12,2021,2021-01-15,2025-12-15
2025,USGS-412429073165101,a4e2ce7cc4354dd5b34b660f30a0f53f,,,,41.408206,-73.28055,6.904,2.063,2.031,12,2021,2021-01-15,2025-12-15
2021,USGS-412458078324601,0bdd7534bf3b418ea7523683c579f5d1,,,,41.416194,-78.545194,4.375,0,,12,2021,2021-01-15,2025-12-15
2022,USGS-412458078324601,0bdd7534bf3b418ea7523683c579f5d1,,,,41.416194,-78.545194,4.202,-0.173,-0.173,12,2021,2021-01-15,2025-12-15
2023,USGS-412458078324601,0bdd7534bf3b418ea7523683c579f5d1,,,,41.416194,-78.545194,4.399,0.024,0.197,12,2021,2021-01-15,2025-12-15
2024,USGS-412458078324601,0bdd7534bf3b418ea7523683c579f5d1,,,,41.416194,-78.545194,4.438,0.063,0.039,12,2021,2021-01-15,2025-12-15
2025,USGS-412458078324601,0bdd7534bf3b418ea7523683c579f5d1,,,,41.416194,-78.545194,4.648,0.273,0.21,12,2021,2021-01-15,2025-12-15
2021,USGS-412611081210600,66d2bc6c53fe4eb2ad070c1e9b94c4fb,,,,41.436442,-81.351499,187.074,0,,12,2021,2021-01-15,2025-12-15
2022,USGS-412611081210600,66d2bc6c53fe4eb2ad070c1e9b94c4fb,,,,41.436442,-81.351499,187.263,0.188,0.188,12,2021,2021-01-15,2025-12-15
2023,USGS-412611081210600,66d2bc6c53fe4eb2ad070c1e9b94c4fb,,,,41.436442,-81.351499,186.172,-0.902,-1.09,12,2021,2021-01-15,2025-12-15
2024,USGS-412611081210600,66d2bc6c53fe4eb2ad070c1e9b94c4fb,,,,41.436442,-81.351499,184.648,-2.427,-1.525,12,2021,2021-01-15,2025-12-15
2025,USGS-412611081210600,66d2bc6c53fe4eb2ad070c1e9b94c4fb,,,,41.436442,-81.351499,185.852,-1.222,1.205,12,2021,2021-01-15,2025-12-15
2021,USGS-412637074362301,60c8f4dfd69f47b49c506826d929f527,,,,41.443611,-74.606389,6.352,0,,12,2021,2021-01-15,2025-12-15
2022,USGS-412637074362301,60c8f4dfd69f47b49c506826d929f527,,,,41.443611,-74.606389,6.598,0.247,0.247,11,2021,2021-01-15,2025-12-15
2023,USGS-412637074362301,60c8f4dfd69f47b49c506826d929f527,,,,41.443611,-74.606389,6.467,0.115,-0.132,12,2021,2021-01-15,2025-12-15
2024,USGS-412637074362301,60c8f4dfd69f47b49c506826d929f527,,,,41.443611,-74.606389,6.515,0.163,0.048,12,2021,2021-01-15,2025-12-15
2025,USGS-412637074362301,60c8f4dfd69f47b49c506826d929f527,,,,41.443611,-74.606389,6.862,0.51,0.347,12,2021,2021-01-15,2025-12-15
2021,USGS-412708076150201,5d9e98218454489eba840ee7ffc5bf79,,,,41.452278,-76.250528,43.53,0,,10,2021,2021-01-15,2025-12-15
2022,USGS-412708076150201,5d9e98218454489eba840ee7ffc5bf79,,,,41.452278,-76.250528,44.148,0.618,0.618,12,2021,2021-01-15,2025-12-15
2023,USGS-412708076150201,5d9e98218454489eba840ee7ffc5bf79,,,,41.452278,-76.250528,43.283,-0.247,-0.866,11,2021,2021-01-15,2025-12-15
2024,USGS-412708076150201,5d9e98218454489eba840ee7ffc5bf79,,,,41.452278,-76.250528,43.653,0.123,0.37,11,2021,2021-01-15,2025-12-15
2025,USGS-412708076150201,5d9e98218454489eba840ee7ffc5bf79,,,,41.452278,-76.250528,44.219,0.689,0.566,12,2021,2021-01-15,2025-12-15
2021,USGS-412714073331301,aa64df0ae8de4b37bee30e235e68368f,,,,41.454111,-73.553361,2.433,0,,12,2021,2021-01-15,2025-12-15
2022,USGS-412714073331301,aa64df0ae8de4b37bee30e235e68368f,,,,41.454111,-73.553361,2.97,0.537,0.537,12,2021,2021-01-15,2025-12-15
2023,USGS-412714073331301,aa64df0ae8de4b37bee30e235e68368f,,,,41.454111,-73.553361,2.197,-0.236,-0.773,12,2021,2021-01-15,2025-12-15
2024,USGS-412714073331301,aa64df0ae8de4b37bee30e235e68368f,,,,41.454111,-73.553361,2.844,0.412,0.647,12,2021,2021-01-15,2025-12-15
2025,USGS-412714073331301,aa64df0ae8de4b37bee30e235e68368f,,,,41.454111,-73.553361,2.613,0.181,-0.231,12,2021,2021-01-15,2025-12-15
2021,USGS-412732078034201,03c6fc51ce6a43d0ad393aaaecb94e9f,,,,41.458806,-78.061778,21.673,0,,12,2021,2021-01-15,2025-12-15
2022,USGS-412732078034201,03c6fc51ce6a43d0ad393aaaecb94e9f,,,,41.458806,-78.061778,21.869,0.196,0.196,12,2021,2021-01-15,2025-12-15
2023,USGS-412732078034201,03c6fc51ce6a43d0ad393aaaecb94e9f,,,,41.458806,-78.061778,21.785,0.112,-0.084,12,2021,2021-01-15,2025-12-15
2024,USGS-412732078034201,03c6fc51ce6a43d0ad393aaaecb94e9f,,,,41.458806,-78.061778,21.585,-0.088,-0.2,12,2021,2021-01-15,2025-12-15
2025,USGS-412732078034201,03c6fc51ce6a43d0ad393aaaecb94e9f,,,,41.458806,-78.061778,21.928,0.255,0.343,12,2021,2021-01-15,2025-12-15
2021,USGS-412739080104201,a580778dedd14a06b7f356901d7daaf1,,,,41.460889,-80.178417,24.679,0,,12,2021,2021-01-15,2025-12-15
2022,USGS-412739080104201,a580778dedd14a06b7f356901d7daaf1,,,,41.460889,-80.178417,23.939,-0.74,-0.74,12,2021,2021-01-15,2025-12-15
2023,USGS-412739080104201,a580778dedd14a06b7f356901d7daaf1,,,,41.460889,-80.178417,24.197,-0.483,0.258,12,2021,2021-01-15,2025-12-15
2024,USGS-412739080104201,a580778dedd14a06b7f356901d7daaf1,,,,41.460889,-80.178417,24.172,-0.507,-0.024,12,2021,2021-01-15,2025-12-15
2025,USGS-412739080104201,a580778dedd14a06b7f356901d7daaf1,,,,41.460889,-80.178417,24.381,-0.298,0.208,12,2021,2021-01-15,2025-12-15
2021,USGS-412803084480401,38fe5607a575488393185b66604e18ab,,,,41.467494,-84.80105,25.233,0,,4,2021,2021-09-15,2025-12-15
2022,USGS-412803084480401,38fe5607a575488393185b66604e18ab,,,,41.467494,-84.80105,25.072,-0.161,-0.161,11,2021,2021-09-15,2025-12-15
2023,USGS-412803084480401,38fe5607a575488393185b66604e18ab,,,,41.467494,-84.80105,25.694,0.462,0.622,12,2021,2021-09-15,2025-12-15
2024,USGS-412803084480401,38fe5607a575488393185b66604e18ab,,,,41.467494,-84.80105,25.822,0.589,0.128,12,2021,2021-09-15,2025-12-15
2025,USGS-412803084480401,38fe5607a575488393185b66604e18ab,,,,41.467494,-84.80105,26.35,1.118,0.528,12,2021,2021-09-15,2025-12-15
2021,USGS-412823079030601,79310c0506bc48329272f25deed00abe,,,,41.473472,-79.050833,7.71,0,,12,2021,2021-01-15,2025-12-15
2022,USGS-412823079030601,79310c0506bc48329272f25deed00abe,,,,41.473472,-79.050833,8.292,0.582,0.582,12,2021,2021-01-15,2025-12-15
2023,USGS-412823079030601,79310c0506bc48329272f25deed00abe,,,,41.473472,-79.050833,8.947,1.237,0.656,11,2021,2021-01-15,2025-12-15
2024,USGS-412823079030601,79310c0506bc48329272f25deed00abe,,,,41.473472,-79.050833,8.649,0.939,-0.298,12,2021,2021-01-15,2025-12-15
2025,USGS-412823079030601,79310c0506bc48329272f25deed00abe,,,,41.473472,-79.050833,8.668,0.958,0.018,12,2021,2021-01-15,2025-12-15
2021,USGS-412825072410501,cb345c1cc49746ce931003e0a86cf4fa,,,,41.472706,-72.683908,10.693,0,,12,2021,2021-01-15,2025-12-15
2022,USGS-412825072410501,cb345c1cc49746ce931003e0a86cf4fa,,,,41.472706,-72.683908,10.882,0.189,0.189,12,2021,2021-01-15,2025-12-15
2023,USGS-412825072410501,cb345c1cc49746ce931003e0a86cf4fa,,,,41.472706,-72.683908,10.253,-0.439,-0.628,12,2021,2021-01-15,2025-12-15
2024,USGS-412825072410501,cb345c1cc49746ce931003e0a86cf4fa,,,,41.472706,-72.683908,10.795,0.102,0.542,12,2021,2021-01-15,2025-12-15
2025,USGS-412825072410501,cb345c1cc49746ce931003e0a86cf4fa,,,,41.472706,-72.683908,11.341,0.648,0.546,12,2021,2021-01-15,2025-12-15
2021,USGS-412844071422802,904b5245e6c8440eae6ea7b2c8a37a35,,,,41.478989,-71.707289,33.23,0,,12,2021,2021-01-15,2025-12-15
2022,USGS-412844071422802,904b5245e6c8440eae6ea7b2c8a37a35,,,,41.478989,-71.707289,34.079,0.849,0.849,12,2021,2021-01-15,2025-12-15
2023,USGS-412844071422802,904b5245e6c8440eae6ea7b2c8a37a35,,,,41.478989,-71.707289,33.492,0.262,-0.587,12,2021,2021-01-15,2025-12-15
2024,USGS-412844071422802,904b5245e6c8440eae6ea7b2c8a37a35,,,,41.478989,-71.707289,32.474,-0.756,-1.018,12,2021,2021-01-15,2025-12-15
2025,USGS-412844071422802,904b5245e6c8440eae6ea7b2c8a37a35,,,,41.478989,-71.707289,32.581,-0.649,0.107,12,2021,2021-01-15,2025-12-15
2021,USGS-412846074470201,c801506cc7854215a5bcfec5f510934e,,,,41.479444,-74.784139,14.14,0,,12,2021,2021-01-15,2025-09-15
2022,USGS-412846074470201,c801506cc7854215a5bcfec5f510934e,,,,41.479444,-74.784139,17.666,3.526,3.526,12,2021,2021-01-15,2025-09-15
2023,USGS-412846074470201,c801506cc7854215a5bcfec5f510934e,,,,41.479444,-74.784139,14.219,0.079,-3.447,12,2021,2021-01-15,2025-09-15
2024,USGS-412846074470201,c801506cc7854215a5bcfec5f510934e,,,,41.479444,-74.784139,17.713,3.573,3.493,12,2021,2021-01-15,2025-09-15
2025,USGS-412846074470201,c801506cc7854215a5bcfec5f510934e,,,,41.479444,-74.784139,16.46,2.32,-1.253,9,2021,2021-01-15,2025-09-15
2021,USGS-412916073121701,b564d9d251934a0e91f9a1d7d0dfdd98,,,,41.487767,-73.20426,13.014,0,,12,2021,2021-01-15,2025-12-15
2022,USGS-412916073121701,b564d9d251934a0e91f9a1d7d0dfdd98,,,,41.487767,-73.20426,15.362,2.347,2.347,12,2021,2021-01-15,2025-12-15
2023,USGS-412916073121701,b564d9d251934a0e91f9a1d7d0dfdd98,,,,41.487767,-73.20426,13.237,0.222,-2.125,12,2021,2021-01-15,2025-12-15
2024,USGS-412916073121701,b564d9d251934a0e91f9a1d7d0dfdd98,,,,41.487767,-73.20426,13.983,0.969,0.747,12,2021,2021-01-15,2025-12-15
2025,USGS-412916073121701,b564d9d251934a0e91f9a1d7d0dfdd98,,,,41.487767,-73.20426,15.102,2.087,1.118,12,2021,2021-01-15,2025-12-15
2021,USGS-412918071321001,ebd3fc7115434452bb03d2d0e8d7214f,,,,41.488434,-71.535616,11.304,0,,12,2021,2021-01-15,2025-12-15
2022,USGS-412918071321001,ebd3fc7115434452bb03d2d0e8d7214f,,,,41.488434,-71.535616,11.682,0.377,0.377,12,2021,2021-01-15,2025-12-15
2023,USGS-412918071321001,ebd3fc7115434452bb03d2d0e8d7214f,,,,41.488434,-71.535616,11.343,0.038,-0.339,12,2021,2021-01-15,2025-12-15
2024,USGS-412918071321001,ebd3fc7115434452bb03d2d0e8d7214f,,,,41.488434,-71.535616,10.878,-0.426,-0.464,12,2021,2021-01-15,2025-12-15
2025,USGS-412918071321001,ebd3fc7115434452bb03d2d0e8d7214f,,,,41.488434,-71.535616,12.192,0.888,1.314,12,2021,2021-01-15,2025-12-15
2021,USGS-412932071374302,29b566a85710404a998eda378efe8475,,,,41.492323,-71.628119,6.938,0,,12,2021,2021-01-15,2025-12-15
2022,USGS-412932071374302,29b566a85710404a998eda378efe8475,,,,41.492323,-71.628119,7.157,0.219,0.219,12,2021,2021-01-15,2025-12-15
2023,USGS-412932071374302,29b566a85710404a998eda378efe8475,,,,41.492323,-71.628119,6.915,-0.023,-0.243,12,2021,2021-01-15,2025-12-15
2024,USGS-412932071374302,29b566a85710404a998eda378efe8475,,,,41.492323,-71.628119,6.684,-0.254,-0.231,12,2021,2021-01-15,2025-12-15
2025,USGS-412932071374302,29b566a85710404a998eda378efe8475,,,,41.492323,-71.628119,7.219,0.281,0.535,12,2021,2021-01-15,2025-12-15
2021,USGS-413026076352901,83102442a4bf4ad982fe81834e6be8db,,,,41.507056,-76.59025,25.538,0,,12,2021,2021-01-15,2025-12-15
2022,USGS-413026076352901,83102442a4bf4ad982fe81834e6be8db,,,,41.507056,-76.59025,26.579,1.041,1.041,12,2021,2021-01-15,2025-12-15
2023,USGS-413026076352901,83102442a4bf4ad982fe81834e6be8db,,,,41.507056,-76.59025,26.719,1.181,0.14,12,2021,2021-01-15,2025-12-15
2024,USGS-413026076352901,83102442a4bf4ad982fe81834e6be8db,,,,41.507056,-76.59025,26.067,0.528,-0.652,12,2021,2021-01-15,2025-12-15
2025,USGS-413026076352901,83102442a4bf4ad982fe81834e6be8db,,,,41.507056,-76.59025,26.991,1.453,0.924,12,2021,2021-01-15,2025-12-15
2021,USGS-413121085481301,52c65ee87a664599b481a8b08c46f16c,,,,41.522827,-85.803881,15.458,0,,12,2021,2021-01-15,2025-12-15
2022,USGS-413121085481301,52c65ee87a664599b481a8b08c46f16c,,,,41.522827,-85.803881,14.391,-1.068,-1.068,12,2021,2021-01-15,2025-12-15
2023,USGS-413121085481301,52c65ee87a664599b481a8b08c46f16c,,,,41.522827,-85.803881,15.121,-0.338,0.73,12,2021,2021-01-15,2025-12-15
2024,USGS-413121085481301,52c65ee87a664599b481a8b08c46f16c,,,,41.522827,-85.803881,15.054,-0.404,-0.067,12,2021,2021-01-15,2025-12-15
2025,USGS-413121085481301,52c65ee87a664599b481a8b08c46f16c,,,,41.522827,-85.803881,15.459,0.001,0.405,12,2021,2021-01-15,2025-12-15
2021,USGS-413139086341401,95f8e9f570e64eef94262980d7f9787c,,,,41.527822,-86.569461,7.466,0,,12,2021,2021-01-15,2025-04-15
2022,USGS-413139086341401,95f8e9f570e64eef94262980d7f9787c,,,,41.527822,-86.569461,6.465,-1.001,-1.001,6,2021,2021-01-15,2025-04-15
2023,USGS-413139086341401,95f8e9f570e64eef94262980d7f9787c,,,,41.527822,-86.569461,8.227,0.762,1.762,4,2021,2021-01-15,2025-04-15
2024,USGS-413139086341401,95f8e9f570e64eef94262980d7f9787c,,,,41.527822,-86.569461,6.863,-0.603,-1.365,12,2021,2021-01-15,2025-04-15
2025,USGS-413139086341401,95f8e9f570e64eef94262980d7f9787c,,,,41.527822,-86.569461,6.958,-0.508,0.095,4,2021,2021-01-15,2025-04-15
2021,USGS-413141084544201,abb484072a564e6a8e054f7391c435ff,,,,41.528056,-84.911667,10.268,0,,12,2021,2021-01-15,2025-05-15
2022,USGS-413141084544201,abb484072a564e6a8e054f7391c435ff,,,,41.528056,-84.911667,9.272,-0.995,-0.995,12,2021,2021-01-15,2025-05-15
2023,USGS-413141084544201,abb484072a564e6a8e054f7391c435ff,,,,41.528056,-84.911667,9.723,-0.545,0.45,11,2021,2021-01-15,2025-05-15
2024,USGS-413141084544201,abb484072a564e6a8e054f7391c435ff,,,,41.528056,-84.911667,9.973,-0.295,0.25,11,2021,2021-01-15,2025-05-15
2025,USGS-413141084544201,abb484072a564e6a8e054f7391c435ff,,,,41.528056,-84.911667,10.352,0.085,0.379,5,2021,2021-01-15,2025-05-15
2021,USGS-413252071323601,4336181ddea5415591ff67e377b6f666,,,,41.547879,-71.542839,9.069,0,,12,2021,2021-01-15,2025-12-15
2022,USGS-413252071323601,4336181ddea5415591ff67e377b6f666,,,,41.547879,-71.542839,9.909,0.84,0.84,12,2021,2021-01-15,2025-12-15
2023,USGS-413252071323601,4336181ddea5415591ff67e377b6f666,,,,41.547879,-71.542839,9,-0.069,-0.909,12,2021,2021-01-15,2025-12-15
2024,USGS-413252071323601,4336181ddea5415591ff67e377b6f666,,,,41.547879,-71.542839,9.437,0.368,0.437,12,2021,2021-01-15,2025-12-15
2025,USGS-413252071323601,4336181ddea5415591ff67e377b6f666,,,,41.547879,-71.542839,10.36,1.291,0.923,12,2021,2021-01-15,2025-12-15
2021,USGS-413346075421301,d557de30d4704477bb7ff44cada2818d,,,,41.562917,-75.703722,54.925,0,,12,2021,2021-01-15,2025-12-15
2022,USGS-413346075421301,d557de30d4704477bb7ff44cada2818d,,,,41.562917,-75.703722,54.792,-0.133,-0.133,12,2021,2021-01-15,2025-12-15
2023,USGS-413346075421301,d557de30d4704477bb7ff44cada2818d,,,,41.562917,-75.703722,53.878,-1.047,-0.913,12,2021,2021-01-15,2025-12-15
2024,USGS-413346075421301,d557de30d4704477bb7ff44cada2818d,,,,41.562917,-75.703722,53.882,-1.042,0.004,12,2021,2021-01-15,2025-12-15
2025,USGS-413346075421301,d557de30d4704477bb7ff44cada2818d,,,,41.562917,-75.703722,55.494,0.569,1.612,12,2021,2021-01-15,2025-12-15
2021,USGS-413358071433801,1809c3baae554650a19f6de2779ba13d,,,,41.566211,-71.726734,14.481,0,,12,2021,2021-01-15,2025-12-15
2022,USGS-413358071433801,1809c3baae554650a19f6de2779ba13d,,,,41.566211,-71.726734,15.133,0.652,0.652,12,2021,2021-01-15,2025-12-15
2023,USGS-413358071433801,1809c3baae554650a19f6de2779ba13d,,,,41.566211,-71.726734,14.413,-0.068,-0.72,12,2021,2021-01-15,2025-12-15
2024,USGS-413358071433801,1809c3baae554650a19f6de2779ba13d,,,,41.566211,-71.726734,13.559,-0.922,-0.853,12,2021,2021-01-15,2025-12-15
2025,USGS-413358071433801,1809c3baae554650a19f6de2779ba13d,,,,41.566211,-71.726734,15.439,0.958,1.88,12,2021,2021-01-15,2025-12-15
2021,USGS-413428074085701,544966feb2e34f7ebf771da85c9b9fe0,,,,41.574361,-74.149278,4.253,0,,12,2021,2021-01-15,2025-12-15
2022,USGS-413428074085701,544966feb2e34f7ebf771da85c9b9fe0,,,,41.574361,-74.149278,5.267,1.014,1.014,12,2021,2021-01-15,2025-12-15
2023,USGS-413428074085701,544966feb2e34f7ebf771da85c9b9fe0,,,,41.574361,-74.149278,3.764,-0.488,-1.502,12,2021,2021-01-15,2025-12-15
2024,USGS-413428074085701,544966feb2e34f7ebf771da85c9b9fe0,,,,41.574361,-74.149278,4.702,0.45,0.938,12,2021,2021-01-15,2025-12-15
2025,USGS-413428074085701,544966feb2e34f7ebf771da85c9b9fe0,,,,41.574361,-74.149278,4.872,0.62,0.17,12,2021,2021-01-15,2025-12-15
2021,USGS-413434086434701,c326d1c63e0647b3a3ecd15f9c44cc5b,,,,41.576154,-86.729744,20.314,0,,12,2021,2021-01-15,2025-04-15
2022,USGS-413434086434701,c326d1c63e0647b3a3ecd15f9c44cc5b,,,,41.576154,-86.729744,20.412,0.098,0.098,12,2021,2021-01-15,2025-04-15
2023,USGS-413434086434701,c326d1c63e0647b3a3ecd15f9c44cc5b,,,,41.576154,-86.729744,20.585,0.271,0.173,12,2021,2021-01-15,2025-04-15
2024,USGS-413434086434701,c326d1c63e0647b3a3ecd15f9c44cc5b,,,,41.576154,-86.729744,19.579,-0.735,-1.006,12,2021,2021-01-15,2025-04-15
2025,USGS-413434086434701,c326d1c63e0647b3a3ecd15f9c44cc5b,,,,41.576154,-86.729744,20.8,0.486,1.221,4,2021,2021-01-15,2025-04-15
2021,USGS-413535072253701,a4cbee095cdc4225a04517c64ebf6738,,,,41.593133,-72.426422,4.026,0,,12,2021,2021-01-15,2025-12-15
2022,USGS-413535072253701,a4cbee095cdc4225a04517c64ebf6738,,,,41.593133,-72.426422,6.569,2.543,2.543,12,2021,2021-01-15,2025-12-15
2023,USGS-413535072253701,a4cbee095cdc4225a04517c64ebf6738,,,,41.593133,-72.426422,3.946,-0.08,-2.623,12,2021,2021-01-15,2025-12-15
2024,USGS-413535072253701,a4cbee095cdc4225a04517c64ebf6738,,,,41.593133,-72.426422,5.296,1.27,1.35,12,2021,2021-01-15,2025-12-15
2025,USGS-413535072253701,a4cbee095cdc4225a04517c64ebf6738,,,,41.593133,-72.426422,6.733,2.707,1.438,12,2021,2021-01-15,2025-12-15
2021,USGS-413542080245002,f7cd07ccd2d8457eaab222da2c7e9eae,,,,41.595333,-80.41375,50.096,0,,12,2021,2021-01-15,2025-12-15
2022,USGS-413542080245002,f7cd07ccd2d8457eaab222da2c7e9eae,,,,41.595333,-80.41375,50.261,0.165,0.165,12,2021,2021-01-15,2025-12-15
2023,USGS-413542080245002,f7cd07ccd2d8457eaab222da2c7e9eae,,,,41.595333,-80.41375,51.003,0.907,0.742,12,2021,2021-01-15,2025-12-15
2024,USGS-413542080245002,f7cd07ccd2d8457eaab222da2c7e9eae,,,,41.595333,-80.41375,51.252,1.156,0.248,12,2021,2021-01-15,2025-12-15
2025,USGS-413542080245002,f7cd07ccd2d8457eaab222da2c7e9eae,,,,41.595333,-80.41375,50.141,0.045,-1.111,12,2021,2021-01-15,2025-12-15
2021,USGS-413559087270301,bdf12cfc6db34aa5ac7c70f564fa16ab,,,,41.599758,-87.450874,1.865,0,,11,2021,2021-01-15,2025-12-15
2022,USGS-413559087270301,bdf12cfc6db34aa5ac7c70f564fa16ab,,,,41.599758,-87.450874,1.734,-0.131,-0.131,12,2021,2021-01-15,2025-12-15
2023,USGS-413559087270301,bdf12cfc6db34aa5ac7c70f564fa16ab,,,,41.599758,-87.450874,1.543,-0.323,-0.192,12,2021,2021-01-15,2025-12-15
2024,USGS-413559087270301,bdf12cfc6db34aa5ac7c70f564fa16ab,,,,41.599758,-87.450874,1.561,-0.305,0.018,11,2021,2021-01-15,2025-12-15
2025,USGS-413559087270301,bdf12cfc6db34aa5ac7c70f564fa16ab,,,,41.599758,-87.450874,2.176,0.31,0.615,12,2021,2021-01-15,2025-12-15
2021,USGS-413754084540601,a5d0d44ec5b74faba015681da1bc18a1,,,,41.631667,-84.901667,22.083,0,,12,2021,2021-01-15,2025-05-15
2022,USGS-413754084540601,a5d0d44ec5b74faba015681da1bc18a1,,,,41.631667,-84.901667,20.814,-1.269,-1.269,12,2021,2021-01-15,2025-05-15
2023,USGS-413754084540601,a5d0d44ec5b74faba015681da1bc18a1,,,,41.631667,-84.901667,21.837,-0.246,1.023,10,2021,2021-01-15,2025-05-15
2024,USGS-413754084540601,a5d0d44ec5b74faba015681da1bc18a1,,,,41.631667,-84.901667,22.263,0.18,0.426,12,2021,2021-01-15,2025-05-15
2025,USGS-413754084540601,a5d0d44ec5b74faba015681da1bc18a1,,,,41.631667,-84.901667,22.618,0.535,0.355,5,2021,2021-01-15,2025-05-15
2021,USGS-413754084540602,5c0bbaae31444452b7b438e99351e651,,,,41.631667,-84.901667,35.151,0,,12,2021,2021-01-15,2025-05-15
2022,USGS-413754084540602,5c0bbaae31444452b7b438e99351e651,,,,41.631667,-84.901667,34.08,-1.071,-1.071,12,2021,2021-01-15,2025-05-15
2023,USGS-413754084540602,5c0bbaae31444452b7b438e99351e651,,,,41.631667,-84.901667,35.338,0.188,1.258,12,2021,2021-01-15,2025-05-15
2024,USGS-413754084540602,5c0bbaae31444452b7b438e99351e651,,,,41.631667,-84.901667,35.528,0.378,0.19,12,2021,2021-01-15,2025-05-15
2025,USGS-413754084540602,5c0bbaae31444452b7b438e99351e651,,,,41.631667,-84.901667,35.408,0.257,-0.12,5,2021,2021-01-15,2025-05-15
2021,USGS-413801070322703,6204fe45112642d18f97855ad9c748a6,,,,41.633797,-70.540675,6.936,0,,12,2021,2021-01-15,2025-12-15
2022,USGS-413801070322703,6204fe45112642d18f97855ad9c748a6,,,,41.633797,-70.540675,6.753,-0.182,-0.182,12,2021,2021-01-15,2025-12-15
2023,USGS-413801070322703,6204fe45112642d18f97855ad9c748a6,,,,41.633797,-70.540675,6.807,-0.129,0.053,12,2021,2021-01-15,2025-12-15
2024,USGS-413801070322703,6204fe45112642d18f97855ad9c748a6,,,,41.633797,-70.540675,6.113,-0.822,-0.693,12,2021,2021-01-15,2025-12-15
2025,USGS-413801070322703,6204fe45112642d18f97855ad9c748a6,,,,41.633797,-70.540675,7.526,0.59,1.413,12,2021,2021-01-15,2025-12-15
2021,USGS-413812084444601,fa515048c930410888ac94c3e8614227,,,,41.636606,-84.746128,43.574,0,,8,2021,2021-05-15,2025-12-15
2022,USGS-413812084444601,fa515048c930410888ac94c3e8614227,,,,41.636606,-84.746128,42.865,-0.708,-0.708,11,2021,2021-05-15,2025-12-15
2023,USGS-413812084444601,fa515048c930410888ac94c3e8614227,,,,41.636606,-84.746128,43.38,-0.194,0.515,12,2021,2021-05-15,2025-12-15
2024,USGS-413812084444601,fa515048c930410888ac94c3e8614227,,,,41.636606,-84.746128,43.779,0.205,0.399,12,2021,2021-05-15,2025-12-15
2025,USGS-413812084444601,fa515048c930410888ac94c3e8614227,,,,41.636606,-84.746128,44.392,0.818,0.612,12,2021,2021-05-15,2025-12-15
2021,USGS-413812084444602,6650a51ae960480d8820780efe8c1b42,,,,41.636639,-84.746089,44.42,0,,3,2021,2021-10-15,2025-12-15
2022,USGS-413812084444602,6650a51ae960480d8820780efe8c1b42,,,,41.636639,-84.746089,44.043,-0.377,-0.377,11,2021,2021-10-15,2025-12-15
2023,USGS-413812084444602,6650a51ae960480d8820780efe8c1b42,,,,41.636639,-84.746089,44.546,0.126,0.503,12,2021,2021-10-15,2025-12-15
2024,USGS-413812084444602,6650a51ae960480d8820780efe8c1b42,,,,41.636639,-84.746089,44.966,0.546,0.42,12,2021,2021-10-15,2025-12-15
2025,USGS-413812084444602,6650a51ae960480d8820780efe8c1b42,,,,41.636639,-84.746089,45.512,1.092,0.546,12,2021,2021-10-15,2025-12-15
2021,USGS-413930070190901,c5473ff0311e464ea3f851e800732de3,,,,41.658444,-70.318633,25.622,0,,12,2021,2021-01-15,2025-12-15
2022,USGS-413930070190901,c5473ff0311e464ea3f851e800732de3,,,,41.658444,-70.318633,25.346,-0.276,-0.276,12,2021,2021-01-15,2025-12-15
2023,USGS-413930070190901,c5473ff0311e464ea3f851e800732de3,,,,41.658444,-70.318633,24.847,-0.775,-0.499,12,2021,2021-01-15,2025-12-15
2024,USGS-413930070190901,c5473ff0311e464ea3f851e800732de3,,,,41.658444,-70.318633,24.386,-1.236,-0.461,12,2021,2021-01-15,2025-12-15
2025,USGS-413930070190901,c5473ff0311e464ea3f851e800732de3,,,,41.658444,-70.318633,25.755,0.133,1.369,12,2021,2021-01-15,2025-12-15
2021,USGS-413952084261201,04c3a66ac45f4beb9b27f8ef811bed35,,,,41.664311,-84.436631,30.854,0,,12,2021,2021-01-15,2025-12-15
2022,USGS-413952084261201,04c3a66ac45f4beb9b27f8ef811bed35,,,,41.664311,-84.436631,30.42,-0.434,-0.434,12,2021,2021-01-15,2025-12-15
2023,USGS-413952084261201,04c3a66ac45f4beb9b27f8ef811bed35,,,,41.664311,-84.436631,30.277,-0.577,-0.143,12,2021,2021-01-15,2025-12-15
2024,USGS-413952084261201,04c3a66ac45f4beb9b27f8ef811bed35,,,,41.664311,-84.436631,30.794,-0.06,0.517,12,2021,2021-01-15,2025-12-15
2025,USGS-413952084261201,04c3a66ac45f4beb9b27f8ef811bed35,,,,41.664311,-84.436631,31.161,0.307,0.367,12,2021,2021-01-15,2025-12-15
2021,USGS-413952084261202,f8239aa72c7947b1baa8a73d6f837f1f,,,,41.664306,-84.436639,31.005,0,,2,2021,2021-11-15,2025-12-15
2022,USGS-413952084261202,f8239aa72c7947b1baa8a73d6f837f1f,,,,41.664306,-84.436639,31.942,0.937,0.937,12,2021,2021-11-15,2025-12-15
2023,USGS-413952084261202,f8239aa72c7947b1baa8a73d6f837f1f,,,,41.664306,-84.436639,31.753,0.748,-0.188,12,2021,2021-11-15,2025-12-15
2024,USGS-413952084261202,f8239aa72c7947b1baa8a73d6f837f1f,,,,41.664306,-84.436639,32.315,1.31,0.562,12,2021,2021-11-15,2025-12-15
2025,USGS-413952084261202,f8239aa72c7947b1baa8a73d6f837f1f,,,,41.664306,-84.436639,32.659,1.654,0.344,12,2021,2021-11-15,2025-12-15
2021,USGS-414101070011001,50c1f1fa4a7b4c93b4e694dfaea9614e,,,,41.683611,-70.019444,28.005,0,,12,2021,2021-01-15,2025-12-15
2022,USGS-414101070011001,50c1f1fa4a7b4c93b4e694dfaea9614e,,,,41.683611,-70.019444,27.698,-0.307,-0.307,12,2021,2021-01-15,2025-12-15
2023,USGS-414101070011001,50c1f1fa4a7b4c93b4e694dfaea9614e,,,,41.683611,-70.019444,27.283,-0.722,-0.415,12,2021,2021-01-15,2025-12-15
2024,USGS-414101070011001,50c1f1fa4a7b4c93b4e694dfaea9614e,,,,41.683611,-70.019444,27.352,-0.652,0.07,12,2021,2021-01-15,2025-12-15
2025,USGS-414101070011001,50c1f1fa4a7b4c93b4e694dfaea9614e,,,,41.683611,-70.019444,28.132,0.127,0.779,12,2021,2021-01-15,2025-12-15
2021,USGS-414124070311401,dfd535c1e56641cc997a5f58bb00fc99,,,,41.690132,-70.520128,15.14,0,,2,2021,2021-01-15,2025-12-15
2023,USGS-414124070311401,dfd535c1e56641cc997a5f58bb00fc99,,,,41.690132,-70.520128,16.883,1.743,1.743,12,2021,2021-01-15,2025-12-15
2024,USGS-414124070311401,dfd535c1e56641cc997a5f58bb00fc99,,,,41.690132,-70.520128,16.344,1.204,-0.538,12,2021,2021-01-15,2025-12-15
2025,USGS-414124070311401,dfd535c1e56641cc997a5f58bb00fc99,,,,41.690132,-70.520128,18.043,2.903,1.699,12,2021,2021-01-15,2025-12-15
2021,USGS-414125070265901,39178e29967b45d28df0d6d93c934de1,,,,41.690278,-70.449722,47.494,0,,12,2021,2021-01-15,2025-12-15
2022,USGS-414125070265901,39178e29967b45d28df0d6d93c934de1,,,,41.690278,-70.449722,48.022,0.527,0.527,12,2021,2021-01-15,2025-12-15
2023,USGS-414125070265901,39178e29967b45d28df0d6d93c934de1,,,,41.690278,-70.449722,48.914,1.42,0.892,12,2021,2021-01-15,2025-12-15
2024,USGS-414125070265901,39178e29967b45d28df0d6d93c934de1,,,,41.690278,-70.449722,47.873,0.379,-1.041,12,2021,2021-01-15,2025-12-15
2025,USGS-414125070265901,39178e29967b45d28df0d6d93c934de1,,,,41.690278,-70.449722,49.375,1.881,1.502,12,2021,2021-01-15,2025-12-15
2021,USGS-414128073475201,8d8478b934224a1ca78b0c6a9e337910,,,,41.691333,-73.797611,13.637,0,,12,2021,2021-01-15,2025-12-15
2022,USGS-414128073475201,8d8478b934224a1ca78b0c6a9e337910,,,,41.691333,-73.797611,15.635,1.998,1.998,12,2021,2021-01-15,2025-12-15
2023,USGS-414128073475201,8d8478b934224a1ca78b0c6a9e337910,,,,41.691333,-73.797611,13.222,-0.415,-2.413,12,2021,2021-01-15,2025-12-15
2024,USGS-414128073475201,8d8478b934224a1ca78b0c6a9e337910,,,,41.691333,-73.797611,15.025,1.388,1.803,12,2021,2021-01-15,2025-12-15
2025,USGS-414128073475201,8d8478b934224a1ca78b0c6a9e337910,,,,41.691333,-73.797611,14.925,1.288,-0.1,12,2021,2021-01-15,2025-12-15
2021,USGS-414129070361401,e3742b0e69ab493d9fcffb9677ce9423,,,,41.691495,-70.603364,33.051,0,,12,2021,2021-01-15,2025-12-15
2022,USGS-414129070361401,e3742b0e69ab493d9fcffb9677ce9423,,,,41.691495,-70.603364,32.972,-0.078,-0.078,12,2021,2021-01-15,2025-12-15
2023,USGS-414129070361401,e3742b0e69ab493d9fcffb9677ce9423,,,,41.691495,-70.603364,32.842,-0.208,-0.13,12,2021,2021-01-15,2025-12-15
2024,USGS-414129070361401,e3742b0e69ab493d9fcffb9677ce9423,,,,41.691495,-70.603364,32.754,-0.297,-0.088,12,2021,2021-01-15,2025-12-15
2025,USGS-414129070361401,e3742b0e69ab493d9fcffb9677ce9423,,,,41.691495,-70.603364,33.66,0.609,0.906,12,2021,2021-01-15,2025-12-15
2021,USGS-414139070311501,827351653cb249b9b8841c741fc974a3,,,,41.694366,-70.520442,29.77,0,,12,2021,2021-01-15,2025-12-15
2022,USGS-414139070311501,827351653cb249b9b8841c741fc974a3,,,,41.694366,-70.520442,29.831,0.061,0.061,12,2021,2021-01-15,2025-12-15
2023,USGS-414139070311501,827351653cb249b9b8841c741fc974a3,,,,41.694366,-70.520442,30.302,0.532,0.472,12,2021,2021-01-15,2025-12-15
2024,USGS-414139070311501,827351653cb249b9b8841c741fc974a3,,,,41.694366,-70.520442,29.767,-0.003,-0.536,12,2021,2021-01-15,2025-12-15
2025,USGS-414139070311501,827351653cb249b9b8841c741fc974a3,,,,41.694366,-70.520442,31.56,1.79,1.793,12,2021,2021-01-15,2025-12-15
2021,USGS-414149086183101,c58087194de5445097a9306d9238a8d9,,,,41.697158,-86.308615,45.02,0,,12,2021,2021-01-15,2025-12-15
2022,USGS-414149086183101,c58087194de5445097a9306d9238a8d9,,,,41.697158,-86.308615,45.097,0.077,0.077,12,2021,2021-01-15,2025-12-15
2023,USGS-414149086183101,c58087194de5445097a9306d9238a8d9,,,,41.697158,-86.308615,45.042,0.022,-0.055,12,2021,2021-01-15,2025-12-15
2024,USGS-414149086183101,c58087194de5445097a9306d9238a8d9,,,,41.697158,-86.308615,44.945,-0.075,-0.097,12,2021,2021-01-15,2025-12-15
2025,USGS-414149086183101,c58087194de5445097a9306d9238a8d9,,,,41.697158,-86.308615,45.703,0.683,0.758,12,2021,2021-01-15,2025-12-15
2021,USGS-414159070310501,d8ce04053a004e50bb028a35a4b4221d,,,,41.699982,-70.517748,96.734,0,,12,2021,2021-01-15,2025-12-15
2022,USGS-414159070310501,d8ce04053a004e50bb028a35a4b4221d,,,,41.699982,-70.517748,96.726,-0.008,-0.008,12,2021,2021-01-15,2025-12-15
2023,USGS-414159070310501,d8ce04053a004e50bb028a35a4b4221d,,,,41.699982,-70.517748,97.178,0.444,0.453,12,2021,2021-01-15,2025-12-15
2024,USGS-414159070310501,d8ce04053a004e50bb028a35a4b4221d,,,,41.699982,-70.517748,96.707,-0.028,-0.472,12,2021,2021-01-15,2025-12-15
2025,USGS-414159070310501,d8ce04053a004e50bb028a35a4b4221d,,,,41.699982,-70.517748,98.492,1.757,1.785,12,2021,2021-01-15,2025-12-15
2021,USGS-414159079213601,fdd17d924d6346fc8a3d656f0232426d,,,,41.699472,-79.359944,41.832,0,,12,2021,2021-01-15,2025-12-15
2022,USGS-414159079213601,fdd17d924d6346fc8a3d656f0232426d,,,,41.699472,-79.359944,41.253,-0.579,-0.579,12,2021,2021-01-15,2025-12-15
2023,USGS-414159079213601,fdd17d924d6346fc8a3d656f0232426d,,,,41.699472,-79.359944,41.983,0.152,0.731,12,2021,2021-01-15,2025-12-15
2024,USGS-414159079213601,fdd17d924d6346fc8a3d656f0232426d,,,,41.699472,-79.359944,42.404,0.572,0.421,12,2021,2021-01-15,2025-12-15
2025,USGS-414159079213601,fdd17d924d6346fc8a3d656f0232426d,,,,41.699472,-79.359944,42.709,0.877,0.305,12,2021,2021-01-15,2025-12-15
2021,USGS-414205070334701,44ce3f21f7a04f75b0bb962b46b19dbd,,,,41.701418,-70.562577,171.217,0,,12,2021,2021-01-15,2025-12-15
2022,USGS-414205070334701,44ce3f21f7a04f75b0bb962b46b19dbd,,,,41.701418,-70.562577,171.042,-0.174,-0.174,12,2021,2021-01-15,2025-12-15
2023,USGS-414205070334701,44ce3f21f7a04f75b0bb962b46b19dbd,,,,41.701418,-70.562577,171.185,-0.032,0.143,12,2021,2021-01-15,2025-12-15
2024,USGS-414205070334701,44ce3f21f7a04f75b0bb962b46b19dbd,,,,41.701418,-70.562577,170.804,-0.413,-0.381,12,2021,2021-01-15,2025-12-15
2025,USGS-414205070334701,44ce3f21f7a04f75b0bb962b46b19dbd,,,,41.701418,-70.562577,172.588,1.371,1.783,12,2021,2021-01-15,2025-12-15
2021,USGS-414219070313601,9888f1cf4bb84b8a965918ef24e09097,,,,41.705421,-70.526001,98.8,0,,2,2021,2021-01-15,2025-12-15
2023,USGS-414219070313601,9888f1cf4bb84b8a965918ef24e09097,,,,41.705421,-70.526001,100.68,1.88,1.88,12,2021,2021-01-15,2025-12-15
2024,USGS-414219070313601,9888f1cf4bb84b8a965918ef24e09097,,,,41.705421,-70.526001,100.3,1.5,-0.38,12,2021,2021-01-15,2025-12-15
2025,USGS-414219070313601,9888f1cf4bb84b8a965918ef24e09097,,,,41.705421,-70.526001,102.145,3.345,1.845,12,2021,2021-01-15,2025-12-15
2021,USGS-414240072033201,ff476f73d464444589849e43417ccfc9,,,,41.711017,-72.059167,11.175,0,,12,2021,2021-01-15,2025-12-15
2022,USGS-414240072033201,ff476f73d464444589849e43417ccfc9,,,,41.711017,-72.059167,12.206,1.031,1.031,12,2021,2021-01-15,2025-12-15
2023,USGS-414240072033201,ff476f73d464444589849e43417ccfc9,,,,41.711017,-72.059167,10.851,-0.324,-1.355,12,2021,2021-01-15,2025-12-15
2024,USGS-414240072033201,ff476f73d464444589849e43417ccfc9,,,,41.711017,-72.059167,10.99,-0.185,0.139,12,2021,2021-01-15,2025-12-15
2025,USGS-414240072033201,ff476f73d464444589849e43417ccfc9,,,,41.711017,-72.059167,12.161,0.986,1.171,12,2021,2021-01-15,2025-12-15
2021,USGS-414315091252002,aecd8c75e2634eec8d6274084b5439aa,,,,41.721128,-91.422389,15.905,0,,12,2021,2021-01-15,2025-12-15
2022,USGS-414315091252002,aecd8c75e2634eec8d6274084b5439aa,,,,41.721128,-91.422389,16.912,1.007,1.007,12,2021,2021-01-15,2025-12-15
2023,USGS-414315091252002,aecd8c75e2634eec8d6274084b5439aa,,,,41.721128,-91.422389,17.808,1.902,0.896,12,2021,2021-01-15,2025-12-15
2024,USGS-414315091252002,aecd8c75e2634eec8d6274084b5439aa,,,,41.721128,-91.422389,18.137,2.232,0.329,12,2021,2021-01-15,2025-12-15
2025,USGS-414315091252002,aecd8c75e2634eec8d6274084b5439aa,,,,41.721128,-91.422389,17.262,1.357,-0.875,11,2021,2021-01-15,2025-12-15
2021,USGS-414318085200601,b8de85561e03459e88f7b76a1ca85036,,,,41.721682,-85.334939,15.26,0,,12,2021,2021-01-15,2025-12-15
2022,USGS-414318085200601,b8de85561e03459e88f7b76a1ca85036,,,,41.721682,-85.334939,13.936,-1.324,-1.324,11,2021,2021-01-15,2025-12-15
2023,USGS-414318085200601,b8de85561e03459e88f7b76a1ca85036,,,,41.721682,-85.334939,15.616,0.356,1.68,11,2021,2021-01-15,2025-12-15
2024,USGS-414318085200601,b8de85561e03459e88f7b76a1ca85036,,,,41.721682,-85.334939,15.909,0.649,0.293,12,2021,2021-01-15,2025-12-15
2025,USGS-414318085200601,b8de85561e03459e88f7b76a1ca85036,,,,41.721682,-85.334939,16.754,1.494,0.845,12,2021,2021-01-15,2025-12-15
2021,USGS-414325084552401,3a928dbf1b14439fab1d9adfa9795cf1,,,,41.723611,-84.923333,37.271,0,,12,2021,2021-01-15,2025-05-15
2022,USGS-414325084552401,3a928dbf1b14439fab1d9adfa9795cf1,,,,41.723611,-84.923333,35.601,-1.67,-1.67,12,2021,2021-01-15,2025-05-15
2023,USGS-414325084552401,3a928dbf1b14439fab1d9adfa9795cf1,,,,41.723611,-84.923333,36.713,-0.557,1.112,12,2021,2021-01-15,2025-05-15
2024,USGS-414325084552401,3a928dbf1b14439fab1d9adfa9795cf1,,,,41.723611,-84.923333,36.867,-0.404,0.153,12,2021,2021-01-15,2025-05-15
2025,USGS-414325084552401,3a928dbf1b14439fab1d9adfa9795cf1,,,,41.723611,-84.923333,37.342,0.071,0.475,5,2021,2021-01-15,2025-05-15
2021,USGS-414330076280501,942af965035a41efb391642ce18ff57c,,,,41.723417,-76.468722,7.181,0,,12,2021,2021-01-15,2025-12-15
2022,USGS-414330076280501,942af965035a41efb391642ce18ff57c,,,,41.723417,-76.468722,8.782,1.601,1.601,12,2021,2021-01-15,2025-12-15
2023,USGS-414330076280501,942af965035a41efb391642ce18ff57c,,,,41.723417,-76.468722,8.138,0.957,-0.644,12,2021,2021-01-15,2025-12-15
2024,USGS-414330076280501,942af965035a41efb391642ce18ff57c,,,,41.723417,-76.468722,8.237,1.056,0.099,12,2021,2021-01-15,2025-12-15
2025,USGS-414330076280501,942af965035a41efb391642ce18ff57c,,,,41.723417,-76.468722,9.752,2.571,1.515,12,2021,2021-01-15,2025-12-15
2021,USGS-414333075153201,1d4f89a311724ff58147784713509f66,,,,41.725222,-75.258583,24.603,0,,12,2021,2021-01-15,2025-12-15
2022,USGS-414333075153201,1d4f89a311724ff58147784713509f66,,,,41.725222,-75.258583,25.966,1.363,1.363,12,2021,2021-01-15,2025-12-15
2023,USGS-414333075153201,1d4f89a311724ff58147784713509f66,,,,41.725222,-75.258583,25.528,0.926,-0.437,12,2021,2021-01-15,2025-12-15
2024,USGS-414333075153201,1d4f89a311724ff58147784713509f66,,,,41.725222,-75.258583,25.093,0.491,-0.435,12,2021,2021-01-15,2025-12-15
2025,USGS-414333075153201,1d4f89a311724ff58147784713509f66,,,,41.725222,-75.258583,25.796,1.193,0.703,12,2021,2021-01-15,2025-12-15
2021,USGS-414405070312104,88deb37e4fd94eed9989afb2ecc23669,,,,41.736078,-70.521835,123.264,0,,12,2021,2021-01-15,2025-12-15
2022,USGS-414405070312104,88deb37e4fd94eed9989afb2ecc23669,,,,41.736078,-70.521835,123.27,0.006,0.006,12,2021,2021-01-15,2025-12-15
2023,USGS-414405070312104,88deb37e4fd94eed9989afb2ecc23669,,,,41.736078,-70.521835,123.08,-0.184,-0.19,12,2021,2021-01-15,2025-12-15
2024,USGS-414405070312104,88deb37e4fd94eed9989afb2ecc23669,,,,41.736078,-70.521835,122.633,-0.632,-0.447,12,2021,2021-01-15,2025-12-15
2025,USGS-414405070312104,88deb37e4fd94eed9989afb2ecc23669,,,,41.736078,-70.521835,124.199,0.935,1.567,12,2021,2021-01-15,2025-12-15
2021,USGS-414429074052001,346545fa961f42db899790de432fcbee,,,,41.741556,-74.088889,24.841,0,,12,2021,2021-01-15,2025-12-15
2022,USGS-414429074052001,346545fa961f42db899790de432fcbee,,,,41.741556,-74.088889,25.036,0.195,0.195,12,2021,2021-01-15,2025-12-15
2023,USGS-414429074052001,346545fa961f42db899790de432fcbee,,,,41.741556,-74.088889,24.944,0.103,-0.092,12,2021,2021-01-15,2025-12-15
2024,USGS-414429074052001,346545fa961f42db899790de432fcbee,,,,41.741556,-74.088889,25.888,1.047,0.943,12,2021,2021-01-15,2025-12-15
2025,USGS-414429074052001,346545fa961f42db899790de432fcbee,,,,41.741556,-74.088889,23.345,-1.496,-2.543,12,2021,2021-01-15,2025-12-15
2021,USGS-414455070325701,ed83f0ded57c44bf82d5aac2699b9d13,,,,41.748737,-70.548718,160.438,0,,12,2021,2021-01-15,2025-12-15
2022,USGS-414455070325701,ed83f0ded57c44bf82d5aac2699b9d13,,,,41.748737,-70.548718,159.917,-0.521,-0.521,12,2021,2021-01-15,2025-12-15
2023,USGS-414455070325701,ed83f0ded57c44bf82d5aac2699b9d13,,,,41.748737,-70.548718,159.837,-0.602,-0.081,12,2021,2021-01-15,2025-12-15
2024,USGS-414455070325701,ed83f0ded57c44bf82d5aac2699b9d13,,,,41.748737,-70.548718,159.143,-1.296,-0.694,12,2021,2021-01-15,2025-12-15
2025,USGS-414455070325701,ed83f0ded57c44bf82d5aac2699b9d13,,,,41.748737,-70.548718,160.769,0.331,1.627,12,2021,2021-01-15,2025-12-15
2021,USGS-414513077333701,50ed631969ed4de9a2d5c5e38ec7ac55,,,,41.753333,-77.560222,31.222,0,,12,2021,2021-01-15,2025-12-15
2022,USGS-414513077333701,50ed631969ed4de9a2d5c5e38ec7ac55,,,,41.753333,-77.560222,31.236,0.013,0.013,12,2021,2021-01-15,2025-12-15
2023,USGS-414513077333701,50ed631969ed4de9a2d5c5e38ec7ac55,,,,41.753333,-77.560222,31.46,0.238,0.224,12,2021,2021-01-15,2025-12-15
2024,USGS-414513077333701,50ed631969ed4de9a2d5c5e38ec7ac55,,,,41.753333,-77.560222,31.358,0.136,-0.102,12,2021,2021-01-15,2025-12-15
2025,USGS-414513077333701,50ed631969ed4de9a2d5c5e38ec7ac55,,,,41.753333,-77.560222,32.38,1.158,1.022,11,2021,2021-01-15,2025-12-15
2021,USGS-414525074360601,3d576217f541451092eb3305ab9077d4,,,,41.756889,-74.6015,8.608,0,,12,2021,2021-01-15,2025-12-15
2022,USGS-414525074360601,3d576217f541451092eb3305ab9077d4,,,,41.756889,-74.6015,8.751,0.143,0.143,11,2021,2021-01-15,2025-12-15
2023,USGS-414525074360601,3d576217f541451092eb3305ab9077d4,,,,41.756889,-74.6015,8.918,0.309,0.167,12,2021,2021-01-15,2025-12-15
2024,USGS-414525074360601,3d576217f541451092eb3305ab9077d4,,,,41.756889,-74.6015,8.746,0.137,-0.172,12,2021,2021-01-15,2025-12-15
2025,USGS-414525074360601,3d576217f541451092eb3305ab9077d4,,,,41.756889,-74.6015,9.406,0.797,0.66,12,2021,2021-01-15,2025-12-15
2021,USGS-414632070014901,5edd6ff1ea704c13a8baa759efacadab,,,,41.775556,-70.030278,31.737,0,,12,2021,2021-01-15,2025-12-15
2022,USGS-414632070014901,5edd6ff1ea704c13a8baa759efacadab,,,,41.775556,-70.030278,31.991,0.254,0.254,12,2021,2021-01-15,2025-12-15
2023,USGS-414632070014901,5edd6ff1ea704c13a8baa759efacadab,,,,41.775556,-70.030278,31.472,-0.265,-0.519,12,2021,2021-01-15,2025-12-15
2024,USGS-414632070014901,5edd6ff1ea704c13a8baa759efacadab,,,,41.775556,-70.030278,31.43,-0.307,-0.042,12,2021,2021-01-15,2025-12-15
2025,USGS-414632070014901,5edd6ff1ea704c13a8baa759efacadab,,,,41.775556,-70.030278,32.431,0.694,1.001,12,2021,2021-01-15,2025-12-15
2021,USGS-414640077493801,4b2fa67b058d485d939186cb6d5829e0,,,,41.777056,-77.827306,20.642,0,,12,2021,2021-01-15,2025-12-15
2022,USGS-414640077493801,4b2fa67b058d485d939186cb6d5829e0,,,,41.777056,-77.827306,24.032,3.391,3.391,12,2021,2021-01-15,2025-12-15
2023,USGS-414640077493801,4b2fa67b058d485d939186cb6d5829e0,,,,41.777056,-77.827306,20.347,-0.295,-3.686,12,2021,2021-01-15,2025-12-15
2024,USGS-414640077493801,4b2fa67b058d485d939186cb6d5829e0,,,,41.777056,-77.827306,19.794,-0.848,-0.552,12,2021,2021-01-15,2025-12-15
2025,USGS-414640077493801,4b2fa67b058d485d939186cb6d5829e0,,,,41.777056,-77.827306,23.167,2.525,3.372,12,2021,2021-01-15,2025-12-15
2021,USGS-414737073563301,394044ec5e6d411b94a48f8e81ce7b24,,,,41.794139,-73.941806,68.788,0,,12,2021,2021-01-15,2025-12-15
2022,USGS-414737073563301,394044ec5e6d411b94a48f8e81ce7b24,,,,41.794139,-73.941806,67.95,-0.838,-0.838,11,2021,2021-01-15,2025-12-15
2023,USGS-414737073563301,394044ec5e6d411b94a48f8e81ce7b24,,,,41.794139,-73.941806,68.053,-0.736,0.103,12,2021,2021-01-15,2025-12-15
2024,USGS-414737073563301,394044ec5e6d411b94a48f8e81ce7b24,,,,41.794139,-73.941806,66.842,-1.946,-1.21,12,2021,2021-01-15,2025-12-15
2025,USGS-414737073563301,394044ec5e6d411b94a48f8e81ce7b24,,,,41.794139,-73.941806,68.424,-0.364,1.582,12,2021,2021-01-15,2025-12-15
2021,USGS-414741072134501,1ed23507450d49d5901d75d925c30455,,,,41.795022,-72.228636,2.644,0,,12,2021,2021-01-15,2025-12-15
2022,USGS-414741072134501,1ed23507450d49d5901d75d925c30455,,,,41.795022,-72.228636,3.748,1.103,1.103,12,2021,2021-01-15,2025-12-15
2023,USGS-414741072134501,1ed23507450d49d5901d75d925c30455,,,,41.795022,-72.228636,2.407,-0.238,-1.341,12,2021,2021-01-15,2025-12-15
2024,USGS-414741072134501,1ed23507450d49d5901d75d925c30455,,,,41.795022,-72.228636,4.043,1.399,1.637,12,2021,2021-01-15,2025-12-15
2025,USGS-414741072134501,1ed23507450d49d5901d75d925c30455,,,,41.795022,-72.228636,3.347,0.703,-0.697,12,2021,2021-01-15,2025-12-15
2021,USGS-414831072173002,05e9d067fb354012bc4f2bd6f1a675c4,,,,41.808533,-72.292106,13.775,0,,12,2021,2021-01-15,2025-12-15
2022,USGS-414831072173002,05e9d067fb354012bc4f2bd6f1a675c4,,,,41.808533,-72.292106,17.252,3.477,3.477,12,2021,2021-01-15,2025-12-15
2023,USGS-414831072173002,05e9d067fb354012bc4f2bd6f1a675c4,,,,41.808533,-72.292106,13.723,-0.052,-3.528,12,2021,2021-01-15,2025-12-15
2024,USGS-414831072173002,05e9d067fb354012bc4f2bd6f1a675c4,,,,41.808533,-72.292106,15.873,2.098,2.15,12,2021,2021-01-15,2025-12-15
2025,USGS-414831072173002,05e9d067fb354012bc4f2bd6f1a675c4,,,,41.808533,-72.292106,16.377,2.602,0.503,12,2021,2021-01-15,2025-12-15
2021,USGS-414948074035001,4034896c898c4f5cac69d317a00b57c0,,,,41.830111,-74.064,17.137,0,,12,2021,2021-01-15,2025-12-15
2022,USGS-414948074035001,4034896c898c4f5cac69d317a00b57c0,,,,41.830111,-74.064,16.781,-0.356,-0.356,12,2021,2021-01-15,2025-12-15
2023,USGS-414948074035001,4034896c898c4f5cac69d317a00b57c0,,,,41.830111,-74.064,16.345,-0.792,-0.436,12,2021,2021-01-15,2025-12-15
2024,USGS-414948074035001,4034896c898c4f5cac69d317a00b57c0,,,,41.830111,-74.064,15.936,-1.201,-0.409,12,2021,2021-01-15,2025-12-15
2025,USGS-414948074035001,4034896c898c4f5cac69d317a00b57c0,,,,41.830111,-74.064,17.427,0.29,1.491,12,2021,2021-01-15,2025-12-15
2021,USGS-415104121232901,8557a8cd2c6d4c2d8cad173b951ae060,,,,41.85125,-121.392694,56.339,0,,12,2021,2021-01-15,2025-12-15
2022,USGS-415104121232901,8557a8cd2c6d4c2d8cad173b951ae060,,,,41.85125,-121.392694,57.563,1.223,1.223,12,2021,2021-01-15,2025-12-15
2023,USGS-415104121232901,8557a8cd2c6d4c2d8cad173b951ae060,,,,41.85125,-121.392694,56.157,-0.183,-1.406,12,2021,2021-01-15,2025-12-15
2024,USGS-415104121232901,8557a8cd2c6d4c2d8cad173b951ae060,,,,41.85125,-121.392694,55.887,-0.452,-0.269,12,2021,2021-01-15,2025-12-15
2025,USGS-415104121232901,8557a8cd2c6d4c2d8cad173b951ae060,,,,41.85125,-121.392694,53.25,-3.089,-2.637,10,2021,2021-01-15,2025-12-15
2021,USGS-415150078220401,531d07d436bc4a8a8af95aeed48d55a3,,,,41.863889,-78.36775,102.457,0,,12,2021,2021-01-15,2025-12-15
2022,USGS-415150078220401,531d07d436bc4a8a8af95aeed48d55a3,,,,41.863889,-78.36775,102.32,-0.137,-0.137,12,2021,2021-01-15,2025-12-15
2023,USGS-415150078220401,531d07d436bc4a8a8af95aeed48d55a3,,,,41.863889,-78.36775,102.563,0.107,0.243,12,2021,2021-01-15,2025-12-15
2024,USGS-415150078220401,531d07d436bc4a8a8af95aeed48d55a3,,,,41.863889,-78.36775,102.502,0.046,-0.061,12,2021,2021-01-15,2025-12-15
2025,USGS-415150078220401,531d07d436bc4a8a8af95aeed48d55a3,,,,41.863889,-78.36775,102.793,0.336,0.29,12,2021,2021-01-15,2025-12-15
2021,USGS-415229070554301,d5e6da3a810745f69957974742d61235,,,,41.874722,-70.928611,9.324,0,,12,2021,2021-01-15,2025-12-15
2022,USGS-415229070554301,d5e6da3a810745f69957974742d61235,,,,41.874722,-70.928611,10.247,0.923,0.923,12,2021,2021-01-15,2025-12-15
2023,USGS-415229070554301,d5e6da3a810745f69957974742d61235,,,,41.874722,-70.928611,8.863,-0.461,-1.383,12,2021,2021-01-15,2025-12-15
2024,USGS-415229070554301,d5e6da3a810745f69957974742d61235,,,,41.874722,-70.928611,8.818,-0.506,-0.045,12,2021,2021-01-15,2025-12-15
2025,USGS-415229070554301,d5e6da3a810745f69957974742d61235,,,,41.874722,-70.928611,12.058,2.734,3.24,12,2021,2021-01-15,2025-12-15
2021,USGS-415320075450401,325c1247724646358145758f2191a941,,,,41.888833,-75.75125,68.005,0,,12,2021,2021-01-15,2025-12-15
2022,USGS-415320075450401,325c1247724646358145758f2191a941,,,,41.888833,-75.75125,68.07,0.065,0.065,12,2021,2021-01-15,2025-12-15
2023,USGS-415320075450401,325c1247724646358145758f2191a941,,,,41.888833,-75.75125,66.993,-1.012,-1.077,12,2021,2021-01-15,2025-12-15
2024,USGS-415320075450401,325c1247724646358145758f2191a941,,,,41.888833,-75.75125,67.142,-0.862,0.149,12,2021,2021-01-15,2025-12-15
2025,USGS-415320075450401,325c1247724646358145758f2191a941,,,,41.888833,-75.75125,67.818,-0.187,0.676,12,2021,2021-01-15,2025-12-15
2021,USGS-415354069585201,b28c333856d84fe2b59c2d7f06197b5d,,,,41.898333,-69.981111,12.508,0,,12,2021,2021-01-15,2025-12-15
2022,USGS-415354069585201,b28c333856d84fe2b59c2d7f06197b5d,,,,41.898333,-69.981111,12.322,-0.185,-0.185,12,2021,2021-01-15,2025-12-15
2023,USGS-415354069585201,b28c333856d84fe2b59c2d7f06197b5d,,,,41.898333,-69.981111,11.874,-0.633,-0.448,12,2021,2021-01-15,2025-12-15
2024,USGS-415354069585201,b28c333856d84fe2b59c2d7f06197b5d,,,,41.898333,-69.981111,11.888,-0.62,0.013,12,2021,2021-01-15,2025-12-15
2025,USGS-415354069585201,b28c333856d84fe2b59c2d7f06197b5d,,,,41.898333,-69.981111,12.441,-0.067,0.553,12,2021,2021-01-15,2025-12-15
2021,USGS-415439093094801,792cc2b5ce6e4fd08bb7c444b9a385e2,,,,41.910778,-93.16325,14.364,0,,12,2021,2021-01-15,2025-12-15
2022,USGS-415439093094801,792cc2b5ce6e4fd08bb7c444b9a385e2,,,,41.910778,-93.16325,14.037,-0.327,-0.327,12,2021,2021-01-15,2025-12-15
2023,USGS-415439093094801,792cc2b5ce6e4fd08bb7c444b9a385e2,,,,41.910778,-93.16325,13.245,-1.119,-0.792,12,2021,2021-01-15,2025-12-15
2024,USGS-415439093094801,792cc2b5ce6e4fd08bb7c444b9a385e2,,,,41.910778,-93.16325,12.608,-1.756,-0.637,11,2021,2021-01-15,2025-12-15
2025,USGS-415439093094801,792cc2b5ce6e4fd08bb7c444b9a385e2,,,,41.910778,-93.16325,12.687,-1.677,0.078,12,2021,2021-01-15,2025-12-15
2021,USGS-415453070434901,9b22b418d80c49bf8f0f003265b5a6c5,,,,41.914925,-70.729767,23.538,0,,12,2021,2021-01-15,2025-12-15
2022,USGS-415453070434901,9b22b418d80c49bf8f0f003265b5a6c5,,,,41.914925,-70.729767,23.541,0.002,0.002,12,2021,2021-01-15,2025-12-15
2023,USGS-415453070434901,9b22b418d80c49bf8f0f003265b5a6c5,,,,41.914925,-70.729767,23.733,0.195,0.193,12,2021,2021-01-15,2025-12-15
2024,USGS-415453070434901,9b22b418d80c49bf8f0f003265b5a6c5,,,,41.914925,-70.729767,23.034,-0.504,-0.699,12,2021,2021-01-15,2025-12-15
2025,USGS-415453070434901,9b22b418d80c49bf8f0f003265b5a6c5,,,,41.914925,-70.729767,24.75,1.212,1.716,12,2021,2021-01-15,2025-12-15
2021,USGS-415546071474701,c1a0e0e34871439b993024759a793c9f,,,,41.929543,-71.795904,6.566,0,,12,2021,2021-01-15,2025-12-15
2022,USGS-415546071474701,c1a0e0e34871439b993024759a793c9f,,,,41.929543,-71.795904,7.838,1.272,1.272,12,2021,2021-01-15,2025-12-15
2023,USGS-415546071474701,c1a0e0e34871439b993024759a793c9f,,,,41.929543,-71.795904,6.865,0.299,-0.973,12,2021,2021-01-15,2025-12-15
2024,USGS-415546071474701,c1a0e0e34871439b993024759a793c9f,,,,41.929543,-71.795904,8.517,1.951,1.652,12,2021,2021-01-15,2025-12-15
2025,USGS-415546071474701,c1a0e0e34871439b993024759a793c9f,,,,41.929543,-71.795904,7.927,1.361,-0.59,12,2021,2021-01-15,2025-12-15
2021,USGS-415546121205401,7bdd0df83cc34255872e4e75108da365,,,,41.929306,-121.3495,7.668,0,,12,2021,2021-01-15,2025-12-15
2022,USGS-415546121205401,7bdd0df83cc34255872e4e75108da365,,,,41.929306,-121.3495,7.439,-0.229,-0.229,12,2021,2021-01-15,2025-12-15
2023,USGS-415546121205401,7bdd0df83cc34255872e4e75108da365,,,,41.929306,-121.3495,6.509,-1.159,-0.93,12,2021,2021-01-15,2025-12-15
2024,USGS-415546121205401,7bdd0df83cc34255872e4e75108da365,,,,41.929306,-121.3495,6.418,-1.251,-0.092,12,2021,2021-01-15,2025-12-15
2025,USGS-415546121205401,7bdd0df83cc34255872e4e75108da365,,,,41.929306,-121.3495,5.91,-1.758,-0.508,12,2021,2021-01-15,2025-12-15
2021,USGS-415607080044601,ed30404699414714a6a484e16ae77984,,,,41.934667,-80.079,18.175,0,,12,2021,2021-01-15,2025-12-15
2022,USGS-415607080044601,ed30404699414714a6a484e16ae77984,,,,41.934667,-80.079,18.282,0.107,0.107,12,2021,2021-01-15,2025-12-15
2023,USGS-415607080044601,ed30404699414714a6a484e16ae77984,,,,41.934667,-80.079,18.165,-0.01,-0.117,11,2021,2021-01-15,2025-12-15
2024,USGS-415607080044601,ed30404699414714a6a484e16ae77984,,,,41.934667,-80.079,19.49,1.315,1.325,12,2021,2021-01-15,2025-12-15
2025,USGS-415607080044601,ed30404699414714a6a484e16ae77984,,,,41.934667,-80.079,19.662,1.487,0.172,12,2021,2021-01-15,2025-12-15
2021,USGS-415825091405601,5ac71521e07749528e2bda1078b73e59,,,,41.9735,-91.682167,10.532,0,,12,2021,2021-01-15,2025-12-15
2022,USGS-415825091405601,5ac71521e07749528e2bda1078b73e59,,,,41.9735,-91.682167,10.885,0.353,0.353,6,2021,2021-01-15,2025-12-15
2023,USGS-415825091405601,5ac71521e07749528e2bda1078b73e59,,,,41.9735,-91.682167,10.987,0.455,0.102,6,2021,2021-01-15,2025-12-15
2024,USGS-415825091405601,5ac71521e07749528e2bda1078b73e59,,,,41.9735,-91.682167,10.812,0.28,-0.175,12,2021,2021-01-15,2025-12-15
2025,USGS-415825091405601,5ac71521e07749528e2bda1078b73e59,,,,41.9735,-91.682167,10.4,-0.132,-0.412,12,2021,2021-01-15,2025-12-15
2021,USGS-415827091392401,e6ec11a7ca2343a5b6619f8abe8eff3b,,,,41.974083,-91.656722,15.166,0,,12,2021,2021-01-15,2025-12-15
2022,USGS-415827091392401,e6ec11a7ca2343a5b6619f8abe8eff3b,,,,41.974083,-91.656722,16.83,1.664,1.664,6,2021,2021-01-15,2025-12-15
2024,USGS-415827091392401,e6ec11a7ca2343a5b6619f8abe8eff3b,,,,41.974083,-91.656722,15.954,0.789,-0.876,9,2021,2021-01-15,2025-12-15
2025,USGS-415827091392401,e6ec11a7ca2343a5b6619f8abe8eff3b,,,,41.974083,-91.656722,15.006,-0.16,-0.948,5,2021,2021-01-15,2025-12-15
2021,USGS-415954091440401,82b941c72cfe4cca8162d50dc1a3ba43,,,,41.998528,-91.734583,12.281,0,,12,2021,2021-01-15,2025-12-15
2022,USGS-415954091440401,82b941c72cfe4cca8162d50dc1a3ba43,,,,41.998528,-91.734583,10.623,-1.658,-1.658,12,2021,2021-01-15,2025-12-15
2023,USGS-415954091440401,82b941c72cfe4cca8162d50dc1a3ba43,,,,41.998528,-91.734583,14.792,2.511,4.169,10,2021,2021-01-15,2025-12-15
2024,USGS-415954091440401,82b941c72cfe4cca8162d50dc1a3ba43,,,,41.998528,-91.734583,11.705,-0.576,-3.087,11,2021,2021-01-15,2025-12-15
2025,USGS-415954091440401,82b941c72cfe4cca8162d50dc1a3ba43,,,,41.998528,-91.734583,10.616,-1.665,-1.089,12,2021,2021-01-15,2025-12-15
2021,USGS-420014091442701,ac0c72fdd0f742d7b1603499c3fcb715,,,,42.003889,-91.740833,5.43,0,,12,2021,2021-01-15,2025-12-15
2022,USGS-420014091442701,ac0c72fdd0f742d7b1603499c3fcb715,,,,42.003889,-91.740833,6.068,0.638,0.638,12,2021,2021-01-15,2025-12-15
2023,USGS-420014091442701,ac0c72fdd0f742d7b1603499c3fcb715,,,,42.003889,-91.740833,7.575,2.145,1.507,8,2021,2021-01-15,2025-12-15
2024,USGS-420014091442701,ac0c72fdd0f742d7b1603499c3fcb715,,,,42.003889,-91.740833,7.585,2.155,0.01,12,2021,2021-01-15,2025-12-15
2025,USGS-420014091442701,ac0c72fdd0f742d7b1603499c3fcb715,,,,42.003889,-91.740833,6.811,1.381,-0.774,12,2021,2021-01-15,2025-12-15
2021,USGS-420019091442501,b71354dd54c8431bb50317c533bce6fc,,,,42.005278,-91.740278,9.986,0,,12,2021,2021-01-15,2025-12-15
2022,USGS-420019091442501,b71354dd54c8431bb50317c533bce6fc,,,,42.005278,-91.740278,9.309,-0.677,-0.677,10,2021,2021-01-15,2025-12-15
2023,USGS-420019091442501,b71354dd54c8431bb50317c533bce6fc,,,,42.005278,-91.740278,10.816,0.83,1.507,10,2021,2021-01-15,2025-12-15
2024,USGS-420019091442501,b71354dd54c8431bb50317c533bce6fc,,,,42.005278,-91.740278,9.612,-0.374,-1.204,9,2021,2021-01-15,2025-12-15
2025,USGS-420019091442501,b71354dd54c8431bb50317c533bce6fc,,,,42.005278,-91.740278,9.853,-0.132,0.241,12,2021,2021-01-15,2025-12-15
2021,USGS-420019091442502,04cd2eb8b1b94319abbfb737b21fafba,,,,42.005278,-91.740278,9.705,0,,12,2021,2021-01-15,2025-12-15
2022,USGS-420019091442502,04cd2eb8b1b94319abbfb737b21fafba,,,,42.005278,-91.740278,9.478,-0.227,-0.227,12,2021,2021-01-15,2025-12-15
2023,USGS-420019091442502,04cd2eb8b1b94319abbfb737b21fafba,,,,42.005278,-91.740278,10.537,0.832,1.059,10,2021,2021-01-15,2025-12-15
2024,USGS-420019091442502,04cd2eb8b1b94319abbfb737b21fafba,,,,42.005278,-91.740278,10.363,0.658,-0.174,12,2021,2021-01-15,2025-12-15
2025,USGS-420019091442502,04cd2eb8b1b94319abbfb737b21fafba,,,,42.005278,-91.740278,9.568,-0.137,-0.796,12,2021,2021-01-15,2025-12-15
2021,USGS-420031091422601,051164c4844940249cdd3506fda13410,,,,42.00875,-91.707306,6.854,0,,12,2021,2021-01-15,2025-12-15
2022,USGS-420031091422601,051164c4844940249cdd3506fda13410,,,,42.00875,-91.707306,7.723,0.868,0.868,12,2021,2021-01-15,2025-12-15
2023,USGS-420031091422601,051164c4844940249cdd3506fda13410,,,,42.00875,-91.707306,5.839,-1.015,-1.884,10,2021,2021-01-15,2025-12-15
2024,USGS-420031091422601,051164c4844940249cdd3506fda13410,,,,42.00875,-91.707306,5.803,-1.051,-0.036,12,2021,2021-01-15,2025-12-15
2025,USGS-420031091422601,051164c4844940249cdd3506fda13410,,,,42.00875,-91.707306,5.325,-1.529,-0.478,12,2021,2021-01-15,2025-12-15
2021,USGS-420031091441801,774212e4e91a4d979520f5c5febd59de,,,,42.008611,-91.738333,8.549,0,,12,2021,2021-01-15,2025-12-15
2022,USGS-420031091441801,774212e4e91a4d979520f5c5febd59de,,,,42.008611,-91.738333,7.865,-0.684,-0.684,12,2021,2021-01-15,2025-12-15
2023,USGS-420031091441801,774212e4e91a4d979520f5c5febd59de,,,,42.008611,-91.738333,8.754,0.205,0.889,10,2021,2021-01-15,2025-12-15
2024,USGS-420031091441801,774212e4e91a4d979520f5c5febd59de,,,,42.008611,-91.738333,8.101,-0.448,-0.653,12,2021,2021-01-15,2025-12-15
2025,USGS-420031091441801,774212e4e91a4d979520f5c5febd59de,,,,42.008611,-91.738333,7.366,-1.183,-0.735,12,2021,2021-01-15,2025-12-15
2021,USGS-420031091443301,5a8a21133d9445299bda17eaa39a29ce,,,,42.008778,-91.742694,6.734,0,,12,2021,2021-01-15,2025-12-15
2022,USGS-420031091443301,5a8a21133d9445299bda17eaa39a29ce,,,,42.008778,-91.742694,4.992,-1.742,-1.742,10,2021,2021-01-15,2025-12-15
2023,USGS-420031091443301,5a8a21133d9445299bda17eaa39a29ce,,,,42.008778,-91.742694,6.416,-0.318,1.424,10,2021,2021-01-15,2025-12-15
2024,USGS-420031091443301,5a8a21133d9445299bda17eaa39a29ce,,,,42.008778,-91.742694,5.478,-1.257,-0.939,12,2021,2021-01-15,2025-12-15
2025,USGS-420031091443301,5a8a21133d9445299bda17eaa39a29ce,,,,42.008778,-91.742694,4.845,-1.889,-0.633,12,2021,2021-01-15,2025-12-15
2021,USGS-420206070045901,4c732497f3a446839efc5da219793913,,,,42.035228,-70.082572,11.576,0,,12,2021,2021-01-15,2025-12-15
2022,USGS-420206070045901,4c732497f3a446839efc5da219793913,,,,42.035228,-70.082572,11.595,0.019,0.019,12,2021,2021-01-15,2025-12-15
2023,USGS-420206070045901,4c732497f3a446839efc5da219793913,,,,42.035228,-70.082572,11.343,-0.233,-0.252,12,2021,2021-01-15,2025-12-15
2024,USGS-420206070045901,4c732497f3a446839efc5da219793913,,,,42.035228,-70.082572,11.185,-0.391,-0.158,12,2021,2021-01-15,2025-12-15
2025,USGS-420206070045901,4c732497f3a446839efc5da219793913,,,,42.035228,-70.082572,11.597,0.021,0.412,12,2021,2021-01-15,2025-12-15
2021,USGS-420212095235701,33106bd3e11a4ca2bac36629ca52883c,,,,42.036639,-95.399222,26.075,0,,11,2021,2021-01-15,2025-12-15
2022,USGS-420212095235701,33106bd3e11a4ca2bac36629ca52883c,,,,42.036639,-95.399222,27.673,1.598,1.598,12,2021,2021-01-15,2025-12-15
2023,USGS-420212095235701,33106bd3e11a4ca2bac36629ca52883c,,,,42.036639,-95.399222,28.999,2.924,1.326,12,2021,2021-01-15,2025-12-15
2024,USGS-420212095235701,33106bd3e11a4ca2bac36629ca52883c,,,,42.036639,-95.399222,25.323,-0.752,-3.676,12,2021,2021-01-15,2025-12-15
2025,USGS-420212095235701,33106bd3e11a4ca2bac36629ca52883c,,,,42.036639,-95.399222,24.404,-1.671,-0.919,12,2021,2021-01-15,2025-12-15
2021,USGS-420305072581401,b10ad0007f0d475cb5e7972f5956605a,,,,42.051403,-72.970678,4.304,0,,12,2021,2021-01-15,2025-12-15
2022,USGS-420305072581401,b10ad0007f0d475cb5e7972f5956605a,,,,42.051403,-72.970678,5.375,1.071,1.071,12,2021,2021-01-15,2025-12-15
2023,USGS-420305072581401,b10ad0007f0d475cb5e7972f5956605a,,,,42.051403,-72.970678,4.086,-0.218,-1.289,12,2021,2021-01-15,2025-12-15
2024,USGS-420305072581401,b10ad0007f0d475cb5e7972f5956605a,,,,42.051403,-72.970678,5.066,0.762,0.98,12,2021,2021-01-15,2025-12-15
2025,USGS-420305072581401,b10ad0007f0d475cb5e7972f5956605a,,,,42.051403,-72.970678,5.192,0.888,0.126,12,2021,2021-01-15,2025-12-15
2021,USGS-420316070433501,147966582a7e4b25b1b6231c2f4a0e6d,,,,42.054444,-70.726389,9.852,0,,12,2021,2021-01-15,2025-12-15
2022,USGS-420316070433501,147966582a7e4b25b1b6231c2f4a0e6d,,,,42.054444,-70.726389,10.01,0.158,0.158,1,2021,2021-01-15,2025-12-15
2023,USGS-420316070433501,147966582a7e4b25b1b6231c2f4a0e6d,,,,42.054444,-70.726389,10.14,0.288,0.13,4,2021,2021-01-15,2025-12-15
2024,USGS-420316070433501,147966582a7e4b25b1b6231c2f4a0e6d,,,,42.054444,-70.726389,10.063,0.212,-0.077,12,2021,2021-01-15,2025-12-15
2025,USGS-420316070433501,147966582a7e4b25b1b6231c2f4a0e6d,,,,42.054444,-70.726389,10.241,0.389,0.178,12,2021,2021-01-15,2025-12-15
2021,USGS-420318121312201,d750bc81e1d6455190d36fab703385a1,,,,42.054833,-121.523861,311.65,0,,8,2021,2021-01-15,2025-12-15
2022,USGS-420318121312201,d750bc81e1d6455190d36fab703385a1,,,,42.054833,-121.523861,315.319,3.669,3.669,8,2021,2021-01-15,2025-12-15
2023,USGS-420318121312201,d750bc81e1d6455190d36fab703385a1,,,,42.054833,-121.523861,311.379,-0.271,-3.94,12,2021,2021-01-15,2025-12-15
2024,USGS-420318121312201,d750bc81e1d6455190d36fab703385a1,,,,42.054833,-121.523861,305.364,-6.286,-6.015,12,2021,2021-01-15,2025-12-15
2025,USGS-420318121312201,d750bc81e1d6455190d36fab703385a1,,,,42.054833,-121.523861,303.027,-8.623,-2.337,12,2021,2021-01-15,2025-12-15
2021,USGS-420326079295801,8bc21221f2664cf0827821463eb0af16,,,,42.057444,-79.499194,2.657,0,,12,2021,2021-01-15,2025-12-15
2022,USGS-420326079295801,8bc21221f2664cf0827821463eb0af16,,,,42.057444,-79.499194,2.693,0.035,0.035,12,2021,2021-01-15,2025-12-15
2023,USGS-420326079295801,8bc21221f2664cf0827821463eb0af16,,,,42.057444,-79.499194,3.193,0.535,0.5,12,2021,2021-01-15,2025-12-15
2024,USGS-420326079295801,8bc21221f2664cf0827821463eb0af16,,,,42.057444,-79.499194,2.362,-0.296,-0.831,12,2021,2021-01-15,2025-12-15
2025,USGS-420326079295801,8bc21221f2664cf0827821463eb0af16,,,,42.057444,-79.499194,3.094,0.437,0.732,12,2021,2021-01-15,2025-12-15
2021,USGS-420348121453601,3470c730cab94cf3be008fd2b7f63f63,,,,42.063083,-121.761139,51.612,0,,9,2021,2021-01-15,2025-12-15
2022,USGS-420348121453601,3470c730cab94cf3be008fd2b7f63f63,,,,42.063083,-121.761139,51.201,-0.411,-0.411,12,2021,2021-01-15,2025-12-15
2023,USGS-420348121453601,3470c730cab94cf3be008fd2b7f63f63,,,,42.063083,-121.761139,51.936,0.324,0.735,12,2021,2021-01-15,2025-12-15
2024,USGS-420348121453601,3470c730cab94cf3be008fd2b7f63f63,,,,42.063083,-121.761139,55.336,3.724,3.4,12,2021,2021-01-15,2025-12-15
2025,USGS-420348121453601,3470c730cab94cf3be008fd2b7f63f63,,,,42.063083,-121.761139,51.268,-0.345,-4.068,12,2021,2021-01-15,2025-12-15
2021,USGS-420350073193601,090b6f1b8c4c4f86b0d73e7e3d34ecde,,,,42.063889,-73.326667,13.458,0,,12,2021,2021-01-15,2025-12-15
2022,USGS-420350073193601,090b6f1b8c4c4f86b0d73e7e3d34ecde,,,,42.063889,-73.326667,12.263,-1.194,-1.194,12,2021,2021-01-15,2025-12-15
2023,USGS-420350073193601,090b6f1b8c4c4f86b0d73e7e3d34ecde,,,,42.063889,-73.326667,11.739,-1.718,-0.524,12,2021,2021-01-15,2025-12-15
2024,USGS-420350073193601,090b6f1b8c4c4f86b0d73e7e3d34ecde,,,,42.063889,-73.326667,10.798,-2.659,-0.941,12,2021,2021-01-15,2025-12-15
2025,USGS-420350073193601,090b6f1b8c4c4f86b0d73e7e3d34ecde,,,,42.063889,-73.326667,14.381,0.923,3.583,12,2021,2021-01-15,2025-12-15
2021,USGS-420530078445201,ced23111ca6545619f7eb21991ecf414,,,,42.091833,-78.747528,7.763,0,,12,2021,2021-01-15,2025-12-15
2022,USGS-420530078445201,ced23111ca6545619f7eb21991ecf414,,,,42.091833,-78.747528,7.427,-0.337,-0.337,12,2021,2021-01-15,2025-12-15
2023,USGS-420530078445201,ced23111ca6545619f7eb21991ecf414,,,,42.091833,-78.747528,8.064,0.301,0.637,12,2021,2021-01-15,2025-12-15
2024,USGS-420530078445201,ced23111ca6545619f7eb21991ecf414,,,,42.091833,-78.747528,8.169,0.406,0.105,12,2021,2021-01-15,2025-12-15
2025,USGS-420530078445201,ced23111ca6545619f7eb21991ecf414,,,,42.091833,-78.747528,8.04,0.277,-0.129,12,2021,2021-01-15,2025-12-15
2021,USGS-420544071173701,a319608d34124d509d9970d24f77ad74,,,,42.095556,-71.293611,5.814,0,,12,2021,2021-01-15,2025-12-15
2022,USGS-420544071173701,a319608d34124d509d9970d24f77ad74,,,,42.095556,-71.293611,6.301,0.487,0.487,12,2021,2021-01-15,2025-12-15
2023,USGS-420544071173701,a319608d34124d509d9970d24f77ad74,,,,42.095556,-71.293611,5.792,-0.022,-0.509,12,2021,2021-01-15,2025-12-15
2024,USGS-420544071173701,a319608d34124d509d9970d24f77ad74,,,,42.095556,-71.293611,6.047,0.232,0.255,12,2021,2021-01-15,2025-12-15
2025,USGS-420544071173701,a319608d34124d509d9970d24f77ad74,,,,42.095556,-71.293611,6.29,0.476,0.243,12,2021,2021-01-15,2025-12-15
2021,USGS-420619076515201,89c49a97174c4b91a665f76e2f1a4471,,,,42.105361,-76.866472,24.028,0,,12,2021,2021-01-15,2025-12-15
2022,USGS-420619076515201,89c49a97174c4b91a665f76e2f1a4471,,,,42.105361,-76.866472,24.623,0.594,0.594,12,2021,2021-01-15,2025-12-15
2023,USGS-420619076515201,89c49a97174c4b91a665f76e2f1a4471,,,,42.105361,-76.866472,24.29,0.262,-0.332,12,2021,2021-01-15,2025-12-15
2024,USGS-420619076515201,89c49a97174c4b91a665f76e2f1a4471,,,,42.105361,-76.866472,23.86,-0.168,-0.43,12,2021,2021-01-15,2025-12-15
2025,USGS-420619076515201,89c49a97174c4b91a665f76e2f1a4471,,,,42.105361,-76.866472,24.029,0.001,0.169,12,2021,2021-01-15,2025-12-15
2021,USGS-420710077052101,92cf69721b084fa69ec2f8e045815c67,,,,42.119556,-77.089056,73.783,0,,12,2021,2021-01-15,2025-12-15
2022,USGS-420710077052101,92cf69721b084fa69ec2f8e045815c67,,,,42.119556,-77.089056,77.142,3.358,3.358,12,2021,2021-01-15,2025-12-15
2023,USGS-420710077052101,92cf69721b084fa69ec2f8e045815c67,,,,42.119556,-77.089056,80.467,6.683,3.325,12,2021,2021-01-15,2025-12-15
2024,USGS-420710077052101,92cf69721b084fa69ec2f8e045815c67,,,,42.119556,-77.089056,79.346,5.563,-1.121,12,2021,2021-01-15,2025-12-15
2025,USGS-420710077052101,92cf69721b084fa69ec2f8e045815c67,,,,42.119556,-77.089056,85.442,11.658,6.096,12,2021,2021-01-15,2025-12-15
2021,USGS-420815076155501,95fbbf5c41ba4099a491cf5a6c9b934a,,,,42.137556,-76.265222,42.282,0,,12,2021,2021-01-15,2025-12-15
2022,USGS-420815076155501,95fbbf5c41ba4099a491cf5a6c9b934a,,,,42.137556,-76.265222,43.932,1.65,1.65,12,2021,2021-01-15,2025-12-15
2023,USGS-420815076155501,95fbbf5c41ba4099a491cf5a6c9b934a,,,,42.137556,-76.265222,43.218,0.936,-0.714,12,2021,2021-01-15,2025-12-15
2024,USGS-420815076155501,95fbbf5c41ba4099a491cf5a6c9b934a,,,,42.137556,-76.265222,42.83,0.548,-0.387,12,2021,2021-01-15,2025-12-15
2025,USGS-420815076155501,95fbbf5c41ba4099a491cf5a6c9b934a,,,,42.137556,-76.265222,44.181,1.899,1.351,12,2021,2021-01-15,2025-12-15
2021,USGS-420828076484601,936f98cf76d649bb839233ca74455dca,,,,42.141167,-76.812833,22.947,0,,11,2021,2021-01-15,2025-12-15
2022,USGS-420828076484601,936f98cf76d649bb839233ca74455dca,,,,42.141167,-76.812833,23.474,0.527,0.527,12,2021,2021-01-15,2025-12-15
2023,USGS-420828076484601,936f98cf76d649bb839233ca74455dca,,,,42.141167,-76.812833,23.31,0.363,-0.164,12,2021,2021-01-15,2025-12-15
2024,USGS-420828076484601,936f98cf76d649bb839233ca74455dca,,,,42.141167,-76.812833,23.178,0.231,-0.132,12,2021,2021-01-15,2025-12-15
2025,USGS-420828076484601,936f98cf76d649bb839233ca74455dca,,,,42.141167,-76.812833,23.563,0.616,0.385,12,2021,2021-01-15,2025-12-15
2021,USGS-421012072324301,79b8bed1ecc84ba5b6c1f802fe32b9d5,,,,42.17,-72.545278,22.331,0,,12,2021,2021-01-15,2025-12-15
2022,USGS-421012072324301,79b8bed1ecc84ba5b6c1f802fe32b9d5,,,,42.17,-72.545278,22.473,0.142,0.142,12,2021,2021-01-15,2025-12-15
2023,USGS-421012072324301,79b8bed1ecc84ba5b6c1f802fe32b9d5,,,,42.17,-72.545278,22.306,-0.025,-0.167,12,2021,2021-01-15,2025-12-15
2024,USGS-421012072324301,79b8bed1ecc84ba5b6c1f802fe32b9d5,,,,42.17,-72.545278,21.571,-0.76,-0.735,12,2021,2021-01-15,2025-12-15
2025,USGS-421012072324301,79b8bed1ecc84ba5b6c1f802fe32b9d5,,,,42.17,-72.545278,23.208,0.877,1.638,12,2021,2021-01-15,2025-12-15
2021,USGS-421138075511301,cad2121b32554acab26c81b7b1073798,,,,42.193944,-75.853333,23.417,0,,12,2021,2021-01-15,2025-12-15
2022,USGS-421138075511301,cad2121b32554acab26c81b7b1073798,,,,42.193944,-75.853333,24.685,1.268,1.268,12,2021,2021-01-15,2025-12-15
2023,USGS-421138075511301,cad2121b32554acab26c81b7b1073798,,,,42.193944,-75.853333,23.457,0.04,-1.228,12,2021,2021-01-15,2025-12-15
2024,USGS-421138075511301,cad2121b32554acab26c81b7b1073798,,,,42.193944,-75.853333,24.163,0.747,0.707,12,2021,2021-01-15,2025-12-15
2025,USGS-421138075511301,cad2121b32554acab26c81b7b1073798,,,,42.193944,-75.853333,25.971,2.554,1.808,11,2021,2021-01-15,2025-12-15
2021,USGS-421157075535401,cbf6dc5c016c467cb654dbdbe7b99049,,,,42.199639,-75.897583,67.3,0,,12,2021,2021-01-15,2025-12-15
2022,USGS-421157075535401,cbf6dc5c016c467cb654dbdbe7b99049,,,,42.199639,-75.897583,67.224,-0.076,-0.076,12,2021,2021-01-15,2025-12-15
2023,USGS-421157075535401,cbf6dc5c016c467cb654dbdbe7b99049,,,,42.199639,-75.897583,66.723,-0.577,-0.502,12,2021,2021-01-15,2025-12-15
2024,USGS-421157075535401,cbf6dc5c016c467cb654dbdbe7b99049,,,,42.199639,-75.897583,66.733,-0.567,0.011,12,2021,2021-01-15,2025-12-15
2025,USGS-421157075535401,cbf6dc5c016c467cb654dbdbe7b99049,,,,42.199639,-75.897583,67.523,0.223,0.789,12,2021,2021-01-15,2025-12-15
2021,USGS-421213076313301,9e6c214e139747e39a51dba94392fa3b,,,,42.203528,-76.525944,16.758,0,,12,2021,2021-01-15,2025-12-15
2022,USGS-421213076313301,9e6c214e139747e39a51dba94392fa3b,,,,42.203528,-76.525944,18.872,2.113,2.113,12,2021,2021-01-15,2025-12-15
2023,USGS-421213076313301,9e6c214e139747e39a51dba94392fa3b,,,,42.203528,-76.525944,17.476,0.718,-1.396,12,2021,2021-01-15,2025-12-15
2024,USGS-421213076313301,9e6c214e139747e39a51dba94392fa3b,,,,42.203528,-76.525944,19.042,2.283,1.566,12,2021,2021-01-15,2025-12-15
2025,USGS-421213076313301,9e6c214e139747e39a51dba94392fa3b,,,,42.203528,-76.525944,19.342,2.583,0.3,12,2021,2021-01-15,2025-12-15
2021,USGS-421217079183601,2e5007ececb84a8d86e3e5ea7af2cdf8,,,,42.20475,-79.310194,2.288,0,,12,2021,2021-01-15,2025-12-15
2022,USGS-421217079183601,2e5007ececb84a8d86e3e5ea7af2cdf8,,,,42.20475,-79.310194,2.813,0.525,0.525,12,2021,2021-01-15,2025-12-15
2023,USGS-421217079183601,2e5007ececb84a8d86e3e5ea7af2cdf8,,,,42.20475,-79.310194,3.336,1.048,0.523,12,2021,2021-01-15,2025-12-15
2024,USGS-421217079183601,2e5007ececb84a8d86e3e5ea7af2cdf8,,,,42.20475,-79.310194,2.767,0.479,-0.568,12,2021,2021-01-15,2025-12-15
2025,USGS-421217079183601,2e5007ececb84a8d86e3e5ea7af2cdf8,,,,42.20475,-79.310194,3.227,0.939,0.46,12,2021,2021-01-15,2025-12-15
2021,USGS-421240072490201,d06b512372114ea3a166f213a2cd1d23,,,,42.211267,-72.816997,1.029,0,,12,2021,2021-01-15,2025-12-15
2022,USGS-421240072490201,d06b512372114ea3a166f213a2cd1d23,,,,42.211267,-72.816997,1.93,0.901,0.901,12,2021,2021-01-15,2025-12-15
2023,USGS-421240072490201,d06b512372114ea3a166f213a2cd1d23,,,,42.211267,-72.816997,1.006,-0.023,-0.924,12,2021,2021-01-15,2025-12-15
2024,USGS-421240072490201,d06b512372114ea3a166f213a2cd1d23,,,,42.211267,-72.816997,1.406,0.377,0.4,12,2021,2021-01-15,2025-12-15
2025,USGS-421240072490201,d06b512372114ea3a166f213a2cd1d23,,,,42.211267,-72.816997,1.883,0.854,0.478,12,2021,2021-01-15,2025-12-15
2021,USGS-421410072081101,f952c74b270348069935bec8f379444a,,,,42.236111,-72.136389,18.581,0,,12,2021,2021-01-15,2025-12-15
2022,USGS-421410072081101,f952c74b270348069935bec8f379444a,,,,42.236111,-72.136389,19.253,0.672,0.672,12,2021,2021-01-15,2025-12-15
2023,USGS-421410072081101,f952c74b270348069935bec8f379444a,,,,42.236111,-72.136389,18.651,0.07,-0.602,12,2021,2021-01-15,2025-12-15
2024,USGS-421410072081101,f952c74b270348069935bec8f379444a,,,,42.236111,-72.136389,17.992,-0.589,-0.659,12,2021,2021-01-15,2025-12-15
2025,USGS-421410072081101,f952c74b270348069935bec8f379444a,,,,42.236111,-72.136389,20.02,1.439,2.028,12,2021,2021-01-15,2025-12-15
2021,USGS-421438071165601,6e37b37e3bb54535ac331a48a23252e5,,,,42.243786,-71.282192,32.039,0,,10,2021,2021-03-15,2025-12-15
2022,USGS-421438071165601,6e37b37e3bb54535ac331a48a23252e5,,,,42.243786,-71.282192,33.501,1.462,1.462,12,2021,2021-03-15,2025-12-15
2023,USGS-421438071165601,6e37b37e3bb54535ac331a48a23252e5,,,,42.243786,-71.282192,32.234,0.195,-1.267,12,2021,2021-03-15,2025-12-15
2024,USGS-421438071165601,6e37b37e3bb54535ac331a48a23252e5,,,,42.243786,-71.282192,32.53,0.491,0.296,12,2021,2021-03-15,2025-12-15
2025,USGS-421438071165601,6e37b37e3bb54535ac331a48a23252e5,,,,42.243786,-71.282192,33.492,1.453,0.963,12,2021,2021-03-15,2025-12-15
2021,USGS-421512077472801,e37142d92f204e008083a2792c34f05a,,,,42.253306,-77.790833,5.298,0,,12,2021,2021-01-15,2025-12-15
2022,USGS-421512077472801,e37142d92f204e008083a2792c34f05a,,,,42.253306,-77.790833,5.665,0.366,0.366,11,2021,2021-01-15,2025-12-15
2023,USGS-421512077472801,e37142d92f204e008083a2792c34f05a,,,,42.253306,-77.790833,5.271,-0.027,-0.394,12,2021,2021-01-15,2025-12-15
2024,USGS-421512077472801,e37142d92f204e008083a2792c34f05a,,,,42.253306,-77.790833,5.197,-0.102,-0.074,12,2021,2021-01-15,2025-12-15
2025,USGS-421512077472801,e37142d92f204e008083a2792c34f05a,,,,42.253306,-77.790833,5.669,0.371,0.472,12,2021,2021-01-15,2025-12-15
2021,USGS-421544078021301,6eaeae7794614c19a5c2f1380260ee43,,,,42.262194,-78.036722,-1.055,0,,12,2021,2021-01-15,2025-12-15
2022,USGS-421544078021301,6eaeae7794614c19a5c2f1380260ee43,,,,42.262194,-78.036722,-0.888,0.167,0.167,12,2021,2021-01-15,2025-12-15
2023,USGS-421544078021301,6eaeae7794614c19a5c2f1380260ee43,,,,42.262194,-78.036722,-0.663,0.392,0.225,12,2021,2021-01-15,2025-12-15
2024,USGS-421544078021301,6eaeae7794614c19a5c2f1380260ee43,,,,42.262194,-78.036722,-0.755,0.3,-0.092,12,2021,2021-01-15,2025-12-15
2025,USGS-421544078021301,6eaeae7794614c19a5c2f1380260ee43,,,,42.262194,-78.036722,-0.658,0.397,0.097,11,2021,2021-01-15,2025-12-15
2021,USGS-421556075281602,ae34499bb260421bbc0d86fdd529f80f,,,,42.265361,-75.470806,7.526,0,,12,2021,2021-01-15,2025-12-15
2022,USGS-421556075281602,ae34499bb260421bbc0d86fdd529f80f,,,,42.265361,-75.470806,8.421,0.895,0.895,12,2021,2021-01-15,2025-12-15
2023,USGS-421556075281602,ae34499bb260421bbc0d86fdd529f80f,,,,42.265361,-75.470806,8.345,0.819,-0.076,12,2021,2021-01-15,2025-12-15
2024,USGS-421556075281602,ae34499bb260421bbc0d86fdd529f80f,,,,42.265361,-75.470806,8.072,0.546,-0.273,12,2021,2021-01-15,2025-12-15
2025,USGS-421556075281602,ae34499bb260421bbc0d86fdd529f80f,,,,42.265361,-75.470806,7.803,0.278,-0.268,12,2021,2021-01-15,2025-12-15
2021,USGS-421746074180201,4e2574037ed341208ec6f1962d107dac,,,,42.296167,-74.300583,6.291,0,,12,2021,2021-01-15,2025-12-15
2022,USGS-421746074180201,4e2574037ed341208ec6f1962d107dac,,,,42.296167,-74.300583,6.958,0.667,0.667,12,2021,2021-01-15,2025-12-15
2023,USGS-421746074180201,4e2574037ed341208ec6f1962d107dac,,,,42.296167,-74.300583,6.405,0.114,-0.553,12,2021,2021-01-15,2025-12-15
2024,USGS-421746074180201,4e2574037ed341208ec6f1962d107dac,,,,42.296167,-74.300583,6.722,0.431,0.317,12,2021,2021-01-15,2025-12-15
2025,USGS-421746074180201,4e2574037ed341208ec6f1962d107dac,,,,42.296167,-74.300583,7.229,0.938,0.508,12,2021,2021-01-15,2025-12-15
2021,USGS-421853071220501,72dce58bc9e54b58b48fff3354df848f,,,,42.314722,-71.368056,15.518,0,,12,2021,2021-01-15,2025-12-15
2022,USGS-421853071220501,72dce58bc9e54b58b48fff3354df848f,,,,42.314722,-71.368056,16.095,0.577,0.577,12,2021,2021-01-15,2025-12-15
2023,USGS-421853071220501,72dce58bc9e54b58b48fff3354df848f,,,,42.314722,-71.368056,15.587,0.069,-0.508,12,2021,2021-01-15,2025-12-15
2024,USGS-421853071220501,72dce58bc9e54b58b48fff3354df848f,,,,42.314722,-71.368056,15.678,0.159,0.09,12,2021,2021-01-15,2025-12-15
2025,USGS-421853071220501,72dce58bc9e54b58b48fff3354df848f,,,,42.314722,-71.368056,16.206,0.687,0.528,12,2021,2021-01-15,2025-12-15
2021,USGS-421923072451001,19bfb469a939415a8190d61a3b7fdaba,,,,42.341199,-72.806206,9.957,0,,12,2021,2021-01-15,2025-12-15
2022,USGS-421923072451001,19bfb469a939415a8190d61a3b7fdaba,,,,42.341199,-72.806206,13.578,3.622,3.622,12,2021,2021-01-15,2025-12-15
2023,USGS-421923072451001,19bfb469a939415a8190d61a3b7fdaba,,,,42.341199,-72.806206,9.596,-0.361,-3.982,12,2021,2021-01-15,2025-12-15
2024,USGS-421923072451001,19bfb469a939415a8190d61a3b7fdaba,,,,42.341199,-72.806206,10.908,0.951,1.312,12,2021,2021-01-15,2025-12-15
2025,USGS-421923072451001,19bfb469a939415a8190d61a3b7fdaba,,,,42.341199,-72.806206,13.385,3.428,2.477,12,2021,2021-01-15,2025-12-15
2021,USGS-421948074483701,7d2524d80e7f45ceb5ca414a8fa7d163,,,,42.329917,-74.810194,5.301,0,,12,2021,2021-01-15,2025-12-15
2022,USGS-421948074483701,7d2524d80e7f45ceb5ca414a8fa7d163,,,,42.329917,-74.810194,5.948,0.648,0.648,12,2021,2021-01-15,2025-12-15
2023,USGS-421948074483701,7d2524d80e7f45ceb5ca414a8fa7d163,,,,42.329917,-74.810194,5.767,0.466,-0.182,12,2021,2021-01-15,2025-12-15
2024,USGS-421948074483701,7d2524d80e7f45ceb5ca414a8fa7d163,,,,42.329917,-74.810194,6.156,0.855,0.389,12,2021,2021-01-15,2025-12-15
2025,USGS-421948074483701,7d2524d80e7f45ceb5ca414a8fa7d163,,,,42.329917,-74.810194,5.995,0.694,-0.161,12,2021,2021-01-15,2025-12-15
2021,USGS-421948074483702,225bfd37737942b3aa0d523496fe19e9,,,,42.329944,-74.810167,1.21,0,,12,2021,2021-01-15,2025-12-15
2022,USGS-421948074483702,225bfd37737942b3aa0d523496fe19e9,,,,42.329944,-74.810167,2.06,0.85,0.85,12,2021,2021-01-15,2025-12-15
2023,USGS-421948074483702,225bfd37737942b3aa0d523496fe19e9,,,,42.329944,-74.810167,1.623,0.413,-0.437,12,2021,2021-01-15,2025-12-15
2024,USGS-421948074483702,225bfd37737942b3aa0d523496fe19e9,,,,42.329944,-74.810167,1.955,0.745,0.332,12,2021,2021-01-15,2025-12-15
2025,USGS-421948074483702,225bfd37737942b3aa0d523496fe19e9,,,,42.329944,-74.810167,1.952,0.742,-0.003,12,2021,2021-01-15,2025-12-15
2021,USGS-422058072085101,d421405c21cb4658993ad43536bb20a3,,,,42.349444,-72.1475,16.785,0,,12,2021,2021-01-15,2025-12-15
2022,USGS-422058072085101,d421405c21cb4658993ad43536bb20a3,,,,42.349444,-72.1475,17.853,1.068,1.068,12,2021,2021-01-15,2025-12-15
2023,USGS-422058072085101,d421405c21cb4658993ad43536bb20a3,,,,42.349444,-72.1475,16.804,0.019,-1.048,12,2021,2021-01-15,2025-12-15
2024,USGS-422058072085101,d421405c21cb4658993ad43536bb20a3,,,,42.349444,-72.1475,17.623,0.838,0.819,12,2021,2021-01-15,2025-12-15
2025,USGS-422058072085101,d421405c21cb4658993ad43536bb20a3,,,,42.349444,-72.1475,18.527,1.742,0.903,12,2021,2021-01-15,2025-12-15
2021,USGS-422103072241103,a0a8ae391ba74fb487250a2a3e18fae0,,,,42.350924,-72.402585,3.822,0,,12,2021,2021-01-15,2025-12-15
2022,USGS-422103072241103,a0a8ae391ba74fb487250a2a3e18fae0,,,,42.350924,-72.402585,4.622,0.8,0.8,12,2021,2021-01-15,2025-12-15
2023,USGS-422103072241103,a0a8ae391ba74fb487250a2a3e18fae0,,,,42.350924,-72.402585,3.652,-0.171,-0.971,12,2021,2021-01-15,2025-12-15
2024,USGS-422103072241103,a0a8ae391ba74fb487250a2a3e18fae0,,,,42.350924,-72.402585,4.478,0.655,0.826,12,2021,2021-01-15,2025-12-15
2025,USGS-422103072241103,a0a8ae391ba74fb487250a2a3e18fae0,,,,42.350924,-72.402585,4.761,0.938,0.283,12,2021,2021-01-15,2025-12-15
2021,USGS-422241073274601,6e32070dc94d48f29735dbed13d3d170,,,,42.377917,-73.462944,9.748,0,,12,2021,2021-01-15,2025-12-15
2022,USGS-422241073274601,6e32070dc94d48f29735dbed13d3d170,,,,42.377917,-73.462944,10.425,0.677,0.677,12,2021,2021-01-15,2025-12-15
2023,USGS-422241073274601,6e32070dc94d48f29735dbed13d3d170,,,,42.377917,-73.462944,9.943,0.194,-0.482,12,2021,2021-01-15,2025-12-15
2024,USGS-422241073274601,6e32070dc94d48f29735dbed13d3d170,,,,42.377917,-73.462944,10.687,0.938,0.744,12,2021,2021-01-15,2025-12-15
2025,USGS-422241073274601,6e32070dc94d48f29735dbed13d3d170,,,,42.377917,-73.462944,10.866,1.117,0.179,12,2021,2021-01-15,2025-12-15
2021,USGS-422248071362401,bed15c0c03974f1d8fb0be2f48a7cb5d,,,,42.379889,-71.606778,18.297,0,,12,2021,2021-01-15,2025-12-15
2022,USGS-422248071362401,bed15c0c03974f1d8fb0be2f48a7cb5d,,,,42.379889,-71.606778,19.783,1.487,1.487,12,2021,2021-01-15,2025-12-15
2023,USGS-422248071362401,bed15c0c03974f1d8fb0be2f48a7cb5d,,,,42.379889,-71.606778,18.17,-0.127,-1.613,12,2021,2021-01-15,2025-12-15
2024,USGS-422248071362401,bed15c0c03974f1d8fb0be2f48a7cb5d,,,,42.379889,-71.606778,19.57,1.273,1.4,12,2021,2021-01-15,2025-12-15
2025,USGS-422248071362401,bed15c0c03974f1d8fb0be2f48a7cb5d,,,,42.379889,-71.606778,20.087,1.79,0.517,12,2021,2021-01-15,2025-12-15
2021,USGS-422323076190301,0082eb4cd2ae42c788e56e3e6de3c8f7,,,,42.389667,-76.3175,13.686,0,,12,2021,2021-01-15,2025-12-15
2022,USGS-422323076190301,0082eb4cd2ae42c788e56e3e6de3c8f7,,,,42.389667,-76.3175,16.378,2.692,2.692,12,2021,2021-01-15,2025-12-15
2023,USGS-422323076190301,0082eb4cd2ae42c788e56e3e6de3c8f7,,,,42.389667,-76.3175,15.571,1.885,-0.807,12,2021,2021-01-15,2025-12-15
2024,USGS-422323076190301,0082eb4cd2ae42c788e56e3e6de3c8f7,,,,42.389667,-76.3175,16.107,2.421,0.536,12,2021,2021-01-15,2025-12-15
2025,USGS-422323076190301,0082eb4cd2ae42c788e56e3e6de3c8f7,,,,42.389667,-76.3175,16.265,2.579,0.158,12,2021,2021-01-15,2025-12-15
2021,USGS-422341071464901,863b9084dd9c481fa25c3508a9c19d1c,,,,42.394783,-71.779853,4.913,0,,12,2021,2021-01-15,2025-12-15
2022,USGS-422341071464901,863b9084dd9c481fa25c3508a9c19d1c,,,,42.394783,-71.779853,6.909,1.997,1.997,12,2021,2021-01-15,2025-12-15
2023,USGS-422341071464901,863b9084dd9c481fa25c3508a9c19d1c,,,,42.394783,-71.779853,4.762,-0.151,-2.148,12,2021,2021-01-15,2025-12-15
2024,USGS-422341071464901,863b9084dd9c481fa25c3508a9c19d1c,,,,42.394783,-71.779853,6.62,1.707,1.858,12,2021,2021-01-15,2025-12-15
2025,USGS-422341071464901,863b9084dd9c481fa25c3508a9c19d1c,,,,42.394783,-71.779853,7.309,2.397,0.689,12,2021,2021-01-15,2025-12-15
2021,USGS-422445077203301,1659c1b27eae4bd2a09170f66858208e,,,,42.412472,-77.342278,8.259,0,,12,2021,2021-01-15,2025-12-15
2022,USGS-422445077203301,1659c1b27eae4bd2a09170f66858208e,,,,42.412472,-77.342278,8.724,0.465,0.465,12,2021,2021-01-15,2025-12-15
2023,USGS-422445077203301,1659c1b27eae4bd2a09170f66858208e,,,,42.412472,-77.342278,8.631,0.372,-0.093,12,2021,2021-01-15,2025-12-15
2024,USGS-422445077203301,1659c1b27eae4bd2a09170f66858208e,,,,42.412472,-77.342278,8.192,-0.067,-0.438,12,2021,2021-01-15,2025-12-15
2025,USGS-422445077203301,1659c1b27eae4bd2a09170f66858208e,,,,42.412472,-77.342278,8.717,0.458,0.525,12,2021,2021-01-15,2025-12-15
2021,USGS-422622073410901,55eff53080894c3ab84212d27606f059,,,,42.439583,-73.685806,11.336,0,,12,2021,2021-01-15,2025-12-15
2022,USGS-422622073410901,55eff53080894c3ab84212d27606f059,,,,42.439583,-73.685806,10.23,-1.106,-1.106,12,2021,2021-01-15,2025-12-15
2023,USGS-422622073410901,55eff53080894c3ab84212d27606f059,,,,42.439583,-73.685806,10.68,-0.656,0.45,12,2021,2021-01-15,2025-12-15
2024,USGS-422622073410901,55eff53080894c3ab84212d27606f059,,,,42.439583,-73.685806,9.729,-1.607,-0.951,12,2021,2021-01-15,2025-12-15
2025,USGS-422622073410901,55eff53080894c3ab84212d27606f059,,,,42.439583,-73.685806,11.945,0.609,2.216,12,2021,2021-01-15,2025-12-15
2021,USGS-422702079005101,2ad2f5f926e849ebb25ce934801dd06f,,,,42.450444,-79.014278,29.287,0,,12,2021,2021-01-15,2025-12-15
2022,USGS-422702079005101,2ad2f5f926e849ebb25ce934801dd06f,,,,42.450444,-79.014278,29.645,0.358,0.358,12,2021,2021-01-15,2025-12-15
2023,USGS-422702079005101,2ad2f5f926e849ebb25ce934801dd06f,,,,42.450444,-79.014278,30.162,0.874,0.517,12,2021,2021-01-15,2025-12-15
2024,USGS-422702079005101,2ad2f5f926e849ebb25ce934801dd06f,,,,42.450444,-79.014278,30.302,1.014,0.14,12,2021,2021-01-15,2025-12-15
2025,USGS-422702079005101,2ad2f5f926e849ebb25ce934801dd06f,,,,42.450444,-79.014278,30.43,1.143,0.128,11,2021,2021-01-15,2025-12-15
2021,USGS-422710076462901,08bac441a42645ac95818b0ea15d056d,,,,42.452889,-76.774806,6.233,0,,12,2021,2021-01-15,2025-12-15
2022,USGS-422710076462901,08bac441a42645ac95818b0ea15d056d,,,,42.452889,-76.774806,7.708,1.475,1.475,12,2021,2021-01-15,2025-12-15
2023,USGS-422710076462901,08bac441a42645ac95818b0ea15d056d,,,,42.452889,-76.774806,6.974,0.741,-0.734,12,2021,2021-01-15,2025-12-15
2024,USGS-422710076462901,08bac441a42645ac95818b0ea15d056d,,,,42.452889,-76.774806,7.043,0.809,0.068,12,2021,2021-01-15,2025-12-15
2025,USGS-422710076462901,08bac441a42645ac95818b0ea15d056d,,,,42.452889,-76.774806,7.44,1.207,0.397,12,2021,2021-01-15,2025-12-15
2021,USGS-422733072532601,6bd4c2082e2640c98dab2f63f04fab17,,,,42.459461,-72.890281,4.501,0,,12,2021,2021-01-15,2025-12-15
2022,USGS-422733072532601,6bd4c2082e2640c98dab2f63f04fab17,,,,42.459461,-72.890281,5.172,0.672,0.672,12,2021,2021-01-15,2025-12-15
2023,USGS-422733072532601,6bd4c2082e2640c98dab2f63f04fab17,,,,42.459461,-72.890281,4.253,-0.247,-0.919,12,2021,2021-01-15,2025-12-15
2024,USGS-422733072532601,6bd4c2082e2640c98dab2f63f04fab17,,,,42.459461,-72.890281,4.697,0.196,0.443,12,2021,2021-01-15,2025-12-15
2025,USGS-422733072532601,6bd4c2082e2640c98dab2f63f04fab17,,,,42.459461,-72.890281,5.096,0.595,0.399,12,2021,2021-01-15,2025-12-15
2021,USGS-422745073112001,15b50f107a6d49a39cabf8ce53700285,,,,42.462585,-73.188437,14.84,0,,12,2021,2021-01-15,2025-12-15
2022,USGS-422745073112001,15b50f107a6d49a39cabf8ce53700285,,,,42.462585,-73.188437,17.098,2.257,2.257,12,2021,2021-01-15,2025-12-15
2023,USGS-422745073112001,15b50f107a6d49a39cabf8ce53700285,,,,42.462585,-73.188437,14.999,0.159,-2.098,12,2021,2021-01-15,2025-12-15
2024,USGS-422745073112001,15b50f107a6d49a39cabf8ce53700285,,,,42.462585,-73.188437,17.07,2.23,2.071,12,2021,2021-01-15,2025-12-15
2025,USGS-422745073112001,15b50f107a6d49a39cabf8ce53700285,,,,42.462585,-73.188437,17.108,2.268,0.038,12,2021,2021-01-15,2025-12-15
2021,USGS-422812071244401,dc4682569c9f473d9a23c5100b258222,,,,42.470114,-71.411881,17.074,0,,12,2021,2021-01-15,2025-12-15
2022,USGS-422812071244401,dc4682569c9f473d9a23c5100b258222,,,,42.470114,-71.411881,18.455,1.381,1.381,12,2021,2021-01-15,2025-12-15
2023,USGS-422812071244401,dc4682569c9f473d9a23c5100b258222,,,,42.470114,-71.411881,17.084,0.01,-1.371,12,2021,2021-01-15,2025-12-15
2024,USGS-422812071244401,dc4682569c9f473d9a23c5100b258222,,,,42.470114,-71.411881,17.215,0.141,0.131,12,2021,2021-01-15,2025-12-15
2025,USGS-422812071244401,dc4682569c9f473d9a23c5100b258222,,,,42.470114,-71.411881,19.482,2.408,2.267,12,2021,2021-01-15,2025-12-15
2021,USGS-422902076475801,49e796fd88574cb6905282f9b23d24de,,,,42.483833,-76.799333,31.412,0,,12,2021,2021-01-15,2025-12-15
2022,USGS-422902076475801,49e796fd88574cb6905282f9b23d24de,,,,42.483833,-76.799333,33.703,2.29,2.29,12,2021,2021-01-15,2025-12-15
2023,USGS-422902076475801,49e796fd88574cb6905282f9b23d24de,,,,42.483833,-76.799333,32.788,1.376,-0.914,12,2021,2021-01-15,2025-12-15
2024,USGS-422902076475801,49e796fd88574cb6905282f9b23d24de,,,,42.483833,-76.799333,33.069,1.657,0.281,12,2021,2021-01-15,2025-12-15
2025,USGS-422902076475801,49e796fd88574cb6905282f9b23d24de,,,,42.483833,-76.799333,34.096,2.683,1.027,12,2021,2021-01-15,2025-12-15
2021,USGS-422906072124301,f95a114c8fb6466bb53f68f6d673ed00,,,,42.485075,-72.211436,13.149,0,,11,2021,2021-01-15,2025-12-15
2022,USGS-422906072124301,f95a114c8fb6466bb53f68f6d673ed00,,,,42.485075,-72.211436,14.233,1.083,1.083,12,2021,2021-01-15,2025-12-15
2023,USGS-422906072124301,f95a114c8fb6466bb53f68f6d673ed00,,,,42.485075,-72.211436,13.024,-0.125,-1.208,12,2021,2021-01-15,2025-12-15
2024,USGS-422906072124301,f95a114c8fb6466bb53f68f6d673ed00,,,,42.485075,-72.211436,13.509,0.36,0.485,12,2021,2021-01-15,2025-12-15
2025,USGS-422906072124301,f95a114c8fb6466bb53f68f6d673ed00,,,,42.485075,-72.211436,13.894,0.745,0.385,12,2021,2021-01-15,2025-12-15
2021,USGS-422920076275301,4ec3223f0e4a4697b366ee38d22e98fe,,,,42.488917,-76.464611,4.203,0,,12,2021,2021-01-15,2025-12-15
2022,USGS-422920076275301,4ec3223f0e4a4697b366ee38d22e98fe,,,,42.488917,-76.464611,4.632,0.429,0.429,12,2021,2021-01-15,2025-12-15
2023,USGS-422920076275301,4ec3223f0e4a4697b366ee38d22e98fe,,,,42.488917,-76.464611,4.542,0.338,-0.091,12,2021,2021-01-15,2025-12-15
2024,USGS-422920076275301,4ec3223f0e4a4697b366ee38d22e98fe,,,,42.488917,-76.464611,4.511,0.308,-0.031,12,2021,2021-01-15,2025-12-15
2025,USGS-422920076275301,4ec3223f0e4a4697b366ee38d22e98fe,,,,42.488917,-76.464611,4.731,0.528,0.22,12,2021,2021-01-15,2025-12-15
2021,USGS-423035121331401,ddbc5345656c4d4fb0728cc844f2351f,,,,42.509583,-121.554944,27.281,0,,12,2021,2021-01-15,2025-12-15
2022,USGS-423035121331401,ddbc5345656c4d4fb0728cc844f2351f,,,,42.509583,-121.554944,27.667,0.386,0.386,12,2021,2021-01-15,2025-12-15
2023,USGS-423035121331401,ddbc5345656c4d4fb0728cc844f2351f,,,,42.509583,-121.554944,25.883,-1.398,-1.783,12,2021,2021-01-15,2025-12-15
2024,USGS-423035121331401,ddbc5345656c4d4fb0728cc844f2351f,,,,42.509583,-121.554944,26.124,-1.157,0.241,10,2021,2021-01-15,2025-12-15
2025,USGS-423035121331401,ddbc5345656c4d4fb0728cc844f2351f,,,,42.509583,-121.554944,24.932,-2.349,-1.192,12,2021,2021-01-15,2025-12-15
2021,USGS-423058071025401,6481907f523f41e3a0b57d2352f10ce5,,,,42.516111,-71.048333,5.932,0,,12,2021,2021-01-15,2025-12-15
2022,USGS-423058071025401,6481907f523f41e3a0b57d2352f10ce5,,,,42.516111,-71.048333,7.397,1.465,1.465,12,2021,2021-01-15,2025-12-15
2023,USGS-423058071025401,6481907f523f41e3a0b57d2352f10ce5,,,,42.516111,-71.048333,5.93,-0.002,-1.467,12,2021,2021-01-15,2025-12-15
2024,USGS-423058071025401,6481907f523f41e3a0b57d2352f10ce5,,,,42.516111,-71.048333,6.811,0.879,0.881,12,2021,2021-01-15,2025-12-15
2025,USGS-423058071025401,6481907f523f41e3a0b57d2352f10ce5,,,,42.516111,-71.048333,6.785,0.853,-0.026,12,2021,2021-01-15,2025-12-15
2021,USGS-423114090161101,aad02c6f69c3402eb9f8bf9e4eb65e24,,,,42.520036,-90.269831,24.817,0,,12,2021,2021-01-15,2025-12-15
2022,USGS-423114090161101,aad02c6f69c3402eb9f8bf9e4eb65e24,,,,42.520036,-90.269831,31.183,6.366,6.366,12,2021,2021-01-15,2025-12-15
2023,USGS-423114090161101,aad02c6f69c3402eb9f8bf9e4eb65e24,,,,42.520036,-90.269831,23.965,-0.852,-7.217,12,2021,2021-01-15,2025-12-15
2024,USGS-423114090161101,aad02c6f69c3402eb9f8bf9e4eb65e24,,,,42.520036,-90.269831,22.27,-2.547,-1.695,12,2021,2021-01-15,2025-12-15
2025,USGS-423114090161101,aad02c6f69c3402eb9f8bf9e4eb65e24,,,,42.520036,-90.269831,29.964,5.148,7.694,12,2021,2021-01-15,2025-12-15
2021,USGS-423143076582601,c90bcf553c6d4dddaa0938b329fe84d2,,,,42.528806,-76.974,4.157,0,,12,2021,2021-01-15,2025-12-15
2022,USGS-423143076582601,c90bcf553c6d4dddaa0938b329fe84d2,,,,42.528806,-76.974,4.573,0.416,0.416,12,2021,2021-01-15,2025-12-15
2023,USGS-423143076582601,c90bcf553c6d4dddaa0938b329fe84d2,,,,42.528806,-76.974,4.533,0.377,-0.039,12,2021,2021-01-15,2025-12-15
2024,USGS-423143076582601,c90bcf553c6d4dddaa0938b329fe84d2,,,,42.528806,-76.974,4.237,0.081,-0.296,12,2021,2021-01-15,2025-12-15
2025,USGS-423143076582601,c90bcf553c6d4dddaa0938b329fe84d2,,,,42.528806,-76.974,5.112,0.956,0.875,12,2021,2021-01-15,2025-12-15
2021,USGS-423257071243702,2c7c5028de64417294b331ba0843144f,,,,42.549147,-71.410386,10.8,0,,10,2021,2021-03-15,2025-12-15
2022,USGS-423257071243702,2c7c5028de64417294b331ba0843144f,,,,42.549147,-71.410386,11.566,0.766,0.766,12,2021,2021-03-15,2025-12-15
2023,USGS-423257071243702,2c7c5028de64417294b331ba0843144f,,,,42.549147,-71.410386,10.737,-0.063,-0.828,12,2021,2021-03-15,2025-12-15
2024,USGS-423257071243702,2c7c5028de64417294b331ba0843144f,,,,42.549147,-71.410386,11.616,0.816,0.878,12,2021,2021-03-15,2025-12-15
2025,USGS-423257071243702,2c7c5028de64417294b331ba0843144f,,,,42.549147,-71.410386,11.858,1.058,0.242,12,2021,2021-03-15,2025-12-15
2021,USGS-423312088350401,2fd29e1e90214f22b42b8af5fb94b0b0,,,,42.553269,-88.584544,108.422,0,,12,2021,2021-01-15,2025-12-15
2022,USGS-423312088350401,2fd29e1e90214f22b42b8af5fb94b0b0,,,,42.553269,-88.584544,111.082,2.659,2.659,11,2021,2021-01-15,2025-12-15
2023,USGS-423312088350401,2fd29e1e90214f22b42b8af5fb94b0b0,,,,42.553269,-88.584544,111.677,3.255,0.595,10,2021,2021-01-15,2025-12-15
2024,USGS-423312088350401,2fd29e1e90214f22b42b8af5fb94b0b0,,,,42.553269,-88.584544,111.396,2.973,-0.281,12,2021,2021-01-15,2025-12-15
2025,USGS-423312088350401,2fd29e1e90214f22b42b8af5fb94b0b0,,,,42.553269,-88.584544,111.551,3.128,0.155,12,2021,2021-01-15,2025-12-15
2021,USGS-423322076143801,4b098fb903df41969659f116b97f6e4f,,,,42.556167,-76.243639,74.047,0,,3,2021,2021-10-15,2025-12-15
2022,USGS-423322076143801,4b098fb903df41969659f116b97f6e4f,,,,42.556167,-76.243639,81.886,7.839,7.839,12,2021,2021-10-15,2025-12-15
2023,USGS-423322076143801,4b098fb903df41969659f116b97f6e4f,,,,42.556167,-76.243639,80.85,6.803,-1.036,12,2021,2021-10-15,2025-12-15
2024,USGS-423322076143801,4b098fb903df41969659f116b97f6e4f,,,,42.556167,-76.243639,77.772,3.725,-3.078,10,2021,2021-10-15,2025-12-15
2025,USGS-423322076143801,4b098fb903df41969659f116b97f6e4f,,,,42.556167,-76.243639,82.329,8.282,4.557,11,2021,2021-10-15,2025-12-15
2021,USGS-423401071093801,a6fdbb98f1204f76a314b2fe1053a402,,,,42.566897,-71.159967,6.775,0,,11,2021,2021-01-15,2025-12-15
2022,USGS-423401071093801,a6fdbb98f1204f76a314b2fe1053a402,,,,42.566897,-71.159967,8.4,1.625,1.625,12,2021,2021-01-15,2025-12-15
2023,USGS-423401071093801,a6fdbb98f1204f76a314b2fe1053a402,,,,42.566897,-71.159967,7.196,0.421,-1.204,12,2021,2021-01-15,2025-12-15
2024,USGS-423401071093801,a6fdbb98f1204f76a314b2fe1053a402,,,,42.566897,-71.159967,7.732,0.957,0.536,12,2021,2021-01-15,2025-12-15
2025,USGS-423401071093801,a6fdbb98f1204f76a314b2fe1053a402,,,,42.566897,-71.159967,8.327,1.552,0.595,12,2021,2021-01-15,2025-12-15
2021,USGS-423441072170701,7e42cb7a22e74310933064f1ccedc724,,,,42.578143,-72.284806,6.796,0,,12,2021,2021-01-15,2025-12-15
2022,USGS-423441072170701,7e42cb7a22e74310933064f1ccedc724,,,,42.578143,-72.284806,7.669,0.873,0.873,12,2021,2021-01-15,2025-12-15
2023,USGS-423441072170701,7e42cb7a22e74310933064f1ccedc724,,,,42.578143,-72.284806,6.782,-0.013,-0.887,12,2021,2021-01-15,2025-12-15
2024,USGS-423441072170701,7e42cb7a22e74310933064f1ccedc724,,,,42.578143,-72.284806,6.926,0.13,0.143,12,2021,2021-01-15,2025-12-15
2025,USGS-423441072170701,7e42cb7a22e74310933064f1ccedc724,,,,42.578143,-72.284806,7.566,0.77,0.64,12,2021,2021-01-15,2025-12-15
2021,USGS-423506070491401,341f42e6b4be40098f0fa697ccc908c5,,,,42.585,-70.820556,1.176,0,,12,2021,2021-01-15,2025-12-15
2022,USGS-423506070491401,341f42e6b4be40098f0fa697ccc908c5,,,,42.585,-70.820556,2.312,1.136,1.136,12,2021,2021-01-15,2025-12-15
2023,USGS-423506070491401,341f42e6b4be40098f0fa697ccc908c5,,,,42.585,-70.820556,1.41,0.234,-0.902,12,2021,2021-01-15,2025-12-15
2024,USGS-423506070491401,341f42e6b4be40098f0fa697ccc908c5,,,,42.585,-70.820556,1.907,0.731,0.497,12,2021,2021-01-15,2025-12-15
2025,USGS-423506070491401,341f42e6b4be40098f0fa697ccc908c5,,,,42.585,-70.820556,1.72,0.544,-0.187,12,2021,2021-01-15,2025-12-15
2021,USGS-423530074191701,c2f81a9b817f4600be5f0f3fa54003d4,,,,42.591833,-74.321389,9.115,0,,12,2021,2021-01-15,2025-12-15
2022,USGS-423530074191701,c2f81a9b817f4600be5f0f3fa54003d4,,,,42.591833,-74.321389,9.226,0.111,0.111,12,2021,2021-01-15,2025-12-15
2023,USGS-423530074191701,c2f81a9b817f4600be5f0f3fa54003d4,,,,42.591833,-74.321389,9.039,-0.076,-0.187,12,2021,2021-01-15,2025-12-15
2024,USGS-423530074191701,c2f81a9b817f4600be5f0f3fa54003d4,,,,42.591833,-74.321389,9.244,0.129,0.205,12,2021,2021-01-15,2025-12-15
2025,USGS-423530074191701,c2f81a9b817f4600be5f0f3fa54003d4,,,,42.591833,-74.321389,9.223,0.108,-0.021,12,2021,2021-01-15,2025-12-15
2021,USGS-423534073423401,f9c37985c80c4e5dbb1320fa330d2817,,,,42.592361,-73.708694,37.692,0,,12,2021,2021-01-15,2025-12-15
2022,USGS-423534073423401,f9c37985c80c4e5dbb1320fa330d2817,,,,42.592361,-73.708694,36.928,-0.763,-0.763,12,2021,2021-01-15,2025-12-15
2023,USGS-423534073423401,f9c37985c80c4e5dbb1320fa330d2817,,,,42.592361,-73.708694,37.287,-0.405,0.358,12,2021,2021-01-15,2025-12-15
2024,USGS-423534073423401,f9c37985c80c4e5dbb1320fa330d2817,,,,42.592361,-73.708694,35.782,-1.909,-1.504,12,2021,2021-01-15,2025-12-15
2025,USGS-423534073423401,f9c37985c80c4e5dbb1320fa330d2817,,,,42.592361,-73.708694,38.677,0.985,2.894,12,2021,2021-01-15,2025-12-15
2021,USGS-423715072042801,000fe79496d648ada7f6deb40804eed7,,,,42.620833,-72.074444,3.49,0,,12,2021,2021-01-15,2025-12-15
2022,USGS-423715072042801,000fe79496d648ada7f6deb40804eed7,,,,42.620833,-72.074444,3.674,0.184,0.184,12,2021,2021-01-15,2025-12-15
2023,USGS-423715072042801,000fe79496d648ada7f6deb40804eed7,,,,42.620833,-72.074444,3.538,0.048,-0.136,12,2021,2021-01-15,2025-12-15
2024,USGS-423715072042801,000fe79496d648ada7f6deb40804eed7,,,,42.620833,-72.074444,3.483,-0.007,-0.055,12,2021,2021-01-15,2025-12-15
2025,USGS-423715072042801,000fe79496d648ada7f6deb40804eed7,,,,42.620833,-72.074444,3.721,0.231,0.238,12,2021,2021-01-15,2025-12-15
2021,USGS-423743078070802,751ae5da06f44f7d91ec08a7dc3b7eab,,,,42.629056,-78.118639,13.033,0,,12,2021,2021-01-15,2025-12-15
2022,USGS-423743078070802,751ae5da06f44f7d91ec08a7dc3b7eab,,,,42.629056,-78.118639,12.908,-0.125,-0.125,12,2021,2021-01-15,2025-12-15
2023,USGS-423743078070802,751ae5da06f44f7d91ec08a7dc3b7eab,,,,42.629056,-78.118639,12.902,-0.132,-0.007,12,2021,2021-01-15,2025-12-15
2024,USGS-423743078070802,751ae5da06f44f7d91ec08a7dc3b7eab,,,,42.629056,-78.118639,13.159,0.126,0.258,12,2021,2021-01-15,2025-12-15
2025,USGS-423743078070802,751ae5da06f44f7d91ec08a7dc3b7eab,,,,42.629056,-78.118639,12.998,-0.035,-0.161,12,2021,2021-01-15,2025-12-15
2021,USGS-423810072435401,c9921f3d174b47419ffa6846bb399545,,,,42.636056,-72.731528,13.247,0,,12,2021,2021-01-15,2025-12-15
2022,USGS-423810072435401,c9921f3d174b47419ffa6846bb399545,,,,42.636056,-72.731528,15.103,1.856,1.856,12,2021,2021-01-15,2025-12-15
2023,USGS-423810072435401,c9921f3d174b47419ffa6846bb399545,,,,42.636056,-72.731528,12.826,-0.422,-2.277,12,2021,2021-01-15,2025-12-15
2024,USGS-423810072435401,c9921f3d174b47419ffa6846bb399545,,,,42.636056,-72.731528,13.645,0.398,0.819,12,2021,2021-01-15,2025-12-15
2025,USGS-423810072435401,c9921f3d174b47419ffa6846bb399545,,,,42.636056,-72.731528,14.841,1.593,1.196,12,2021,2021-01-15,2025-12-15
2021,USGS-423827076035901,cceaecfe59f54e7eac8490c737f2368b,,,,42.640778,-76.066417,5.53,0,,12,2021,2021-01-15,2025-12-15
2022,USGS-423827076035901,cceaecfe59f54e7eac8490c737f2368b,,,,42.640778,-76.066417,6.481,0.951,0.951,12,2021,2021-01-15,2025-12-15
2023,USGS-423827076035901,cceaecfe59f54e7eac8490c737f2368b,,,,42.640778,-76.066417,6.205,0.675,-0.276,12,2021,2021-01-15,2025-12-15
2024,USGS-423827076035901,cceaecfe59f54e7eac8490c737f2368b,,,,42.640778,-76.066417,6.031,0.501,-0.174,11,2021,2021-01-15,2025-12-15
2025,USGS-423827076035901,cceaecfe59f54e7eac8490c737f2368b,,,,42.640778,-76.066417,6.283,0.753,0.252,12,2021,2021-01-15,2025-12-15
2021,USGS-424024076574801,4866b65c8913476cb63d33442ee8eaf1,,,,42.673222,-76.963361,4.611,0,,12,2021,2021-01-15,2025-10-15
2022,USGS-424024076574801,4866b65c8913476cb63d33442ee8eaf1,,,,42.673222,-76.963361,5.768,1.158,1.158,12,2021,2021-01-15,2025-10-15
2023,USGS-424024076574801,4866b65c8913476cb63d33442ee8eaf1,,,,42.673222,-76.963361,5.757,1.146,-0.012,12,2021,2021-01-15,2025-10-15
2024,USGS-424024076574801,4866b65c8913476cb63d33442ee8eaf1,,,,42.673222,-76.963361,5.389,0.778,-0.367,12,2021,2021-01-15,2025-10-15
2025,USGS-424024076574801,4866b65c8913476cb63d33442ee8eaf1,,,,42.673222,-76.963361,6.992,2.381,1.603,10,2021,2021-01-15,2025-10-15
2021,USGS-424055071435302,cb632a01c0d546e180c9dc57def5518d,,,,42.681944,-71.731389,12.703,0,,12,2021,2021-01-15,2025-12-15
2022,USGS-424055071435302,cb632a01c0d546e180c9dc57def5518d,,,,42.681944,-71.731389,12.959,0.257,0.257,12,2021,2021-01-15,2025-12-15
2023,USGS-424055071435302,cb632a01c0d546e180c9dc57def5518d,,,,42.681944,-71.731389,11.9,-0.803,-1.059,12,2021,2021-01-15,2025-12-15
2024,USGS-424055071435302,cb632a01c0d546e180c9dc57def5518d,,,,42.681944,-71.731389,11.868,-0.834,-0.032,12,2021,2021-01-15,2025-12-15
2025,USGS-424055071435302,cb632a01c0d546e180c9dc57def5518d,,,,42.681944,-71.731389,13.52,0.818,1.652,12,2021,2021-01-15,2025-12-15
2021,USGS-424057072010301,8f8650144c0c4abba6e9998b63b4c2a3,,,,42.68265,-72.01765,25.545,0,,12,2021,2021-01-15,2025-12-15
2022,USGS-424057072010301,8f8650144c0c4abba6e9998b63b4c2a3,,,,42.68265,-72.01765,26.057,0.512,0.512,12,2021,2021-01-15,2025-12-15
2023,USGS-424057072010301,8f8650144c0c4abba6e9998b63b4c2a3,,,,42.68265,-72.01765,25.696,0.151,-0.361,12,2021,2021-01-15,2025-12-15
2024,USGS-424057072010301,8f8650144c0c4abba6e9998b63b4c2a3,,,,42.68265,-72.01765,26.381,0.836,0.685,12,2021,2021-01-15,2025-12-15
2025,USGS-424057072010301,8f8650144c0c4abba6e9998b63b4c2a3,,,,42.68265,-72.01765,26.657,1.112,0.276,12,2021,2021-01-15,2025-12-15
2021,USGS-424115073495301,530b56d15e4244c8a72d4c2315c57db9,,,,42.687472,-73.831389,8.416,0,,12,2021,2021-01-15,2025-12-15
2022,USGS-424115073495301,530b56d15e4244c8a72d4c2315c57db9,,,,42.687472,-73.831389,8.527,0.111,0.111,12,2021,2021-01-15,2025-12-15
2023,USGS-424115073495301,530b56d15e4244c8a72d4c2315c57db9,,,,42.687472,-73.831389,7.722,-0.694,-0.805,12,2021,2021-01-15,2025-12-15
2024,USGS-424115073495301,530b56d15e4244c8a72d4c2315c57db9,,,,42.687472,-73.831389,7.483,-0.933,-0.239,12,2021,2021-01-15,2025-12-15
2025,USGS-424115073495301,530b56d15e4244c8a72d4c2315c57db9,,,,42.687472,-73.831389,8.611,0.195,1.128,12,2021,2021-01-15,2025-12-15
2021,USGS-424136075025101,7162a793f9bb4692bf8d9c6f80b08c0b,,,,42.692361,-75.048111,6.355,0,,12,2021,2021-01-15,2025-12-15
2022,USGS-424136075025101,7162a793f9bb4692bf8d9c6f80b08c0b,,,,42.692361,-75.048111,6.647,0.292,0.292,12,2021,2021-01-15,2025-12-15
2023,USGS-424136075025101,7162a793f9bb4692bf8d9c6f80b08c0b,,,,42.692361,-75.048111,6.101,-0.254,-0.546,12,2021,2021-01-15,2025-12-15
2024,USGS-424136075025101,7162a793f9bb4692bf8d9c6f80b08c0b,,,,42.692361,-75.048111,6.623,0.268,0.522,12,2021,2021-01-15,2025-12-15
2025,USGS-424136075025101,7162a793f9bb4692bf8d9c6f80b08c0b,,,,42.692361,-75.048111,6.632,0.277,0.01,12,2021,2021-01-15,2025-12-15
2021,USGS-424158076251901,a68c5d0289604f2dbe0efc8f7ad03274,,,,42.699528,-76.421611,18.946,0,,12,2021,2021-01-15,2025-12-15
2022,USGS-424158076251901,a68c5d0289604f2dbe0efc8f7ad03274,,,,42.699528,-76.421611,20.016,1.07,1.07,12,2021,2021-01-15,2025-12-15
2023,USGS-424158076251901,a68c5d0289604f2dbe0efc8f7ad03274,,,,42.699528,-76.421611,20.215,1.269,0.199,12,2021,2021-01-15,2025-12-15
2024,USGS-424158076251901,a68c5d0289604f2dbe0efc8f7ad03274,,,,42.699528,-76.421611,20.279,1.333,0.064,12,2021,2021-01-15,2025-12-15
2025,USGS-424158076251901,a68c5d0289604f2dbe0efc8f7ad03274,,,,42.699528,-76.421611,20.9,1.954,0.621,12,2021,2021-01-15,2025-12-15
2021,USGS-424204072015201,916b581194fc487380f60ac55a09feb0,,,,42.701019,-72.030836,4.488,0,,12,2021,2021-01-15,2025-12-15
2022,USGS-424204072015201,916b581194fc487380f60ac55a09feb0,,,,42.701019,-72.030836,6.729,2.241,2.241,12,2021,2021-01-15,2025-12-15
2023,USGS-424204072015201,916b581194fc487380f60ac55a09feb0,,,,42.701019,-72.030836,4.905,0.417,-1.824,12,2021,2021-01-15,2025-12-15
2024,USGS-424204072015201,916b581194fc487380f60ac55a09feb0,,,,42.701019,-72.030836,7.146,2.658,2.241,12,2021,2021-01-15,2025-12-15
2025,USGS-424204072015201,916b581194fc487380f60ac55a09feb0,,,,42.701019,-72.030836,7.822,3.333,0.676,12,2021,2021-01-15,2025-12-15
2021,USGS-424249072493101,b53dd36e2dfd4a4c9061a4e183b6f815,,,,42.713781,-72.825281,20.92,0,,12,2021,2021-01-15,2025-12-15
2022,USGS-424249072493101,b53dd36e2dfd4a4c9061a4e183b6f815,,,,42.713781,-72.825281,29.409,8.489,8.489,11,2021,2021-01-15,2025-12-15
2023,USGS-424249072493101,b53dd36e2dfd4a4c9061a4e183b6f815,,,,42.713781,-72.825281,22.513,1.593,-6.897,12,2021,2021-01-15,2025-12-15
2024,USGS-424249072493101,b53dd36e2dfd4a4c9061a4e183b6f815,,,,42.713781,-72.825281,26.508,5.588,3.995,12,2021,2021-01-15,2025-12-15
2025,USGS-424249072493101,b53dd36e2dfd4a4c9061a4e183b6f815,,,,42.713781,-72.825281,29.816,8.896,3.309,11,2021,2021-01-15,2025-12-15
2021,USGS-424311073423901,b77b09d62f76473cb59cf757afab0611,,,,42.719806,-73.710889,5.866,0,,12,2021,2021-01-15,2025-12-15
2022,USGS-424311073423901,b77b09d62f76473cb59cf757afab0611,,,,42.719806,-73.710889,5.883,0.017,0.017,12,2021,2021-01-15,2025-12-15
2023,USGS-424311073423901,b77b09d62f76473cb59cf757afab0611,,,,42.719806,-73.710889,5.827,-0.039,-0.056,12,2021,2021-01-15,2025-12-15
2024,USGS-424311073423901,b77b09d62f76473cb59cf757afab0611,,,,42.719806,-73.710889,6.081,0.215,0.254,12,2021,2021-01-15,2025-12-15
2025,USGS-424311073423901,b77b09d62f76473cb59cf757afab0611,,,,42.719806,-73.710889,6.407,0.541,0.326,12,2021,2021-01-15,2025-12-15
2021,USGS-424347076530202,a6e479e292d045f8a933a3f3b61b916d,,,,42.729861,-76.883944,1.885,0,,12,2021,2021-01-15,2025-12-15
2022,USGS-424347076530202,a6e479e292d045f8a933a3f3b61b916d,,,,42.729861,-76.883944,2.322,0.437,0.437,12,2021,2021-01-15,2025-12-15
2023,USGS-424347076530202,a6e479e292d045f8a933a3f3b61b916d,,,,42.729861,-76.883944,2.493,0.608,0.171,12,2021,2021-01-15,2025-12-15
2024,USGS-424347076530202,a6e479e292d045f8a933a3f3b61b916d,,,,42.729861,-76.883944,2.302,0.417,-0.191,12,2021,2021-01-15,2025-12-15
2025,USGS-424347076530202,a6e479e292d045f8a933a3f3b61b916d,,,,42.729861,-76.883944,2.852,0.967,0.55,10,2021,2021-01-15,2025-12-15
2021,USGS-424406078075301,96c78bc5ac0942d98a3a3c258a22b367,,,,42.735111,-78.131472,2.002,0,,11,2021,2021-02-15,2025-12-15
2022,USGS-424406078075301,96c78bc5ac0942d98a3a3c258a22b367,,,,42.735111,-78.131472,2.354,0.352,0.352,12,2021,2021-02-15,2025-12-15
2023,USGS-424406078075301,96c78bc5ac0942d98a3a3c258a22b367,,,,42.735111,-78.131472,2.492,0.49,0.138,12,2021,2021-02-15,2025-12-15
2024,USGS-424406078075301,96c78bc5ac0942d98a3a3c258a22b367,,,,42.735111,-78.131472,2.498,0.497,0.007,12,2021,2021-02-15,2025-12-15
2025,USGS-424406078075301,96c78bc5ac0942d98a3a3c258a22b367,,,,42.735111,-78.131472,2.675,0.673,0.177,12,2021,2021-02-15,2025-12-15
2021,USGS-424452076081902,7e1cfb1dfb034acfa5074ab73aad27da,,,,42.747694,-76.13825,4.66,0,,12,2021,2021-01-15,2025-12-15
2022,USGS-424452076081902,7e1cfb1dfb034acfa5074ab73aad27da,,,,42.747694,-76.13825,5.155,0.495,0.495,12,2021,2021-01-15,2025-12-15
2023,USGS-424452076081902,7e1cfb1dfb034acfa5074ab73aad27da,,,,42.747694,-76.13825,4.848,0.188,-0.308,12,2021,2021-01-15,2025-12-15
2024,USGS-424452076081902,7e1cfb1dfb034acfa5074ab73aad27da,,,,42.747694,-76.13825,4.739,0.079,-0.108,12,2021,2021-01-15,2025-12-15
2025,USGS-424452076081902,7e1cfb1dfb034acfa5074ab73aad27da,,,,42.747694,-76.13825,4.574,-0.086,-0.165,12,2021,2021-01-15,2025-12-15
2021,USGS-424520070562401,8b91ab7e634741918cd36c57318bd6f0,,,,42.755372,-70.939489,5.168,0,,12,2021,2021-01-15,2025-12-15
2022,USGS-424520070562401,8b91ab7e634741918cd36c57318bd6f0,,,,42.755372,-70.939489,7.599,2.431,2.431,12,2021,2021-01-15,2025-12-15
2023,USGS-424520070562401,8b91ab7e634741918cd36c57318bd6f0,,,,42.755372,-70.939489,5.022,-0.146,-2.577,12,2021,2021-01-15,2025-12-15
2024,USGS-424520070562401,8b91ab7e634741918cd36c57318bd6f0,,,,42.755372,-70.939489,6.917,1.748,1.894,12,2021,2021-01-15,2025-12-15
2025,USGS-424520070562401,8b91ab7e634741918cd36c57318bd6f0,,,,42.755372,-70.939489,7.878,2.709,0.961,12,2021,2021-01-15,2025-12-15
2021,USGS-424560074274101,79c1cbde74024b2194efa47d7c8079a6,,,,42.766611,-74.463111,29.743,0,,11,2021,2021-01-15,2025-12-15
2022,USGS-424560074274101,79c1cbde74024b2194efa47d7c8079a6,,,,42.766611,-74.463111,31.831,2.088,2.088,12,2021,2021-01-15,2025-12-15
2023,USGS-424560074274101,79c1cbde74024b2194efa47d7c8079a6,,,,42.766611,-74.463111,30.728,0.986,-1.103,12,2021,2021-01-15,2025-12-15
2024,USGS-424560074274101,79c1cbde74024b2194efa47d7c8079a6,,,,42.766611,-74.463111,31.102,1.359,0.373,12,2021,2021-01-15,2025-12-15
2025,USGS-424560074274101,79c1cbde74024b2194efa47d7c8079a6,,,,42.766611,-74.463111,31.617,1.875,0.516,12,2021,2021-01-15,2025-12-15
2021,USGS-424841071004101,20ce32b9595a4968834abd1a0a9966b3,,,,42.811606,-71.011622,11.587,0,,12,2021,2021-01-15,2025-12-15
2022,USGS-424841071004101,20ce32b9595a4968834abd1a0a9966b3,,,,42.811606,-71.011622,12.691,1.104,1.104,12,2021,2021-01-15,2025-12-15
2023,USGS-424841071004101,20ce32b9595a4968834abd1a0a9966b3,,,,42.811606,-71.011622,10.967,-0.62,-1.724,12,2021,2021-01-15,2025-12-15
2024,USGS-424841071004101,20ce32b9595a4968834abd1a0a9966b3,,,,42.811606,-71.011622,11.632,0.045,0.665,12,2021,2021-01-15,2025-12-15
2025,USGS-424841071004101,20ce32b9595a4968834abd1a0a9966b3,,,,42.811606,-71.011622,12.855,1.268,1.223,12,2021,2021-01-15,2025-12-15
2021,USGS-424859073585501,29ba9c0df26c4bdfad6f3d00bcb606b1,,,,42.816389,-73.982111,6.727,0,,12,2021,2021-01-15,2025-12-15
2022,USGS-424859073585501,29ba9c0df26c4bdfad6f3d00bcb606b1,,,,42.816389,-73.982111,7.345,0.618,0.618,12,2021,2021-01-15,2025-12-15
2023,USGS-424859073585501,29ba9c0df26c4bdfad6f3d00bcb606b1,,,,42.816389,-73.982111,6.595,-0.132,-0.75,12,2021,2021-01-15,2025-12-15
2024,USGS-424859073585501,29ba9c0df26c4bdfad6f3d00bcb606b1,,,,42.816389,-73.982111,6.741,0.013,0.146,12,2021,2021-01-15,2025-12-15
2025,USGS-424859073585501,29ba9c0df26c4bdfad6f3d00bcb606b1,,,,42.816389,-73.982111,7.279,0.552,0.538,12,2021,2021-01-15,2025-12-15
2021,USGS-425006088271501,fd08b87c93bb4ecaa958852a8bd84690,,,,42.835042,-88.455394,24.869,0,,10,2021,2021-01-15,2025-12-15
2022,USGS-425006088271501,fd08b87c93bb4ecaa958852a8bd84690,,,,42.835042,-88.455394,24.977,0.108,0.108,12,2021,2021-01-15,2025-12-15
2023,USGS-425006088271501,fd08b87c93bb4ecaa958852a8bd84690,,,,42.835042,-88.455394,24.745,-0.124,-0.232,12,2021,2021-01-15,2025-12-15
2024,USGS-425006088271501,fd08b87c93bb4ecaa958852a8bd84690,,,,42.835042,-88.455394,24.398,-0.471,-0.347,12,2021,2021-01-15,2025-12-15
2025,USGS-425006088271501,fd08b87c93bb4ecaa958852a8bd84690,,,,42.835042,-88.455394,24.617,-0.252,0.219,12,2021,2021-01-15,2025-12-15
2021,USGS-425033074532401,3013e5ae6b964385ae27354e275c2fde,,,,42.842417,-74.890056,107.221,0,,12,2021,2021-01-15,2025-12-15
2022,USGS-425033074532401,3013e5ae6b964385ae27354e275c2fde,,,,42.842417,-74.890056,107.679,0.458,0.458,12,2021,2021-01-15,2025-12-15
2023,USGS-425033074532401,3013e5ae6b964385ae27354e275c2fde,,,,42.842417,-74.890056,107.203,-0.017,-0.476,12,2021,2021-01-15,2025-12-15
2024,USGS-425033074532401,3013e5ae6b964385ae27354e275c2fde,,,,42.842417,-74.890056,109.867,2.647,2.664,12,2021,2021-01-15,2025-12-15
2025,USGS-425033074532401,3013e5ae6b964385ae27354e275c2fde,,,,42.842417,-74.890056,112.122,4.901,2.254,12,2021,2021-01-15,2025-12-15
2021,USGS-425048073472501,0516aa95a1f940e6a549dc60900d709b,,,,42.846389,-73.790806,2.152,0,,12,2021,2021-01-15,2025-12-15
2022,USGS-425048073472501,0516aa95a1f940e6a549dc60900d709b,,,,42.846389,-73.790806,3.153,1.001,1.001,12,2021,2021-01-15,2025-12-15
2023,USGS-425048073472501,0516aa95a1f940e6a549dc60900d709b,,,,42.846389,-73.790806,2.137,-0.015,-1.016,12,2021,2021-01-15,2025-12-15
2024,USGS-425048073472501,0516aa95a1f940e6a549dc60900d709b,,,,42.846389,-73.790806,2.65,0.498,0.513,12,2021,2021-01-15,2025-12-15
2025,USGS-425048073472501,0516aa95a1f940e6a549dc60900d709b,,,,42.846389,-73.790806,2.922,0.77,0.272,12,2021,2021-01-15,2025-12-15
2021,USGS-425432073233401,9c39768244c646d39311125dfb8a0c51,,,,42.908889,-73.392889,14.012,0,,12,2021,2021-01-15,2025-12-15
2022,USGS-425432073233401,9c39768244c646d39311125dfb8a0c51,,,,42.908889,-73.392889,15.103,1.092,1.092,12,2021,2021-01-15,2025-12-15
2023,USGS-425432073233401,9c39768244c646d39311125dfb8a0c51,,,,42.908889,-73.392889,14.082,0.07,-1.022,12,2021,2021-01-15,2025-12-15
2024,USGS-425432073233401,9c39768244c646d39311125dfb8a0c51,,,,42.908889,-73.392889,14.398,0.386,0.316,12,2021,2021-01-15,2025-12-15
2025,USGS-425432073233401,9c39768244c646d39311125dfb8a0c51,,,,42.908889,-73.392889,14.555,0.543,0.157,12,2021,2021-01-15,2025-12-15
2021,USGS-425448076350002,fd2d3b256f93427bb1b934645b0016f0,,,,42.913583,-76.5835,11.15,0,,12,2021,2021-01-15,2025-12-15
2022,USGS-425448076350002,fd2d3b256f93427bb1b934645b0016f0,,,,42.913583,-76.5835,11.227,0.077,0.077,12,2021,2021-01-15,2025-12-15
2023,USGS-425448076350002,fd2d3b256f93427bb1b934645b0016f0,,,,42.913583,-76.5835,11.251,0.101,0.024,12,2021,2021-01-15,2025-12-15
2024,USGS-425448076350002,fd2d3b256f93427bb1b934645b0016f0,,,,42.913583,-76.5835,11.23,0.08,-0.021,12,2021,2021-01-15,2025-12-15
2025,USGS-425448076350002,fd2d3b256f93427bb1b934645b0016f0,,,,42.913583,-76.5835,12.42,1.27,1.19,12,2021,2021-01-15,2025-12-15
2021,USGS-425511074254001,227f32b266e74b1eb83f2415b8e59f41,,,,42.91975,-74.427917,33.826,0,,11,2021,2021-01-15,2025-12-15
2022,USGS-425511074254001,227f32b266e74b1eb83f2415b8e59f41,,,,42.91975,-74.427917,34.11,0.284,0.284,12,2021,2021-01-15,2025-12-15
2023,USGS-425511074254001,227f32b266e74b1eb83f2415b8e59f41,,,,42.91975,-74.427917,33.838,0.012,-0.272,12,2021,2021-01-15,2025-12-15
2024,USGS-425511074254001,227f32b266e74b1eb83f2415b8e59f41,,,,42.91975,-74.427917,33.08,-0.746,-0.758,12,2021,2021-01-15,2025-12-15
2025,USGS-425511074254001,227f32b266e74b1eb83f2415b8e59f41,,,,42.91975,-74.427917,33.707,-0.119,0.627,12,2021,2021-01-15,2025-12-15
2021,USGS-425607088173001,df1969b77bb34a1e94fa9fd8b00e8631,,,,42.935681,-88.291389,6.143,0,,12,2021,2021-01-15,2025-12-15
2022,USGS-425607088173001,df1969b77bb34a1e94fa9fd8b00e8631,,,,42.935681,-88.291389,5.572,-0.572,-0.572,12,2021,2021-01-15,2025-12-15
2023,USGS-425607088173001,df1969b77bb34a1e94fa9fd8b00e8631,,,,42.935681,-88.291389,5.107,-1.036,-0.464,12,2021,2021-01-15,2025-12-15
2024,USGS-425607088173001,df1969b77bb34a1e94fa9fd8b00e8631,,,,42.935681,-88.291389,4.034,-2.109,-1.073,12,2021,2021-01-15,2025-12-15
2025,USGS-425607088173001,df1969b77bb34a1e94fa9fd8b00e8631,,,,42.935681,-88.291389,4.567,-1.577,0.532,12,2021,2021-01-15,2025-12-15
2021,USGS-425624074210601,6fb2f49e92444a7bbd1fca51dc9d4113,,,,42.939917,-74.35175,10.085,0,,4,2021,2021-09-15,2025-12-15
2022,USGS-425624074210601,6fb2f49e92444a7bbd1fca51dc9d4113,,,,42.939917,-74.35175,10.771,0.686,0.686,12,2021,2021-09-15,2025-12-15
2023,USGS-425624074210601,6fb2f49e92444a7bbd1fca51dc9d4113,,,,42.939917,-74.35175,10.327,0.242,-0.444,12,2021,2021-09-15,2025-12-15
2024,USGS-425624074210601,6fb2f49e92444a7bbd1fca51dc9d4113,,,,42.939917,-74.35175,10.256,0.171,-0.071,12,2021,2021-09-15,2025-12-15
2025,USGS-425624074210601,6fb2f49e92444a7bbd1fca51dc9d4113,,,,42.939917,-74.35175,10.584,0.499,0.328,12,2021,2021-09-15,2025-12-15
2021,USGS-425646090102001,bfc8791a5a354c2e856520e7b91d4ead,,,,42.946075,-90.172108,52.645,0,,12,2021,2021-01-15,2025-12-15
2022,USGS-425646090102001,bfc8791a5a354c2e856520e7b91d4ead,,,,42.946075,-90.172108,54.542,1.897,1.897,12,2021,2021-01-15,2025-12-15
2023,USGS-425646090102001,bfc8791a5a354c2e856520e7b91d4ead,,,,42.946075,-90.172108,50.322,-2.323,-4.219,12,2021,2021-01-15,2025-12-15
2024,USGS-425646090102001,bfc8791a5a354c2e856520e7b91d4ead,,,,42.946075,-90.172108,50.349,-2.296,0.026,9,2021,2021-01-15,2025-12-15
2025,USGS-425646090102001,bfc8791a5a354c2e856520e7b91d4ead,,,,42.946075,-90.172108,48.493,-4.152,-1.856,12,2021,2021-01-15,2025-12-15
2021,USGS-425803077151201,2d6999cd07604892979be92f4565e174,,,,42.967417,-77.252889,2.342,0,,12,2021,2021-01-15,2025-12-15
2022,USGS-425803077151201,2d6999cd07604892979be92f4565e174,,,,42.967417,-77.252889,2.396,0.054,0.054,12,2021,2021-01-15,2025-12-15
2023,USGS-425803077151201,2d6999cd07604892979be92f4565e174,,,,42.967417,-77.252889,2.44,0.098,0.044,12,2021,2021-01-15,2025-12-15
2024,USGS-425803077151201,2d6999cd07604892979be92f4565e174,,,,42.967417,-77.252889,2.578,0.236,0.138,12,2021,2021-01-15,2025-12-15
2025,USGS-425803077151201,2d6999cd07604892979be92f4565e174,,,,42.967417,-77.252889,2.928,0.586,0.35,12,2021,2021-01-15,2025-12-15
2021,USGS-425821076461301,f94c2247fab64c70a5b9e082f190610b,,,,42.9725,-76.770333,2.208,0,,12,2021,2021-01-15,2025-12-15
2022,USGS-425821076461301,f94c2247fab64c70a5b9e082f190610b,,,,42.9725,-76.770333,2.599,0.391,0.391,12,2021,2021-01-15,2025-12-15
2023,USGS-425821076461301,f94c2247fab64c70a5b9e082f190610b,,,,42.9725,-76.770333,2.417,0.208,-0.183,12,2021,2021-01-15,2025-12-15
2024,USGS-425821076461301,f94c2247fab64c70a5b9e082f190610b,,,,42.9725,-76.770333,2.337,0.129,-0.079,12,2021,2021-01-15,2025-12-15
2025,USGS-425821076461301,f94c2247fab64c70a5b9e082f190610b,,,,42.9725,-76.770333,3.073,0.864,0.735,12,2021,2021-01-15,2025-12-15
2021,USGS-425833077503901,9d3f0b4d803c4625b9c9645366bcd24d,,,,42.975806,-77.844083,11.272,0,,12,2021,2021-01-15,2025-12-15
2022,USGS-425833077503901,9d3f0b4d803c4625b9c9645366bcd24d,,,,42.975806,-77.844083,11.169,-0.103,-0.103,12,2021,2021-01-15,2025-12-15
2023,USGS-425833077503901,9d3f0b4d803c4625b9c9645366bcd24d,,,,42.975806,-77.844083,10.986,-0.287,-0.183,12,2021,2021-01-15,2025-12-15
2024,USGS-425833077503901,9d3f0b4d803c4625b9c9645366bcd24d,,,,42.975806,-77.844083,11.146,-0.127,0.16,12,2021,2021-01-15,2025-12-15
2025,USGS-425833077503901,9d3f0b4d803c4625b9c9645366bcd24d,,,,42.975806,-77.844083,10.926,-0.347,-0.22,12,2021,2021-01-15,2025-12-15
2021,USGS-425840077133901,ade587020ff1414689d94a8edaf54fc2,,,,42.977417,-77.228556,3.163,0,,12,2021,2021-01-15,2025-12-15
2022,USGS-425840077133901,ade587020ff1414689d94a8edaf54fc2,,,,42.977417,-77.228556,3.327,0.163,0.163,12,2021,2021-01-15,2025-12-15
2023,USGS-425840077133901,ade587020ff1414689d94a8edaf54fc2,,,,42.977417,-77.228556,3.073,-0.09,-0.253,12,2021,2021-01-15,2025-12-15
2024,USGS-425840077133901,ade587020ff1414689d94a8edaf54fc2,,,,42.977417,-77.228556,3.167,0.003,0.093,12,2021,2021-01-15,2025-12-15
2025,USGS-425840077133901,ade587020ff1414689d94a8edaf54fc2,,,,42.977417,-77.228556,3.413,0.249,0.246,12,2021,2021-01-15,2025-12-15
2021,USGS-425844077532901,520ef78a5ac5468e84b814da0a7b4d6e,,,,42.978889,-77.891389,43.761,0,,12,2021,2021-01-15,2025-12-15
2022,USGS-425844077532901,520ef78a5ac5468e84b814da0a7b4d6e,,,,42.978889,-77.891389,44.121,0.36,0.36,12,2021,2021-01-15,2025-12-15
2023,USGS-425844077532901,520ef78a5ac5468e84b814da0a7b4d6e,,,,42.978889,-77.891389,41.271,-2.49,-2.85,12,2021,2021-01-15,2025-12-15
2024,USGS-425844077532901,520ef78a5ac5468e84b814da0a7b4d6e,,,,42.978889,-77.891389,43.199,-0.562,1.928,12,2021,2021-01-15,2025-12-15
2025,USGS-425844077532901,520ef78a5ac5468e84b814da0a7b4d6e,,,,42.978889,-77.891389,43.358,-0.403,0.158,12,2021,2021-01-15,2025-12-15
2021,USGS-425846075504501,6688139d06844bbe8f0afcd4ddc4a6da,,,,42.979389,-75.84575,128.495,0,,12,2021,2021-01-15,2025-12-15
2022,USGS-425846075504501,6688139d06844bbe8f0afcd4ddc4a6da,,,,42.979389,-75.84575,132.016,3.521,3.521,12,2021,2021-01-15,2025-12-15
2023,USGS-425846075504501,6688139d06844bbe8f0afcd4ddc4a6da,,,,42.979389,-75.84575,129.337,0.843,-2.678,12,2021,2021-01-15,2025-12-15
2024,USGS-425846075504501,6688139d06844bbe8f0afcd4ddc4a6da,,,,42.979389,-75.84575,129.812,1.317,0.474,12,2021,2021-01-15,2025-12-15
2025,USGS-425846075504501,6688139d06844bbe8f0afcd4ddc4a6da,,,,42.979389,-75.84575,130.454,1.959,0.642,12,2021,2021-01-15,2025-12-15
2021,USGS-425913078085501,0b0f95de37784805ad08443bc63ede51,,,,42.987,-78.148194,34.012,0,,12,2021,2021-01-15,2025-12-15
2022,USGS-425913078085501,0b0f95de37784805ad08443bc63ede51,,,,42.987,-78.148194,32.28,-1.732,-1.732,12,2021,2021-01-15,2025-12-15
2023,USGS-425913078085501,0b0f95de37784805ad08443bc63ede51,,,,42.987,-78.148194,31.924,-2.088,-0.356,12,2021,2021-01-15,2025-12-15
2024,USGS-425913078085501,0b0f95de37784805ad08443bc63ede51,,,,42.987,-78.148194,37.575,3.563,5.651,10,2021,2021-01-15,2025-12-15
2025,USGS-425913078085501,0b0f95de37784805ad08443bc63ede51,,,,42.987,-78.148194,37.461,3.448,-0.114,12,2021,2021-01-15,2025-12-15
2021,USGS-430006078464101,f610b02cba9a4de6b00f8f29dc8c01a6,,,,43.001667,-78.777889,19.164,0,,12,2021,2021-01-15,2025-12-15
2022,USGS-430006078464101,f610b02cba9a4de6b00f8f29dc8c01a6,,,,43.001667,-78.777889,19.337,0.173,0.173,12,2021,2021-01-15,2025-12-15
2023,USGS-430006078464101,f610b02cba9a4de6b00f8f29dc8c01a6,,,,43.001667,-78.777889,19.327,0.162,-0.01,12,2021,2021-01-15,2025-12-15
2024,USGS-430006078464101,f610b02cba9a4de6b00f8f29dc8c01a6,,,,43.001667,-78.777889,19.252,0.087,-0.075,12,2021,2021-01-15,2025-12-15
2025,USGS-430006078464101,f610b02cba9a4de6b00f8f29dc8c01a6,,,,43.001667,-78.777889,19.419,0.255,0.167,9,2021,2021-01-15,2025-12-15
2021,USGS-430029121552101,2266f3187d0d4912a71a1214216b06a1,,,,43.008003,-121.923739,200.752,0,,12,2021,2021-01-15,2025-12-15
2022,USGS-430029121552101,2266f3187d0d4912a71a1214216b06a1,,,,43.008003,-121.923739,201.809,1.057,1.057,12,2021,2021-01-15,2025-12-15
2023,USGS-430029121552101,2266f3187d0d4912a71a1214216b06a1,,,,43.008003,-121.923739,202.633,1.881,0.823,12,2021,2021-01-15,2025-12-15
2024,USGS-430029121552101,2266f3187d0d4912a71a1214216b06a1,,,,43.008003,-121.923739,202.946,2.194,0.313,12,2021,2021-01-15,2025-12-15
2025,USGS-430029121552101,2266f3187d0d4912a71a1214216b06a1,,,,43.008003,-121.923739,202.887,2.135,-0.059,12,2021,2021-01-15,2025-12-15
2021,USGS-430056075354102,636fc38ac6ef41818452956d4da1148a,,,,43.015861,-75.594389,7.291,0,,12,2021,2021-01-15,2025-12-15
2022,USGS-430056075354102,636fc38ac6ef41818452956d4da1148a,,,,43.015861,-75.594389,8.182,0.892,0.892,12,2021,2021-01-15,2025-12-15
2023,USGS-430056075354102,636fc38ac6ef41818452956d4da1148a,,,,43.015861,-75.594389,7.69,0.399,-0.493,12,2021,2021-01-15,2025-12-15
2024,USGS-430056075354102,636fc38ac6ef41818452956d4da1148a,,,,43.015861,-75.594389,7.288,-0.003,-0.402,12,2021,2021-01-15,2025-12-15
2025,USGS-430056075354102,636fc38ac6ef41818452956d4da1148a,,,,43.015861,-75.594389,7.891,0.6,0.603,12,2021,2021-01-15,2025-12-15
2021,USGS-430120073232201,6f737c6256fc44c295db76497f46724a,,,,43.022222,-73.389472,11.856,0,,12,2021,2021-01-15,2025-12-15
2022,USGS-430120073232201,6f737c6256fc44c295db76497f46724a,,,,43.022222,-73.389472,12.488,0.633,0.633,12,2021,2021-01-15,2025-12-15
2023,USGS-430120073232201,6f737c6256fc44c295db76497f46724a,,,,43.022222,-73.389472,11.865,0.009,-0.623,12,2021,2021-01-15,2025-12-15
2024,USGS-430120073232201,6f737c6256fc44c295db76497f46724a,,,,43.022222,-73.389472,12.348,0.492,0.483,12,2021,2021-01-15,2025-12-15
2025,USGS-430120073232201,6f737c6256fc44c295db76497f46724a,,,,43.022222,-73.389472,12.722,0.866,0.374,10,2021,2021-01-15,2025-12-15
2021,USGS-430121074523001,55c45ac93cd34a69bd042105262a0226,,,,43.022444,-74.875083,50.882,0,,12,2021,2021-01-15,2025-12-15
2022,USGS-430121074523001,55c45ac93cd34a69bd042105262a0226,,,,43.022444,-74.875083,52.176,1.294,1.294,12,2021,2021-01-15,2025-12-15
2023,USGS-430121074523001,55c45ac93cd34a69bd042105262a0226,,,,43.022444,-74.875083,50.725,-0.157,-1.451,12,2021,2021-01-15,2025-12-15
2024,USGS-430121074523001,55c45ac93cd34a69bd042105262a0226,,,,43.022444,-74.875083,51.017,0.135,0.292,12,2021,2021-01-15,2025-12-15
2025,USGS-430121074523001,55c45ac93cd34a69bd042105262a0226,,,,43.022444,-74.875083,52.734,1.852,1.717,12,2021,2021-01-15,2025-12-15
2021,USGS-430146078101301,4a6c59b36b2a48e0bca6091a66a30f55,,,,43.029639,-78.170444,8.912,0,,12,2021,2021-01-15,2025-11-15
2022,USGS-430146078101301,4a6c59b36b2a48e0bca6091a66a30f55,,,,43.029639,-78.170444,9.769,0.858,0.858,12,2021,2021-01-15,2025-11-15
2023,USGS-430146078101301,4a6c59b36b2a48e0bca6091a66a30f55,,,,43.029639,-78.170444,9.835,0.923,0.066,12,2021,2021-01-15,2025-11-15
2024,USGS-430146078101301,4a6c59b36b2a48e0bca6091a66a30f55,,,,43.029639,-78.170444,8.707,-0.205,-1.128,12,2021,2021-01-15,2025-11-15
2025,USGS-430146078101301,4a6c59b36b2a48e0bca6091a66a30f55,,,,43.029639,-78.170444,10.446,1.535,1.74,11,2021,2021-01-15,2025-11-15
2021,USGS-430203091501201,56a517cfba124eb2aadb7cc5445a6257,,,,43.034167,-91.836667,10.568,0,,12,2021,2021-01-15,2025-12-15
2022,USGS-430203091501201,56a517cfba124eb2aadb7cc5445a6257,,,,43.034167,-91.836667,9.962,-0.607,-0.607,12,2021,2021-01-15,2025-12-15
2023,USGS-430203091501201,56a517cfba124eb2aadb7cc5445a6257,,,,43.034167,-91.836667,11.135,0.567,1.173,12,2021,2021-01-15,2025-12-15
2024,USGS-430203091501201,56a517cfba124eb2aadb7cc5445a6257,,,,43.034167,-91.836667,11.106,0.538,-0.029,11,2021,2021-01-15,2025-12-15
2025,USGS-430203091501201,56a517cfba124eb2aadb7cc5445a6257,,,,43.034167,-91.836667,11.746,1.178,0.639,12,2021,2021-01-15,2025-12-15
2021,USGS-430243076180401,e38db3997f9040cfa75b3f0ab183b01d,,,,43.045389,-76.301306,12.062,0,,12,2021,2021-01-15,2025-12-15
2022,USGS-430243076180401,e38db3997f9040cfa75b3f0ab183b01d,,,,43.045389,-76.301306,12.539,0.477,0.477,12,2021,2021-01-15,2025-12-15
2023,USGS-430243076180401,e38db3997f9040cfa75b3f0ab183b01d,,,,43.045389,-76.301306,12.306,0.244,-0.233,12,2021,2021-01-15,2025-12-15
2024,USGS-430243076180401,e38db3997f9040cfa75b3f0ab183b01d,,,,43.045389,-76.301306,12.652,0.59,0.346,12,2021,2021-01-15,2025-12-15
2025,USGS-430243076180401,e38db3997f9040cfa75b3f0ab183b01d,,,,43.045389,-76.301306,12.673,0.612,0.022,12,2021,2021-01-15,2025-12-15
2021,USGS-430243076180402,36f4ccb7ef534f818af01294f43d3134,,,,43.045389,-76.301306,13.019,0,,11,2021,2021-01-15,2025-12-15
2022,USGS-430243076180402,36f4ccb7ef534f818af01294f43d3134,,,,43.045389,-76.301306,13.37,0.351,0.351,12,2021,2021-01-15,2025-12-15
2023,USGS-430243076180402,36f4ccb7ef534f818af01294f43d3134,,,,43.045389,-76.301306,13.15,0.131,-0.22,12,2021,2021-01-15,2025-12-15
2024,USGS-430243076180402,36f4ccb7ef534f818af01294f43d3134,,,,43.045389,-76.301306,13.402,0.383,0.252,12,2021,2021-01-15,2025-12-15
2025,USGS-430243076180402,36f4ccb7ef534f818af01294f43d3134,,,,43.045389,-76.301306,13.433,0.414,0.032,12,2021,2021-01-15,2025-12-15
2021,USGS-430252077283402,6c4aa202fea244a5957b7658028a2687,,,,43.048,-77.47575,8.558,0,,12,2021,2021-01-15,2025-12-15
2022,USGS-430252077283402,6c4aa202fea244a5957b7658028a2687,,,,43.048,-77.47575,8.803,0.245,0.245,12,2021,2021-01-15,2025-12-15
2023,USGS-430252077283402,6c4aa202fea244a5957b7658028a2687,,,,43.048,-77.47575,8.873,0.315,0.07,12,2021,2021-01-15,2025-12-15
2024,USGS-430252077283402,6c4aa202fea244a5957b7658028a2687,,,,43.048,-77.47575,9.244,0.687,0.372,12,2021,2021-01-15,2025-12-15
2025,USGS-430252077283402,6c4aa202fea244a5957b7658028a2687,,,,43.048,-77.47575,9.923,1.365,0.678,12,2021,2021-01-15,2025-12-15
2021,USGS-430311077051501,9012c272bfd64fa29c3c356f5eb1ec2f,,,,43.053083,-77.086722,12.324,0,,12,2021,2021-01-15,2025-12-15
2022,USGS-430311077051501,9012c272bfd64fa29c3c356f5eb1ec2f,,,,43.053083,-77.086722,12.283,-0.041,-0.041,12,2021,2021-01-15,2025-12-15
2023,USGS-430311077051501,9012c272bfd64fa29c3c356f5eb1ec2f,,,,43.053083,-77.086722,11.982,-0.343,-0.302,12,2021,2021-01-15,2025-12-15
2024,USGS-430311077051501,9012c272bfd64fa29c3c356f5eb1ec2f,,,,43.053083,-77.086722,12.042,-0.282,0.061,12,2021,2021-01-15,2025-12-15
2025,USGS-430311077051501,9012c272bfd64fa29c3c356f5eb1ec2f,,,,43.053083,-77.086722,12.362,0.038,0.32,12,2021,2021-01-15,2025-12-15
2021,USGS-430327073475401,7324ec820e0a45ad8637bdad3d7c0570,,,,43.057611,-73.797528,40.424,0,,12,2021,2021-01-15,2025-12-15
2022,USGS-430327073475401,7324ec820e0a45ad8637bdad3d7c0570,,,,43.057611,-73.797528,40.477,0.053,0.053,12,2021,2021-01-15,2025-12-15
2023,USGS-430327073475401,7324ec820e0a45ad8637bdad3d7c0570,,,,43.057611,-73.797528,40.31,-0.114,-0.167,12,2021,2021-01-15,2025-12-15
2024,USGS-430327073475401,7324ec820e0a45ad8637bdad3d7c0570,,,,43.057611,-73.797528,40.277,-0.147,-0.033,12,2021,2021-01-15,2025-12-15
2025,USGS-430327073475401,7324ec820e0a45ad8637bdad3d7c0570,,,,43.057611,-73.797528,40.346,-0.078,0.069,12,2021,2021-01-15,2025-12-15
2021,USGS-430416088144301,22fc0194359147a6ae84bf4ef4ae07f9,,,,43.071086,-88.245203,3.385,0,,12,2021,2021-01-15,2025-12-15
2022,USGS-430416088144301,22fc0194359147a6ae84bf4ef4ae07f9,,,,43.071086,-88.245203,2.938,-0.447,-0.447,12,2021,2021-01-15,2025-12-15
2023,USGS-430416088144301,22fc0194359147a6ae84bf4ef4ae07f9,,,,43.071086,-88.245203,2.972,-0.413,0.033,12,2021,2021-01-15,2025-12-15
2024,USGS-430416088144301,22fc0194359147a6ae84bf4ef4ae07f9,,,,43.071086,-88.245203,2.311,-1.074,-0.661,12,2021,2021-01-15,2025-12-15
2025,USGS-430416088144301,22fc0194359147a6ae84bf4ef4ae07f9,,,,43.071086,-88.245203,2.581,-0.804,0.27,12,2021,2021-01-15,2025-12-15
2021,USGS-430416088144602,159008d336be427eb9aaa8591c730c5c,,,,43.07115,-88.246244,371.902,0,,12,2021,2021-01-15,2025-12-15
2022,USGS-430416088144602,159008d336be427eb9aaa8591c730c5c,,,,43.07115,-88.246244,372.487,0.586,0.586,12,2021,2021-01-15,2025-12-15
2023,USGS-430416088144602,159008d336be427eb9aaa8591c730c5c,,,,43.07115,-88.246244,375.983,4.082,3.496,12,2021,2021-01-15,2025-12-15
2024,USGS-430416088144602,159008d336be427eb9aaa8591c730c5c,,,,43.07115,-88.246244,366.07,-5.832,-9.913,12,2021,2021-01-15,2025-12-15
2025,USGS-430416088144602,159008d336be427eb9aaa8591c730c5c,,,,43.07115,-88.246244,350.028,-21.873,-16.042,12,2021,2021-01-15,2025-12-15
2021,USGS-430416088144604,151d0049f3934eba9637cbb440d082a1,,,,43.071244,-88.246256,370.59,0,,12,2021,2021-01-15,2025-12-15
2022,USGS-430416088144604,151d0049f3934eba9637cbb440d082a1,,,,43.071244,-88.246256,371.942,1.352,1.352,12,2021,2021-01-15,2025-12-15
2023,USGS-430416088144604,151d0049f3934eba9637cbb440d082a1,,,,43.071244,-88.246256,373.233,2.643,1.292,12,2021,2021-01-15,2025-12-15
2024,USGS-430416088144604,151d0049f3934eba9637cbb440d082a1,,,,43.071244,-88.246256,366.794,-3.796,-6.439,12,2021,2021-01-15,2025-12-15
2025,USGS-430416088144604,151d0049f3934eba9637cbb440d082a1,,,,43.071244,-88.246256,351.902,-18.688,-14.892,12,2021,2021-01-15,2025-12-15
2021,USGS-430427089284901,705445cdc89649d58cdf9bba0af63f40,,,,43.074283,-89.480172,40.472,0,,12,2021,2021-01-15,2025-12-15
2022,USGS-430427089284901,705445cdc89649d58cdf9bba0af63f40,,,,43.074283,-89.480172,45.953,5.481,5.481,12,2021,2021-01-15,2025-12-15
2023,USGS-430427089284901,705445cdc89649d58cdf9bba0af63f40,,,,43.074283,-89.480172,47.099,6.628,1.147,12,2021,2021-01-15,2025-12-15
2024,USGS-430427089284901,705445cdc89649d58cdf9bba0af63f40,,,,43.074283,-89.480172,46.375,5.903,-0.724,12,2021,2021-01-15,2025-12-15
2025,USGS-430427089284901,705445cdc89649d58cdf9bba0af63f40,,,,43.074283,-89.480172,46.144,5.672,-0.231,12,2021,2021-01-15,2025-12-15
2021,USGS-430510093425101,cb410edf58a8409b9adab3936da6cc5c,,,,43.086031,-93.714275,3.487,0,,12,2021,2021-01-15,2025-12-15
2022,USGS-430510093425101,cb410edf58a8409b9adab3936da6cc5c,,,,43.086031,-93.714275,3.728,0.241,0.241,12,2021,2021-01-15,2025-12-15
2023,USGS-430510093425101,cb410edf58a8409b9adab3936da6cc5c,,,,43.086031,-93.714275,4.225,0.738,0.497,12,2021,2021-01-15,2025-12-15
2024,USGS-430510093425101,cb410edf58a8409b9adab3936da6cc5c,,,,43.086031,-93.714275,4.313,0.827,0.088,12,2021,2021-01-15,2025-12-15
2025,USGS-430510093425101,cb410edf58a8409b9adab3936da6cc5c,,,,43.086031,-93.714275,3.723,0.237,-0.59,12,2021,2021-01-15,2025-12-15
2021,USGS-430649121305201,3f0ad78aca8e4fee815348d531a788b0,,,,43.113331,-121.515439,393.384,0,,12,2021,2021-01-15,2025-12-15
2022,USGS-430649121305201,3f0ad78aca8e4fee815348d531a788b0,,,,43.113331,-121.515439,395.572,2.187,2.187,12,2021,2021-01-15,2025-12-15
2023,USGS-430649121305201,3f0ad78aca8e4fee815348d531a788b0,,,,43.113331,-121.515439,397.294,3.91,1.723,9,2021,2021-01-15,2025-12-15
2024,USGS-430649121305201,3f0ad78aca8e4fee815348d531a788b0,,,,43.113331,-121.515439,398.923,5.539,1.629,3,2021,2021-01-15,2025-12-15
2025,USGS-430649121305201,3f0ad78aca8e4fee815348d531a788b0,,,,43.113331,-121.515439,331.792,-61.593,-67.132,6,2021,2021-01-15,2025-12-15
2021,USGS-430739078502701,18c85a54574444928ad85664ac5b74c3,,,,43.127778,-78.841,1.408,0,,12,2021,2021-01-15,2025-12-15
2022,USGS-430739078502701,18c85a54574444928ad85664ac5b74c3,,,,43.127778,-78.841,1.606,0.198,0.198,12,2021,2021-01-15,2025-12-15
2023,USGS-430739078502701,18c85a54574444928ad85664ac5b74c3,,,,43.127778,-78.841,1.278,-0.13,-0.327,12,2021,2021-01-15,2025-12-15
2024,USGS-430739078502701,18c85a54574444928ad85664ac5b74c3,,,,43.127778,-78.841,1.492,0.084,0.214,12,2021,2021-01-15,2025-12-15
2025,USGS-430739078502701,18c85a54574444928ad85664ac5b74c3,,,,43.127778,-78.841,2.74,1.332,1.248,12,2021,2021-01-15,2025-12-15
2021,USGS-430913077103101,18669cafe9cc48189a1adae6c5fe9579,,,,43.153583,-77.175333,10.964,0,,12,2021,2021-01-15,2025-12-15
2022,USGS-430913077103101,18669cafe9cc48189a1adae6c5fe9579,,,,43.153583,-77.175333,11.254,0.29,0.29,12,2021,2021-01-15,2025-12-15
2023,USGS-430913077103101,18669cafe9cc48189a1adae6c5fe9579,,,,43.153583,-77.175333,10.788,-0.176,-0.466,12,2021,2021-01-15,2025-12-15
2024,USGS-430913077103101,18669cafe9cc48189a1adae6c5fe9579,,,,43.153583,-77.175333,10.609,-0.355,-0.179,12,2021,2021-01-15,2025-12-15
2025,USGS-430913077103101,18669cafe9cc48189a1adae6c5fe9579,,,,43.153583,-77.175333,11.06,0.096,0.451,11,2021,2021-01-15,2025-12-15
2021,USGS-430924078241301,e30e2eac962e44faa30c3f7b126e2be3,,,,43.156778,-78.403639,41.173,0,,12,2021,2021-01-15,2025-12-15
2022,USGS-430924078241301,e30e2eac962e44faa30c3f7b126e2be3,,,,43.156778,-78.403639,42.008,0.834,0.834,12,2021,2021-01-15,2025-12-15
2023,USGS-430924078241301,e30e2eac962e44faa30c3f7b126e2be3,,,,43.156778,-78.403639,41.385,0.212,-0.622,12,2021,2021-01-15,2025-12-15
2024,USGS-430924078241301,e30e2eac962e44faa30c3f7b126e2be3,,,,43.156778,-78.403639,41.397,0.223,0.012,12,2021,2021-01-15,2025-12-15
2025,USGS-430924078241301,e30e2eac962e44faa30c3f7b126e2be3,,,,43.156778,-78.403639,42.538,1.364,1.141,12,2021,2021-01-15,2025-12-15
2021,USGS-430930074290301,6e97e330b9704fc1b70914cbc21095e0,,,,43.15825,-74.484167,4.497,0,,12,2021,2021-01-15,2025-12-15
2022,USGS-430930074290301,6e97e330b9704fc1b70914cbc21095e0,,,,43.15825,-74.484167,5.188,0.692,0.692,12,2021,2021-01-15,2025-12-15
2023,USGS-430930074290301,6e97e330b9704fc1b70914cbc21095e0,,,,43.15825,-74.484167,4.293,-0.203,-0.895,12,2021,2021-01-15,2025-12-15
2024,USGS-430930074290301,6e97e330b9704fc1b70914cbc21095e0,,,,43.15825,-74.484167,4.611,0.114,0.317,12,2021,2021-01-15,2025-12-15
2025,USGS-430930074290301,6e97e330b9704fc1b70914cbc21095e0,,,,43.15825,-74.484167,5.252,0.755,0.641,12,2021,2021-01-15,2025-12-15
2021,USGS-431030073192101,4e586be5ef534942ad25326d2745efd0,,,,43.174944,-73.321944,6.233,0,,12,2021,2021-01-15,2025-12-15
2022,USGS-431030073192101,4e586be5ef534942ad25326d2745efd0,,,,43.174944,-73.321944,6.726,0.493,0.493,12,2021,2021-01-15,2025-12-15
2023,USGS-431030073192101,4e586be5ef534942ad25326d2745efd0,,,,43.174944,-73.321944,6.133,-0.1,-0.593,12,2021,2021-01-15,2025-12-15
2024,USGS-431030073192101,4e586be5ef534942ad25326d2745efd0,,,,43.174944,-73.321944,6.483,0.25,0.35,12,2021,2021-01-15,2025-12-15
2025,USGS-431030073192101,4e586be5ef534942ad25326d2745efd0,,,,43.174944,-73.321944,6.47,0.237,-0.013,12,2021,2021-01-15,2025-12-15
2021,USGS-431045078160401,91b973823c444d798dc47ba353b8101f,,,,43.179167,-78.268028,21.706,0,,12,2021,2021-01-15,2025-12-15
2022,USGS-431045078160401,91b973823c444d798dc47ba353b8101f,,,,43.179167,-78.268028,21.268,-0.438,-0.438,12,2021,2021-01-15,2025-12-15
2023,USGS-431045078160401,91b973823c444d798dc47ba353b8101f,,,,43.179167,-78.268028,21.546,-0.16,0.277,12,2021,2021-01-15,2025-12-15
2024,USGS-431045078160401,91b973823c444d798dc47ba353b8101f,,,,43.179167,-78.268028,21.374,-0.332,-0.172,12,2021,2021-01-15,2025-12-15
2025,USGS-431045078160401,91b973823c444d798dc47ba353b8101f,,,,43.179167,-78.268028,25.331,3.625,3.957,12,2021,2021-01-15,2025-12-15
2021,USGS-431227075233301,2470d36221c04d5ea67701dcafb279e5,,,,43.207667,-75.392306,44.287,0,,12,2021,2021-01-15,2025-10-15
2022,USGS-431227075233301,2470d36221c04d5ea67701dcafb279e5,,,,43.207667,-75.392306,43.197,-1.09,-1.09,12,2021,2021-01-15,2025-10-15
2023,USGS-431227075233301,2470d36221c04d5ea67701dcafb279e5,,,,43.207667,-75.392306,43.427,-0.86,0.23,12,2021,2021-01-15,2025-10-15
2024,USGS-431227075233301,2470d36221c04d5ea67701dcafb279e5,,,,43.207667,-75.392306,43.562,-0.725,0.135,12,2021,2021-01-15,2025-10-15
2025,USGS-431227075233301,2470d36221c04d5ea67701dcafb279e5,,,,43.207667,-75.392306,43.448,-0.839,-0.114,10,2021,2021-01-15,2025-10-15
2021,USGS-431233089103201,65355cd163dd40cbb5d8a8e6fa2fd6c2,,,,43.208981,-89.175772,24.007,0,,12,2021,2021-01-15,2025-12-15
2022,USGS-431233089103201,65355cd163dd40cbb5d8a8e6fa2fd6c2,,,,43.208981,-89.175772,22.995,-1.012,-1.012,6,2021,2021-01-15,2025-12-15
2023,USGS-431233089103201,65355cd163dd40cbb5d8a8e6fa2fd6c2,,,,43.208981,-89.175772,23.117,-0.889,0.122,12,2021,2021-01-15,2025-12-15
2024,USGS-431233089103201,65355cd163dd40cbb5d8a8e6fa2fd6c2,,,,43.208981,-89.175772,22.285,-1.722,-0.832,12,2021,2021-01-15,2025-12-15
2025,USGS-431233089103201,65355cd163dd40cbb5d8a8e6fa2fd6c2,,,,43.208981,-89.175772,22.551,-1.456,0.266,12,2021,2021-01-15,2025-12-15
2021,USGS-431308078544501,381a7087c7a84a8cbbf790989300b3cb,,,,43.218944,-78.912222,3.692,0,,12,2021,2021-01-15,2025-12-15
2022,USGS-431308078544501,381a7087c7a84a8cbbf790989300b3cb,,,,43.218944,-78.912222,4.672,0.98,0.98,12,2021,2021-01-15,2025-12-15
2023,USGS-431308078544501,381a7087c7a84a8cbbf790989300b3cb,,,,43.218944,-78.912222,3.243,-0.448,-1.428,12,2021,2021-01-15,2025-12-15
2024,USGS-431308078544501,381a7087c7a84a8cbbf790989300b3cb,,,,43.218944,-78.912222,3.677,-0.015,0.433,12,2021,2021-01-15,2025-12-15
2025,USGS-431308078544501,381a7087c7a84a8cbbf790989300b3cb,,,,43.218944,-78.912222,4.982,1.29,1.305,12,2021,2021-01-15,2025-12-15
2021,USGS-431312089475301,8d235ce6f34f4cbaaefcfc7d17605841,,,,43.222953,-89.799917,10.912,0,,12,2021,2021-01-15,2025-12-15
2022,USGS-431312089475301,8d235ce6f34f4cbaaefcfc7d17605841,,,,43.222953,-89.799917,10.893,-0.019,-0.019,12,2021,2021-01-15,2025-12-15
2023,USGS-431312089475301,8d235ce6f34f4cbaaefcfc7d17605841,,,,43.222953,-89.799917,10.875,-0.037,-0.018,12,2021,2021-01-15,2025-12-15
2024,USGS-431312089475301,8d235ce6f34f4cbaaefcfc7d17605841,,,,43.222953,-89.799917,10.083,-0.828,-0.792,12,2021,2021-01-15,2025-12-15
2025,USGS-431312089475301,8d235ce6f34f4cbaaefcfc7d17605841,,,,43.222953,-89.799917,10.958,0.047,0.875,12,2021,2021-01-15,2025-12-15
2021,USGS-431359075235501,4bcd2157b27e4966bfd64653c68e884f,,,,43.232944,-75.3985,3.429,0,,11,2021,2021-01-15,2025-12-15
2022,USGS-431359075235501,4bcd2157b27e4966bfd64653c68e884f,,,,43.232944,-75.3985,3.115,-0.314,-0.314,12,2021,2021-01-15,2025-12-15
2023,USGS-431359075235501,4bcd2157b27e4966bfd64653c68e884f,,,,43.232944,-75.3985,3.35,-0.079,0.235,12,2021,2021-01-15,2025-12-15
2024,USGS-431359075235501,4bcd2157b27e4966bfd64653c68e884f,,,,43.232944,-75.3985,3.338,-0.091,-0.012,12,2021,2021-01-15,2025-12-15
2025,USGS-431359075235501,4bcd2157b27e4966bfd64653c68e884f,,,,43.232944,-75.3985,3.189,-0.24,-0.149,12,2021,2021-01-15,2025-12-15
2021,USGS-431509074093201,7f452da31fcc4801abfad33bf0ea7957,,,,43.252417,-74.15875,28.236,0,,12,2021,2021-01-15,2025-12-15
2022,USGS-431509074093201,7f452da31fcc4801abfad33bf0ea7957,,,,43.252417,-74.15875,29.121,0.885,0.885,12,2021,2021-01-15,2025-12-15
2023,USGS-431509074093201,7f452da31fcc4801abfad33bf0ea7957,,,,43.252417,-74.15875,28.043,-0.193,-1.078,12,2021,2021-01-15,2025-12-15
2024,USGS-431509074093201,7f452da31fcc4801abfad33bf0ea7957,,,,43.252417,-74.15875,28.299,0.063,0.256,10,2021,2021-01-15,2025-12-15
2025,USGS-431509074093201,7f452da31fcc4801abfad33bf0ea7957,,,,43.252417,-74.15875,28.483,0.247,0.184,12,2021,2021-01-15,2025-12-15
2021,USGS-431540071452801,9def58b6f48c4e9492f7ff6223153a07,,,,43.261189,-71.7573,30.252,0,,12,2021,2021-01-15,2025-12-15
2022,USGS-431540071452801,9def58b6f48c4e9492f7ff6223153a07,,,,43.261189,-71.7573,30.204,-0.047,-0.047,12,2021,2021-01-15,2025-12-15
2023,USGS-431540071452801,9def58b6f48c4e9492f7ff6223153a07,,,,43.261189,-71.7573,29.173,-1.078,-1.031,12,2021,2021-01-15,2025-12-15
2024,USGS-431540071452801,9def58b6f48c4e9492f7ff6223153a07,,,,43.261189,-71.7573,29.852,-0.4,0.678,12,2021,2021-01-15,2025-12-15
2025,USGS-431540071452801,9def58b6f48c4e9492f7ff6223153a07,,,,43.261189,-71.7573,30.098,-0.153,0.247,12,2021,2021-01-15,2025-12-15
2021,USGS-431841074573201,9204e8d02e254198b1989d63e6fa7cd3,,,,43.311417,-74.958917,31.516,0,,12,2021,2021-01-15,2025-12-15
2022,USGS-431841074573201,9204e8d02e254198b1989d63e6fa7cd3,,,,43.311417,-74.958917,30.247,-1.268,-1.268,12,2021,2021-01-15,2025-12-15
2023,USGS-431841074573201,9204e8d02e254198b1989d63e6fa7cd3,,,,43.311417,-74.958917,30.37,-1.146,0.123,12,2021,2021-01-15,2025-12-15
2024,USGS-431841074573201,9204e8d02e254198b1989d63e6fa7cd3,,,,43.311417,-74.958917,30.065,-1.451,-0.305,12,2021,2021-01-15,2025-12-15
2025,USGS-431841074573201,9204e8d02e254198b1989d63e6fa7cd3,,,,43.311417,-74.958917,30.927,-0.588,0.863,12,2021,2021-01-15,2025-12-15
2021,USGS-432100089440001,519f16c1884f4d909921ec3d37a9d8c8,,,,43.378489,-89.755317,71.874,0,,12,2021,2021-01-15,2025-12-15
2022,USGS-432100089440001,519f16c1884f4d909921ec3d37a9d8c8,,,,43.378489,-89.755317,76.343,4.469,4.469,12,2021,2021-01-15,2025-12-15
2023,USGS-432100089440001,519f16c1884f4d909921ec3d37a9d8c8,,,,43.378489,-89.755317,75.308,3.433,-1.036,12,2021,2021-01-15,2025-12-15
2024,USGS-432100089440001,519f16c1884f4d909921ec3d37a9d8c8,,,,43.378489,-89.755317,75.232,3.358,-0.076,12,2021,2021-01-15,2025-12-15
2025,USGS-432100089440001,519f16c1884f4d909921ec3d37a9d8c8,,,,43.378489,-89.755317,75.307,3.433,0.076,12,2021,2021-01-15,2025-12-15
2021,USGS-432148076225101,748ea1692f52450d8085123ea079fb64,,,,43.363528,-76.380389,22.603,0,,12,2021,2021-01-15,2025-12-15
2022,USGS-432148076225101,748ea1692f52450d8085123ea079fb64,,,,43.363528,-76.380389,22.662,0.059,0.059,12,2021,2021-01-15,2025-12-15
2023,USGS-432148076225101,748ea1692f52450d8085123ea079fb64,,,,43.363528,-76.380389,22.654,0.052,-0.007,12,2021,2021-01-15,2025-12-15
2024,USGS-432148076225101,748ea1692f52450d8085123ea079fb64,,,,43.363528,-76.380389,22.447,-0.156,-0.207,12,2021,2021-01-15,2025-12-15
2025,USGS-432148076225101,748ea1692f52450d8085123ea079fb64,,,,43.363528,-76.380389,22.609,0.007,0.162,12,2021,2021-01-15,2025-12-15
2021,USGS-432148076225102,e8e46c921eb74fbb845674768bd6ccb7,,,,43.363528,-76.380389,22.837,0,,12,2021,2021-01-15,2025-12-15
2022,USGS-432148076225102,e8e46c921eb74fbb845674768bd6ccb7,,,,43.363528,-76.380389,23.004,0.167,0.167,12,2021,2021-01-15,2025-12-15
2023,USGS-432148076225102,e8e46c921eb74fbb845674768bd6ccb7,,,,43.363528,-76.380389,22.848,0.011,-0.156,12,2021,2021-01-15,2025-12-15
2024,USGS-432148076225102,e8e46c921eb74fbb845674768bd6ccb7,,,,43.363528,-76.380389,22.642,-0.196,-0.207,12,2021,2021-01-15,2025-12-15
2025,USGS-432148076225102,e8e46c921eb74fbb845674768bd6ccb7,,,,43.363528,-76.380389,22.732,-0.105,0.091,12,2021,2021-01-15,2025-12-15
2021,USGS-432310070393301,7ac4517104514d428319ebd7f8598327,,,,43.386195,-70.658666,19.065,0,,12,2021,2021-01-15,2025-12-15
2022,USGS-432310070393301,7ac4517104514d428319ebd7f8598327,,,,43.386195,-70.658666,18.832,-0.233,-0.233,12,2021,2021-01-15,2025-12-15
2023,USGS-432310070393301,7ac4517104514d428319ebd7f8598327,,,,43.386195,-70.658666,17.188,-1.877,-1.643,12,2021,2021-01-15,2025-12-15
2024,USGS-432310070393301,7ac4517104514d428319ebd7f8598327,,,,43.386195,-70.658666,16.802,-2.263,-0.386,12,2021,2021-01-15,2025-12-15
2025,USGS-432310070393301,7ac4517104514d428319ebd7f8598327,,,,43.386195,-70.658666,20.162,1.097,3.36,12,2021,2021-01-15,2025-12-15
2021,USGS-432415088552601,50fef57d8f564398b215154b74cbae8f,,,,43.40425,-88.923944,19.527,0,,12,2021,2021-01-15,2025-12-15
2022,USGS-432415088552601,50fef57d8f564398b215154b74cbae8f,,,,43.40425,-88.923944,19.203,-0.324,-0.324,12,2021,2021-01-15,2025-12-15
2023,USGS-432415088552601,50fef57d8f564398b215154b74cbae8f,,,,43.40425,-88.923944,19.469,-0.058,0.267,12,2021,2021-01-15,2025-12-15
2024,USGS-432415088552601,50fef57d8f564398b215154b74cbae8f,,,,43.40425,-88.923944,18.785,-0.742,-0.684,12,2021,2021-01-15,2025-12-15
2025,USGS-432415088552601,50fef57d8f564398b215154b74cbae8f,,,,43.40425,-88.923944,19.004,-0.522,0.219,12,2021,2021-01-15,2025-12-15
2021,USGS-432832074122201,29ca2d293ed646b6917b167124b68f7a,,,,43.475806,-74.205778,13.057,0,,12,2021,2021-01-15,2025-12-15
2022,USGS-432832074122201,29ca2d293ed646b6917b167124b68f7a,,,,43.475806,-74.205778,13.175,0.117,0.117,12,2021,2021-01-15,2025-12-15
2023,USGS-432832074122201,29ca2d293ed646b6917b167124b68f7a,,,,43.475806,-74.205778,12.719,-0.338,-0.456,12,2021,2021-01-15,2025-12-15
2024,USGS-432832074122201,29ca2d293ed646b6917b167124b68f7a,,,,43.475806,-74.205778,11.717,-1.341,-1.003,12,2021,2021-01-15,2025-12-15
2025,USGS-432832074122201,29ca2d293ed646b6917b167124b68f7a,,,,43.475806,-74.205778,12.916,-0.142,1.199,12,2021,2021-01-15,2025-12-15
2021,USGS-433001073474701,032f0f53885742f287ec7935ee850d44,,,,43.501139,-73.796333,17.531,0,,12,2021,2021-01-15,2025-12-15
2022,USGS-433001073474701,032f0f53885742f287ec7935ee850d44,,,,43.501139,-73.796333,18.088,0.558,0.558,12,2021,2021-01-15,2025-12-15
2023,USGS-433001073474701,032f0f53885742f287ec7935ee850d44,,,,43.501139,-73.796333,16.928,-0.603,-1.16,12,2021,2021-01-15,2025-12-15
2024,USGS-433001073474701,032f0f53885742f287ec7935ee850d44,,,,43.501139,-73.796333,17.464,-0.067,0.536,12,2021,2021-01-15,2025-12-15
2025,USGS-433001073474701,032f0f53885742f287ec7935ee850d44,,,,43.501139,-73.796333,18.537,1.007,1.073,12,2021,2021-01-15,2025-12-15
2021,USGS-433112075091501,bcbf4215323f4a53bd0638043d324eb0,,,,43.520333,-75.153972,21.697,0,,12,2021,2021-01-15,2025-12-15
2022,USGS-433112075091501,bcbf4215323f4a53bd0638043d324eb0,,,,43.520333,-75.153972,21.542,-0.155,-0.155,12,2021,2021-01-15,2025-12-15
2023,USGS-433112075091501,bcbf4215323f4a53bd0638043d324eb0,,,,43.520333,-75.153972,21.203,-0.493,-0.338,12,2021,2021-01-15,2025-12-15
2024,USGS-433112075091501,bcbf4215323f4a53bd0638043d324eb0,,,,43.520333,-75.153972,21.56,-0.137,0.357,12,2021,2021-01-15,2025-12-15
2025,USGS-433112075091501,bcbf4215323f4a53bd0638043d324eb0,,,,43.520333,-75.153972,22.952,1.255,1.392,12,2021,2021-01-15,2025-12-15
2021,USGS-433240072242901,fad2f1d2372c499cb293d3ecb23b30e7,,,,43.544515,-72.407592,9.354,0,,12,2021,2021-01-15,2025-12-15
2022,USGS-433240072242901,fad2f1d2372c499cb293d3ecb23b30e7,,,,43.544515,-72.407592,9.555,0.201,0.201,12,2021,2021-01-15,2025-12-15
2023,USGS-433240072242901,fad2f1d2372c499cb293d3ecb23b30e7,,,,43.544515,-72.407592,8.782,-0.572,-0.773,12,2021,2021-01-15,2025-12-15
2024,USGS-433240072242901,fad2f1d2372c499cb293d3ecb23b30e7,,,,43.544515,-72.407592,9.257,-0.098,0.475,12,2021,2021-01-15,2025-12-15
2025,USGS-433240072242901,fad2f1d2372c499cb293d3ecb23b30e7,,,,43.544515,-72.407592,9.685,0.331,0.428,12,2021,2021-01-15,2025-12-15
2021,USGS-433258073440201,483413b9b53541f288012d7bf569e329,,,,43.549417,-73.733972,39.635,0,,12,2021,2021-01-15,2025-12-15
2022,USGS-433258073440201,483413b9b53541f288012d7bf569e329,,,,43.549417,-73.733972,39.698,0.063,0.063,12,2021,2021-01-15,2025-12-15
2023,USGS-433258073440201,483413b9b53541f288012d7bf569e329,,,,43.549417,-73.733972,38.079,-1.556,-1.619,12,2021,2021-01-15,2025-12-15
2024,USGS-433258073440201,483413b9b53541f288012d7bf569e329,,,,43.549417,-73.733972,38.775,-0.86,0.696,12,2021,2021-01-15,2025-12-15
2025,USGS-433258073440201,483413b9b53541f288012d7bf569e329,,,,43.549417,-73.733972,41.248,1.613,2.473,12,2021,2021-01-15,2025-12-15
2021,USGS-433604110443402,3d0cd65f44fe4b5ba7a76af39343c5f5,,,,43.601167,-110.742639,53.755,0,,12,2021,2021-01-15,2025-10-15
2022,USGS-433604110443402,3d0cd65f44fe4b5ba7a76af39343c5f5,,,,43.601167,-110.742639,54.803,1.048,1.048,12,2021,2021-01-15,2025-10-15
2023,USGS-433604110443402,3d0cd65f44fe4b5ba7a76af39343c5f5,,,,43.601167,-110.742639,54.453,0.698,-0.35,12,2021,2021-01-15,2025-10-15
2024,USGS-433604110443402,3d0cd65f44fe4b5ba7a76af39343c5f5,,,,43.601167,-110.742639,54.294,0.539,-0.159,12,2021,2021-01-15,2025-10-15
2025,USGS-433604110443402,3d0cd65f44fe4b5ba7a76af39343c5f5,,,,43.601167,-110.742639,53.864,0.109,-0.43,10,2021,2021-01-15,2025-10-15
2021,USGS-433604110443403,6d1b4fd292fd48f980f285c5a860e864,,,,43.601181,-110.742661,53.548,0,,12,2021,2021-01-15,2025-12-15
2022,USGS-433604110443403,6d1b4fd292fd48f980f285c5a860e864,,,,43.601181,-110.742661,54.586,1.037,1.037,12,2021,2021-01-15,2025-12-15
2023,USGS-433604110443403,6d1b4fd292fd48f980f285c5a860e864,,,,43.601181,-110.742661,54.233,0.684,-0.353,12,2021,2021-01-15,2025-12-15
2024,USGS-433604110443403,6d1b4fd292fd48f980f285c5a860e864,,,,43.601181,-110.742661,54.052,0.503,-0.181,12,2021,2021-01-15,2025-12-15
2025,USGS-433604110443403,6d1b4fd292fd48f980f285c5a860e864,,,,43.601181,-110.742661,53.831,0.282,-0.221,12,2021,2021-01-15,2025-12-15
2021,USGS-433615110440001,0efcda8c79d846458a180f242f444206,,,,43.604042,-110.733975,43.362,0,,12,2021,2021-01-15,2025-12-15
2022,USGS-433615110440001,0efcda8c79d846458a180f242f444206,,,,43.604042,-110.733975,44.218,0.856,0.856,12,2021,2021-01-15,2025-12-15
2023,USGS-433615110440001,0efcda8c79d846458a180f242f444206,,,,43.604042,-110.733975,43.793,0.43,-0.426,12,2021,2021-01-15,2025-12-15
2024,USGS-433615110440001,0efcda8c79d846458a180f242f444206,,,,43.604042,-110.733975,44.017,0.655,0.225,11,2021,2021-01-15,2025-12-15
2025,USGS-433615110440001,0efcda8c79d846458a180f242f444206,,,,43.604042,-110.733975,43.259,-0.103,-0.758,12,2021,2021-01-15,2025-12-15
2021,USGS-433641110441501,ff0ae882edb94efe8b9d6ad576784e40,,,,43.611833,-110.737222,58.694,0,,12,2021,2021-01-15,2025-07-15
2022,USGS-433641110441501,ff0ae882edb94efe8b9d6ad576784e40,,,,43.611833,-110.737222,59.619,0.925,0.925,12,2021,2021-01-15,2025-07-15
2023,USGS-433641110441501,ff0ae882edb94efe8b9d6ad576784e40,,,,43.611833,-110.737222,59.074,0.38,-0.545,12,2021,2021-01-15,2025-07-15
2024,USGS-433641110441501,ff0ae882edb94efe8b9d6ad576784e40,,,,43.611833,-110.737222,58.999,0.305,-0.075,12,2021,2021-01-15,2025-07-15
2025,USGS-433641110441501,ff0ae882edb94efe8b9d6ad576784e40,,,,43.611833,-110.737222,59.109,0.414,0.109,7,2021,2021-01-15,2025-07-15
2021,USGS-434217073010602,f24fe71e4e804421abb2cb57f83a3a0e,,,,43.704722,-73.017778,35.285,0,,12,2021,2021-01-15,2025-12-15
2022,USGS-434217073010602,f24fe71e4e804421abb2cb57f83a3a0e,,,,43.704722,-73.017778,34.488,-0.797,-0.797,12,2021,2021-01-15,2025-12-15
2023,USGS-434217073010602,f24fe71e4e804421abb2cb57f83a3a0e,,,,43.704722,-73.017778,34.151,-1.134,-0.337,12,2021,2021-01-15,2025-12-15
2024,USGS-434217073010602,f24fe71e4e804421abb2cb57f83a3a0e,,,,43.704722,-73.017778,33.962,-1.323,-0.189,12,2021,2021-01-15,2025-12-15
2025,USGS-434217073010602,f24fe71e4e804421abb2cb57f83a3a0e,,,,43.704722,-73.017778,35.115,-0.17,1.153,12,2021,2021-01-15,2025-12-15
2021,USGS-434231088311801,31db10d176f84ec9bfcbead59ab999ae,,,,43.708603,-88.522011,61.71,0,,10,2021,2021-01-15,2025-12-15
2022,USGS-434231088311801,31db10d176f84ec9bfcbead59ab999ae,,,,43.708603,-88.522011,66.027,4.317,4.317,11,2021,2021-01-15,2025-12-15
2023,USGS-434231088311801,31db10d176f84ec9bfcbead59ab999ae,,,,43.708603,-88.522011,71.746,10.036,5.719,12,2021,2021-01-15,2025-12-15
2024,USGS-434231088311801,31db10d176f84ec9bfcbead59ab999ae,,,,43.708603,-88.522011,73.675,11.965,1.929,12,2021,2021-01-15,2025-12-15
2025,USGS-434231088311801,31db10d176f84ec9bfcbead59ab999ae,,,,43.708603,-88.522011,72.213,10.503,-1.462,12,2021,2021-01-15,2025-12-15
2021,USGS-434342090495601,8bfd71c1751a41ee8382d1cec6f60cce,,,,43.728708,-90.831989,5.312,0,,12,2021,2021-01-15,2025-12-15
2022,USGS-434342090495601,8bfd71c1751a41ee8382d1cec6f60cce,,,,43.728708,-90.831989,5.496,0.183,0.183,12,2021,2021-01-15,2025-12-15
2023,USGS-434342090495601,8bfd71c1751a41ee8382d1cec6f60cce,,,,43.728708,-90.831989,5.587,0.274,0.091,12,2021,2021-01-15,2025-12-15
2024,USGS-434342090495601,8bfd71c1751a41ee8382d1cec6f60cce,,,,43.728708,-90.831989,5.698,0.385,0.111,12,2021,2021-01-15,2025-12-15
2025,USGS-434342090495601,8bfd71c1751a41ee8382d1cec6f60cce,,,,43.728708,-90.831989,5.747,0.434,0.049,12,2021,2021-01-15,2025-12-15
2021,USGS-434551089365001,6486623a99a047cdbd0db42ce1145b8c,,,,43.764792,-89.61365,33.319,0,,12,2021,2021-01-15,2025-12-15
2022,USGS-434551089365001,6486623a99a047cdbd0db42ce1145b8c,,,,43.764792,-89.61365,34.763,1.444,1.444,12,2021,2021-01-15,2025-12-15
2023,USGS-434551089365001,6486623a99a047cdbd0db42ce1145b8c,,,,43.764792,-89.61365,35.003,1.683,0.239,12,2021,2021-01-15,2025-12-15
2024,USGS-434551089365001,6486623a99a047cdbd0db42ce1145b8c,,,,43.764792,-89.61365,35.307,1.988,0.304,12,2021,2021-01-15,2025-12-15
2025,USGS-434551089365001,6486623a99a047cdbd0db42ce1145b8c,,,,43.764792,-89.61365,35.232,1.913,-0.075,12,2021,2021-01-15,2025-12-15
2021,USGS-434920075343901,874b03e24ab8488a8fe3dfa04423d50a,,,,43.822083,-75.577528,10.71,0,,12,2021,2021-01-15,2025-12-15
2022,USGS-434920075343901,874b03e24ab8488a8fe3dfa04423d50a,,,,43.822083,-75.577528,11.388,0.678,0.678,12,2021,2021-01-15,2025-12-15
2023,USGS-434920075343901,874b03e24ab8488a8fe3dfa04423d50a,,,,43.822083,-75.577528,10.799,0.089,-0.589,12,2021,2021-01-15,2025-12-15
2024,USGS-434920075343901,874b03e24ab8488a8fe3dfa04423d50a,,,,43.822083,-75.577528,10.732,0.022,-0.068,12,2021,2021-01-15,2025-12-15
2025,USGS-434920075343901,874b03e24ab8488a8fe3dfa04423d50a,,,,43.822083,-75.577528,11.277,0.567,0.545,12,2021,2021-01-15,2025-12-15
2021,USGS-434955070261401,d7b127d72f8c4dbc8335d5f3cbea1bcb,,,,43.832021,-70.43672,10.666,0,,12,2021,2021-01-15,2025-12-15
2022,USGS-434955070261401,d7b127d72f8c4dbc8335d5f3cbea1bcb,,,,43.832021,-70.43672,10.833,0.168,0.168,12,2021,2021-01-15,2025-12-15
2023,USGS-434955070261401,d7b127d72f8c4dbc8335d5f3cbea1bcb,,,,43.832021,-70.43672,9.346,-1.32,-1.488,12,2021,2021-01-15,2025-12-15
2024,USGS-434955070261401,d7b127d72f8c4dbc8335d5f3cbea1bcb,,,,43.832021,-70.43672,9.463,-1.202,0.118,12,2021,2021-01-15,2025-12-15
2025,USGS-434955070261401,d7b127d72f8c4dbc8335d5f3cbea1bcb,,,,43.832021,-70.43672,11.164,0.498,1.701,12,2021,2021-01-15,2025-12-15
2021,USGS-435453070013601,47c74075ee49490faa28ddb9327620c2,,,,43.914802,-70.026162,29.93,0,,12,2021,2021-01-15,2025-12-15
2022,USGS-435453070013601,47c74075ee49490faa28ddb9327620c2,,,,43.914802,-70.026162,30.572,0.642,0.642,12,2021,2021-01-15,2025-12-15
2023,USGS-435453070013601,47c74075ee49490faa28ddb9327620c2,,,,43.914802,-70.026162,28.965,-0.965,-1.607,12,2021,2021-01-15,2025-12-15
2024,USGS-435453070013601,47c74075ee49490faa28ddb9327620c2,,,,43.914802,-70.026162,27.093,-2.837,-1.872,12,2021,2021-01-15,2025-12-15
2025,USGS-435453070013601,47c74075ee49490faa28ddb9327620c2,,,,43.914802,-70.026162,29.059,-0.871,1.966,12,2021,2021-01-15,2025-12-15
2021,USGS-440013074244101,938130649f9945ebb71cf1b6408aadce,,,,44.003694,-74.411444,7.275,0,,12,2021,2021-01-15,2025-12-15
2022,USGS-440013074244101,938130649f9945ebb71cf1b6408aadce,,,,44.003694,-74.411444,6.852,-0.422,-0.422,12,2021,2021-01-15,2025-12-15
2023,USGS-440013074244101,938130649f9945ebb71cf1b6408aadce,,,,44.003694,-74.411444,6.198,-1.077,-0.655,12,2021,2021-01-15,2025-12-15
2024,USGS-440013074244101,938130649f9945ebb71cf1b6408aadce,,,,44.003694,-74.411444,6.258,-1.017,0.06,12,2021,2021-01-15,2025-12-15
2025,USGS-440013074244101,938130649f9945ebb71cf1b6408aadce,,,,44.003694,-74.411444,7.051,-0.224,0.793,12,2021,2021-01-15,2025-12-15
2021,USGS-440114075453701,79cce7e965b94720869d70ca5e536336,,,,44.020528,-75.760333,17.203,0,,12,2021,2021-01-15,2025-12-15
2022,USGS-440114075453701,79cce7e965b94720869d70ca5e536336,,,,44.020528,-75.760333,17.302,0.1,0.1,12,2021,2021-01-15,2025-12-15
2023,USGS-440114075453701,79cce7e965b94720869d70ca5e536336,,,,44.020528,-75.760333,17.241,0.038,-0.062,12,2021,2021-01-15,2025-12-15
2024,USGS-440114075453701,79cce7e965b94720869d70ca5e536336,,,,44.020528,-75.760333,16.482,-0.721,-0.759,12,2021,2021-01-15,2025-12-15
2025,USGS-440114075453701,79cce7e965b94720869d70ca5e536336,,,,44.020528,-75.760333,17.806,0.603,1.324,12,2021,2021-01-15,2025-12-15
2021,USGS-440213070203201,683d45176d904f5da7c19c2b91a07a83,,,,44.037023,-70.341809,10.123,0,,12,2021,2021-01-15,2025-12-15
2022,USGS-440213070203201,683d45176d904f5da7c19c2b91a07a83,,,,44.037023,-70.341809,10.247,0.124,0.124,12,2021,2021-01-15,2025-12-15
2023,USGS-440213070203201,683d45176d904f5da7c19c2b91a07a83,,,,44.037023,-70.341809,9.591,-0.532,-0.656,12,2021,2021-01-15,2025-12-15
2024,USGS-440213070203201,683d45176d904f5da7c19c2b91a07a83,,,,44.037023,-70.341809,9.998,-0.124,0.407,12,2021,2021-01-15,2025-12-15
2025,USGS-440213070203201,683d45176d904f5da7c19c2b91a07a83,,,,44.037023,-70.341809,10.449,0.327,0.451,12,2021,2021-01-15,2025-12-15
2021,USGS-440823070291501,5fd6a558f6584bf8ba8176a042a7ebf2,,,,44.139793,-70.487003,9.506,0,,12,2021,2021-01-15,2025-12-15
2022,USGS-440823070291501,5fd6a558f6584bf8ba8176a042a7ebf2,,,,44.139793,-70.487003,9.754,0.248,0.248,12,2021,2021-01-15,2025-12-15
2023,USGS-440823070291501,5fd6a558f6584bf8ba8176a042a7ebf2,,,,44.139793,-70.487003,8.112,-1.394,-1.642,12,2021,2021-01-15,2025-12-15
2024,USGS-440823070291501,5fd6a558f6584bf8ba8176a042a7ebf2,,,,44.139793,-70.487003,7.647,-1.858,-0.464,12,2021,2021-01-15,2025-12-15
2025,USGS-440823070291501,5fd6a558f6584bf8ba8176a042a7ebf2,,,,44.139793,-70.487003,9.678,0.172,2.03,12,2021,2021-01-15,2025-12-15
2021,USGS-440918069564001,c469db0e1a054441b58c2599da6e6ca9,,,,44.155073,-69.943939,47.409,0,,12,2021,2021-01-15,2025-12-15
2022,USGS-440918069564001,c469db0e1a054441b58c2599da6e6ca9,,,,44.155073,-69.943939,47.005,-0.404,-0.404,12,2021,2021-01-15,2025-12-15
2023,USGS-440918069564001,c469db0e1a054441b58c2599da6e6ca9,,,,44.155073,-69.943939,43.705,-3.704,-3.3,12,2021,2021-01-15,2025-12-15
2024,USGS-440918069564001,c469db0e1a054441b58c2599da6e6ca9,,,,44.155073,-69.943939,43.233,-4.177,-0.472,12,2021,2021-01-15,2025-12-15
2025,USGS-440918069564001,c469db0e1a054441b58c2599da6e6ca9,,,,44.155073,-69.943939,47.487,0.077,4.254,12,2021,2021-01-15,2025-12-15
2021,USGS-440939075191301,7ea2e3a01e384c2bab7d7275942d64b1,,,,44.161056,-75.319778,23.787,0,,12,2021,2021-01-15,2025-12-15
2022,USGS-440939075191301,7ea2e3a01e384c2bab7d7275942d64b1,,,,44.161056,-75.319778,22.844,-0.942,-0.942,12,2021,2021-01-15,2025-12-15
2023,USGS-440939075191301,7ea2e3a01e384c2bab7d7275942d64b1,,,,44.161056,-75.319778,22.421,-1.366,-0.423,12,2021,2021-01-15,2025-12-15
2024,USGS-440939075191301,7ea2e3a01e384c2bab7d7275942d64b1,,,,44.161056,-75.319778,22.156,-1.631,-0.265,12,2021,2021-01-15,2025-12-15
2025,USGS-440939075191301,7ea2e3a01e384c2bab7d7275942d64b1,,,,44.161056,-75.319778,23.191,-0.596,1.035,12,2021,2021-01-15,2025-12-15
2021,USGS-441214075542101,7e02a2b8c3464750bfce294460ff8fa9,,,,44.203944,-75.905861,2.81,0,,12,2021,2021-01-15,2025-12-15
2022,USGS-441214075542101,7e02a2b8c3464750bfce294460ff8fa9,,,,44.203944,-75.905861,3.203,0.393,0.393,12,2021,2021-01-15,2025-12-15
2023,USGS-441214075542101,7e02a2b8c3464750bfce294460ff8fa9,,,,44.203944,-75.905861,2.37,-0.44,-0.833,12,2021,2021-01-15,2025-12-15
2024,USGS-441214075542101,7e02a2b8c3464750bfce294460ff8fa9,,,,44.203944,-75.905861,2.323,-0.487,-0.047,12,2021,2021-01-15,2025-12-15
2025,USGS-441214075542101,7e02a2b8c3464750bfce294460ff8fa9,,,,44.203944,-75.905861,3.584,0.774,1.261,12,2021,2021-01-15,2025-12-15
2021,USGS-441644073315101,f1a393b111fb47a5811fb3237a416999,,,,44.278861,-73.530889,18.1,0,,12,2021,2021-01-15,2025-12-15
2022,USGS-441644073315101,f1a393b111fb47a5811fb3237a416999,,,,44.278861,-73.530889,18.007,-0.093,-0.093,12,2021,2021-01-15,2025-12-15
2023,USGS-441644073315101,f1a393b111fb47a5811fb3237a416999,,,,44.278861,-73.530889,17.169,-0.931,-0.838,12,2021,2021-01-15,2025-12-15
2024,USGS-441644073315101,f1a393b111fb47a5811fb3237a416999,,,,44.278861,-73.530889,16.856,-1.244,-0.313,12,2021,2021-01-15,2025-12-15
2025,USGS-441644073315101,f1a393b111fb47a5811fb3237a416999,,,,44.278861,-73.530889,17.997,-0.103,1.141,12,2021,2021-01-15,2025-12-15
2021,USGS-441801069455501,d6a928641cf74d49b79b9be660460f74,,,,44.300278,-69.765278,12,0,,12,2021,2021-01-15,2025-12-15
2022,USGS-441801069455501,d6a928641cf74d49b79b9be660460f74,,,,44.300278,-69.765278,12.017,0.017,0.017,12,2021,2021-01-15,2025-12-15
2023,USGS-441801069455501,d6a928641cf74d49b79b9be660460f74,,,,44.300278,-69.765278,10.64,-1.36,-1.377,12,2021,2021-01-15,2025-12-15
2024,USGS-441801069455501,d6a928641cf74d49b79b9be660460f74,,,,44.300278,-69.765278,12.489,0.489,1.849,12,2021,2021-01-15,2025-12-15
2025,USGS-441801069455501,d6a928641cf74d49b79b9be660460f74,,,,44.300278,-69.765278,13.437,1.437,0.948,12,2021,2021-01-15,2025-12-15
2021,USGS-441834073545601,2f2e92fff48d45b486f71937d0cab9f7,,,,44.309528,-73.915694,9.235,0,,12,2021,2021-01-15,2025-12-15
2022,USGS-441834073545601,2f2e92fff48d45b486f71937d0cab9f7,,,,44.309528,-73.915694,8.791,-0.444,-0.444,12,2021,2021-01-15,2025-12-15
2023,USGS-441834073545601,2f2e92fff48d45b486f71937d0cab9f7,,,,44.309528,-73.915694,7.969,-1.266,-0.822,12,2021,2021-01-15,2025-12-15
2024,USGS-441834073545601,2f2e92fff48d45b486f71937d0cab9f7,,,,44.309528,-73.915694,8.296,-0.939,0.327,12,2021,2021-01-15,2025-12-15
2025,USGS-441834073545601,2f2e92fff48d45b486f71937d0cab9f7,,,,44.309528,-73.915694,9.497,0.262,1.201,12,2021,2021-01-15,2025-12-15
2021,USGS-442238068154101,f63fbeb963454e2fab8c8c128318bd73,,,,44.377222,-68.261389,4.247,0,,3,2021,2021-10-15,2025-12-15
2022,USGS-442238068154101,f63fbeb963454e2fab8c8c128318bd73,,,,44.377222,-68.261389,8.818,4.572,4.572,12,2021,2021-10-15,2025-12-15
2023,USGS-442238068154101,f63fbeb963454e2fab8c8c128318bd73,,,,44.377222,-68.261389,4.789,0.543,-4.029,12,2021,2021-10-15,2025-12-15
2024,USGS-442238068154101,f63fbeb963454e2fab8c8c128318bd73,,,,44.377222,-68.261389,15.036,10.789,10.247,12,2021,2021-10-15,2025-12-15
2025,USGS-442238068154101,f63fbeb963454e2fab8c8c128318bd73,,,,44.377222,-68.261389,12.814,8.568,-2.222,12,2021,2021-10-15,2025-12-15
2021,USGS-442242121405501,218e2af9c5ff443d946ec5236aab8b71,,,,44.378339,-121.683128,300.993,0,,12,2021,2021-01-15,2025-12-15
2022,USGS-442242121405501,218e2af9c5ff443d946ec5236aab8b71,,,,44.378339,-121.683128,302.156,1.162,1.162,12,2021,2021-01-15,2025-12-15
2023,USGS-442242121405501,218e2af9c5ff443d946ec5236aab8b71,,,,44.378339,-121.683128,301.823,0.83,-0.332,12,2021,2021-01-15,2025-12-15
2024,USGS-442242121405501,218e2af9c5ff443d946ec5236aab8b71,,,,44.378339,-121.683128,301.57,0.577,-0.253,12,2021,2021-01-15,2025-12-15
2025,USGS-442242121405501,218e2af9c5ff443d946ec5236aab8b71,,,,44.378339,-121.683128,300.562,-0.432,-1.008,12,2021,2021-01-15,2025-12-15
2021,USGS-442353088443801,36266a55ea464581926954df7262f8bd,,,,44.397875,-88.74405,6.918,0,,11,2021,2021-01-15,2025-12-15
2022,USGS-442353088443801,36266a55ea464581926954df7262f8bd,,,,44.397875,-88.74405,7.113,0.194,0.194,12,2021,2021-01-15,2025-12-15
2023,USGS-442353088443801,36266a55ea464581926954df7262f8bd,,,,44.397875,-88.74405,7.494,0.576,0.382,12,2021,2021-01-15,2025-12-15
2024,USGS-442353088443801,36266a55ea464581926954df7262f8bd,,,,44.397875,-88.74405,7.413,0.494,-0.082,12,2021,2021-01-15,2025-12-15
2025,USGS-442353088443801,36266a55ea464581926954df7262f8bd,,,,44.397875,-88.74405,7.328,0.409,-0.085,12,2021,2021-01-15,2025-12-15
2021,USGS-443035088045501,d14e614d7b004bf9aa3c880e16b9e469,,,,44.511306,-88.085611,52.2,0,,12,2021,2021-01-15,2025-12-15
2022,USGS-443035088045501,d14e614d7b004bf9aa3c880e16b9e469,,,,44.511306,-88.085611,52.324,0.124,0.124,10,2021,2021-01-15,2025-12-15
2023,USGS-443035088045501,d14e614d7b004bf9aa3c880e16b9e469,,,,44.511306,-88.085611,53.131,0.931,0.807,11,2021,2021-01-15,2025-12-15
2024,USGS-443035088045501,d14e614d7b004bf9aa3c880e16b9e469,,,,44.511306,-88.085611,51.864,-0.336,-1.267,11,2021,2021-01-15,2025-12-15
2025,USGS-443035088045501,d14e614d7b004bf9aa3c880e16b9e469,,,,44.511306,-88.085611,51.091,-1.109,-0.773,12,2021,2021-01-15,2025-12-15
2021,USGS-443053094591001,5d820f79898746ee8326fe033f704d75,,,,44.514811,-94.986169,45.992,0,,12,2021,2021-01-15,2025-12-15
2022,USGS-443053094591001,5d820f79898746ee8326fe033f704d75,,,,44.514811,-94.986169,46.597,0.605,0.605,12,2021,2021-01-15,2025-12-15
2023,USGS-443053094591001,5d820f79898746ee8326fe033f704d75,,,,44.514811,-94.986169,47.439,1.447,0.842,12,2021,2021-01-15,2025-12-15
2024,USGS-443053094591001,5d820f79898746ee8326fe033f704d75,,,,44.514811,-94.986169,47.34,1.347,-0.099,12,2021,2021-01-15,2025-12-15
2025,USGS-443053094591001,5d820f79898746ee8326fe033f704d75,,,,44.514811,-94.986169,46.747,0.754,-0.593,12,2021,2021-01-15,2025-12-15
2021,USGS-443647070552303,f778b48e5b6b4132b128ac78227bb6bc,,,,44.778794,-70.921219,7.188,0,,12,2021,2021-01-15,2025-12-15
2022,USGS-443647070552303,f778b48e5b6b4132b128ac78227bb6bc,,,,44.778794,-70.921219,5.925,-1.263,-1.263,11,2021,2021-01-15,2025-12-15
2023,USGS-443647070552303,f778b48e5b6b4132b128ac78227bb6bc,,,,44.778794,-70.921219,3.748,-3.441,-2.178,12,2021,2021-01-15,2025-12-15
2024,USGS-443647070552303,f778b48e5b6b4132b128ac78227bb6bc,,,,44.778794,-70.921219,4.296,-2.893,0.548,12,2021,2021-01-15,2025-12-15
2025,USGS-443647070552303,f778b48e5b6b4132b128ac78227bb6bc,,,,44.778794,-70.921219,6.383,-0.806,2.087,12,2021,2021-01-15,2025-12-15
2021,USGS-443952072114001,c601d708456f4d0ea61cdb7588163776,,,,44.665,-72.193889,17.199,0,,12,2021,2021-01-15,2025-12-15
2022,USGS-443952072114001,c601d708456f4d0ea61cdb7588163776,,,,44.665,-72.193889,16.909,-0.29,-0.29,12,2021,2021-01-15,2025-12-15
2023,USGS-443952072114001,c601d708456f4d0ea61cdb7588163776,,,,44.665,-72.193889,15.708,-1.491,-1.201,11,2021,2021-01-15,2025-12-15
2024,USGS-443952072114001,c601d708456f4d0ea61cdb7588163776,,,,44.665,-72.193889,15.104,-2.095,-0.604,12,2021,2021-01-15,2025-12-15
2025,USGS-443952072114001,c601d708456f4d0ea61cdb7588163776,,,,44.665,-72.193889,16.61,-0.589,1.506,12,2021,2021-01-15,2025-12-15
2021,USGS-444302070252401,83b2af1b29ae48e49bd660e82fcb32b2,,,,44.717281,-70.422844,25.028,0,,12,2021,2021-01-15,2025-12-15
2022,USGS-444302070252401,83b2af1b29ae48e49bd660e82fcb32b2,,,,44.717281,-70.422844,24.627,-0.401,-0.401,12,2021,2021-01-15,2025-12-15
2023,USGS-444302070252401,83b2af1b29ae48e49bd660e82fcb32b2,,,,44.717281,-70.422844,21.495,-3.533,-3.132,12,2021,2021-01-15,2025-12-15
2024,USGS-444302070252401,83b2af1b29ae48e49bd660e82fcb32b2,,,,44.717281,-70.422844,23.474,-1.553,1.979,12,2021,2021-01-15,2025-12-15
2025,USGS-444302070252401,83b2af1b29ae48e49bd660e82fcb32b2,,,,44.717281,-70.422844,24.747,-0.28,1.273,12,2021,2021-01-15,2025-12-15
2021,USGS-444709089265301,4201503e6e5f4e629357f552a09a5a4b,,,,44.786106,-89.448319,13.587,0,,12,2021,2021-01-15,2025-12-15
2022,USGS-444709089265301,4201503e6e5f4e629357f552a09a5a4b,,,,44.786106,-89.448319,15.877,2.289,2.289,12,2021,2021-01-15,2025-12-15
2023,USGS-444709089265301,4201503e6e5f4e629357f552a09a5a4b,,,,44.786106,-89.448319,16.351,2.763,0.474,12,2021,2021-01-15,2025-12-15
2024,USGS-444709089265301,4201503e6e5f4e629357f552a09a5a4b,,,,44.786106,-89.448319,15.599,2.012,-0.752,12,2021,2021-01-15,2025-12-15
2025,USGS-444709089265301,4201503e6e5f4e629357f552a09a5a4b,,,,44.786106,-89.448319,15.026,1.438,-0.573,12,2021,2021-01-15,2025-12-15
2021,USGS-444719108050501,12da5417849e413abb6418f06d96c18d,,,,44.788556,-108.084861,16.764,0,,12,2021,2021-01-15,2025-12-15
2022,USGS-444719108050501,12da5417849e413abb6418f06d96c18d,,,,44.788556,-108.084861,15.203,-1.562,-1.562,12,2021,2021-01-15,2025-12-15
2023,USGS-444719108050501,12da5417849e413abb6418f06d96c18d,,,,44.788556,-108.084861,12.438,-4.326,-2.764,12,2021,2021-01-15,2025-12-15
2024,USGS-444719108050501,12da5417849e413abb6418f06d96c18d,,,,44.788556,-108.084861,14.488,-2.277,2.049,12,2021,2021-01-15,2025-12-15
2025,USGS-444719108050501,12da5417849e413abb6418f06d96c18d,,,,44.788556,-108.084861,15.111,-1.653,0.623,12,2021,2021-01-15,2025-12-15
2021,USGS-444904074455201,8ec1744083594ae0aca63152698d5b3d,,,,44.817806,-74.764139,7.453,0,,12,2021,2021-01-15,2025-12-15
2022,USGS-444904074455201,8ec1744083594ae0aca63152698d5b3d,,,,44.817806,-74.764139,6.308,-1.146,-1.146,12,2021,2021-01-15,2025-12-15
2023,USGS-444904074455201,8ec1744083594ae0aca63152698d5b3d,,,,44.817806,-74.764139,5.786,-1.667,-0.522,12,2021,2021-01-15,2025-12-15
2024,USGS-444904074455201,8ec1744083594ae0aca63152698d5b3d,,,,44.817806,-74.764139,5.844,-1.609,0.058,10,2021,2021-01-15,2025-12-15
2025,USGS-444904074455201,8ec1744083594ae0aca63152698d5b3d,,,,44.817806,-74.764139,7.037,-0.417,1.193,12,2021,2021-01-15,2025-12-15
2021,USGS-445052073350201,991b1d07f3f2459c8a407781f8f38652,,,,44.848,-73.584,23.067,0,,12,2021,2021-01-15,2025-12-15
2022,USGS-445052073350201,991b1d07f3f2459c8a407781f8f38652,,,,44.848,-73.584,22.724,-0.343,-0.343,12,2021,2021-01-15,2025-12-15
2023,USGS-445052073350201,991b1d07f3f2459c8a407781f8f38652,,,,44.848,-73.584,22.371,-0.697,-0.353,12,2021,2021-01-15,2025-12-15
2024,USGS-445052073350201,991b1d07f3f2459c8a407781f8f38652,,,,44.848,-73.584,22.942,-0.126,0.571,12,2021,2021-01-15,2025-12-15
2025,USGS-445052073350201,991b1d07f3f2459c8a407781f8f38652,,,,44.848,-73.584,23.584,0.517,0.642,12,2021,2021-01-15,2025-12-15
2021,USGS-445216074593001,a0990cd2f9344c678025bb051a5dc8a9,,,,44.871167,-74.991306,15.312,0,,12,2021,2021-01-15,2025-12-15
2022,USGS-445216074593001,a0990cd2f9344c678025bb051a5dc8a9,,,,44.871167,-74.991306,15.094,-0.218,-0.218,12,2021,2021-01-15,2025-12-15
2023,USGS-445216074593001,a0990cd2f9344c678025bb051a5dc8a9,,,,44.871167,-74.991306,14.87,-0.442,-0.224,12,2021,2021-01-15,2025-12-15
2024,USGS-445216074593001,a0990cd2f9344c678025bb051a5dc8a9,,,,44.871167,-74.991306,14.413,-0.898,-0.457,12,2021,2021-01-15,2025-12-15
2025,USGS-445216074593001,a0990cd2f9344c678025bb051a5dc8a9,,,,44.871167,-74.991306,15.013,-0.299,0.599,12,2021,2021-01-15,2025-12-15
2021,USGS-445227067520101,46c55e1a08a9479d8b4344cda3318186,,,,44.87424,-67.866392,5.031,0,,12,2021,2021-01-15,2025-12-15
2022,USGS-445227067520101,46c55e1a08a9479d8b4344cda3318186,,,,44.87424,-67.866392,4.776,-0.255,-0.255,12,2021,2021-01-15,2025-12-15
2023,USGS-445227067520101,46c55e1a08a9479d8b4344cda3318186,,,,44.87424,-67.866392,4.187,-0.843,-0.588,12,2021,2021-01-15,2025-12-15
2024,USGS-445227067520101,46c55e1a08a9479d8b4344cda3318186,,,,44.87424,-67.866392,4.909,-0.122,0.722,12,2021,2021-01-15,2025-12-15
2025,USGS-445227067520101,46c55e1a08a9479d8b4344cda3318186,,,,44.87424,-67.866392,5.375,0.344,0.466,12,2021,2021-01-15,2025-12-15
2021,USGS-445319068560101,cf3307c1ced94fd19c0a9fdaa39fd409,,,,44.88868,-68.933094,21.863,0,,12,2021,2021-01-15,2025-12-15
2022,USGS-445319068560101,cf3307c1ced94fd19c0a9fdaa39fd409,,,,44.88868,-68.933094,21.835,-0.028,-0.028,12,2021,2021-01-15,2025-12-15
2023,USGS-445319068560101,cf3307c1ced94fd19c0a9fdaa39fd409,,,,44.88868,-68.933094,20.284,-1.579,-1.551,12,2021,2021-01-15,2025-12-15
2024,USGS-445319068560101,cf3307c1ced94fd19c0a9fdaa39fd409,,,,44.88868,-68.933094,21.817,-0.047,1.533,12,2021,2021-01-15,2025-12-15
2025,USGS-445319068560101,cf3307c1ced94fd19c0a9fdaa39fd409,,,,44.88868,-68.933094,22.72,0.857,0.903,12,2021,2021-01-15,2025-12-15
2021,USGS-445511074103901,42e76eeaa4c0484193387429e081c9f7,,,,44.919639,-74.177083,3.454,0,,12,2021,2021-01-15,2025-12-15
2022,USGS-445511074103901,42e76eeaa4c0484193387429e081c9f7,,,,44.919639,-74.177083,2.868,-0.586,-0.586,12,2021,2021-01-15,2025-12-15
2023,USGS-445511074103901,42e76eeaa4c0484193387429e081c9f7,,,,44.919639,-74.177083,2.607,-0.847,-0.261,12,2021,2021-01-15,2025-12-15
2024,USGS-445511074103901,42e76eeaa4c0484193387429e081c9f7,,,,44.919639,-74.177083,2.743,-0.711,0.136,12,2021,2021-01-15,2025-12-15
2025,USGS-445511074103901,42e76eeaa4c0484193387429e081c9f7,,,,44.919639,-74.177083,3.301,-0.153,0.558,12,2021,2021-01-15,2025-12-15
2021,USGS-445511074103902,d75b33fd28f54df8bf1dc21eec47efe1,,,,44.919639,-74.177056,34.636,0,,12,2021,2021-01-15,2025-12-15
2022,USGS-445511074103902,d75b33fd28f54df8bf1dc21eec47efe1,,,,44.919639,-74.177056,31.909,-2.727,-2.727,12,2021,2021-01-15,2025-12-15
2023,USGS-445511074103902,d75b33fd28f54df8bf1dc21eec47efe1,,,,44.919639,-74.177056,30.582,-4.053,-1.327,12,2021,2021-01-15,2025-12-15
2024,USGS-445511074103902,d75b33fd28f54df8bf1dc21eec47efe1,,,,44.919639,-74.177056,30.575,-4.061,-0.008,12,2021,2021-01-15,2025-12-15
2025,USGS-445511074103902,d75b33fd28f54df8bf1dc21eec47efe1,,,,44.919639,-74.177056,32.188,-2.447,1.613,12,2021,2021-01-15,2025-12-15
2021,USGS-445805073380501,a120d31f33ce4e2d82f0b0902e11f535,,,,44.968083,-73.634694,3.26,0,,12,2021,2021-01-15,2025-12-15
2022,USGS-445805073380501,a120d31f33ce4e2d82f0b0902e11f535,,,,44.968083,-73.634694,2.537,-0.723,-0.723,12,2021,2021-01-15,2025-12-15
2023,USGS-445805073380501,a120d31f33ce4e2d82f0b0902e11f535,,,,44.968083,-73.634694,2.186,-1.074,-0.351,12,2021,2021-01-15,2025-12-15
2024,USGS-445805073380501,a120d31f33ce4e2d82f0b0902e11f535,,,,44.968083,-73.634694,2.221,-1.039,0.035,12,2021,2021-01-15,2025-12-15
2025,USGS-445805073380501,a120d31f33ce4e2d82f0b0902e11f535,,,,44.968083,-73.634694,3.139,-0.121,0.918,12,2021,2021-01-15,2025-12-15
2021,USGS-450524112380701,4ed7b572da944246a12b708024ac2b47,,,,45.08992,-112.636128,172.662,0,,12,2021,2021-01-15,2025-12-15
2022,USGS-450524112380701,4ed7b572da944246a12b708024ac2b47,,,,45.08992,-112.636128,174.271,1.609,1.609,12,2021,2021-01-15,2025-12-15
2023,USGS-450524112380701,4ed7b572da944246a12b708024ac2b47,,,,45.08992,-112.636128,168.823,-3.839,-5.448,12,2021,2021-01-15,2025-12-15
2024,USGS-450524112380701,4ed7b572da944246a12b708024ac2b47,,,,45.08992,-112.636128,163.267,-9.395,-5.556,12,2021,2021-01-15,2025-12-15
2025,USGS-450524112380701,4ed7b572da944246a12b708024ac2b47,,,,45.08992,-112.636128,165.366,-7.296,2.099,12,2021,2021-01-15,2025-12-15
2021,USGS-450713067162801,9916f8fbd0c940d3b389794d9d4d7cb1,,,,45.120353,-67.27388,1.435,0,,12,2021,2021-01-15,2025-12-15
2022,USGS-450713067162801,9916f8fbd0c940d3b389794d9d4d7cb1,,,,45.120353,-67.27388,1.252,-0.182,-0.182,12,2021,2021-01-15,2025-12-15
2023,USGS-450713067162801,9916f8fbd0c940d3b389794d9d4d7cb1,,,,45.120353,-67.27388,0.138,-1.297,-1.115,12,2021,2021-01-15,2025-12-15
2024,USGS-450713067162801,9916f8fbd0c940d3b389794d9d4d7cb1,,,,45.120353,-67.27388,0.604,-0.831,0.467,12,2021,2021-01-15,2025-12-15
2025,USGS-450713067162801,9916f8fbd0c940d3b389794d9d4d7cb1,,,,45.120353,-67.27388,1.956,0.521,1.352,12,2021,2021-01-15,2025-12-15
2021,USGS-451048092293001,0766953bf1d9468ebf979ce5f07a4d3f,,,,45.180106,-92.491603,4.747,0,,12,2021,2021-01-15,2025-12-15
2022,USGS-451048092293001,0766953bf1d9468ebf979ce5f07a4d3f,,,,45.180106,-92.491603,6.678,1.931,1.931,12,2021,2021-01-15,2025-12-15
2023,USGS-451048092293001,0766953bf1d9468ebf979ce5f07a4d3f,,,,45.180106,-92.491603,6.515,1.768,-0.163,8,2021,2021-01-15,2025-12-15
2024,USGS-451048092293001,0766953bf1d9468ebf979ce5f07a4d3f,,,,45.180106,-92.491603,5.018,0.27,-1.497,8,2021,2021-01-15,2025-12-15
2025,USGS-451048092293001,0766953bf1d9468ebf979ce5f07a4d3f,,,,45.180106,-92.491603,4.667,-0.08,-0.35,12,2021,2021-01-15,2025-12-15
2021,USGS-451128070280301,7e78952be41040e0805fc3ff690f506b,,,,45.191165,-70.467012,9.273,0,,12,2021,2021-01-15,2025-12-15
2022,USGS-451128070280301,7e78952be41040e0805fc3ff690f506b,,,,45.191165,-70.467012,9.395,0.122,0.122,12,2021,2021-01-15,2025-12-15
2023,USGS-451128070280301,7e78952be41040e0805fc3ff690f506b,,,,45.191165,-70.467012,7.337,-1.937,-2.058,12,2021,2021-01-15,2025-12-15
2024,USGS-451128070280301,7e78952be41040e0805fc3ff690f506b,,,,45.191165,-70.467012,7.316,-1.957,-0.021,12,2021,2021-01-15,2025-12-15
2025,USGS-451128070280301,7e78952be41040e0805fc3ff690f506b,,,,45.191165,-70.467012,8.885,-0.388,1.569,12,2021,2021-01-15,2025-12-15
2021,USGS-451746106301101,0ec02d8b7ad44a148fe899499e237fbb,,,,45.296111,-106.503056,9.821,0,,11,2021,2021-01-15,2025-12-15
2022,USGS-451746106301101,0ec02d8b7ad44a148fe899499e237fbb,,,,45.296111,-106.503056,9.957,0.137,0.137,12,2021,2021-01-15,2025-12-15
2023,USGS-451746106301101,0ec02d8b7ad44a148fe899499e237fbb,,,,45.296111,-106.503056,8.866,-0.955,-1.092,12,2021,2021-01-15,2025-12-15
2024,USGS-451746106301101,0ec02d8b7ad44a148fe899499e237fbb,,,,45.296111,-106.503056,9.737,-0.084,0.871,11,2021,2021-01-15,2025-12-15
2025,USGS-451746106301101,0ec02d8b7ad44a148fe899499e237fbb,,,,45.296111,-106.503056,9.807,-0.013,0.07,12,2021,2021-01-15,2025-12-15
2021,USGS-451836090354801,f9e9a6827a8b4feea93312e51e0df4a6,,,,45.310069,-90.596736,17.32,0,,12,2021,2021-01-15,2025-12-15
2022,USGS-451836090354801,f9e9a6827a8b4feea93312e51e0df4a6,,,,45.310069,-90.596736,17.782,0.462,0.462,10,2021,2021-01-15,2025-12-15
2023,USGS-451836090354801,f9e9a6827a8b4feea93312e51e0df4a6,,,,45.310069,-90.596736,16.97,-0.35,-0.812,12,2021,2021-01-15,2025-12-15
2024,USGS-451836090354801,f9e9a6827a8b4feea93312e51e0df4a6,,,,45.310069,-90.596736,16.449,-0.871,-0.521,12,2021,2021-01-15,2025-12-15
2025,USGS-451836090354801,f9e9a6827a8b4feea93312e51e0df4a6,,,,45.310069,-90.596736,17.676,0.356,1.227,10,2021,2021-01-15,2025-12-15
2021,USGS-452012093412701,6a3dc58192054eee95506dca9781be0c,,,,45.336458,-93.690694,17.033,0,,12,2021,2021-01-15,2025-12-15
2022,USGS-452012093412701,6a3dc58192054eee95506dca9781be0c,,,,45.336458,-93.690694,17.427,0.393,0.393,12,2021,2021-01-15,2025-12-15
2023,USGS-452012093412701,6a3dc58192054eee95506dca9781be0c,,,,45.336458,-93.690694,16.836,-0.197,-0.59,11,2021,2021-01-15,2025-12-15
2024,USGS-452012093412701,6a3dc58192054eee95506dca9781be0c,,,,45.336458,-93.690694,15.791,-1.243,-1.046,12,2021,2021-01-15,2025-12-15
2025,USGS-452012093412701,6a3dc58192054eee95506dca9781be0c,,,,45.336458,-93.690694,16.003,-1.03,0.213,12,2021,2021-01-15,2025-12-15
2021,USGS-452726088434401,12d7daed1a3948f692caaedbe8a323cb,,,,45.457631,-88.729278,13.822,0,,12,2021,2021-01-15,2025-12-15
2022,USGS-452726088434401,12d7daed1a3948f692caaedbe8a323cb,,,,45.457631,-88.729278,15.269,1.447,1.447,12,2021,2021-01-15,2025-12-15
2023,USGS-452726088434401,12d7daed1a3948f692caaedbe8a323cb,,,,45.457631,-88.729278,15.703,1.881,0.434,12,2021,2021-01-15,2025-12-15
2024,USGS-452726088434401,12d7daed1a3948f692caaedbe8a323cb,,,,45.457631,-88.729278,15.972,2.149,0.268,12,2021,2021-01-15,2025-12-15
2025,USGS-452726088434401,12d7daed1a3948f692caaedbe8a323cb,,,,45.457631,-88.729278,16.181,2.358,0.209,12,2021,2021-01-15,2025-12-15
2021,USGS-452822122372001,4dd397bbd9984cdca3435dbdea8e7f40,,,,45.472639,-122.623333,101.34,0,,12,2021,2021-01-15,2025-12-15
2022,USGS-452822122372001,4dd397bbd9984cdca3435dbdea8e7f40,,,,45.472639,-122.623333,99.687,-1.653,-1.653,12,2021,2021-01-15,2025-12-15
2023,USGS-452822122372001,4dd397bbd9984cdca3435dbdea8e7f40,,,,45.472639,-122.623333,97.358,-3.982,-2.329,12,2021,2021-01-15,2025-12-15
2024,USGS-452822122372001,4dd397bbd9984cdca3435dbdea8e7f40,,,,45.472639,-122.623333,96.389,-4.951,-0.97,8,2021,2021-01-15,2025-12-15
2025,USGS-452822122372001,4dd397bbd9984cdca3435dbdea8e7f40,,,,45.472639,-122.623333,96.9,-4.44,0.511,12,2021,2021-01-15,2025-12-15
2021,USGS-452912122312801,386195f1f9cc4217bbff7f043f5d2303,,,,45.486464,-122.526089,42.835,0,,11,2021,2021-01-15,2025-12-15
2022,USGS-452912122312801,386195f1f9cc4217bbff7f043f5d2303,,,,45.486464,-122.526089,41.039,-1.796,-1.796,12,2021,2021-01-15,2025-12-15
2023,USGS-452912122312801,386195f1f9cc4217bbff7f043f5d2303,,,,45.486464,-122.526089,41.548,-1.287,0.509,12,2021,2021-01-15,2025-12-15
2024,USGS-452912122312801,386195f1f9cc4217bbff7f043f5d2303,,,,45.486464,-122.526089,41.322,-1.513,-0.226,12,2021,2021-01-15,2025-12-15
2025,USGS-452912122312801,386195f1f9cc4217bbff7f043f5d2303,,,,45.486464,-122.526089,41.87,-0.965,0.548,12,2021,2021-01-15,2025-12-15
2021,USGS-453629068531801,8c5c012ef0d34ba7b319e00f12fdd76d,,,,45.608104,-68.887819,9.838,0,,12,2021,2021-01-15,2025-12-15
2022,USGS-453629068531801,8c5c012ef0d34ba7b319e00f12fdd76d,,,,45.608104,-68.887819,9.367,-0.471,-0.471,12,2021,2021-01-15,2025-12-15
2023,USGS-453629068531801,8c5c012ef0d34ba7b319e00f12fdd76d,,,,45.608104,-68.887819,8.848,-0.989,-0.518,12,2021,2021-01-15,2025-12-15
2024,USGS-453629068531801,8c5c012ef0d34ba7b319e00f12fdd76d,,,,45.608104,-68.887819,9.65,-0.188,0.802,12,2021,2021-01-15,2025-12-15
2025,USGS-453629068531801,8c5c012ef0d34ba7b319e00f12fdd76d,,,,45.608104,-68.887819,10.8,0.962,1.15,12,2021,2021-01-15,2025-12-15
2021,USGS-454149108415401,a933ee77267e44adb63de5dff88e221e,,,,45.696895,-108.69903,12.33,0,,5,2021,2021-04-15,2025-11-15
2022,USGS-454149108415401,a933ee77267e44adb63de5dff88e221e,,,,45.696895,-108.69903,11.819,-0.511,-0.511,9,2021,2021-04-15,2025-11-15
2023,USGS-454149108415401,a933ee77267e44adb63de5dff88e221e,,,,45.696895,-108.69903,11.556,-0.774,-0.263,9,2021,2021-04-15,2025-11-15
2024,USGS-454149108415401,a933ee77267e44adb63de5dff88e221e,,,,45.696895,-108.69903,10.014,-2.316,-1.542,5,2021,2021-04-15,2025-11-15
2025,USGS-454149108415401,a933ee77267e44adb63de5dff88e221e,,,,45.696895,-108.69903,10.661,-1.669,0.647,8,2021,2021-04-15,2025-11-15
2021,USGS-454302108392001,e8b20809dc404036aae5b50f7d8322c8,,,,45.717173,-108.656251,5.592,0,,8,2021,2021-04-15,2025-10-15
2022,USGS-454302108392001,e8b20809dc404036aae5b50f7d8322c8,,,,45.717173,-108.656251,5.581,-0.011,-0.011,8,2021,2021-04-15,2025-10-15
2023,USGS-454302108392001,e8b20809dc404036aae5b50f7d8322c8,,,,45.717173,-108.656251,4.72,-0.872,-0.861,5,2021,2021-04-15,2025-10-15
2024,USGS-454302108392001,e8b20809dc404036aae5b50f7d8322c8,,,,45.717173,-108.656251,5.67,0.078,0.95,5,2021,2021-04-15,2025-10-15
2025,USGS-454302108392001,e8b20809dc404036aae5b50f7d8322c8,,,,45.717173,-108.656251,5.554,-0.038,-0.116,7,2021,2021-04-15,2025-10-15
2021,USGS-455016107360402,eea28c2f394948c2a6067751adfbf30d,,,,45.837778,-107.601111,6.304,0,,11,2021,2021-01-15,2025-12-15
2022,USGS-455016107360402,eea28c2f394948c2a6067751adfbf30d,,,,45.837778,-107.601111,6.185,-0.119,-0.119,12,2021,2021-01-15,2025-12-15
2023,USGS-455016107360402,eea28c2f394948c2a6067751adfbf30d,,,,45.837778,-107.601111,5.078,-1.226,-1.107,10,2021,2021-01-15,2025-12-15
2024,USGS-455016107360402,eea28c2f394948c2a6067751adfbf30d,,,,45.837778,-107.601111,5.826,-0.478,0.748,12,2021,2021-01-15,2025-12-15
2025,USGS-455016107360402,eea28c2f394948c2a6067751adfbf30d,,,,45.837778,-107.601111,5.034,-1.269,-0.792,12,2021,2021-01-15,2025-12-15
2021,USGS-455927095123101,dfe3bf6f2ccb43758fe83aa1f9c55151,,,,45.990953,-95.206844,6.875,0,,12,2021,2021-01-15,2025-12-15
2022,USGS-455927095123101,dfe3bf6f2ccb43758fe83aa1f9c55151,,,,45.990953,-95.206844,6.872,-0.003,-0.003,12,2021,2021-01-15,2025-12-15
2023,USGS-455927095123101,dfe3bf6f2ccb43758fe83aa1f9c55151,,,,45.990953,-95.206844,7.32,0.445,0.448,12,2021,2021-01-15,2025-12-15
2024,USGS-455927095123101,dfe3bf6f2ccb43758fe83aa1f9c55151,,,,45.990953,-95.206844,6.582,-0.293,-0.738,12,2021,2021-01-15,2025-12-15
2025,USGS-455927095123101,dfe3bf6f2ccb43758fe83aa1f9c55151,,,,45.990953,-95.206844,7.13,0.255,0.548,12,2021,2021-01-15,2025-12-15
2021,USGS-461935118081501,a69c4b0060c04df1a5493fbf92a9900a,,,,46.326206,-118.138558,39.016,0,,12,2021,2021-01-15,2025-12-15
2022,USGS-461935118081501,a69c4b0060c04df1a5493fbf92a9900a,,,,46.326206,-118.138558,37.841,-1.175,-1.175,12,2021,2021-01-15,2025-12-15
2023,USGS-461935118081501,a69c4b0060c04df1a5493fbf92a9900a,,,,46.326206,-118.138558,37.881,-1.135,0.04,12,2021,2021-01-15,2025-12-15
2024,USGS-461935118081501,a69c4b0060c04df1a5493fbf92a9900a,,,,46.326206,-118.138558,38.482,-0.533,0.602,12,2021,2021-01-15,2025-12-15
2025,USGS-461935118081501,a69c4b0060c04df1a5493fbf92a9900a,,,,46.326206,-118.138558,39.098,0.083,0.616,12,2021,2021-01-15,2025-12-15
2021,USGS-463635090481101,cfde30fe7ac5455f89197fd2258cbc7b,,,,46.609597,-90.8117,29.689,0,,12,2021,2021-01-15,2025-12-15
2022,USGS-463635090481101,cfde30fe7ac5455f89197fd2258cbc7b,,,,46.609597,-90.8117,29.791,0.102,0.102,12,2021,2021-01-15,2025-12-15
2023,USGS-463635090481101,cfde30fe7ac5455f89197fd2258cbc7b,,,,46.609597,-90.8117,29.609,-0.08,-0.182,12,2021,2021-01-15,2025-12-15
2024,USGS-463635090481101,cfde30fe7ac5455f89197fd2258cbc7b,,,,46.609597,-90.8117,29.858,0.169,0.249,12,2021,2021-01-15,2025-12-15
2025,USGS-463635090481101,cfde30fe7ac5455f89197fd2258cbc7b,,,,46.609597,-90.8117,30.094,0.405,0.236,9,2021,2021-01-15,2025-12-15
2021,USGS-463642069344601,0eb1c7939f3a46bc84bd239078ea97b7,,,,46.611697,-69.578391,15.318,0,,12,2021,2021-01-15,2025-12-15
2022,USGS-463642069344601,0eb1c7939f3a46bc84bd239078ea97b7,,,,46.611697,-69.578391,14.308,-1.01,-1.01,12,2021,2021-01-15,2025-12-15
2023,USGS-463642069344601,0eb1c7939f3a46bc84bd239078ea97b7,,,,46.611697,-69.578391,13.798,-1.521,-0.511,12,2021,2021-01-15,2025-12-15
2024,USGS-463642069344601,0eb1c7939f3a46bc84bd239078ea97b7,,,,46.611697,-69.578391,14.315,-1.003,0.517,12,2021,2021-01-15,2025-12-15
2025,USGS-463642069344601,0eb1c7939f3a46bc84bd239078ea97b7,,,,46.611697,-69.578391,15.065,-0.253,0.75,12,2021,2021-01-15,2025-12-15
2021,USGS-470207114210901,878f120932684099b9f0ad3ce4dbbb17,,,,47.035194,-114.352528,5.31,0,,2,2021,2021-04-15,2025-11-15
2022,USGS-470207114210901,878f120932684099b9f0ad3ce4dbbb17,,,,47.035194,-114.352528,5.392,0.082,0.082,5,2021,2021-04-15,2025-11-15
2023,USGS-470207114210901,878f120932684099b9f0ad3ce4dbbb17,,,,47.035194,-114.352528,5.616,0.306,0.224,5,2021,2021-04-15,2025-11-15
2024,USGS-470207114210901,878f120932684099b9f0ad3ce4dbbb17,,,,47.035194,-114.352528,6.083,0.773,0.467,3,2021,2021-04-15,2025-11-15
2025,USGS-470207114210901,878f120932684099b9f0ad3ce4dbbb17,,,,47.035194,-114.352528,5.957,0.647,-0.126,7,2021,2021-04-15,2025-11-15
2021,USGS-471457068353001,23d3e36c3c8742ea855ada43ea516a84,,,,47.249206,-68.591158,9.256,0,,12,2021,2021-01-15,2025-12-15
2022,USGS-471457068353001,23d3e36c3c8742ea855ada43ea516a84,,,,47.249206,-68.591158,8.155,-1.101,-1.101,12,2021,2021-01-15,2025-12-15
2023,USGS-471457068353001,23d3e36c3c8742ea855ada43ea516a84,,,,47.249206,-68.591158,7.022,-2.234,-1.133,12,2021,2021-01-15,2025-12-15
2024,USGS-471457068353001,23d3e36c3c8742ea855ada43ea516a84,,,,47.249206,-68.591158,8.574,-0.682,1.553,12,2021,2021-01-15,2025-12-15
2025,USGS-471457068353001,23d3e36c3c8742ea855ada43ea516a84,,,,47.249206,-68.591158,8.939,-0.317,0.365,12,2021,2021-01-15,2025-12-15
2021,USGS-471740114051301,fe64c27c558a4729aa9be4726c9e0bcf,,,,47.294444,-114.086944,8.79,0,,5,2021,2021-05-15,2025-09-15
2022,USGS-471740114051301,fe64c27c558a4729aa9be4726c9e0bcf,,,,47.294444,-114.086944,9.054,0.264,0.264,8,2021,2021-05-15,2025-09-15
2023,USGS-471740114051301,fe64c27c558a4729aa9be4726c9e0bcf,,,,47.294444,-114.086944,7.813,-0.977,-1.24,9,2021,2021-05-15,2025-09-15
2024,USGS-471740114051301,fe64c27c558a4729aa9be4726c9e0bcf,,,,47.294444,-114.086944,8.282,-0.508,0.469,5,2021,2021-05-15,2025-09-15
2025,USGS-471740114051301,fe64c27c558a4729aa9be4726c9e0bcf,,,,47.294444,-114.086944,5.548,-3.242,-2.734,5,2021,2021-05-15,2025-09-15
2021,USGS-473423095053301,90be13ff4ebf49a387851e8045304426,,,,47.572911,-95.092825,29.603,0,,12,2021,2021-01-15,2025-12-15
2022,USGS-473423095053301,90be13ff4ebf49a387851e8045304426,,,,47.572911,-95.092825,29.094,-0.509,-0.509,12,2021,2021-01-15,2025-12-15
2023,USGS-473423095053301,90be13ff4ebf49a387851e8045304426,,,,47.572911,-95.092825,29.57,-0.033,0.476,12,2021,2021-01-15,2025-12-15
2024,USGS-473423095053301,90be13ff4ebf49a387851e8045304426,,,,47.572911,-95.092825,29.583,-0.021,0.013,11,2021,2021-01-15,2025-12-15
2025,USGS-473423095053301,90be13ff4ebf49a387851e8045304426,,,,47.572911,-95.092825,29.607,0.004,0.025,12,2021,2021-01-15,2025-12-15
2021,USGS-473425095052302,4ef94238fc6e4283b3b4afdece243fd0,,,,47.573731,-95.089678,28.319,0,,12,2021,2021-01-15,2025-12-15
2022,USGS-473425095052302,4ef94238fc6e4283b3b4afdece243fd0,,,,47.573731,-95.089678,27.903,-0.416,-0.416,12,2021,2021-01-15,2025-12-15
2023,USGS-473425095052302,4ef94238fc6e4283b3b4afdece243fd0,,,,47.573731,-95.089678,28.385,0.065,0.481,11,2021,2021-01-15,2025-12-15
2024,USGS-473425095052302,4ef94238fc6e4283b3b4afdece243fd0,,,,47.573731,-95.089678,28.433,0.114,0.048,11,2021,2021-01-15,2025-12-15
2025,USGS-473425095052302,4ef94238fc6e4283b3b4afdece243fd0,,,,47.573731,-95.089678,28.488,0.168,0.055,12,2021,2021-01-15,2025-12-15
2021,USGS-473425095052602,1a7c01e0de6d4abd85afa1be98081ccc,,,,47.573603,-95.090875,20.718,0,,12,2021,2021-01-15,2025-12-15
2022,USGS-473425095052602,1a7c01e0de6d4abd85afa1be98081ccc,,,,47.573603,-95.090875,20.273,-0.446,-0.446,12,2021,2021-01-15,2025-12-15
2023,USGS-473425095052602,1a7c01e0de6d4abd85afa1be98081ccc,,,,47.573603,-95.090875,20.777,0.058,0.504,9,2021,2021-01-15,2025-12-15
2024,USGS-473425095052602,1a7c01e0de6d4abd85afa1be98081ccc,,,,47.573603,-95.090875,20.731,0.013,-0.046,12,2021,2021-01-15,2025-12-15
2025,USGS-473425095052602,1a7c01e0de6d4abd85afa1be98081ccc,,,,47.573603,-95.090875,20.791,0.073,0.06,11,2021,2021-01-15,2025-12-15
2021,USGS-473426095052401,2e26bd0f9dbe4a048eaf131138eca4cc,,,,47.573711,-95.090392,21.126,0,,10,2021,2021-01-15,2025-12-15
2022,USGS-473426095052401,2e26bd0f9dbe4a048eaf131138eca4cc,,,,47.573711,-95.090392,20.715,-0.411,-0.411,12,2021,2021-01-15,2025-12-15
2023,USGS-473426095052401,2e26bd0f9dbe4a048eaf131138eca4cc,,,,47.573711,-95.090392,21.222,0.096,0.507,11,2021,2021-01-15,2025-12-15
2024,USGS-473426095052401,2e26bd0f9dbe4a048eaf131138eca4cc,,,,47.573711,-95.090392,21.193,0.067,-0.028,12,2021,2021-01-15,2025-12-15
2025,USGS-473426095052401,2e26bd0f9dbe4a048eaf131138eca4cc,,,,47.573711,-95.090392,21.287,0.161,0.093,12,2021,2021-01-15,2025-12-15
2021,USGS-473442118162201,ff9d00bf337544ed8243886d7ba2a5f7,,,,47.578186,-118.274908,40.568,0,,12,2021,2021-01-15,2025-12-15
2022,USGS-473442118162201,ff9d00bf337544ed8243886d7ba2a5f7,,,,47.578186,-118.274908,46.233,5.665,5.665,12,2021,2021-01-15,2025-12-15
2023,USGS-473442118162201,ff9d00bf337544ed8243886d7ba2a5f7,,,,47.578186,-118.274908,46.143,5.575,-0.09,12,2021,2021-01-15,2025-12-15
2024,USGS-473442118162201,ff9d00bf337544ed8243886d7ba2a5f7,,,,47.578186,-118.274908,43.564,2.996,-2.579,12,2021,2021-01-15,2025-12-15
2025,USGS-473442118162201,ff9d00bf337544ed8243886d7ba2a5f7,,,,47.578186,-118.274908,39.523,-1.046,-4.042,12,2021,2021-01-15,2025-12-15
2021,USGS-474011117072901,01416654579e4e1cbaaad0fdc4db0e5d,,,,47.66965,-117.126894,99.387,0,,12,2021,2021-01-15,2025-12-15
2022,USGS-474011117072901,01416654579e4e1cbaaad0fdc4db0e5d,,,,47.66965,-117.126894,97.516,-1.871,-1.871,12,2021,2021-01-15,2025-12-15
2023,USGS-474011117072901,01416654579e4e1cbaaad0fdc4db0e5d,,,,47.66965,-117.126894,98.375,-1.012,0.859,8,2021,2021-01-15,2025-12-15
2024,USGS-474011117072901,01416654579e4e1cbaaad0fdc4db0e5d,,,,47.66965,-117.126894,99.756,0.37,1.381,11,2021,2021-01-15,2025-12-15
2025,USGS-474011117072901,01416654579e4e1cbaaad0fdc4db0e5d,,,,47.66965,-117.126894,98.74,-0.647,-1.016,12,2021,2021-01-15,2025-12-15
2021,USGS-474126096165301,bd55f032ea474bc9b822217dabc5b2e9,,,,47.690381,-96.281289,6.784,0,,12,2021,2021-01-15,2025-12-15
2022,USGS-474126096165301,bd55f032ea474bc9b822217dabc5b2e9,,,,47.690381,-96.281289,6.341,-0.443,-0.443,12,2021,2021-01-15,2025-12-15
2023,USGS-474126096165301,bd55f032ea474bc9b822217dabc5b2e9,,,,47.690381,-96.281289,6.766,-0.018,0.425,12,2021,2021-01-15,2025-12-15
2024,USGS-474126096165301,bd55f032ea474bc9b822217dabc5b2e9,,,,47.690381,-96.281289,6.259,-0.525,-0.507,12,2021,2021-01-15,2025-12-15
2025,USGS-474126096165301,bd55f032ea474bc9b822217dabc5b2e9,,,,47.690381,-96.281289,6.465,-0.319,0.206,11,2021,2021-01-15,2025-12-15
2021,USGS-474921093144001,45981e462355426ba3abfe3da7950ec5,,,,47.822467,-93.244069,23.062,0,,11,2021,2021-02-15,2025-12-15
2022,USGS-474921093144001,45981e462355426ba3abfe3da7950ec5,,,,47.822467,-93.244069,22.942,-0.12,-0.12,12,2021,2021-02-15,2025-12-15
2023,USGS-474921093144001,45981e462355426ba3abfe3da7950ec5,,,,47.822467,-93.244069,23.039,-0.023,0.098,12,2021,2021-02-15,2025-12-15
2024,USGS-474921093144001,45981e462355426ba3abfe3da7950ec5,,,,47.822467,-93.244069,23.283,0.222,0.244,12,2021,2021-02-15,2025-12-15
2025,USGS-474921093144001,45981e462355426ba3abfe3da7950ec5,,,,47.822467,-93.244069,23.768,0.707,0.485,12,2021,2021-02-15,2025-12-15
2021,USGS-475439116503401,7e5b985a8a184ea1bb18fc976da352b7,,,,47.91065,-116.843817,409.179,0,,12,2021,2021-01-15,2025-12-15
2022,USGS-475439116503401,7e5b985a8a184ea1bb18fc976da352b7,,,,47.91065,-116.843817,409.171,-0.008,-0.008,12,2021,2021-01-15,2025-12-15
2023,USGS-475439116503401,7e5b985a8a184ea1bb18fc976da352b7,,,,47.91065,-116.843817,409.016,-0.163,-0.155,12,2021,2021-01-15,2025-12-15
2024,USGS-475439116503401,7e5b985a8a184ea1bb18fc976da352b7,,,,47.91065,-116.843817,409.904,0.725,0.888,12,2021,2021-01-15,2025-12-15
2025,USGS-475439116503401,7e5b985a8a184ea1bb18fc976da352b7,,,,47.91065,-116.843817,409.529,0.35,-0.375,10,2021,2021-01-15,2025-12-15
2021,USGS-480034105195401,bf8b573febe24855837bf507abcd7454,,,,48.009364,-105.331008,43.153,0,,12,2021,2021-01-15,2025-12-15
2022,USGS-480034105195401,bf8b573febe24855837bf507abcd7454,,,,48.009364,-105.331008,43.399,0.247,0.247,12,2021,2021-01-15,2025-12-15
2023,USGS-480034105195401,bf8b573febe24855837bf507abcd7454,,,,48.009364,-105.331008,43.382,0.229,-0.017,12,2021,2021-01-15,2025-12-15
2024,USGS-480034105195401,bf8b573febe24855837bf507abcd7454,,,,48.009364,-105.331008,43.579,0.427,0.197,12,2021,2021-01-15,2025-12-15
2025,USGS-480034105195401,bf8b573febe24855837bf507abcd7454,,,,48.009364,-105.331008,43.517,0.364,-0.062,12,2021,2021-01-15,2025-12-15
2021,USGS-480550113585001,c85e4f84d9094e6cbb3f2cba71f385a7,,,,48.097222,-113.980556,5.24,0,,12,2021,2021-01-15,2025-12-15
2022,USGS-480550113585001,c85e4f84d9094e6cbb3f2cba71f385a7,,,,48.097222,-113.980556,4.868,-0.372,-0.372,12,2021,2021-01-15,2025-12-15
2023,USGS-480550113585001,c85e4f84d9094e6cbb3f2cba71f385a7,,,,48.097222,-113.980556,7.072,1.832,2.203,12,2021,2021-01-15,2025-12-15
2024,USGS-480550113585001,c85e4f84d9094e6cbb3f2cba71f385a7,,,,48.097222,-113.980556,6.914,1.674,-0.157,12,2021,2021-01-15,2025-12-15
2025,USGS-480550113585001,c85e4f84d9094e6cbb3f2cba71f385a7,,,,48.097222,-113.980556,7.372,2.133,0.458,12,2021,2021-01-15,2025-12-15
2021,USGS-480621115244901,2d033f9e21544e838dcb30bf56773d80,,,,48.105861,-115.413583,2.193,0,,6,2021,2021-04-15,2025-08-15
2024,USGS-480621115244901,2d033f9e21544e838dcb30bf56773d80,,,,48.105861,-115.413583,5.74,3.547,3.547,1,2021,2021-04-15,2025-08-15
2025,USGS-480621115244901,2d033f9e21544e838dcb30bf56773d80,,,,48.105861,-115.413583,5.117,2.924,-0.623,4,2021,2021-04-15,2025-08-15
2021,USGS-480728105243901,c70b860607104fb49984d1f9ba5c6592,,,,48.124444,-105.410833,14.011,0,,12,2021,2021-01-15,2025-12-15
2022,USGS-480728105243901,c70b860607104fb49984d1f9ba5c6592,,,,48.124444,-105.410833,15.383,1.372,1.372,12,2021,2021-01-15,2025-12-15
2023,USGS-480728105243901,c70b860607104fb49984d1f9ba5c6592,,,,48.124444,-105.410833,14.948,0.938,-0.434,12,2021,2021-01-15,2025-12-15
2024,USGS-480728105243901,c70b860607104fb49984d1f9ba5c6592,,,,48.124444,-105.410833,15.691,1.68,0.742,12,2021,2021-01-15,2025-12-15
2025,USGS-480728105243901,c70b860607104fb49984d1f9ba5c6592,,,,48.124444,-105.410833,16.279,2.268,0.588,12,2021,2021-01-15,2025-12-15
2021,USGS-480736106200201,23e2d166eb414f34a27ba9db1fab3aaa,,,,48.126667,-106.333889,23.301,0,,12,2021,2021-01-15,2025-12-15
2022,USGS-480736106200201,23e2d166eb414f34a27ba9db1fab3aaa,,,,48.126667,-106.333889,23.757,0.456,0.456,12,2021,2021-01-15,2025-12-15
2023,USGS-480736106200201,23e2d166eb414f34a27ba9db1fab3aaa,,,,48.126667,-106.333889,22.313,-0.988,-1.444,11,2021,2021-01-15,2025-12-15
2024,USGS-480736106200201,23e2d166eb414f34a27ba9db1fab3aaa,,,,48.126667,-106.333889,22.9,-0.401,0.587,11,2021,2021-01-15,2025-12-15
2025,USGS-480736106200201,23e2d166eb414f34a27ba9db1fab3aaa,,,,48.126667,-106.333889,23.725,0.424,0.825,11,2021,2021-01-15,2025-12-15
2021,USGS-480746105080104,211b75510e8447bf84667ff15cb42291,,,,48.129463,-105.134146,39.93,0,,12,2021,2021-01-15,2025-12-15
2022,USGS-480746105080104,211b75510e8447bf84667ff15cb42291,,,,48.129463,-105.134146,40.198,0.268,0.268,12,2021,2021-01-15,2025-12-15
2023,USGS-480746105080104,211b75510e8447bf84667ff15cb42291,,,,48.129463,-105.134146,40.042,0.112,-0.157,12,2021,2021-01-15,2025-12-15
2024,USGS-480746105080104,211b75510e8447bf84667ff15cb42291,,,,48.129463,-105.134146,40.373,0.443,0.332,12,2021,2021-01-15,2025-12-15
2025,USGS-480746105080104,211b75510e8447bf84667ff15cb42291,,,,48.129463,-105.134146,40.423,0.493,0.05,12,2021,2021-01-15,2025-12-15
2021,USGS-480844104382601,2a535428f6034fe883cea12a74026978,,,,48.146583,-104.645083,20.263,0,,12,2021,2021-01-15,2025-12-15
2022,USGS-480844104382601,2a535428f6034fe883cea12a74026978,,,,48.146583,-104.645083,20.76,0.497,0.497,12,2021,2021-01-15,2025-12-15
2023,USGS-480844104382601,2a535428f6034fe883cea12a74026978,,,,48.146583,-104.645083,21.054,0.791,0.294,12,2021,2021-01-15,2025-12-15
2024,USGS-480844104382601,2a535428f6034fe883cea12a74026978,,,,48.146583,-104.645083,21.31,1.047,0.256,12,2021,2021-01-15,2025-12-15
2025,USGS-480844104382601,2a535428f6034fe883cea12a74026978,,,,48.146583,-104.645083,21.388,1.124,0.078,12,2021,2021-01-15,2025-12-15
2021,USGS-481357104475701,e1450fb49b0440bebafa49ce8584d0b2,,,,48.232592,-104.799242,237.741,0,,12,2021,2021-01-15,2025-12-15
2022,USGS-481357104475701,e1450fb49b0440bebafa49ce8584d0b2,,,,48.232592,-104.799242,237.406,-0.335,-0.335,12,2021,2021-01-15,2025-12-15
2023,USGS-481357104475701,e1450fb49b0440bebafa49ce8584d0b2,,,,48.232592,-104.799242,237.107,-0.633,-0.298,12,2021,2021-01-15,2025-12-15
2024,USGS-481357104475701,e1450fb49b0440bebafa49ce8584d0b2,,,,48.232592,-104.799242,236.796,-0.945,-0.312,12,2021,2021-01-15,2025-12-15
2025,USGS-481357104475701,e1450fb49b0440bebafa49ce8584d0b2,,,,48.232592,-104.799242,236.205,-1.536,-0.591,12,2021,2021-01-15,2025-12-15
2021,USGS-481558104492301,cdb4c99331a24837af22db2335aeb7b4,,,,48.266056,-104.822972,23.523,0,,12,2021,2021-01-15,2025-12-15
2022,USGS-481558104492301,cdb4c99331a24837af22db2335aeb7b4,,,,48.266056,-104.822972,24.5,0.977,0.977,12,2021,2021-01-15,2025-12-15
2023,USGS-481558104492301,cdb4c99331a24837af22db2335aeb7b4,,,,48.266056,-104.822972,23.825,0.302,-0.675,12,2021,2021-01-15,2025-12-15
2024,USGS-481558104492301,cdb4c99331a24837af22db2335aeb7b4,,,,48.266056,-104.822972,24.554,1.031,0.729,12,2021,2021-01-15,2025-12-15
2025,USGS-481558104492301,cdb4c99331a24837af22db2335aeb7b4,,,,48.266056,-104.822972,25.067,1.543,0.512,12,2021,2021-01-15,2025-12-15
2021,USGS-481713105052804,a5e5aeb791dc43acae85e6b53493828a,,,,48.286965,-105.091644,7.879,0,,12,2021,2021-01-15,2025-12-15
2022,USGS-481713105052804,a5e5aeb791dc43acae85e6b53493828a,,,,48.286965,-105.091644,8.014,0.135,0.135,12,2021,2021-01-15,2025-12-15
2023,USGS-481713105052804,a5e5aeb791dc43acae85e6b53493828a,,,,48.286965,-105.091644,7.43,-0.449,-0.584,12,2021,2021-01-15,2025-12-15
2024,USGS-481713105052804,a5e5aeb791dc43acae85e6b53493828a,,,,48.286965,-105.091644,7.827,-0.052,0.397,12,2021,2021-01-15,2025-12-15
2025,USGS-481713105052804,a5e5aeb791dc43acae85e6b53493828a,,,,48.286965,-105.091644,7.789,-0.09,-0.038,12,2021,2021-01-15,2025-12-15
2021,USGS-483148106281601,d40210deca5846b487792ff936331e1d,,,,48.53,-106.471111,7.032,0,,12,2021,2021-01-15,2025-12-15
2022,USGS-483148106281601,d40210deca5846b487792ff936331e1d,,,,48.53,-106.471111,7.592,0.559,0.559,12,2021,2021-01-15,2025-12-15
2023,USGS-483148106281601,d40210deca5846b487792ff936331e1d,,,,48.53,-106.471111,7.032,-0.001,-0.56,12,2021,2021-01-15,2025-12-15
2024,USGS-483148106281601,d40210deca5846b487792ff936331e1d,,,,48.53,-106.471111,6.912,-0.121,-0.12,12,2021,2021-01-15,2025-12-15
2025,USGS-483148106281601,d40210deca5846b487792ff936331e1d,,,,48.53,-106.471111,7.226,0.193,0.314,12,2021,2021-01-15,2025-12-15
2021,USGS-582359134352103,82f56cbd926e4f2792acbc92d923fc27,,,,58.399396,-134.590949,10.291,0,,12,2021,2021-01-15,2025-12-15
2022,USGS-582359134352103,82f56cbd926e4f2792acbc92d923fc27,,,,58.399396,-134.590949,11.155,0.865,0.865,11,2021,2021-01-15,2025-12-15
2023,USGS-582359134352103,82f56cbd926e4f2792acbc92d923fc27,,,,58.399396,-134.590949,11.824,1.533,0.669,12,2021,2021-01-15,2025-12-15
2024,USGS-582359134352103,82f56cbd926e4f2792acbc92d923fc27,,,,58.399396,-134.590949,12.496,2.205,0.672,12,2021,2021-01-15,2025-12-15
2025,USGS-582359134352103,82f56cbd926e4f2792acbc92d923fc27,,,,58.399396,-134.590949,10.372,0.081,-2.124,11,2021,2021-01-15,2025-12-15
2021,USGS-611725149335401,4cd9e6dc3f584484a45a91b19953e84d,,,,61.29001,-149.596376,109.919,0,,12,2021,2021-01-15,2025-12-15
2022,USGS-611725149335401,4cd9e6dc3f584484a45a91b19953e84d,,,,61.29001,-149.596376,109.263,-0.657,-0.657,12,2021,2021-01-15,2025-12-15
2023,USGS-611725149335401,4cd9e6dc3f584484a45a91b19953e84d,,,,61.29001,-149.596376,109.398,-0.522,0.135,12,2021,2021-01-15,2025-12-15
2024,USGS-611725149335401,4cd9e6dc3f584484a45a91b19953e84d,,,,61.29001,-149.596376,109.54,-0.379,0.142,12,2021,2021-01-15,2025-12-15
2025,USGS-611725149335401,4cd9e6dc3f584484a45a91b19953e84d,,,,61.29001,-149.596376,110.035,0.116,0.495,12,2021,2021-01-15,2025-12-15
2021,USNPS-362532116172701,1955cef06d3f4321a78ae85b6ad3dc27,,,,36.425512,-116.291707,1.889,0,,11,2021,2021-01-15,2025-12-15
2022,USNPS-362532116172701,1955cef06d3f4321a78ae85b6ad3dc27,,,,36.425512,-116.291707,1.861,-0.028,-0.028,12,2021,2021-01-15,2025-12-15
2023,USNPS-362532116172701,1955cef06d3f4321a78ae85b6ad3dc27,,,,36.425512,-116.291707,1.854,-0.035,-0.007,12,2021,2021-01-15,2025-12-15
2024,USNPS-362532116172701,1955cef06d3f4321a78ae85b6ad3dc27,,,,36.425512,-116.291707,1.798,-0.092,-0.057,12,2021,2021-01-15,2025-12-15
2025,USNPS-362532116172701,1955cef06d3f4321a78ae85b6ad3dc27,,,,36.425512,-116.291707,1.782,-0.107,-0.016,12,2021,2021-01-15,2025-12-15
