{"date":"20260831","type":"FeatureCollection","name":"USDO-Monthly-current-simplified","features":[{"type":"Feature","properties":{"Outlook":"No_Drought","Fcst_Date":"08/31/2026","Target":"Sep 2026","AREA":4569486.02,"US_PRCNT":48.97},"geometry":{"type":"MultiPolygon","coordinates":[[[[-67.86049888478784,18.12140682477795],[-67.87146079073162,18.057802829828873],[-67.94600078639105,18.08159875345932],[-67.86049888478784,18.12140682477795]]],[[[-67.09831822366368,18.410229100598887],[-67.0855537944585,18.314332250441144],[-67.18345758047838,18.1290818041658],[-67.1550575934988,18.210651789213948],[-67.27111163857808,18.362810790404023],[-67.17071256906776,18.402213886773147],[-67.16902026414165,18.47577992800262],[-67.09831822366368,18.410229100598887]]],[[[-155.84999006762382,20.26800308551064],[-155.23945541894207,19.99528084347869],[-155.0833427547032,19.852780921264298],[-155.0855705407265,19.72611390505668],[-155.00224229481154,19.736392604617603],[-154.98002550079772,19.637647262157284],[-154.80584643019097,19.51639138836018],[-154.9750206259042,19.34750330730477],[-155.2936088767424,19.263387336582475],[-155.50404283537068,19.13565983845549],[-155.67730638705206,18.909862200152055],[-155.90724106897997,19.079724945595906],[-155.88612289835956,19.34389271773947],[-156.06196517162414,19.727780947376367],[-155.82575911708327,19.990026108467124],[-155.90389936962094,20.18750344121972],[-155.84999006762382,20.26800308551064]]],[[[-156.57307353788423,20.60444793449114],[-156.5442802054108,20.512111284412647],[-156.70112529316168,20.52389297912613],[-156.57307353788423,20.60444793449114]]],[[[-156.98103250442065,20.92737158331976],[-156.82839884342525,20.855811678859],[-156.83489908953302,20.76086959083416],[-156.96612467038852,20.732781979267887],[-157.06251443577105,20.889726247148918],[-156.98103250442065,20.92737158331976]]],[[[-156.6020194530382,21.03144414401072],[-156.47390666530242,20.89083631471574],[-156.22807232119987,20.930837226456156],[-156.00195233449247,20.79472501544492],[-155.9872428640349,20.708339292944665],[-156.1361228663758,20.618613805337326],[-156.41252056452106,20.58278045238443],[-156.4631187041233,20.781159959644885],[-156.6233512427392,20.80805929809722],[-156.687071942417,20.882049163605057],[-156.66696085701008,21.006541802188266],[-156.6020194530382,21.03144414401072]]],[[[-157.25418007365488,21.224488803394486],[-156.7097770155947,21.156440323460384],[-156.87432779405694,21.046506477740916],[-157.2499381330108,21.083667354586133],[-157.31140053246207,21.101392345583253],[-157.25418007365488,21.224488803394486]]],[[[-157.98417577067454,21.71333651538171],[-157.84176549875374,21.541701850473693],[-157.839751339059,21.456203045250263],[-157.78140173291146,21.411391797983764],[-157.72256384276955,21.45915561988817],[-157.64918433181055,21.309484073172932],[-157.6914054006426,21.26333768325985],[-157.9499350524156,21.303474021971475],[-157.96005162836536,21.38714177185793],[-157.971678826944,21.34167058272052],[-158.02067479587606,21.372844287992805],[-157.97918615108264,21.31528050908098],[-158.10708531617752,21.29610402755613],[-158.23168857959843,21.482503478622604],[-158.2830496609478,21.575559197782063],[-158.11770542939666,21.58041149045681],[-157.98417577067454,21.71333651538171]]],[[[-160.0886220869207,22.00611453047889],[-160.0672140082005,21.893498953265855],[-160.23278712155118,21.79111439352085],[-160.22946070444434,21.885556755615124],[-160.0886220869207,22.00611453047889]]],[[[-159.40389921731241,22.235831762682807],[-159.2920370397741,22.128032239095663],[-159.3305349658155,21.959483668062926],[-159.41902067984626,21.882083465431407],[-159.604430216466,21.892261079035283],[-159.7855978090601,22.01471476168467],[-159.72233487247675,22.15314630005828],[-159.40389921731241,22.235831762682807]]],[[[-81.17030597106677,25.943975314416544],[-81.18276351368979,25.874965484239233],[-81.16892276414431,25.999319881245324],[-81.17030597106677,25.943975314416544]]],[[[-81.45320623747456,26.084372836638497],[-81.5418562683467,26.04133475218256],[-81.67028535781574,26.118429147617693],[-81.84875857866288,26.403986959474185],[-81.80296260869237,26.61905115916001],[-81.57799531078618,27.010104281311452],[-81.44504103439334,26.94400663333323],[-81.36305481083652,26.66835230326372],[-81.45320623747456,26.084372836638497]]],[[[-99.18964808836036,27.022694326181096],[-98.53109428761663,26.42279604891915],[-98.42723037478338,26.18987901916765],[-98.67275245013354,26.237999505299165],[-98.8025895225327,26.36671885893773],[-99.11054247994981,26.423424338116398],[-99.27626824158534,26.84913319172064],[-99.44525937732485,27.021815030655397],[-99.44316892498313,27.109440552142722],[-99.18964808836036,27.022694326181096]]],[[[-80.37092869086352,27.708976174263626],[-80.29221619736849,27.47717603936678],[-80.44261450797245,27.860654295595094],[-80.37092869086352,27.708976174263626]]],[[[-97.75524403462475,26.785402852435627],[-97.85052419638713,26.679978749229626],[-98.00679534255919,26.695078985952602],[-98.17047363244927,26.889642916893894],[-98.18472076511513,27.803711311178105],[-98.24004539207672,28.057240013032942],[-98.17283368941236,28.233053433544544],[-97.99917000204144,28.18093931566181],[-98.06000329096311,27.538289484732974],[-97.75524403462475,26.785402852435627]]],[[[-90.96551333376739,29.291173439534113],[-90.97669802436965,29.174745038669613],[-91.051748399272,29.192510085740196],[-91.02834141409546,29.270371889167734],[-91.05649388382771,29.18243928287581],[-91.1283628007414,29.216647585185118],[-91.13065925187756,29.28819415592131],[-90.96551333376739,29.291173439534113]]],[[[-94.76398387889003,29.30836234876838],[-95.1147530029186,29.09285096975728],[-94.86415785387307,29.296632148880732],[-94.76398387889003,29.30836234876838]]],[[[-82.06449944265036,29.13360957105104],[-81.98137693077008,28.457645389203954],[-82.02792802857711,28.333315856192232],[-82.46061504452659,28.63251010110069],[-82.65543204466012,28.645550428464215],[-82.63514294584354,28.760530097315918],[-82.69097487227862,28.810351961504665],[-82.6347538478263,28.784860242638374],[-82.63144269324499,28.892245903388847],[-82.75832719387263,28.999799407260216],[-82.60415519298594,29.289277444731404],[-82.43310674461422,29.376071573731572],[-82.1143279719259,29.27101902851861],[-82.06449944265036,29.13360957105104]]],[[[-91.22966593534156,29.376060000558624],[-91.1335965676208,29.215289552515056],[-91.3526975819476,29.318070863864868],[-91.22966593534156,29.376060000558624]]],[[[-81.08085174499384,29.393283662693854],[-80.91708673234201,29.079948173728063],[-81.08463592527063,29.37503796120295],[-80.97725978572332,29.08899472880653],[-80.89683068059465,28.979291640541824],[-80.907481321486,29.071872458025823],[-80.57209302350218,28.57664644067062],[-80.52420329651673,28.455575550754563],[-80.61145307603849,28.41009671713314],[-80.59959698774743,28.25472405923539],[-80.45613379903378,27.856961667125745],[-80.72107987721814,28.385465207795896],[-80.72836595650121,28.544303518025593],[-80.62478163887118,28.59440767418699],[-80.66032698781918,28.299422784201088],[-80.67657760405727,28.346381718700194],[-80.61451245597472,28.16594458833478],[-80.59407331658775,28.597114203192252],[-80.79003437282638,28.626140236960183],[-80.73502642551223,28.706731459868344],[-80.85705099986065,28.804088276574753],[-80.74158769585725,28.390231672767577],[-80.1874950884009,27.17361571013325],[-80.32660951121014,27.24824646272622],[-80.25456511467206,27.156188259663615],[-80.22537504484835,27.205439828982133],[-80.15426906536078,27.163638367354483],[-80.07142836368854,26.945859409145317],[-80.14721075056953,26.980537406174435],[-80.06173076847007,26.918096509790697],[-80.39727181193673,26.988473968066504],[-80.33370379191666,27.175787676400454],[-80.68568290328031,27.598164142584025],[-81.13218926229153,27.744975015532646],[-81.17175330867983,27.827445478142387],[-81.20655366272553,28.067649635828563],[-81.10899268991993,28.386853408008832],[-81.19400611177485,28.693633740246984],[-81.32825768673392,28.833246199545282],[-81.33144288076647,28.9154792887042],[-81.17415685482347,29.12690159664381],[-81.10434495231974,29.445709098924187],[-81.08085174499384,29.393283662693854]]],[[[-85.11207239998097,29.689872514741385],[-85.07194177278338,29.67332244849418],[-85.11910670120712,29.627488848572128],[-85.2216534240941,29.678619152684558],[-85.11207239998097,29.689872514741385]]],[[[-84.75458938837947,29.704387452116183],[-85.03831138840653,29.587506999743255],[-85.0986217712751,29.625865694910342],[-84.98458517754383,29.61229300260483],[-84.69994765208483,29.76384333941319],[-84.75458938837947,29.704387452116183]]],[[[-89.0665794472985,30.236270677487877],[-89.10463487509887,30.187625645769764],[-89.15914691642323,30.230153806114146],[-89.0665794472985,30.236270677487877]]],[[[-88.70428063179318,30.248154858766487],[-88.53236146565858,30.223106171987343],[-88.76932289638462,30.24752595355502],[-88.70428063179318,30.248154858766487]]],[[[-86.653813282183,30.403228647386136],[-86.5182846780493,30.389484294890476],[-87.30530271844582,30.32974037504341],[-86.653813282183,30.403228647386136]]],[[[-95.21589891331298,30.403849995808372],[-94.633654453006,29.732933576747367],[-94.4759886477177,29.604147146183863],[-94.27943055817343,29.58906477532851],[-94.78007427818663,29.36056839885383],[-94.68227304970607,29.472886463670974],[-94.46800145248703,29.555360243336057],[-94.78205029902198,29.529595761741717],[-94.70128551301275,29.651889262882285],[-94.73049084905801,29.787726844517177],[-94.8975212204752,29.657601766625213],[-94.96415637185454,29.702914655122747],[-95.0192482378798,29.556338695293736],[-94.91063614573258,29.49531306597055],[-94.97869036106442,29.45442140776304],[-94.81364362289825,29.359883658908785],[-94.88895339660841,29.38733803900655],[-94.89314956166825,29.31040320762885],[-94.94972916620958,29.326831202968645],[-95.09374927761611,29.175034825733352],[-95.2212136070925,29.22116024292729],[-95.1519310558357,29.180877034616152],[-95.1423256416555,29.076638502634488],[-95.27346733772461,29.083384791808452],[-95.18698812796944,29.080479902617572],[-95.24322440635885,29.000283503206028],[-95.12614369119287,29.067641537609866],[-95.37831049589039,28.867402306395565],[-95.68894136776025,28.728190613404117],[-95.657729507867,28.759106834600704],[-96.15627201181704,28.794536201487364],[-96.66199694176942,28.74881619454161],[-97.31066576811317,28.45816615665474],[-97.5225759410997,28.47361250224773],[-97.53590809097358,28.58755606361266],[-97.39618005590167,28.783731702841916],[-96.10639836486564,29.611952178560927],[-96.01111711850534,29.726862907751546],[-96.08629194675818,30.24698355445197],[-96.33506833428449,30.31011969754401],[-96.66077023787453,30.27680217210222],[-96.76524965821818,30.333620158511273],[-96.83012011415116,30.44621559844044],[-96.76651817785623,30.71812068652605],[-96.6865005997023,30.81125878891191],[-96.28719320310941,30.9174184645715],[-95.82638834120206,30.818826498830294],[-95.21589891331298,30.403849995808372]]],[[[-106.13339547654003,32.2393092492581],[-105.56213579146547,32.16032215473174],[-105.34493023775293,31.977157036447707],[-105.25777266850962,31.65650617915953],[-105.11765692059392,31.58796883740365],[-104.97704167429147,31.643441531335732],[-104.88721705444539,31.83597146098015],[-104.6229798042544,32.03070532915947],[-103.77030747544342,32.064159305845784],[-103.8248227595867,31.88446598349491],[-103.63223017143788,31.51499144253058],[-103.13985851891816,31.372832382312758],[-102.30445439153742,31.29000178494842],[-102.29015231394168,31.223623224211],[-102.04342143595038,31.142674552831053],[-101.63213554536392,31.16116650967429],[-101.4392417236174,31.299453833636264],[-100.52224199501502,31.131714110667662],[-99.42366741778234,31.069989361138216],[-99.02017574348996,30.843937982970115],[-98.5082514237539,30.982730104475326],[-98.45419992185904,30.886891174642205],[-98.08024520737605,30.799387427907607],[-97.80513741837194,30.559214977548333],[-98.18512234480332,30.242252546070706],[-98.1924054153586,30.132329306728426],[-97.91769031343307,30.021732331282255],[-97.907110775039,29.89866324621304],[-97.65411811565772,29.623260335585165],[-97.85368138890557,29.462548007844727],[-98.2054159484533,29.37131256813391],[-98.93088691713481,29.31952016120501],[-99.07336268645288,29.199910063968357],[-99.08815164004028,28.886790414362807],[-99.31026287963711,28.090103016451064],[-99.60242072976675,27.64122799830458],[-99.66470372549084,27.63251957018836],[-99.88122600139863,27.7978066141996],[-99.93603559116102,27.978705314969012],[-100.08591508934612,28.146578726692272],[-100.29206138429072,28.27678962202257],[-100.33631952071163,28.49909305467108],[-100.5019079462115,28.662432695977618],[-100.67977971114567,29.105769262443726],[-101.06388931588191,29.45943562296861],[-101.25914082964837,29.522887394455946],[-101.24913869526064,29.624737924197174],[-101.3076943102459,29.57776754543956],[-101.39955225161647,29.769051757652463],[-101.53814786454052,29.75939484482233],[-101.54595273916479,29.81150361934604],[-101.70905397201626,29.763262942834473],[-101.76347843840333,29.911441961474775],[-101.84247303268603,29.94457285017728],[-102.30915684241704,30.078846278831197],[-102.54815619508727,30.078178687077006],[-103.1839402467077,29.67229950296557],[-103.51555575936548,29.571799970664973],[-104.26315591924067,29.84005932536185],[-104.76001045923013,30.653986837055047],[-105.03892651088415,30.814468271237804],[-105.29669477681904,31.393897329480296],[-105.55513161592194,31.453029994168922],[-105.67205294003988,31.308254912223962],[-105.71208927728195,31.138226891787703],[-105.95479781863035,31.364119840095746],[-106.2047673614233,31.465287525179072],[-106.42550106978184,31.751880045359314],[-107.55232494381522,31.784184255533543],[-107.50668697662714,32.360483073962605],[-107.00913527834408,32.59478597311787],[-106.55803713256904,32.55679659217727],[-106.13339547654003,32.2393092492581]]],[[[-108.98008234797915,31.99251699611314],[-108.8906571338357,31.332652469269693],[-111.07282645009344,31.329182268449635],[-111.95545461722084,31.611825845417307],[-111.87701149191844,31.847876084625383],[-111.44815222825784,31.896481639111336],[-111.32738604205014,32.11181983488774],[-110.95388534409261,32.41804318720644],[-110.87711744159263,32.662169122801636],[-110.7440431466689,32.784041276686125],[-110.36859220209035,32.886778427280596],[-109.6226352262267,32.833748022644215],[-109.32684854153639,32.72717469672652],[-109.08614007619335,32.539511624410935],[-108.92823798149013,32.27294599674088],[-108.98008234797915,31.99251699611314]]],[[[-118.57176661780126,33.02961820664257],[-118.35161275723934,32.81454174709429],[-118.50013420760892,32.851460384049666],[-118.57176661780126,33.02961820664257]]],[[[-119.51138013211119,33.27504817665646],[-119.42799083310587,33.23088924162337],[-119.58275312973214,33.27957240428541],[-119.51138013211119,33.27504817665646]]],[[[-118.58958892082542,33.47707080093497],[-118.36877131203477,33.409142491327124],[-118.3075911799102,33.30979250833213],[-118.45628810522915,33.31989000440687],[-118.58958892082542,33.47707080093497]]],[[[-120.05415829565568,34.03954026310352],[-119.96987635292626,33.94354340041852],[-120.11732205124228,33.89602751906159],[-120.25171386624473,34.00524230476052],[-120.05415829565568,34.03954026310352]]],[[[-120.36200441547213,34.05674834663153],[-120.29792511772267,34.02629561881346],[-120.45319857971033,34.03239912616004],[-120.36200441547213,34.05674834663153]]],[[[-119.90469080689842,34.077431663126],[-119.5220308284423,34.03677082314403],[-119.81936363475177,33.9604272616199],[-119.90469080689842,34.077431663126]]],[[[-76.58133127338746,34.66808245571984],[-76.53435707600038,34.630789968783596],[-76.65144543140374,34.68874667331216],[-76.58133127338746,34.66808245571984]]],[[[-76.72860152315404,34.70274279830274],[-76.67682843573338,34.696738465045634],[-77.1055547602526,34.64451904943752],[-76.72860152315404,34.70274279830274]]],[[[-76.34696383901803,34.82279517477722],[-76.53862953579451,34.585009776261465],[-76.28550905001052,34.87721565977568],[-76.34696383901803,34.82279517477722]]],[[[-75.93802818156233,35.11747298723905],[-76.0191210373021,35.072532026794306],[-75.76156023463784,35.19531572292258],[-75.93802818156233,35.11747298723905]]],[[[-76.96554010594808,35.40550936385657],[-76.92540948046916,35.44897403525646],[-76.82646383096663,35.41048754974783],[-76.85795797858584,35.37226808820766],[-76.69474229144795,35.362365137514395],[-76.77529346049535,35.2987397852242],[-76.68174942838361,35.34973848743804],[-76.62253004887826,35.33670366593177],[-76.6595402500464,35.27689682737661],[-76.58834271804332,35.26849686456453],[-76.59852796540112,35.331019766305715],[-76.46830178816056,35.28085649074429],[-76.49492838040243,35.21623931826483],[-76.58792309964797,35.239867555237005],[-76.52738383243413,35.18358550196859],[-76.60854535888701,35.219569545913735],[-76.75931749527916,35.143412908262476],[-76.53616526762013,35.15113767924467],[-76.80391131211599,34.96427849807323],[-77.09494229381065,35.16443569883835],[-77.03426569781217,35.10387355335684],[-77.13112088906588,35.069079688836084],[-77.0367910283019,35.09666758821274],[-76.89626516065816,34.95675972541918],[-76.91532339129905,34.901381752375215],[-76.81219683620675,34.94042519089478],[-76.76119431366124,34.85905768177944],[-76.69925124490861,34.95729378985139],[-76.635522890357,34.90004661699611],[-76.67743880012435,34.96848992896874],[-76.62600140729131,34.989283850393704],[-76.51825143162186,34.88890007302576],[-76.58110240681698,34.988894752164505],[-76.4903812473997,34.95895700437983],[-76.47043800983782,35.07558377102585],[-76.41935919517677,35.02542430729933],[-76.44211005145982,34.91024712614704],[-76.38331029243268,34.979789074500786],[-76.31911654635236,34.96007471626455],[-76.35072514095523,35.02740032199875],[-76.28409761407991,34.941249182825146],[-76.36879917735371,34.93026666364318],[-76.31434817073179,34.90721063042751],[-76.40435216542699,34.89001015419982],[-76.5174045602961,34.72164463466476],[-76.6235981397125,34.81382299618225],[-76.61978343604531,34.709193456622586],[-76.6760654964696,34.71443866459383],[-76.68612104629652,34.8060677126448],[-76.77221115780948,34.75666736979589],[-76.69716840841782,34.71821902916976],[-77.09942072623822,34.67390366838404],[-77.16040541598585,34.847572123979994],[-77.32891682833832,34.796812047408906],[-77.37897470443288,34.70608791475412],[-77.43292455510986,34.749400347935456],[-77.42478662765784,34.50636800952122],[-77.76357496322105,34.30769262825609],[-77.89521256515907,34.069685978791384],[-77.96702808375163,34.18688876179632],[-77.95511858480612,33.98482801730069],[-78.04928384257013,33.897451235660284],[-78.14748886099466,34.153195821383726],[-77.99650894329238,34.54942576427747],[-77.85951452563778,34.72797928464362],[-77.19847371664275,35.12363847125866],[-77.03804751911046,35.49621151483586],[-76.96554010594808,35.40550936385657]]],[[[-111.06765176233543,35.51054713416604],[-110.69304113288094,35.36018002274636],[-110.51169897433157,35.186353879567385],[-110.44047775675507,34.98094769241245],[-110.52551399924701,34.30159604188804],[-110.6186014218244,34.05794039945103],[-110.7499425012953,33.967682932699276],[-111.14355334391695,34.133552061099635],[-111.27041365867524,34.629824802685775],[-111.39528885374494,34.86555728801994],[-111.63646599633437,34.984097288088556],[-111.78828992615576,34.93677229443694],[-111.88839556123672,34.802772905034196],[-111.8724594748685,34.4880504047319],[-111.95356739937893,34.31902012530988],[-112.17808664095837,34.242750092152484],[-113.37656208259875,34.50657173728711],[-113.54433751636394,34.69736481274348],[-113.56888269733992,34.86201218172149],[-113.45850710967179,35.14872387782175],[-113.04685991735823,35.5094236685309],[-112.3904974192156,35.463644413717375],[-111.52202880817971,35.58483540560831],[-111.06765176233543,35.51054713416604]]],[[[-75.47941753250649,35.690997603722174],[-75.52627726643334,35.23115100378888],[-75.7475068854431,35.19481218301991],[-75.52548381152283,35.2833818503039],[-75.47182627701187,35.589854697925034],[-75.5354096808054,35.78033401646587],[-75.47941753250649,35.690997603722174]]],[[[-75.66813067452848,35.90151552675874],[-75.6155564961251,35.8178401257768],[-75.72526722902339,35.93673281760569],[-75.66813067452848,35.90151552675874]]],[[[-75.88981049783166,37.230666958693355],[-75.91058534228762,37.159602947589086],[-75.86158936361758,37.2992285274975],[-75.88981049783166,37.230666958693355]]],[[[-75.6095141040611,37.58039848715454],[-75.66237056105763,37.48000707604982],[-75.71995725109292,37.523090274259914],[-75.6095141040611,37.58039848715454]]],[[[-75.58483300981132,37.662624305196246],[-75.61073480884932,37.59041588423408],[-75.66855800765477,37.596336293880455],[-75.58483300981132,37.662624305196246]]],[[[-112.61987021609983,37.844472570522846],[-112.63544045146048,37.70687687759545],[-112.62052174831294,37.84351778917466],[-112.61987021609983,37.844472570522846]]],[[[-76.0054416824782,38.040462503791474],[-75.99375344253994,37.98320388666244],[-76.04619029009899,38.018741611153224],[-76.0054416824782,38.040462503791474]]],[[[-76.05998425019595,38.21019367716741],[-76.03306010519022,38.150493653298575],[-76.08972363602619,38.15614321946258],[-76.05998425019595,38.21019367716741]]],[[[-75.95843420481039,38.245953494034666],[-75.96459716243754,38.241523413627036],[-75.96202279547653,38.24481587994154],[-75.95843420481039,38.245953494034666]]],[[[-75.85172460517377,38.250186979271156],[-75.85581163475942,38.250031091230376],[-75.84909277491262,38.25312767173137],[-75.85172460517377,38.250186979271156]]],[[[-76.1621723969834,38.292488154309844],[-76.12330061648122,38.23902516252893],[-76.20214280671868,38.28702169082718],[-76.1621723969834,38.292488154309844]]],[[[-75.15857799357407,38.186336597949925],[-75.38362293633884,37.86967849341045],[-75.09383423159166,38.32109446004116],[-75.15857799357407,38.186336597949925]]],[[[-75.622795143478,38.42216488387504],[-75.09597796838253,38.34516522680884],[-75.19477208362244,38.20878599470131],[-75.18341939938865,38.27158722496997],[-75.24546211646214,38.236926885147454],[-75.29349671007917,38.100883813198415],[-75.37427693652656,38.07919315522421],[-75.58929620733885,37.677284189426196],[-75.69912900085632,37.58958046247246],[-75.65010249469685,37.5599135565737],[-75.72987546820207,37.55651465856562],[-75.75601378005939,37.51059713632789],[-75.70520199575935,37.493598843473514],[-75.80945770348475,37.47503270498421],[-75.79016295514711,37.408214453853816],[-75.89708132128482,37.367431513226975],[-75.96656985478982,37.12450390841621],[-76.02756689054057,37.26599105802412],[-75.97506138424762,37.323901990833484],[-76.01912878097315,37.3351553493004],[-75.93863864809381,37.41946399350167],[-75.97704503425821,37.45323932862194],[-75.89077181543811,37.48563756290809],[-75.89566226218801,37.528423216103995],[-75.96534154091104,37.479663743025206],[-75.93718907023306,37.54851522962998],[-75.8481616378794,37.55514136256067],[-75.94053074657599,37.56149664664227],[-75.88674349977707,37.58032599865871],[-75.92846104354192,37.60695640404733],[-75.79956238492002,37.66207879572309],[-75.83879274758777,37.71588129579582],[-75.75634948490642,37.71110911118368],[-75.83075899309019,37.72516627129234],[-75.75409118466594,37.74415584050999],[-75.81517213836709,37.79273601871585],[-75.6584109232738,37.83689115415855],[-75.67392149054966,37.909049982090245],[-75.75981324103657,37.9076270965173],[-75.63733090583409,37.95008850508503],[-75.71259490830143,37.99393082690435],[-75.88450047640153,37.9324035561139],[-75.86867711315622,38.04098512226504],[-75.74710267620293,38.09007647544957],[-75.87512395684062,38.09320070897778],[-75.75071901424154,38.15948872182272],[-75.9509525346169,38.130447418341426],[-75.9509677963759,38.18529514640003],[-75.821474044398,38.21442037059512],[-75.86132238603912,38.2403412430009],[-75.622795143478,38.42216488387504]]],[[[-76.22570239743412,38.517532449318566],[-76.2499073766214,38.42169283765431],[-75.91006342738035,38.37539367245832],[-75.94862391171597,38.25300362410804],[-76.01640514000175,38.30894476740405],[-75.95511819694681,38.3503456874856],[-76.00146678608266,38.379932483529906],[-76.05579571629228,38.30397421424213],[-76.02768138386392,38.21434407000679],[-76.22197924455232,38.39374931231954],[-76.27475178207092,38.36346442280706],[-76.33732810270834,38.48917016547272],[-76.28587545112694,38.50725946522405],[-76.26979267865758,38.44908150565394],[-76.22570239743412,38.517532449318566]]],[[[-76.02259454654775,38.59421950288107],[-76.02738238488651,38.59327114528494],[-76.02592664386992,38.594627503570045],[-76.02259454654775,38.59421950288107]]],[[[-76.26883138422848,38.61179745086033],[-76.1624928516026,38.62927258665798],[-76.1141258872802,38.57605288721606],[-76.23524677489014,38.54391871491424],[-76.24273884514868,38.587509269601206],[-76.27546895538349,38.53163157149472],[-76.26883138422848,38.61179745086033]]],[[[-75.99441724141603,38.694873954502114],[-75.96163372065587,38.655487198551434],[-76.02170798961615,38.59439508572903],[-76.1062336778035,38.61368954691326],[-76.09115799134211,38.66247572050853],[-76.14645585849557,38.63634885238366],[-76.08648880310751,38.69052519568222],[-76.17698870729234,38.67430128195963],[-75.99441724141603,38.694873954502114]]],[[[-75.9314528090168,38.659463888553375],[-75.98806935107802,38.70570642146173],[-75.87776659533597,38.67569687613255],[-75.9314528090168,38.659463888553375]]],[[[-76.26160635802172,38.82974259435214],[-76.20683744724305,38.77772707308612],[-76.25027670144802,38.80152908838839],[-76.2970076837195,38.71638594297586],[-76.28853049804968,38.80916229802528],[-76.34619047079744,38.69153597186822],[-76.26160635802172,38.82974259435214]]],[[[-75.13599913769545,38.78522268682196],[-75.08278362349442,38.80001240025626],[-75.06919586842686,38.700412998273805],[-75.34638160633875,38.69279336413414],[-75.43003328994645,38.77016327133666],[-75.44172219028559,38.94427243915618],[-75.32490877668748,39.00919096947053],[-75.30094003187978,38.91522387960918],[-75.13599913769545,38.78522268682196]]],[[[-76.25902763064836,38.981559947181985],[-76.28982750157716,38.90888994855277],[-76.33874719796951,38.9569513275206],[-76.37247675470515,38.84167878078977],[-76.32103174239757,39.02749272376141],[-76.25902763064836,38.981559947181985]]],[[[-75.61553700800165,38.82631376940607],[-75.70538339482532,38.82466015615775],[-75.77499522334847,38.94570854009354],[-75.48715306297079,39.207888297387086],[-75.40612254629184,39.12983084596324],[-75.54631881536196,39.036328438896106],[-75.5949614094932,38.9050196099557],[-75.5436267074423,38.86352142244336],[-75.61553700800165,38.82631376940607]]],[[[-74.07135156257515,40.6375013667583],[-74.12725977745959,40.534248932839255],[-74.25056608946943,40.5042310700823],[-74.18768460677855,40.63603651837449],[-74.07135156257515,40.6375013667583]]],[[[-124.16668498379188,40.807982574091156],[-123.97026107917209,40.73049505717824],[-123.94160613256673,40.487059401572246],[-124.07334580735693,40.38815002198587],[-124.36386148442486,40.36276310839987],[-124.38661053685483,40.50962946672069],[-124.16668498379188,40.807982574091156]]],[[[-101.81612576521785,40.00394077488944],[-101.71987963593955,39.95791074439433],[-101.58177577000481,39.998661450505175],[-101.59577092694715,40.276004103437245],[-101.46375757090593,40.371991951150854],[-101.29126957266358,40.406203540813735],[-101.04211241734465,40.246271142576745],[-100.69899253780115,39.56137806268636],[-100.54742717524486,39.438281148769654],[-100.75499561782452,39.439054605707646],[-100.82657405131094,39.34322224984748],[-100.83513801845535,39.13880035786206],[-100.66231800452219,38.67551159231749],[-100.17297588600056,38.50827756622552],[-99.98185929306014,38.313313057553245],[-99.8549199569643,38.28731911336188],[-100.38782521379032,38.17665184845916],[-100.74079226081166,38.185379187483846],[-101.06521592412572,38.4094822271136],[-101.15686207661771,38.56633599700101],[-101.64472515651129,38.621812227369944],[-101.75747031685484,38.68754753742146],[-101.84009699525053,38.85513047040552],[-101.61923329428667,38.98950434780172],[-101.55760217400426,39.19328200799915],[-101.62527592489623,39.26709652403414],[-102.05702924981088,39.384064812965626],[-102.11990299743397,39.573614017167515],[-102.32228573578429,39.476073421796755],[-102.3795379478053,39.370952141257774],[-102.28322728562493,39.03517899516244],[-102.59041016688587,38.92931655758064],[-102.89193612775895,39.02930282776174],[-103.12217621016508,38.92078535602722],[-103.46319860574776,39.139651039809586],[-104.06328250230254,39.25693359465916],[-104.26956762371478,39.33396960705463],[-104.3544240257926,39.44132800907248],[-104.25505964555151,39.67972027897868],[-103.99763158551609,39.974947223116565],[-103.58964185730112,40.22967397362909],[-103.37232246080731,40.53282986703913],[-103.48255194425501,40.75579122965433],[-103.48014856063035,40.87363869152174],[-103.4031079467076,40.89612476255548],[-103.18615499412888,40.86767846325796],[-102.58604135371765,40.42594003582576],[-102.05691765444782,40.328822301685335],[-101.98597732394062,40.08485235051129],[-101.81612576521785,40.00394077488944]]],[[[-72.28325744681246,41.0827110172554],[-72.27364440356561,41.02617719358221],[-72.37844180337774,41.06782606256707],[-72.28325744681246,41.0827110172554]]],[[[-72.26891418427107,41.15634994815014],[-72.4372034142548,40.99207760312914],[-72.61947733397426,40.92779230558291],[-72.48688604150666,40.89794611249225],[-72.32876679708627,41.033459450110904],[-72.19233029106547,41.031811505549534],[-72.26152135570328,40.91387688355049],[-72.43355655462088,40.85128472826942],[-73.72456494972782,40.600010526228516],[-73.58452736798391,40.583908690546025],[-73.93531177882198,40.54291211932527],[-73.75943892623371,40.63496841749669],[-73.91088245583897,40.63468612514068],[-73.87696215395776,40.581642750460794],[-73.94312428369436,40.5729452357913],[-74.03740074377785,40.60944426343593],[-73.91525410953135,40.79215685833055],[-73.75364822139113,40.77234713730068],[-73.71357100496002,40.869332021388246],[-73.64582958603157,40.81028812774804],[-73.63008251635057,40.90080328268892],[-73.47335181171333,40.87435598670953],[-73.48592506291017,40.945339886904605],[-73.35865145862128,40.888359747037605],[-73.39373905925686,40.95565101858647],[-73.1959469375597,40.88098212715646],[-73.15599179177596,40.96783517278045],[-72.6245814033827,40.98191905564685],[-72.26891418427107,41.15634994815014]]],[[[-71.56297371098911,41.1824806526896],[-71.61663888774656,41.15022737962949],[-71.58378670848062,41.23011478630126],[-71.56297371098911,41.1824806526896]]],[[[-71.3658529969737,41.492840674531244],[-71.40024631728136,41.44884576135598],[-71.37122409706143,41.573185844091455],[-71.3658529969737,41.492840674531244]]],[[[-71.22898924626536,41.531662860305275],[-71.24576628789538,41.47178354542443],[-71.36469332649393,41.45789041163536],[-71.22483886064859,41.65194410392112],[-71.22898924626536,41.531662860305275]]],[[[-71.19473047282234,41.63533793392512],[-71.20959859215115,41.54242959530166],[-71.20573485116329,41.66461271654726],[-71.11402239781626,41.76954544799902],[-71.19473047282234,41.63533793392512]]],[[[-70.10877253988643,42.065281925616695],[-69.9365007399581,41.80762578368525],[-70.0042626637278,41.80716445786962],[-70.00388358156351,41.911507638040256],[-70.0724031939538,41.878678344726545],[-70.09955622666362,42.03111749069591],[-70.24484283523405,42.06076913360914],[-70.10877253988643,42.065281925616695]]],[[[-97.2419092731014,41.94715672439079],[-97.32364292967135,41.89316773756387],[-97.79865197715822,41.96437043690161],[-97.97397416593135,42.08381907601806],[-97.95730462146206,42.184700246447676],[-97.49968199210963,42.19455159093938],[-97.2758341829503,42.080841153689846],[-97.2419092731014,41.94715672439079]]],[[[-120.22910361379908,39.75159878309042],[-120.1751505537268,39.12342844505733],[-119.98219227971165,38.89689665517923],[-119.75645692158913,38.954839966505205],[-119.55573163376509,39.154333040143705],[-119.06097413807878,39.20893701022616],[-118.71413217321287,38.986608574525405],[-118.11211069164654,38.78439164616335],[-116.94611981624048,38.017326456034006],[-116.86290681291672,37.39653288621737],[-116.72360961301841,37.09952641814611],[-115.94557223323075,36.262322736595436],[-115.7004961231094,35.80338329865054],[-115.45407004119531,35.52552893378966],[-115.34647310755605,35.1435778766767],[-115.9732527178507,33.97829345762047],[-115.92462509311945,33.52068998852357],[-115.51930296301603,33.17569908766846],[-115.1634728197268,32.68730789864534],[-117.12544675708408,32.53043075344241],[-117.22669648131206,32.69925401097937],[-117.1131100293561,32.597153631257406],[-117.11912962647544,32.66880891397255],[-117.20790528067117,32.727120378443026],[-117.24618958547742,32.66547867619208],[-117.2092938357487,32.792286859403845],[-117.25392579936276,32.7581033511551],[-117.2800030791339,32.820103631678286],[-117.28171970653462,33.01230336119821],[-117.47509439563366,33.303570780958566],[-117.90440815187675,33.61016182691091],[-117.87875812578658,33.65073495310775],[-117.92547291290776,33.60453896168184],[-118.13038323910621,33.77179436986386],[-118.27791286582979,33.770722431807854],[-118.2888763023063,33.7048960081672],[-118.40980222829072,33.741116556328215],[-118.39021757759564,33.836876913777786],[-118.52271730975896,34.0299196816745],[-118.80675971371018,33.99969581618641],[-119.12817853634576,34.0998125383814],[-119.28191850485477,34.27016929920088],[-119.56279472228549,34.41302589488869],[-120.45547217438698,34.44456194823767],[-120.63777659576478,34.563775053953],[-120.6400654651783,35.135979699967415],[-120.87157185704946,35.222043079771055],[-120.86180624427506,35.36923700259789],[-120.86591848361245,35.31517129274113],[-120.8296788561715,35.338280733686915],[-120.88842521258628,35.43792444694254],[-121.28381866649622,35.66500955655845],[-121.50497146238638,36.000016010177205],[-121.9049355091519,36.30797277292414],[-121.97963490507465,36.582734203813914],[-121.93846669145746,36.63891325799743],[-121.85188830738673,36.62204085671574],[-121.77228321363015,36.81543077186398],[-121.90427940492843,36.96888841735157],[-122.10847255005187,36.95875275229562],[-122.3397958439753,37.11818039210467],[-122.40997866404265,37.2004214531853],[-122.45158941894438,37.47743334471466],[-122.52177986552981,37.534211298504886],[-122.51729380897697,37.78102223239982],[-122.41937051911619,37.809247186939245],[-122.36028084063318,37.72811620312824],[-122.37708075567488,37.606190837538065],[-122.09739472206269,37.45285908771993],[-121.99165892790829,37.46281545662148],[-122.11133363333657,37.50289647549655],[-122.1654489562215,37.66859167561086],[-122.25643713694,37.73776358019668],[-122.21935064627063,37.75854224142037],[-122.33478340891293,37.80715673873518],[-122.31536660723155,37.89421576872159],[-122.43184459850565,37.96221655874722],[-122.3694742949174,38.01040382336006],[-122.02866919538481,38.05780909499554],[-121.70147492544207,38.00654339919069],[-121.60951020030463,38.100190416681876],[-121.60656524403574,38.017731914181674],[-121.57530761646223,38.06994749702784],[-121.521650070093,38.01100660823653],[-121.41030667171724,38.04271056770792],[-121.60562683925428,38.10751082194034],[-121.7865732095848,38.037625548291],[-121.66731814158287,38.17852141257194],[-121.79962710865948,38.06277203382139],[-121.93315678973603,38.051579701256316],[-122.06054481922003,38.13376735148876],[-122.00266060056654,38.18710064277008],[-122.1643732545495,38.043141573230045],[-122.27443492447125,38.109170165486944],[-122.28902234563192,38.24713251718741],[-122.32649792985325,38.18506356991151],[-122.25425516879052,38.07017632798049],[-122.40781965509123,38.15278359309261],[-122.4986247167158,38.1106960278284],[-122.45205487119021,37.985764685346794],[-122.51110638838652,37.94396704016544],[-122.44150340461799,37.88218038764409],[-122.50603283426186,37.89104192613846],[-122.48061168045393,37.824998068465234],[-122.72710220427125,37.9026385901219],[-122.93212696921447,38.03175845875164],[-122.93368337292794,38.090218698636065],[-122.9669475253185,37.98905291719444],[-123.02446553981942,37.99421419796245],[-122.95059012107622,38.15142551997597],[-122.9958400768968,38.24084965692724],[-122.82949634555432,38.089463396877065],[-123.06625177655081,38.3023196880227],[-123.131635715302,38.449628045001056],[-123.72853680116259,38.91782871744573],[-123.6946241559816,39.05871313053671],[-123.82755115410095,39.34861487485711],[-123.76879720522734,39.55391427121443],[-123.84379957305505,39.80198670537661],[-123.55867832156382,39.961545252098475],[-123.50321677443895,40.099184373812136],[-123.50492505321772,40.94773758773735],[-123.38188107395214,41.26011409962148],[-123.06470837177187,41.51178356994408],[-123.06286325165348,41.677161490509306],[-121.94013161320541,42.01711244670277],[-121.43823254650106,42.272553407993485],[-121.16978445178263,42.30660979355343],[-120.43828249783782,41.668213159903274],[-120.24873783761232,41.423660991569044],[-120.79297586316582,41.260132111971885],[-120.78713975899412,41.095704475668725],[-120.54440685198867,40.98644988946086],[-120.30397163640187,40.74125928575119],[-120.22910361379908,39.75159878309042]]],[[[-78.94861159336129,43.065033825780596],[-78.89089520245575,43.026951698499026],[-78.93831189912483,42.95927895418574],[-79.01987778533821,43.010804076352926],[-78.94861159336129,43.065033825780596]]],[[[-100.63998073186463,42.995108501820006],[-99.72102140301747,42.95754369304515],[-99.59546194702635,42.86937627726328],[-99.69561709490964,42.76505887853409],[-99.89218987258529,42.73431705473217],[-100.65717886975216,42.741410992489875],[-100.90962757120856,42.823656185733874],[-101.07483060344615,42.961011394318454],[-101.12930149008248,43.07905471596857],[-100.93085556610218,43.18240635363147],[-101.46188016790082,43.46165021267394],[-101.3776667661732,43.504555072916126],[-100.73904477575216,43.27384568687958],[-100.66434832482926,43.20756417662165],[-100.69762326275452,43.09818136970203],[-100.63998073186463,42.995108501820006]]],[[[-95.18699828099608,43.483326003773016],[-95.07254313935552,43.471375297056156],[-94.98613739995409,43.3802107443825],[-95.12949088433352,43.29478041109263],[-95.6669678690774,43.21158944852991],[-95.83869672802294,43.300286302690765],[-95.90985947443536,43.49041851572607],[-95.66249635667167,43.5417779477495],[-95.18699828099608,43.483326003773016]]],[[[-83.40780343416034,43.82747346888751],[-83.46172038117876,43.81323319855237],[-83.44756785536447,43.860295127677446],[-83.40780343416034,43.82747346888751]]],[[[-75.95186848120203,44.32442214905294],[-76.05532310411563,44.32174804217585],[-75.91572803033785,44.366025246982595],[-75.95186848120203,44.32442214905294]]],[[[-99.76851222817511,44.577071995545445],[-98.43020135280067,44.53517245418548],[-98.14716144224835,44.312534339482674],[-98.16232219770713,44.107287196870374],[-98.98431191700045,43.95250464618707],[-99.19124689579981,43.68154991618958],[-99.52016156653825,43.57254418139391],[-100.21575280790714,43.65328446289069],[-100.70717440217625,43.548781654152144],[-101.01425182707968,43.647918404636755],[-100.96132091858479,43.76206052710391],[-101.11764419310224,44.04107091018991],[-101.05203127865175,44.119357107162266],[-101.11075355460854,44.23118490380419],[-101.00591656345833,44.381663198690916],[-100.6434591491203,44.55157694236354],[-99.76851222817511,44.577071995545445]]],[[[-87.4761488747846,44.530499172351746],[-87.53136662853474,44.26798553144552],[-88.26282108730734,44.252945855716774],[-88.24496052846486,44.393630578993495],[-87.73360224374055,44.62678683922047],[-87.39601978197794,44.639460659263634],[-87.4761488747846,44.530499172351746]]],[[[-67.10989319997938,44.719827337423666],[-67.28067725046158,44.624036452333364],[-67.30109352132479,44.70550314109085],[-67.40424297019462,44.7172676665801],[-67.40576884317701,44.59821475831672],[-67.42914531998254,44.668744708148985],[-67.46091412547881,44.59886325549578],[-67.5557933125221,44.66104664461904],[-67.56674912023107,44.538007376036106],[-67.6635051356218,44.570932031058554],[-67.72257955368211,44.498086557047074],[-67.7403789434952,44.60817111143342],[-67.80535851434566,44.524842846588015],[-67.79160271538068,44.61320269634843],[-67.87878383246243,44.53961716982697],[-67.9003292419222,44.39661558736206],[-67.9071041520722,44.49197159134069],[-67.93783535891949,44.411050403076636],[-67.96839109929886,44.50476990109141],[-68.02500885556184,44.48649749681964],[-67.96229520550811,44.400758347283976],[-68.04314997346029,44.360253687855476],[-67.97403962864047,44.743713732863164],[-67.88871821038553,44.90961419793059],[-67.73060269568685,45.019650393921054],[-67.57567029491564,45.029504110225595],[-67.10989319997938,44.719827337423666]]],[[[-88.279100042098,44.86336592027453],[-88.41808287031536,44.78867852457032],[-88.72178144360807,44.80747732805165],[-88.90190521348106,44.876733647139744],[-88.9594541947868,44.98867742513371],[-88.69934899636519,45.09006431701444],[-88.45405152034597,45.066591205271024],[-88.28234453519799,44.93040363309647],[-88.279100042098,44.86336592027453]]],[[[-85.96541391896356,45.065403827310206],[-86.06077375480982,45.098622211752456],[-86.05653944572805,45.15294732403076],[-85.97777354956708,45.13713922008886],[-85.96541391896356,45.065403827310206]]],[[[-87.01495955664926,45.293862205622744],[-86.979383672661,45.24019703813155],[-87.05567001125489,45.24388584634728],[-87.08386421565247,45.06122019757877],[-87.26606879756137,45.08899459565819],[-87.2414458160046,45.16991884319929],[-87.17867876547575,45.151490042294675],[-87.01495955664926,45.293862205622744]]],[[[-86.92928907177969,45.398289564636926],[-86.84374827396998,45.39434898729384],[-86.87273997340411,45.33367240151499],[-86.9632475098868,45.34134375257334],[-86.92928907177969,45.398289564636926]]],[[[-85.54039555868853,45.751744293522876],[-85.48968294000706,45.61007023272828],[-85.61964208328963,45.57988833527312],[-85.54039555868853,45.751744293522876]]],[[[-84.5455908715512,45.80877408504346],[-84.35545103742069,45.770669078390796],[-84.4806952120524,45.73050411705973],[-84.5906195730513,45.81033047867593],[-84.5455908715512,45.80877408504346]]],[[[-83.69907879776311,46.10297126216174],[-83.58220406459995,46.089986037587934],[-83.4745685204648,45.99008673506284],[-83.51280705150884,45.92637364992929],[-83.88350419493405,45.968808327666274],[-83.84519699912325,46.02621571825562],[-83.80102278617642,45.984135788436625],[-83.67034648219041,46.03826254399855],[-83.69907879776311,46.10297126216174]]],[[[-84.1545614516394,46.32231254903937],[-84.10785427511581,46.24864692099394],[-84.14792386353268,46.212693391549294],[-84.21012634906866,46.31454963547734],[-84.1545614516394,46.32231254903937]]],[[[-84.18430086497041,46.52588389843781],[-84.11984009035172,46.5188190817734],[-84.19075532202656,46.41688272133529],[-84.11507169256092,46.32208748376323],[-84.28565739823306,46.47667429016977],[-84.18430086497041,46.52588389843781]]],[[[-86.65140369621838,46.560444912568514],[-86.60832810970811,46.472481797245614],[-86.68279864996536,46.4517756129874],[-86.71277456284248,46.54569347224529],[-86.65140369621838,46.560444912568514]]],[[[-88.61566829539211,47.119214094812655],[-88.51394554406804,47.10420326523054],[-88.43931476795686,46.99046423957402],[-88.48802843439435,46.75477694627187],[-88.39118088605775,46.865815177060476],[-88.14353067781603,46.96722512052108],[-88.29301343009332,46.81894780625691],[-88.09054450967362,46.91964439805204],[-87.81369658183074,46.890442904026074],[-87.59218465660155,46.78225427339747],[-87.35462045902842,46.501469639491646],[-87.00449981042513,46.533005768340686],[-86.87061914127679,46.43764596003752],[-86.7541106264378,46.479615273187726],[-86.65040422586196,46.412407932737885],[-86.15683568580214,46.672463544723996],[-85.52034561799866,46.67585103577017],[-84.95232176869328,46.77246592175146],[-85.02262665399572,46.71085091799648],[-85.03810667256867,46.49091069841037],[-84.82681052045447,46.44448583763883],[-84.63113175210536,46.485043716719765],[-84.57648237301292,46.41323203331098],[-84.31150579675355,46.493138524712215],[-84.17717497449313,46.240681827824204],[-84.27131409892911,46.19781987759416],[-84.02663170171957,46.13450735141942],[-84.06879937381954,46.09450642623576],[-83.89449052877085,45.98916737010601],[-84.52715063807194,45.96822845692499],[-84.65901714506126,46.052941444837195],[-84.73789746698277,45.94595060930493],[-84.70258860627976,45.848008243448305],[-84.75644451818737,45.83773144428274],[-85.00610129353447,46.0091219903481],[-85.51048836405134,46.09657009381802],[-85.65708720929022,45.966179897056726],[-86.26918609137981,45.9447832202501],[-86.35718353638393,45.79209611895102],[-86.57968725680006,45.71348281165657],[-86.6114407934241,45.59914487043955],[-86.72170084618199,45.67673963357444],[-86.63133065360158,45.780671081991265],[-86.55822577052037,45.77248855964581],[-86.53675666180395,45.8832025364581],[-86.78048537179062,45.86049362500694],[-86.84054396752508,45.7222184538522],[-86.9660170212228,45.66787807469824],[-87.00766591920961,45.83055204804695],[-86.94622639704609,45.92227646151512],[-87.05715781391886,45.812516153338464],[-87.06149129900481,45.706841393057964],[-87.1699355404644,45.664734751245206],[-87.31131672821311,45.47362555940768],[-87.38813053513282,45.76632921366824],[-87.26804536630465,46.2562585639206],[-87.29899173908997,46.4306133251854],[-87.49527493247457,46.47552751391347],[-88.62754520338477,46.20894820385848],[-89.07620496051702,46.22479794917591],[-89.25344347757294,46.357960989880226],[-89.03920262303264,46.650718162209074],[-89.01808270342384,46.805781449819094],[-89.14665523880613,46.98366256906984],[-88.95668706110465,47.00975894690375],[-88.655150440489,47.225651790473435],[-88.61566829539211,47.119214094812655]]],[[[-122.67712362508745,47.23046667696281],[-122.64601094062098,47.19741232649635],[-122.7276912538928,47.20622045433082],[-122.67712362508745,47.23046667696281]]],[[[-122.86394465165063,47.284379776182114],[-122.87821159206152,47.162355231954706],[-122.92506372967617,47.23919849272452],[-122.86394465165063,47.284379776182114]]],[[[-69.20637540776778,47.45502672359879],[-69.04500602711673,47.428964712631405],[-69.04486105542034,47.24880416012417],[-68.89749161536798,47.176649154197655],[-68.58214574858032,47.28632172846499],[-68.38047026242054,47.2874051084796],[-68.3329925282969,47.35933505411028],[-67.95452864122646,47.19616517700522],[-67.79085517514163,47.06668670532452],[-67.7814661842843,46.392526603347775],[-68.06664415864887,46.40677716879777],[-68.39001723038545,46.33111630460911],[-68.60988008891955,46.13079992186302],[-68.89320587708681,46.20292056377391],[-68.9420676917628,46.49414600628657],[-68.78827784144205,46.60402544488184],[-68.2578916727309,46.734613933206646],[-68.12355229659511,46.83165989146389],[-68.0953729341484,46.90099165218833],[-68.15285269939406,46.97894657931801],[-68.34704731486413,47.033443587875524],[-68.86197199986047,46.974319076801756],[-69.57399279028758,46.65800390749664],[-69.67516397923691,46.560478874138624],[-69.76407074803835,45.74142090049557],[-70.13504061909589,45.576915453055506],[-70.19822470296889,45.42279221115861],[-70.13768832428315,45.17809297579832],[-69.78621307873246,44.88536403554042],[-69.76786349348383,44.734581832893156],[-70.7094136133841,43.56258799668544],[-70.94059415849952,43.55408789402686],[-71.4771164531098,43.38844868467569],[-71.828660824849,43.08432645544626],[-71.83013172996705,43.025738317118375],[-71.6879812718533,42.953689401875316],[-71.45452395163429,43.035177496956194],[-71.37212240669334,42.82729263608635],[-71.0645661689153,42.78323926318796],[-70.81583240782784,42.877916559755135],[-70.81216484286688,42.82250708477102],[-70.89214381178071,42.82336157504143],[-70.81037193483246,42.81477087736415],[-70.77030996328047,42.70317951849827],[-70.81230979656237,42.74567906703952],[-70.82460838250759,42.699830212037604],[-70.67575121288272,42.62852588201123],[-70.62885331152445,42.69140355056196],[-70.59218642648312,42.63387790549084],[-70.92007501869278,42.547577982711495],[-70.83346610062809,42.49172317767139],[-70.9889074305917,42.411995984835535],[-70.95464380524231,42.3446169751127],[-71.04822599011429,42.36451062221538],[-71.04438076928079,42.28862483504069],[-70.94901330606423,42.271901201861425],[-70.96050317522015,42.22879129934755],[-70.86299185304152,42.25606257897112],[-70.88979392816273,42.30934627998275],[-70.76634265131064,42.25236995445289],[-70.61364389230445,42.021239088511216],[-70.65706678715894,42.0631990840107],[-70.92630242202051,41.99837157320497],[-71.17170774410835,41.71361632848678],[-71.25657715686923,41.71284194132408],[-71.26480164209352,41.64657682220853],[-71.37501592354647,41.85829637229536],[-71.34882419604207,41.71616072627807],[-71.37596958764901,41.66715711453643],[-71.44725104528587,41.68990415691791],[-71.40188664558802,41.59318630474763],[-71.48420019591181,41.359928963313166],[-71.50991889673911,41.418473132041],[-71.71296766431303,41.32979665593517],[-72.00976646497689,41.30712208185975],[-72.09364406118294,41.39455114241589],[-72.09658137321989,41.308785287124145],[-72.32167147219845,41.27843935732414],[-72.38876439480408,41.36836704565361],[-72.34369754013217,41.26984484095374],[-72.54535776068407,41.2490585456909],[-72.89111440329243,41.24347000084356],[-72.88840597083465,41.30609971278384],[-73.10110592091652,41.152813696144136],[-73.17881133031919,41.175106788263385],[-73.6460203321415,41.00569984788889],[-73.80724474054932,40.866532029857105],[-73.79532761982158,40.80603091990102],[-73.91493367610234,40.80666797019054],[-74.09553675195133,40.648651727839095],[-74.12069087700033,40.70315994727055],[-74.26688536806938,40.4903455686617],[-74.35396730511405,40.473694408585295],[-73.99547719539002,40.40702112947475],[-74.06462241781492,40.35512597494092],[-73.98308705231857,40.367065982350404],[-74.01600026888019,40.31776482430819],[-73.98667287511188,40.455505941408276],[-73.97899768987334,40.26592307918606],[-74.05962515253395,40.18597463565336],[-74.02618631677572,40.10857112349848],[-74.38623662503774,40.096360337954806],[-74.5174885562093,40.01183630526269],[-74.58340839992724,39.928263382547186],[-74.51244794999266,39.80641336414228],[-74.66387324631029,39.72222805544608],[-74.6198781711896,39.66359344646425],[-74.85763899689401,39.55768199432983],[-74.71462638181954,39.47268769133013],[-74.71308449336271,39.38243383360936],[-75.39424446540859,39.360784953085826],[-75.53333468216465,39.45481904102242],[-75.43781188043978,39.28920075599092],[-75.90999775125529,39.20453968322705],[-75.89928289916425,38.94073781602807],[-75.83938520085529,38.88302903862774],[-75.93292205522238,38.80247309391071],[-76.18080951369205,38.7838864291344],[-76.19207203612687,38.8530504026446],[-76.07477769052083,38.89799136444363],[-76.09507951843156,38.948993876036425],[-76.15493213568158,38.912487213552836],[-76.15793049220332,38.97461720085529],[-76.20498860487122,38.857719592000954],[-76.18183339002393,38.92909259340314],[-76.23901572200103,38.9745637914262],[-76.14310657575145,39.00754567462187],[-76.14104664322893,39.08639548336848],[-76.07676134402922,39.068905094795355],[-76.13487446179954,39.09947226778682],[-76.00486954233799,39.16416192288969],[-76.05632982683484,39.20239663836015],[-75.92949110542737,39.24664714047539],[-76.03193864643782,39.23429514508682],[-76.16151631616997,39.10157798094636],[-76.11741840635754,39.175438165638944],[-76.19288840099131,39.17036079964913],[-76.19093526522799,39.01530858375081],[-76.27574364993752,39.149444807432644],[-76.15470327519573,39.277389783474526],[-76.1800405051241,39.32208278516298],[-76.08016406937122,39.32008007267344],[-76.11299336799613,39.37575558930885],[-75.83399395202166,39.368717481491394],[-76.04125415028403,39.39171628820749],[-75.94412415517611,39.4784928289389],[-75.8314991432823,39.45119888213081],[-75.9283846572473,39.48962799480218],[-75.8413715915489,39.59277758463014],[-76.00417528469211,39.45746642438159],[-75.95072374512692,39.58783744544463],[-76.05568144173877,39.563701571536804],[-76.13189917539691,39.50924655575996],[-76.10239613908534,39.43140058977135],[-76.22905175652872,39.4100840523202],[-76.185449751187,39.38424710413964],[-76.22477166149477,39.348842890180244],[-76.2220407853487,39.470305924158964],[-76.27423304687538,39.4499743473842],[-76.28622645050505,39.30321146975468],[-76.31035823817851,39.390484131200076],[-76.40740416670909,39.38955715579119],[-76.31814784748363,39.31439997797472],[-76.43822692608025,39.31729151463773],[-76.38096067075631,39.29050089254729],[-76.40421507039498,39.24628091247427],[-76.49371552943647,39.30460764208573],[-76.39717313652444,39.24078011846698],[-76.4411337193639,39.199913256715575],[-76.60689763107182,39.287338499651845],[-76.59717777233212,39.1608011514242],[-76.53293825364675,39.216976397189235],[-76.54867006588185,39.14956305322051],[-76.46945403919068,39.170688853617825],[-76.41614743692726,39.084114283878804],[-76.52700257400082,39.08367177502474],[-76.38879604519644,39.01179905389263],[-76.47793791754465,38.98944873539526],[-76.60941531940985,39.08247395635404],[-76.44359036923191,38.94927615145838],[-76.46135923248195,38.906818561702785],[-76.59778811254455,38.96862047950357],[-76.49082396355408,38.91386049264654],[-76.56305145610827,38.769840380485405],[-76.50856228861929,38.52239617897417],[-76.38276878255962,38.362678590942494],[-76.4579717458242,38.31620412195429],[-76.48388118433802,38.436077192629625],[-76.50098628987507,38.38772207907661],[-76.63810181459982,38.46172721657288],[-76.69258335188603,38.69188702101611],[-76.70651462154504,38.54647836069958],[-76.4688054878358,38.29635243275144],[-76.36907401174946,38.2990990186721],[-76.31580554845829,38.038421629603775],[-76.47102563890508,38.221580536080054],[-76.46292321427767,38.13131333639015],[-76.68000245000258,38.236755397977895],[-76.64361022982227,38.29270557501137],[-76.71460939330724,38.23335268567276],[-76.72016359996469,38.31769184459506],[-76.7714636591836,38.23143770530299],[-76.85446387791326,38.387813619280685],[-76.90202553732438,38.38669591114406],[-76.82728795984902,38.277534514358415],[-76.92447884713935,38.29434588507378],[-77.0181297063112,38.49779135794098],[-77.08684004924915,38.408756303420894],[-77.14121476432616,38.4605904181244],[-77.14274826828695,38.386722605134906],[-77.25252766032855,38.388351477257025],[-77.2638725811595,38.51255423016335],[-77.1252617034576,38.591976248977325],[-77.20366138463046,38.568622664078184],[-77.10178605500413,38.68662653747845],[-77.00149000327511,38.69713984887669],[-77.02350845259583,38.8463441325102],[-76.97716749760036,38.88241210413208],[-77.07638780499995,38.90134063221121],[-77.04434432755659,38.715446583253744],[-77.16703265776691,38.69742213007831],[-77.132502003691,38.634655090312094],[-77.23600240320283,38.66062555067392],[-77.25674672780045,38.56081016089089],[-77.30861899684199,38.55857474551687],[-77.31341024833185,38.39817813685101],[-77.3732399815966,38.44138340448184],[-77.2864784747701,38.35643771191387],[-77.32688376033386,38.33993151194039],[-77.0378745799598,38.399776505285566],[-77.01550518382483,38.33177188424226],[-77.06915510190812,38.306545283995035],[-76.96116098580549,38.257213613251096],[-76.99922404339328,38.20676041547406],[-76.76919009535612,38.16921616482746],[-76.70450806256318,38.068000784644674],[-76.70212006754676,38.16180802457476],[-76.61304685767752,38.14841080816495],[-76.51937311710977,38.04731368321985],[-76.5731527330764,38.00326536304277],[-76.46425072159836,38.00832365598727],[-76.48571221117462,37.94083401728771],[-76.44167533495757,37.98916624390463],[-76.23636825945053,37.88862606910024],[-76.27691086964649,37.8153266444634],[-76.44264426233208,37.88126750869108],[-76.28466996554317,37.78423685444633],[-76.3035298316699,37.738929684966344],[-76.3415242303422,37.776653232670746],[-76.29875382736061,37.70116035955812],[-76.36239825412336,37.682861251265734],[-76.31371507039026,37.624000462044066],[-76.45965017584248,37.65222159278588],[-76.41735280310988,37.73233788254757],[-76.515443960654,37.75428383782016],[-76.51059928789549,37.643508820623396],[-76.5719396466655,37.78376382197602],[-76.7306921398519,37.838252963047104],[-76.71998047082411,37.90602488926203],[-76.84074619628915,37.93909068774373],[-76.92174751084723,38.076850875586274],[-77.20313493362784,38.1871719331826],[-76.93597633572415,38.07125471358112],[-76.93007880658462,37.98906322919692],[-76.62581844535205,37.74650184946506],[-76.59963435029184,37.65699758962754],[-76.29429825156556,37.56225957380252],[-76.52463737224546,37.55081928660461],[-76.24292951622648,37.44886386137703],[-76.27778059250217,37.30057128684075],[-76.33278855128336,37.42267214126842],[-76.35688218349377,37.37385926337111],[-76.44792378119854,37.45691286681485],[-76.40326891653919,37.37323746607853],[-76.48954213998597,37.41759095769237],[-76.48703969441326,37.36491760722421],[-76.4039937074778,37.341964571760734],[-76.47909748939917,37.31800445048318],[-76.37972459358335,37.285098868851506],[-76.50268758145516,37.24965268948708],[-76.78763794168974,37.54161822529039],[-77.02718574786661,37.584354279696505],[-76.94539097996608,37.53006731391772],[-76.86351229555952,37.57956302487248],[-76.87758090036615,37.526809564458915],[-76.81637025068056,37.549960969360974],[-76.62573449723332,37.29889662258234],[-76.39611253445135,37.21158582113135],[-76.44683276100804,37.14484004706024],[-76.33780868075385,37.16834622071668],[-76.28392987737035,37.1179388021301],[-76.37919052632543,37.104560652533905],[-76.3568135020147,37.0463712493556],[-76.27095227166329,37.09763316497336],[-76.30449109497377,37.00190712981269],[-76.42535599828237,36.96512580751634],[-76.62712303744513,37.12794092826141],[-76.63483636217683,37.21293621574857],[-76.86731934556498,37.24316006106794],[-76.8759481988598,37.32648069527334],[-76.91733004257387,37.23516445232538],[-77.00999670147284,37.317375006817976],[-77.29263533845109,37.31241588884851],[-77.09646065636527,37.31095486710433],[-77.06743079753402,37.26049404132503],[-77.00241308006267,37.30179959431088],[-77.01554326710674,37.22043971402753],[-76.80204222418094,37.20907192078739],[-76.73386593026656,37.1458509324897],[-76.68568629196348,37.19825725625049],[-76.66541497582931,37.047202842724474],[-76.49065600643453,36.960418467162896],[-76.56051075539293,36.7956616547764],[-76.37397963767138,36.9256970896074],[-76.3402958472719,36.864032495986635],[-76.40094192094989,36.81706593130353],[-76.24067118198403,36.83914922437451],[-76.32374005673934,36.87448477003289],[-76.26910594705197,36.9002530573105],[-76.32952314474474,36.96899772884406],[-76.1564884187364,36.881755589524076],[-76.16880989701565,36.92837501447436],[-76.0992832021135,36.91191459467874],[-76.12191199152956,36.85720037941684],[-75.99571414063871,36.92210747119645],[-75.79418865318706,36.273370714907706],[-75.53509687536057,35.79531433607477],[-75.73794776664282,36.05525108568252],[-75.94993011946913,36.72158023926932],[-75.99080841965788,36.57212799591809],[-75.91614714203321,36.57491272899503],[-75.9003937653179,36.48451651939081],[-75.97265913669683,36.482880384005334],[-76.06160159560382,36.60367173248637],[-76.02484366910559,36.52501395931072],[-76.08117929317167,36.49963497216554],[-75.95145126661255,36.365957080307055],[-75.92145936857563,36.42349729541495],[-75.79564862188377,36.07274164436927],[-75.97012106573366,36.316202531863176],[-75.94592214869446,36.22413544467386],[-75.99399517392034,36.20033587828361],[-75.91148413098847,36.16439361331339],[-76.19981224688641,36.317366687499906],[-76.06079935035208,36.1449011009337],[-76.1883102812705,36.1263467276873],[-76.2864232531374,36.217910525344514],[-76.21718049584952,36.09639392590568],[-76.45612447982876,36.201324195685956],[-76.30507903038,36.093250674666045],[-76.48282134289269,36.09363209453934],[-76.41054070903661,36.06787160808313],[-76.57721336717789,36.00922475616136],[-76.67743252078459,36.04656278368998],[-76.72228442578623,36.15491872019048],[-76.67491126028247,36.30151655662992],[-76.91885196356603,36.39567363309741],[-76.70079799216887,36.294566245874236],[-76.75532730782147,36.155365020766595],[-76.68277942807441,35.98951676338699],[-76.73522389967543,35.93422271292398],[-76.40089610123053,35.98314622697532],[-76.25556371785811,35.91918518898992],[-76.31382179344303,35.948703320952404],[-76.06253235054277,35.99104647815181],[-76.01584806896012,35.94817308811853],[-76.1215915096326,35.94894365339843],[-76.01252165041385,35.92490342953209],[-76.10163300374344,35.872462772417265],[-76.05284300567176,35.77276945305846],[-76.12289612839432,35.77871275072206],[-76.05878630555723,35.767516614395376],[-76.03823270607897,35.682815058282415],[-76.13764374891657,35.70062969481505],[-76.03675260222644,35.64598414803822],[-75.9840868875792,35.89261582536713],[-75.92943751922627,35.9261775416357],[-75.8632296097564,35.868041544107534],[-75.91048609715854,35.92961458457938],[-75.81082328479128,35.9220614859241],[-75.87280450673553,35.942847773679695],[-75.83996758434861,35.971221499421155],[-75.72816639489986,35.82466461636575],[-75.71515826696964,35.692935463293104],[-75.77966481646087,35.684798709178075],[-75.72969226464457,35.62578151674811],[-75.83751852812415,35.57010980898961],[-75.89469323204476,35.64341686071872],[-75.88082298460998,35.575259650193196],[-76.15432159176827,35.32554950334478],[-76.35478399881057,35.415492448808905],[-76.34431646308312,35.351123233450785],[-76.40419959898433,35.34933032354486],[-76.36074255563987,35.3734315874422],[-76.40342140633065,35.46194784118848],[-76.46916391507456,35.37218036316915],[-76.53273968004055,35.4013208401762],[-76.5631733473718,35.452620898981515],[-76.49443248091106,35.46104756890546],[-76.58729750197752,35.50690405183359],[-76.4452610203395,35.49772970808729],[-76.48463634150532,35.57565254477514],[-76.72641192527274,35.519011899355384],[-76.59745985825609,35.48176900607466],[-76.57679944632763,35.38807239201719],[-76.64869125597575,35.447810561237134],[-76.81211293688682,35.443248177574915],[-76.8054067002835,35.50936452530634],[-76.83168233942348,35.44831409586587],[-76.97880000161993,35.48440495016348],[-77.00518933254092,35.6856090932787],[-77.19452981402864,35.89328320470193],[-77.22062551184041,36.07332261682313],[-77.05807644219227,36.41183448736143],[-77.07479271100337,36.52461756398479],[-76.80402624613984,36.88411740328667],[-76.82647878860253,37.02078114834619],[-76.96501594139819,37.06714109763544],[-77.1151237718399,36.92244309028306],[-77.613922300833,36.77187101947533],[-77.91468174529045,36.87951811288728],[-78.49950542312375,36.949452532659095],[-78.7483574842559,37.0790408255328],[-78.66522023607646,37.24958397166264],[-78.480736890782,37.3830940540467],[-78.26317642896657,37.676023875442745],[-78.62229838382191,37.882405465057346],[-78.64083562524505,38.194852065270105],[-78.49713742964047,38.71933894238634],[-78.09639964148926,39.0137007715034],[-77.53348300107561,38.88329921023331],[-77.47110501211924,38.91475110513243],[-77.48266689485953,39.19250322706903],[-76.87860750042113,39.356238836375624],[-76.59347381118563,39.58938526430424],[-76.23214513483626,39.55257414952838],[-76.05124459053643,39.67380518959178],[-75.93129594858763,39.84966409046332],[-76.47304602626494,39.72642864545216],[-76.43412392728398,39.90966183481331],[-76.63059533329994,39.88236180653055],[-76.81782317080126,39.988978250018874],[-77.26817397686824,39.78044829182013],[-77.43254734011064,39.89016100807525],[-77.63757559218908,39.91437615667797],[-77.91363431124498,39.84825641775603],[-78.26227026765451,39.59488300745474],[-78.4207144680961,39.54903891179274],[-78.42771680031444,39.23010788997167],[-78.76287030075713,38.86441704130103],[-78.80986675070682,38.64990030208029],[-78.9785524256529,38.60834162606902],[-79.34682330985086,38.36116545909707],[-79.76382441321633,37.946329233477215],[-79.80953542806445,37.69889103640547],[-79.91778326906436,37.56140915699091],[-80.02095607427076,37.46035442160007],[-80.31663408221048,37.34865462690306],[-80.3454496840656,37.250595636692275],[-80.21850097353735,37.11491138669106],[-79.69822604033772,37.05762360269184],[-79.673655292309,36.957314945456794],[-79.74577180679009,36.88164036601071],[-80.03438341926402,36.84203292684349],[-80.22299991084147,36.59169211702785],[-80.55145133017318,36.585385976140714],[-81.06528043593688,36.39182810033821],[-81.15227837263159,36.407574729377004],[-81.19803412112645,36.544248661175736],[-81.40868251583002,36.6884612499096],[-81.59563893450988,36.56141655803077],[-81.66971168638793,36.20830519638573],[-81.42229356811278,36.070272277124744],[-81.32099053027478,35.919240967064276],[-80.72134995076465,35.85468386375161],[-79.57770971355649,35.89883330341522],[-79.43069084043837,35.85192842094583],[-79.38028380444835,35.75191458071765],[-79.44984991989185,35.45097743401325],[-79.63205859443904,35.47793682227624],[-79.67247423881263,35.57638012362182],[-79.83757309582444,35.634082077177446],[-80.44079722047334,35.51000910661405],[-80.70386281948028,35.10999938941702],[-80.66435873835812,34.963437692381895],[-80.45775202075629,34.75636510248021],[-80.2879513159465,34.14591673439809],[-80.56023151875756,33.79430487464599],[-81.36164385278403,33.31100180095041],[-81.67955898471989,32.65458192875435],[-81.56966289241917,32.52250388803275],[-81.62353554576686,32.26982267007103],[-81.58375783090598,32.191176169137265],[-81.00670629594835,31.994747994254553],[-80.9288284840308,31.909849578801452],[-80.9986145742611,31.859569947174435],[-81.18689283264213,31.953066285788132],[-81.087313941944,31.87205926643463],[-81.13341075711544,31.861429608359895],[-81.28849350924966,31.949182919883327],[-81.03798988966555,31.81510201039829],[-81.13500529454154,31.72277105297509],[-81.17684490968061,31.801016232688983],[-81.17522747546589,31.729818707135486],[-81.32157456761014,31.812849421412643],[-81.1886323247156,31.708134054355597],[-81.26967177482258,31.66971813447368],[-81.13928538526802,31.700485586112723],[-81.1313050328872,31.626428944668362],[-81.17483073961338,31.556866015579498],[-81.24228223999289,31.642368657347102],[-81.21555645925345,31.56162675750738],[-81.36692369051718,31.543402032157076],[-81.26429304354585,31.519035650787682],[-81.41326402623687,31.505077014325053],[-81.59369713111059,31.624641911426444],[-81.60814658450815,31.920044099425265],[-81.71789694545267,32.048282183608066],[-82.16136689939646,32.12737006310362],[-82.27370089260317,31.85190646773922],[-82.70338072359202,31.47827470838094],[-83.47629452404442,31.1614427440648],[-83.8487444593701,31.042207360069135],[-84.04894225614542,31.1360488716925],[-84.04585394912749,31.328382790336597],[-84.12682290856048,31.366385390609857],[-84.49084476594103,31.2992539697245],[-84.70869181316594,30.99105490479012],[-84.64021658058364,30.930321133063803],[-84.23603694842076,30.78503633545904],[-83.70097269689998,30.802296963998643],[-83.84713918108595,30.639286369169866],[-84.23409471333865,30.568231801536868],[-84.02870634794434,30.257652337975635],[-84.09381899179509,30.09787552575068],[-84.34333440360756,30.07552516896198],[-84.3884622826296,30.025024286098752],[-84.34551640665957,29.968404630279935],[-84.45107674081176,30.001893861879413],[-84.33646031235824,29.944623801957455],[-84.34626408483602,29.896976314658286],[-84.52851511396685,29.913186869544795],[-84.88870655409438,29.722156311648035],[-84.8534053388133,29.81359081264295],[-84.99421348064165,29.714832088532926],[-85.35794496644131,29.665090321294965],[-85.41672184591205,29.847575941788435],[-85.36191988262608,29.683368447185206],[-85.31265686832009,29.689014202363357],[-85.31816529844903,29.837360182975925],[-85.6860166722361,30.126254890661077],[-85.47023444084678,30.016294316485407],[-85.39437535096162,30.051162567407427],[-85.47686438713801,30.033601601544525],[-85.49882179553323,30.139041765422782],[-85.728397972399,30.18372522443816],[-85.52013833722405,30.321334743886137],[-85.55534037464724,30.36384955399756],[-85.59919414397217,30.277662170235935],[-85.71420729665392,30.23794734463532],[-85.7615095597988,30.32368268304747],[-85.86658161050266,30.312797438655405],[-85.84252612009297,30.23129450702423],[-85.75605453805242,30.24186313058711],[-85.73559249103842,30.12410912161105],[-86.04751275200495,30.289443851227183],[-86.51528632565154,30.395501980831863],[-86.24500732048702,30.430627730311116],[-86.11435390064902,30.378772634774432],[-86.13358761359213,30.487277907546847],[-86.18469694062546,30.45471182843817],[-86.1971099712204,30.50249664362269],[-86.42000279320138,30.4520815871577],[-86.41527256954839,30.50753585317431],[-86.49314582260945,30.521354594513873],[-86.5561341166549,30.431161777675378],[-86.59219064843808,30.482015517303196],[-86.59508981603301,30.406001935024133],[-87.18732935874294,30.34604058347512],[-86.8765840365725,30.43972385743687],[-87.02158072263063,30.50447072391454],[-86.98647787153371,30.57496253165053],[-87.03018668690248,30.608076016523093],[-87.06634239131665,30.45290554047544],[-87.18710811647833,30.585815340694513],[-87.1770601942694,30.4227656069531],[-87.20708187153286,30.458501698121808],[-87.21070583279992,30.402110922876286],[-87.32329283719011,30.36856064932392],[-87.26461514735546,30.34514603479084],[-87.41822541815694,30.307517847614516],[-87.32172880892367,30.31688674874963],[-87.55338780712178,30.273000547265703],[-87.45059694750371,30.296892004931863],[-87.50012699135824,30.31638320283256],[-87.34519683742921,30.425105918994767],[-87.4357272607585,30.485467791899246],[-87.39548982108849,30.43953692023405],[-87.48651614856495,30.341787185494447],[-87.5781146830624,30.30341322732391],[-87.61796302377185,30.354711378739626],[-87.61449927489753,30.294816803999385],[-87.51623264667691,30.305373983388282],[-87.56181829052414,30.27063161922864],[-88.03043108892123,30.216138641976023],[-87.72418912445222,30.271694075535496],[-87.82798505729802,30.4113844337388],[-87.91220596715111,30.410793153554412],[-87.9193013151782,30.637069601018396],[-88.0313160907749,30.6895217296771],[-88.0749179859514,30.580089482522734],[-88.1349767267009,30.583331941475357],[-88.0847903763921,30.541538138338446],[-88.14010367032186,30.309274492328374],[-88.350728427487,30.404292893979633],[-88.47507233043342,30.31978969724299],[-88.60449647923791,30.3951650340666],[-88.72397241829563,30.34217967328688],[-88.85291820335237,30.43279439404788],[-89.21788832858996,30.323303595600258],[-89.0689274774141,30.575390154180496],[-89.16191895377496,30.700641446043395],[-89.79270907240591,30.55792014128966],[-89.91693048653369,30.360650465802685],[-89.92185931480252,30.0298805981863],[-89.80081115954466,29.713993548034274],[-90.05205423230852,29.71311433142023],[-90.15414060386975,29.620430890308086],[-90.14697827759517,29.685117339090368],[-90.20668593668664,29.695006941137766],[-90.15409650174342,29.602273539629888],[-90.2251566982153,29.518346364705856],[-90.13341492713892,29.46176967877457],[-90.05908760901399,29.182467923962097],[-90.27256575091333,29.076377347815974],[-90.2362345707324,29.237887852334488],[-90.35590928884315,29.308925156220667],[-90.38661760723613,29.24091481053909],[-90.43636127765222,29.353761208413193],[-90.49366567275028,29.28598737291099],[-90.52050589205002,29.35868216625141],[-90.51829336460018,29.280251973107465],[-90.6135616403802,29.313174722058406],[-90.59221458507673,29.2098154776894],[-90.69182398948271,29.275266157469396],[-90.64468957142893,29.133641677127557],[-90.70874598811963,29.19926401968438],[-90.67554285142656,29.125165417257687],[-90.71802333276234,29.15575547952899],[-90.77120022463018,29.101081317229525],[-90.84718901805657,29.185050450355714],[-90.88109405378988,29.117362445170805],[-90.94231996376907,29.164023830503744],[-90.79836851083142,29.218224973017612],[-90.82355315045976,29.267455558482197],[-90.91875276065022,29.250579331287515],[-90.88500031209935,29.295333370626306],[-90.93596468327388,29.33274983499859],[-91.05011571331127,29.30072925584514],[-91.02009403948074,29.340947618849835],[-91.07021154533305,29.357205860327234],[-91.12435737086669,29.295968510058152],[-91.26067943803048,29.50677062992082],[-91.41990494597091,29.552831197100417],[-91.55199268723162,29.51756240176418],[-91.55731801079712,29.635324038699537],[-91.65124351240628,29.63477471926991],[-91.5752623569268,29.75075298849627],[-91.66524566580665,29.743783237298185],[-91.7583064680526,29.925524546297023],[-92.19845019075697,30.145164165117002],[-92.37915089561139,30.124604078637862],[-92.55528279977395,30.257241833667784],[-92.15275931771315,30.617481427988274],[-91.89491644840645,30.56657459226427],[-91.47083550997759,30.249195064613478],[-91.06620440140561,30.460129333982703],[-90.59052840153443,30.566403064203556],[-90.17281760720597,30.741434011639697],[-89.15709622234831,30.842796124154155],[-87.92529372913027,30.84761903188174],[-87.51309475074794,31.100060103181242],[-87.4313358249161,31.307786103513575],[-87.45896027571474,31.45693190051589],[-87.76100157388606,31.63546853200891],[-88.01953573960604,31.68712135936597],[-88.52538696059771,31.669463820048918],[-89.51655532739262,31.48246416683236],[-89.64257313449872,31.539167086986243],[-89.92921269320341,31.969402476568423],[-89.95812335135399,32.38985129746565],[-90.06616167812537,32.46497885394245],[-90.32077057814121,32.45250157646852],[-90.89914220463938,32.227392926054925],[-91.02145238802608,32.2729749480504],[-91.02606637856725,32.424755115897],[-90.87776701590738,32.83198111352129],[-91.11537689833702,32.92975920011451],[-91.26061983463829,32.91333518592241],[-91.08821069269094,32.97632299708578],[-90.53259398455428,32.91922012178226],[-89.79062551114178,33.33010048234787],[-89.45725077451101,33.70014551984716],[-89.47848680411425,33.95009718121694],[-89.52736435456538,34.07412674174869],[-89.93984019306662,34.42684289487704],[-89.32933462085788,34.46118569400091],[-88.75753984767117,34.6340685111992],[-88.09771149993146,35.304124021531145],[-88.11138414723108,35.46876204894175],[-88.31767632928556,35.575858417948155],[-88.76341319765064,35.98722808586666],[-89.11869584979652,36.965436332222836],[-89.17651948936577,37.5853341407726],[-89.29871192545721,37.82868134786592],[-89.50293563346985,38.04889622287372],[-90.08331912777741,38.427924583047925],[-90.81110255989009,38.72388407230604],[-91.65582937469605,38.92108865208285],[-93.05939422509687,39.04511203315015],[-94.97119893984828,39.046698839162524],[-96.34558894240796,38.94190137731104],[-97.11377274196158,38.78454864875956],[-97.66387591414009,38.94375183649891],[-98.12390803221433,39.155663324282294],[-98.30097742449652,39.42299006946256],[-98.39491501448435,39.704609334941615],[-98.25820162151972,39.99441107231801],[-98.19616701589987,40.36486382544331],[-98.58117075529067,40.20273380599506],[-98.69195014435607,40.27617494370216],[-98.97459579212648,40.27858966601309],[-99.172045640065,40.37243675915546],[-99.3027323543673,40.52515734200948],[-99.5243137037077,40.55437865189112],[-99.56608071881851,40.610889210274685],[-99.50756180774897,40.66393285933522],[-99.00513643280289,40.88447194922112],[-99.40263449421964,41.05573712801083],[-99.54984100717697,41.0578551308255],[-99.60093862861557,40.96144666155419],[-99.52049038392776,40.76575636081849],[-99.74460174611747,40.739048626968135],[-99.85115271971475,40.87882384312493],[-99.8600002257154,41.08664974955833],[-100.24542161048387,41.60063060486968],[-100.18344473321181,41.65438813986268],[-99.79468776724586,41.447398400087806],[-99.45123133558855,41.42675319125651],[-99.22866408830217,41.58858642851036],[-99.20267304226212,41.92994719385375],[-99.03424352224464,42.076901950184634],[-98.46922327800674,42.15241035090563],[-98.24830021309972,42.087841033214055],[-97.7756462444309,41.6087544181362],[-97.73393114826217,41.49590779527964],[-97.31360060773213,41.548607252639776],[-97.13836671294668,41.460624212805456],[-97.37866743764128,41.32579144629231],[-97.20918783368846,41.2847548409489],[-96.91298744162059,41.355232414452914],[-96.13291640032756,41.62413415421917],[-95.7275858477386,42.06824991840922],[-94.88559188708217,42.24163904264654],[-94.76246152134966,42.49571350704022],[-94.76431531424825,42.79320200202146],[-94.45404488949775,42.85157938292179],[-94.0630541945352,42.62910023279832],[-93.79255533871567,42.66338435412283],[-93.68384076216711,42.756659291364194],[-93.42690393531366,43.34866322379992],[-93.42287152285597,43.42965003882608],[-93.55672913310326,43.51778785973391],[-93.76493048104058,43.528186851084655],[-94.09643987642693,43.438801280505345],[-94.8572895984689,43.63511488279612],[-94.74380549554616,43.92895817148884],[-94.75385170416523,44.09042134915471],[-94.9888353976654,44.209417958886505],[-95.21635522886453,44.44190628340062],[-95.5151566658928,44.95482070457558],[-96.00698228651906,45.443757750788556],[-96.36691817232143,45.45208788415105],[-96.41574923499364,45.0048837001014],[-96.60999156280938,44.62456982096529],[-96.83669750571863,44.53335971753907],[-97.29199665453095,44.52596000931887],[-98.08554631648639,44.697756831508094],[-98.88031456557097,45.11785823265053],[-98.99064915828347,45.232629284369054],[-99.3449721409862,45.356750214189596],[-100.07142584979891,45.48533375481904],[-100.32137073109178,45.60263005115355],[-100.13126796330148,45.71033432406927],[-100.10953855789107,46.06181825510229],[-99.84797308281861,46.25633039990947],[-99.8248718112852,46.38907152150117],[-99.65393928879763,46.51931126678571],[-99.08506054796842,46.658729784084336],[-98.77160034401307,46.63420456846801],[-98.45125701060967,46.52359140751416],[-98.27227187789349,46.25085473958526],[-97.90424693854597,45.99119535329106],[-96.99009197296508,45.9562257376686],[-96.50878317759182,46.01778785157887],[-95.5020049619167,45.61620547057373],[-94.53322775972514,45.32576676627303],[-93.54847770676072,44.61878229849921],[-93.08678171924471,44.1661998688277],[-92.81254943393057,44.04497060635793],[-91.84339949291376,44.187400539431884],[-90.0727218700131,44.00771001640773],[-90.04635310996544,43.80658641415111],[-90.29202173267922,43.66092037779716],[-90.27697374906599,43.57699160184538],[-89.68198980088533,43.745712496342016],[-89.33126134144949,43.77616763669048],[-88.91691073930312,43.75192991365526],[-88.270770413301,43.54486280067222],[-88.08631892891172,43.54104149680759],[-87.70491531510142,43.69205871242475],[-87.91105486647129,43.2577213822907],[-87.86388991546771,43.07244150875508],[-87.90654586632773,43.0179332875723],[-87.75893990220368,42.78231085083695],[-87.83210576587555,42.28622082791743],[-87.5158443218291,41.70267506020734],[-87.31503096083001,41.62012119401566],[-86.91638735924336,41.71645759699396],[-86.64179775511454,41.87609890570933],[-86.25825277542549,42.456898129561544],[-86.21536035271293,42.916801927333445],[-86.33791138699178,43.226730867217015],[-86.201955540225,43.27243858539433],[-86.34309174739046,43.233910128304444],[-86.53865612113765,43.64821682730954],[-86.43353830666736,43.791626585321296],[-86.45943249802595,43.95331255430271],[-86.4200724372686,43.935074485609746],[-86.51727096731742,44.06037204708493],[-86.2668970830282,44.346363776873744],[-86.25414839980391,44.69245987249386],[-86.08621012204594,44.74497301343484],[-86.06651103807337,44.91010365623613],[-85.80320529814882,44.952355265788874],[-85.54874968378304,45.21244901090936],[-85.61652923515068,45.1275033149904],[-85.56922696570894,45.04270639812758],[-85.64686370055863,44.97793663915159],[-85.60032438106676,44.98630227419792],[-85.65117429403242,44.84057318251005],[-85.5942284666611,44.7676437916675],[-85.47192926088138,44.988121892499976],[-85.57437677636288,44.762032372627736],[-85.52825707016602,44.74984060009623],[-85.38454214618588,44.966885474472285],[-85.3756310453919,45.26913161727758],[-85.2034584565615,45.36216829331796],[-84.91922527811964,45.39387226425962],[-85.11691059760426,45.53225423238294],[-84.94235001774415,45.711442045972596],[-85.0143257540602,45.75890069719897],[-84.73036723329963,45.78660686441361],[-84.46098084055863,45.64970881761333],[-84.2183736464199,45.63668545306818],[-84.09318285643002,45.495041913695566],[-83.4913378645622,45.35999019801501],[-83.2628297598071,45.0261202222409],[-83.38901999007489,45.07614997806282],[-83.46393303075138,45.00569250413634],[-83.3162050053567,44.88078404385847],[-83.272740313047,44.71218584356653],[-83.33766644077542,44.328183090041264],[-83.5285081678557,44.26097954732323],[-83.57715318053496,44.050522661341674],[-83.8778048147538,43.96110612599072],[-83.95475489056345,43.75577237776002],[-83.90903190756362,43.674721493304695],[-83.67655654522333,43.58752514080762],[-83.3283737896941,43.884831270867565],[-83.40185251504428,43.91664584712502],[-82.96065976472848,44.069237601506345],[-82.74080342657926,43.99160469588722],[-82.63585342667109,43.83451925590443],[-82.52255682519315,43.230755577073225],[-82.42196320550794,43.006870961087984],[-82.51285217643056,42.63882508450394],[-82.64551975827612,42.63099350285281],[-82.6233945111987,42.66991105205442],[-82.68959478983288,42.69142594571673],[-82.80932291111431,42.64665282933221],[-82.77414375718693,42.59334242805102],[-82.87710246195644,42.51939068818945],[-82.89380319879683,42.38980921343728],[-83.11807693970651,42.27582602711166],[-83.20682968797465,41.999519820966555],[-83.4841200929799,41.728596144718416],[-82.93471957728262,41.517818851018006],[-82.83079956873505,41.59029811683181],[-82.87647676228218,41.52253763496072],[-82.70847744514982,41.53608744974011],[-82.70957607469055,41.49432413683468],[-83.06051306680718,41.449249648423276],[-82.92493868273704,41.42117729295981],[-82.8216824300676,41.47548333815874],[-82.60339775124962,41.416389862306],[-82.68932765440917,41.490272928224684],[-82.4998973501725,41.381939330385016],[-82.01234075427415,41.51580091964333],[-81.73846829338062,41.491329644849706],[-81.28503799950302,41.76022391159858],[-80.29277392119137,42.053513194936365],[-79.14692246682996,42.55602340953218],[-79.04909072008037,42.689263184475664],[-78.85301522699031,42.78997503332966],[-78.94123395960541,42.9801339081567],[-78.8946717561219,43.052792461738086],[-79.0682863159679,43.085953623115316],[-79.0623735481284,43.26272672672417],[-78.53363345932695,43.37297152135589],[-78.11092672046695,43.376126294973105],[-77.76452157676808,43.34249593285091],[-77.54279603293827,43.23509312187649],[-77.14361835845943,43.29075339672985],[-76.92438000053806,43.216874150768405],[-76.96326704095621,43.27240852150635],[-76.70865117871998,43.315953309874594],[-76.4187264799062,43.52172194377764],[-76.23386619117366,43.53107559127423],[-76.15612264474439,43.653027673606545],[-76.19832083852296,43.63596452743386],[-76.23445367752016,43.821080373338695],[-76.2988915667667,43.85531728460567],[-76.2043557087512,43.854031735252285],[-76.0177406691762,44.00383493138904],[-76.19919824554852,43.96929283393724],[-76.1096520191418,44.045357915126026],[-76.20098353315726,44.07998392465683],[-76.28744747951366,43.96241874446167],[-76.3662286454157,44.1113598078653],[-75.84543839596162,44.36759690483335],[-75.7584556519118,44.51735050572615],[-75.28856874396784,44.83767834008347],[-74.86879933010869,44.99107880464091],[-72.3007292837953,45.003514184909015],[-72.42021668813166,44.687550448877],[-72.36281500584809,44.48187775038432],[-72.11925661111529,44.33645818194288],[-71.98327054892953,44.376884923417954],[-71.78055199051978,44.543798473781145],[-71.7028405491393,44.748051768313],[-71.78209635705646,45.01160148341791],[-71.50339598577115,45.01566465847982],[-71.39922421034099,45.20330583943624],[-71.43672270034187,45.23712313497963],[-71.28566827136203,45.30275501794237],[-71.13822253906737,45.24534000495597],[-70.95398023445173,45.342191376995295],[-70.8692099954014,45.23327793845789],[-70.79612801428026,45.42939156214225],[-70.63655154131392,45.38343590115638],[-70.71848364567548,45.515886025959844],[-70.4009710395296,45.722577814037656],[-70.41877805679088,45.79329849853728],[-70.26195580532247,45.889554776347744],[-70.24076134423885,45.94511585194224],[-70.3142553319661,46.02132206978238],[-70.23861749647192,46.145650707243526],[-70.2920080206742,46.190946428834565],[-70.19623620938165,46.34343898066466],[-70.05715993262962,46.41469372823418],[-69.99810841887867,46.69342226205909],[-69.20637540776778,47.45502672359879]],[[-71.47485671995157,42.52982465905264],[-71.516685991834,42.447196778381944],[-71.32974981740236,42.40944659786297],[-71.18107355588342,42.634286026123874],[-71.3286085969439,42.73845379111],[-71.43189604862631,42.72705909339186],[-71.47485671995157,42.52982465905264]],[[-83.70259230733052,42.82836651595846],[-83.3047933929854,43.07636177091113],[-83.92324322147935,43.22579185062743],[-84.56717579836808,43.20193945858281],[-84.52182089132968,43.09442989370108],[-83.9867465734465,42.96552995724449],[-83.87594201782541,42.8195036062326],[-83.70259230733052,42.82836651595846]],[[-84.5473422512986,43.74485041721036],[-84.58574996763622,43.85072751279713],[-84.68661516492892,43.86875000984292],[-84.9424223319127,43.812806282984425],[-84.9591332358146,43.73656702161715],[-84.76073768660702,43.68249396276842],[-84.5473422512986,43.74485041721036]],[[-99.02560504910358,45.93969295357596],[-99.18395336162,46.04522238222295],[-99.43102742220319,46.026316821190846],[-99.51064902333675,45.95265877156651],[-99.4700437971542,45.708357527101214],[-99.3044499829658,45.67544217676471],[-98.98980298449179,45.78888845575678],[-99.02560504910358,45.93969295357596]],[[-75.87366726521833,40.592198545217855],[-76.55921728888428,40.37225044213298],[-76.52150379648613,40.31794162895157],[-75.49140901010583,40.169142935929635],[-75.29946388557909,40.32718327050818],[-75.53633758999683,40.51892500417936],[-75.87366726521833,40.592198545217855]],[[-93.20644141024543,40.18538102391101],[-93.50614826147385,40.268158338972796],[-93.86661009685139,40.50670797007649],[-94.19329502043784,40.53855176876342],[-94.21906410309485,40.43251971557191],[-93.84452995466538,40.2520512169045],[-93.73298917591856,40.039240602205005],[-93.53372174080381,39.946879543441106],[-93.46847492335239,39.8198966986646],[-93.15788785965776,39.837946208284535],[-92.99630804136046,39.96957456674799],[-92.73982221980447,39.94196889482142],[-92.63242863067853,39.86691926699809],[-92.45938217689458,39.88699893437041],[-92.40296144036893,39.826513238729056],[-92.42666448855012,39.580350933973364],[-91.60968433081496,39.818935777763336],[-91.61158422783923,39.94070228606614],[-91.69361226744212,40.00641158692139],[-92.13764280128328,40.127383108689656],[-92.32832917351351,40.05788415218409],[-92.92087566445683,40.09073351637686],[-93.20644141024543,40.18538102391101]],[[-93.66276795732972,39.11972892171693],[-93.43056871293584,39.15700092921637],[-93.02973313096555,39.34027774577745],[-92.8084144826343,39.33331368976169],[-92.72997227036122,39.363242155565686],[-92.72369715792345,39.47350821748721],[-93.01705210844287,39.58030301054],[-93.82018665805545,39.34589764019921],[-93.8354567566233,39.279522270028565],[-93.66276795732972,39.11972892171693]],[[-92.2953464952561,39.46887044814578],[-91.56036964640056,39.25414693578002],[-91.51472375053288,39.16711799250987],[-91.41592651609422,39.18438125838832],[-91.21798503959832,39.40985968701355],[-91.32270462799178,39.479414556528646],[-91.83975756941787,39.42997200647789],[-92.08650524696152,39.53237250586971],[-92.2953464952561,39.46887044814578]],[[-88.81410951922291,37.893395168226995],[-88.56992850219622,37.88942216551815],[-88.58710506250881,38.080124336982166],[-88.79150137939655,38.17788780043855],[-89.23309552916706,38.21444156559717],[-89.35853099711576,38.216671187465934],[-89.4632818398175,38.11882878588966],[-89.35533259024498,37.99755230917467],[-88.81410951922291,37.893395168226995]],[[-84.68563647371973,35.919063057889815],[-84.63975835183803,35.87693408632031],[-84.50490507657895,35.914386756830794],[-84.63803572715956,36.00300195178302],[-84.70546469813016,35.97693939772239],[-84.68563647371973,35.919063057889815]],[[-83.15445731055401,35.73200179502023],[-83.51620796217408,35.61035447742965],[-83.58452769381415,35.37741415001894],[-83.93355009289625,35.1820738212795],[-83.91417152884843,35.06783485145604],[-83.54102234078788,34.93368125491126],[-83.52792382060404,34.87593663674207],[-83.74310246199143,34.57920433312094],[-83.99177924082751,34.46671496840648],[-84.12677145639323,34.48710282177112],[-84.09583043068957,34.38833741218031],[-83.9463429194375,34.297887225710255],[-83.8277972637314,34.31819592420502],[-83.57685240986723,34.6901387798134],[-83.3613101660067,34.7292547907894],[-83.15777633383877,34.946582544322126],[-82.95900825207252,34.99221487947189],[-82.94051162250616,34.84108318941196],[-82.83150712771639,34.68241617998268],[-83.08426331952546,34.50063159932365],[-83.41848826851694,34.0297708394702],[-83.41043951101491,33.84327522455066],[-83.26377423361257,33.80613142625598],[-83.08537164173913,33.85781850930249],[-82.36584110957013,34.253763943574455],[-82.35907557184775,34.644271384168675],[-82.0683326983813,34.61877077923966],[-82.01457802612813,34.50564352078585],[-82.06457966747485,34.42418077020047],[-81.938747335858,34.22431374820249],[-81.74498709681998,34.30429399525654],[-81.63870115515982,34.42503639989907],[-81.79277373347811,34.51616692258333],[-81.81131015408701,34.59690170491518],[-81.5435774662919,34.71202962227882],[-81.43732766295496,34.87370997242115],[-81.46448603198921,34.94440186450331],[-81.82444192847795,35.16737990169648],[-81.94451050979059,35.140028866436715],[-82.15635846112376,34.89966135129108],[-82.24566838020998,34.91927183484787],[-82.30865645391012,35.29435222554449],[-82.53222604908018,35.33968325829843],[-82.63354289792,35.42711860679327],[-82.92051555131253,35.45556093893949],[-82.98109886303939,35.51649702277424],[-82.93630284627393,35.73748434072028],[-83.05046099112583,35.77828180087466],[-83.15445731055401,35.73200179502023]],[[-84.05128319073364,32.93582982269764],[-83.96814240127537,32.860107956859544],[-83.83434567824528,32.851454970699145],[-83.60248619818668,33.18943958562699],[-83.69187708964269,33.41859330854915],[-83.89650851142126,33.34785341963557],[-84.0779677831354,33.363221521062485],[-84.27198142358576,33.49714097650362],[-84.48776936507535,33.500790727385215],[-84.5839327656075,33.39859268703004],[-84.49809212424934,33.28339357644837],[-84.16521233187656,33.167339546622806],[-84.05128319073364,32.93582982269764]]],[[[-87.94008525257372,47.47948945946994],[-87.71095156490911,47.40351976752935],[-87.96007425938288,47.38502609623971],[-87.9416416295462,47.33741866947067],[-88.21761215552486,47.207898216103054],[-88.41240588475627,46.979821235238276],[-88.47259420695381,47.05795387220559],[-88.39003652337581,47.195992532670914],[-88.47677512075654,47.08636955517179],[-88.63855649325954,47.16709999456297],[-88.4257955319798,47.36876400896338],[-87.94008525257372,47.47948945946994]]],[[[-122.43402823002775,47.40507685116096],[-122.3740230282005,47.3893488594321],[-122.52302511622929,47.340360498875555],[-122.47473871034556,47.512109628001205],[-122.43402823002775,47.40507685116096]]],[[[-122.68552379953034,48.10202204936661],[-122.68567324889071,48.101915369763766],[-122.68585174804639,48.102149332931475],[-122.68552379953034,48.10202204936661]]],[[[-88.48972999281446,48.152745439224326],[-88.68244853725267,48.00652424436602],[-89.00141834715734,47.906251076498435],[-88.91581651212768,47.88934052699235],[-89.23116236826947,47.85264311308748],[-89.16200189828655,47.941048738470684],[-88.42450628498787,48.19007989069382],[-88.48972999281446,48.152745439224326]]],[[[-122.59294878609568,48.39770688897477],[-122.50491316386454,48.29795256017666],[-122.73178848701035,48.227632401958175],[-122.58612805418977,48.18699444684541],[-122.54010749526448,48.01665295105474],[-122.52512338316775,48.09891308906326],[-122.37582372089325,48.034635453581956],[-122.3761288654948,47.905168435800036],[-122.4764783279596,47.98992718781989],[-122.55293249924291,47.973615532807955],[-122.60731487595383,48.151170620439615],[-122.76744065114613,48.22013651741787],[-122.66371143255314,48.40078534213223],[-122.59294878609568,48.39770688897477]]],[[[-122.87931819541673,48.55378901786982],[-122.80255118295834,48.42580211220538],[-122.94042200109882,48.458547459270434],[-122.87931819541673,48.55378901786982]]],[[[-122.59883109228518,48.55780974035099],[-122.6475905532389,48.52890577235713],[-122.65087883640598,48.586576368707036],[-122.59883109228518,48.55780974035099]]],[[[-122.96454618493053,48.591573586104936],[-122.9019775067393,48.576955672609536],[-123.01393889045642,48.58238397457344],[-122.96454618493053,48.591573586104936]]],[[[-122.7011489299759,48.60196103741739],[-122.66526024261367,48.56834592724829],[-122.71675102735033,48.54029263663922],[-122.7011489299759,48.60196103741739]]],[[[-123.13632966786606,48.625402303805366],[-122.96764370488155,48.53009210753868],[-123.02208706315064,48.4944933443942],[-122.95790094558453,48.453161104466446],[-123.1502075101843,48.5152147661884],[-123.13632966786606,48.625402303805366]]],[[[-95.47863900898136,48.05560163120791],[-95.5664459874075,48.0509948238232],[-95.63464421601223,48.18893291109605],[-95.88892535270304,48.352793848742685],[-96.13157174510027,48.43743626275731],[-96.12557739194838,48.604221583394995],[-95.93674772833657,48.66681549534412],[-95.40007473050032,48.68781123310603],[-94.75386994116243,48.5905147837928],[-94.7194443485906,48.49448795913862],[-95.36665307088941,48.07077549703681],[-95.47863900898136,48.05560163120791]]],[[[-122.87495422264561,48.712316399658995],[-122.7393111824855,48.66048612111249],[-122.82855983724433,48.600366479738824],[-122.89824676371641,48.69621074524945],[-122.8726272262687,48.594083667427086],[-123.02610778588868,48.61449609609856],[-122.87495422264561,48.712316399658995]]],[[[-122.67855068933204,48.719659714717295],[-122.60701745491745,48.64174452753089],[-122.71437833958856,48.74867429922453],[-122.67855068933204,48.719659714717295]]],[[[-100.1106097357733,49.00104449781433],[-100.12361050399109,48.9252512283681],[-99.70745347395145,48.53460066349009],[-98.51615156290065,47.88816374289294],[-98.6864954290205,47.82128845320361],[-99.09304393153421,47.84794576378874],[-100.12136046873286,48.28958568959734],[-100.65543971188166,48.67139733236422],[-101.10614502244577,48.75885104058597],[-102.841811243427,48.5989776438066],[-103.87287818137818,48.58779556624459],[-104.88861158881663,48.33930047922941],[-105.479831296501,48.055696327582424],[-105.50341780396737,47.91682223012486],[-105.36326147326508,47.477001057449904],[-105.60339261069115,46.857099919962785],[-105.70716842323273,46.79893747909631],[-106.34166139475528,46.74357312561044],[-107.23359930681988,46.99813130278066],[-107.9035549342437,47.08322425700872],[-108.91827303021478,46.950488070850724],[-108.99522009458826,46.99989650070194],[-108.92727628813346,47.17380427140953],[-108.8074517997143,47.24029910264691],[-108.47156524600827,47.289426361387434],[-108.53066711538966,47.62781955192095],[-108.47152553090066,47.92653585655401],[-108.49870982113252,48.177530796939756],[-108.44269398445583,48.27716660003443],[-108.14862942660966,48.38002330128754],[-106.44713014090142,48.68046458408808],[-106.09503172493557,48.814207984938044],[-105.92336068909573,49.00114599447345],[-100.1106097357733,49.00104449781433]]],[[[-115.03842791353085,49.0005596272708],[-110.43786436439815,49.001026047515175],[-110.02545056676958,48.60105106867454],[-109.67324001637587,48.58659016360147],[-109.08622469613017,47.870410734497206],[-109.41287819909384,47.67204933091336],[-110.01417881535221,47.46561197079124],[-110.07170182806904,47.41228157402381],[-109.98700948496919,47.364675345889914],[-110.05936656927355,47.266506905079915],[-110.3756824591884,47.051070350001396],[-110.90950420799047,46.97792621771718],[-111.2599464603457,46.756148751232985],[-111.31297774012071,46.64854797114472],[-111.27721735826371,46.28694047600092],[-111.61330575316231,46.10639952166984],[-112.0539249624896,46.163031128915776],[-112.59629973004486,46.34830317277343],[-112.93607086626173,46.21104761420642],[-113.09480535221552,46.06353002681087],[-113.46208661372026,45.31634861073276],[-113.25043122212244,44.790556783025856],[-113.43304138117468,44.6753292856023],[-113.88455240409716,44.161329912565634],[-114.1055985874056,44.07472070769421],[-115.82878195712692,43.878234806127935],[-116.00018523533056,43.800630655187014],[-116.15227816058422,43.59159340392956],[-116.45945139348133,43.45083086628398],[-117.19095062957737,43.544679354516056],[-117.3899882077192,43.764594533373554],[-117.38610479359467,43.96240631804474],[-117.16687601552523,44.11165260852526],[-116.65114552694583,44.050042366635104],[-116.42998001956956,44.289425625956746],[-116.32211740807678,44.324595206048734],[-116.25614415666654,44.51514716438003],[-115.78092973792073,44.770979376548595],[-115.50524140965199,44.82371991972301],[-115.50710192141666,45.04457807204156],[-115.64460067586589,45.17380007867848],[-116.26927655483733,45.23107508947857],[-116.41363562246927,45.296080436946],[-116.44068284396951,45.458729996997754],[-116.37729727569938,45.61101809964005],[-116.00023773496495,45.75743034708309],[-115.76852093016493,46.06959948891625],[-115.76328081741288,46.37439704438048],[-115.87321405436731,46.49755186190827],[-115.83777254510572,46.616280917264135],[-115.49423505635373,46.81115262653142],[-115.37808864208506,47.21138324469029],[-115.3615814749836,47.92638943618329],[-115.51199162573585,48.19103324478863],[-115.72034547054291,48.83433586492562],[-115.69672018214577,49.00171715811621],[-115.03842791353085,49.0005596272708]],[[-111.01356808121656,47.9060610646402],[-110.54494059982292,47.90568092552787],[-110.45553634660651,47.97943355081687],[-110.43377083240942,48.13592927720999],[-110.7841695309736,48.27849048026765],[-111.138246287953,48.265866407863676],[-111.43035953256246,48.63263565929763],[-111.8676430926037,48.91563048275041],[-112.20903330136578,48.892368626380645],[-112.40899985227733,48.72688282864385],[-112.21525516113158,48.24715760754942],[-111.88875698212695,48.03548317431616],[-111.01356808121656,47.9060610646402]]],[[[-122.37757165011702,48.98281717186612],[-122.21324292804762,48.62764223968422],[-121.80393992454184,48.2635092707069],[-121.71487955879017,48.05545663287372],[-121.79582813084043,47.649266383957034],[-121.43422638535851,46.60068729197223],[-121.44091431067821,46.14649515125377],[-120.16186387643113,46.07214621747408],[-120.627841610616,46.366125080478746],[-120.58990237587422,46.5054972834898],[-120.5066906620331,46.564273764268734],[-119.95008435121926,46.31594215271433],[-119.72645850411506,46.08963229957476],[-119.59640230229438,45.84647271313438],[-119.63040491423084,45.743416889576686],[-120.00765979316968,45.36197941850406],[-120.69937437426866,45.18924057254475],[-121.08882018913529,45.233022205281365],[-121.65168032620018,45.55484477864102],[-122.01030734794428,45.60908437110058],[-123.2644530991139,45.14585123756493],[-124.06426983951731,44.75140579677992],[-123.9762413862292,45.02996974785117],[-124.01610498466253,45.063657336795785],[-123.93505030743806,45.17176587196097],[-123.98078854351309,45.21766049264337],[-123.93553861390816,45.29515607613714],[-124.00782714650872,45.3381019328463],[-123.93327270543523,45.40265806557621],[-123.98048342308415,45.486051162410355],[-123.85771119153121,45.501512144393324],[-123.95964756314619,45.573499289631435],[-123.88182775259324,45.69534454907994],[-123.93801824407724,45.65915069401718],[-123.97994179520062,45.7628799433251],[-123.99150799767868,45.946164710783094],[-123.91109418188893,46.01232683214897],[-124.0111690123974,46.231519337972074],[-123.86770583684138,46.13891757225254],[-123.82260848519664,46.16934741897832],[-123.77817486839004,46.09437717383575],[-123.8622737173501,46.18716205120382],[-123.65259503208536,46.1720177254301],[-123.50904033682741,46.236657789084],[-123.3840555574318,46.144979177929514],[-123.17412511389736,46.18178721572561],[-122.90631041389271,46.078691229914575],[-122.79309776204029,45.85816358003553],[-122.86535575583602,45.79468700622558],[-122.79091575415957,45.851793035370164],[-122.78235552006974,45.602155418358265],[-122.76448748433121,45.651391720644504],[-122.32740700982143,45.53727508989042],[-121.93736943183791,45.638456166303804],[-122.26685250118685,45.55982377372653],[-122.65383835114234,45.61503766495168],[-122.76186297720373,45.66998837111997],[-122.7851555813394,45.950551739109216],[-122.89410338466466,46.103894937190184],[-123.12656346155187,46.191674916337696],[-123.32301276588855,46.160718625549265],[-123.45721385894998,46.26875465861826],[-123.66696120529242,46.26633230359773],[-123.68032791606693,46.3118530869004],[-123.87171892167427,46.24355090886373],[-124.01507528167988,46.31739199193052],[-124.0848232072726,46.26790391422334],[-124.06650511023398,46.636186253262515],[-124.01524314330864,46.38248598966595],[-123.9514079881389,46.37173617857977],[-123.93614158545611,46.45832599798058],[-123.8394847590463,46.39973607006241],[-123.94376335736162,46.47785343351839],[-123.8882976581963,46.51593174954429],[-123.96007504123865,46.63799824583417],[-123.89569819069571,46.59556355811492],[-123.91721310546681,46.67899480471434],[-123.76629602990798,46.67946021351116],[-123.89373747133283,46.75025716947691],[-124.09610718659853,46.729951513195665],[-124.13899205953186,46.906503336749594],[-124.02138490804961,46.83196416114053],[-124.03955051507721,46.8980766806795],[-123.80614443043093,46.97232216216694],[-124.1086881322269,47.04418721481082],[-124.17272925256317,46.92764438590386],[-124.23708417604969,47.28627744982444],[-123.8821533589912,47.454203450063716],[-123.83816101250687,47.61531778882557],[-124.06910514245772,47.82100182241464],[-124.08109139617794,47.93131939877525],[-123.56779864180167,47.870627684822416],[-123.5104171383497,47.758591757438765],[-123.17259701227871,47.56559919042856],[-123.20344921885403,47.39644538470428],[-123.15585239223472,47.316274459260526],[-122.74344487056561,47.44096923144453],[-122.54310850577046,47.57654430487981],[-122.493453617724,47.51046167630748],[-122.58172568540914,47.33627113649424],[-122.55046040772977,47.27744469013583],[-122.64910849338045,47.27134879265586],[-122.60060841233413,47.216947397614945],[-122.69423637217525,47.2830446509935],[-122.62628137402004,47.41144737431726],[-122.73509180025094,47.34490377992591],[-122.76042898229701,47.16892796884009],[-122.82981072468814,47.244973954764525],[-122.76567804719295,47.33981115536139],[-122.81948056144726,47.40558416370293],[-122.93518793057436,47.206392092988644],[-123.06945003634607,47.21038988164621],[-123.01991238182435,47.25818041683903],[-123.09619106912164,47.21172883749774],[-122.9401317749576,47.19573382789093],[-123.07883416549336,47.09304978639753],[-122.92001305496665,47.17495135854361],[-122.99264486856474,47.03354814466511],[-122.92635307628112,47.14819125542613],[-122.90727193356477,47.046087064804375],[-122.90744743133804,47.14163379204308],[-122.84094962433821,47.16437321096385],[-122.82121999162429,47.09716968815737],[-122.8207317278756,47.177118117751064],[-122.73344378962544,47.0816248051448],[-122.68278460684094,47.09989721113663],[-122.54840048105795,47.31838020888947],[-122.39188341439005,47.266839848556636],[-122.44248920720185,47.307039124935855],[-122.32458454390458,47.39138972847186],[-122.41960871176666,47.57452571392909],[-122.29509695786756,47.511335264184865],[-122.43627133335671,47.661260487671676],[-122.37604489650626,47.715932739438585],[-122.39472167797736,47.80314435035339],[-122.30590028886049,47.94985762474525],[-122.16699189995867,48.03222077372826],[-122.34109472817848,48.09639159449842],[-122.37565592583094,48.23885909640112],[-122.47674540377749,48.175676251867046],[-122.35621617988217,48.05747404951209],[-122.51345804724289,48.136880774296785],[-122.52854138992264,48.251020334739174],[-122.36112194125066,48.299020691472464],[-122.53311142989021,48.3750552220409],[-122.54576098705732,48.45240965643042],[-122.65447986566804,48.40923489747466],[-122.70099631423173,48.497602358826605],[-122.60184469381808,48.52498045373307],[-122.5828932598836,48.46524610875014],[-122.48046098954036,48.4519633440848],[-122.47304523350306,48.52084915088278],[-122.55944052727129,48.58286849276414],[-122.45705402891348,48.55478088703607],[-122.42432393196927,48.5991038603333],[-122.51364128561536,48.66528885036377],[-122.48772425268072,48.75391572029975],[-122.5787276907095,48.77940551749852],[-122.65107723336362,48.71499815798692],[-122.64308927450918,48.782598412713135],[-122.79128268676588,48.893991375296736],[-122.74677280117156,48.93309584385678],[-122.81983952840844,48.94532194108583],[-122.73002628684438,48.963888083901665],[-122.75386052903089,49.00329390615799],[-122.37757165011702,48.98281717186612]]],[[[-179.10067751567388,51.30111941229775],[-179.0569153038599,51.24953708936904],[-179.13056945483982,51.21416721441413],[-179.10067751567388,51.30111941229775]]],[[[-178.96946724280122,51.40222033238456],[-178.90612800391688,51.34138737129574],[-178.99111943280366,51.3061090473218],[-178.96946724280122,51.40222033238456]]],[[[178.66506988840348,51.660433079078395],[178.98387172510044,51.585275959701725],[179.27998378061432,51.389719382520774],[179.46998619048264,51.37305299283103],[179.23609952274344,51.349165337411186],[178.94776945043964,51.54194100090847],[178.61685213133953,51.63684680432512],[178.66506988840348,51.660433079078395]]],[[[-178.81390404131682,51.83750012745461],[-178.7516786869588,51.75555281965198],[-178.87335225534966,51.78166440535924],[-178.81390404131682,51.83750012745461]]],[[[-176.30390999656333,51.87250025063956],[-176.35446234233245,51.82666666564254],[-176.26724310392984,51.77611049870934],[-176.40168825922302,51.73583110095411],[-176.42668218637525,51.853609858889214],[-176.30390999656333,51.87250025063956]]],[[[-176.18057322891926,51.88138850936526],[-175.9977882031511,51.80333220499889],[-176.14834665535653,51.829165313866525],[-176.15963814095082,51.769781929918175],[-176.23834297775693,51.82833370075608],[-176.18057322891926,51.88138850936526]]],[[[-175.99612502825087,51.913611273044204],[-175.96168592731775,51.846941822853694],[-176.11946179048834,51.8872211866546],[-175.99612502825087,51.913611273044204]]],[[[-178.09173623007828,51.91822300386699],[-177.95138591236295,51.91599905115599],[-177.8489078763862,51.824721000834316],[-177.61390731803385,51.85388819755223],[-177.8211216158125,51.78749719364791],[-177.77778665738762,51.76583353552165],[-177.8416751852071,51.73138681798466],[-177.81057777046502,51.70221965115172],[-177.90501439388237,51.68999735210305],[-177.936127032981,51.5958315611089],[-178.12228424915716,51.675810471033195],[-177.96112096109633,51.720274593547785],[-177.96112097712268,51.7741648130365],[-178.22946201919095,51.87083301197538],[-178.09173623007828,51.91822300386699]]],[[[-177.15612849580936,51.943888388280214],[-177.0466772085717,51.90149949139642],[-177.13279777724114,51.830000621443226],[-177.14334156207985,51.70444369338375],[-177.27557419736502,51.677775133800324],[-177.3977970915687,51.7336108360307],[-177.64891091491396,51.651667308416606],[-177.71057168474533,51.70194500366735],[-177.22966054610814,51.80288574673821],[-177.15612849580936,51.943888388280214]]],[[[-175.80473408355124,51.96055113775363],[-175.76124652839945,51.917284852774046],[-175.87834246467497,51.94305311537074],[-175.80473408355124,51.96055113775363]]],[[[-175.72519003365124,51.97542464876555],[-175.64891135713802,51.96333206979516],[-175.72445759877158,51.93166626332583],[-175.72519003365124,51.97542464876555]]],[[[178.50943018125307,51.983331874055715],[178.5899813241539,51.94527646863986],[178.5149844044155,51.898054330611224],[178.43389920270042,51.942449761823646],[178.50943018125307,51.983331874055715]]],[[[-175.88565143860583,51.99493298917763],[-175.8061226405213,51.986388077474835],[-175.96389849149296,51.98527798339963],[-175.88565143860583,51.99493298917763]]],[[[-176.57975837561716,52.00204731976157],[-176.55334538891458,51.90833166890192],[-176.5805670754603,51.95166662073433],[-176.65390077395017,51.85309103484519],[-176.43335027359515,51.84500008851599],[-176.42501894598547,51.740553693477715],[-176.66445981259128,51.70888786970116],[-176.80612235478006,51.6086109218787],[-176.83390863866686,51.72222021497256],[-176.93446400263005,51.591387550796235],[-176.98890735795115,51.60638693208201],[-176.9727940987228,51.676943564611136],[-176.83056696925325,51.73944357099375],[-176.91500911318855,51.80610919982385],[-176.70501768873726,51.78805426550553],[-176.78091490079464,51.81357839143838],[-176.7644659453527,51.86916615372232],[-176.71223511315077,51.84972265135977],[-176.7911230712439,51.95694232253843],[-176.57975837561716,52.00204731976157]]],[[[179.62428285237945,52.02536232213194],[179.7637939469714,51.973921152497475],[179.7488403523412,51.91925273349045],[179.6124115613388,51.870779368390004],[179.47985847069015,51.9219001036606],[179.47695928524578,51.98151618296173],[179.62428285237945,52.02536232213194]]],[[[178.1476290887713,52.05070700686592],[178.18913300148566,52.00238243450803],[178.09806856662968,51.99778952974969],[178.1476290887713,52.05070700686592]]],[[[-176.14859088273255,52.11630897998117],[-175.97236713274063,52.035620534617024],[-176.0472419786697,51.96944316816146],[-176.18890456116753,51.998610322626064],[-176.20860367701115,52.07543068261846],[-176.14859088273255,52.11630897998117]]],[[[177.5965122369018,52.13362319400767],[177.67416421068458,52.0891858013273],[177.5288700837352,51.97249802970378],[177.60305831358326,51.923635589192955],[177.37132313589427,51.91860016532593],[177.32386833696538,51.82666597204384],[177.20054681257756,51.879999231917814],[177.49388168342642,51.98999985416972],[177.5965122369018,52.13362319400767]]],[[[-173.52002077234002,52.1533309179169],[-173.50891235963945,52.10166466629591],[-172.9543317551429,52.09366149820937],[-173.49669004604692,52.02027811295562],[-173.93945426819496,52.05361087979874],[-174.05557365731357,52.1294432232204],[-173.7994549130089,52.0883322666812],[-173.52002077234002,52.1533309179169]]],[[[-172.40168911049722,52.38916704789658],[-172.29501491193807,52.325278518369295],[-172.6339125457823,52.26416703725002],[-172.58001853936153,52.351664741782066],[-172.40168911049722,52.38916704789658]]],[[[-174.1500103795651,52.42027569042448],[-173.9872448688012,52.312499083250124],[-174.06074641517213,52.2243528774614],[-174.20057793523262,52.22000029174421],[-174.1000224938543,52.098330551235634],[-174.44168198761923,52.10833264651862],[-174.3633433741945,52.09999754305417],[-174.4122325066185,52.035277391978944],[-174.5311289919328,52.09722042484059],[-174.490571119899,52.040278450137336],[-174.69780070536245,52.06055353960238],[-174.73613076111732,52.00527857989485],[-175.34144682707517,52.02240649853916],[-175.0300149958241,52.02638907800236],[-175.0314951135884,52.07858557176038],[-174.90667825207808,52.117777780758416],[-174.58491621364033,52.10061931280056],[-174.60279952538096,52.14083384285217],[-174.50001633782816,52.138052940739776],[-174.55946458378185,52.181387888979195],[-174.41223254958368,52.16999722196052],[-174.4605723995706,52.22027491937151],[-174.33723561561757,52.18194486121229],[-174.23001214491984,52.251109140911254],[-174.33113214157368,52.309164998611756],[-174.2861339867525,52.333609580112984],[-174.35952873359446,52.27819728559999],[-174.46112174638128,52.317778567247004],[-174.1500103795651,52.42027569042448]]],[[[173.773072421713,52.509111010455044],[173.69220087055936,52.461942279684294],[173.72412228005047,52.3556190600484],[173.35443240989562,52.40305477376569],[173.773072421713,52.509111010455044]]],[[[-171.25116137338028,52.530394890290225],[-171.20990159395546,52.468959203021974],[-171.3047196881601,52.44940124113784],[-171.25116137338028,52.530394890290225]]],[[[-170.65970033262803,52.70011845174867],[-170.5552539194985,52.65271322794156],[-170.8466814602659,52.55888690977346],[-170.8211230181149,52.63499774277752],[-170.65970033262803,52.70011845174867]]],[[[174.100052874232,52.73682935705413],[174.1551981331889,52.70553359303933],[174.0542002275801,52.722066477950236],[174.100052874232,52.73682935705413]]],[[[-170.12532238639494,52.79209467074828],[-170.05868724425017,52.733302572401165],[-170.18779183614373,52.72194238959965],[-170.12532238639494,52.79209467074828]]],[[[-169.7759419760874,52.89361524031825],[-169.66946615144772,52.86749983906982],[-169.6989308377646,52.77742721472022],[-170.013353420841,52.831111403779694],[-169.7759419760874,52.89361524031825]]],[[[-170.0573597939252,52.92497201242305],[-169.99878129391982,52.87560221339759],[-170.12556656186476,52.89722008600943],[-170.0573597939252,52.92497201242305]]],[[[172.78109863859882,53.009995829437734],[173.12445183427403,52.99032728905645],[173.1733257325018,52.9583296194105],[173.1277630086071,52.92305129975612],[173.2466594598623,52.944165658812985],[173.30886953710979,52.91166444957993],[173.26664849114962,52.86360689785511],[173.42665212534254,52.82999943705731],[173.2188732358544,52.856664145090136],[173.1216595333697,52.783887354715404],[173.05665709492445,52.832498025980435],[172.90609868209216,52.74583191907324],[172.86665470624848,52.80083221061122],[172.73664985649035,52.793332503706125],[172.79109317672217,52.89027539342207],[172.43609752561568,52.91999565826777],[172.78109863859882,53.009995829437734]]],[[[-169.68223781257134,53.03583096225101],[-169.74612632576444,52.951667299428074],[-169.7465383370883,53.02430294035857],[-169.68223781257134,53.03583096225101]]],[[[-168.00532782261328,53.5659901069338],[-167.79124702210217,53.521083524048706],[-167.84134157307858,53.3861386176894],[-168.29603811406167,53.23053326308419],[-168.49778972803864,53.03250088172706],[-168.78613499824644,52.9486118472599],[-168.7561209500322,52.90666544527477],[-169.11612148328527,52.8208347231016],[-168.86168124930788,52.93972359546546],[-168.87446813534186,53.00361213366909],[-168.7616904668099,53.08027611036996],[-168.7989066755557,53.15861090489097],[-168.6144584973381,53.27361259269727],[-168.34446951536466,53.26139033833445],[-168.43724296543454,53.33083306659076],[-168.34556822562791,53.478889090331045],[-168.00532782261328,53.5659901069338]]],[[[-166.1200132160305,53.85444246671239],[-166.11445898951175,53.77472293362977],[-166.19446080860496,53.77166734966085],[-166.20779696483146,53.707221860606325],[-166.30002109092183,53.7502783316335],[-166.3011350002662,53.79861054030341],[-166.23057835980268,53.7769430715558],[-166.1200132160305,53.85444246671239]]],[[[-166.15791609834938,53.99893554827012],[-166.07304671216784,53.96981034869157],[-166.1960783118287,53.960609285214304],[-166.15791609834938,53.99893554827012]]],[[[-166.66406533558555,54.013671655992916],[-166.58946510592546,53.960277353668715],[-166.64834875206031,53.92499902946986],[-166.57501500334794,53.878886985403774],[-166.6083096570973,53.82712154456816],[-166.44002054061428,53.954166229269134],[-166.27501202606334,53.98308165338485],[-166.28657816101884,53.912181696461325],[-166.20556926548977,53.931945650684284],[-166.62169158096066,53.738334474483274],[-166.4900234889045,53.69194396228877],[-166.34393589526107,53.787044373803965],[-166.2744625986891,53.68638979191659],[-166.54335293555783,53.650554494904476],[-166.50891382671776,53.578887790284554],[-166.56335718803095,53.60555632891597],[-166.58557395519333,53.53305419804896],[-166.66446191026034,53.59860975271691],[-166.63835409732465,53.521388848655825],[-166.72001913447463,53.54000074387804],[-166.66223408591713,53.48361190282696],[-166.79890707023358,53.556945616426766],[-166.74835466525673,53.441112353947425],[-166.87414812440556,53.49134426548953],[-166.9821803141039,53.42214565104599],[-167.01544448886006,53.47632578556203],[-167.4555383746479,53.32110953041459],[-167.49231202844723,53.2577397829633],[-167.60104615499458,53.28721593106336],[-167.65934996204663,53.232433061968834],[-167.85515074753278,53.31011933768615],[-167.69220218625355,53.38823290564273],[-167.48437750214467,53.37953542294522],[-167.55620062694732,53.41494342946869],[-167.4718348038256,53.447871903861554],[-167.32811227153314,53.40577674327775],[-167.344668074814,53.45580267420413],[-167.26117198992054,53.45294929216427],[-167.29742687957983,53.482036350977225],[-167.1539027219974,53.46888710899446],[-167.18612930225825,53.52722144918356],[-166.9698817695173,53.52876642890211],[-167.08978531827714,53.525501032406815],[-167.1650111671774,53.601386788149675],[-166.99612691804094,53.62111260651697],[-167.0721767293066,53.66652274822243],[-167.0166805393122,53.714999922302624],[-166.89613611980172,53.71638848644559],[-166.86168174478772,53.626945296009836],[-166.788912588481,53.62583141264655],[-166.8332241377697,53.70770243080267],[-166.69113431300656,53.716110041131934],[-167.02835352538554,53.75583243586881],[-167.15759549234457,53.858554573945156],[-167.00390902677682,53.96333287222295],[-166.66406533558555,54.013671655992916]]],[[[-165.5155669559544,54.06704323053281],[-165.48280633015992,54.04309075318938],[-165.57420646475774,54.040862958435866],[-165.5155669559544,54.06704323053281]]],[[[-165.3589049958106,54.09588617409179],[-165.23512570034785,54.06262584939215],[-165.48242487122914,54.0738562841374],[-165.3589049958106,54.09588617409179]]],[[[-165.00168154169455,54.13694380363929],[-164.9205658169398,54.10992050290179],[-165.03830260280372,54.06366347228738],[-165.2244598221817,54.10083385384856],[-165.00168154169455,54.13694380363929]]],[[[-165.93612971160368,54.22583374589739],[-165.72722162444305,54.14442432719839],[-165.81946098667,54.12638843019911],[-165.65668024050282,54.11999883342364],[-165.87831409333685,54.03332507725693],[-166.0505705473992,54.044998026869145],[-166.11715992541627,54.12261184138164],[-166.0861388297078,54.17388899872144],[-165.93612971160368,54.22583374589739]]],[[[-165.63008424407113,54.29932392146347],[-165.47500918649573,54.293262388217116],[-165.57141416963663,54.20434942146653],[-165.38489075047283,54.194732595645554],[-165.61052240651682,54.115341095232324],[-165.63710324597793,54.195312395879554],[-165.58481139696275,54.23405446322878],[-165.68786924939485,54.242061499081466],[-165.63008424407113,54.29932392146347]]],[[[-162.80002175074137,54.49194360494586],[-162.58504067556746,54.45007352149674],[-162.53279456026314,54.38416701088834],[-162.78056676491116,54.41277720379835],[-162.83835180410483,54.4388887963119],[-162.80002175074137,54.49194360494586]]],[[[-130.67171026390739,54.762516981164104],[-130.64177250073428,54.72917271706931],[-130.71510626435065,54.759099006877335],[-130.67171026390739,54.762516981164104]]],[[[-159.58588031756912,54.830757796981075],[-159.51335527114412,54.764446931702246],[-159.5972633441643,54.75857228669991],[-159.58588031756912,54.830757796981075]]],[[[-159.27890407293285,54.94972297889057],[-159.20003137962883,54.90972970648925],[-159.30334861511483,54.863335348779266],[-159.26552210446016,54.92277977576638],[-159.32779321929712,54.92777702062148],[-159.27890407293285,54.94972297889057]]],[[[-162.29668032341317,54.981388357940084],[-162.23390566032768,54.9541018399258],[-162.27334957945718,54.84333448124921],[-162.42171078641294,54.87530543573288],[-162.43779357001426,54.927776587959045],[-162.29668032341317,54.981388357940084]]],[[[-131.2433046722679,55.00250713618754],[-131.2906068894202,54.91968242304155],[-131.19050921929474,54.915287906063575],[-131.34279192647742,54.856114301044094],[-131.39108600682832,54.8722809809377],[-131.35609762120913,54.92468729609793],[-131.40559712504853,54.89050760278458],[-131.47302704053234,54.95575444070689],[-131.2433046722679,55.00250713618754]]],[[[-163.77156424061016,55.05148320901829],[-163.4583318478937,55.041687111788164],[-163.5416905969897,55.02611169308768],[-163.42219899929512,54.945556755426786],[-163.3722416617265,54.78638853427168],[-163.16002243910236,54.76916520734416],[-163.04442182425336,54.671745494361566],[-163.3766666955303,54.74829878626834],[-163.42082558941217,54.65572753084819],[-163.58681066196073,54.61047375991058],[-164.2061343220124,54.59588627432364],[-164.37512533642163,54.452003516521096],[-164.64779984195508,54.38833237383359],[-164.84779678026933,54.41999814577586],[-164.94002093716887,54.536388349001236],[-164.92891256570113,54.59967035636495],[-164.69783351811,54.67169186416844],[-164.5083499939345,54.91138836653877],[-164.3100162656759,54.88888931235593],[-163.77156424061016,55.05148320901829]]],[[[-159.4527932697512,55.06499928057217],[-159.3439370725748,55.05773229769739],[-159.39780058080765,55.025555321927335],[-159.32890713095685,54.97694464941412],[-159.45779809922226,54.9413878403775],[-159.39851772854888,54.99328680086487],[-159.47999966511458,55.01147526404941],[-159.4527932697512,55.06499928057217]]],[[[-159.78815092135412,55.09181655242156],[-159.752292758209,55.06589187718463],[-159.8300210237891,55.06722319583641],[-159.78815092135412,55.09181655242156]]],[[[-131.2077975121476,55.11000531122337],[-131.19502587532472,55.043278628744275],[-131.2455782613386,55.073338435552124],[-131.2077975121476,55.11000531122337]]],[[[-161.81834793246927,55.180832220860104],[-161.6339149345015,55.10527835989931],[-161.7394752049525,55.05192980927874],[-161.8005714027473,55.081665363737365],[-161.7827949487452,55.16168244826085],[-161.81723400626666,55.09861024451326],[-161.90446851367514,55.14083511235732],[-161.81834793246927,55.180832220860104]]],[[[-161.34936910966096,55.22190131379889],[-161.3394356120896,55.158691786821166],[-161.4439125487394,55.19777715632959],[-161.34936910966096,55.22190131379889]]],[[[-159.52168677160614,55.24361100965612],[-159.4958535992053,55.13714663691025],[-159.542637039973,55.12768236771856],[-159.48366179248603,55.0564543547179],[-159.64224636757262,55.03805605001281],[-159.59556975805035,55.092499409905976],[-159.6589090016071,55.123333596279295],[-159.55557648001962,55.102257411047574],[-159.59279267804732,55.13777986360882],[-159.53780001283266,55.14868227580781],[-159.60780734040424,55.17222275904157],[-159.52168677160614,55.24361100965612]]],[[[-161.53999716079946,55.26007114480565],[-161.56282428296106,55.203308450751784],[-161.69668962923038,55.205555288307565],[-161.53999716079946,55.26007114480565]]],[[[-131.56312905106972,55.28447807032667],[-131.38850741207096,55.200932409735366],[-131.38069483134285,55.015934851927526],[-131.49991176349255,55.01573647091263],[-131.59728295388103,55.1229174944534],[-131.53140596006625,55.138073808520915],[-131.60698276768946,55.1765145019556],[-131.59152565428542,55.27319800586906],[-131.52113684314025,55.25278175611718],[-131.56312905106972,55.28447807032667]]],[[[-159.87410375732452,55.288086511830194],[-159.84169407281786,55.24450741878382],[-159.90724581716017,55.22528133729202],[-159.91232695991633,55.14679394754448],[-159.81160371579622,55.17968427817827],[-159.82890715767164,55.12722456455056],[-159.94722380007087,55.126099211935035],[-159.93159877514486,55.06628476594861],[-160.00679408459587,55.07550106278436],[-160.2263984719273,54.86370905999752],[-160.25668719361417,54.93361337569723],[-160.08188256419956,55.03748378353269],[-160.20050441130246,55.109482357011125],[-160.05769740701544,55.08728084018347],[-160.10947050513687,55.161110476838985],[-159.96883024089652,55.12109432674857],[-160.06502167368305,55.20138986822317],[-159.9539071623772,55.15944347682995],[-159.94502658689763,55.250557513238206],[-159.87410375732452,55.288086511830194]]],[[[-160.0606272044752,55.343868798441804],[-160.03384801433808,55.305336549516056],[-160.11830541724783,55.330872118212326],[-160.0606272044752,55.343868798441804]]],[[[-160.36502477139285,55.36277820797474],[-160.30800265581277,55.30407765916258],[-160.3339578276453,55.243183649710225],[-160.52946870832048,55.318890096818244],[-160.36502477139285,55.36277820797474]]],[[[-160.70334263083646,55.39945265520424],[-160.6456644052719,55.382137754816476],[-160.66640106307872,55.30158279780072],[-160.52388401929974,55.38052797000005],[-160.571399820958,55.23469591622561],[-160.4566842340654,55.187778974684605],[-160.54927455886434,55.18620730642279],[-160.4958382740861,55.16578724068169],[-160.53834924068283,55.12833454063181],[-160.75392542426812,55.19531295911587],[-160.82558065770124,55.11777923436145],[-160.86685576681933,55.32076306535534],[-160.70334263083646,55.39945265520424]]],[[[-131.81723375214855,55.41778262993495],[-131.61549722188272,55.28694617223855],[-131.6909366922401,55.305729730974704],[-131.68625681417865,55.24212519683126],[-131.81723375214855,55.41778262993495]]],[[[-163.13891981594583,55.43556605015263],[-163.12576672428477,55.39695750556431],[-163.17549512075672,55.41528330265855],[-163.13891981594583,55.43556605015263]]],[[[-160.2622568780356,55.46335270599029],[-160.13585307421334,55.44950537435073],[-160.14627479634746,55.3792958767453],[-160.34810279976887,55.41867877881681],[-160.2622568780356,55.46335270599029]]],[[[-132.01277526469931,55.662728127699225],[-132.01278193730556,55.66262969884617],[-132.01295925605984,55.66283343921015],[-132.01277526469931,55.662728127699225]]],[[[-159.3072400202628,55.81638778275243],[-159.3077740460018,55.7455107133729],[-159.36946534588654,55.79166853720325],[-159.3072400202628,55.81638778275243]]],[[[-159.14390998125435,55.8755575699229],[-159.08351567972298,55.83471743390948],[-159.19002202232284,55.84027924547362],[-159.14390998125435,55.8755575699229]]],[[[-158.82280405545353,55.89389104909395],[-158.69946724524067,55.83347389798851],[-158.8172345850903,55.86777944969702],[-158.88661626733642,55.80712957378519],[-158.82280405545353,55.89389104909395]]],[[[-131.63093939185927,55.90509497308611],[-131.5902289139573,55.85352027184166],[-131.69581975306792,55.868290764536916],[-131.63093939185927,55.90509497308611]]],[[[-155.56224517505902,55.90527839103958],[-155.58557579709202,55.76305504065547],[-155.72946617636535,55.77666967400546],[-155.75502466736847,55.82277791150937],[-155.56224517505902,55.90527839103958]]],[[[-134.2705728721845,55.93189284041358],[-134.2561227763387,55.88333937718508],[-134.11594028108192,55.913712016284364],[-134.3442422697951,55.839855630179855],[-134.2833902312115,55.87510725573229],[-134.36667272671414,55.91301389106426],[-134.2705728721845,55.93189284041358]]],[[[-133.87834566326828,55.938614394899794],[-133.91890349027184,55.85667087664168],[-133.9442636286398,55.91708423440953],[-133.87834566326828,55.938614394899794]]],[[[-131.26227177511188,55.97219173578378],[-131.07112483536136,55.82778258411914],[-130.928958569009,55.57611176542919],[-130.9836613296606,55.56611343758455],[-130.97226293579965,55.38907333838988],[-131.0298038441451,55.40852065595642],[-131.0643344230448,55.26016707513284],[-131.1850161718275,55.19083874957928],[-131.32704501981766,55.24520579510297],[-131.1904483739913,55.36159604235106],[-131.23556863991294,55.40917294014742],[-131.29982335098322,55.27631084002572],[-131.48379860322956,55.30001152812253],[-131.27724040843302,55.4333390428255],[-131.35641836929116,55.64848795599553],[-131.32535137519133,55.42985621681917],[-131.48459206996375,55.32617653735712],[-131.42445719863008,55.37806024382533],[-131.49013106569822,55.445763480996675],[-131.45958299512455,55.51534356356152],[-131.51643724752924,55.50873268476846],[-131.46620524871287,55.3743332772959],[-131.53303871845293,55.294133073577136],[-131.8343083552394,55.456303440476574],[-131.61706900741004,55.58763205407312],[-131.7238347887696,55.63452611170898],[-131.62390500927825,55.72944723874815],[-131.69911557594605,55.69647679921367],[-131.7205389405693,55.74730763730381],[-131.49000914618935,55.78748024718184],[-131.70070253007344,55.788170677729646],[-131.7094305809582,55.83673558700995],[-131.4613226374954,55.829899684980134],[-131.60002507981602,55.89963233157101],[-131.26227177511188,55.97219173578378]]],[[[-131.42862312435705,55.99625863704827],[-131.4333533274837,55.94556131049686],[-131.61557379870098,55.92556082590161],[-131.42862312435705,55.99625863704827]]],[[[-156.68945771272243,56.06388951271776],[-156.67569425970905,56.009343162661985],[-156.75343779934374,56.036442758208686],[-156.68945771272243,56.06388951271776]]],[[[-132.03279499491248,56.09555893541604],[-131.98224258911046,56.02472764403164],[-132.03056715664187,55.97500305744786],[-132.03279499491248,56.09555893541604]]],[[[-133.19391279048577,56.33194792484751],[-133.15053203469847,56.306095728690515],[-133.329990670513,56.30104504261712],[-133.19391279048577,56.33194792484751]]],[[[-132.43391820818957,56.35229944636754],[-132.3809854168583,56.256073714776946],[-132.50600065807268,56.18750451435327],[-132.36984648682443,56.22712016495366],[-132.10194783856167,56.10492400745116],[-132.18410115395648,56.07373502990209],[-132.26117333593433,56.13610913407068],[-132.16800311827126,56.045677933743654],[-132.21558002638915,56.04417112167662],[-132.23891066174193,55.9222266914473],[-132.46510709228647,56.171196689203406],[-132.4767924398318,56.13033693789011],[-132.71651094909134,56.21614141551342],[-132.43391820818957,56.35229944636754]]],[[[-133.61122546943938,56.356510700414596],[-133.31279402568225,56.328060731263626],[-133.53918176815012,56.285898161938746],[-133.6182291822073,56.20554024139137],[-133.66553148445297,56.31411796194236],[-133.5945323183047,56.28641182687968],[-133.61122546943938,56.356510700414596]]],[[[-157.83675087542923,56.36920242939711],[-157.8233231136496,56.30688554303964],[-157.9072464655979,56.34416656314444],[-157.83675087542923,56.36920242939711]]],[[[-132.48975016459966,56.43982766583215],[-132.40224097335368,56.38357996718093],[-132.55940650404156,56.35608360794488],[-132.48975016459966,56.43982766583215]]],[[[-132.9157298335048,56.456307096402035],[-132.63251140118967,56.42117377543688],[-132.65724583344112,56.27694769871798],[-132.82675579085554,56.241356525729934],[-133.06630352286635,56.330876014109094],[-132.9157298335048,56.456307096402035]]],[[[-132.38606670410152,56.48913645782181],[-132.17279451957057,56.35028150851846],[-132.02037445732745,56.34673767706324],[-131.92227562281136,56.2030990804724],[-132.05380641139442,56.229183960794415],[-132.0144539624962,56.17002182713733],[-132.07381063364323,56.11584167377678],[-132.33119597416186,56.236515769021885],[-132.38606670410152,56.48913645782181]]],[[[-153.8742572772386,56.563596154398475],[-153.95135990636504,56.504868883008875],[-154.13669315171975,56.50555550076943],[-153.8742572772386,56.563596154398475]]],[[[-157.2439165436658,56.586121442697745],[-156.97224905678976,56.536683011329586],[-157.32945728297818,56.52722251075822],[-157.2439165436658,56.586121442697745]]],[[[-154.44391364159782,56.59444552445868],[-154.39334599659492,56.55250293788825],[-154.4619647633158,56.54274874858309],[-154.44391364159782,56.59444552445868]]],[[[-132.98781242830546,56.5952803200533],[-132.98381458521698,56.51173082270147],[-133.0723766261548,56.55254044126217],[-132.98781242830546,56.5952803200533]]],[[[-154.4968463815003,56.60268144696571],[-154.45189398651655,56.59385424629474],[-154.5289050933695,56.59277848898095],[-154.53001895802166,56.53916673845262],[-154.466130399877,56.51666766429108],[-154.7939043886974,56.42250182094789],[-154.4968463815003,56.60268144696571]]],[[[-169.75223128136403,56.61622143831507],[-169.46423693020787,56.59701829355496],[-169.61445965706002,56.533053437658936],[-169.75223128136403,56.61622143831507]]],[[[-154.09834787158172,56.619447099655765],[-154.04057806707024,56.55639016737021],[-154.08446235655188,56.58278023515852],[-154.14436832550652,56.508744586511284],[-154.36255374861224,56.52769215431389],[-154.28668708751835,56.597779592662185],[-154.09834787158172,56.619447099655765]]],[[[-154.05446365126005,56.733334884827215],[-154.01834607666183,56.68611275581914],[-154.1372425648438,56.70388922651935],[-154.05446365126005,56.733334884827215]]],[[[-132.93945743119752,56.82361666032468],[-132.5425151318609,56.58379051780835],[-132.68124803250353,56.529545502725355],[-132.7483867299838,56.56725759039159],[-132.73799546312839,56.505497642936504],[-132.95215259359415,56.50967851914632],[-132.97511711676248,56.602333697726216],[-132.90053216415484,56.6339155878682],[-132.98199892491598,56.793038041220576],[-132.93945743119752,56.82361666032468]]],[[[-134.25832054347399,56.93811460424659],[-134.02260271728656,56.88156938096067],[-133.96501601470868,56.82444811313598],[-134.00864088223767,56.79570817811059],[-133.90779551717372,56.75970889516031],[-134.03929572001695,56.64541291742615],[-133.8844190269599,56.71393253276475],[-133.8744856019876,56.81087543469374],[-133.7272077376278,56.77616552580631],[-133.7705731732243,56.67951253574595],[-133.69044922551885,56.602577733866326],[-133.77779052309796,56.557781731537],[-133.94113590478653,56.61417056149406],[-133.84578370226222,56.574409985953324],[-133.98390624296962,56.50694704512749],[-133.84444086647068,56.445316818492735],[-133.94151728784442,56.43362857138729],[-133.83113514445813,56.323338060818884],[-133.8750651777121,56.275032543919814],[-133.98224296673465,56.36222506272729],[-133.99153551720647,56.2531971999133],[-133.91894946231025,56.27795078095092],[-133.880848235014,56.22211124865115],[-133.97116500561535,56.19732714707748],[-133.9311106566177,56.14673282361587],[-133.99422098446055,56.08032656510609],[-134.07976187295282,56.31221818267454],[-134.09724838187574,56.17445038936338],[-134.19940598938598,56.18087050951688],[-134.10390120119777,56.1431317233206],[-134.13606666450477,56.00093888120588],[-134.23668316200624,56.068893882595184],[-134.2639048732251,56.1302838003853],[-134.2055247504455,56.15308044024841],[-134.26475937895623,56.16209456202986],[-134.278583887809,56.25764509523473],[-134.15556753532368,56.29111908077666],[-134.30057181916206,56.28556104583368],[-134.29903070712086,56.341679057376055],[-134.1847118993326,56.44891784157919],[-134.17557184392936,56.36555907974347],[-134.13057369634117,56.41917084109224],[-134.05261649855134,56.3420987100318],[-134.0950207440769,56.4808392416131],[-134.038349600656,56.49306154026344],[-134.08391237717018,56.551113596300574],[-134.1388897654365,56.47753189196252],[-134.1915936601278,56.54509398812602],[-134.32097294969026,56.55326504937645],[-134.17259649803304,56.611656642440245],[-134.28502326619127,56.60722776216895],[-134.230900373276,56.68723722965466],[-134.36940441263096,56.67917293988585],[-134.42293232546248,56.83313411169702],[-134.28397050984321,56.81574292720204],[-134.3559157402024,56.88068050731668],[-134.31963034965452,56.90797848615693],[-134.1278120616319,56.84701202352157],[-134.25832054347399,56.93811460424659]]],[[[-133.87572170704178,57.0986142309988],[-133.33711686944716,57.011925315673764],[-133.27492199478235,56.92248974871576],[-133.31735673558987,57.01297817482465],[-133.08610975313027,56.99614776582293],[-132.94061711345068,56.85219255688826],[-133.0316815694692,56.837505959397525],[-132.93227046040764,56.658672967171185],[-133.0389141256284,56.610836647698555],[-133.33125742992084,56.88237438398807],[-133.29445318952057,56.806797608608946],[-133.3700147390875,56.844486805567016],[-133.34276250064067,56.76470241760667],[-133.21693848309175,56.70648634090925],[-133.2564587189908,56.64142285895123],[-133.0994915277958,56.61552108801483],[-133.18127864507417,56.61585676933191],[-133.0971569104632,56.56935180745155],[-133.11002003129545,56.48833908049928],[-133.20224414270766,56.446392656476725],[-133.4316906051436,56.49778040855562],[-133.43239248628376,56.45063075091756],[-133.65335502566256,56.435005718635274],[-133.700520010459,56.567081974737455],[-133.65053222856494,56.59949165002531],[-133.73234990271402,56.681156676122974],[-133.68243848448324,56.85749487788123],[-133.77364025081368,56.80591252755773],[-133.86668837550275,56.84361698122855],[-133.89809099588854,56.901772036324324],[-133.73779739740425,56.89472631376348],[-134.0594680264223,57.02500580571085],[-133.87572170704178,57.0986142309988]]],[[[-153.2111564256682,57.208409745092446],[-153.1610770699428,57.185864892466896],[-153.21323158394213,57.135770283445986],[-153.06252055760294,57.19036243538765],[-153.09131384983613,57.11102817777574],[-152.97069316660787,57.18979024385625],[-152.86864236899493,57.15075446570733],[-153.34779877582008,57.00777955113544],[-153.27734899705035,57.10565324156886],[-153.3925833458829,57.061047972178024],[-153.3334097884457,57.10892242855746],[-153.38513708444952,57.11401122540546],[-153.2111564256682,57.208409745092446]]],[[[-135.52817249740954,57.2258341369854],[-135.4511308342458,57.16917063591659],[-135.55780503289748,57.155559780423125],[-135.52817249740954,57.2258341369854]]],[[[-170.09721748174476,57.24940765301151],[-170.28313047138414,57.103621360447406],[-170.42062742643216,57.16184887316768],[-170.09721748174476,57.24940765301151]]],[[[-135.4705400596721,57.253116859789316],[-135.38947010010196,57.24361446159455],[-135.41896530835834,57.17861583111013],[-135.5150194198794,57.2263910849274],[-135.4705400596721,57.253116859789316]]],[[[-135.76382932098716,57.35104390756452],[-135.5706529819888,57.249607322954795],[-135.65779593199446,57.24639152095494],[-135.56390851923956,57.09444833044533],[-135.63802042084185,57.0103189870226],[-135.85014811853335,56.99331303570305],[-135.84575363560745,57.0888254250562],[-135.73109912266509,57.16888830704593],[-135.83612537714316,57.166115006278986],[-135.80281548033787,57.253624165046986],[-135.87697318737744,57.22309513239927],[-135.82503230478397,57.302494247419915],[-135.86446103328956,57.330280495872316],[-135.76382932098716,57.35104390756452]]],[[[-153.83986445784342,57.53436787889897],[-153.8322044901692,57.42891820991822],[-153.88971489822882,57.49515659905196],[-153.83986445784342,57.53436787889897]]],[[[-135.41109197074192,57.56333567496065],[-135.29111207239808,57.50952176057241],[-135.40492735532652,57.439449569435034],[-135.2249957233591,57.48889570248229],[-135.1594439444348,57.460003194130216],[-135.2177935400294,57.422226238767244],[-134.83060172565447,57.41496311357745],[-134.8291215592295,57.29272877129692],[-134.96613028692425,57.38194688912816],[-134.90950488686013,57.32973132254975],[-135.07280447048797,57.34278137753872],[-134.95064258597571,57.32727465207908],[-135.01039597725668,57.26251634324449],[-134.95760058438947,57.30871996315829],[-134.8372392136087,57.24694858904765],[-134.89001936592018,57.23972735984063],[-134.7993973702827,57.16333424623145],[-134.87112893172915,57.138336524938],[-134.79491127457402,57.14093434628942],[-134.77882848686696,57.09387624260909],[-134.83478246667354,57.087162367366595],[-134.76352390619198,57.06868016928237],[-134.69502711068438,56.89750327140889],[-134.70425865067497,56.8391536623461],[-134.79500269196706,56.86829030607644],[-134.69002219677273,56.83778037359182],[-134.66107624247323,56.77489127868402],[-134.74940938417836,56.78729666041625],[-134.63771501372713,56.7388957999863],[-134.75442948947753,56.70812262012194],[-134.62941422546297,56.725002673061326],[-134.63060432609578,56.54727974461717],[-134.67970715481886,56.63129081450584],[-134.66893440498282,56.541931533358884],[-134.76224190888277,56.540283570023156],[-134.63890507414357,56.47694817067189],[-134.75557376896467,56.4386142617099],[-134.63725709590406,56.41724053005128],[-134.73225831061353,56.38130988392915],[-134.63116881740444,56.37228050937978],[-134.75502438263692,56.290531530291155],[-134.6361279011069,56.32611504301332],[-134.6711314911277,56.16056099335565],[-134.69331780565878,56.23169364967079],[-134.80783503053743,56.235355740973944],[-134.77003902705167,56.28290213318901],[-134.82890743046008,56.26000249795558],[-134.80672120793125,56.38196600020472],[-134.87782713363092,56.301700945570815],[-134.95668460556192,56.3897250728162],[-134.9009290135206,56.45140110487316],[-134.96449711644226,56.414493900471],[-134.99330573291473,56.455875730846685],[-134.94331794511453,56.47449146210845],[-135.06224498609382,56.53106721827548],[-135.0216261175936,56.59869799138896],[-134.94044933965597,56.5745280820751],[-134.8294264611159,56.743290302640226],[-134.97719252716288,56.61468920823931],[-134.9817091823565,56.724491452321516],[-135.1189161633925,56.5941699319894],[-135.1416823203017,56.67861587975557],[-134.99367209014255,56.756355616139594],[-135.18890826939747,56.66444808785035],[-135.2116896760706,56.730282128887225],[-135.01961206452927,56.81952318348903],[-135.30391380330173,56.723060892432564],[-135.10500025964336,56.82727463639185],[-135.1967971546229,56.847294153581004],[-135.30920862923878,56.77697400843579],[-135.393940728822,56.851688654803176],[-135.31837921279364,56.87948636524368],[-135.3488968093814,56.911686219644714],[-135.29390411494262,56.88666944334729],[-135.38669287058184,56.98555782407437],[-135.21724398205365,56.94722777240668],[-135.31190954077908,56.99127606835031],[-135.22537696172694,57.034176165571374],[-135.1234024412418,56.98697311712074],[-135.40199749422334,57.09830882860304],[-135.28502363891766,57.16389111948179],[-135.42181869559192,57.16321589953693],[-135.34558582046932,57.24725368867857],[-135.5516862970001,57.23444772001606],[-135.6924944760935,57.353492954822805],[-135.49167353653098,57.355251560306314],[-135.63191710314788,57.39917396225597],[-135.5329180959581,57.451114894709576],[-135.5510455705382,57.50928139407317],[-135.41109197074192,57.56333567496065]]],[[[-136.1994679786747,57.716949597520255],[-136.13332110787138,57.69110503427735],[-136.18112687224863,57.64000334282872],[-136.26051838047343,57.67950833555558],[-136.1994679786747,57.716949597520255]]],[[[-153.47655293409392,57.9693234988497],[-153.2825984397202,57.90434779413173],[-153.20436657136767,57.797616398305],[-153.5349940723783,57.92824683125187],[-153.47655293409392,57.9693234988497]]],[[[-152.4193172529429,57.9706130272867],[-152.3224544238723,57.90024332735956],[-152.5229854316778,57.9137663976661],[-152.4193172529429,57.9706130272867]]],[[[-152.72180748597623,57.9868254433419],[-152.772527663579,57.921613190586626],[-152.8637752378566,57.95665116833981],[-152.72180748597623,57.9868254433419]]],[[[-153.2637844023211,57.99614085059545],[-152.8030452352982,57.912892788612375],[-152.9123286297072,57.81954332172174],[-152.86047921391227,57.72221133464198],[-152.8307856748478,57.841439693683206],[-152.731481466269,57.816861617207984],[-152.64041705500324,57.8903479543387],[-152.61807815951198,57.836968902425696],[-152.6419429419204,57.906838888448625],[-152.59082601180276,57.92590093744793],[-152.47067829470808,57.896485826881566],[-152.40045732570636,57.85573724498304],[-152.42633621155426,57.8147979126963],[-152.32517044540413,57.8218703756552],[-152.56982979568866,57.69506981025333],[-152.44316660736013,57.72545389145489],[-152.51842291148452,57.646546872068754],[-152.3941706153608,57.68699030979474],[-152.44878176654748,57.58518366682923],[-152.31572515649694,57.636075559132856],[-152.15616397770214,57.589082332628685],[-152.34561701084766,57.42127759743598],[-152.95900510600978,57.522389862576446],[-152.88779232058468,57.48500202808605],[-153.05212944491416,57.42809435412451],[-152.81639644169562,57.47174215273955],[-152.6020409211605,57.35785440541003],[-152.81870041380338,57.2644705908616],[-152.9160820296118,57.32053136387161],[-152.87610402065636,57.35279989083112],[-153.09834825431236,57.31055590155001],[-153.15436328997822,57.35707230931438],[-153.2054039128418,57.305406045178366],[-152.94069442283876,57.25693654614361],[-153.3894706272253,57.20778029262424],[-153.36018899383433,57.16998046373249],[-153.45634984843394,57.11010878123237],[-153.47290566691953,57.17540113188404],[-153.5406546884214,57.177113919737415],[-153.4897513666038,57.17025891788659],[-153.4932608354168,57.06644956887655],[-153.70609041528365,57.063374890391636],[-153.5786337484222,57.048360262698665],[-153.67072051670476,57.00758876746579],[-153.54059356567222,57.000943584176206],[-153.58752956604167,56.93558255900526],[-153.68921414895445,56.96945705317539],[-153.77388511615175,56.867776292191095],[-153.69403587133684,56.85820141432823],[-153.9767506474293,56.743363734121274],[-154.1505787681437,56.74694570926703],[-154.0805714912777,56.840558382478086],[-153.76279203998078,56.994721780132],[-153.85805264029267,56.96091973672268],[-153.85239166387626,57.02962624492483],[-153.97498073408764,56.95796332835281],[-153.92093415868877,57.06292853844952],[-153.74066686931792,57.13934076191385],[-153.80373145117986,57.1585324925609],[-154.08557643646253,56.96389135186376],[-154.1416830177103,56.997224165284635],[-154.11224884419312,57.0538914933266],[-153.95117710691173,57.12174734721151],[-154.474461998484,57.124169601171396],[-154.378911427978,57.04972198927148],[-154.29390475055442,57.11361054695353],[-154.09613559631953,57.12138874453521],[-154.1533559674569,56.94889195260063],[-154.25668847703466,56.93916827511211],[-154.21057640161456,56.905835458758084],[-154.29001363477562,56.86694461133986],[-154.30508934208447,56.91266375240455],[-154.29836018622547,56.851666748432834],[-154.22557577490426,56.875832864784485],[-154.3111317867031,56.841946899258886],[-154.35558069079795,56.949166580138915],[-154.2744649732773,56.955277737064996],[-154.52835597212857,56.992223039378054],[-154.5811362522204,57.248055683405596],[-154.79361489828665,57.28590889017273],[-154.7414603763332,57.31822319693588],[-154.78835065493138,57.36222190408038],[-154.69391400665,57.34527703503459],[-154.7411247027179,57.35472221685318],[-154.72057114865189,57.423333359647636],[-154.63002554300311,57.50777932084702],[-154.51224295034422,57.49972269822624],[-154.51782770785985,57.57656976845743],[-154.3961388620965,57.560002557261896],[-154.4550225326163,57.571946364802045],[-154.19946839229672,57.66444517606495],[-154.01057984175895,57.64722184790675],[-153.9755456126553,57.55169039669137],[-154.1039025282551,57.525834361142046],[-153.92670222197023,57.53335315497087],[-153.77905807513392,57.32055030656258],[-153.62556989662912,57.27416742840707],[-153.7483573938126,57.325002062245154],[-153.84734128546788,57.574490860839845],[-153.6741692731066,57.533776625672424],[-153.87985779311214,57.63299304809041],[-153.55837035885648,57.59623467615402],[-153.9056299239012,57.70126467586251],[-153.93530832024024,57.8032505948257],[-153.84700574780425,57.87174349240494],[-153.61989394666733,57.883576716908216],[-153.672490979315,57.86143239351301],[-153.5717829604635,57.83233390020236],[-153.48830201390493,57.61708200562535],[-153.51888067871045,57.71761452618242],[-153.43001348342642,57.69500101525668],[-153.4889124488044,57.77444588548888],[-153.30991157022848,57.71866741481783],[-153.4767817470638,57.841698995964684],[-153.20757091503597,57.7916044359267],[-153.19055731787054,57.70301954378168],[-153.23496049461812,57.89442196051782],[-153.04057874698964,57.818334043032316],[-153.30608175971165,57.98791635703222],[-153.2637844023211,57.99614085059545]]],[[[-136.49245221879065,58.09927376404739],[-136.33649207308102,58.009609330433385],[-136.45335905855447,57.84194955633363],[-136.50070713297757,57.92750557688368],[-136.57472752225723,57.92413718987218],[-136.55724103261218,58.07972724609821],[-136.49245221879065,58.09927376404739]]],[[[-153.26999481095228,58.14712655661706],[-152.91321372676148,57.98161453692951],[-153.27501491907043,58.087224368323845],[-153.23058130595902,58.0500005617362],[-153.42058374722905,58.05972419535279],[-153.26999481095228,58.14712655661706]]],[[[-151.8313810264083,58.26468048016999],[-151.79437843356845,58.209256752905844],[-151.86719334919448,58.16542205862533],[-151.89401832785404,58.215509025946325],[-151.8313810264083,58.26468048016999]]],[[[-136.31834951545957,58.27333842259705],[-136.31282580874986,58.22941981571347],[-136.36417165268048,58.25459680941478],[-136.31834951545957,58.27333842259705]]],[[[-135.7910972773976,58.28670520241269],[-135.49432899687702,58.1706163831395],[-135.60973116615688,58.0541956216015],[-135.7278036857313,58.05167027467002],[-135.63699859316145,57.99570486580623],[-135.7983602959387,57.98056049290943],[-135.65668240701044,57.948616239993605],[-135.4100699409996,58.144134768153364],[-134.95200099274598,58.03947480547468],[-134.92261249884254,57.92322572725977],[-134.99947100964417,57.88889344015297],[-134.93573501752562,57.846863116074296],[-135.22470604837739,57.9485819734095],[-134.94835401509272,57.80548890948287],[-135.06985974955384,57.77533752367669],[-135.89391085118694,58.00000399010914],[-135.5739034324375,57.8800051093773],[-135.65224205209867,57.85828039649676],[-135.514424654019,57.856693502908165],[-135.59224446886503,57.822502361738785],[-135.44064838876483,57.82864786098302],[-135.37227372691711,57.789737959947416],[-135.4311116124372,57.77112222849662],[-135.3245442082124,57.749332693312866],[-135.43668105381877,57.73583627803288],[-135.21890757741045,57.70333890615875],[-134.93169139262113,57.75861391152292],[-134.8366900173296,57.48056064635015],[-134.99446594483584,57.544727645571605],[-134.86557489916018,57.4633372835536],[-135.08864315895536,57.46551925746811],[-135.82112629787207,57.77032871214185],[-135.70943190429097,57.67889806685117],[-135.8155110012544,57.65112705598927],[-135.57051583022033,57.59552406646459],[-135.68112677719333,57.54722616768428],[-135.56850164579575,57.550724262361726],[-135.54732240910178,57.47931313433189],[-135.66263303791928,57.38114569991123],[-135.84001648124544,57.389171795765414],[-136.03336068237002,57.519169016536345],[-135.81279482721513,57.444172103661984],[-135.96864815700852,57.529117757724244],[-135.93330881215172,57.55670565208016],[-136.00002023722493,57.542781997875444],[-135.920964467762,57.585476101140394],[-136.02449534513994,57.55688874525782],[-136.10051466783472,57.61139312608541],[-135.9794514306498,57.62500398416536],[-136.16209916086396,57.64229979351721],[-136.10458880439418,57.688938290242575],[-136.2006429406265,57.7830850030118],[-136.4278005766079,57.825283149142294],[-136.36446138956794,57.92361460736199],[-136.2783560249566,57.9036141624195],[-136.36113497961446,57.93389140290593],[-136.3539023507133,58.00278102061753],[-136.02280176786914,57.838894050399176],[-136.4324088723134,58.08660134919133],[-136.36946639650722,58.14972696784431],[-136.27002483285565,58.103336450360715],[-136.35890735305583,58.22194681653426],[-136.28233874237998,58.22316371637084],[-136.1178031214328,58.06889357260161],[-136.18709330707432,58.10424436060485],[-136.16653978012639,58.22060407189953],[-135.98834760468895,58.18278137687143],[-135.7910972773976,58.28670520241269]]],[[[-152.89113445765,58.34333555497087],[-152.7750150421485,58.28194565364609],[-152.9383451448409,58.33191434395017],[-152.89113445765,58.34333555497087]]],[[[-134.52724220396343,58.34528007024301],[-134.25502529831118,58.1977810293613],[-134.58612581486273,58.23000372755189],[-134.69002295721458,58.300838824189164],[-134.52724220396343,58.34528007024301]]],[[[-135.6305443378203,58.38262960342715],[-135.53502428295207,58.33889411422404],[-135.73303762400357,58.36800785212655],[-135.6305443378203,58.38262960342715]]],[[[-134.9533592270213,58.41111404906406],[-134.6926626521889,58.1595996598278],[-134.55920928872607,58.19490851587505],[-134.29498801938092,58.10239833488622],[-134.33113611608832,58.14305918697871],[-134.17700707952133,58.15812726387324],[-134.2296346295316,58.12202114773052],[-133.90057864016552,57.80639314888304],[-133.89410884843775,57.6846890502252],[-133.80331898776683,57.577259560735236],[-133.97224911708767,57.68806123058102],[-134.25168353712377,58.039169735568265],[-134.16335037378747,57.99278303032448],[-134.31541953676253,58.095673020416925],[-134.2355702160289,57.96805996673074],[-134.3427937541989,57.99722712483739],[-134.28113293878724,57.91750377778935],[-134.30724068365566,57.83166927160778],[-134.24348947770957,57.87357754509966],[-134.04613217699875,57.67889450181021],[-134.0944720091535,57.647503351345456],[-133.936802907544,57.61336183583392],[-133.83835309871517,57.434727208346516],[-133.94398975741663,57.5347180363292],[-133.9072465559966,57.46861696824085],[-134.0844621722445,57.51216552592517],[-134.11224840992008,57.47055861835411],[-133.98813340165648,57.460686200557845],[-133.99261946102146,57.41405152685645],[-133.90793318886875,57.44582415268635],[-133.87390603803823,57.35250522047152],[-133.9808548774193,57.304253098819636],[-134.08520977945358,57.36877105778364],[-134.10667887435818,57.32085082801415],[-134.19669051801506,57.39667173506635],[-134.1059464159789,57.249374845507],[-134.23070224775975,57.1700062369566],[-134.30280007475213,57.25056118804712],[-134.27739413459574,57.14278073488937],[-134.3542679297241,57.15967983348627],[-134.32835848390562,57.12361568862239],[-134.48210601152337,57.02631036981022],[-134.61908416874968,57.01532402058121],[-134.60139930615003,57.16555824504261],[-134.6536149194633,57.23094977652629],[-134.5432938624083,57.227928553082386],[-134.62057965865438,57.27278175124159],[-134.44835370692186,57.30722467793402],[-134.5750169430909,57.33972587974977],[-134.58083057491882,57.40097465643118],[-134.3181962398326,57.33944744557442],[-134.39662644338034,57.377422743245866],[-134.32446763052192,57.392780725442925],[-134.4686326792529,57.38434640854899],[-134.60663324745795,57.51355399795621],[-134.50723745944495,57.465004361283576],[-134.5616808429089,57.49758568194807],[-134.49905877461475,57.516464628289185],[-134.56834893812155,57.506672289005955],[-134.46432978180172,57.54407159671609],[-134.5050249694197,57.528614436101144],[-134.39723685345413,57.493061475224],[-134.4540453381071,57.505588932298394],[-134.34891230659542,57.57667201598771],[-134.57965570268732,57.50616111741661],[-134.67786133387145,57.61130941724949],[-134.80992639557223,58.045154910055395],[-134.726689763641,58.17500340205058],[-134.7850545955041,58.096561774041724],[-134.89594027843486,58.1916354548753],[-134.9533592270213,58.41111404906406]]],[[[-152.6502135224996,58.48088593596417],[-152.48058155940242,58.46111438662334],[-152.5369780121719,58.40989062704053],[-152.469045881697,58.402116284887065],[-152.48642560358445,58.333985795115275],[-152.4050199741696,58.347222806125885],[-152.4266111344107,58.30090093686441],[-152.3650266766071,58.32611227835612],[-152.35780932379842,58.423348905789915],[-152.26279283968518,58.41055824128367],[-152.2389127966999,58.34028008241403],[-152.12279344689972,58.3961120061767],[-152.13779273585988,58.21750026032783],[-151.98515914808016,58.35256726017332],[-151.9722806615364,58.228704050296585],[-152.11246310890655,58.14750820346736],[-152.2544004276562,58.27185204598955],[-152.32335487998208,58.245835801302114],[-152.28891575607244,58.17694619412647],[-152.37058080076895,58.19111396496684],[-152.27139863725588,58.12520746103016],[-152.44621859131726,58.1443839163618],[-152.5455837880817,58.08305883199746],[-152.57390417463282,58.21861408500457],[-152.62784391400422,58.076894268246264],[-152.80759244442933,58.07790894978711],[-152.75391199709554,58.025834530107446],[-152.79800987737818,57.98893495828972],[-153.222250068009,58.15952051491349],[-153.17319309380153,58.216092478479695],[-152.85066804741308,58.154675906658596],[-153.10446753473576,58.26027812343783],[-153.04491250844976,58.30637111663867],[-152.72113624964982,58.2616667326431],[-152.80835552797117,58.33722442268558],[-152.72662945761067,58.34230942607785],[-152.88890671218078,58.40833417741775],[-152.7261259849654,58.46222442680317],[-152.67334581189345,58.419404459758695],[-152.6502135224996,58.48088593596417]]],[[[-135.92452025715576,58.49511734877525],[-135.86115048567507,58.467720203553164],[-135.96664975672883,58.45899215991512],[-135.92452025715576,58.49511734877525]]],[[[-152.33310546348696,58.63165043902068],[-152.4150145592738,58.48944615237632],[-152.65724783839372,58.50694413044919],[-152.56946405075504,58.54722352932075],[-152.6727965771298,58.564725343760024],[-152.61118161108155,58.60545105764554],[-152.52612912021675,58.5972227703471],[-152.5566924514959,58.55944581982321],[-152.45863951602058,58.63089129558849],[-152.45725092634106,58.55805728600705],[-152.33310546348696,58.63165043902068]]],[[[-160.68851278171988,58.81931698826653],[-160.88223821838625,58.581390498685515],[-161.08539370220947,58.55338296360666],[-161.0621241308772,58.700302203523336],[-160.68851278171988,58.81931698826653]]],[[[-152.31395587485406,58.962598295288984],[-152.15279253644908,58.94083547376449],[-152.36060196289523,58.91510912563606],[-152.31395587485406,58.962598295288984]]],[[[-135.30113788781676,58.951950321616806],[-135.30612748361844,58.9008371931859],[-135.35022545685405,59.01882576921583],[-135.30113788781676,58.951950321616806]]],[[[-153.42706950730653,59.41186643037814],[-153.34049110880784,59.35764434031418],[-153.55208471536614,59.334420431937524],[-153.42706950730653,59.41186643037814]]],[[[-150.70160571838898,59.41740198496735],[-150.61702621418283,59.35269329296865],[-150.77515301595383,59.306913089162535],[-150.70160571838898,59.41740198496735]]],[[[-150.33118338870804,59.462487947695024],[-150.29468433921306,59.417135018971535],[-150.43358508059634,59.39576125117757],[-150.33118338870804,59.462487947695024]]],[[[-139.71724584187982,59.63666869842534],[-139.76058078657942,59.607501517081324],[-139.71558259645585,59.578612822988156],[-139.7889163299657,59.56111479534712],[-139.71724584187982,59.63666869842534]]],[[[-139.56168253887998,59.7388911625283],[-139.50462991095702,59.718722867529365],[-139.59834939854048,59.71694901748629],[-139.56168253887998,59.7388911625283]]],[[[-144.2211525383056,59.99227023179887],[-144.6057349481679,59.80188245339237],[-144.3333351577989,59.99109147156104],[-144.2211525383056,59.99227023179887]]],[[[-148.07552271067473,59.974489312692604],[-148.25899436629382,59.93487746812491],[-148.00313505414968,60.03631793335831],[-148.07552271067473,59.974489312692604]]],[[[-147.85294281573186,60.07062352718803],[-147.8842690578566,59.9898930888344],[-148.0639412744491,59.949621303401194],[-147.85294281573186,60.07062352718803]]],[[[-147.96919956524917,60.125673401796625],[-147.89833773644483,60.10732090556771],[-148.16083461547166,59.99692353065376],[-147.96919956524917,60.125673401796625]]],[[[-148.05452676066335,60.198309034636544],[-148.165137614632,60.03052338250297],[-148.3257058521851,60.03027540121833],[-148.1949380360294,60.03912170491258],[-148.30113921232885,60.04702192484723],[-148.19155061514897,60.08648879891401],[-148.3022073609321,60.09692579153123],[-148.12213840516063,60.119321907310145],[-148.05452676066335,60.198309034636544]]],[[[-145.17504066949797,60.245924547240584],[-145.13314002527804,60.23612459593215],[-145.22034402002498,60.2552247712533],[-145.17504066949797,60.245924547240584]]],[[[-145.577704903035,60.31053400565308],[-145.4787211377303,60.31128170305005],[-145.61661484498043,60.35402154565508],[-145.577704903035,60.31053400565308]]],[[[-145.20664167157886,60.32362229149805],[-145.30202437080035,60.3331323153596],[-145.176642917538,60.36272294220741],[-145.20664167157886,60.32362229149805]]],[[[-147.15871385810627,60.33770965425108],[-147.01703600446552,60.343923817612406],[-147.12752484229142,60.261110541518725],[-146.9194407560746,60.29511096998682],[-147.38066801373094,60.0414640592058],[-147.37941673791488,59.95428678720013],[-147.51424338816975,59.93732280860001],[-147.4690315463717,59.85992261260944],[-147.9332343806109,59.78052343457484],[-147.89433977706614,59.86152090339843],[-147.7531349539623,59.878622213047215],[-147.82733846159235,59.903623725347444],[-147.66823511006538,59.97027795209829],[-147.70680934176679,59.99231163503934],[-147.41713656601755,60.11328335443528],[-147.32114359883033,60.228121009679604],[-147.17299603078183,60.25512908927776],[-147.23413799964715,60.25582335395055],[-147.173835305391,60.318422542559766],[-147.2315288006221,60.335695481327605],[-147.1038585354564,60.375074619037946],[-147.15871385810627,60.33770965425108]]],[[[-148.01209218696792,60.38014039054147],[-148.0335307192737,60.27962312035221],[-148.15773727381045,60.29467970930589],[-148.01209218696792,60.38014039054147]]],[[[-166.1251433518102,60.4100943516184],[-166.08867479386112,60.31824408657496],[-165.67673330420573,60.28882139272737],[-165.72981859647214,60.24511640225678],[-165.6822874467213,60.19870299252871],[-165.7512876653459,60.17163770905811],[-165.66654031638168,60.09651871061744],[-165.72473730834275,60.05902023097132],[-165.63002595841485,59.963500237161185],[-165.53442966907554,59.9816200615593],[-165.55968293155345,59.93115924738189],[-166.02966879229962,59.867041753396926],[-166.13443559756618,59.82131878102931],[-166.08742324098597,59.76312177290328],[-166.19263256892947,59.75152126340824],[-166.39172928118424,59.85151969621713],[-166.6129969517637,59.85272129342609],[-167.3221339398835,60.063120791304755],[-167.4644374737568,60.209288509058084],[-166.85303313999427,60.2043180496273],[-166.79894075729536,60.23261929429332],[-166.84103977122058,60.26821803865266],[-166.71243875198945,60.32741833743926],[-166.18581227496477,60.38568028207557],[-166.22113634340326,60.34881886196984],[-166.1251433518102,60.4100943516184]]],[[[-146.60964168498356,60.48633033869873],[-146.35311090858562,60.472292295951185],[-146.3767314707832,60.40552364856159],[-146.08414418432886,60.40242234751395],[-146.65244242486412,60.238424614612505],[-146.7082438446526,60.27922279029778],[-146.48973803730502,60.3640235415159],[-146.72872118292236,60.34588843289643],[-146.60964168498356,60.48633033869873]]],[[[-147.7232586111792,60.446878562069735],[-147.7062451053428,60.51322377567208],[-147.6202007377586,60.42907920267043],[-147.76993520430116,60.379823809540845],[-147.62953907749178,60.367311626244046],[-147.7789378110509,60.26182378492488],[-147.70844219076764,60.2385236273869],[-147.77803747327494,60.15307821628119],[-147.8565287111171,60.19427693187454],[-147.78153178519534,60.23102392146495],[-147.92104291456022,60.25992404284956],[-147.74434617638695,60.3219014542826],[-147.8892436374708,60.321474185439534],[-147.78983266751894,60.38362324553036],[-147.86234243573026,60.38842212268477],[-147.80487789347168,60.47445499365011],[-147.79463920918718,60.418722271485066],[-147.7232586111792,60.446878562069735]]],[[[-151.88803822728104,60.44452040934523],[-152.08103132072623,60.344823272256306],[-151.96953540039095,60.42012159412554],[-151.9503399058434,60.513520638077296],[-151.83383903746417,60.48762267815268],[-151.88803822728104,60.44452040934523]]],[[[-172.9179127528194,60.6026210929849],[-172.89897654762905,60.51530650183502],[-172.76582833641143,60.44567686005532],[-172.2184345597422,60.310419235244325],[-172.59474674934827,60.31487856165381],[-173.06770819350132,60.496274954714885],[-172.9179127528194,60.6026210929849]]],[[[-145.79763001768984,60.586222127714045],[-146.3328472282287,60.46008526835256],[-146.28792539130376,60.51709210832476],[-146.07573665853397,60.50442353296123],[-146.12850156725563,60.52752914541262],[-145.7648388954708,60.610521752588504],[-145.79763001768984,60.586222127714045]]],[[[-147.4509351621439,60.68612114688972],[-147.31594063579533,60.65851039145574],[-147.492332209633,60.61688438825884],[-147.4509351621439,60.68612114688972]]],[[[-173.04063918165974,60.6219196266364],[-173.1080982936646,60.65186117160085],[-173.07588701993546,60.692251186611806],[-173.04063918165974,60.6219196266364]]],[[[-147.94380932915985,60.71490676979878],[-147.85163096837437,60.69232377830594],[-147.9449384382283,60.654321752304696],[-148.02483350313307,60.721223895359806],[-147.94380932915985,60.71490676979878]]],[[[-148.19965347557186,60.75826076094481],[-148.12520583624445,60.748109864370065],[-148.1822431597976,60.703222314848844],[-148.0956342448152,60.66202360143699],[-148.17761969728454,60.63146023413878],[-148.25144177042935,60.706422833989755],[-148.19965347557186,60.75826076094481]]],[[[-146.715339558366,60.846224100578276],[-146.82453143219593,60.81302095983493],[-146.7818221231511,60.87408663741666],[-146.715339558366,60.846224100578276]]],[[[-147.15401452838154,60.90112514978362],[-147.08898156265448,60.892622200857275],[-147.3403395840092,60.87332360733844],[-147.15401452838154,60.90112514978362]]],[[[-148.06183620486453,60.92412381056367],[-147.9286574167342,60.80948074150653],[-148.14473711327588,60.78928188678344],[-148.06183620486453,60.92412381056367]]],[[[-165.95743509769062,62.02981847362786],[-166.0145487355207,62.029906203193676],[-165.96639203871595,62.07708637991975],[-165.95743509769062,62.02981847362786]]],[[[-163.65253510214058,63.122321318481696],[-163.70534577405382,63.13412016608466],[-163.65633457273947,63.16430587112192],[-163.65253510214058,63.122321318481696]]],[[[-162.37711452043885,63.62182174856474],[-162.3631374006063,63.53631913519266],[-162.71953692794312,63.57802134349871],[-162.37711452043885,63.62182174856474]]],[[[-171.66373427181682,63.78611926399732],[-171.64524054671028,63.68781834530364],[-171.08823372870555,63.571020044594015],[-170.2959366028613,63.686018016487104],[-170.09934234179377,63.61081892981393],[-170.0453414245587,63.51791962599393],[-170.10652911546916,63.463316047184655],[-169.6566390336463,63.43101707828158],[-169.4716414421889,63.344717221255266],[-169.4166487801094,63.35027905882133],[-169.56194296384902,63.376619516541446],[-168.69353484800249,63.291818941568145],[-168.85193619880027,63.14831765176903],[-169.43849921099505,63.152708277044056],[-169.40303777042226,63.124719851344786],[-169.58550228217507,63.05012342670977],[-169.53794059375107,62.98131774755416],[-169.6579356575561,62.93841764845481],[-169.76433519066023,62.96002026085564],[-169.89533198200505,63.10832039323651],[-170.0956341326771,63.19071781311529],[-170.29534112500858,63.18671998165336],[-170.3822247340422,63.293272078908515],[-170.60813112182652,63.36641885546364],[-171.04103818894774,63.42492479328237],[-171.4458384380546,63.30821789679889],[-171.7368387909808,63.365716777935425],[-171.84253654358187,63.548818393185535],[-171.74793215535405,63.65991763636644],[-171.7477338897115,63.784318714332976],[-171.66373427181682,63.78611926399732]]],[[[-169.06661428476053,65.74767873839524],[-169.11672415405693,65.76269337829426],[-169.09124203540853,65.81892201300157],[-169.0040533205251,65.80828665246057],[-169.06661428476053,65.74767873839524]]],[[[-143.84622388561064,70.12408661828175],[-143.77385142956084,70.11361910173319],[-144.01304818370582,70.0934240517753],[-143.84622388561064,70.12408661828175]]],[[[-143.5874500943582,70.13832311478663],[-143.66754340086862,70.08827427478582],[-143.7787495134663,70.12072206681322],[-143.5874500943582,70.13832311478663]]],[[[-146.0302450697976,70.19848806456235],[-145.9418508717845,70.17772086993175],[-146.0715506034392,70.19202596043075],[-146.0302450697976,70.19848806456235]]],[[[-148.97975421754296,70.48512385255684],[-148.81991838629608,70.47412229535327],[-149.0474422147366,70.49062463157901],[-148.97975421754296,70.48512385255684]]],[[[-149.8730496311845,70.5691233134247],[-149.7834194838721,70.55590921963719],[-149.9269894369278,70.56226447970379],[-149.8730496311845,70.5691233134247]]],[[[-149.50894440096334,70.56150924683442],[-149.41475187775183,70.54970659017737],[-149.6427487333139,70.57002362527304],[-149.50894440096334,70.56150924683442]]],[[[-156.07913578925888,71.32672098283427],[-156.10985173115645,71.32852151319611],[-156.11661138067345,71.33227517453692],[-156.07913578925888,71.32672098283427]]],[[[-156.03775309217883,70.83242018908226],[-155.93394756995434,70.83782181827912],[-156.0016506623082,70.75092300996529],[-155.891756891973,70.7618864687368],[-155.93173499465863,70.80810533051844],[-155.87375164209192,70.8321226727806],[-155.51324757695411,70.86372368807235],[-155.34155556344643,70.78532406860555],[-155.25613694732843,70.83068846046103],[-155.46394638708708,70.8366240917993],[-155.5183441507628,70.94427482819412],[-155.27765217051348,71.02422329211113],[-155.17984327137214,70.98451994406471],[-155.28445768066538,71.07568355277174],[-155.1573520528558,71.1176223535824],[-155.06294579014107,71.03732300118531],[-155.12875710761472,71.1311034982169],[-155.08385050177347,71.1354217442067],[-154.57324543464048,70.9927216544445],[-154.64261181682858,70.95367440381152],[-154.60641789720265,70.91088876850165],[-154.77104489777048,70.87442023590022],[-154.2346525539782,70.77401751135707],[-153.92874455554846,70.88111899774601],[-153.22954119037914,70.9279178308604],[-152.8657410314364,70.85152477689299],[-152.64454970277615,70.88932083586097],[-152.25844124102397,70.84052330273967],[-152.1920501873695,70.80232294067339],[-152.4275542077923,70.73332265780606],[-152.3792448589609,70.7190175536465],[-152.48123446890463,70.64050344125518],[-152.05244715968553,70.5827184909425],[-152.61004901333362,70.5542226006618],[-151.70617942526363,70.55224675531879],[-151.82530470433986,70.50386874652037],[-151.73794813007837,70.49670476118764],[-152.00015508472512,70.45822205021265],[-151.97171265479855,70.42810120834561],[-151.53612003944306,70.43866037028424],[-151.20035026230613,70.35492020450718],[-151.15158320883936,70.3758628995441],[-151.19005070763185,70.43232040688876],[-151.105547453789,70.38162309946829],[-151.06195320045194,70.44612200464734],[-150.67784372412677,70.45062341839206],[-150.7732264932328,70.50048911902971],[-150.51935076528773,70.49852078168811],[-150.4949518343458,70.4210214022754],[-150.35965216940713,70.42968841951406],[-150.41324099753268,70.40663238130416],[-149.8736446271628,70.51132302465592],[-149.46605187510798,70.51872361240096],[-149.42824056203767,70.49922288891095],[-149.48974871447322,70.48362076699308],[-149.33365126003912,70.45652118861274],[-149.33275107048564,70.50362506631706],[-149.05974075584533,70.4651195663064],[-148.94003541472244,70.37909054062257],[-148.5921503248756,70.40132266033737],[-148.4585442729841,70.343819942892],[-148.50874561924263,70.30142339057116],[-148.12324765409724,70.34922161576874],[-147.7820457788184,70.29232165749794],[-147.82354958539713,70.230920286942],[-147.66482760734357,70.19732809414977],[-147.2636435382212,70.20712431188082],[-147.0621053502853,70.14435732398641],[-146.51915192977347,70.1919190655633],[-145.88763630357207,70.12234673995921],[-145.8689443627664,70.17012200766378],[-145.57234387391824,70.08242217701421],[-145.58352850146306,70.04150573598798],[-145.1711902146028,70.02928352279001],[-145.30264462284129,69.98822210008964],[-144.96054251658626,69.96002392190803],[-143.25714304067353,70.11921917250285],[-142.75255000718877,70.04972311487006],[-142.5426347364256,69.98669672863502],[-142.5962235552599,69.95410394811871],[-141.62750027727563,69.75670188512585],[-141.34776452667074,69.62470854422821],[-141.20854461373804,69.6714159641644],[-141.29316280087687,69.68781390453064],[-141.00315962489617,69.64723475017718],[-141.00159387839113,60.30507209574324],[-140.52036210543383,60.219062195970295],[-140.44798972156656,60.307967539398284],[-139.9740973992408,60.184516386454945],[-139.68009113084318,60.335723398393796],[-139.05210037475814,60.353728868506934],[-139.1770391744065,60.08286627920198],[-138.7058018442798,59.90624206132186],[-138.60922887092937,59.760005661052034],[-137.60745845878185,59.24348437996358],[-137.5000516812092,58.984939481455406],[-137.5260220967108,58.90661993042556],[-136.82469772165013,59.15980530507551],[-136.58200666372142,59.165546462908516],[-136.45778491884954,59.281425536726424],[-136.4640716494931,59.46300512120727],[-136.30850828146467,59.46353157403106],[-136.2363037224761,59.526714415023335],[-136.35356757310643,59.5998879179441],[-135.47960520756544,59.7981035347838],[-135.2336792183226,59.69609475561284],[-135.02890616740382,59.563644686215085],[-135.02792955106636,59.47459439692615],[-135.10065291977534,59.427765162285866],[-134.99243755264064,59.38777189377366],[-135.0335599704323,59.350231451670986],[-134.95979893481626,59.28104430075583],[-134.70071991105254,59.24890170190655],[-134.4827480166191,59.13097418593376],[-134.25801639001148,58.86087458592337],[-133.84106985931,58.72985887487938],[-133.37999481303547,58.43181665058049],[-133.45988981916182,58.38848167867113],[-132.24782241164976,57.21112515141902],[-132.3687330108926,57.09167933384723],[-132.04481937501023,57.04510955639978],[-132.1231274053231,56.87390593387965],[-131.8731273438466,56.806279017617115],[-131.83540751256712,56.59912570399862],[-131.5813181333005,56.612309333604884],[-131.08699424538585,56.40613264884371],[-130.4682196775204,56.243290940327505],[-130.42549501511147,56.14172844639499],[-130.10542660605608,56.12268552336232],[-130.00300954937595,56.00787840877699],[-130.0100285485169,55.90887938361416],[-130.1739078768143,55.715283473358596],[-129.9983095177518,55.277531726547956],[-130.11281147564597,55.252507295838335],[-130.2660859210899,54.99482065750501],[-130.48140265370387,54.8375597333022],[-130.5249817725893,54.86676886522282],[-130.46390085105176,54.91056159721646],[-130.63222053569362,54.81671620609957],[-130.6805756649238,54.868062024694446],[-130.60057386844278,54.9722261611216],[-130.646136614469,54.96444798647374],[-130.69835215083435,54.85500431335959],[-130.63551642377084,54.793095600003646],[-130.72041632485076,54.764897345770486],[-130.7483094775218,54.96173572246211],[-130.73668221897367,54.82083988014724],[-130.80382090938375,54.84530733899963],[-130.83742073439308,54.76712892767489],[-130.93422251972635,54.80170151524486],[-130.97841202870632,54.9232835412466],[-130.9204896829902,54.98174759985794],[-131.01335469152002,54.99833770468954],[-130.9893373845143,55.06689926173993],[-130.83133262562026,55.118008599146386],[-130.78502215830162,55.03139208890184],[-130.73405782047652,55.08921146382018],[-130.68941056924575,55.01831531995486],[-130.71554891726294,55.1105012907453],[-130.5255769872044,55.152504949096624],[-130.6889223440736,55.15131092534669],[-130.4817080355528,55.321476972102424],[-130.74742452564777,55.099328038463256],[-130.82054469297222,55.19666384366909],[-130.92618126028796,55.09600922673497],[-131.07741115247953,55.13129134073044],[-131.09205961880653,55.19394011163205],[-130.9445987073174,55.29523560312978],[-130.62221097305698,55.29968740114779],[-130.68724394985324,55.322449689907785],[-130.61755708123258,55.38868428874267],[-130.72462798110516,55.30591297279675],[-130.85072662781715,55.302788717496924],[-130.8935123272214,55.41492173743167],[-130.87167705323424,55.543671589039775],[-130.77661477756672,55.5253152779814],[-130.8012119635,55.558884610721016],[-130.70668376967845,55.59589100254928],[-130.67613564915914,55.54778385972594],[-130.70051923351824,55.630646710886275],[-130.6418034198551,55.659489645275016],[-130.8594700245205,55.553616506687206],[-130.90150805894254,55.698494888015816],[-130.70273181373284,55.755097394672354],[-130.9069249342563,55.712170577452106],[-130.96939445553627,55.7809304867194],[-130.92979790685007,55.80979249167443],[-131.00378778141496,55.805172882397294],[-131.2165564423285,55.98308651786592],[-131.08833686826645,56.08508772622922],[-131.34413518624388,55.96728983735508],[-131.52351754885987,56.004727251100284],[-131.61445991284518,55.93778311674463],[-131.61949533370796,55.98504721450735],[-131.73653021647542,55.88811955492453],[-131.84390635512096,55.94889529674571],[-131.7457160068537,55.88428959816236],[-131.91946784950085,55.86444933255739],[-131.76639164070198,55.82125553801466],[-131.82526000905142,55.71877368640203],[-131.88713441941778,55.745529964800156],[-131.8177984383108,55.670002783316576],[-131.8936956324543,55.599919155112204],[-132.02724712025946,55.67924623164604],[-132.14011273145584,55.808617391413904],[-132.01001348024107,55.78750306063158],[-132.09779732945051,55.8477218592084],[-132.03891367340876,55.88750534597331],[-132.0672340162927,55.94389419712408],[-131.93001172538777,55.97611696373813],[-131.9727974652087,56.17389375141732],[-131.60170366873785,56.16968237867174],[-131.51834492136192,56.22389305376303],[-131.92445764363455,56.23305971353103],[-131.97999970635223,56.37000352207017],[-132.17470188096743,56.3787772977102],[-132.21129249974553,56.46074750571137],[-132.35924176802422,56.52772593814572],[-132.32501634916775,56.63055873680633],[-132.56557118683193,56.628617021005766],[-132.54025688067406,56.687351918293665],[-132.43294179466886,56.666081182473945],[-132.55717889240955,56.71475670043879],[-132.36610836775404,56.82532191458761],[-132.52711909018933,56.74811241847758],[-132.790012843179,56.843338667052905],[-132.95502148039387,56.9925047480649],[-132.78889901546265,56.971684156807775],[-132.80830825989358,57.10168903419622],[-132.996693247058,57.01036515598242],[-133.0116011124642,57.064392709682444],[-133.18622272797091,57.09201872126436],[-133.1316878342295,57.14194930067342],[-133.17281029185844,57.17731153919886],[-133.3079421090715,57.106327633000575],[-133.57558133666612,57.18500572280373],[-133.50497892476508,57.210667202731],[-133.49976046073866,57.29269845229075],[-133.21779324531065,57.25139295239925],[-133.25668792357183,57.29278241127208],[-133.1163375874857,57.33300078435207],[-133.46020970783945,57.35922296207767],[-133.3489121336627,57.44611415297836],[-133.4672745611803,57.421886993059935],[-133.51668258708358,57.544170919734874],[-133.3444719016022,57.59500560086454],[-133.6150255106378,57.576950598737405],[-133.67398550480945,57.62803320063925],[-133.65088374136778,57.71649603217048],[-133.57890803597306,57.73722510739137],[-133.06871499075567,57.50944961307361],[-132.8378952612064,57.50632540952291],[-133.05638589483422,57.52224792387885],[-133.16779038566983,57.638058300408424],[-133.59502133834542,57.772224952893886],[-133.57446782396383,57.91778235753851],[-133.1094713980104,57.849449755196666],[-133.1572314437312,57.906811350151905],[-133.5887042809975,57.92700629317527],[-133.67361937630136,57.78658727546402],[-133.85335276035428,57.951672085604265],[-133.76189159142243,57.99539997327644],[-133.6805774607946,57.93083623447848],[-133.70599863310605,57.97852757604827],[-133.6416828550641,58.024170437751835],[-133.71169016977447,57.99528172520765],[-133.776128079793,58.0638928596494],[-133.7100270381794,58.13805821330853],[-133.81723525626367,58.05167056372615],[-133.7860004900381,58.00904895585306],[-133.88884471911186,57.974075797356384],[-134.05334979059518,58.06389281778191],[-134.08157866929693,58.279358356317076],[-133.9839071685164,58.311947329048664],[-134.01610326536724,58.40124938602346],[-133.92618326661255,58.49993943056694],[-134.14502473384192,58.30389447792045],[-134.1018881015215,58.24509092771476],[-134.1494649856575,58.2005581453271],[-134.77498395423945,58.39114413733462],[-134.7878013967986,58.49500308216759],[-134.99034668360983,58.67646438131235],[-134.90555357545475,58.66028244869795],[-134.9355829473713,58.78750259623602],[-135.03226264675354,58.78973417841334],[-135.02669315488953,58.73090010557179],[-135.13835704132873,58.830559052609445],[-135.2751065395465,59.205665835741456],[-135.37308326843,59.26366066060452],[-135.3477995910701,59.49722694408939],[-135.40061014031696,59.28771995249205],[-135.55447980282386,59.317989550396234],[-135.36446201979138,59.21028160469927],[-135.2949276424329,59.09310556145743],[-135.51779760477595,59.20806142784245],[-135.3822537064002,59.10168098863185],[-135.38002582005902,58.924724814557386],[-135.13947081083623,58.617225925439605],[-135.14481136407463,58.57716016067531],[-135.23891235186534,58.61917140667459],[-135.05353315175202,58.346386252931545],[-135.09001686150495,58.24000578608002],[-135.31401590974266,58.24590708902337],[-135.49724360784677,58.50333808603383],[-135.4750114810772,58.375595324124774],[-135.62001579448707,58.42694875668177],[-135.91873711253473,58.3803254818816],[-135.83835385772844,58.48013704596299],[-135.88321471347473,58.49889390442503],[-135.8566949736507,58.56944673379509],[-135.93584233220122,58.58817307057072],[-135.83446293288196,58.599170856939665],[-136.08873554358746,58.81889737645226],[-135.78891561116748,58.89278047756904],[-136.05985067312437,58.853683604919006],[-136.1072445800172,59.03389370738646],[-136.18446934199102,59.072780717536496],[-136.3828031096117,59.08944709892954],[-136.15335662875302,59.00611507489232],[-136.1520901133343,58.94427883295783],[-136.35169034893124,58.93944939661],[-136.12434962670773,58.934536102439736],[-136.14249223893785,58.778976561885315],[-136.21549027678603,58.74975597069842],[-136.40030478745348,58.82252510502037],[-136.28418539528872,58.82804117482688],[-136.48834801617005,58.836948461649264],[-136.5205593986641,58.966995298153755],[-136.58859831058416,58.90735631223049],[-136.71057713962767,59.00806048495797],[-136.62358671453387,58.90325169287574],[-136.6683560001769,58.89250568321762],[-137.06058330413046,59.05972668690909],[-136.91391574002523,58.93944930975499],[-137.12891204020855,58.84222790366601],[-137.0139065736389,58.90417097414927],[-136.5617427969673,58.83237844365955],[-136.4883479918994,58.79455191751783],[-136.65447045603233,58.81611637373131],[-136.45058241102663,58.665004807444994],[-136.51445576021268,58.75494391256153],[-136.34963026667467,58.68675241082817],[-136.52113901904042,58.59361655347231],[-136.35558114088758,58.59000406017281],[-136.38165843653084,58.63218697739253],[-136.28111828047736,58.656868083498345],[-136.1405695002437,58.54722607910759],[-136.2355707086302,58.50889217279774],[-136.09857729022298,58.51257337574345],[-136.0383507714893,58.38306060114035],[-136.28279655727474,58.315002551530604],[-136.27628108138168,58.36615764173244],[-136.52947023909516,58.45278174737962],[-136.49847959958464,58.389022901973355],[-136.5937860067924,58.39194876095661],[-136.49220820303535,58.32579048294389],[-136.48502135076646,58.39639290053383],[-136.41144345454856,58.380603879509856],[-136.36835258780093,58.30361566687315],[-136.59668514495485,58.33222586019349],[-136.5673577016689,58.24553687219725],[-136.68001333250672,58.21000295016842],[-136.73247308013777,58.259525340847944],[-136.67909785138562,58.29820256442452],[-136.79140254652853,58.292064699348984],[-136.8078057784623,58.34972765957762],[-136.87613462048017,58.311393756606336],[-136.86946656852294,58.38361360562005],[-136.89224791811503,58.34111405944239],[-136.91760806099362,58.399322520180846],[-137.09502200683914,58.381393416436076],[-137.6572475212818,58.61000431660889],[-137.4950161013003,58.675002966728115],[-137.66835592434717,58.61361301847128],[-137.84140595760908,58.77430329561688],[-137.94057284445157,58.79111464907925],[-137.9333554824219,58.869170985002405],[-138.01668377014397,58.928615397486865],[-138.5058349110534,59.10293172289195],[-138.33225089901666,59.080005420398834],[-139.85669586052464,59.53528165542636],[-139.70946381016276,59.55861618113808],[-139.69669224051066,59.61972381683682],[-139.63876984057015,59.5676455801985],[-139.47122840827848,59.701549105523995],[-139.63706104703655,59.87310745423329],[-139.5043249037145,59.98800615306721],[-139.3000401375969,59.852424219848324],[-139.35163004910083,59.76472432495658],[-139.28055451740605,59.61998709646254],[-139.3594729659448,59.597781731791535],[-139.30223722193568,59.561671818310934],[-139.2283541875472,59.60611305069369],[-139.32224160053337,59.73305852775641],[-139.3005741733904,59.81944616359409],[-138.91446574254059,59.81222500295877],[-139.2542332523439,59.860744081715595],[-139.5050421097801,60.05512574956867],[-139.82573595166804,59.81872510121804],[-139.78043261025235,59.82872342974652],[-140.24803821561562,59.80602209363394],[-139.95073593870572,59.78652522400936],[-140.3049381757056,59.694022577651886],[-140.86223498533616,59.73332531330628],[-141.45663238209218,59.87625468864842],[-141.47370762612778,59.919853282456195],[-141.20959965995598,59.97608815605248],[-141.28738841421534,59.97234082844918],[-141.23608291210522,59.99751279277911],[-141.3285644385824,60.05494160638106],[-141.2793350401834,60.07991210077254],[-141.40663165821755,60.150905205382855],[-141.52143296788662,60.156254289285975],[-141.4703508851452,60.08855141177965],[-141.54909547603194,60.097384838042615],[-141.37146180509964,60.030046881757485],[-141.71218501892622,59.94897469837654],[-142.78115011441636,60.10608195009517],[-143.8899147326419,59.98932152447259],[-144.25394369959295,60.02662157429554],[-143.98189475236666,60.04852560729888],[-144.20973906047024,60.14232134396446],[-144.05263458115587,60.172121782048244],[-144.26563201093592,60.15232347032398],[-144.19679965246758,60.214621299854706],[-144.45133149015743,60.165621473925306],[-144.72072545421938,60.222475677512726],[-144.6405252475879,60.20550791655976],[-144.7079386187524,60.266424803394244],[-144.66849465859931,60.28482690877767],[-144.94225260544462,60.28991567012964],[-144.9267344816325,60.39142476195428],[-144.73091848191106,60.45929207051609],[-144.881797398683,60.469484915696384],[-144.82363099118868,60.61712896037004],[-145.33003951309237,60.33932356411034],[-145.44344286194746,60.37902309865827],[-145.34934191285666,60.389124431506026],[-145.51334338953674,60.39982463031948],[-145.31873280534174,60.42572264013132],[-145.48093373341388,60.419222370122554],[-145.4361797371988,60.467466851477205],[-145.49094349953262,60.42042399800997],[-145.95790826089916,60.467287475719445],[-145.7598339647122,60.539022886674424],[-145.63631415148032,60.667726970094364],[-145.90013858082204,60.61032336677435],[-145.81668828257926,60.640867660094735],[-145.90261051835043,60.6298851325353],[-145.8564069421876,60.6868919729796],[-146.01290103837027,60.61609117109222],[-145.90590647268525,60.713930538742865],[-146.26526616141797,60.62528836417596],[-145.9802320596721,60.747686780880166],[-146.05263504657805,60.794924162442584],[-146.2538068683279,60.71209942728011],[-146.32442457981665,60.7620872066136],[-146.50263191523584,60.66732247263631],[-146.6968000484148,60.72387913963607],[-146.0959089980827,60.83288802114367],[-146.23667136859967,60.88825451132785],[-146.3535383870913,60.816522928406314],[-146.64620196457068,60.81671361576016],[-146.6234358844675,60.86493139067979],[-146.76650234513585,60.94189669358677],[-146.56554408463134,60.93262319859417],[-146.72074125021098,60.96162250184216],[-146.6729355112324,61.03152301772972],[-146.50014496037838,61.00142127090137],[-146.64553075548608,61.07452228729014],[-146.18959817259358,61.13402019045413],[-146.6082383238233,61.1446211652727],[-146.98523707861807,60.92632125017833],[-147.06513210869556,60.940523355035836],[-146.97451020832204,61.01190398058849],[-147.11823274065245,61.00602169420808],[-147.19564052505905,60.92907924264823],[-147.24111177349812,61.01092737525132],[-147.30422210991298,60.987123655232885],[-147.26763148458645,60.918222603505946],[-147.3945388022483,60.871122518946756],[-147.46712488017334,60.89532675884034],[-147.39931484224886,60.92942634695728],[-147.46643824879303,60.91882147737455],[-147.38626860729366,60.971880112307396],[-147.48043058424386,60.95362295804256],[-147.42063143218044,61.01632132748692],[-147.49843599277176,61.008859767129394],[-147.50673670586647,60.90930380271747],[-147.56084436909043,60.90492070724967],[-147.4902420595059,61.06382192358269],[-147.52573406587183,61.15212071053114],[-147.58693697249456,61.01367390070079],[-147.69013212100725,60.951021299583914],[-147.60945889841355,60.944864392390016],[-147.61293783616796,60.84792149515591],[-147.6826399787644,60.84088336851102],[-147.74959561237034,60.93731889877369],[-147.83730308806554,60.87390336095308],[-147.7537459335471,60.8349019105712],[-147.83931720708472,60.812074749956984],[-147.8114394206857,60.84282121283743],[-147.89263142555401,60.82512100617889],[-148.0778121607232,60.92885784677074],[-147.96106726239177,61.068647438581465],[-147.6904374766897,61.210821240865506],[-147.76273361731006,61.20582397640681],[-147.72653981810387,61.27412231878232],[-148.08298493764025,60.99806408054269],[-148.14614112614737,61.085512184663166],[-148.22283170674874,60.9487209513513],[-148.34163664028495,60.95129585186427],[-148.27893824584518,60.910322201915584],[-148.33083338370284,60.90332222448631],[-148.31943502080753,60.83422280309812],[-148.42391195621363,60.8444843216419],[-148.3546980631892,60.805116658950205],[-148.72811113520916,60.785097068886614],[-148.46395098130273,60.78869818509126],[-148.64093764597567,60.7455234160872],[-148.69184090470077,60.65472217402626],[-148.53560623717559,60.76269719820062],[-148.37560257723115,60.7640438137257],[-148.44393133365395,60.61722374199171],[-148.23744949751244,60.761476543753275],[-148.30953196040625,60.67672159393345],[-148.2523420267297,60.68832209701849],[-148.20272039179852,60.608705562310554],[-148.45644347970867,60.52452278778516],[-148.27559628856284,60.49048045994639],[-148.29213677721972,60.43122295311642],[-148.09291813643864,60.595521988582085],[-148.05043764212476,60.55792434026954],[-148.10564391868252,60.52342421096379],[-147.97063413414915,60.497720804762274],[-148.1018139152609,60.4540157991138],[-147.94419061373557,60.43747148367527],[-148.10665092826073,60.4180927960754],[-148.10483510177485,60.3727207902989],[-148.1769023850278,60.40404707015045],[-148.1314311643743,60.36152083607931],[-148.17353014462478,60.33422285593499],[-148.26589161542827,60.361085938206486],[-148.21553757455388,60.30670362530758],[-148.33623455569492,60.246221584967095],[-148.39847517816003,60.27964976427519],[-148.35013530430427,60.23332409145903],[-148.4518045838692,60.18188670080073],[-148.21254682182834,60.2598896642989],[-148.30623575443454,60.20971875365462],[-148.19782205974695,60.213426656397615],[-148.22003881096484,60.144422598559146],[-148.1585306914076,60.23392302929073],[-148.09835001637785,60.21771439114058],[-148.28572787687318,60.11108594979386],[-148.34334511451937,60.18829540877071],[-148.4544442535699,60.02712062682416],[-148.40511257657985,60.0070820309643],[-148.4367287485465,59.94830517372241],[-148.55283292858041,60.0306225018466],[-148.64803243991784,59.914922726121624],[-148.80283290355095,59.992624265272674],[-148.75823143968267,59.956022254727856],[-148.84583212805978,59.92422292620395],[-149.13123254260742,59.96432297479172],[-149.03473604345157,60.09532350161956],[-149.21114284814925,60.008920585137176],[-149.3028328225471,59.86862364456006],[-149.31131675115407,59.93517103182223],[-149.3792336002779,59.90312375174069],[-149.30603725787395,60.009523292576695],[-149.4395364731866,60.12162195835828],[-149.4017403653902,59.98412120957373],[-149.63114089305876,59.81952081157119],[-149.54323498707487,59.78022181718039],[-149.53153144719633,59.7037218845875],[-149.64943613072256,59.737321716902855],[-149.58293833830345,59.7523211161174],[-149.66184154889245,59.77452263987908],[-149.62644122254108,59.87722191970795],[-149.7337410754081,59.95352347239083],[-149.75493544977067,59.822221597316194],[-149.87433549043513,59.85002308978447],[-149.76653211112614,59.79282172568999],[-149.74252994272953,59.640123222301085],[-149.83103094414014,59.685022192114204],[-149.77033149411167,59.70452293264931],[-150.03671949019017,59.79881075785649],[-149.92893135989885,59.72532063603184],[-149.9468298742537,59.65542393945459],[-150.0390387105771,59.6128213883985],[-150.14493475392482,59.691922928570655],[-150.0906439565928,59.6500223048981],[-150.16454225485862,59.622022417363354],[-150.09194091010406,59.580121797070454],[-150.209433587061,59.58212067991867],[-150.17963314445032,59.538121969513305],[-150.27083492143106,59.5322206171751],[-150.25443169797467,59.49022080719285],[-150.4013433019643,59.465322255625665],[-150.369132034933,59.52492308694257],[-150.3012304179645,59.511720431621406],[-150.36144161401438,59.53832411905555],[-150.23873055406858,59.731321103369964],[-150.43573668231542,59.57872174895505],[-150.4822301410732,59.463521706109645],[-150.52744193274998,59.46642086877204],[-150.48424434058973,59.52822278219819],[-150.57683467203404,59.52942058118241],[-150.51203064094256,59.604020807324204],[-150.6726293592043,59.548421572511],[-150.59233754776992,59.442922325657584],[-150.96213421577403,59.31182257481279],[-150.89493448536714,59.271722489717554],[-151.0022342656314,59.23432318293413],[-150.96713903248113,59.20012061568826],[-151.04543195180182,59.32542195615987],[-151.09453469824837,59.269422196655995],[-151.33533366989957,59.310521702651165],[-151.11434060029862,59.25512089408928],[-151.16313817454986,59.20472110838514],[-151.4123294990555,59.28022155392614],[-151.58324316056985,59.22962338516507],[-151.467337392247,59.21172103061128],[-151.6371371780567,59.187821928149674],[-151.5934359924756,59.162923406438274],[-151.74024079427042,59.157323408564295],[-151.76553989907129,59.21092371122985],[-151.70763280374942,59.225621748871326],[-151.98183325570707,59.25792074552653],[-151.96503338226213,59.34572362767567],[-151.849341260572,59.36842109394832],[-151.89253892696973,59.42882299999019],[-151.74693958420602,59.45692208030903],[-151.68964279347472,59.39282373675428],[-151.7088383979439,59.47392037729932],[-151.50363819472747,59.45182187041869],[-151.4081334745844,59.515222148576534],[-151.4504308561206,59.54472119329674],[-151.2523412631185,59.54922256758154],[-151.3225317100688,59.578622427165506],[-151.1938390930755,59.59132157378733],[-151.21533875964295,59.64642105274416],[-150.92513194790644,59.792722359164614],[-151.11653818834174,59.78432236570789],[-151.49773315741518,59.63702159414604],[-151.4259405329572,59.600022860155995],[-151.85863408991676,59.73912190305621],[-151.7075417496022,60.03422307197336],[-151.41850989908542,60.226903464482696],[-151.38623765162876,60.368020556126304],[-151.29793505159105,60.38232186965285],[-151.2758404308489,60.54262307028554],[-151.21944393899597,60.5274215114855],[-151.34064453086583,60.57832099441113],[-151.41764047336804,60.719323628289565],[-151.05564101512604,60.78742365638482],[-150.3820419531046,61.0351234871273],[-150.19564051083034,60.91982048449564],[-149.7691421338502,60.96472335374878],[-149.00463093172752,60.8192233032341],[-149.17884060329615,60.933023316610424],[-149.6170425363307,60.98062303483993],[-150.07453166887933,61.15812081287592],[-149.7075426940037,61.38022397708912],[-149.31794010429266,61.47562198455682],[-149.4629443969709,61.50512101326382],[-149.8772356871791,61.384923657361],[-149.98743455557354,61.23622293371403],[-150.46944443956082,61.23952256863488],[-150.66083547755318,61.31282194005581],[-150.68883531715653,61.25872190242495],[-151.04073343938123,61.16872169800662],[-151.16663362149393,61.044923316116446],[-151.73963156531553,60.91572325039925],[-151.8042372227728,60.8363203219956],[-151.71373726615917,60.716821138367514],[-151.87583140170224,60.75242367977776],[-152.00983403869265,60.68712367536519],[-152.3131328615311,60.508622509009925],[-152.32233385632256,60.42722068822039],[-152.24623825627918,60.39292275995428],[-152.5688394549901,60.22442372733697],[-152.84761752895398,60.23616150549084],[-152.77803745937717,60.245122239786525],[-152.95143837216042,60.305730117732224],[-153.10173742199305,60.28112148401586],[-152.93451636323041,60.287862080202565],[-152.90627230611864,60.22588088814963],[-152.67893157859373,60.168023415494346],[-152.58054283050572,60.04362234579937],[-152.81464305983224,59.879823035433034],[-153.28313361272225,59.830521817624],[-152.99384222751573,59.80832032613029],[-153.05924132182088,59.69042329074049],[-153.21793268870917,59.635022422068246],[-153.4211339773941,59.63782237760449],[-153.3450384519546,59.72412227964531],[-153.45993716858158,59.78602334847131],[-153.47983454029142,59.644723154858085],[-153.56583305968618,59.62492104876304],[-153.60404111064338,59.69652290610975],[-153.71233269467686,59.63652152074214],[-153.56293387991013,59.607423035273825],[-153.5925358957611,59.55372354092041],[-153.87293138717848,59.54402272229781],[-153.72563827539383,59.50062293780136],[-153.72933086596447,59.44092292894624],[-153.92053872745518,59.41492192497025],[-154.26973593545725,59.138623368997024],[-154.17943441697224,59.121922639517265],[-154.16474014266424,59.0184222826344],[-154.0682435972355,59.07412068903938],[-153.69963704624104,59.07552073895005],[-153.25394296024317,58.84752018488037],[-153.3559326970546,58.839520749949656],[-153.3945373792485,58.747323332383125],[-153.5943358893752,58.63182190497465],[-153.90103752424125,58.609723318195364],[-153.92383409416328,58.50142025264825],[-154.0915434291475,58.484822481643555],[-154.07253093352472,58.40412256857614],[-153.98813456644302,58.39182018356976],[-154.35503207755087,58.28732031833142],[-154.35294159989846,58.24552268355654],[-154.18584265107953,58.323422637038824],[-154.1060391614171,58.277821761018885],[-154.247228717878,58.25242348758223],[-154.15143402151034,58.21242258924913],[-154.30333524950865,58.19322319702082],[-154.215536152247,58.13842127376323],[-154.33743862394388,58.15992088701288],[-154.324834822549,58.08302041270159],[-154.48824125382484,58.20382039650625],[-154.45413779991412,58.09132117298476],[-154.60812951349362,58.12902179990863],[-154.54714011455133,58.08862035373545],[-154.58443255570245,58.02032201319655],[-154.67963216208713,58.06782260529099],[-154.77713578386036,58.0024234260915],[-155.0318354914079,58.02442274417098],[-155.04703320866867,57.956521136040536],[-155.13744152097277,57.94442090295291],[-155.09103950841512,57.87271986548322],[-155.3408411049528,57.82352168131325],[-155.28923586951254,57.79832180095274],[-155.36723878958423,57.786622114252545],[-155.304830311068,57.72332104108004],[-155.6132409764848,57.79112341944152],[-155.59624261730835,57.65842155858405],[-155.78172843729044,57.63862325291425],[-155.73503649292894,57.53982260978152],[-156.04123460899677,57.56432054763444],[-156.0322319013085,57.5200204726439],[-156.103734581626,57.52082154785979],[-156.02553324793533,57.43352221939297],[-156.20343548223894,57.4759225502979],[-156.54153963185715,57.323021814945086],[-156.54314178336804,57.279919554721594],[-156.32243867618973,57.28982254064294],[-156.4079336329623,57.22452254580908],[-156.33893336766798,57.17612168066772],[-156.4919332083545,57.11812300621842],[-156.4477132217809,57.080506285266885],[-156.615636184611,57.0787209824765],[-156.56062820139468,56.977120352352635],[-156.77473954791782,57.03672114591292],[-156.80893442637526,56.90247813993453],[-156.91814160248518,56.964020629029875],[-157.08614078865327,56.818920976527245],[-157.18723027684138,56.85472189279186],[-157.13983645598668,56.80422294282638],[-157.2033282541264,56.76422201953731],[-157.4381305335768,56.85888750545473],[-157.47470582992258,56.823845693754784],[-157.40582763095628,56.76232227190618],[-157.56740291043113,56.705506151076975],[-157.46243766751564,56.62352069976806],[-157.68239308961142,56.60730057741162],[-157.77132134216706,56.67968825199114],[-158.1378373611654,56.53448557473431],[-157.81953905251783,56.55612258273424],[-157.86662763261842,56.47111968344822],[-158.12334150453717,56.520519972379645],[-158.1328171849008,56.46062922834143],[-158.4057053441596,56.451229775086084],[-158.66344144425017,56.26382130743001],[-158.5290420323937,56.249119484757664],[-158.56433562764096,56.28692312647643],[-158.43964083769663,56.34152290135479],[-158.4491317803568,56.2932212070058],[-158.20070344861654,56.28332591914597],[-158.40224149807253,56.234520657535974],[-158.30176236536744,56.20702815110518],[-158.34332729004987,56.17622065225176],[-158.11812286489712,56.23669507705446],[-158.34810326599717,56.1223151702898],[-158.3870284624424,56.183521977166194],[-158.45444176163983,56.12822030539312],[-158.4002272574202,56.060421704612104],[-158.48503562311663,56.10952065619675],[-158.4249464621769,55.990906479340445],[-158.54584184750274,56.0089194603714],[-158.49303120988932,56.067520843159],[-158.59883563491388,56.04608222975533],[-158.45703578414233,56.19052193578577],[-158.61659693349154,56.19928045678775],[-158.55383752526757,56.16742011681809],[-158.61183615690067,56.12030097174399],[-158.72172996118113,56.1513220718784],[-158.64743489337522,56.08771964098498],[-158.7233320867482,56.04802007850119],[-158.63943925639975,56.018719403097855],[-158.6633344872194,55.94862052957183],[-158.83418716653628,56.01586979719208],[-158.9056287648801,55.912720382344766],[-159.36943486218337,55.86692106354829],[-159.41553162295145,55.78472196874201],[-159.4557080636364,55.8964849525687],[-159.52380802742888,55.88402614379323],[-159.48933837171657,55.76269589840456],[-159.59123646660626,55.560722940677714],[-159.7365306609981,55.596222489666516],[-159.62183035589126,55.60362301852527],[-159.69752922517415,55.656921952531484],[-159.5802349868899,55.80092296339982],[-159.80794190330064,55.854820782996974],[-159.86653561421915,55.78027396746957],[-160.02414363785243,55.78575184969883],[-160.00993767678005,55.71952108356871],[-160.09163322649502,55.71822026071593],[-160.04953421995276,55.69302037946452],[-160.14343681670766,55.73131992209801],[-160.12215077724193,55.66148808323788],[-160.41164049774048,55.65887497603835],[-160.3500407471843,55.60491991177138],[-160.4630320594732,55.57892273562503],[-160.49643350185136,55.47542237502957],[-160.5890086249917,55.606323685579056],[-160.76813150755666,55.54711956469856],[-160.65002847455347,55.512920823256515],[-160.6630289404972,55.46181914178465],[-160.89993690672185,55.52431910220849],[-161.2539254463903,55.34747351960669],[-161.4995309004841,55.36191974180629],[-161.49133698414576,55.48422274025733],[-161.35522865358828,55.61101947018052],[-161.57490942288328,55.617309873978215],[-161.68083590416668,55.56652098491887],[-161.63013095137552,55.56382018639035],[-161.70332733278914,55.50988799119551],[-161.68153773979344,55.40761978553874],[-161.8952369742187,55.204319299309255],[-162.04013442842103,55.222320834223645],[-161.96744151185823,55.098221124322336],[-162.13234323562142,55.11108425881872],[-162.08073804029075,55.17052105937184],[-162.21403878805495,55.12212016717946],[-162.22093572114923,55.025821958279316],[-162.303333177737,55.036522170909876],[-162.29530707596285,55.08227564655509],[-162.41383731716346,55.03247094737112],[-162.5233954456201,55.111328345714455],[-162.35121528258534,55.104126222853616],[-162.6320991287936,55.30328387808858],[-162.7164344083507,55.211021607863806],[-162.58513250964137,55.13472005958008],[-162.6398352354809,55.06851980212424],[-162.55023558747553,54.955719227159946],[-162.66749939353937,55.012878629755164],[-162.60632691409626,55.01362250366277],[-162.63792788011762,55.05302068883101],[-162.71722775574634,54.94882223231565],[-162.87752131171962,54.93127460534504],[-162.96155148135927,54.994503193354724],[-162.91893370131865,55.02561968207368],[-163.16933044945395,55.13442243161978],[-163.23002988865363,55.09152234282693],[-163.20782832507342,55.02281965438445],[-163.03053643890493,54.943618942637215],[-163.35713547087528,54.80590834077617],[-163.3879277218959,54.84891904446525],[-163.26362966613158,54.91467299184422],[-163.33681082313078,54.944275028586425],[-163.22183585566054,54.93492140815108],[-163.2919347389254,54.96641935082673],[-163.32483273886788,55.098121755005835],[-162.99873725279764,55.244819783043376],[-163.08523928911825,55.17512144484587],[-162.8651007645197,55.1810724014312],[-162.89143746774556,55.26782242090315],[-162.6411323681607,55.388519463393244],[-162.46564104276996,55.36862202987192],[-162.50490194431956,55.45971698586577],[-162.63057330440617,55.429439718886385],[-162.25563448862786,55.689121446307716],[-161.79463608621396,55.89112115663457],[-161.18753475420743,56.00832017492246],[-161.1164288042035,56.01021990461417],[-161.3827403801421,55.9115222136635],[-160.87343260474907,56.000019439041516],[-160.85173457580512,55.92821921727199],[-161.01823845298213,55.89511906788376],[-160.92692986035763,55.87932242137939],[-160.94394337848624,55.81451071823816],[-160.79970201100255,55.710083412207304],[-160.65211902362273,55.7272953445283],[-160.7560313932633,55.78272287608355],[-160.78313104603183,55.88312187912277],[-160.2443737144162,55.769081593088224],[-160.31290095293562,55.818230138350536],[-160.2350353724869,55.84802293226676],[-160.51073119371958,55.94332165096029],[-160.57722897639908,55.91070598279922],[-160.5233349630145,55.96728557417065],[-160.5789074805374,55.994266917740156],[-160.34523453647256,56.28392070303876],[-159.8338363849662,56.54452179685476],[-158.88823420405348,56.884422873256426],[-158.84543330651408,56.88642178087474],[-158.98593619775565,56.831020916175156],[-158.68652823889525,56.78302062958437],[-158.67888369283617,57.00527631710136],[-158.35963946140987,57.26292099540196],[-157.7871298766871,57.54262228937996],[-157.6853232522556,57.56231758446277],[-157.65559909539908,57.488281951060806],[-157.5899405346011,57.49622034494573],[-157.60492472182779,57.60642693694114],[-157.71314006305096,57.63632270099835],[-157.58739265030096,58.12747639511379],[-157.36543837578463,58.23082038290127],[-157.51292983191158,58.24911946189052],[-157.5424404016208,58.38251940857405],[-157.45863920293317,58.50242297690623],[-156.98064253094964,58.72012017384013],[-157.06833481438315,58.76902076176869],[-156.96874081043805,58.95711966778134],[-156.89267576514936,58.97864601515702],[-157.01656185903798,58.96765585406774],[-157.18213489987303,58.849121750916076],[-158.18503386710213,58.61172156191599],[-158.5710355337559,58.80562254874192],[-158.42973927910103,59.01631972507341],[-158.31284171018353,59.02412079873989],[-158.44113762757155,59.07682081773183],[-158.61983320003176,58.91472287327839],[-158.78223246068296,58.88241999457483],[-158.80393037375148,58.73601955279081],[-158.90483674013308,58.73872034239708],[-158.76202961224018,58.50212141784713],[-158.6999415973238,58.49012038942968],[-158.88863171404336,58.391022165617855],[-159.06563367300765,58.42541926093246],[-159.4973355183745,58.81892043975032],[-159.45473297646487,58.81032212092265],[-159.64552887590264,58.8392222347196],[-159.595037613531,58.95611981487776],[-159.7713376348039,58.93362070584489],[-159.7635403363644,58.83142116152218],[-159.91243555191195,58.768520602114506],[-160.00563628955797,58.879520638572735],[-160.16023831801388,58.8630220515722],[-160.14732942444707,58.935219006857544],[-160.24873930172316,58.89062136873234],[-160.3342343228012,58.94742219423347],[-160.25603305755322,58.986820395613094],[-160.3439389719927,59.05382171810496],[-160.29503456965472,59.074520271255096],[-160.69763760164378,58.93492137697867],[-160.83485981142823,58.813934428862396],[-160.8651332844915,58.879921050585594],[-160.9632320278494,58.876819688092034],[-161.29030408193393,58.77191165801345],[-161.38797551951043,58.661701235865415],[-161.30557807730935,58.67916493058328],[-161.76323481986532,58.55002211387805],[-161.82233214799834,58.62911984456502],[-162.17091916279438,58.6513060686478],[-161.872014778155,58.660491904552764],[-161.75836740409554,58.79663845419994],[-161.82323265125768,59.04862206126658],[-162.06059847753016,59.26847445147138],[-161.99440589522908,59.333057280184576],[-162.04950533381952,59.26104342470702],[-161.96043978047365,59.24332035491133],[-161.95877664784183,59.372211334191554],[-161.70809010422656,59.50004186589053],[-162.21013505314508,60.03712059225515],[-162.47093825711323,60.05392047836896],[-162.532736303914,59.98282214795424],[-162.75234077939749,59.99702041556353],[-162.7842316129911,59.94282119827262],[-163.3114379036588,59.82421837639317],[-164.0052396967175,59.81441831466193],[-164.20601488605894,59.92767281944058],[-164.09923393494287,59.99531885474924],[-164.39063104379267,60.07812062092732],[-164.66724247670751,60.30332120757626],[-164.88793031892277,60.3106186896409],[-165.1342377379893,60.4343216408334],[-164.99463511867984,60.47481848446733],[-164.96953445582486,60.539820923330126],[-165.36583565285972,60.50641937622718],[-165.4240326941824,60.5510208044518],[-164.96910732535466,60.72111439161908],[-165.04292937054893,60.772719599862015],[-164.984137276325,60.792018159725636],[-165.01457862388702,60.898463456527665],[-165.19888956737597,60.981257607472145],[-164.9908970655558,61.01956482541627],[-165.2937230670426,61.18926919851306],[-165.38773240787248,61.12161934924147],[-165.36183821131073,61.070319309907404],[-165.59923444723535,61.11011800677725],[-165.63663384874485,61.28431994644492],[-165.90117548863748,61.3592481813278],[-165.90511229413343,61.41528226260456],[-165.77933413215666,61.44451811840114],[-165.77037726456615,61.50283339156316],[-165.9684058348062,61.552489268615716],[-166.11223511577586,61.487818691383254],[-166.18083866939932,61.557417824434175],[-166.15167923932114,61.72232335916801],[-166.15389170057506,61.62927145851542],[-165.77744220007654,61.67631817340727],[-166.0083229355356,61.72088524065433],[-166.10274437228048,61.81241887667157],[-165.61144198313326,61.858717929600815],[-165.742698135067,61.95312402618993],[-165.74404099733349,62.07867332890076],[-165.23329915549527,62.45727444273629],[-164.80313879409206,62.595221578285816],[-164.89023609177104,62.78291990842849],[-164.80919678043836,62.92428877317742],[-164.6004261381597,63.02728180753507],[-164.5376362771859,63.08911805371359],[-164.580086262178,63.14025787298097],[-164.50569966251214,63.121520093697065],[-164.54164938880916,63.15270904967177],[-164.4263387817286,63.21152025029367],[-164.03853674957395,63.26272117290197],[-163.83176489386068,63.22126689567023],[-163.8430868793786,63.17946544633948],[-163.73703833730863,63.21441953139562],[-163.67388217770358,63.16345900475609],[-163.7075430268612,63.1186859029855],[-163.61000882937498,63.07952805499363],[-163.23723663064638,63.04241874335091],[-162.65700614018914,63.2332757514555],[-162.36473945983468,63.39662111988676],[-162.43433478921952,63.397719741461785],[-162.28124345081298,63.4884218141506],[-162.3155452468874,63.540721302967725],[-162.01203266305652,63.48342079083297],[-162.16994580138024,63.420104426043544],[-161.1379330515651,63.50852163931715],[-160.79953911367556,63.73831903638972],[-160.76883852082298,63.84172021483362],[-160.94603902183172,64.08032184859536],[-160.97074313013096,64.22991899802814],[-161.26864058544604,64.39822337530909],[-161.5347385895831,64.41541998475708],[-161.3769475788312,64.53591865731259],[-161.01723690105698,64.50631666915483],[-161.08400938318871,64.54028271813549],[-160.80474312393682,64.61164048608136],[-160.78054278058582,64.7150874408021],[-160.87194302779918,64.83631849255535],[-161.15174349999387,64.93102211021227],[-161.42473830671722,64.7615198229293],[-161.66274489548317,64.78791748672076],[-162.17183897179967,64.67961815569662],[-162.53153422862144,64.53172229786438],[-162.62633694504942,64.38761829355813],[-162.78183918936685,64.32542344931976],[-162.83213229931286,64.49182051959079],[-163.03072545931943,64.5430900115572],[-163.12633711370538,64.6493216758741],[-163.38343235477862,64.58042057869567],[-163.02424044730455,64.51261821472],[-163.14733298114064,64.39842142867141],[-163.65244475958352,64.56751922940913],[-164.29714376170656,64.56152241902551],[-164.99373778677068,64.43321879061126],[-166.20884087905793,64.57871876113401],[-166.47144473266397,64.73052076500828],[-166.46724862376507,64.79650739107751],[-166.37423108267325,64.8204942204474],[-166.4309327972983,64.89012005817158],[-166.94671054218975,65.15625611395407],[-166.85123642531906,65.27622071673916],[-166.928338991928,65.18701783280416],[-166.88384430689675,65.11901705440069],[-166.5417270533896,65.11787270092303],[-166.50983621145787,65.14321755226472],[-166.6233463110918,65.12651679161488],[-166.35384576739455,65.28331613436043],[-167.399805173765,65.3994734826383],[-168.0562383252573,65.5699216599997],[-168.12771055577454,65.64971747672172],[-165.84284528123007,66.31922003839816],[-164.4029348974311,66.58271665191381],[-163.60000225064928,66.55749401135638],[-163.9255484898252,66.57911565823613],[-163.72294225133675,66.51641733483272],[-163.8699452625142,66.38271981369338],[-163.8254352649612,66.27031596350838],[-164.19634577871497,66.19582249950251],[-163.9015460144414,66.19492228130144],[-163.76073779351958,66.06142317252882],[-162.73903997656095,66.09931854371136],[-162.62562134967757,66.03765780210982],[-162.12824596690874,66.07762828132618],[-161.85033762359075,66.0250160284283],[-161.49361793902133,66.2583000630236],[-160.9982413410081,66.18991789129787],[-161.11080555813115,66.3259270748984],[-161.5263481843204,66.39742205399936],[-161.90034101279957,66.35481945407538],[-161.8227347326156,66.2697212101402],[-161.903240087009,66.2652198542019],[-161.87644591993552,66.51312175076798],[-162.19320328449095,66.69970615147611],[-162.4910395841299,66.7338171192726],[-162.62093777923997,66.86291406950767],[-162.46455057443671,66.95463466821693],[-162.31834087017177,66.9481191914548],[-162.00579495139064,66.78324041625321],[-162.0628321605012,66.65746984953456],[-161.91444034415684,66.55381693114424],[-161.51174557400762,66.44341967126802],[-161.24934029449312,66.52111746245598],[-161.47860357742,66.52612230529664],[-161.88015402928784,66.7186881370527],[-161.76464521189527,66.90051949889654],[-161.48312063851904,66.94409101520394],[-161.5018432137319,66.98293225517658],[-161.80933836530352,67.05032263801047],[-162.40200484162887,66.98730374325322],[-162.46670210270557,66.99090480588967],[-162.44553823783622,67.05592250383515],[-162.9501462949702,67.0313176231781],[-162.83773477090722,66.99462025766562],[-163.69514138858113,67.10671879353406],[-163.87658397253142,67.41426725473276],[-164.1368380722191,67.61351645720647],[-165.40064758471385,68.04402004200115],[-165.96095033402216,68.13722062020858],[-166.20414503209375,68.26711863652059],[-166.83840709223807,68.34130675272708],[-166.3245370795781,68.44492163686002],[-166.192548900617,68.69631781189022],[-166.21401825437897,68.8818951814929],[-165.4135422903375,68.85501696661501],[-164.2821491514313,68.92881628659426],[-163.69084085396736,69.07611709633709],[-163.19039882403683,69.3598924846693],[-163.13903785092893,69.43202078372902],[-163.15023808111994,69.62761554855042],[-163.00595127712444,69.8190904705809],[-162.36674600347897,70.18721646301893],[-161.88554513233387,70.33191563272176],[-161.31694164395418,70.29551589609275],[-160.82895050463307,70.37322136004177],[-159.66366815244328,70.79627908846842],[-159.21182507621467,70.87188646331153],[-158.73314152285732,70.78761989434298],[-157.89514429762184,70.85501811325388],[-157.49335007868376,70.95461992364923],[-156.4803199474047,71.39068574599835],[-156.36343758405633,71.36309788013251],[-156.63913330653548,71.33489958879036],[-156.0277439735397,71.20401744967788],[-156.15884739641118,71.15808084591795],[-155.9353520391868,71.21842176211187],[-155.59094587727648,71.18132008268758],[-155.5239444137651,71.10971823500279],[-155.73155526391892,70.98651874383297],[-156.11854859404312,70.96182232364266],[-156.0043518091297,70.95152266343744],[-156.01892387397947,70.90647871934115],[-155.92595200117745,70.86051926726489],[-156.03775309217883,70.83242018908226]],[[-148.7976072684915,64.56190650507746],[-149.21930041898148,64.23451135474326],[-148.9085257297238,63.93490314393647],[-147.18818273972107,63.84065491495757],[-146.0559384298135,64.00709962868966],[-146.21655164685762,64.15282949526926],[-147.4556773260375,64.46446959644314],[-148.7976072684915,64.56190650507746]]],[[[-76.02306780271628,40.48194030147219],[-76.07761777639267,40.45525774123251],[-76.04979105653366,40.469862093199474],[-76.02306780271628,40.48194030147219]]]]}},{"type":"Feature","properties":{"Outlook":"Development","Fcst_Date":"08/31/2026","Target":"Sep 2026","AREA":328946.49,"US_PRCNT":3.53},"geometry":{"type":"MultiPolygon","coordinates":[[[[-66.71168954165177,18.472324901221306],[-66.5403092740161,18.35206584144316],[-66.5602210561821,18.26569409809726],[-67.13724385734791,18.144364381804493],[-67.08555379445856,18.314332250441034],[-67.14275156889812,18.504983974755042],[-66.71168954165177,18.472324901221306]]],[[[-103.7985239186576,32.0531930148641],[-103.80406893168748,32.05103674283934],[-103.83415871785296,32.05327446421351],[-103.7985239186576,32.0531930148641]]],[[[-98.58885231250018,32.49446496218521],[-98.60720116781602,32.216858107052445],[-98.23457525203582,31.85212862886006],[-97.48100110618604,31.838390883335382],[-97.26192897418106,31.76746921536269],[-97.28558229847536,31.654284637477325],[-97.51443627742667,31.47831243682416],[-97.98424466380902,31.34075353879519],[-98.06642811563184,31.185520468621746],[-98.36595043865907,31.089175412714653],[-98.4387519311845,31.010442506059846],[-99.02017574349003,30.843937982970104],[-99.42366741778235,31.06998936113828],[-100.52224199501505,31.131714110667662],[-101.1204814222104,31.27511255769964],[-101.38779023122088,31.2702936414255],[-101.4392417236174,31.299453833636225],[-101.25961874786168,31.588539663265927],[-101.24027692773892,31.748012391394077],[-101.37755347271904,31.773398735446538],[-101.43932161718523,31.60862930276396],[-101.5983367948323,31.574643935185748],[-101.83702069284014,31.70838748613311],[-101.78654723245782,31.875322987340425],[-101.58866060830975,32.02791449447902],[-101.59271766950197,32.09631229280327],[-101.70583340475577,32.162566811059186],[-101.8933422959541,32.02493686884803],[-102.20364517272611,32.15991622315676],[-102.31719002858176,32.11161959959842],[-102.28957826507859,31.865165569063432],[-102.1141441597887,31.735860369049863],[-102.3379459490098,31.444977563278492],[-102.31016377225012,31.25654510107825],[-103.13985851891815,31.37283238231263],[-103.63223017143787,31.514991442530548],[-103.82482275958675,31.884465983494877],[-103.77030747544347,32.06415930584572],[-103.4208275525191,32.199134814457146],[-102.9724749938832,32.549244041775324],[-102.79607215235124,32.840825247627336],[-102.57008670915482,33.0349942804185],[-102.05084348553676,33.28298330514081],[-101.99244856832044,33.230226741374125],[-101.74163845680924,33.285169968963096],[-101.64652426569224,32.991782340040444],[-100.81760709157187,32.45871546112492],[-100.20360127232271,32.42723336845782],[-99.7773108518098,32.49045111614306],[-99.45074105435104,32.62167788045831],[-99.74517914813889,32.95334188256805],[-99.77627757864359,33.12701843301085],[-99.62522715097525,33.39753365512823],[-99.46695128567285,33.483311040840846],[-99.20623921724248,33.47871576924076],[-98.95602695513548,33.40155400458976],[-98.65302429556755,33.16058246953551],[-98.51259675587552,32.947269276828685],[-98.58885231250018,32.49446496218521]]],[[[-95.29772458260052,32.046971582215455],[-95.87560124434948,32.09442437865008],[-95.87185786276368,32.1695791548547],[-94.74534232341807,32.83763847804209],[-94.39180712429773,33.54927234532738],[-93.92019786329321,33.663267870058434],[-93.73735892520381,33.81544544352662],[-93.61992443978521,33.688903578139275],[-93.63766654456836,33.568093187274215],[-93.79974156870705,33.434051305936535],[-93.96769303588275,33.3916357870548],[-94.02508112386258,33.26209125486347],[-93.95681361779279,32.73768596359978],[-94.21153687311225,32.47871147761285],[-94.99293638561801,32.23369108973349],[-95.29772458260052,32.046971582215455]]],[[[-93.5946337746366,33.998603021703794],[-93.77260249438523,34.03744047054687],[-93.92762601187059,34.324574991474186],[-93.86334276335222,34.373901942708144],[-93.6443997146922,34.30014902329737],[-93.56229033202483,34.11097678433491],[-93.5946337746366,33.998603021703794]]],[[[-88.56992850219625,37.88942216551815],[-89.35533259024503,37.99755230917464],[-89.4632818398175,38.11882878588964],[-89.35853099711576,38.216671187465785],[-88.79150137939658,38.177887800438505],[-88.58710506250887,38.080124336982124],[-88.56992850219625,37.88942216551815]]],[[[-92.08650524696152,39.53237250586965],[-91.83975756941783,39.42997200647782],[-91.32270462799183,39.479414556528646],[-91.21798503959837,39.40985968701355],[-91.41592651609419,39.18438125838827],[-91.51472375053292,39.16711799250988],[-91.56036964640056,39.254146935779964],[-92.29534649525613,39.468870448145736],[-92.08650524696152,39.53237250586965]]],[[[-92.72997227036122,39.36324215556568],[-93.02973313096555,39.34027774577744],[-93.5874988160856,39.111587948883],[-93.73901874816148,39.1641617960382],[-93.83545675662327,39.27952227002854],[-93.8201866580555,39.34589764019927],[-93.01705210844288,39.58030301053991],[-92.72369715792344,39.47350821748724],[-92.72997227036122,39.36324215556568]]],[[[-98.19470962469052,40.34132871758804],[-98.25820162151979,39.99441107231793],[-98.39491501448438,39.7046093349415],[-98.30097742449657,39.42299006946247],[-98.12390803221433,39.15566332428223],[-97.66387591414009,38.94375183649888],[-97.11377274196158,38.78454864875954],[-96.34558894240799,38.94190137731104],[-95.44043734498565,39.025092361739944],[-93.05939422509697,39.04511203315007],[-92.11530216354078,38.980719985233925],[-91.21051674393782,38.83472391469453],[-90.08331912777741,38.427924583047925],[-89.50293563346983,38.048896222873815],[-89.29871192545721,37.82868134786585],[-89.17651948936579,37.58533414077253],[-89.11869584979652,36.965436332222836],[-88.76341319765064,35.98722808586653],[-88.31767632928559,35.57585841794821],[-88.11138414723115,35.46876204894175],[-88.09771149993152,35.30412402153114],[-88.75753984767117,34.634068511199125],[-89.32933462085785,34.46118569400093],[-89.93984019306662,34.426842894876934],[-90.4425693799099,34.79653271873599],[-91.10258963201596,34.87799047093357],[-91.1453099958558,34.97311709440527],[-91.15569907772539,35.228586446702465],[-91.05750401204482,35.48364014304335],[-91.10163066913466,35.67540126244344],[-90.77161813753834,35.725263477555465],[-90.44585646106701,35.67019998272759],[-90.21245583426392,35.81099812069969],[-89.67071915990313,35.63421963662465],[-89.43996231078957,35.63515482088879],[-89.43121877724147,35.73896478404041],[-89.69889060152109,35.84148357943468],[-89.80841424851594,35.95243194012715],[-89.76936007677203,36.17029916898359],[-90.01605940579537,36.35498251476073],[-90.06503934987245,36.76947940434822],[-90.38397910102789,36.83639676598374],[-90.8477453972731,36.68260679058543],[-91.33741016462692,36.61464289725047],[-91.61112189861072,36.68909871572031],[-91.79857493233797,36.66883445400501],[-92.03675536495224,36.412804766637755],[-92.46407208916372,36.17472577952043],[-92.3335160696519,35.914309778833704],[-92.50254909196656,35.75193313213483],[-92.13441899247523,35.53419158385129],[-92.16772950835775,35.45062683618875],[-92.37404595380643,35.413338874728595],[-92.39268920847603,35.334816656252265],[-92.56707360997734,35.358240783524394],[-93.14779046194276,35.558855844205205],[-93.19273663919384,35.94480120282917],[-93.11814319075168,36.02165096885164],[-93.20780854110151,36.369269575589314],[-93.09533667894048,36.55872086993208],[-92.98148443450273,36.61655775994619],[-93.10666145147,36.82962871209638],[-93.48916975953568,37.05702146974428],[-93.5934385527783,37.19781443311311],[-93.62540457903687,37.335478017019156],[-93.56550103936168,37.48852593364877],[-93.06978396102058,37.80729104064993],[-93.08846136818148,37.89114600747144],[-93.21575285961416,37.948521281629255],[-93.52438364658498,37.897804294173646],[-93.74813160557883,37.6717323264933],[-93.97999315095726,37.59413964583084],[-94.14043756685524,37.63120020580153],[-94.3593828496962,37.85426236829845],[-94.52671168341085,37.84455855809641],[-95.20773885599006,37.707604170611276],[-95.76134696707376,37.368167538690585],[-96.64398699361067,37.42226826217732],[-96.86695519547581,37.509618488579285],[-97.06686979084964,38.32089998437],[-97.62606753424473,38.66733136819805],[-97.95003127055772,38.75203438497652],[-99.05064071144447,38.76410195455977],[-99.30220584504922,38.71239411042133],[-99.67220338559889,38.348892048627896],[-99.85491995696435,38.28731911336184],[-99.98185929306021,38.31331305755325],[-100.17297588600061,38.508277566225445],[-100.66231800452216,38.675511592317484],[-100.83513801845534,39.13880035786194],[-100.82657405131096,39.34322224984736],[-100.75499561782452,39.439054605707504],[-100.51903307936432,39.42029063147182],[-100.3840402155735,39.19114170776331],[-100.28165052083232,39.13824509994284],[-99.86107518097836,39.16299167194327],[-99.87984210431132,39.369145041518244],[-100.08735336516547,39.541752782066006],[-99.99301442335123,39.63098069472779],[-99.77137898462934,39.770027300988964],[-99.32456999082095,39.907288020872656],[-99.15170102154046,40.065332370624546],[-98.8126849944216,40.13194716514423],[-98.7864724945633,40.23297770096132],[-98.90589568670438,40.271269322275685],[-98.69195014435614,40.27617494370207],[-98.58117075529071,40.20273380599493],[-98.39404639513965,40.318580169632405],[-98.19470962469052,40.34132871758804]],[[-92.3533677716917,37.93582350300928],[-92.68690665961817,37.681815805407986],[-92.5552225741044,37.45114170006008],[-92.18213500334673,37.0918780894198],[-91.91796496038494,37.078095082356974],[-91.62433849637772,37.18281152629487],[-91.79027481452066,37.42392578890621],[-92.03882808437899,37.550858266343155],[-92.02483554009441,37.88360064189078],[-92.3533677716917,37.93582350300928]]],[[[-92.63743271348334,40.075088599173476],[-92.32832917351351,40.05788415218394],[-92.13764280128326,40.12738310868961],[-91.69361226744215,40.006411586921324],[-91.61158422783929,39.94070228606627],[-91.60968433081499,39.8189357777633],[-92.42666448855014,39.580350933973364],[-92.40296144036894,39.82651323872891],[-92.45938217689456,39.88699893437041],[-92.6324286306785,39.866919266997954],[-92.73982221980445,39.94196889482141],[-92.99630804136049,39.969574566748065],[-93.15788785965776,39.83794620828463],[-93.46847492335236,39.8198966986646],[-93.53372174080384,39.94687954344119],[-93.73298917591863,40.03924060220502],[-93.84452995466543,40.25205121690448],[-94.21906410309485,40.43251971557192],[-94.1932950204379,40.53855176876342],[-93.8666100968514,40.50670797007647],[-93.50614826147391,40.268158338972746],[-92.92087566445686,40.090733516376986],[-92.63743271348334,40.075088599173476]]]]}},{"type":"Feature","properties":{"Outlook":"Improvement","Fcst_Date":"08/31/2026","Target":"Sep 2026","AREA":692397.58,"US_PRCNT":7.42},"geometry":{"type":"MultiPolygon","coordinates":[[[[-80.25233568592513,25.35072998324587],[-80.45274088372334,25.08971432289041],[-80.33635982496908,25.231533766074485],[-80.36447415316178,25.287771954872195],[-80.25233568592513,25.35072998324587]]],[[[-82.18691692416927,26.518580843038027],[-82.01485051647646,26.454438393762057],[-82.10142122238368,26.42601518548554],[-82.18691692416927,26.518580843038027]]],[[[-82.12850687794536,26.693550100014306],[-82.0726663827173,26.492036099588073],[-82.18355302164987,26.67928308452297],[-82.12850687794536,26.693550100014306]]],[[[-82.63258287931735,27.38597400827582],[-82.58172488775028,27.340133724242392],[-82.69509109132554,27.442528077469735],[-82.63258287931735,27.38597400827582]]],[[[-80.48359539186706,27.055051511940448],[-80.55560303051851,26.971892429805752],[-80.411057386066,26.880055477834347],[-80.48502071095345,26.703341930431428],[-80.46891969186565,26.387216036561732],[-80.09552480966741,26.178385145441602],[-80.1169694395834,25.81983479628925],[-80.13724817940034,25.77008742144683],[-80.1258499202921,25.948492769540305],[-80.30536734855427,25.615426572810627],[-80.31102260115235,25.372631825046874],[-80.43154417870062,25.24604487608636],[-80.39453397383788,25.18718408377583],[-80.56376925418552,25.24547457609788],[-80.53362550635562,25.199896562200106],[-80.65399449883991,25.194632276417604],[-80.65627568735059,25.147354813765528],[-80.81478403510525,25.18724510986015],[-80.94069700733178,25.138135222366316],[-80.97221539642473,25.209675989854784],[-80.90957929134774,25.27045130621234],[-81.0824734236836,25.38552668673317],[-81.14815785171322,25.57154784817815],[-81.10794092929561,25.61289872261999],[-81.15180387690864,25.581853657659902],[-81.20214399815113,25.767356022313816],[-81.1632472524209,26.346459745642683],[-81.24996843687474,26.61540131473927],[-81.24813198664353,26.86669992648987],[-80.62515869520654,27.37273229585911],[-80.46669768480709,27.232777224369215],[-80.42561406046777,27.09364936406978],[-80.48359539186706,27.055051511940448]]],[[[-82.49025595099988,28.424133124996935],[-82.48336992992357,28.178003505121037],[-82.31203198669284,28.001901114379756],[-81.90161202651748,28.010040449757067],[-81.5020749066499,27.553643111922568],[-81.25536134157835,27.40591549416935],[-81.21587070922624,27.281359636392104],[-81.30976906022,27.059502956919143],[-81.65170616248973,27.04223545827922],[-81.82190767870988,26.77874394219676],[-81.90256444242547,27.011099268145596],[-81.984898650682,27.047696067756345],[-82.14329294175472,26.925574029435644],[-82.27136779912487,27.02790001581871],[-82.14915993516802,26.794582673242648],[-82.25517822863264,26.82226223609087],[-82.2670190577484,26.889851330289435],[-82.28575681996183,26.81630568880644],[-82.5709976848983,27.279141810485026],[-82.5724629877293,27.405916705485403],[-82.68997187642826,27.476099530868865],[-82.64240231548324,27.47595974892726],[-82.67897014079486,27.526181005053573],[-82.4941165136819,27.472564879598867],[-82.51645553817981,27.511584061996196],[-82.42720647752621,27.5227300370888],[-82.64035746232027,27.539972704649998],[-82.56949517654846,27.552856168515145],[-82.61039636986146,27.58794824546441],[-82.50751836168588,27.698953001994997],[-82.44099765157085,27.690627424866417],[-82.47381931791537,27.747741085459598],[-82.39696840607733,27.795867319826566],[-82.40182070729223,27.947827729280778],[-82.48724706154225,27.916404150765587],[-82.47404820244913,27.820941328937003],[-82.53090246707602,27.830029845867475],[-82.52854498700121,27.93677273087502],[-82.62115823468046,27.966084869324177],[-82.56224403363237,27.98140851330618],[-82.70177044310122,28.043933320447994],[-82.69975628024557,27.973977477784608],[-82.63185464916903,27.972665223399805],[-82.72653546153589,27.937951467463645],[-82.55763587500779,27.88931216266842],[-82.63222848574945,27.853478793129106],[-82.64336740032621,27.7030824094014],[-82.73849072013633,27.75582442429552],[-82.75053754065699,27.84435021749941],[-82.76755872318776,27.804044115996785],[-82.8317143217603,27.84343468790257],[-82.73394359752417,27.682103474392594],[-82.85498398253308,27.870383622636762],[-82.66323437659344,28.528934048284473],[-82.47148241483437,28.497847103994076],[-82.49025595099988,28.424133124996935]]],[[[-81.43645796856964,30.474496905669255],[-81.4140656866546,30.410839130769844],[-81.46414505131536,30.522256925837635],[-81.43645796856964,30.474496905669255]]],[[[-81.5274919378329,30.656328305273135],[-81.4355637964416,30.622981743005948],[-81.43244490775633,30.51786430186463],[-81.49209153551497,30.61483011250152],[-81.53547228220201,30.53256614546876],[-81.59616413448893,30.561803897673524],[-81.48356186425305,30.47741324115704],[-81.51979387289094,30.55965813238243],[-81.4741014144223,30.526144102922192],[-81.46326003625346,30.39642719984003],[-81.48608719353447,30.446819361919655],[-81.55764330355312,30.39398579022294],[-81.5822786276726,30.43890958230346],[-81.73064750556273,30.421480222197196],[-81.62082996602847,30.35236170941442],[-81.71298544694939,30.29437066537222],[-81.65742054765758,30.22043037248949],[-81.75863212091936,30.114515275202844],[-81.68824330743486,30.13960454704545],[-81.71297017879701,30.047643617755014],[-81.60673845520171,29.963403641275498],[-81.55065475260513,29.77526845125567],[-81.64619005625323,29.707267639046286],[-81.60122238826374,29.608671044102273],[-81.69773425508143,29.553460914780448],[-81.67687547598689,29.324218536204835],[-81.54496320124352,29.186444993193884],[-81.5274613691819,29.301189207443972],[-81.64972245569629,29.397010607606283],[-81.69108142068966,29.54736121274896],[-81.59401260790949,29.603929374598966],[-81.62645280658053,29.699048872651904],[-81.51668104861106,29.768543139483633],[-81.59095323124954,29.90855591151846],[-81.55584275051638,29.991590447467164],[-81.65899982568354,30.03505702272393],[-81.60018480977712,30.134510020199052],[-81.66440144274698,30.142305353915553],[-81.61831225986582,30.220046996604857],[-81.65893880128293,30.31565668267522],[-81.58752001738654,30.2967224304501],[-81.6155351658319,30.388849297574524],[-81.47349105720045,30.391172452855876],[-81.41965802964413,30.283756276275287],[-81.44526228872017,30.379079860365007],[-81.39223798200365,30.39751248361154],[-81.36193448827753,30.200374677817226],[-81.45627558205035,29.989166982095984],[-81.4745809338221,29.498187899032466],[-81.35507887171973,29.180140256210834],[-81.51014837758524,28.984869821319567],[-81.3216087281731,28.45219318988382],[-81.38100282368758,28.35196321151655],[-81.50005156185551,28.314821303061844],[-81.70009831535927,28.354549037386477],[-81.77483590464725,28.460510392953665],[-81.91145792824906,28.79725316503153],[-81.94629792563339,29.068262770975515],[-82.17544335992424,29.513507093447465],[-82.36874299058123,29.586762279263368],[-82.86045134953372,29.4756252848241],[-83.04802339980732,29.515588395060213],[-83.23373797411233,29.649775023384933],[-83.28130156782738,29.85653715213318],[-83.24943256029897,30.52722445959204],[-83.19340546370147,30.604949768013512],[-82.37402913669818,30.522029707086105],[-82.16553489558295,30.332305402747618],[-81.88583566046246,30.436569097943348],[-81.90167547498002,30.568812041326993],[-81.79933581252534,30.693445110645143],[-81.6554575882934,30.715096208972643],[-81.5274919378329,30.656328305273135]]],[[[-109.72981470794554,33.76113665247834],[-109.50654078139586,33.77670211737219],[-109.44295394647965,33.94165033185011],[-109.24921398598059,34.07414427522987],[-108.35277473059854,34.10976312282388],[-107.87972421305155,33.9165546436132],[-107.6337875296139,33.68957089475199],[-107.37208130321292,33.66752174315347],[-107.32316558567426,33.712239950756214],[-107.6443681131964,32.70029790981782],[-107.66859513419766,33.12976552692279],[-107.7478748743843,33.298502669992665],[-108.00976047562534,33.328863796831904],[-108.28627523346981,33.227203338701905],[-108.3750583795076,33.06966090374959],[-108.34025169979192,32.83165906790033],[-108.18262489684857,32.58738624594262],[-107.93669261511522,32.41668103768574],[-107.8231250857084,32.042295439757744],[-107.8335015463241,31.783668976362474],[-108.20903264264744,31.784528058356067],[-108.20905550382594,31.334025591669278],[-108.85100256640828,31.3328397515405],[-108.88571316973204,32.00550175585289],[-108.8201325197046,32.17373544608002],[-109.09367914598954,32.9679284464084],[-109.23215147016349,33.09628115476983],[-109.49137734101623,33.17314349551654],[-109.97481172127331,33.15114924251267],[-110.12637929360896,33.20290600503696],[-110.46809481962356,33.51372131428632],[-110.44857672482462,33.70633464297137],[-110.27475806866924,34.00630668242172],[-109.9329290414025,33.96128109382983],[-109.72981470794554,33.76113665247834]]],[[[-112.1536252049985,31.784920015089337],[-112.23388816738264,31.699346621375657],[-113.25544357155414,32.015825679017745],[-113.18267013791396,32.629140885595014],[-113.36779598443489,33.0965448529891],[-113.34940052915641,33.55667478941388],[-113.30864723034603,33.65635008863203],[-113.10216194419344,33.807469165469485],[-112.79310163703074,33.850966897523236],[-112.45431314705785,33.804287532968594],[-112.26508216219456,33.708600602002264],[-111.98358017924215,33.484948667438616],[-111.72736757552379,33.08945299060911],[-111.72504658357326,32.42671293449749],[-111.87252710853753,32.09767375697603],[-112.1536252049985,31.784920015089337]]],[[[-74.3809905697768,39.47763097622503],[-74.48054503071617,39.413769555513994],[-74.41333157647645,39.35572085529019],[-74.66131713600099,39.30487103177559],[-74.62674808265771,39.25505057598846],[-74.55190310165372,39.285926663396644],[-74.77442431527695,39.02682002538431],[-74.7895303483727,39.101119589297944],[-74.79088860860195,38.996417029781064],[-74.9739777860442,38.92831825246933],[-74.8935495602768,39.14888458250584],[-75.02889106007729,39.19895796515978],[-74.72030240715885,39.282413261942565],[-74.50288328089009,39.50258192345998],[-74.41196093110473,39.54089713169709],[-74.3809905697768,39.47763097622503]]],[[[-74.3199630291628,39.57456627005212],[-74.30462793722428,39.5092662697998],[-74.39521761096636,39.537931018194726],[-74.3199630291628,39.57456627005212]]],[[[-75.76033295232851,40.249968875735014],[-76.11601224487062,40.30802768976403],[-76.14582581216786,40.40978891487202],[-75.83840133558829,40.50538872367041],[-75.70771516368296,40.34786850169115],[-75.691902572326,40.27162579968237],[-75.76033295232851,40.249968875735014]]],[[[-110.99547637495037,42.32323159800795],[-111.048072963641,42.16526450839903],[-111.40553799981646,42.164554597342374],[-111.72032018081408,42.083204803218074],[-111.83926361566229,42.003797646206124],[-111.85318954895487,41.85097612215195],[-111.7923514643072,41.565776195286624],[-110.89401485014503,40.88795589740065],[-110.38280778515913,40.85849745332137],[-110.17845349235377,40.9947564662774],[-110.2698320121939,41.11112418160239],[-110.71096444776938,41.16108807909535],[-111.07923656430236,41.30384071897706],[-111.16359778918908,41.45311243906556],[-111.02242997876876,41.712686347726084],[-110.51061505299857,41.81686267777104],[-110.12465884772551,42.150624284805716],[-109.77783664640751,42.21730386658396],[-109.55200304940834,42.467276711844896],[-108.9297786105817,42.18786644013886],[-109.00358956153117,42.105279160799],[-108.90648684371695,41.78318612253407],[-108.72341473489725,41.61962475255005],[-108.51980356975727,41.52293759940358],[-108.35384788844314,41.537996941697],[-108.08057304025543,41.70076776406753],[-107.84199098237609,41.68732334980419],[-106.51722251635074,40.914923451235566],[-106.43212381368838,40.83711722020929],[-106.48480065842308,40.79045543901875],[-106.47852788311643,40.645006565145195],[-106.33754513367973,40.532960492680715],[-106.12488675797427,40.52689662419056],[-105.93360413613327,40.255926825047425],[-105.79999810485754,39.88751858200975],[-105.74341845487893,39.482306128812354],[-105.74671430371144,39.04932266990651],[-105.88190710608852,38.12811891957578],[-106.15540548060778,37.09808927937866],[-107.18318990388201,34.12184227617762],[-107.52774566185636,34.31107479660998],[-107.5681330524027,34.520374301313794],[-107.40973715484807,34.60895945673776],[-107.69637117823007,35.027025903884024],[-107.7920866812617,35.29582932659232],[-107.59883803938872,35.96128254197118],[-107.8355276365089,35.99507116861744],[-108.08962063924758,35.832409568129364],[-108.19231764453536,35.591159351812415],[-108.48706260885535,35.330821701262266],[-108.98037140060899,35.10467537741381],[-109.3144914251394,35.04168695147875],[-109.71099959887665,35.14717958345121],[-110.00109491781947,35.495524898241065],[-110.77305593215836,35.61705615372371],[-111.38898061966927,36.03016509158944],[-111.51468694655723,36.19036632395304],[-111.78528799756711,36.123043974237014],[-111.89890908615274,36.00814980035442],[-112.1161440784362,35.93039992176017],[-112.96952222885348,35.83909379499973],[-113.18701332214043,36.03614714955931],[-113.2874305098385,36.227408352899076],[-113.42126410317564,36.30201788279732],[-113.75314666843906,36.36707354214202],[-114.37046657545065,36.239857040714725],[-114.49724328474218,36.313396448745664],[-114.38900661379509,37.29730430813666],[-114.43353177376602,37.458089698250376],[-114.43307799425713,39.668952649139015],[-113.96592639329951,41.49912693628297],[-113.48177812828175,41.98308979559128],[-112.91792176255008,42.34703462743311],[-111.84224468147102,42.67929370247037],[-110.77342962200967,42.91248209761984],[-110.82448363368931,42.685110965895376],[-110.9889086249125,42.509944748535965],[-110.99547637495037,42.32323159800795]],[[-112.1938923990615,36.73244138371102],[-112.11487048633415,36.70908983713226],[-112.02322082672951,36.779396408809355],[-111.95385949136084,37.06442330577435],[-111.76265831279707,37.218437870291396],[-111.72936415710664,37.80120424118002],[-111.87410297657343,38.01281132068868],[-112.37850106405674,38.16682371785222],[-112.62052174831295,37.84351778917461],[-112.64858076858235,37.40297713972134],[-112.59352346126623,37.174417901859286],[-112.30302316615357,37.05337130395283],[-112.1938923990615,36.73244138371102]],[[-108.30269357151296,37.73879715568154],[-108.01183314713869,37.66023227830589],[-107.92268907738536,37.74847832751879],[-108.09062466556564,38.02306708725602],[-108.3808641126265,38.23708257880713],[-108.55614777387191,38.17343240048682],[-108.55998609943428,38.021814120976714],[-108.30269357151296,37.73879715568154]]],[[[-70.60190621255103,41.449437064637735],[-70.56610908290844,41.46915523963836],[-70.51411335542765,41.3439818441434],[-70.7750019639255,41.29940498650187],[-70.84058426344305,41.34740532957549],[-70.7667545874408,41.32885445531649],[-70.69827312564477,41.4341897137524],[-70.60190621255103,41.449437064637735]]],[[[-69.99534625499211,41.33302012889533],[-69.96835344402973,41.25191202038986],[-70.098676692657,41.24137541073821],[-70.00785846544498,41.320004378831094],[-70.09026358154942,41.29733744079616],[-70.05155965545889,41.39584438882253],[-69.99534625499211,41.33302012889533]]],[[[-70.55378000247876,41.93078329011507],[-70.5406574328638,41.808083529067645],[-70.36404218068951,41.73666740786827],[-70.37133058447719,41.61466690133309],[-70.68443340414073,41.518528872478775],[-70.6191410361928,41.737362840260985],[-70.67260021879152,41.690499273703914],[-70.7064289679667,41.744732834076316],[-70.76471755566963,41.642025903167855],[-70.86744738583218,41.628041217159144],[-70.8543705964387,41.57986158164164],[-70.91316273481726,41.66956801825771],[-70.95677998896831,41.51360790358995],[-70.88958692178825,41.764148664252296],[-70.63713131858006,41.949795354152066],[-70.55378000247876,41.93078329011507]]],[[[-69.69332908525205,43.9081014989489],[-69.71688866036487,43.8546880972386],[-69.65982840753787,43.988442853832204],[-69.69332908525205,43.9081014989489]]],[[[-68.86195369575667,44.10664510884119],[-68.77360527499194,44.063695426873444],[-68.84873194696965,44.04010914748109],[-68.91100308897218,44.096208093733715],[-68.86195369575667,44.10664510884119]]],[[[-68.5980833647033,44.0473380072793],[-68.6593169037395,44.016076555719046],[-68.62139880404838,44.08749914662149],[-68.5980833647033,44.0473380072793]]],[[[-68.6669386862825,44.27765039506655],[-68.60274493599981,44.23053124748684],[-68.66597737831819,44.21429589109992],[-68.59965502979792,44.21320107440184],[-68.67456807609858,44.150971904613336],[-68.73290245064942,44.220826651922586],[-68.6669386862825,44.27765039506655]]],[[[-68.86978147080109,44.34454874697814],[-68.92484282340278,44.23337700265411],[-68.87608335522451,44.391511493351125],[-68.86978147080109,44.34454874697814]]],[[[-68.47638686681314,44.32262187470322],[-68.53060899254488,44.33193736518005],[-68.50977311216444,44.38656384053921],[-68.47638686681314,44.32262187470322]]],[[[-68.33041682839615,44.432788376199305],[-68.19976208867874,44.32999989335067],[-68.28131843972496,44.28661113132328],[-68.32586649380178,44.36479717937304],[-68.28616310447765,44.250630899991485],[-68.3355787077922,44.22171548786517],[-68.43189985022143,44.29599909872365],[-68.33041682839615,44.432788376199305]]],[[[-68.3609388361051,44.44064481786042],[-68.4284742570579,44.39946896606517],[-68.4222614075869,44.49607803256932],[-68.3609388361051,44.44064481786042]]],[[[-121.58399858614055,45.036687670103966],[-121.37849307417893,44.486089510089236],[-121.3438249882352,43.888311153078085],[-121.46693281303709,43.30988092578475],[-121.85320920351239,42.39024729989408],[-121.99768254348862,42.2156289033321],[-123.0156146705582,41.88872494789376],[-123.35987091261813,41.684474546015835],[-123.63317710001958,41.38604680733498],[-124.00996162139896,41.232348786075825],[-124.10211826009362,41.26617991848124],[-124.04939538265242,41.5328276707454],[-124.1581328876091,41.72799077476322],[-124.2584056392015,41.780687195928735],[-124.20815157170306,41.98666510124079],[-124.35243109122123,42.10243734276689],[-124.43229564093669,42.32235464648979],[-124.3771198707468,42.435418470785955],[-124.43427167312531,42.434155800640575],[-124.40213669128444,42.62614952872171],[-124.56603903358521,42.836800923799046],[-124.38140773618659,43.269372380281546],[-124.00933651528267,43.422184173557476],[-123.73231136451858,43.786371334589134],[-123.32150914720431,44.739944272770096],[-123.10514865898129,44.79727354853378],[-122.5659167809276,44.76682169183841],[-121.86772671920363,45.087140625759986],[-121.69073448730217,45.10042734181416],[-121.58399858614055,45.036687670103966]]],[[[-68.60483077856492,44.69410822825152],[-68.43292579212775,44.50333392207384],[-68.49553666327405,44.49548872659476],[-68.46570571366938,44.38092953306714],[-68.47792038290451,44.455747203856596],[-68.58185565728526,44.41233975291493],[-68.52302536609906,44.22981408652142],[-68.73817437067241,44.343442488287145],[-68.82640071735653,44.31760553678192],[-68.75003045829165,44.419602932635144],[-68.66072073279634,44.37335735221315],[-68.7236022293956,44.469705176451406],[-68.81983943996279,44.38552241909325],[-68.73800653584841,44.55272826240996],[-68.84169767513866,44.6108108501347],[-68.81584165252957,44.68376313480937],[-68.86029814523961,44.610829923301374],[-68.80744930344338,44.46939618354556],[-68.99052431414668,44.43032222694763],[-68.94901275906174,44.33366159658275],[-69.10580448587753,44.10804128128602],[-69.04467012609886,44.09076070117653],[-69.13690953481671,44.061082348316845],[-69.21095282640556,43.9325270246006],[-69.27708444162195,43.954266986301654],[-69.16555792142516,44.06834171758064],[-69.31831370307165,43.94096513329574],[-69.29505167407594,43.99704882361801],[-69.37052166836821,43.964517077095906],[-69.3826066400834,44.08110187591595],[-69.50487534356031,43.834264210911606],[-69.54614275743782,43.919721073529715],[-69.55815142370768,43.83496229892828],[-69.53815478534935,44.03363558447089],[-69.60487385004718,43.81198637189261],[-69.59197254243702,43.85986464627091],[-69.68087790714168,43.86899703050471],[-69.61604329398176,43.9257902559421],[-69.67193625689079,43.92779678525591],[-69.6234514452856,44.041459527293405],[-69.77445246374336,43.89626448873501],[-69.74811578008217,43.809888283478756],[-69.70349906804209,43.84792845307222],[-69.76647973541282,43.751950650216926],[-69.77971675850793,44.07936236136242],[-69.88398009271228,43.97210449568577],[-69.82687405610395,43.9797567813911],[-69.7815630529058,43.74139156567148],[-69.85456112195826,43.704511063619094],[-69.85927609938658,43.87843077318648],[-69.9941180545024,43.726300614017724],[-69.93203002891217,43.86154310292672],[-70.02014955752601,43.73111094748706],[-69.94595367877903,43.85962430950058],[-70.09933507490028,43.81152859265138],[-70.07961308561917,43.84721509276888],[-70.25351755451246,43.714982397123926],[-70.28183024251484,43.63822304346412],[-70.22258797505884,43.64970910099153],[-70.20266761374637,43.56021247249067],[-70.38798799414916,43.5511215557936],[-70.3960880793349,43.64668296228531],[-69.99914991315791,44.11758624020018],[-69.13425639536975,44.396882951250234],[-69.11605034048443,44.49972053900749],[-69.23147092298693,44.58400279207347],[-69.2208853218756,44.74883990289696],[-69.0268965254257,44.988235987471064],[-68.8721477181505,44.95512596691349],[-68.60483077856492,44.69410822825152]]]]}},{"type":"Feature","properties":{"Outlook":"Persistence","Fcst_Date":"08/31/2026","Target":"Sep 2026","AREA":3297024.59,"US_PRCNT":35.33},"geometry":{"type":"MultiPolygon","coordinates":[[[[-66.55111748287771,18.488721967621053],[-66.55121342003534,18.48874887682157],[-66.55112533836028,18.48878297295494],[-66.55111748287771,18.488721967621053]]],[[[-66.55047149487586,18.48866798208899],[-66.55054938113952,18.48867784322388],[-66.55049338994245,18.488734837249254],[-66.55047149487586,18.48866798208899]]],[[[-65.27630704200811,18.33192089693338],[-65.261047016274,18.289761865640877],[-65.34420297189678,18.349087796872848],[-65.27630704200811,18.33192089693338]]],[[[-97.37668586848659,26.956763039845143],[-97.16277282421922,26.068365640415976],[-97.3676068796796,26.737681115340088],[-97.37277962567936,27.202130141458507],[-97.37668586848659,26.956763039845143]]],[[[-97.0537640652215,27.83290764055438],[-97.37721993447134,27.206854644747725],[-97.25399756824285,27.64669314906977],[-97.21356176600274,27.613387021842662],[-97.1098782758555,27.82984825114148],[-97.0537640652215,27.83290764055438]]],[[[-96.40167194090105,28.353587241732352],[-96.78343167170851,28.119202645219477],[-97.04988833220627,27.841088260862666],[-96.880958246918,28.131306679209928],[-96.82665220237061,28.108075169465522],[-96.81854978562397,28.17270950648368],[-96.76847042625053,28.146357573529322],[-96.42732960303873,28.39491949463874],[-96.40167194090105,28.353587241732352]]],[[[-105.18298258754372,31.063621283758312],[-105.03892651088411,30.814468271237697],[-104.76001045923019,30.653986837054997],[-104.2631559192407,29.840059325361857],[-103.51555575936551,29.571799970664813],[-103.41278997240015,29.582835399119652],[-102.54815619508727,30.07817868707684],[-102.30915684241701,30.078846278831257],[-101.76347843840331,29.911441961474754],[-101.73477847816899,29.772551531220337],[-102.11560161451962,29.791865533563225],[-102.32100785546305,29.877928926991135],[-102.38765062662208,29.761048486205887],[-102.6715252033625,29.743920482100247],[-102.88387417215408,29.350638465759122],[-102.86794398691585,29.222153716706387],[-102.99747587511564,29.177802126331844],[-103.1170971709048,28.98346614897593],[-103.28571445789068,28.978915208626642],[-103.78321977205472,29.26606085862254],[-104.05293419149844,29.328806908517723],[-104.21254116827507,29.483773285059012],[-104.51336064006351,29.635457108657285],[-104.68609018477281,29.921631927012758],[-104.7082612259501,30.236416984978355],[-104.85692001938625,30.38751144219249],[-104.92196063368505,30.605326876507014],[-105.56034275444583,30.9920285006506],[-105.71208927728193,31.1382268917877],[-105.67205294003993,31.30825491222383],[-105.555131615922,31.453029994168947],[-105.2966947768191,31.3938973294802],[-105.18298258754372,31.063621283758312]]],[[[-102.01825839930108,32.070709408719175],[-101.8933422959541,32.02493686884803],[-101.70583340475577,32.162566811059186],[-101.59271766950197,32.09631229280327],[-101.58866060830975,32.02791449447902],[-101.84148655500024,31.78025125610771],[-101.83702069284014,31.70838748613311],[-101.5983367948323,31.574643935185748],[-101.43932161718523,31.60862930276396],[-101.37755347271904,31.773398735446538],[-101.24027692773892,31.748012391394077],[-101.25961874786168,31.588539663265927],[-101.50996144111853,31.221706475605778],[-101.63213554536395,31.161166509674175],[-102.04342143595044,31.142674552831053],[-102.29015231394168,31.223623224211075],[-102.3379459490098,31.444977563278492],[-102.1141441597887,31.735860369049863],[-102.28957826507859,31.865165569063432],[-102.31719002858176,32.11161959959842],[-102.20364517272611,32.15991622315676],[-102.01825839930108,32.070709408719175]]],[[[-84.16550611261994,33.42118729569915],[-83.89650851142135,33.347853419635435],[-83.69187708964276,33.41859330854903],[-83.63322925102682,33.33889314078653],[-83.60248619818671,33.18943958562703],[-83.83434567824528,32.85145497069918],[-83.96814240127537,32.860107956859565],[-84.16521233187656,33.16733954662282],[-84.49809212424933,33.28339357644821],[-84.5839327656075,33.39859268703004],[-84.48776936507541,33.50079072738519],[-84.27198142358573,33.49714097650362],[-84.16550611261994,33.42118729569915]]],[[[-77.39750888580316,34.57186429945067],[-77.36268831714885,34.54472653812305],[-77.4247866276579,34.506368009521175],[-77.39750888580316,34.57186429945067]]],[[[-77.11079918535623,34.682848656843305],[-77.11080324895036,34.68279848025473],[-77.11082667504785,34.68282243243878],[-77.11079918535623,34.682848656843305]]],[[[-77.10219728399261,34.78891074477499],[-77.10718607484064,34.72743564973554],[-77.14857693444038,34.76598666490351],[-77.11670131101583,34.69023439091729],[-77.19063016700696,34.7024833840934],[-77.15801449359327,34.66171189167982],[-77.28023742684458,34.572371657846524],[-77.40602329312736,34.5843231031092],[-77.31538606110708,34.6372596717487],[-77.37824466379756,34.67867203228122],[-77.32891682833831,34.7968120474089],[-77.16040541598585,34.84757212397989],[-77.10219728399261,34.78891074477499]]],[[[-82.79309534852662,35.43632675455926],[-82.6335428979201,35.4271186067933],[-82.27207442580092,35.26141386432373],[-82.29387425368401,35.005653566911455],[-82.24566838021002,34.91927183484778],[-82.15635846112382,34.89966135129106],[-81.94451050979059,35.140028866436715],[-81.82444192847794,35.16737990169653],[-81.58096679863279,35.035195886060585],[-81.43732766295504,34.87370997242118],[-81.54357746629192,34.712029622278756],[-81.81131015408708,34.596901704915204],[-81.79277373347809,34.51616692258327],[-81.63870115515986,34.42503639989892],[-81.86707200456857,34.21955721458841],[-81.98975988588282,34.25981159863927],[-82.06833269838135,34.61877077923953],[-82.28674382000952,34.66316445454853],[-82.35907557184775,34.644271384168626],[-82.39925015868204,34.50396297087435],[-82.3658411095702,34.25376394357438],[-83.08537164173917,33.85781850930242],[-83.26377423361257,33.80613142625589],[-83.41043951101497,33.84327522455068],[-83.41848826851694,34.02977083947017],[-83.08426331952546,34.500631599323484],[-82.83150712771636,34.68241617998263],[-82.9405116225062,34.841083189411954],[-82.91872081057814,34.960818278774724],[-83.15777633383877,34.94658254432207],[-83.36131016600666,34.72925479078927],[-83.57685240986726,34.6901387798134],[-83.73251774560605,34.394784569584225],[-83.94634291943753,34.2978872257102],[-84.09583043068957,34.38833741218027],[-84.12751339487724,34.48621421948728],[-83.9917792408275,34.46671496840642],[-83.74310246199148,34.57920433312088],[-83.52792382060407,34.875936636742075],[-83.54102234078785,34.93368125491123],[-83.9141715288484,35.06783485145609],[-83.93355009289624,35.18207382127945],[-83.58452769381422,35.377414150018986],[-83.51620796217406,35.61035447742969],[-83.07100801261507,35.773855751497216],[-82.93630284627395,35.73748434072012],[-82.95718841305654,35.47663477856715],[-82.79309534852662,35.43632675455926]]],[[[-84.57496318112563,35.87958362068461],[-84.6856364737198,35.91906305788973],[-84.69191557790614,35.995279618877206],[-84.51541819572292,35.957571516473585],[-84.57496318112563,35.87958362068461]]],[[[-92.01133165463618,37.078659690115465],[-92.18213500334673,37.0918780894198],[-92.5552225741044,37.45114170006008],[-92.68690665961817,37.681815805407986],[-92.33474552211963,37.94897878406778],[-92.02483554009441,37.88360064189078],[-92.03882808437899,37.550858266343155],[-91.86925745844366,37.48569919352378],[-91.605538978232,37.21451416751545],[-92.01133165463618,37.078659690115465]]],[[[-76.05124459053643,39.673805189591725],[-76.2908374816457,39.536694451625216],[-76.5934738111857,39.58938526430422],[-76.87860750042111,39.35623883637567],[-77.48266689485955,39.192503227068975],[-77.47110501211924,38.914751105132474],[-77.53348300107565,38.883299210233275],[-78.09639964148927,39.01370077150332],[-78.27443461113131,38.92946089805985],[-78.56606865929051,38.580575554492654],[-78.64083562524505,38.19485206527015],[-78.62229838382191,37.88240546505727],[-78.26317642896657,37.67602387544269],[-78.70706238518973,37.191288949650705],[-78.74835748425592,37.079040825532736],[-78.70698428265233,37.02428340494742],[-77.61392230083297,36.771871019475306],[-77.11512377183993,36.922443090283096],[-76.9650159413982,37.067141097635314],[-76.80448105126636,36.97629908682027],[-76.84927060214504,36.78659361022724],[-77.07479271100337,36.52461756398475],[-77.05807644219233,36.411834487361496],[-77.22062551184045,36.073322616823084],[-77.19452981402867,35.8932832047019],[-76.99221431847036,35.611781902943065],[-77.02437599759162,35.52481104980077],[-77.10235808686429,35.55191747256536],[-77.02927131057129,35.5115545189871],[-77.0725042551606,35.51627674912966],[-77.1524627551115,35.18722256555018],[-77.5596586389872,34.87312884750425],[-77.85951452563782,34.72797928464361],[-77.99650894329235,34.549425764277444],[-78.1474888609947,34.15319582138372],[-78.04928384257015,33.897451235660135],[-78.22657252106002,33.91246318560498],[-78.22891474767151,33.95569515915603],[-78.37230162951973,33.90505503707078],[-78.365786126756,33.951796533388205],[-78.80216472753929,33.751505794253845],[-79.17807272013863,33.3604496335549],[-79.17505147168491,33.20612602128471],[-79.19552877666932,33.29428369401241],[-79.2766216371916,33.32738764184592],[-79.18110922361095,33.44285474227339],[-79.26476555734749,33.39182552305259],[-79.2917202117668,33.28984338245557],[-79.18146016418483,33.18984107463024],[-79.23667410599377,33.1242473386944],[-79.26977043250594,33.189387122873065],[-79.31122094471539,33.1745326870336],[-79.24978903932748,33.1258151790003],[-79.35056574298895,33.15462377606887],[-79.27999382107565,33.123087668982095],[-79.44018826179908,33.030245540668055],[-79.37161524216818,33.01107668473297],[-79.54081237633112,33.034308190923575],[-79.62507905984455,32.941115113320876],[-79.5726651023788,32.90723296619776],[-79.84644599954076,32.75642649610781],[-79.90543649708492,32.78888576072597],[-79.88920877317787,32.857031528491206],[-79.78155798792356,32.93242141092658],[-79.91582010788478,32.82768886960081],[-79.93623637848486,32.933058460619414],[-79.92470835270821,32.77586238044971],[-80.02431776038775,32.83777874290222],[-79.86690804118236,32.7361399306194],[-79.96411418100098,32.640509260397806],[-80.00326061828298,32.68913903078947],[-80.047411935327,32.642607341423],[-79.99830150663922,32.607569340771335],[-80.17679124276573,32.559351550850856],[-80.26215033385826,32.624167427828965],[-80.19368273438651,32.717974327700865],[-80.32041594965163,32.62225228471597],[-80.19416337922551,32.562666522594874],[-80.33088352053903,32.478365638246984],[-80.41206765577063,32.67058427453003],[-80.38850065660239,32.476419950888015],[-80.54775642811998,32.56599630491368],[-80.52687498976539,32.50942431080407],[-80.71705990746104,32.5328348338822],[-80.55366158342865,32.48311043457345],[-80.60386239580038,32.44229287911835],[-80.47242366588456,32.44038985147447],[-80.55119599830114,32.34276741839621],[-80.43297191745033,32.41240917395774],[-80.45099184564745,32.319544110282976],[-80.63782619775596,32.25923200715713],[-80.66304342083907,32.44840764348513],[-80.67073193076382,32.29624590053326],[-80.78808902395238,32.40816359996951],[-80.78457187630251,32.50519426196411],[-80.8655121482989,32.536753256823474],[-80.78660891872102,32.354853193635556],[-80.83433842538139,32.3622193742357],[-80.8084518789432,32.295652892607244],[-80.88920904456508,32.312620667529046],[-80.78399203397173,32.317026647276286],[-80.66671041133931,32.220123232187966],[-80.81918643173124,32.10470054799225],[-80.77551577081468,32.24500896154981],[-80.87903142568136,32.227392682062614],[-80.79299471647697,32.1908059151569],[-80.92253423850275,32.056494204356596],[-80.8426925998433,32.022249661669505],[-80.88176273762112,31.955038494073822],[-80.97077491389312,32.04378362876133],[-80.9328387102263,31.971168005850753],[-81.58375783090598,32.19117616913732],[-81.62353554576691,32.2698226700709],[-81.56966289241922,32.522503888032745],[-81.67955898471995,32.65458192875421],[-81.46281610979783,33.1779483287845],[-81.36164385278404,33.311001800950436],[-80.56023151875762,33.79430487464599],[-80.28795131594653,34.14591673439808],[-80.45775202075626,34.75636510248013],[-80.67765315144439,34.988801134475786],[-80.70386281948032,35.10999938941701],[-80.56235999983261,35.33385041683651],[-80.4407972204734,35.51000910661417],[-80.23496322324242,35.59020535994749],[-79.83757309582441,35.634082077177474],[-79.67247423881264,35.57638012362179],[-79.63205859443904,35.47793682227609],[-79.53640717300058,35.43858504822746],[-79.44984991989186,35.45097743401325],[-79.37624320382209,35.63352925667652],[-79.43069084043844,35.85192842094567],[-79.57770971355649,35.89883330341522],[-80.72134995076468,35.854683863751575],[-81.32099053027487,35.91924096706425],[-81.42229356811285,36.07027227712468],[-81.66971168638797,36.20830519638563],[-81.59563893450988,36.56141655803064],[-81.40868251583005,36.68846124990948],[-81.19803412112653,36.54424866117572],[-81.15227837263164,36.40757472937685],[-81.06528043593687,36.39182810033814],[-80.55145133017322,36.58538597614072],[-80.22299991084148,36.591692117027726],[-80.03438341926406,36.84203292684343],[-79.74577180679006,36.881640366010586],[-79.67365529230908,36.9573149454568],[-79.69822604033773,37.05762360269186],[-80.21850097353737,37.114911386691055],[-80.34544968406561,37.25059563669217],[-80.31663408221048,37.34865462690299],[-80.02095607427081,37.46035442160008],[-79.9177832690644,37.56140915699086],[-79.80953542806444,37.69889103640545],[-79.76382441321634,37.94632923347704],[-79.34682330985086,38.36116545909696],[-78.97855242565286,38.608341626068906],[-78.80986675070683,38.64990030208029],[-78.7628703007571,38.86441704130092],[-78.42771680031444,39.23010788997168],[-78.42071446809615,39.54903891179263],[-78.26227026765453,39.59488300745471],[-77.91363431124498,39.84825641775603],[-77.46116533176736,39.8972055603434],[-77.26817397686824,39.78044829182014],[-76.81782317080128,39.98897825001894],[-76.63059533329996,39.88236180653055],[-76.43412392728396,39.90966183481322],[-76.473046026265,39.72642864545215],[-75.93129594858769,39.849664090463236],[-76.05124459053643,39.673805189591725]]],[[[-83.70259230733053,42.828366515958486],[-83.87594201782541,42.81950360623272],[-83.98674657344648,42.9655299572445],[-84.52182089132972,43.09442989370103],[-84.56717579836805,43.20193945858284],[-83.92324322147937,43.22579185062743],[-83.30479339298542,43.07636177091107],[-83.70259230733053,42.828366515958486]]],[[[-84.67358022492627,43.68743766919854],[-84.87893372279228,43.69875601958839],[-84.95913323581458,43.736567021617205],[-84.94242233191275,43.81280628298443],[-84.58574996763619,43.850727512797015],[-84.5473422512986,43.744850417210415],[-84.67358022492627,43.68743766919854]]],[[[-87.42493277552435,44.88472820506435],[-87.31913591822487,44.789932969402436],[-87.396019781978,44.63946065926363],[-87.73360224374058,44.626786839220465],[-87.91609061018862,44.554067682174384],[-87.61434780526756,44.83731149924275],[-87.42493277552435,44.88472820506435]]],[[[-87.13294051748724,45.03650742182553],[-87.2095854186581,44.87117841132392],[-87.31514574437712,44.7939765497374],[-87.38664082664563,44.832093006240456],[-87.41124564064121,44.91053845187291],[-87.28266743569765,45.077423861773106],[-87.13294051748724,45.03650742182553]]],[[[-99.1014089769706,45.74383414297077],[-99.30444998296583,45.67544217676473],[-99.47004379715418,45.70835752710113],[-99.51064902333674,45.95265877156651],[-99.43102742220321,46.026316821190754],[-99.06899056809623,46.00388382196491],[-98.98980298449176,45.7888884557568],[-99.1014089769706,45.74383414297077]]],[[[-90.6760094405049,46.79719609889673],[-90.7930523250028,46.74934847561545],[-90.62621964050497,46.87011370462606],[-90.5740268261225,46.843917958924564],[-90.6760094405049,46.79719609889673]]],[[[-111.06458152471993,48.245519600815115],[-110.78416953097357,48.27849048026756],[-110.52441714486459,48.212988332797714],[-110.42183601359879,48.051371564802366],[-110.54494059982292,47.90568092552773],[-110.74557041940905,47.890686024338244],[-111.3361206678893,47.922607351663935],[-111.88875698212705,48.03548317431624],[-112.21525516113161,48.247157607549205],[-112.40899985227735,48.72688282864383],[-112.20903330136578,48.89236862638058],[-111.8676430926037,48.91563048275041],[-111.43035953256245,48.63263565929763],[-111.06458152471993,48.245519600815115]]],[[[-115.39899763082893,47.51790194886159],[-115.3780886420851,47.211383244690296],[-115.49423505635374,46.81115262653126],[-115.76021755385288,46.690464704088946],[-115.87321405436731,46.49755186190828],[-115.7632808174129,46.3743970443805],[-115.76852093016493,46.069599488916204],[-116.00023773496497,45.75743034708295],[-116.37729727569939,45.61101809964004],[-116.44068284396955,45.45872999699767],[-116.41363562246927,45.29608043694597],[-116.26927655483733,45.23107508947857],[-115.64460067586595,45.173800078678454],[-115.50710192141672,45.04457807204149],[-115.50524140965196,44.82371991972302],[-115.7809297379208,44.77097937654852],[-116.25614415666651,44.51514716437991],[-116.32211740807683,44.324595206048734],[-116.42998001956956,44.28942562595679],[-116.65114552694583,44.050042366635],[-117.16687601552526,44.11165260852521],[-117.38610479359467,43.962406318044714],[-117.3899882077192,43.764594533373554],[-117.19095062957737,43.544679354515985],[-116.45945139348139,43.45083086628389],[-116.15227816058427,43.591593403929565],[-116.00018523533059,43.80063065518709],[-115.828781957127,43.87823480612777],[-114.1055985874056,44.07472070769409],[-113.88455240409716,44.16132991256562],[-113.43304138117465,44.67532928560216],[-113.25043122212244,44.79055678302591],[-113.4620866137203,45.3163486107328],[-113.09480535221556,46.06353002681087],[-112.9360708662617,46.211047614206365],[-112.5962997300449,46.34830317277339],[-112.05392496248959,46.163031128915776],[-111.61330575316228,46.10639952166984],[-111.2772173582637,46.2869404760009],[-111.31297774012077,46.64854797114458],[-111.10814060825528,46.86117945448635],[-110.90950420799047,46.97792621771718],[-110.37568245918848,47.051070350001424],[-110.05936656927362,47.26650690507992],[-109.98700948496925,47.364675345889886],[-110.07170182806901,47.412281574023766],[-110.0141788153523,47.46561197079125],[-109.11433989326925,47.82768101881172],[-109.10901187687872,47.94269058870078],[-109.67324001637591,48.58659016360148],[-110.02545056676956,48.60105106867455],[-110.43786436439814,49.00102604751508],[-105.92336068909572,49.00114599447337],[-106.09503172493557,48.81420798493791],[-106.44713014090144,48.680464584088085],[-108.14862942660972,48.38002330128744],[-108.44269398445584,48.27716660003434],[-108.49870982113255,48.1775307969397],[-108.47152553090066,47.92653585655394],[-108.53066711538973,47.62781955192084],[-108.4715652460083,47.289426361387356],[-108.80745179971436,47.24029910264691],[-108.92727628813347,47.17380427140945],[-108.99522009458823,46.99989650070188],[-108.91827303021485,46.95048807085078],[-107.90355493424379,47.08322425700867],[-107.53641529596472,47.053893592769526],[-106.34166139475525,46.74357312561044],[-105.87718179584354,46.76388862020195],[-105.60339261069122,46.8570999199628],[-105.36326147326508,47.477001057449925],[-105.50341780396742,47.91682223012481],[-105.47983129650102,48.05569632758242],[-104.68411339275801,48.4022703919632],[-103.87287818137818,48.587795566244424],[-102.84181124342707,48.598977643806506],[-101.10614502244583,48.75885104058587],[-100.65543971188167,48.671397332364144],[-100.12136046873286,48.28958568959726],[-99.55336053486587,48.0030568437876],[-99.09304393153427,47.84794576378861],[-98.6864954290205,47.82128845320353],[-98.54981497131492,47.858335102765004],[-98.52580871540324,47.9342932574274],[-99.0060784545997,48.11688505249349],[-99.70745347395147,48.534600663489954],[-100.12361050399117,48.92525122836804],[-100.1106097357733,49.00104449781433],[-95.1513990197706,48.9999549847448],[-95.1496672197229,49.38562855508108],[-94.81444677226783,49.322892063471194],[-94.69555015369004,48.78955536750917],[-94.63863484496872,48.74104386082608],[-93.8389748601672,48.626980646430745],[-93.79075705275189,48.51535877918596],[-93.47701337362142,48.5438050046721],[-93.25946114124048,48.6423996997088],[-92.9513555782474,48.629975252778],[-92.63487292510402,48.541100448178746],[-92.7168126337855,48.465420653178484],[-92.50832410322798,48.44702238219571],[-92.37020909523174,48.22086803504763],[-92.2701419303254,48.24537747519605],[-92.2715076100995,48.35193724252371],[-92.05677060853236,48.36142059754902],[-91.9546129636393,48.23209472139865],[-91.7210084569748,48.2007188494143],[-91.71261610596704,48.11255736968465],[-91.55859384161667,48.10542771083847],[-91.56851204767675,48.04518981745866],[-91.26531982284833,48.07798861110184],[-90.84465016672,48.245369950919354],[-90.75286849785755,48.091874148089985],[-90.132285730945,48.11053187927469],[-89.89806322823587,47.99033076837661],[-89.50061742974297,48.00483427719525],[-90.75704170217915,47.61155029018828],[-92.10377506670486,46.760174496019395],[-92.00864410635909,46.67974922859184],[-91.79662317158537,46.69217752910033],[-90.86965150039075,46.96061406437432],[-90.75656093983082,46.885041093788914],[-90.8886257803329,46.758507558481604],[-90.85820736603972,46.69688874665262],[-90.95246091837896,46.58861235762107],[-90.69058954092472,46.650749980963134],[-90.77010308572142,46.658287825759686],[-90.6966778009175,46.65803226053486],[-90.75701104749058,46.700146505839],[-90.44128366942495,46.56007393719202],[-90.01866853716778,46.67817389697532],[-89.77690823100372,46.822316085131895],[-89.36582870473434,46.85813612544521],[-89.14665523880615,46.983662569069836],[-89.0180827034239,46.80578144981907],[-89.03920262303265,46.650718162208946],[-89.25344347757297,46.35796098988016],[-89.07620496051709,46.224797949175766],[-88.62754520338487,46.208948203858554],[-87.49527493247464,46.47552751391341],[-87.29899173909,46.43061332518528],[-87.26804536630468,46.256258563920596],[-87.3881305351328,45.766329213668236],[-87.33241877532942,45.423836571814206],[-87.60317840653445,45.150524897515496],[-87.63352812628034,44.98183514154085],[-87.84252781722518,44.92933725656364],[-87.99580237233945,44.704323478796034],[-87.98055119349624,44.58279864970547],[-88.01682135102847,44.62471836238223],[-88.04683539178637,44.57167880136405],[-87.97683448423474,44.529774508355786],[-88.24496052846487,44.39363057899334],[-88.27761555926392,44.32064313660902],[-88.26282108730733,44.25294585571663],[-88.11332205128681,44.234851678224516],[-87.53136662853473,44.26798553144543],[-87.51847672731871,44.17912353367143],[-87.65195301566145,44.099922768295215],[-87.72192219471857,43.93229349505601],[-87.70491531510147,43.69205871242479],[-88.08631892891174,43.54104149680759],[-88.27077041330097,43.54486280067218],[-88.9169107393031,43.75192991365524],[-89.33126134144958,43.77616763669037],[-89.68198980088538,43.74571249634196],[-90.27697374906603,43.576991601845315],[-90.2920217326792,43.66092037779707],[-90.04635310996542,43.80658641415116],[-90.0727218700131,44.007710016407664],[-91.84339949291383,44.18740053943195],[-92.81254943393057,44.04497060635784],[-93.08678171924471,44.16619986882768],[-93.54847770676072,44.618782298499205],[-94.53322775972511,45.32576676627301],[-95.50200496191675,45.61620547057364],[-96.50878317759191,46.017787851578795],[-96.99009197296512,45.9562257376685],[-97.90424693854602,45.99119535329106],[-98.27227187789352,46.25085473958517],[-98.45125701060967,46.523591407514026],[-98.77160034401311,46.6342045684679],[-99.0850605479685,46.658729784084336],[-99.65393928879762,46.51931126678572],[-99.8248718112852,46.3890715215011],[-99.84797308281863,46.25633039990947],[-100.10953855789113,46.061818255102374],[-100.13126796330151,45.71033432406923],[-100.32137073109176,45.60263005115348],[-100.0714258497989,45.48533375481902],[-99.34497214098623,45.35675021418953],[-98.99064915828349,45.232629284369054],[-98.88031456557096,45.11785823265046],[-98.08554631648637,44.69775683150805],[-97.29199665453095,44.52596000931889],[-96.83669750571869,44.53335971753902],[-96.60999156280938,44.62456982096533],[-96.41574923499371,45.0048837001014],[-96.36691817232146,45.452087884150934],[-96.00698228651908,45.44375775078852],[-95.51515666589287,44.95482070457549],[-95.21635522886459,44.4419062834006],[-94.98883539766543,44.20941795888639],[-94.75385170416523,44.09042134915471],[-94.74380549554618,43.92895817148882],[-94.85728959846898,43.63511488279604],[-94.09643987642693,43.438801280505274],[-93.76493048104065,43.52818685108461],[-93.55672913310323,43.51778785973395],[-93.42287152285604,43.42965003882602],[-93.6838407621672,42.75665929136414],[-93.8165268999478,42.650664868961606],[-94.06305419453517,42.629100232798265],[-94.45404488949774,42.85157938292172],[-94.76431531424828,42.79320200202141],[-94.76246152134966,42.495713507040165],[-94.8855918870822,42.24163904264647],[-95.72758584773858,42.068249918409194],[-96.1329164003276,41.62413415421911],[-97.20918783368849,41.28475484094889],[-97.3847624417096,41.361395791079126],[-97.18409245523796,41.41285492200732],[-97.13836671294673,41.46062421280539],[-97.17529483648573,41.494574058558385],[-97.31360060773221,41.548607252639826],[-97.73393114826223,41.49590779527964],[-97.77564624443087,41.6087544181361],[-98.24830021309974,42.08784103321407],[-98.4692232780068,42.15241035090558],[-99.03424352224468,42.07690195018458],[-99.20267304226216,41.92994719385365],[-99.2286640883022,41.58858642851018],[-99.45123133558859,41.42675319125645],[-99.79468776724592,41.44739840008776],[-100.18344473321181,41.65438813986268],[-100.24542161048385,41.600630604869565],[-99.86000022571542,41.08664974955832],[-99.85115271971475,40.878823843125],[-99.74460174611747,40.73904862696806],[-99.52049038392784,40.76575636081848],[-99.60093862861555,40.96144666155419],[-99.54984100717701,41.05785513082545],[-99.10714238830289,40.94453830943917],[-99.00513643280289,40.88447194922104],[-99.04011807574925,40.83622879162352],[-99.56608071881848,40.61088921027472],[-99.5243137037077,40.55437865189107],[-99.30273235436728,40.525157342009436],[-99.17204564006498,40.37243675915533],[-98.76921155564955,40.19890442930043],[-98.8126849944216,40.13194716514423],[-99.15170102154046,40.065332370624546],[-99.49107745553631,39.82952498334989],[-99.77137898462934,39.770027300988964],[-100.0703259986077,39.570665837598156],[-99.87984210431132,39.369145041518244],[-99.86107518097836,39.16299167194327],[-100.28165052083232,39.13824509994284],[-100.3840402155735,39.19114170776331],[-100.51903307936432,39.42029063147182],[-100.69899253780115,39.56137806268623],[-101.04211241734465,40.24627114257665],[-101.29126957266354,40.40620354081368],[-101.55586731817617,40.31884027222718],[-101.58177577000485,39.998661450505224],[-101.71987963593955,39.95791074439433],[-101.98597732394067,40.08485235051116],[-102.05691765444782,40.32882230168537],[-102.58604135371766,40.42594003582576],[-103.28667475119539,40.89754329189598],[-103.48014856063035,40.87363869152174],[-103.3723224608074,40.53282986703915],[-103.58964185730117,40.229673973629076],[-103.99763158551613,39.97494722311655],[-104.25505964555157,39.67972027897867],[-104.35442402579264,39.441328009072606],[-104.26956762371483,39.33396960705459],[-104.06328250230251,39.25693359465916],[-103.46319860574776,39.139651039809664],[-103.12217621016504,38.9207853560272],[-102.89193612775894,39.02930282776167],[-102.59041016688596,38.92931655758058],[-102.28322728562496,39.03517899516242],[-102.37953794780533,39.37095214125778],[-102.32228573578429,39.47607342179677],[-102.11990299743404,39.57361401716745],[-102.05702924981097,39.38406481296557],[-101.62527592489627,39.26709652403403],[-101.55760217400429,39.193282007999144],[-101.61923329428667,38.98950434780161],[-101.84009699525058,38.85513047040556],[-101.7574703168548,38.68754753742138],[-101.46421585650566,38.570828346870684],[-101.15686207661771,38.56633599700107],[-101.06521592412575,38.40948222711358],[-100.74079226081174,38.18537918748377],[-100.1610587243199,38.209172524175735],[-99.67220338559889,38.348892048627896],[-99.4304318804909,38.63597992326108],[-99.05064071144447,38.76410195455977],[-97.95003127055772,38.75203438497652],[-97.62606753424473,38.66733136819805],[-97.06686979084964,38.32089998437],[-96.86695519547581,37.509618488579285],[-96.64398699361067,37.42226826217732],[-95.76134696707376,37.368167538690585],[-95.20773885599006,37.707604170611276],[-94.52671168341085,37.84455855809641],[-94.3593828496962,37.85426236829845],[-94.14043756685524,37.63120020580153],[-93.97999315095726,37.59413964583084],[-93.74813160557883,37.6717323264933],[-93.52438364658498,37.897804294173646],[-93.21575285961416,37.948521281629255],[-93.08846136818148,37.89114600747144],[-93.06978396102058,37.80729104064993],[-93.56550103936168,37.48852593364877],[-93.62540457903687,37.335478017019156],[-93.5934385527783,37.19781443311311],[-93.48916975953568,37.05702146974428],[-93.10666145147,36.82962871209638],[-92.98148443450273,36.61655775994619],[-93.09533667894048,36.55872086993208],[-93.20780854110151,36.369269575589314],[-93.11814319075168,36.02165096885164],[-93.19273663919384,35.94480120282917],[-93.14779046194276,35.558855844205205],[-92.56707360997734,35.358240783524394],[-92.39268920847603,35.334816656252265],[-92.37404595380643,35.413338874728595],[-92.16772950835775,35.45062683618875],[-92.13441899247523,35.53419158385129],[-92.50254909196656,35.75193313213483],[-92.3335160696519,35.914309778833704],[-92.46407208916372,36.17472577952043],[-92.03675536495224,36.412804766637755],[-91.79857493233797,36.66883445400501],[-91.61112189861072,36.68909871572031],[-91.33741016462692,36.61464289725047],[-90.8477453972731,36.68260679058543],[-90.38397910102789,36.83639676598374],[-90.06503934987245,36.76947940434822],[-90.01605940579537,36.35498251476073],[-89.76936007677203,36.17029916898359],[-89.80841424851594,35.95243194012715],[-89.69889060152109,35.84148357943468],[-89.43121877724147,35.73896478404041],[-89.43996231078957,35.63515482088879],[-89.67071915990313,35.63421963662465],[-90.21245583426392,35.81099812069969],[-90.44585646106701,35.67019998272759],[-90.77161813753834,35.725263477555465],[-91.10163066913466,35.67540126244344],[-91.05750401204482,35.48364014304335],[-91.15569907772539,35.228586446702465],[-91.1453099958558,34.97311709440527],[-91.10258963201596,34.87799047093357],[-90.43226528567259,34.78938224358685],[-90.00982000714932,34.511091177641845],[-89.50756016576824,34.04573757831041],[-89.45725077451101,33.700145519847105],[-89.79062551114185,33.33010048234773],[-90.53259398455425,32.91922012178221],[-91.08821069269094,32.97632299708574],[-91.25978108857691,32.91674008695226],[-91.11537689833702,32.929759200114475],[-90.87776701590738,32.831981113521316],[-91.02606637856725,32.42475511589707],[-91.02145238802615,32.272974948050475],[-90.89914220463946,32.22739292605488],[-90.32077057814121,32.452501576468414],[-90.06616167812538,32.46497885394231],[-89.95812335135405,32.38985129746552],[-89.8751988965759,31.84245536724962],[-89.64257313449875,31.539167086986122],[-89.51655532739262,31.48246416683236],[-88.52538696059777,31.669463820048804],[-88.01953573960614,31.68712135936597],[-87.76100157388609,31.63546853200884],[-87.45896027571479,31.45693190051589],[-87.4313358249161,31.307786103513543],[-87.51309475074797,31.100060103181164],[-87.92529372913026,30.84761903188171],[-89.15709622234833,30.842796124154017],[-90.17281760720594,30.74143401163964],[-90.59052840153446,30.56640306420355],[-91.06620440140567,30.460129333982714],[-91.47083550997759,30.24919506461343],[-91.89491644840653,30.56657459226427],[-92.15275931771322,30.617481427988253],[-92.74780179623374,30.42299967842919],[-93.83256846209402,30.399869878842406],[-94.43512492956656,30.58423351298865],[-94.81498564115667,31.061954751414103],[-95.55369119287094,31.4157070169401],[-96.00000724153013,31.353284853761902],[-96.14802711457767,31.004818647934272],[-95.9432566856049,30.83245886395802],[-96.28719320310945,30.917418464571472],[-96.57473469258933,30.87343267398924],[-96.76651817785623,30.718120686526028],[-96.83012011415117,30.446215598440304],[-96.66077023787452,30.27680217210213],[-96.33506833428454,30.31011969754386],[-96.08629194675818,30.246983554451955],[-96.01111711850534,29.72686290775141],[-96.1063983648657,29.611952178560873],[-97.3961800559017,28.78373170284193],[-97.54696980309552,28.52569642969574],[-97.46502388975453,28.42957489228629],[-97.31066576811317,28.458166156654695],[-96.66199694176939,28.748816194541604],[-96.15627201181708,28.79453620148721],[-95.81791246883395,28.735043516375594],[-95.96086831233852,28.627078218042257],[-95.7270673159621,28.706627386240452],[-96.37016253566625,28.40081129749247],[-95.9782633372743,28.65393559915196],[-96.23248245373726,28.575373791876387],[-96.28393510698297,28.66680065887989],[-96.52266654738328,28.554848800383166],[-96.39536243344762,28.440755000141884],[-96.66129267142837,28.313727453937545],[-96.70996059479053,28.404454323781014],[-96.7876736270313,28.401759237216005],[-96.78333249387966,28.23054032988239],[-96.90360992516058,28.132428199748404],[-97.01240511837948,28.132775333946704],[-97.19017767340218,27.82555862091776],[-97.26751686709842,27.880988088773613],[-97.3822477288524,27.828173591088802],[-97.37098673649506,27.743626530964992],[-97.24537635157,27.691611219221944],[-97.50170116275322,27.08303144967611],[-97.47566202966412,26.998425262091654],[-97.56377392922563,26.995434536630093],[-97.47251871401748,26.862642991862465],[-97.55123119803692,26.89960169209354],[-97.56941967781911,26.849243862436307],[-97.49213389012222,26.79939720467921],[-97.41458106781067,26.55776087953349],[-97.48255135730919,26.448507925229652],[-97.33284733754846,26.350918415404465],[-97.31124088016763,26.118610932746787],[-97.19441193121975,26.07061821891876],[-97.32475253708608,25.973631424465843],[-97.25344056981848,26.018513256242862],[-97.19828003250862,25.98138289377911],[-97.1651150483966,26.05824715362471],[-97.22528046814978,26.033958969493362],[-97.15642516605286,26.062174385500086],[-97.15036742209014,25.95460943654761],[-97.29000826526728,25.95883611873631],[-97.40721867927665,25.83821536267531],[-97.64663677395089,26.027758167832918],[-98.24896999277358,26.072115462954486],[-98.42723037478338,26.18987901916759],[-98.53109428761663,26.422796048919032],[-99.04469777676806,26.91981274251597],[-99.43366831134625,27.12716613009183],[-99.44832640209745,27.258400695890064],[-99.54189332125566,27.316008355710526],[-99.48468811328961,27.489468398980065],[-99.60242072976675,27.641227998304515],[-99.31026287963711,28.090103016451167],[-99.08815164004028,28.886790414362775],[-99.07336268645285,29.199910063968364],[-98.93088691713481,29.31952016120493],[-98.2054159484533,29.371312568133803],[-97.85368138890561,29.462548007844735],[-97.6541181156577,29.623260335585062],[-97.90711077503902,29.898663246212944],[-97.91769031343313,30.021732331282227],[-98.19240541535855,30.13232930672837],[-98.18512234480335,30.242252546070592],[-97.80513741837197,30.559214977548287],[-98.0802452073761,30.799387427907476],[-98.4541999218591,30.886891174642212],[-98.51417129434928,30.98036664431749],[-98.06642811563184,31.185520468621746],[-97.98424466380902,31.34075353879519],[-97.51443627742667,31.47831243682416],[-97.28558229847536,31.654284637477325],[-97.26192897418106,31.76746921536269],[-97.48100110618604,31.838390883335382],[-98.23457525203582,31.85212862886006],[-98.50677588990263,32.08481454511828],[-98.60720116781602,32.216858107052445],[-98.51259675587552,32.947269276828685],[-98.65302429556755,33.16058246953551],[-98.95602695513548,33.40155400458976],[-99.20623921724248,33.47871576924076],[-99.46695128567285,33.483311040840846],[-99.62522715097525,33.39753365512823],[-99.77627757864359,33.12701843301085],[-99.74517914813889,32.95334188256805],[-99.45074105435104,32.62167788045831],[-99.7773108518098,32.49045111614306],[-100.20360127232271,32.42723336845782],[-100.81760709157187,32.45871546112492],[-101.64652426569224,32.991782340040444],[-101.74163845680924,33.285169968963096],[-101.99244856832044,33.230226741374125],[-102.05084348553676,33.28298330514081],[-102.57008670915482,33.0349942804185],[-102.79607215235124,32.840825247627336],[-102.9724749938832,32.549244041775324],[-103.4208275525191,32.199134814457146],[-103.7985239186576,32.0531930148641],[-104.23215066105341,32.08210429106887],[-104.62297980425447,32.03070532915936],[-104.88721705444536,31.835971460980108],[-104.97704167429146,31.643441531335608],[-105.1176569205939,31.587968837403636],[-105.25777266850967,31.656506179159493],[-105.34493023775293,31.977157036447593],[-105.5621357914655,32.160322154731716],[-106.06999173443286,32.20919259202362],[-106.55803713256903,32.55679659217712],[-107.00913527834413,32.59478597311774],[-107.42826684204849,32.42399206215336],[-107.54850861375961,32.216854771717294],[-107.65244327183235,32.703265859293786],[-107.32316558567426,33.712239950756214],[-107.10100720227382,33.914400802023216],[-107.10920490580506,34.06186458151207],[-107.18318990388201,34.12184227617762],[-106.15540548060778,37.09808927937866],[-105.88190710608852,38.12811891957578],[-105.74671430371144,39.04932266990651],[-105.79999810485754,39.88751858200975],[-105.93360413613327,40.255926825047425],[-106.1815290408425,40.606695896757444],[-106.91730809206348,41.1920841016612],[-107.84199098237609,41.68732334980419],[-110.4499437274097,42.903528367376296],[-110.80809867097152,42.91347870485293],[-111.60839101070472,42.73619701614072],[-112.91792176255008,42.34703462743311],[-113.48177812828175,41.98308979559128],[-113.96592639329951,41.49912693628297],[-114.43307799425713,39.668952649139015],[-114.43353177376602,37.458089698250376],[-114.38900661379509,37.29730430813666],[-114.4744471737126,36.80877559072326],[-114.49724328474218,36.313396448745664],[-114.45470171822227,36.26706654816265],[-115.3743812952944,35.08922430026522],[-115.45407004119534,35.52552893378953],[-115.70049612310946,35.80338329865041],[-115.80844309291037,36.068943859690464],[-116.72360961301844,37.09952641814618],[-116.86290681291672,37.39653288621737],[-116.94611981624048,38.01732645603398],[-118.11211069164658,38.784391646163165],[-118.71413217321285,38.98660857452537],[-119.06097413807885,39.20893701022616],[-119.55573163376506,39.15433304014382],[-119.75645692158913,38.95483996650514],[-119.98219227971165,38.89689665517915],[-120.17515055372682,39.12342844505726],[-120.30397163640187,40.741259285751234],[-120.54440685198867,40.986449889460815],[-120.78713975899416,41.09570447566865],[-120.7929758631658,41.26013211197176],[-120.24873783761232,41.42366099156895],[-120.43828249783779,41.668213159903374],[-121.16978445178269,42.30660979355331],[-121.43823254650111,42.272553407993406],[-121.98051745549694,42.0027631470903],[-122.02440649414221,42.20799131902322],[-121.70978880217629,42.63795982290035],[-121.46693281303709,43.30988092578475],[-121.38453538938671,43.592534762269246],[-121.34199398863075,44.18890931906972],[-121.45692331844118,44.77148991253344],[-121.58399858614055,45.036687670103966],[-122.08760885608466,45.58339254169925],[-121.82711018798116,45.609928381048626],[-121.08882018913536,45.23302220528137],[-120.67462695598799,45.19102933641068],[-120.00765979316965,45.36197941850405],[-119.73872392614581,45.58906897463591],[-119.59640230229438,45.84647271313433],[-119.72645850411504,46.08963229957466],[-119.95008435121933,46.31594215271432],[-120.50669066203312,46.56427376426861],[-120.58990237587423,46.505497283489824],[-120.627841610616,46.36612508047863],[-120.1618638764312,46.07214621747394],[-121.44091431067821,46.14649515125368],[-121.4342263853586,46.600687291972164],[-121.79582813084049,47.64926638395688],[-121.71487955879019,48.055456632873565],[-121.8039399245419,48.2635092707069],[-122.21324292804759,48.62764223968428],[-122.38255604522782,49.00301987091981],[-115.6967201821458,49.001717158116186],[-115.72034547054294,48.834335864925585],[-115.51199162573585,48.191033244788606],[-115.3615814749836,47.92638943618325],[-115.39899763082893,47.51790194886159]],[[-100.97225013499985,43.74062768804089],[-101.01425182707965,43.64791840463678],[-100.70717440217632,43.54878165415212],[-100.21575280790715,43.65328446289069],[-99.52016156653832,43.57254418139378],[-99.19124689579978,43.68154991618957],[-98.98431191700044,43.95250464618704],[-98.22832960833402,44.06560419113676],[-98.16232219770716,44.10728719687029],[-98.1471614422484,44.312534339482504],[-98.43020135280068,44.53517245418541],[-98.58447379294924,44.55377233571759],[-100.64345914912039,44.55157694236343],[-101.00591656345833,44.381663198690816],[-101.1107535546085,44.23118490380413],[-101.05203127865175,44.11935710716217],[-101.11764419310225,44.041070910189774],[-100.97225013499985,43.74062768804089]],[[-100.21688354995229,42.71801490386546],[-99.69561709490961,42.76505887853402],[-99.59546194702634,42.86937627726322],[-99.72102140301749,42.957543693045174],[-100.63757812726243,42.99255112805448],[-100.69762326275448,43.098181369701884],[-100.66434832482926,43.20756417662154],[-100.73904477575216,43.273845686879625],[-101.37766676617328,43.504555072916126],[-101.46188016790083,43.46165021267394],[-100.93085556610221,43.18240635363147],[-101.12930149008251,43.079054715968475],[-100.90962757120853,42.82365618573382],[-100.65717886975219,42.74141099248978],[-100.21688354995229,42.71801490386546]],[[-95.77477974376545,43.22727784740507],[-95.1294908843336,43.29478041109259],[-94.9861373999541,43.3802107443825],[-95.07254313935555,43.47137529705624],[-95.3340618710264,43.52065139976131],[-95.81887571668771,43.53122956160157],[-95.90985947443536,43.49041851572613],[-95.90286084483489,43.4014820949989],[-95.77477974376545,43.22727784740507]],[[-97.95730462146207,42.1847002464477],[-97.97397416593135,42.083819076017996],[-97.79865197715823,41.96437043690167],[-97.32364292967142,41.8931677375638],[-97.2419092731014,41.94715672439067],[-97.2758341829503,42.08084115368977],[-97.49968199210969,42.19455159093939],[-97.95730462146207,42.1847002464477]],[[-93.77260249438523,34.03744047054687],[-93.5946337746366,33.998603021703794],[-93.59209602992946,34.225083551032945],[-93.7548016795203,34.36363708666361],[-93.86334276335222,34.373901942708144],[-93.92762601187059,34.324574991474186],[-93.77260249438523,34.03744047054687]],[[-94.3912445807242,33.54845228989452],[-94.74534232341807,32.83763847804209],[-95.48990974499571,32.434953691535746],[-95.87185786276368,32.1695791548547],[-95.87560124434948,32.09442437865008],[-95.29772458260052,32.046971582215455],[-94.99293638561801,32.23369108973349],[-94.21153687311225,32.47871147761285],[-93.95681361779279,32.73768596359978],[-94.02508112386258,33.26209125486347],[-93.96769303588275,33.3916357870548],[-93.79974156870705,33.434051305936535],[-93.63766654456836,33.568093187274215],[-93.61992443978521,33.688903578139275],[-93.73735892520381,33.81544544352662],[-93.92019786329321,33.663267870058434],[-94.3912445807242,33.54845228989452]],[[-98.1847207651151,27.80371131117802],[-98.1704736324493,26.889642916893905],[-98.00679534255916,26.695078985952602],[-97.85052419638713,26.679978749229623],[-97.7552440346248,26.78540285243552],[-98.0600032909631,27.538289484732932],[-97.99917000204148,28.180939315661778],[-98.07001549126137,28.23428772140694],[-98.17283368941233,28.233053433544434],[-98.23235674842248,28.157323773707528],[-98.1847207651151,27.80371131117802]],[[-88.72178144360814,44.807477328051675],[-88.41808287031533,44.78867852457037],[-88.27910004209802,44.863365920274525],[-88.28234453519799,44.93040363309638],[-88.45405152034594,45.0665912052711],[-88.69934899636516,45.090064317014445],[-88.95945419478686,44.98867742513367],[-88.90190521348114,44.876733647139744],[-88.72178144360814,44.807477328051675]],[[-95.3666530708895,48.07077549703677],[-94.71944434859057,48.49448795913856],[-94.75386994116242,48.59051478379269],[-95.40007473050034,48.68781123310596],[-95.93674772833661,48.666815495344146],[-96.12557739194844,48.60422158339498],[-96.13157174510026,48.43743626275722],[-95.6346442160122,48.188932911095996],[-95.56644598740755,48.05099482382316],[-95.3666530708895,48.07077549703677]]],[[[-131.59728295388112,55.1229174944533],[-131.53304209158844,55.03659348953318],[-131.60335109910577,54.99639212688433],[-131.64900541667274,55.03473364304954],[-131.59728295388112,55.1229174944533]]],[[[-132.80557593766963,54.93031377228769],[-132.63264804662646,54.89130088800014],[-132.63168671909975,54.83639213500157],[-132.71443514577493,54.84747763453897],[-132.6100192048215,54.763336870978556],[-132.80376011509375,54.8679968774905],[-132.80557593766963,54.93031377228769]]],[[[-131.8250309939252,55.41730197725338],[-131.6845890042162,55.23810277870896],[-131.77113687615724,55.261723371889325],[-131.71222265369948,55.18943868182591],[-131.74655490730945,55.12896046637046],[-131.86932721792368,55.312180359172444],[-131.8250309939252,55.41730197725338]]],[[[-132.8339116277443,55.20055836509461],[-132.68800703781528,55.12451621127482],[-132.7300144819832,55.10722799719743],[-132.68945657922066,55.02083655444496],[-132.89320721852553,55.036076240078046],[-132.80723921551305,55.09333867317686],[-132.89732714344018,55.15472858373764],[-132.8339116277443,55.20055836509461]]],[[[-132.90278982109805,55.22694843187639],[-132.88502856556534,55.172489816315284],[-132.95149586286718,55.18343417304621],[-132.90278982109805,55.22694843187639]]],[[[-133.21448114660896,55.2450033487155],[-133.1222112477523,55.26331009441367],[-133.13225150624822,55.20417084096929],[-133.05891774273388,55.169171004650124],[-133.1128117853018,55.15528168392459],[-132.97111861582817,55.063934963269126],[-133.0794560451528,55.0997282530282],[-133.0068241809476,55.05181948051603],[-133.0830876138555,55.044777538919135],[-132.95468487799235,55.01606051620531],[-132.98447000793664,54.94778124494806],[-132.74913362352842,54.81928320099219],[-132.79223970298787,54.80806035639748],[-132.72056913597427,54.74445028944459],[-132.7755770776472,54.746117303741315],[-132.66243311435784,54.673710551866556],[-132.87454557571579,54.701023753721316],[-132.82332183594184,54.75083607847927],[-132.97696262296128,54.80500475699],[-132.9163394639613,54.84570758568146],[-133.00282628236448,54.82831255380051],[-133.08913003609544,54.907719280424566],[-133.0166202709561,54.92670122345327],[-133.16542400656638,54.94769729648455],[-133.14662519760702,54.99750198678615],[-133.2238957386474,55.05670607621204],[-133.1722447339394,55.05972350952135],[-133.23860523206275,55.09991515008195],[-133.11220141885292,55.12170853436616],[-133.23219655082855,55.12671339921305],[-133.18281910926345,55.136723171706166],[-133.24225211182483,55.168339374658096],[-133.17909597373384,55.1588789348171],[-133.23947501976275,55.18361723686641],[-133.15726065988238,55.19472564741743],[-133.21448114660896,55.2450033487155]]],[[[-133.3819158977994,55.33728466614095],[-133.3078192074226,55.33227979485211],[-133.33836728271535,55.2781644940973],[-133.20434932251192,55.27460921523625],[-133.27225091457905,55.21362364094239],[-133.45279292726664,55.215836140868504],[-133.47140867510927,55.26919612280777],[-133.40170652649832,55.28585110028984],[-133.46931823984266,55.31531199759719],[-133.3819158977994,55.33728466614095]]],[[[-133.2818793134764,55.444985027524126],[-133.2298163149894,55.43591749996363],[-133.32558047236844,55.40750562143358],[-133.2818793134764,55.444985027524126]]],[[[-133.58668890979843,55.43139321792407],[-133.45924746687257,55.37891063194288],[-133.59891117350284,55.36833627104781],[-133.6133001550982,55.23692757882874],[-133.69195925594315,55.31631904557648],[-133.58668890979843,55.43139321792407]]],[[[-132.17213813880147,55.802490983436435],[-131.9456111071571,55.58536122611319],[-131.95556998657693,55.5036171133464],[-132.18667967158385,55.589611801162796],[-132.28708259208184,55.761254089813455],[-132.17551029905863,55.73031691037105],[-132.17213813880147,55.802490983436435]]],[[[-133.51333994534946,55.52727182893092],[-133.42830267066032,55.45032176886644],[-133.62324898027285,55.45050484567354],[-133.51333994534946,55.52727182893092]]],[[[-133.39668650609707,55.56361446642457],[-133.27977362604236,55.50347959537938],[-133.36391057513936,55.45083676224006],[-133.4561347409621,55.530888170223605],[-133.39668650609707,55.56361446642457]]],[[[-133.7256049958438,55.55749945930423],[-133.5870093758032,55.503914427604634],[-133.66528694297875,55.43838936199559],[-133.82612985528746,55.43694738312712],[-133.7256049958438,55.55749945930423]]],[[[-132.40145828473294,56.10629301069664],[-132.24739454860696,55.921696447633934],[-132.44990923622424,55.95612024679113],[-132.37659078136343,56.03276515378757],[-132.4749947158691,56.0167281528579],[-132.47331897601663,56.12922947076444],[-132.40145828473294,56.10629301069664]]],[[[-133.29751978091605,55.90713178141763],[-133.224414895398,55.86516630849833],[-133.26001361275857,55.772099134628846],[-133.3622475437801,55.84500561359785],[-133.29751978091605,55.90713178141763]]],[[[-133.62779627206453,55.8327832851913],[-133.31059651438707,55.795525182278666],[-133.41612628590087,55.74000606323217],[-133.54610068156907,55.77753122163033],[-133.48724750577878,55.732391918673244],[-133.53200152038235,55.69269235701649],[-133.70071800880532,55.78031592848064],[-133.62779627206453,55.8327832851913]]],[[[-133.49112335692558,55.99333628198584],[-133.37450041937765,55.99224529620277],[-133.4483224210723,55.93091258272583],[-133.49112335692558,55.99333628198584]]],[[[-132.6974881732762,56.20047802296549],[-132.47679243983183,56.130336937890135],[-132.47053917791922,56.07892297716598],[-132.5894662292939,56.158337327601096],[-132.53445824149279,56.055561762193996],[-132.61500941030025,56.08313438251382],[-132.64224632971096,56.03305884756253],[-132.72227873736807,56.14297552185832],[-132.66382230717383,56.13602896721268],[-132.6974881732762,56.20047802296549]]],[[[-133.05719392687928,56.12327637718249],[-132.9805489927063,56.0625044459649],[-133.06224455628248,56.057781839614215],[-133.05719392687928,56.12327637718249]]],[[[-133.87057893693012,55.93671467681974],[-133.8439065394446,55.86750462823976],[-133.90668119351233,55.84417011618366],[-133.87057893693012,55.93671467681974]]],[[[-133.33726910846855,56.28978405585981],[-133.1458018076113,56.30042327476138],[-133.06854652100932,56.23747315156464],[-133.09279270944182,56.17639221670827],[-133.03761692483928,56.18127885108921],[-133.06929414215205,56.11249222622985],[-133.14503878587175,56.12530959849915],[-133.09502043406425,56.04694809525843],[-132.9832345354155,56.05170122264992],[-132.96941004593296,55.99754015458152],[-132.93725980323566,56.0612913783027],[-132.93057643033677,56.01222674382167],[-132.73457724972056,55.984215449972766],[-132.46944041029315,55.783085576628665],[-132.4593695635596,55.683323614774494],[-132.578906932177,55.6880614519224],[-132.44600285603622,55.66791223970356],[-132.4541815423257,55.61102365947276],[-132.38844669696778,55.669316056367094],[-132.30057126003786,55.53250576683612],[-132.1433293936906,55.47055892109853],[-132.55723942151513,55.62556145537216],[-132.57753358348342,55.560837483361745],[-132.52280029756798,55.55167077443206],[-132.66780455726115,55.48529502142217],[-132.7439153495013,55.36028356649748],[-132.55498106720438,55.50637124043851],[-132.41218930698687,55.51552653365942],[-132.2805669462429,55.44361569427485],[-132.47502496769292,55.42333673604105],[-132.5244634234331,55.36500619314799],[-132.47279713621228,55.31639169895414],[-132.50770927399864,55.371220337280825],[-132.45724847229664,55.41694712020063],[-132.39470268866094,55.41413951222328],[-132.35890552696188,55.32639385168063],[-132.36262870679036,55.40771938171698],[-132.2752263597069,55.419682283887695],[-132.1627995670429,55.3700034983114],[-132.12613266567382,55.30722503045726],[-132.17335861528989,55.29139402938455],[-132.09553877940465,55.2827194200799],[-132.15501752518225,55.23673705032253],[-132.47334642859371,55.25833963626371],[-132.2905766260209,55.24472500738899],[-132.35501445179654,55.1322257613167],[-132.27556197525874,55.24298169261711],[-132.24444927337805,55.18024137051114],[-132.15254559026064,55.21271208762081],[-132.193912146548,55.15055921938561],[-131.99721112341905,55.26639252825134],[-131.98501930698998,55.168339552583],[-132.10335120988134,55.12056045317913],[-131.9961276811668,55.107781231537246],[-132.17834816937784,55.12639311443065],[-132.08557468271061,55.037781524340865],[-132.21193271498208,55.003117352348134],[-132.2714725360559,55.050480625101955],[-132.22723728001193,54.9980590611894],[-132.31113010464617,54.98250271423919],[-132.16333346002358,54.98975447410966],[-132.2105288691114,54.917485028839614],[-131.97833590074367,55.03581315550493],[-132.06892730432523,54.95111541966578],[-131.98001433947547,54.96944886749749],[-132.02778959756176,54.93361740812962],[-131.9722475853869,54.900883499090405],[-132.1127963068977,54.89972762660318],[-131.9611849346047,54.83475953867554],[-132.0866274456918,54.8154953000301],[-131.95451682399005,54.791428393976716],[-132.02066367997548,54.784100350753846],[-132.01390399615846,54.69167023600598],[-132.16391318965483,54.74361494850737],[-132.08557453411845,54.685280608504776],[-132.1650118011512,54.69083861089713],[-132.23556848431153,54.77228238811199],[-132.3177980864104,54.72222591998194],[-132.2289004051419,54.801701334661864],[-132.3733553763262,54.80083919282144],[-132.28557156708024,54.831669588124846],[-132.36502410636308,54.87139202017428],[-132.29553558395654,54.89686276289867],[-132.40396456500687,54.929589035508194],[-132.35557893818188,54.92556072256667],[-132.4111362130966,54.96778178394251],[-132.3833194882025,55.08728480822842],[-132.4150119201546,54.90639185997467],[-132.5270572251964,54.91892312529178],[-132.4655795885824,54.991116278524636],[-132.52943760275483,54.932682737849326],[-132.61627539694217,54.96991417082542],[-132.53999670973354,54.98810265875403],[-132.5905796223828,55.03833839880144],[-132.4783512233857,55.05305551681922],[-132.568927410951,55.06948540552118],[-132.55612531131732,55.12861702872522],[-132.63641703671746,55.05443641430176],[-132.57724349526322,55.16833946888076],[-132.6566808029409,55.267876353069205],[-132.54610035022503,55.277287227152634],[-132.67000173062212,55.27588340024159],[-132.66780440544542,55.13751670207972],[-132.82667896220127,55.20195073158053],[-132.82280326301594,55.28000325197275],[-133.01614736685164,55.20306078017932],[-133.04642082131372,55.23282304477788],[-132.91723991723657,55.276947666016106],[-133.24624996909705,55.2920194886552],[-133.28226074084867,55.35028135422763],[-133.2255590894181,55.38279021194671],[-132.88441829307527,55.35500400541526],[-133.0876501593496,55.42959275200141],[-132.99557862601452,55.45251909561309],[-133.15597904518012,55.47660507177867],[-133.0816992893205,55.56028046568743],[-133.11043161575014,55.61310257515677],[-132.9393500627058,55.63199297964409],[-133.22179025377355,55.576668385610276],[-133.40614698041935,55.61639461623284],[-133.3522529654479,55.69113598732929],[-133.38714983920076,55.73511944101167],[-133.25836565176755,55.74639189022661],[-133.1322212885083,55.88038696330474],[-133.28779993878098,55.92310010629522],[-133.2436104962458,55.95673048339871],[-133.28059789750412,56.15747510505942],[-133.38002417819672,56.15722713586585],[-133.2874948665602,56.14800702633657],[-133.38272494910822,56.084492302655896],[-133.3212472865057,56.09412823694691],[-133.28779998122832,56.01556073713795],[-133.3844185884899,55.89471874422681],[-133.44221889621159,55.91333445839914],[-133.35072722311932,55.991520506328364],[-133.37611787061272,56.034489252667214],[-133.4764138870564,56.0041051754056],[-133.48828524596098,56.04691751988673],[-133.6628152509278,55.95222526549652],[-133.6378060775756,55.92000252177444],[-133.8011056557325,55.92055944382504],[-133.69748327760502,56.07101874646899],[-133.5017892919841,56.08020456614153],[-133.6245462922324,56.14238411389463],[-133.4100077053708,56.165249439341],[-133.60654094009269,56.19023186389732],[-133.5391817681501,56.285898161938746],[-133.33726910846855,56.28978405585981]]]]}},{"type":"Feature","properties":{"Outlook":"Removal","Fcst_Date":"08/31/2026","Target":"Sep 2026","AREA":445025.59,"US_PRCNT":4.77},"geometry":{"type":"MultiPolygon","coordinates":[[[[-81.52554625298286,24.669581008133797],[-81.50847166155651,24.624529422236197],[-81.63270112849845,24.589849997230896],[-81.52554625298286,24.669581008133797]]],[[[-81.07183365875714,24.709545702644235],[-81.12893969427809,24.70653208951259],[-81.03026107631605,24.737156489104617],[-81.07183365875714,24.709545702644235]]],[[[-80.96490003519467,24.74870167521834],[-81.0258665433003,24.720295523496098],[-80.93516064716884,24.77708875234095],[-80.96490003519467,24.74870167521834]]],[[[-81.08844286979757,25.278025385088366],[-80.94069700733178,25.138135222366316],[-81.14171131414096,25.158404076617366],[-81.08343035202596,25.142826758366716],[-81.16951283773268,25.223692636918415],[-81.14377125624894,25.325981863338278],[-81.08844286979757,25.278025385088366]]],[[[-81.14815785171322,25.57154784817815],[-81.05553646966703,25.35420369091564],[-81.1453886890031,25.384011052998947],[-81.20894156685684,25.50679855867213],[-81.14815785171322,25.57154784817815]]],[[[-81.19685452400141,25.68302216731486],[-81.15180387690864,25.581853657659902],[-81.21800991553248,25.55336238321443],[-81.28923903155366,25.67808957505504],[-81.19685452400141,25.68302216731486]]],[[[-81.39321350979206,25.822069890003004],[-81.34204292975157,25.78787673716076],[-81.44291152445811,25.821926822765473],[-81.39321350979206,25.822069890003004]]],[[[-82.02086378825396,26.966711684787008],[-82.07376179272917,26.953914834854167],[-81.98898035431039,27.021622009115625],[-82.02086378825396,26.966711684787008]]],[[[-90.09901987602413,29.322415844274953],[-90.09904494572957,29.32090852693542],[-90.10085871502909,29.324748733320543],[-90.09901987602413,29.322415844274953]]],[[[-90.04977212628705,29.448306605410753],[-90.0410059432214,29.2913851845772],[-90.133414927139,29.46176967877452],[-90.04977212628705,29.448306605410753]]],[[[-91.89420164596093,29.633710411078624],[-91.70197899695259,29.56825401274415],[-91.82115779638735,29.47081136079536],[-92.03392641223925,29.575381765450334],[-91.89420164596093,29.633710411078624]]],[[[-89.42918938763971,29.723313933399815],[-89.45850152712886,29.66384278938048],[-89.48240442910317,29.716983440349964],[-89.42918938763971,29.723313933399815]]],[[[-89.48471613957585,29.794910093152236],[-89.41836327457453,29.73593867706743],[-89.4872338377919,29.734483367552137],[-89.48471613957585,29.794910093152236]]],[[[-88.82079079351463,29.963401515305435],[-88.87000039253815,29.742408422427392],[-88.83896401826559,30.004607883595718],[-88.82079079351463,29.963401515305435]]],[[[-89.24845662751216,30.108575559817513],[-89.286245026172,30.03838129871838],[-89.31976096689483,30.067439760726476],[-89.24845662751216,30.108575559817513]]],[[[-89.17967740908847,30.37788682182991],[-89.28748099973015,30.303350228820733],[-89.27000968407026,30.364536079705626],[-89.35520715646213,30.36918428651266],[-89.32656639899203,30.310916681340853],[-89.44062587305199,30.187104928704013],[-89.6168801933629,30.180062990239875],[-89.71748903973281,30.02336091105894],[-89.85815222418053,30.00312584034275],[-89.64038635054374,29.86454930935488],[-89.57996916435576,29.99585312757718],[-89.42822046833949,30.055810649585304],[-89.47962733865778,29.960159000408574],[-89.38087242942521,29.96836441934181],[-89.45821162141162,29.931367567121193],[-89.39053124183337,29.87924544172323],[-89.44170160531655,29.8962532719455],[-89.42640466211648,29.81351437791021],[-89.34207693956142,29.77935185159661],[-89.41527336985125,29.754205359539558],[-89.51810238130814,29.850032479571666],[-89.5428292540821,29.80558933851717],[-89.45803614035275,29.810445452131123],[-89.52699062373948,29.742082245236066],[-89.6340997249609,29.793445244606207],[-89.66982818725312,29.747325542988325],[-89.48260278930432,29.622592550325006],[-89.70599152557912,29.703027360128583],[-89.62193845924673,29.61088142302927],[-89.78208712319898,29.60528144105187],[-89.51697321467083,29.458215300345582],[-89.55931636284055,29.39433436448942],[-89.33126606873687,29.3890948839334],[-89.40318838930528,29.359328791884742],[-89.26599657852293,29.34466318930946],[-89.26881182351038,29.27867654140295],[-89.1988121124633,29.352885773101697],[-89.11585767913766,29.253858120233797],[-89.15083083048371,29.18076468853246],[-89.02448039413179,29.21648171076833],[-89.1097770459224,29.156005391323895],[-89.02663951078634,29.14358092227557],[-89.0627570713735,29.068227281697737],[-89.15406569312718,29.140000824158967],[-89.10693890807109,29.091243261437302],[-89.17708357886599,29.044129830295407],[-89.14507062784703,28.977801767540072],[-89.25601731901253,29.113259787372353],[-89.411107685659,28.918109363793008],[-89.27381670263448,29.149875166473834],[-89.31385577457948,29.115363591544437],[-89.32991565710404,29.17992163449658],[-89.31653369258166,29.11266469261764],[-89.40587392624789,29.08598659850237],[-89.46340721228819,29.24994995123628],[-89.66692899769843,29.284318467828456],[-89.61018154534123,29.274629136173758],[-89.64948056813341,29.293195270932934],[-89.60096523870119,29.380858942399147],[-89.69119048646354,29.46676021862329],[-89.73250366929292,29.470191538501084],[-89.6158120423599,29.326091321047564],[-89.82896212383805,29.309411546854147],[-89.75725342725897,29.36376718222976],[-89.83241824444251,29.397964041349482],[-89.821599762607,29.46747928511219],[-90.14178824404082,29.51920881197369],[-90.15051925828395,29.57900831909716],[-90.05205423230854,29.713114331420286],[-89.80081115954465,29.7139935480343],[-89.92185931480249,30.029880598186256],[-89.91693048653376,30.360650465802674],[-89.79270907240591,30.55792014128957],[-89.16191895377501,30.70064144604347],[-89.06892747741409,30.57539015418036],[-89.17967740908847,30.37788682182991]]],[[[-94.04865237258382,30.464864036481767],[-93.83256846209402,30.399869878842406],[-92.74780179623374,30.42299967842919],[-92.20593488555585,30.597626115763685],[-92.555282799774,30.257241833667873],[-92.37915089561136,30.12460407863774],[-92.19845019075704,30.14516416511702],[-91.99472694561915,30.077257899592965],[-91.75830646805261,29.925524546297],[-91.66524566580668,29.743783237298175],[-91.87985075430042,29.709350152394766],[-91.82668912337617,29.813039370416924],[-91.94882050473899,29.83687741454349],[-92.14252324881187,29.716365373740537],[-92.13343663957856,29.76451640058162],[-92.2052445195348,29.754008812361842],[-92.10035557317579,29.696448836425088],[-92.10656589838423,29.6121173056827],[-92.00741426070667,29.612622756387772],[-92.28259896173151,29.531262866751426],[-92.66126880311496,29.58699750081411],[-93.22959774208044,29.777387236897727],[-93.71247758226782,29.746667376112413],[-94.27943055817343,29.58906477532851],[-94.47598864771776,29.604147146183745],[-94.84294225787981,29.93563228576823],[-95.21589891331303,30.403849995808294],[-95.82638834120209,30.818826498830294],[-96.00000721558533,30.846488448586864],[-96.14802711457767,31.004818647934272],[-96.00000724153013,31.353284853761902],[-95.55369119287094,31.4157070169401],[-94.81498564115667,31.061954751414103],[-94.43512492956656,30.58423351298865],[-94.04865237258382,30.464864036481767]]],[[[-81.43676315349263,30.702274439844004],[-81.4355637964416,30.622981743005948],[-81.48831786398576,30.641841729023074],[-81.43676315349263,30.702274439844004]]],[[[-81.40657364046547,30.948955711530797],[-81.45579849884933,30.715194822111513],[-81.50326098280296,30.88175980071396],[-81.40657364046547,30.948955711530797]]],[[[-81.59369713111056,31.624641911426348],[-81.41326402623686,31.505077014325025],[-81.19484799566385,31.4948515438294],[-81.27364667863249,31.3831503806396],[-81.34792648824146,31.447727495948207],[-81.28507551239873,31.324430731911143],[-81.48420276956573,31.36246708078776],[-81.38087021853617,31.329969670506845],[-81.39503930155533,31.263971872814192],[-81.38063370646333,31.31489970546288],[-81.26376660506594,31.26885058046072],[-81.29694787534984,31.218676114892663],[-81.33345472323309,31.26443927668336],[-81.37660627847191,31.14131162460007],[-81.43010392776822,31.222460092614718],[-81.46320756801764,31.113307660383438],[-81.55475319182015,31.22369022947154],[-81.61649794237617,31.21077360893736],[-81.53519124037236,31.18096159409393],[-81.46768580561373,31.045306525971252],[-81.53619791988723,31.06587352251662],[-81.45707320229764,31.013636768055598],[-81.6503176093149,30.978687461438714],[-81.4465287913331,30.950893577025827],[-81.51591052302204,30.88924233072375],[-81.49015367765165,30.84136596245299],[-81.58611623106518,30.8668538651742],[-81.50898302847688,30.831108238555316],[-81.49914873193835,30.729047897088083],[-81.61145345190992,30.724115488897663],[-81.48588883826116,30.678253284196263],[-81.79933581252534,30.693445110645143],[-81.90167547498002,30.568812041326993],[-81.88583566046246,30.436569097943348],[-82.16553489558295,30.332305402747618],[-82.37402913669818,30.522029707086105],[-83.19340546370147,30.604949768013512],[-83.24943256029897,30.52722445959204],[-83.28130156782738,29.85653715213318],[-83.23373797411233,29.649775023384933],[-83.04802339980732,29.515588395060213],[-82.86045134953372,29.4756252848241],[-82.36874299058123,29.586762279263368],[-82.17544335992424,29.513507093447465],[-81.94629792563339,29.068262770975515],[-81.91145792824906,28.79725316503153],[-81.77483590464725,28.460510392953665],[-81.70009831535927,28.354549037386477],[-81.50005156185551,28.314821303061844],[-81.38100282368758,28.35196321151655],[-81.3216087281731,28.45219318988382],[-81.51014837758524,28.984869821319567],[-81.35507887171973,29.180140256210834],[-81.4745809338221,29.498187899032466],[-81.45627558205035,29.989166982095984],[-81.36193448827753,30.200374677817226],[-81.28623512512549,29.917446074272142],[-81.38214427989674,30.132268891326667],[-81.31648567998378,29.829322731051466],[-81.26174475589873,29.766107461895622],[-81.28177955708843,29.908632214284264],[-81.10434495231974,29.44570909892417],[-81.1741568548235,29.126901596643787],[-81.3314428807665,28.915479288704113],[-81.3282576867339,28.83324619954515],[-81.19400611177487,28.693633740247027],[-81.1089926899199,28.386853408008825],[-81.20655366272557,28.067649635828566],[-81.1717533086798,27.82744547814233],[-81.13218926229153,27.74497501553255],[-80.68568290328034,27.598164142583965],[-80.33370379191673,27.175787676400333],[-80.3972718119368,26.988473968066486],[-80.06173076847008,26.918096509790555],[-80.02906287578456,26.805227596392236],[-80.0563911307278,26.85199746270225],[-80.09552480966741,26.178385145441602],[-80.46891969186565,26.387216036561732],[-80.48502071095345,26.703341930431428],[-80.411057386066,26.880055477834347],[-80.55560303051851,26.971892429805752],[-80.4287050168736,27.141212480700712],[-80.57018587218177,27.36786548341774],[-80.64905099992326,27.362327208584762],[-81.20542855451917,26.932117267949447],[-81.25296759689016,26.743660572477808],[-81.1632472524209,26.346459745642683],[-81.18474289408145,25.69944476152728],[-81.26560378039855,25.7770734228618],[-81.30331541866282,25.69282194950775],[-81.35006153193342,25.821430939653514],[-81.5446497916476,25.91747548718792],[-81.40656500413426,25.828890581325222],[-81.54856346344847,25.849503256915277],[-81.59700264107316,25.93259887638595],[-81.73076844700932,25.910166541324188],[-81.75261924080438,25.959254145994493],[-81.65915938590672,25.97615515549629],[-81.73404942692156,25.977364442972064],[-81.80463659793283,26.089959300594394],[-81.84281537264644,26.387514317139992],[-81.59654716524389,26.05915611185073],[-81.45320623747456,26.084372836638376],[-81.36047729896366,26.488217495004555],[-81.44504103439336,26.94400663333321],[-81.60478365308825,26.9934066423205],[-81.84933097257374,26.428245993295235],[-82.005793188991,26.52140699298113],[-81.77179418659006,26.70593661607655],[-82.00533582132508,26.536734008687],[-82.07039375022684,26.934121716559414],[-81.92477886074604,27.023333294852083],[-81.85229796474528,26.794904857675412],[-81.7904121974101,26.78257468960442],[-81.72771425789489,26.985538009285197],[-81.65170616248973,27.04223545827922],[-81.30976906022,27.059502956919143],[-81.21587070922624,27.281359636392104],[-81.25536134157835,27.40591549416935],[-81.5020749066499,27.553643111922568],[-81.90161202651748,28.010040449757067],[-82.31203198669284,28.001901114379756],[-82.5115770382825,28.263574288991027],[-82.47148241483437,28.497847103994076],[-82.64959301538565,28.540248443574512],[-82.65543204466019,28.645550428464173],[-82.46061504452659,28.63251010110069],[-82.111675578859,28.344989422172542],[-81.99048596960084,28.37169463130213],[-82.00238972239461,28.85829500408594],[-82.08371634198569,29.2341810998702],[-82.43310674461421,29.376071573731547],[-82.60415519298596,29.289277444731372],[-82.74850838635332,29.033332150854786],[-82.79960223636058,29.172315316496856],[-83.03965357503226,29.174253176552657],[-83.06839351569982,29.26439640080921],[-83.15585692094017,29.29400417818713],[-83.10866910363876,29.330575690690182],[-83.15775664139126,29.31327603323907],[-83.21055970034061,29.42370391406844],[-83.3998908127604,29.51795937818139],[-83.39623633719663,29.65953045638773],[-83.54703136626514,29.72897512462158],[-83.67496872728086,29.92635332530277],[-83.98247156901796,30.10215558753391],[-84.09381899179513,30.097875525750638],[-84.02870634794435,30.257652337975657],[-84.23409471333868,30.568231801536907],[-83.84713918108595,30.6392863691699],[-83.70097269690007,30.8022969639986],[-84.23603694842076,30.78503633545897],[-84.70869181316594,30.991054904790108],[-84.62662328733435,31.17476102648368],[-84.3764954910039,31.332974153312946],[-84.04585394912753,31.32838279033659],[-84.04894225614548,31.136048871692534],[-83.84874445937014,31.042207360069153],[-82.7033807235921,31.478274708380862],[-82.27370089260317,31.85190646773916],[-82.16136689939654,32.127370063103555],[-81.71789694545267,32.048282183608066],[-81.60814658450812,31.920044099425134],[-81.59369713111056,31.624641911426348]]],[[[-107.54426614892886,31.873875737287687],[-107.55232494381521,31.784184255533535],[-107.8335015463241,31.783668976362474],[-107.8782589317868,32.314837750688774],[-108.18262489684857,32.58738624594262],[-108.34025169979192,32.83165906790033],[-108.3750583795076,33.06966090374959],[-108.28627523346981,33.227203338701905],[-108.00976047562534,33.328863796831904],[-107.7478748743843,33.298502669992665],[-107.66859513419766,33.12976552692279],[-107.54426614892886,31.873875737287687]]],[[[-114.37046657545065,36.239857040714725],[-113.75314666843906,36.36707354214202],[-113.42126410317564,36.30201788279732],[-113.2874305098385,36.227408352899076],[-113.18701332214043,36.03614714955931],[-112.96952222885348,35.83909379499973],[-112.1161440784362,35.93039992176017],[-111.89890908615274,36.00814980035442],[-111.78528799756711,36.123043974237014],[-111.51468694655723,36.19036632395304],[-111.38898061966927,36.03016509158944],[-110.77305593215836,35.61705615372371],[-110.00109491781947,35.495524898241065],[-109.71099959887665,35.14717958345121],[-109.3144914251394,35.04168695147875],[-108.98037140060899,35.10467537741381],[-108.48706260885535,35.330821701262266],[-108.19231764453536,35.591159351812415],[-108.08962063924758,35.832409568129364],[-107.8355276365089,35.99507116861744],[-107.59883803938872,35.96128254197118],[-107.7920866812617,35.29582932659232],[-107.69637117823007,35.027025903884024],[-107.40973715484807,34.60895945673776],[-107.5681330524027,34.520374301313794],[-107.52774566185636,34.31107479660998],[-107.10920490580506,34.06186458151207],[-107.10100720227382,33.914400802023216],[-107.37208130321292,33.66752174315347],[-107.6337875296139,33.68957089475199],[-107.87972421305155,33.9165546436132],[-108.35277473059854,34.10976312282388],[-109.24921398598059,34.07414427522987],[-109.44295394647965,33.94165033185011],[-109.50654078139586,33.77670211737219],[-109.72981470794554,33.76113665247834],[-109.9329290414025,33.96128109382983],[-110.27475806866924,34.00630668242172],[-110.44857672482462,33.70633464297137],[-110.46809481962356,33.51372131428632],[-110.40181149648188,33.404199889046374],[-109.97481172127331,33.15114924251267],[-109.49137734101623,33.17314349551654],[-109.23215147016349,33.09628115476983],[-109.09367914598954,32.9679284464084],[-108.8201325197046,32.17373544608002],[-108.88571316973204,32.00550175585289],[-108.85100256640828,31.3328397515405],[-108.92822984010903,31.50440641786392],[-108.99289649989144,32.057519128147526],[-108.92823798149014,32.27294599674088],[-109.08614007619339,32.53951162441084],[-109.32684854153642,32.72717469672646],[-109.62263522622676,32.83374802264423],[-110.36859220209043,32.88677842728053],[-110.67032401164447,32.822354263224774],[-110.87711744159272,32.66216912280156],[-110.95388534409258,32.41804318720644],[-111.32738604205014,32.11181983488761],[-111.4481522282578,31.8964816391112],[-111.87701149191852,31.847876084625344],[-111.95545461722082,31.611825845417307],[-112.23388816738264,31.699346621375657],[-111.80660523797499,32.21024950137218],[-111.68714903297621,32.75864381762151],[-111.72736757552379,33.08945299060911],[-111.83493342570911,33.299301245023265],[-111.98358017924215,33.484948667438616],[-112.45431314705785,33.804287532968594],[-112.79310163703074,33.850966897523236],[-113.10216194419344,33.807469165469485],[-113.30864723034603,33.65635008863203],[-113.36779598443489,33.0965448529891],[-113.18267013791396,32.629140885595014],[-113.25544357155414,32.015825679017745],[-114.81340902614743,32.49469836363638],[-114.80900195453438,32.616486635921255],[-114.71921160096117,32.71804915355686],[-115.1634728197268,32.68730789864536],[-115.51930296301609,33.17569908766848],[-115.92462509311945,33.52068998852364],[-115.97325271785073,33.97829345762047],[-115.3743812952944,35.08922430026522],[-114.45470171822227,36.26706654816265],[-114.37046657545065,36.239857040714725]],[[-112.41124701253386,34.26744626338696],[-112.17808664095836,34.242750092152335],[-111.95356739937893,34.31902012530981],[-111.87245947486855,34.488050404731844],[-111.88839556123675,34.8027729050342],[-111.78828992615576,34.93677229443692],[-111.63646599633442,34.984097288088556],[-111.39528885374501,34.86555728801996],[-111.27041365867531,34.62982480268575],[-111.143553343917,34.133552061099635],[-110.74994250129535,33.96768293269918],[-110.61860142182437,34.05794039945094],[-110.52551399924698,34.301596041888054],[-110.44047775675507,34.980947692412464],[-110.51169897433155,35.1863538795674],[-110.69304113288096,35.360180022746356],[-111.06765176233547,35.51054713416595],[-111.52202880817981,35.584835405608345],[-112.3904974192156,35.46364441371744],[-113.0468599173582,35.509423668530886],[-113.45850710967184,35.14872387782168],[-113.56888269733992,34.862012181721354],[-113.54433751636397,34.69736481274342],[-113.37656208259882,34.50657173728698],[-112.41124701253386,34.26744626338696]]],[[[-107.92268907738536,37.74847832751879],[-108.01183314713869,37.66023227830589],[-108.30269357151296,37.73879715568154],[-108.55998609943428,38.021814120976714],[-108.55614777387191,38.17343240048682],[-108.3808641126265,38.23708257880713],[-108.23315205287646,38.16506539542889],[-107.92268907738536,37.74847832751879]]],[[[-112.02322082672951,36.779396408809355],[-112.11487048633415,36.70908983713226],[-112.1938923990615,36.73244138371102],[-112.30302316615357,37.05337130395283],[-112.59352346126623,37.174417901859286],[-112.62096272495546,37.27034723141615],[-112.61987021609991,37.844472570522754],[-112.37850106405674,38.16682371785222],[-111.87410297657343,38.01281132068868],[-111.72936415710664,37.80120424118002],[-111.76265831279707,37.218437870291396],[-111.95385949136084,37.06442330577435],[-112.02322082672951,36.779396408809355]]],[[[-75.94461254319333,38.79080979780434],[-75.99754493772411,38.70541937572877],[-76.17600910697671,38.67714710786969],[-76.08973130059202,38.767162479470784],[-76.197687261315,38.670894755671554],[-76.2386723843569,38.72118010389104],[-76.20683744724307,38.777727073086126],[-75.94461254319333,38.79080979780434]]],[[[-75.90330698981484,38.81657426998224],[-75.90419850112968,38.81610250763516],[-75.90330310379437,38.81675887233523],[-75.90330698981484,38.81657426998224]]],[[[-75.39278591680599,39.19816997727625],[-75.60126967129936,39.15803346291554],[-75.76975279885582,38.896332873073014],[-75.65071688320735,38.81666956179349],[-75.54362670744227,38.863521422443355],[-75.5949614094932,38.905019609955744],[-75.54631881536194,39.03632843889618],[-75.40612254629188,39.129830845963106],[-75.32435784493325,39.012710805050396],[-75.44172219028559,38.94427243915612],[-75.4300332899464,38.77016327133661],[-75.34638160633874,38.69279336413408],[-75.06919586842692,38.70041299827368],[-75.06434438764411,38.62454688636096],[-75.13407700588853,38.6963817800479],[-75.12195418669309,38.64694305540964],[-75.17788562201964,38.65707490374622],[-75.08849158747195,38.62553488327529],[-75.27943398426851,38.596111888447204],[-75.18585125994124,38.58820400786712],[-75.19721945511156,38.54245792464337],[-75.05731772254902,38.61772236019145],[-75.06292845816807,38.38024402619428],[-75.09231514533147,38.46737301147001],[-75.09783926359955,38.3959808678183],[-75.1919253208901,38.42996983425464],[-75.12978776166554,38.37727525922545],[-75.62279514347803,38.42216488387498],[-75.89457580456106,38.2321532162781],[-75.82522009180188,38.46106730292628],[-75.89090133698053,38.35374309062882],[-76.24990737662142,38.421692837654334],[-76.21364338945756,38.53477696691834],[-76.12814530116056,38.54458247639045],[-76.20226818531931,38.55128170896307],[-76.01352124295494,38.567279933953],[-75.87776659533601,38.675696876132456],[-76.00551038578351,38.72945800701863],[-75.83938520085529,38.88302903862776],[-75.89928289916428,38.94073781602807],[-75.90999775125529,39.204539683227026],[-75.43043850791776,39.29422450831911],[-75.39278591680599,39.19816997727625]]],[[[-106.12488675797427,40.52689662419056],[-106.33754513367973,40.532960492680715],[-106.47852788311643,40.645006565145195],[-106.48480065842308,40.79045543901875],[-106.43212381368838,40.83711722020929],[-106.12488675797427,40.52689662419056]]],[[[-74.02601002295835,40.081562536763144],[-74.0926833051916,39.76942105346828],[-74.05560445274222,40.05764437914842],[-74.12232352872086,40.05151415722934],[-74.06353902419187,40.03772021105103],[-74.13025810014891,40.02705049864815],[-74.11211538873958,39.9390377862161],[-74.18228295280414,39.943771823900875],[-74.1002135284476,39.92222641238192],[-74.18477775625163,39.78373761223716],[-74.15400076505306,39.710216938006965],[-74.58651104854862,39.45732912692584],[-74.72030240715885,39.282413261942565],[-75.15096181513238,39.18439941659977],[-75.39389981814466,39.35752898774942],[-74.71308449336271,39.382433833609326],[-74.71462638181954,39.47268769133002],[-74.85763899689398,39.55768199432969],[-74.61987817118961,39.66359344646416],[-74.66387324631027,39.722228055446],[-74.51244794999266,39.80641336414217],[-74.58340839992725,39.92826338254713],[-74.51748855620929,40.011836305262555],[-74.38623662503777,40.09636033795464],[-74.02601002295835,40.081562536763144]]],[[[-75.46876208715376,40.45906495972567],[-75.29946388557917,40.32718327050809],[-75.49140901010584,40.16914293592961],[-76.52150379648616,40.317941628951566],[-76.55921728888428,40.37225044213295],[-75.87366726521836,40.59219854521772],[-75.709597473366,40.58461817958742],[-75.46876208715376,40.45906495972567]],[[-76.10977497887205,40.43836570822962],[-76.15502492258517,40.36291979862845],[-76.11601224487062,40.30802768976403],[-75.691902572326,40.27162579968237],[-75.83840133558829,40.50538872367041],[-76.10977497887205,40.43836570822962]]],[[[-108.34058612516333,41.91852182806049],[-107.86087396590212,41.69614146743476],[-108.08057304025543,41.70076776406753],[-108.35384788844314,41.537996941697],[-108.51980356975727,41.52293759940358],[-108.90648684371695,41.78318612253407],[-109.00358956153117,42.105279160799],[-108.9297786105817,42.18786644013886],[-108.34058612516333,41.91852182806049]]],[[[-71.93634466009009,41.06233925196069],[-72.26152135570328,40.91387688355043],[-72.1676873385625,41.05023649730164],[-72.1009224827638,40.993542457434046],[-71.93634466009009,41.06233925196069]]],[[[-109.6468590597256,42.339553055395704],[-109.77783664640751,42.21730386658396],[-110.12465884772551,42.150624284805716],[-110.51061505299857,41.81686267777104],[-111.02242997876876,41.712686347726084],[-111.11652894338037,41.58964887579081],[-111.16359778918908,41.45311243906556],[-111.07923656430236,41.30384071897706],[-110.71096444776938,41.16108807909535],[-110.19230542360275,41.06775546566514],[-110.24095913283,40.91942823449748],[-110.38280778515913,40.85849745332137],[-110.89401485014503,40.88795589740065],[-111.7923514643072,41.565776195286624],[-111.83926361566229,42.003797646206124],[-111.52801758682041,42.14260170233507],[-111.048072963641,42.16526450839903],[-110.9889086249125,42.509944748535965],[-110.82448363368931,42.685110965895376],[-110.77343132749861,42.912379210213935],[-110.4499437274097,42.903528367376296],[-109.55200304940834,42.467276711844896],[-109.6468590597256,42.339553055395704]]],[[[-70.098676692657,41.24137541073821],[-70.20957209181849,41.29314889880646],[-70.1073992070912,41.29661646244321],[-70.098676692657,41.24137541073821]]],[[[-70.44922671751772,41.41605464690145],[-70.47167239987026,41.34679880380508],[-70.50906407685233,41.38567439011619],[-70.44922671751772,41.41605464690145]]],[[[-69.93190784297158,41.79258442966908],[-69.94930286035009,41.64659212161544],[-69.94590778517272,41.77232075318087],[-69.99627706161941,41.719792360327475],[-69.96139545522301,41.655365926783965],[-70.37314981752017,41.61872028446279],[-70.36404218068951,41.73666740786827],[-70.25973539953597,41.70898149816062],[-69.93190784297158,41.79258442966908]]],[[[-70.66694685329243,42.01239875024671],[-70.70968673485669,42.001767185459556],[-70.63061960788896,41.95125873424685],[-70.88958692178825,41.764148664252296],[-70.98561503177328,41.50888618997339],[-71.08315332087659,41.50635997345927],[-71.06909234752457,41.599366125884586],[-71.07018334709456,41.52174846549671],[-71.11605128294828,41.545498774003015],[-71.09668024147471,41.49959651355142],[-71.19987546303112,41.45398035135712],[-71.19473047282237,41.63533793392514],[-71.029758176041,41.90249831172947],[-70.92630242202056,41.99837157320497],[-70.66694685329243,42.01239875024671]]],[[[-121.98051745549694,42.0027631470903],[-123.06286325165348,41.67716149050925],[-123.06470837177186,41.51178356994407],[-123.38188107395216,41.2601140996214],[-123.50492505321776,40.94773758773735],[-123.50321677443895,40.09918437381209],[-123.61557189393984,39.91360519833875],[-123.84379957305504,39.80198670537652],[-124.11013644092151,40.10096475861503],[-124.36466835931424,40.25937386688261],[-124.36386148442483,40.36276310839972],[-124.07334580735693,40.38815002198572],[-123.94160613256673,40.487059401572196],[-123.97026107917206,40.73049505717818],[-124.1666849837919,40.807982574091135],[-124.09715894815065,40.855145719430915],[-124.19347828109103,40.818516054654104],[-124.10211826009362,41.26617991848124],[-124.00996162139896,41.232348786075825],[-123.63317710001958,41.38604680733498],[-123.35987091261813,41.684474546015835],[-123.0156146705582,41.88872494789376],[-122.02440649414221,42.20799131902322],[-121.98051745549694,42.0027631470903]]],[[[-71.32974981740236,42.4094465978629],[-71.51668599183401,42.4471967783819],[-71.4318960486264,42.72705909339187],[-71.32860859694387,42.73845379110992],[-71.18107355588339,42.63428602612378],[-71.32974981740236,42.4094465978629]]],[[[-68.21015142150296,44.25840525647575],[-68.2125903416633,44.25634780465568],[-68.21199925733879,44.25974475258354],[-68.21015142150296,44.25840525647575]]],[[[-71.98327054892951,44.376884923417805],[-72.11925661111536,44.33645818194282],[-72.36281500584808,44.48187775038431],[-72.4202166881317,44.68755044887692],[-72.30072928379533,45.003514184908866],[-71.77504285350419,45.00113378655994],[-71.70284054913925,44.74805176831308],[-71.78055199051981,44.54379847378115],[-71.98327054892951,44.376884923417805]]],[[[-68.24021888465774,44.42223508927701],[-68.1727368634579,44.34432751433125],[-68.20475161863921,44.301370843888584],[-68.33041682839615,44.432788376199305],[-68.24021888465774,44.42223508927701]]],[[[-122.08760885608466,45.58339254169925],[-121.63338026415893,45.08880418036117],[-121.86772671920363,45.087140625759986],[-122.5659167809276,44.76682169183841],[-123.10514865898129,44.79727354853378],[-123.32150914720431,44.739944272770096],[-123.73231136451858,43.786371334589134],[-124.00933651528267,43.422184173557476],[-124.3126363690448,43.300527019037965],[-124.24935818345092,43.42165892922877],[-124.16607569004532,43.362527311385165],[-124.194434172625,43.46784347702539],[-124.33540249602564,43.35860578616012],[-124.13786988203644,43.73409029380588],[-123.91392421901757,43.66534946670666],[-124.13555054871875,43.750104394089284],[-124.20319275692569,43.67668671966156],[-124.1357260743011,44.015363198547504],[-124.10614689726054,43.961465340661704],[-124.02295597209348,43.987863055416724],[-124.11217412090066,43.967229347974154],[-124.13809118856959,44.02395771175074],[-124.08571546295265,44.41896964136683],[-124.00035015413442,44.414399642277786],[-124.08366315739114,44.428605567410074],[-124.06786271534223,44.61476662074848],[-123.94959181835162,44.586381468640965],[-124.06577989213436,44.62394859779116],[-124.06426983951731,44.75140579677991],[-123.2644530991139,45.14585123756484],[-122.08760885608466,45.58339254169925]]],[[[-68.89320587708687,46.20292056377388],[-68.60988008891961,46.13079992186302],[-68.39001723038545,46.33111630460912],[-68.06664415864888,46.406777168797646],[-67.7814661842843,46.39252660334771],[-67.75350157876836,45.91717707991408],[-67.81829803599436,45.69405158139352],[-67.44820360465464,45.60114462326493],[-67.41860916744699,45.50388127110885],[-67.50480609571687,45.486577798580925],[-67.42157699646889,45.378221305880466],[-67.4898829838533,45.283963932872986],[-67.43959762227543,45.1897370801034],[-67.34548900494543,45.122388590429324],[-67.28254648184534,45.18234801436988],[-67.1598199976291,45.15149092622187],[-67.04510406557408,44.95945380926046],[-67.16566537613272,44.936950820296495],[-67.13420046841081,44.886296940151766],[-67.21189967835619,44.91931516965524],[-67.15994967948872,44.81636208160165],[-67.10303438122638,44.89499063759949],[-67.05132995368166,44.83399361851313],[-67.05570923128683,44.90526743542471],[-66.95400173405714,44.81702584485471],[-67.10928873303786,44.72075665954895],[-67.57567029491577,45.0295041102255],[-67.73060269568691,45.01965039392091],[-67.88871821038558,44.909614197930445],[-67.97403962864047,44.74371373286312],[-68.05659455052377,44.33352810782065],[-68.09693118043526,44.47059020458468],[-68.18717931843487,44.47162398477243],[-68.25411202420815,44.5550094659818],[-68.20640540521272,44.57890854946823],[-68.28926828618826,44.56386719314451],[-68.22437262944584,44.46591719587996],[-68.3203123013927,44.53620681771178],[-68.26540352643664,44.459310137416594],[-68.35017375987971,44.49577101825557],[-68.35268391133701,44.44868213167501],[-68.73264958741562,44.847381345332174],[-69.0268965254257,44.988235987471064],[-69.2208853218756,44.74883990289696],[-69.23147092298693,44.58400279207347],[-69.11605034048443,44.49972053900749],[-69.13425639536975,44.396882951250234],[-69.99914991315791,44.11758624020018],[-70.3960880793349,43.64668296228531],[-70.3820728804226,43.4669621750682],[-70.33123057720664,43.447461440625595],[-70.55785418002635,43.318913741135205],[-70.67387440632412,43.06907772279224],[-70.88630734158198,43.13021969522898],[-70.91778622867557,43.04394648471864],[-70.83808191817252,43.05266688685384],[-70.85192927754227,43.11504482777183],[-70.71404318038401,43.04470180142282],[-70.81583240782781,42.87791655975512],[-71.13671261781242,42.780019490961756],[-71.37212240669338,42.82729263608624],[-71.45452395163436,43.03517749695618],[-71.68798127185327,42.95368940187527],[-71.78991654983278,42.98843002876761],[-71.828660824849,43.08432645544608],[-71.47711645310984,43.38844868467552],[-70.94059415849951,43.554087894026765],[-70.70941361338411,43.562587996685345],[-69.76786349348386,44.7345818328931],[-69.78621307873254,44.88536403554034],[-70.13768832428315,45.17809297579832],[-70.1982247029689,45.42279221115857],[-70.13504061909588,45.576915453055456],[-69.76407074803836,45.741420900495555],[-69.67516397923691,46.56047887413862],[-69.57399279028765,46.65800390749653],[-68.86197199986053,46.97431907680175],[-68.3470473148642,47.033443587875546],[-68.15285269939415,46.97894657931797],[-68.09537293414841,46.9009916521883],[-68.12355229659511,46.831659891463815],[-68.25789167273098,46.734613933206575],[-68.78827784144202,46.60402544488181],[-68.94206769176282,46.494146006286456],[-68.89320587708687,46.20292056377388]]],[[[-122.96773497280289,47.379567910414224],[-122.91414971460887,47.38955568616106],[-123.0135864219839,47.35947656967524],[-122.96773497280289,47.379567910414224]]],[[[-122.5296322592242,47.704107160087894],[-122.49446835107486,47.609357708263694],[-122.56908383754711,47.59169565083],[-122.58881347195891,47.662725315288085],[-122.5296322592242,47.704107160087894]]],[[[-122.53684208874772,47.91258419032019],[-122.46978728952138,47.74777782328269],[-122.55914277671856,47.765352124654015],[-122.5884014913762,47.691724645538756],[-122.64998598669168,47.74510370030776],[-122.59569516793006,47.5843943168977],[-122.68174713826404,47.64933190228535],[-122.70796173260108,47.61026176813163],[-122.62132993381874,47.567903377004434],[-122.69711271199252,47.527620163564414],[-122.54310850577049,47.57654430487969],[-122.74344487056561,47.44096923144451],[-123.11270874891595,47.37460878789599],[-122.96278354391767,47.585260212943545],[-122.75418825477898,47.665662614267134],[-122.60520909073651,47.85813700588582],[-122.56230898995683,47.822862503284256],[-122.61461615601362,47.93998133884341],[-122.53684208874772,47.91258419032019]]],[[[-122.6856732488908,48.10191536976373],[-122.68645456294159,48.00936686308051],[-122.74276714991346,48.07529627279637],[-122.69962290225851,48.01929651881104],[-122.7398222058507,48.08779322190995],[-122.6856732488908,48.10191536976373]]],[[[-124.70610066011781,48.38749470477942],[-123.97830966170729,48.16476604789465],[-123.24818410899546,48.115117843220865],[-123.10154714149584,48.18710120054434],[-123.18392171716577,48.14819127737981],[-123.06511676089454,48.122297123972416],[-123.00798019280752,48.02745230771333],[-123.03715501530712,48.082235174432185],[-122.91530593966449,48.096849294202535],[-122.88095837396317,47.99051079131977],[-122.8268201950487,48.043500760305385],[-122.88455184821792,48.106599664055494],[-122.755325152526,48.14470850599909],[-122.79860670025258,48.086377962573884],[-122.61154149638823,47.8870562268093],[-122.6938931903533,47.870118960911576],[-122.77980777105746,47.687333907382175],[-122.82970401967343,47.692025979861945],[-122.8031156150711,47.85223564691323],[-122.8322370012365,47.78129371514768],[-122.86218239039515,47.82729896302752],[-122.90013859188736,47.651704619927244],[-123.15863007649443,47.352582719885895],[-123.04356787800468,47.3503884558342],[-123.15585239223479,47.31627445926052],[-123.20344921885412,47.39644538470419],[-123.17259701227871,47.56559919042858],[-123.5104171383498,47.75859175743878],[-123.56779864180167,47.87062768482238],[-124.08109139617794,47.93131939877515],[-124.06910514245777,47.821001822414544],[-123.83816101250694,47.615317788825514],[-123.88215335899126,47.454203450063716],[-124.23708417604963,47.28627744982444],[-124.32387531357679,47.36617435858071],[-124.42162322019095,47.73490681735757],[-124.67472084892673,47.96623767072861],[-124.73438277297996,48.165994295239024],[-124.66222399074418,48.329244279778635],[-124.70610066011781,48.38749470477942]]],[[[-146.05593842981344,64.00709962868967],[-147.18818273972107,63.840654914957454],[-148.37693820549424,63.88971642777728],[-148.90852572972378,63.93490314393639],[-149.21930041898148,64.23451135474326],[-148.79760726849145,64.56190650507743],[-147.4556773260375,64.46446959644302],[-146.21655164685762,64.15282949526905],[-146.05593842981344,64.00709962868967]]]]}}]}
